player_name,display_name,active,notes,id,pitcher,date,rel_speed,horz_break,induced_vert_break,original_pitch_type,new_pitch_type,new_pitcher,modified_at,pitch_key,created_at,PitchNo,Date,Time,PAofInning,PitchofPA,Pitcher,PitcherId,PitcherThrows,PitcherTeam,Batter,BatterId,BatterSide,BatterTeam,PitcherSet,Inning,Top/Bottom,Outs,Balls,Strikes,TaggedPitchType,AutoPitchType,PitchCall,KorBB,TaggedHitType,PlayResult,OutsOnPlay,RunsScored,Notes,RelSpeed,VertRelAngle,HorzRelAngle,SpinRate,SpinAxis,Tilt,RelHeight,RelSide,Extension,VertBreak,InducedVertBreak,HorzBreak,PlateLocHeight,PlateLocSide,ZoneSpeed,VertApprAngle,HorzApprAngle,ZoneTime,ExitSpeed,Angle,Direction,HitSpinRate,PositionAt110X,PositionAt110Y,PositionAt110Z,Distance,LastTrackedDistance,Bearing,HangTime,pfxx,pfxz,x0,y0,z0,vx0,vy0,vz0,ax0,ay0,az0,HomeTeam,AwayTeam,Stadium,Level,League,GameID,PitchUID,EffectiveVelo,MaxHeight,MeasuredDuration,SpeedDrop,PitchLastMeasuredX,PitchLastMeasuredY,PitchLastMeasuredZ,ContactPositionX,ContactPositionY,ContactPositionZ,GameUID,UTCDate,UTCTime,LocalDateTime,UTCDateTime,AutoHitType,System,HomeTeamForeignID,AwayTeamForeignID,GameForeignID,Catcher,CatcherId,CatcherThrows,CatcherTeam,PlayID,PitchTrajectoryXc0,PitchTrajectoryXc1,PitchTrajectoryXc2,PitchTrajectoryYc0,PitchTrajectoryYc1,PitchTrajectoryYc2,PitchTrajectoryZc0,PitchTrajectoryZc1,PitchTrajectoryZc2,HitSpinAxis,HitTrajectoryXc0,HitTrajectoryXc1,HitTrajectoryXc2,HitTrajectoryXc3,HitTrajectoryXc4,HitTrajectoryXc5,HitTrajectoryXc6,HitTrajectoryXc7,HitTrajectoryXc8,HitTrajectoryYc0,HitTrajectoryYc1,HitTrajectoryYc2,HitTrajectoryYc3,HitTrajectoryYc4,HitTrajectoryYc5,HitTrajectoryYc6,HitTrajectoryYc7,HitTrajectoryYc8,HitTrajectoryZc0,HitTrajectoryZc1,HitTrajectoryZc2,HitTrajectoryZc3,HitTrajectoryZc4,HitTrajectoryZc5,HitTrajectoryZc6,HitTrajectoryZc7,HitTrajectoryZc8,ThrowSpeed,PopTime,ExchangeTime,TimeToBase,CatchPositionX,CatchPositionY,CatchPositionZ,ThrowPositionX,ThrowPositionY,ThrowPositionZ,BasePositionX,BasePositionY,BasePositionZ,ThrowTrajectoryXc0,ThrowTrajectoryXc1,ThrowTrajectoryXc2,ThrowTrajectoryYc0,ThrowTrajectoryYc1,ThrowTrajectoryYc2,ThrowTrajectoryZc0,ThrowTrajectoryZc1,ThrowTrajectoryZc2,PitchReleaseConfidence,PitchLocationConfidence,PitchMovementConfidence,HitLaunchConfidence,HitLandingConfidence,CatcherThrowCatchConfidence,CatcherThrowReleaseConfidence,CatcherThrowLocationConfidence,SpinAxis3dTransverseAngle,SpinAxis3dLongitudinalAngle,SpinAxis3dActiveSpinRate,SpinAxis3dSpinEfficiency,SpinAxis3dTilt,SpinAxis3dVectorX,SpinAxis3dVectorY,SpinAxis3dVectorZ,SpinAxis3dSeamOrientationRotationX,SpinAxis3dSeamOrientationRotationY,SpinAxis3dSeamOrientationRotationZ,SpinAxis3dSeamOrientationBallYAmb1,SpinAxis3dSeamOrientationBallAngleHorizontalAmb1,SpinAxis3dSeamOrientationBallZAmb1,SpinAxis3dSeamOrientationBallAngleVerticalAmb2,SpinAxis3dSeamOrientationBallZAmb2,SpinAxis3dSeamOrientationBallXAmb4,SpinAxis3dSeamOrientationBallYAmb4,SpinAxis3dSeamOrientationBallAngleHorizontalAmb2,SpinAxis3dSeamOrientationBallAngleVerticalAmb1,SpinAxis3dSeamOrientationBallXAmb1,SpinAxis3dSeamOrientationBallYAmb2,SpinAxis3dSeamOrientationBallAngleHorizontalAmb4,SpinAxis3dSeamOrientationBallAngleVerticalAmb4,SpinAxis3dSeamOrientationBallXAmb2,SpinAxis3dSeamOrientationBallAngleVerticalAmb3,SpinAxis3dSeamOrientationBallAngleHorizontalAmb3,SpinAxis3dSeamOrientationBallXAmb3,SpinAxis3dSeamOrientationBallYAmb3,SpinAxis3dSeamOrientationBallZAmb3,SpinAxis3dSeamOrientationBallZAmb4,session_id,play_id,camera_slot,camera_name,camera_target,video_type,azure_blob,azure_md5,cloudinary_url,cloudinary_public_id,uploaded_at,PitchSession,Flag,CalibrationId,EffVelocity,PracticeType,Device,HitType,BatSpeed,VerticalAttackAngle,HorizontalAttackAngle
NA,NA,NA,NA,NA,NA,NA,NA,NA,NA,NA,NA,NA,NA,NA,NA,1,2026-03-03,18:04:45,1,1,"Nelson, Cade",837519,Right,TCU_HFG,"Payne, Zandt",822830,Left,ABI_WIL,Undefined,1,Top,0,0,0,Fastball,Sinker,BallCalled,Undefined,Undefined,Undefined,0,0,NA,92.6737,-2.568217,-4.509387,2495.646097,246.031933,02:15:00,5.74719,1.55383,6.35607,-22.60726,9.39229,18.90434,1.49043,-1.03002,85.15455,-6.804075,-1.096947,0.40714,NA,NA,NA,NA,NA,NA,NA,NA,NA,NA,NA,-11.08646,5.87866,-1.23488,50,5.54957,9.82972,-134.32709,-6.76217,-20.34473,27.90753,-21.38612,TCU_HFG,ABI_WIL,TCU,D1,BIG12,20260303-TCU-2,c0fa42e0-175d-11f1-89da-3b5d2295cb78,92.57867,NA,NA,7.51915,NA,NA,NA,NA,NA,NA,5cabaece-df46-4300-b3c7-55df33123daa,2026-03-04,00:04:45,2026-03-04T00:04:45Z,2026-03-04T00:04:45Z,NA,v3,5045,471223,5b1f43e35ca0421ba59ea357c474eb40,"Dallimore, Brady",834396,Right,TCU_HFG,51b757b1-0c81-4e87-8855-add69014b18c,54.1485,-135.18622,13.95377,5.74761,-6.1038,-10.69306,-1.54712,10.45603,-10.17237,NA,NA,NA,NA,NA,NA,NA,NA,NA,NA,NA,NA,NA,NA,NA,NA,NA,NA,NA,NA,NA,NA,NA,NA,NA,NA,NA,NA,NA,NA,NA,NA,NA,NA,NA,NA,NA,NA,NA,NA,NA,NA,NA,NA,NA,NA,NA,NA,NA,NA,High,High,High,NA,NA,NA,NA,NA,NA,NA,NA,NA,NA,NA,NA,NA,NA,NA,NA,NA,NA,NA,NA,NA,NA,NA,NA,NA,NA,NA,NA,NA,NA,NA,NA,NA,NA,NA,NA,NA,NA,NA,NA,NA,NA,NA,NA,NA,NA,NA,NA,NA,NA,NA,NA,NA,NA,NA,NA,NA
NA,NA,NA,NA,NA,NA,NA,NA,NA,NA,NA,NA,NA,NA,NA,NA,2,2026-03-03,18:04:58,1,2,"Nelson, Cade",837519,Right,TCU_HFG,"Payne, Zandt",822830,Left,ABI_WIL,Undefined,1,Top,0,1,0,Fastball,Sinker,BallCalled,Undefined,Undefined,Undefined,0,0,NA,92.04941,-0.286346,-2.050401,2541.945286,241.014861,02:00:00,5.81706,1.63245,6.19047,-22.8573,9.42197,15.35194,3.64772,1.01778,84.90232,-4.562969,0.719743,0.408915,NA,NA,NA,NA,NA,NA,NA,NA,NA,NA,NA,-8.42682,5.2454,-1.48512,50,5.78379,4.14681,-133.87237,-1.41894,-15.44438,26.21674,-22.56046,TCU_HFG,ABI_WIL,TCU,D1,BIG12,20260303-TCU-2,c8bf3e90-175d-11f1-89da-3b5d2295cb78,92.17671,NA,NA,7.14709,NA,NA,NA,NA,NA,NA,5cabaece-df46-4300-b3c7-55df33123daa,2026-03-04,00:04:58,2026-03-04T00:04:58Z,2026-03-04T00:04:58Z,NA,v3,5045,471223,5b1f43e35ca0421ba59ea357c474eb40,"Dallimore, Brady",834396,Right,TCU_HFG,b95672b9-862c-4b69-9a77-76200d2d120e,54.31282,-134.71432,13.10837,5.81773,-0.69441,-11.28023,-1.62626,4.64281,-7.72219,NA,NA,NA,NA,NA,NA,NA,NA,NA,NA,NA,NA,NA,NA,NA,NA,NA,NA,NA,NA,NA,NA,NA,NA,NA,NA,NA,NA,NA,NA,NA,NA,NA,NA,NA,NA,NA,NA,NA,NA,NA,NA,NA,NA,NA,NA,NA,NA,NA,NA,High,High,High,NA,NA,NA,NA,NA,NA,NA,NA,NA,NA,NA,NA,NA,NA,NA,NA,NA,NA,NA,NA,NA,NA,NA,NA,NA,NA,NA,NA,NA,NA,NA,NA,NA,NA,NA,NA,NA,NA,NA,NA,NA,NA,NA,NA,NA,NA,NA,NA,NA,NA,NA,NA,NA,NA,NA,NA,NA
NA,NA,NA,NA,NA,NA,NA,NA,NA,NA,NA,NA,NA,NA,NA,NA,3,2026-03-03,18:05:12,1,3,"Nelson, Cade",837519,Right,TCU_HFG,"Payne, Zandt",822830,Left,ABI_WIL,Undefined,1,Top,0,2,0,Fastball,Sinker,StrikeCalled,Undefined,Undefined,Undefined,0,0,NA,90.95124,-1.568044,-3.327401,2493.282157,238.864867,02:00:00,5.87657,1.39775,6.40351,-22.07517,10.97753,16.49804,2.59219,-0.29078,83.51089,-5.72599,-0.341828,0.413785,NA,NA,NA,NA,NA,NA,NA,NA,NA,NA,NA,-9.4856,6.46162,-1.16605,50,5.75373,7.01681,-132.07448,-4.29303,-16.82232,27.06925,-20.7146,TCU_HFG,ABI_WIL,TCU,D1,BIG12,20260303-TCU-2,d110c2d0-175d-11f1-89da-3b5d2295cb78,91.09183,NA,NA,7.44035,NA,NA,NA,NA,NA,NA,5cabaece-df46-4300-b3c7-55df33123daa,2026-03-04,00:05:12,2026-03-04T00:05:12Z,2026-03-04T00:05:12Z,NA,v3,5045,471223,5b1f43e35ca0421ba59ea357c474eb40,"Dallimore, Brady",834396,Right,TCU_HFG,0b20f7fc-7cef-48a2-ae45-9b822309d622,54.09978,-132.91209,13.53463,5.87665,-3.65205,-10.3573,-1.39123,7.53735,-8.41116,NA,NA,NA,NA,NA,NA,NA,NA,NA,NA,NA,NA,NA,NA,NA,NA,NA,NA,NA,NA,NA,NA,NA,NA,NA,NA,NA,NA,NA,NA,NA,NA,NA,NA,NA,NA,NA,NA,NA,NA,NA,NA,NA,NA,NA,NA,NA,NA,NA,NA,High,High,High,NA,NA,NA,NA,NA,NA,NA,NA,NA,NA,NA,NA,NA,NA,NA,NA,NA,NA,NA,NA,NA,NA,NA,NA,NA,NA,NA,NA,NA,NA,NA,NA,NA,NA,NA,NA,NA,NA,NA,NA,NA,NA,NA,NA,NA,NA,NA,NA,NA,NA,NA,NA,NA,NA,NA,NA,NA
NA,NA,NA,NA,NA,NA,NA,NA,NA,NA,NA,NA,NA,NA,NA,NA,4,2026-03-03,18:05:26,1,4,"Nelson, Cade",837519,Right,TCU_HFG,"Payne, Zandt",822830,Left,ABI_WIL,Undefined,1,Top,0,2,1,Fastball,Sinker,FoulBallNotFieldable,Undefined,Undefined,Undefined,0,0,NA,92.74205,-1.317777,-2.929862,2473.628564,244.140569,02:15:00,5.83741,1.5888,6.14805,-21.91521,10.02166,18.75391,2.79162,0.44187,85.47897,-5.416233,0.44975,0.406741,76.25306,17.034368,-150.447863,1280.392746,NA,NA,NA,NA,43.62896,NA,NA,-10.44225,5.80847,-1.37501,50,5.72552,6.10835,-134.76074,-3.82658,-19.36612,26.94978,-21.40173,TCU_HFG,ABI_WIL,TCU,D1,BIG12,20260303-TCU-2,d96cf570-175d-11f1-89da-3b5d2295cb78,92.66949,15.52433,NA,7.26308,NA,NA,NA,0.33081,2.83721,-0.50612,5cabaece-df46-4300-b3c7-55df33123daa,2026-03-04,00:05:26,2026-03-04T00:05:26Z,2026-03-04T00:05:26Z,NA,v3,5045,471223,5b1f43e35ca0421ba59ea357c474eb40,"Dallimore, Brady",834396,Right,TCU_HFG,0372c96d-913d-4cce-ad3c-215f80a2763f,54.3563,-135.62913,13.47489,5.83771,-3.13697,-10.70086,-1.58189,6.73237,-9.68306,NA,0.32813,-92.93667,10.97511,NA,NA,NA,NA,NA,NA,2.83381,32.87009,-6.11423,NA,NA,NA,NA,NA,NA,-0.50293,-52.84143,-5.7303,NA,NA,NA,NA,NA,NA,NA,NA,NA,NA,NA,NA,NA,NA,NA,NA,NA,NA,NA,NA,NA,NA,NA,NA,NA,NA,NA,NA,High,High,High,Medium,Undefined,NA,NA,NA,NA,NA,NA,NA,NA,NA,NA,NA,NA,NA,NA,NA,NA,NA,NA,NA,NA,NA,NA,NA,NA,NA,NA,NA,NA,NA,NA,NA,NA,NA,NA,NA,NA,NA,NA,NA,NA,NA,NA,NA,NA,NA,NA,NA,NA,NA,NA,NA,NA,NA,NA,NA
NA,NA,NA,NA,NA,NA,NA,NA,NA,NA,NA,NA,NA,NA,NA,NA,5,2026-03-03,18:05:45,1,5,"Nelson, Cade",837519,Right,TCU_HFG,"Payne, Zandt",822830,Left,ABI_WIL,Undefined,1,Top,0,2,2,ChangeUp,Changeup,BallCalled,Undefined,Undefined,Undefined,0,0,NA,86.31939,-3.99395,-4.21824,2104.534876,223.656621,01:30:00,5.74056,1.46055,6.78732,-21.75178,14.25001,12.63194,0.26595,-1.34464,80.31081,-8.085633,-1.918852,0.43185,NA,NA,NA,NA,NA,NA,NA,NA,NA,NA,NA,-7.93508,8.87241,-1.19118,50,5.47142,8.83433,-125.19691,-9.3355,-12.76054,22.14968,-17.90618,TCU_HFG,ABI_WIL,TCU,D1,BIG12,20260303-TCU-2,e4e3d590-175d-11f1-89da-3b5d2295cb78,87.28123,NA,NA,6.00858,NA,NA,NA,NA,NA,NA,5cabaece-df46-4300-b3c7-55df33123daa,2026-03-04,00:05:45,2026-03-04T00:05:45Z,2026-03-04T00:05:45Z,NA,v3,5045,471223,5b1f43e35ca0421ba59ea357c474eb40,"Dallimore, Brady",834396,Right,TCU_HFG,cc86aec7-1c50-4ca0-a474-6fa81a8c23d3,53.72021,-125.85337,11.07484,5.74024,-8.80481,-8.95309,-1.45861,9.21252,-6.38027,NA,NA,NA,NA,NA,NA,NA,NA,NA,NA,NA,NA,NA,NA,NA,NA,NA,NA,NA,NA,NA,NA,NA,NA,NA,NA,NA,NA,NA,NA,NA,NA,NA,NA,NA,NA,NA,NA,NA,NA,NA,NA,NA,NA,NA,NA,NA,NA,NA,NA,High,High,High,NA,NA,NA,NA,NA,NA,NA,NA,NA,NA,NA,NA,NA,NA,NA,NA,NA,NA,NA,NA,NA,NA,NA,NA,NA,NA,NA,NA,NA,NA,NA,NA,NA,NA,NA,NA,NA,NA,NA,NA,NA,NA,NA,NA,NA,NA,NA,NA,NA,NA,NA,NA,NA,NA,NA,NA,NA
NA,NA,NA,NA,NA,NA,NA,NA,NA,NA,NA,NA,NA,NA,NA,NA,6,2026-03-03,18:06:06,1,6,"Nelson, Cade",837519,Right,TCU_HFG,"Payne, Zandt",822830,Left,ABI_WIL,Undefined,1,Top,0,3,2,Fastball,Four-Seam,HitByPitch,Undefined,Undefined,Undefined,0,0,NA,92.70386,-2.785813,-4.600354,2408.404313,226.788087,01:30:00,5.79388,1.39732,6.3269,-18.5306,13.62272,13.40249,1.67375,-1.73162,84.83518,-6.29291,-2.185266,0.408117,NA,NA,NA,NA,NA,NA,NA,NA,NA,NA,NA,-8.43311,8.21469,-1.06755,50,5.58083,10.28965,-134.29559,-7.11432,-15.39287,29.22732,-17.17984,TCU_HFG,ABI_WIL,TCU,D1,BIG12,20260303-TCU-2,f1514ab0-175d-11f1-89da-3b5d2295cb78,92.357,NA,NA,7.86868,NA,NA,NA,NA,NA,NA,5cabaece-df46-4300-b3c7-55df33123daa,2026-03-04,00:06:06,2026-03-04T00:06:06Z,2026-03-04T00:06:06Z,NA,v3,5045,471223,5b1f43e35ca0421ba59ea357c474eb40,"Dallimore, Brady",834396,Right,TCU_HFG,86206080-291e-4db3-b868-b46554abb218,54.1788,-135.20198,14.61366,5.7932,-6.58154,-8.58992,-1.39406,10.76701,-7.69644,NA,NA,NA,NA,NA,NA,NA,NA,NA,NA,NA,NA,NA,NA,NA,NA,NA,NA,NA,NA,NA,NA,NA,NA,NA,NA,NA,NA,NA,NA,NA,NA,NA,NA,NA,NA,NA,NA,NA,NA,NA,NA,NA,NA,NA,NA,NA,NA,NA,NA,High,High,High,NA,NA,NA,NA,NA,NA,NA,NA,NA,NA,NA,NA,NA,NA,NA,NA,NA,NA,NA,NA,NA,NA,NA,NA,NA,NA,NA,NA,NA,NA,NA,NA,NA,NA,NA,NA,NA,NA,NA,NA,NA,NA,NA,NA,NA,NA,NA,NA,NA,NA,NA,NA,NA,NA,NA,NA,NA
NA,NA,NA,NA,NA,NA,NA,NA,NA,NA,NA,NA,NA,NA,NA,NA,7,2026-03-03,18:06:42,2,1,"Nelson, Cade",837519,Right,TCU_HFG,"Watkins, Grant",830787,Left,ABI_WIL,Undefined,1,Top,0,0,0,Fastball,Sinker,StrikeCalled,Undefined,Undefined,Undefined,0,0,NA,91.80506,-1.281567,-3.739819,2456.766839,246.072172,02:15:00,5.84142,1.60671,6.33452,-23.15084,9.84127,19.58025,2.72938,-0.21019,83.11913,-5.656896,-0.202655,0.413406,NA,NA,NA,NA,NA,NA,NA,NA,NA,NA,NA,-11.25127,5.85918,-1.3421,50,5.73693,7.8694,-133.07919,-3.70838,-19.97189,31.27184,-21.77351,TCU_HFG,ABI_WIL,TCU,D1,BIG12,20260303-TCU-2,068f8630-175e-11f1-89da-3b5d2295cb78,91.17544,NA,NA,8.68592,NA,NA,NA,NA,NA,NA,5cabaece-df46-4300-b3c7-55df33123daa,2026-03-04,00:06:42,2026-03-04T00:06:42Z,2026-03-04T00:06:42Z,NA,v3,5045,471223,5b1f43e35ca0421ba59ea357c474eb40,"Dallimore, Brady",834396,Right,TCU_HFG,c52c1a4d-4b32-4ac6-b96e-2d71279840e5,54.16657,-134.05471,15.63592,5.84202,-3.02916,-10.88676,-1.5973,8.49242,-9.98595,NA,NA,NA,NA,NA,NA,NA,NA,NA,NA,NA,NA,NA,NA,NA,NA,NA,NA,NA,NA,NA,NA,NA,NA,NA,NA,NA,NA,NA,NA,NA,NA,NA,NA,NA,NA,NA,NA,NA,NA,NA,NA,NA,NA,NA,NA,NA,NA,NA,NA,High,High,High,NA,NA,NA,NA,NA,NA,NA,NA,NA,NA,NA,NA,NA,NA,NA,NA,NA,NA,NA,NA,NA,NA,NA,NA,NA,NA,NA,NA,NA,NA,NA,NA,NA,NA,NA,NA,NA,NA,NA,NA,NA,NA,NA,NA,NA,NA,NA,NA,NA,NA,NA,NA,NA,NA,NA,NA,NA
NA,NA,NA,NA,NA,NA,NA,NA,NA,NA,NA,NA,NA,NA,NA,NA,8,2026-03-03,18:07:00,2,2,"Nelson, Cade",837519,Right,TCU_HFG,"Watkins, Grant",830787,Left,ABI_WIL,Undefined,1,Top,0,0,1,ChangeUp,Changeup,BallCalled,Undefined,Undefined,Undefined,0,0,NA,85.18289,-3.449377,-4.124186,2081.169255,254.236812,02:30:00,5.6897,1.78328,6.63849,-30.81143,7.03945,20.40907,-0.04788,-0.29823,77.94954,-9.209621,-0.411595,0.442802,NA,NA,NA,NA,NA,NA,NA,NA,NA,NA,NA,-12.10276,5.08827,-1.51227,50,5.44309,8.1831,-123.39989,-8.33171,-18.53197,26.15123,-24.3828,TCU_HFG,ABI_WIL,TCU,D1,BIG12,20260303-TCU-2,11a53380-175e-11f1-89da-3b5d2295cb78,85.12261,NA,NA,7.23335,NA,NA,NA,NA,NA,NA,5cabaece-df46-4300-b3c7-55df33123daa,2026-03-04,00:07:00,2026-03-04T00:07:00Z,2026-03-04T00:07:00Z,NA,v3,5045,471223,5b1f43e35ca0421ba59ea357c474eb40,"Dallimore, Brady",834396,Right,TCU_HFG,2d44c346-ca22-4208-a784-e2cc5317706c,53.86627,-124.21654,13.07562,5.69138,-7.57028,-12.1914,-1.77684,8.76181,-9.26598,NA,NA,NA,NA,NA,NA,NA,NA,NA,NA,NA,NA,NA,NA,NA,NA,NA,NA,NA,NA,NA,NA,NA,NA,NA,NA,NA,NA,NA,NA,NA,NA,NA,NA,NA,NA,NA,NA,NA,NA,NA,NA,NA,NA,NA,NA,NA,NA,NA,NA,High,High,High,NA,NA,NA,NA,NA,NA,NA,NA,NA,NA,NA,NA,NA,NA,NA,NA,NA,NA,NA,NA,NA,NA,NA,NA,NA,NA,NA,NA,NA,NA,NA,NA,NA,NA,NA,NA,NA,NA,NA,NA,NA,NA,NA,NA,NA,NA,NA,NA,NA,NA,NA,NA,NA,NA,NA,NA,NA
NA,NA,NA,NA,NA,NA,NA,NA,NA,NA,NA,NA,NA,NA,NA,NA,9,2026-03-03,18:07:25,2,3,"Nelson, Cade",837519,Right,TCU_HFG,"Watkins, Grant",830787,Left,ABI_WIL,Undefined,1,Top,0,1,1,Slider,Curveball,StrikeCalled,Undefined,Undefined,Undefined,0,0,NA,78.69885,1.83731,-0.464147,2570.929703,62.904996,08:00:00,5.75637,1.80093,5.70658,-50.15428,-3.6791,-10.63575,3.28945,0.48213,70.64331,-7.414375,-2.367642,0.490661,NA,NA,NA,NA,NA,NA,NA,NA,NA,NA,NA,5.16701,-1.87768,-1.75563,50,5.88025,1.35129,-114.00117,1.98307,6.63573,25.67142,-34.58543,TCU_HFG,ABI_WIL,TCU,D1,BIG12,20260303-TCU-2,208cd060-175e-11f1-89da-3b5d2295cb78,76.81966,NA,NA,8.05554,NA,NA,NA,NA,NA,NA,5cabaece-df46-4300-b3c7-55df33123daa,2026-03-04,00:07:25,2026-03-04T00:07:25Z,2026-03-04T00:07:25Z,NA,v3,5045,471223,5b1f43e35ca0421ba59ea357c474eb40,"Dallimore, Brady",834396,Right,TCU_HFG,9ddb095f-df66-4c93-b8f9-f5d0613c68a4,54.792230000000004,-115.07524,12.83571,5.767,3.43011,-17.29272,-1.80636,1.07365,3.31786,NA,NA,NA,NA,NA,NA,NA,NA,NA,NA,NA,NA,NA,NA,NA,NA,NA,NA,NA,NA,NA,NA,NA,NA,NA,NA,NA,NA,NA,NA,NA,NA,NA,NA,NA,NA,NA,NA,NA,NA,NA,NA,NA,NA,NA,NA,NA,NA,NA,NA,High,High,High,NA,NA,NA,NA,NA,NA,NA,NA,NA,NA,NA,NA,NA,NA,NA,NA,NA,NA,NA,NA,NA,NA,NA,NA,NA,NA,NA,NA,NA,NA,NA,NA,NA,NA,NA,NA,NA,NA,NA,NA,NA,NA,NA,NA,NA,NA,NA,NA,NA,NA,NA,NA,NA,NA,NA,NA,NA
NA,NA,NA,NA,NA,NA,NA,NA,NA,NA,NA,NA,NA,NA,NA,NA,10,2026-03-03,18:08:06,2,4,"Nelson, Cade",837519,Right,TCU_HFG,"Watkins, Grant",830787,Left,ABI_WIL,Undefined,1,Top,0,1,2,Slider,Curveball,BallCalled,Undefined,Undefined,Undefined,0,0,NA,78.06535,0.965862,0.542819,2573.013855,59.193059,08:00:00,5.78507,1.69342,5.2427,-54.73105,-7.07288,-14.69954,2.13206,0.97865,70.85096,-8.980511,-2.069771,0.496867,NA,NA,NA,NA,NA,NA,NA,NA,NA,NA,NA,7.45654,-3.25571,-1.7322,50,5.83359,-0.4666,-113.17303,-0.03661,9.51268,23.80525,-36.32751,TCU_HFG,ABI_WIL,TCU,D1,BIG12,20260303-TCU-2,389ec550-175e-11f1-89da-3b5d2295cb78,75.86021,NA,NA,7.21439,NA,NA,NA,NA,NA,NA,5cabaece-df46-4300-b3c7-55df33123daa,2026-03-04,00:08:06,2026-03-04T00:08:06Z,2026-03-04T00:08:06Z,NA,v3,5045,471223,5b1f43e35ca0421ba59ea357c474eb40,"Dallimore, Brady",834396,Right,TCU_HFG,38d5d751-64f4-481c-8a37-e0328452cb50,55.25942,-114.27396,11.90263,5.79643,1.64344,-18.16376,-1.70045,-0.90654,4.75634,NA,NA,NA,NA,NA,NA,NA,NA,NA,NA,NA,NA,NA,NA,NA,NA,NA,NA,NA,NA,NA,NA,NA,NA,NA,NA,NA,NA,NA,NA,NA,NA,NA,NA,NA,NA,NA,NA,NA,NA,NA,NA,NA,NA,NA,NA,NA,NA,NA,NA,High,High,High,NA,NA,NA,NA,NA,NA,NA,NA,NA,NA,NA,NA,NA,NA,NA,NA,NA,NA,NA,NA,NA,NA,NA,NA,NA,NA,NA,NA,NA,NA,NA,NA,NA,NA,NA,NA,NA,NA,NA,NA,NA,NA,NA,NA,NA,NA,NA,NA,NA,NA,NA,NA,NA,NA,NA,NA,NA
NA,NA,NA,NA,NA,NA,NA,NA,NA,NA,NA,NA,NA,NA,NA,NA,11,2026-03-03,18:08:26,2,5,"Nelson, Cade",837519,Right,TCU_HFG,"Watkins, Grant",830787,Left,ABI_WIL,Undefined,1,Top,0,2,2,Fastball,Sinker,FoulBallNotFieldable,Undefined,Undefined,Undefined,0,0,NA,91.32313,-0.249013,-3.142967,2501.322558,240.206948,02:00:00,5.84479,1.58051,6.47676,-21.15792,11.79103,18.68674,3.85261,0.24855,82.97414,-4.273945,0.243175,0.413135,47.49854,11.180579,-179.850382,2933.425138,NA,NA,NA,59.94559,44.40868,-178.512657,0.901059,-10.62544,6.56429,-1.3663,50,5.81778,6.51286,-132.58145,-1.1978,-18.81065,29.77351,-20.55302,TCU_HFG,ABI_WIL,TCU,D1,BIG12,20260303-TCU-2,44955cc0-175e-11f1-89da-3b5d2295cb78,91.23511,5.99325,NA,8.349,NA,NA,NA,NA,NA,NA,5cabaece-df46-4300-b3c7-55df33123daa,2026-03-04,00:08:26,2026-03-04T00:08:26Z,2026-03-04T00:08:26Z,GroundBall,v3,5045,471223,5b1f43e35ca0421ba59ea357c474eb40,"Dallimore, Brady",834396,Right,TCU_HFG,0abf6ad2-16ae-48df-8e81-f349f9a34a5d,54.02487,-133.48225,14.88675,5.84461,-0.57596,-10.27651,-1.57195,7.08198,-9.40533,339.4144,-2.19865,-68.34203,4.99908,-0.39626,0.14964,-0.03909,0.01864,0.00389,-0.00625,3.74015,13.50805,-20.68258,1.40443,-0.37144,0.48052,-0.78597,0.69376,-0.23311,-0.42373,-0.17847,-1.34066,0.18951,-0.06427,0.11826,-0.20918,0.18623,-0.06284,NA,NA,NA,NA,NA,NA,NA,NA,NA,NA,NA,NA,NA,NA,NA,NA,NA,NA,NA,NA,NA,NA,High,High,High,High,Low,NA,NA,NA,NA,NA,NA,NA,NA,NA,NA,NA,NA,NA,NA,NA,NA,NA,NA,NA,NA,NA,NA,NA,NA,NA,NA,NA,NA,NA,NA,NA,NA,NA,NA,NA,NA,NA,NA,NA,NA,NA,NA,NA,NA,NA,NA,NA,NA,NA,NA,NA,NA,NA,NA,NA
NA,NA,NA,NA,NA,NA,NA,NA,NA,NA,NA,NA,NA,NA,NA,NA,12,2026-03-03,18:09:08,2,6,"Nelson, Cade",837519,Right,TCU_HFG,"Watkins, Grant",830787,Left,ABI_WIL,Undefined,1,Top,0,2,2,Slider,Slider,FoulBallNotFieldable,Undefined,Undefined,Undefined,0,0,NA,79.20336,0.638592,-2.022278,2569.063587,84.658611,08:45:00,5.77902,1.73798,5.64709,-45.16294,0.20839,-13.90013,2.61153,-1.30755,72.26796,-7.644884,-4.503674,0.484799,NA,NA,NA,NA,NA,NA,NA,NA,NA,NA,NA,6.55,0.21681,-1.55677,50,5.80407,4.57438,-114.92769,-0.17883,8.65991,23.58325,-31.88741,TCU_HFG,ABI_WIL,TCU,D1,BIG12,20260303-TCU-2,5dfd6bd0-175e-11f1-89da-3b5d2295cb78,77.74851,NA,NA,6.93539,NA,NA,NA,NA,NA,NA,5cabaece-df46-4300-b3c7-55df33123daa,2026-03-04,00:09:08,2026-03-04T00:09:08Z,2026-03-04T00:09:08Z,NA,v3,5045,471223,5b1f43e35ca0421ba59ea357c474eb40,"Dallimore, Brady",834396,Right,TCU_HFG,9d7826a7-edae-41d2-8359-227795d526be,54.85753,-115.92017,11.79163,5.78335,1.16313,-15.94371,-1.74162,4.20993,4.32996,NA,NA,NA,NA,NA,NA,NA,NA,NA,NA,NA,NA,NA,NA,NA,NA,NA,NA,NA,NA,NA,NA,NA,NA,NA,NA,NA,NA,NA,NA,NA,NA,NA,NA,NA,NA,NA,NA,NA,NA,NA,NA,NA,NA,NA,NA,NA,NA,NA,NA,High,High,High,NA,NA,NA,NA,NA,NA,NA,NA,NA,NA,NA,NA,NA,NA,NA,NA,NA,NA,NA,NA,NA,NA,NA,NA,NA,NA,NA,NA,NA,NA,NA,NA,NA,NA,NA,NA,NA,NA,NA,NA,NA,NA,NA,NA,NA,NA,NA,NA,NA,NA,NA,NA,NA,NA,NA,NA,NA
NA,NA,NA,NA,NA,NA,NA,NA,NA,NA,NA,NA,NA,NA,NA,NA,13,2026-03-03,18:09:32,2,7,"Nelson, Cade",837519,Right,TCU_HFG,"Watkins, Grant",830787,Left,ABI_WIL,Undefined,1,Top,0,2,2,Fastball,Sinker,FoulBallNotFieldable,Undefined,Undefined,Undefined,0,0,NA,92.38413,-0.41167,-2.796299,2461.418635,234.075821,01:45:00,5.79237,1.79153,6.25194,-19.77198,12.28784,15.66757,3.76458,0.5162,84.97592,-4.14075,0.031481,0.407523,NA,NA,NA,NA,NA,NA,NA,NA,NA,NA,NA,-8.87138,6.77729,-1.59112,50,5.75185,5.9163,-134.28722,-1.58118,-16.3235,26.99467,-19.7037,TCU_HFG,ABI_WIL,TCU,D1,BIG12,20260303-TCU-2,6c2a1d20-175e-11f1-89da-3b5d2295cb78,92.49159,NA,NA,7.40822,NA,NA,NA,NA,NA,NA,5cabaece-df46-4300-b3c7-55df33123daa,2026-03-04,00:09:32,2026-03-04T00:09:32Z,2026-03-04T00:09:32Z,NA,v3,5045,471223,5b1f43e35ca0421ba59ea357c474eb40,"Dallimore, Brady",834396,Right,TCU_HFG,b17eab86-4c98-4f47-b65a-5d4229af2cb7,54.25211,-135.13929,13.49733,5.79195,-0.95926,-9.85185,-1.786,6.43153,-8.16175,NA,NA,NA,NA,NA,NA,NA,NA,NA,NA,NA,NA,NA,NA,NA,NA,NA,NA,NA,NA,NA,NA,NA,NA,NA,NA,NA,NA,NA,NA,NA,NA,NA,NA,NA,NA,NA,NA,NA,NA,NA,NA,NA,NA,NA,NA,NA,NA,NA,NA,High,High,High,NA,NA,NA,NA,NA,NA,NA,NA,NA,NA,NA,NA,NA,NA,NA,NA,NA,NA,NA,NA,NA,NA,NA,NA,NA,NA,NA,NA,NA,NA,NA,NA,NA,NA,NA,NA,NA,NA,NA,NA,NA,NA,NA,NA,NA,NA,NA,NA,NA,NA,NA,NA,NA,NA,NA,NA,NA
NA,NA,NA,NA,NA,NA,NA,NA,NA,NA,NA,NA,NA,NA,NA,NA,14,2026-03-03,18:09:58,2,8,"Nelson, Cade",837519,Right,TCU_HFG,"Watkins, Grant",830787,Left,ABI_WIL,Undefined,1,Top,0,2,2,Fastball,Sinker,InPlay,Undefined,GroundBall,FieldersChoice,1,0,NA,91.83864,-1.144568,-2.13878,2559.528097,242.900668,02:00:00,5.77018,1.88636,6.31371,-23.6232,9.35623,16.01879,2.74636,1.25014,83.07968,-5.606132,0.759361,0.413326,72.01279,-55.953507,27.11126,NA,NA,NA,NA,2.56903,1.69489,-10.413184,0.03124,-9.0165400000000009,5.56563,-1.73701,50,5.67506,4.31581,-133.29905,-3.40999,-16.00875,32.1861,-22.2923,TCU_HFG,ABI_WIL,TCU,D1,BIG12,20260303-TCU-2,7b32d690-175e-11f1-89da-3b5d2295cb78,91.19292,2.74444,NA,8.75897,NA,NA,NA,0.87609,2.74444,-1.30942,5cabaece-df46-4300-b3c7-55df33123daa,2026-03-04,00:09:58,2026-03-04T00:09:58Z,2026-03-04T00:09:58Z,GroundBall,v3,5045,471223,5b1f43e35ca0421ba59ea357c474eb40,"Dallimore, Brady",834396,Right,TCU_HFG,db56d8aa-98b3-4969-a436-f8bedb8cffe7,54.188,-134.30646,16.09305,5.77087,-2.71225,-11.14615,-1.87993,4.81688,-8.00438,NA,0.87507,52.83652,NA,NA,NA,NA,NA,NA,NA,2.74612,-87.84898,NA,NA,NA,NA,NA,NA,NA,-1.30994,27.05092,NA,NA,NA,NA,NA,NA,NA,NA,NA,NA,NA,NA,NA,NA,NA,NA,NA,NA,NA,NA,NA,NA,NA,NA,NA,NA,NA,NA,NA,High,High,High,Low,Low,NA,NA,NA,NA,NA,NA,NA,NA,NA,NA,NA,NA,NA,NA,NA,NA,NA,NA,NA,NA,NA,NA,NA,NA,NA,NA,NA,NA,NA,NA,NA,NA,NA,NA,NA,NA,NA,NA,NA,NA,NA,NA,NA,NA,NA,NA,NA,NA,NA,NA,NA,NA,NA,NA,NA
NA,NA,NA,NA,NA,NA,NA,NA,NA,NA,NA,NA,NA,NA,NA,NA,15,2026-03-03,18:10:38,3,1,"Nelson, Cade",837519,Right,TCU_HFG,"Arias, Nick",808897,Right,ABI_WIL,Undefined,1,Top,1,0,0,Slider,Slider,BallCalled,Undefined,Undefined,Undefined,0,0,NA,79.62346,1.478988,-1.16446,2526.019021,92.010173,09:00:00,5.75947,1.66147,5.65341,-43.54325,2.06449,-8.48221,3.51092,-0.13162,71.22696,-6.58845,-2.679707,0.486061,NA,NA,NA,NA,NA,NA,NA,NA,NA,NA,NA,3.82717,1.1135,-1.55753,50,5.8581,2.69078,-115.26107,1.53441,5.01521,26.59232,-30.71489,TCU_HFG,ABI_WIL,TCU,D1,BIG12,20260303-TCU-2,9324e770-175e-11f1-89da-3b5d2295cb78,77.54675,NA,NA,8.3965,NA,NA,NA,NA,NA,NA,5cabaece-df46-4300-b3c7-55df33123daa,2026-03-04,00:10:38,2026-03-04T00:10:38Z,2026-03-04T00:10:38Z,NA,v3,5045,471223,5b1f43e35ca0421ba59ea357c474eb40,"Dallimore, Brady",834396,Right,TCU_HFG,4cd2a79e-5845-43a9-a9ee-fee2838ac2a1,54.84326,-116.37311,13.29616,5.76708,2.81885,-15.35744,-1.66567,2.48105,2.50761,NA,NA,NA,NA,NA,NA,NA,NA,NA,NA,NA,NA,NA,NA,NA,NA,NA,NA,NA,NA,NA,NA,NA,NA,NA,NA,NA,NA,NA,NA,NA,NA,NA,NA,NA,NA,NA,NA,NA,NA,NA,NA,NA,NA,NA,NA,NA,NA,NA,NA,High,High,High,NA,NA,NA,NA,NA,NA,NA,NA,NA,NA,NA,NA,NA,NA,NA,NA,NA,NA,NA,NA,NA,NA,NA,NA,NA,NA,NA,NA,NA,NA,NA,NA,NA,NA,NA,NA,NA,NA,NA,NA,NA,NA,NA,NA,NA,NA,NA,NA,NA,NA,NA,NA,NA,NA,NA,NA,NA
NA,NA,NA,NA,NA,NA,NA,NA,NA,NA,NA,NA,NA,NA,NA,NA,16,2026-03-03,18:10:56,3,2,"Nelson, Cade",837519,Right,TCU_HFG,"Arias, Nick",808897,Right,ABI_WIL,Undefined,1,Top,1,1,0,Fastball,Sinker,InPlay,Undefined,FlyBall,Out,1,0,NA,92.09447,-0.339781,-3.559883,2425.235592,257.15994,02:30:00,5.7823,1.71068,6.15637,-27.58021,5.76477,19.72182,3.16941,0.06086,82.48459,-5.523644,-0.007899,0.415611,97.79077,30.613796,-1.636321,3797.793946,109.99905,63.33223,0.33116,327.03221,326.73474,4.702598,5.281105,-11.43772,3.44575,-1.44986,50,5.74245,7.45845,-133.40318,-1.72169,-20.15219,34.66114,-26.10297,TCU_HFG,ABI_WIL,TCU,D1,BIG12,20260303-TCU-2,9e2e5fc0-175e-11f1-89da-3b5d2295cb78,90.69171,90.02045,NA,9.60988,NA,NA,NA,1.56938,3.27878,-0.03268,5cabaece-df46-4300-b3c7-55df33123daa,2026-03-04,00:10:56,2026-03-04T00:10:56Z,2026-03-04T00:10:56Z,FlyBall,v3,5045,471223,5b1f43e35ca0421ba59ea357c474eb40,"Dallimore, Brady",834396,Right,TCU_HFG,3ab1de9f-f7a3-4640-b0a1-0aa4cf36200d,54.34512,-134.5274,17.33057,5.78456,-0.87505,-13.05148,-1.70238,8.11207,-10.0761,194.883318,1.57051,123.35918,-27.32862,6.41907,-1.37801,0.27105,-0.04317,0.00441,-2e-4,3.27845,73.04915,-17.48454,1.1812,-0.11547,-0.03189,0.01548,-0.00227,1.1e-4,-0.03411,-3.49367,4.60875,-1.20444,0.21793,-0.02708,0.00219,-1.3e-4,1e-5,NA,NA,NA,NA,NA,NA,NA,NA,NA,NA,NA,NA,NA,NA,NA,NA,NA,NA,NA,NA,NA,NA,High,High,High,High,Medium,NA,NA,NA,NA,NA,NA,NA,NA,NA,NA,NA,NA,NA,NA,NA,NA,NA,NA,NA,NA,NA,NA,NA,NA,NA,NA,NA,NA,NA,NA,NA,NA,NA,NA,NA,NA,NA,NA,NA,NA,NA,NA,NA,NA,NA,NA,NA,NA,NA,NA,NA,NA,NA,NA,NA
NA,NA,NA,NA,NA,NA,NA,NA,NA,NA,NA,NA,NA,NA,NA,NA,17,2026-03-03,18:11:35,4,1,"Nelson, Cade",837519,Right,TCU_HFG,"Cardenas, Diego",830790,Left,ABI_WIL,Undefined,1,Top,2,0,0,ChangeUp,Changeup,StrikeSwinging,Undefined,Undefined,Undefined,0,0,NA,85.08191,-0.420005,-2.158057,2007.208982,257.395309,02:30:00,5.74871,1.64377,6.447,-32.61356,5.96095,20.12458,2.64471,1.33694,76.41148,-6.569134,1.493913,0.447014,NA,NA,NA,NA,NA,NA,NA,NA,NA,NA,NA,-11.13359,3.72205,-1.49832,50,5.70489,3.85768,-123.41742,-1.88658,-16.78317,29.75122,-26.56333,TCU_HFG,ABI_WIL,TCU,D1,BIG12,20260303-TCU-2,b5298d80-175e-11f1-89da-3b5d2295cb78,84.32041,NA,NA,8.67043,NA,NA,NA,NA,NA,NA,5cabaece-df46-4300-b3c7-55df33123daa,2026-03-04,00:11:35,2026-03-04T00:11:35Z,2026-03-04T00:11:35Z,NA,v3,5045,471223,5b1f43e35ca0421ba59ea357c474eb40,"Dallimore, Brady",834396,Right,TCU_HFG,d9560396-cdd6-4055-a271-d388c508de2f,54.05225,-124.39043,14.87561,5.75238,-1.01783,-13.28166,-1.63346,4.40657,-8.39159,NA,NA,NA,NA,NA,NA,NA,NA,NA,NA,NA,NA,NA,NA,NA,NA,NA,NA,NA,NA,NA,NA,NA,NA,NA,NA,NA,NA,NA,NA,NA,NA,NA,NA,NA,NA,NA,NA,NA,NA,NA,NA,NA,NA,NA,NA,NA,NA,NA,NA,High,High,High,NA,NA,NA,NA,NA,NA,NA,NA,NA,NA,NA,NA,NA,NA,NA,NA,NA,NA,NA,NA,NA,NA,NA,NA,NA,NA,NA,NA,NA,NA,NA,NA,NA,NA,NA,NA,NA,NA,NA,NA,NA,NA,NA,NA,NA,NA,NA,NA,NA,NA,NA,NA,NA,NA,NA,NA,NA
NA,NA,NA,NA,NA,NA,NA,NA,NA,NA,NA,NA,NA,NA,NA,NA,18,2026-03-03,18:11:54,4,2,"Nelson, Cade",837519,Right,TCU_HFG,"Cardenas, Diego",830790,Left,ABI_WIL,Undefined,1,Top,2,0,1,ChangeUp,Changeup,BallCalled,Undefined,Undefined,Undefined,0,0,NA,85.10892,-3.359949,-4.035039,2037.471556,253.22571,02:30:00,5.75527,1.67833,6.66205,-32.57679,5.44221,13.69182,-0.04533,-0.87927,77.69155,-9.443459,-1.543615,0.443784,NA,NA,NA,NA,NA,NA,NA,NA,NA,NA,NA,-8.5556,4.26095,-1.41225,50,5.51565,8.21691,-123.26144,-8.18274,-13.01731,27.02603,-25.69104,TCU_HFG,ABI_WIL,TCU,D1,BIG12,20260303-TCU-2,c0ae5050-175e-11f1-89da-3b5d2295cb78,84.93418,NA,NA,7.41736,NA,NA,NA,NA,NA,NA,5cabaece-df46-4300-b3c7-55df33123daa,2026-03-04,00:11:54,2026-03-04T00:11:54Z,2026-03-04T00:11:54Z,NA,v3,5045,471223,5b1f43e35ca0421ba59ea357c474eb40,"Dallimore, Brady",834396,Right,TCU_HFG,c23a494d-4f02-41fd-9fb0-81d1bcebfcf9,53.8417,-124.10091,13.51301,5.75742,-7.38474,-12.84552,-1.67376,8.62125,-6.50866,NA,NA,NA,NA,NA,NA,NA,NA,NA,NA,NA,NA,NA,NA,NA,NA,NA,NA,NA,NA,NA,NA,NA,NA,NA,NA,NA,NA,NA,NA,NA,NA,NA,NA,NA,NA,NA,NA,NA,NA,NA,NA,NA,NA,NA,NA,NA,NA,NA,NA,High,High,High,NA,NA,NA,NA,NA,NA,NA,NA,NA,NA,NA,NA,NA,NA,NA,NA,NA,NA,NA,NA,NA,NA,NA,NA,NA,NA,NA,NA,NA,NA,NA,NA,NA,NA,NA,NA,NA,NA,NA,NA,NA,NA,NA,NA,NA,NA,NA,NA,NA,NA,NA,NA,NA,NA,NA,NA,NA
NA,NA,NA,NA,NA,NA,NA,NA,NA,NA,NA,NA,NA,NA,NA,NA,19,2026-03-03,18:12:34,4,3,"Nelson, Cade",837519,Right,TCU_HFG,"Cardenas, Diego",830790,Left,ABI_WIL,Undefined,1,Top,2,1,1,Fastball,Sinker,InPlay,Undefined,LineDrive,Single,0,0,NA,91.56992,-0.695637,-2.543366,2479.536477,241.879877,02:00:00,5.83259,1.74376,6.23364,-23.52501,9.8076,16.12883,3.22973,0.73984,82.64018,-5.142239,0.368535,0.415534,104.98143,13.377693,-2.244851,2299.988481,109.71898,20.23041,-7.84664,245.72046,245.72046,-4.999408,2.224693,-9.20406,5.64866,-1.56168,50,5.76902,5.23128,-132.85462,-2.36046,-16.20838,32.36758,-22.22676,TCU_HFG,ABI_WIL,TCU,D1,BIG12,20260303-TCU-2,d84289c0-175e-11f1-89da-3b5d2295cb78,90.70852,20.87564,NA,8.92974,NA,NA,NA,1.82219,3.35195,-0.71004,5cabaece-df46-4300-b3c7-55df33123daa,2026-03-04,00:12:34,2026-03-04T00:12:34Z,2026-03-04T00:12:34Z,LineDrive,v3,5045,471223,5b1f43e35ca0421ba59ea357c474eb40,"Dallimore, Brady",834396,Right,TCU_HFG,ca7a6b6f-bac8-46f4-be76-4dffdd77c9e1,54.26815,-133.89044,16.18379,5.83318,-1.64917,-11.11338,-1.73739,5.74997,-8.10419,111.970236,1.82227,149.67386,-25.78854,4.92073,-0.86677,0.127,-0.03635,0.0113,-0.00148,3.35193,35.62601,-19.68575,1.883,-0.39406,0.10984,-0.02621,0.00407,-2.8e-4,-0.7099,-5.87746,-5.25952,2.62762,-0.48523,-0.00326,0.0119,0.00212,-8e-4,NA,NA,NA,NA,NA,NA,NA,NA,NA,NA,NA,NA,NA,NA,NA,NA,NA,NA,NA,NA,NA,NA,High,High,High,High,High,NA,NA,NA,NA,NA,NA,NA,NA,NA,NA,NA,NA,NA,NA,NA,NA,NA,NA,NA,NA,NA,NA,NA,NA,NA,NA,NA,NA,NA,NA,NA,NA,NA,NA,NA,NA,NA,NA,NA,NA,NA,NA,NA,NA,NA,NA,NA,NA,NA,NA,NA,NA,NA,NA,NA
NA,NA,NA,NA,NA,NA,NA,NA,NA,NA,NA,NA,NA,NA,NA,NA,20,2026-03-03,18:13:15,5,1,"Nelson, Cade",837519,Right,TCU_HFG,"Jones, Ryan",831552,Right,ABI_WIL,Undefined,1,Top,2,0,0,Slider,Curveball,StrikeCalled,Undefined,Undefined,Undefined,0,0,NA,78.74769,0.961313,-1.603308,2472.311446,53.097314,07:45:00,5.74717,2.05407,5.58198,-51.33759,-5.20898,-9.0443,2.36729,-0.19743,71.66661,-8.425376,-3.218315,0.488829,NA,NA,NA,NA,NA,NA,NA,NA,NA,NA,NA,4.05248,-2.43799,-1.91014,50,5.79658,3.55285,-114.21408,0.18131,5.28123,23.66879,-35.35126,TCU_HFG,ABI_WIL,TCU,D1,BIG12,20260303-TCU-2,f0c0ae00-175e-11f1-89da-3b5d2295cb78,77.10765,NA,NA,7.08108,NA,NA,NA,NA,NA,NA,5cabaece-df46-4300-b3c7-55df33123daa,2026-03-04,00:13:15,2026-03-04T00:13:15Z,2026-03-04T00:13:15Z,NA,v3,5045,471223,5b1f43e35ca0421ba59ea357c474eb40,"Dallimore, Brady",834396,Right,TCU_HFG,eae12f1b-adf5-49b3-aad4-e1dae984e0e0,54.92026,-115.2292,11.83439,5.7563,1.69747,-17.67563,-2.05767,3.32635,2.64061,NA,NA,NA,NA,NA,NA,NA,NA,NA,NA,NA,NA,NA,NA,NA,NA,NA,NA,NA,NA,NA,NA,NA,NA,NA,NA,NA,NA,NA,NA,NA,NA,NA,NA,NA,NA,NA,NA,NA,NA,NA,NA,NA,NA,NA,NA,NA,NA,NA,NA,High,High,High,NA,NA,NA,NA,NA,NA,NA,NA,NA,NA,NA,NA,NA,NA,NA,NA,NA,NA,NA,NA,NA,NA,NA,NA,NA,NA,NA,NA,NA,NA,NA,NA,NA,NA,NA,NA,NA,NA,NA,NA,NA,NA,NA,NA,NA,NA,NA,NA,NA,NA,NA,NA,NA,NA,NA,NA,NA
NA,NA,NA,NA,NA,NA,NA,NA,NA,NA,NA,NA,NA,NA,NA,NA,21,2026-03-03,18:13:33,5,2,"Nelson, Cade",837519,Right,TCU_HFG,"Jones, Ryan",831552,Right,ABI_WIL,Undefined,1,Top,2,0,1,Slider,Curveball,StrikeSwinging,Undefined,Undefined,Undefined,0,0,NA,78.40613,-0.548625,-1.48604,2662.474667,76.538356,08:30:00,5.8127,1.9012,5.4973,-48.38192,-1.05327,-12.04158,1.26749,-0.49266,70.61499,-9.40846,-3.634809,0.495146,NA,NA,NA,NA,NA,NA,NA,NA,NA,NA,NA,5.56288,0.15291,-1.76269,50,5.73223,3.4169,-113.54287,-2.69592,7.05837,26.2214,-31.98002,TCU_HFG,ABI_WIL,TCU,D1,BIG12,20260303-TCU-2,fb916310-175e-11f1-89da-3b5d2295cb78,76.12384,NA,NA,7.79114,NA,NA,NA,NA,NA,NA,5cabaece-df46-4300-b3c7-55df33123daa,2026-03-04,00:13:33,2026-03-04T00:13:33Z,2026-03-04T00:13:33Z,NA,v3,5045,471223,5b1f43e35ca0421ba59ea357c474eb40,"Dallimore, Brady",834396,Right,TCU_HFG,5ec5a7db-c3b0-4b2a-b5ad-85733aa747be,55.00338,-114.69252,13.1107,5.81969,-1.29379,-15.99001,-1.90572,3.10743,3.52918,NA,NA,NA,NA,NA,NA,NA,NA,NA,NA,NA,NA,NA,NA,NA,NA,NA,NA,NA,NA,NA,NA,NA,NA,NA,NA,NA,NA,NA,NA,NA,NA,NA,NA,NA,NA,NA,NA,NA,NA,NA,NA,NA,NA,NA,NA,NA,NA,NA,NA,High,High,High,NA,NA,NA,NA,NA,NA,NA,NA,NA,NA,NA,NA,NA,NA,NA,NA,NA,NA,NA,NA,NA,NA,NA,NA,NA,NA,NA,NA,NA,NA,NA,NA,NA,NA,NA,NA,NA,NA,NA,NA,NA,NA,NA,NA,NA,NA,NA,NA,NA,NA,NA,NA,NA,NA,NA,NA,NA
NA,NA,NA,NA,NA,NA,NA,NA,NA,NA,NA,NA,NA,NA,NA,NA,22,2026-03-03,18:14:13,5,3,"Nelson, Cade",837519,Right,TCU_HFG,"Jones, Ryan",831552,Right,ABI_WIL,Undefined,1,Top,2,0,2,Slider,Slider,FoulBallNotFieldable,Undefined,Undefined,Undefined,0,0,NA,79.86462,0.096473,-2.139933,2711.37199,81.071925,08:45:00,5.84589,1.7657,5.72566,-44.96144,0.17268,-9.78174,2.18902,-1.04359,71.90042,-8.192351,-3.889808,0.483531,79.16443,-9.394938,89.505699,NA,NA,NA,NA,15.18519,4.31333,79.810809,0.122173,4.25185,0.48992,-1.58066,50,5.82633,4.70012,-115.69571,-1.26624,5.61473,26.76236,-31.5271,TCU_HFG,ABI_WIL,TCU,D1,BIG12,20260303-TCU-2,13717290-175f-11f1-89da-3b5d2295cb78,77.95254,2.32096,NA,7.9642,NA,NA,NA,2.56523,2.32096,0.91876,5cabaece-df46-4300-b3c7-55df33123daa,2026-03-04,00:14:13,2026-03-04T00:14:13Z,2026-03-04T00:14:13Z,GroundBall,v3,5045,471223,5b1f43e35ca0421ba59ea357c474eb40,"Dallimore, Brady",834396,Right,TCU_HFG,b0df490c-4fb1-48de-ba05-6a09ad77d83a,54.77544,-116.79512,13.38118,5.85175,0.02891,-15.76355,-1.76901,4.46947,2.80737,NA,2.56518,0.99053,NA,NA,NA,NA,NA,NA,NA,2.32182,-18.99729,NA,NA,NA,NA,NA,NA,NA,0.91353,114.812,NA,NA,NA,NA,NA,NA,NA,NA,NA,NA,NA,NA,NA,NA,NA,NA,NA,NA,NA,NA,NA,NA,NA,NA,NA,NA,NA,NA,NA,High,High,High,Low,Low,NA,NA,NA,NA,NA,NA,NA,NA,NA,NA,NA,NA,NA,NA,NA,NA,NA,NA,NA,NA,NA,NA,NA,NA,NA,NA,NA,NA,NA,NA,NA,NA,NA,NA,NA,NA,NA,NA,NA,NA,NA,NA,NA,NA,NA,NA,NA,NA,NA,NA,NA,NA,NA,NA,NA
NA,NA,NA,NA,NA,NA,NA,NA,NA,NA,NA,NA,NA,NA,NA,NA,23,2026-03-03,18:14:37,5,4,"Nelson, Cade",837519,Right,TCU_HFG,"Jones, Ryan",831552,Right,ABI_WIL,Undefined,1,Top,2,0,2,Fastball,Sinker,FoulBallNotFieldable,Undefined,Undefined,Undefined,0,0,NA,91.58754,-1.710086,-3.569551,2547.255945,249.184917,02:15:00,5.89476,1.74345,6.20006,-24.83663,8.3043,18.948,2.24282,0.02291,83.46527,-6.361684,-0.153332,0.414337,69.49979,40.739273,-41.311639,3664.732855,74.27692,62.42248,-81.13524,227.65944,129.70583,-53.159727,4.139037,-10.87914,5.12571,-1.48399,50,5.75332,7.50107,-132.83135,-4.78571,-19.34133,29.76389,-23.06136,TCU_HFG,ABI_WIL,TCU,D1,BIG12,20260303-TCU-2,21ef7830-175f-11f1-89da-3b5d2295cb78,90.97048,63.26153,NA,8.12226,NA,NA,NA,1.15881,2.27967,0.01595,5cabaece-df46-4300-b3c7-55df33123daa,2026-03-04,00:14:37,2026-03-04T00:14:37Z,2026-03-04T00:14:37Z,FlyBall,v3,5045,471223,5b1f43e35ca0421ba59ea357c474eb40,"Dallimore, Brady",834396,Right,TCU_HFG,47df9e4a-8a05-464e-86d5-381660d336e2,54.30325,-133.79211,14.88195,5.89579,-4.0413,-11.53068,-1.7362,8.1254,-9.67067,137.183517,1.15693,58.07247,-13.079650000000001,4.10949,-1.77104,0.81507,-0.26866,0.04804,-0.00339,2.28209,66.46074,-20.07707,0.86503,0.45265,-0.34326,0.10858,-0.01586,8.5e-4,0.01168,-50.87426,1.086,1.52315,-1.3512,0.6675,-0.18632,0.02655,-0.00149,NA,NA,NA,NA,NA,NA,NA,NA,NA,NA,NA,NA,NA,NA,NA,NA,NA,NA,NA,NA,NA,NA,High,High,High,High,Low,NA,NA,NA,NA,NA,NA,NA,NA,NA,NA,NA,NA,NA,NA,NA,NA,NA,NA,NA,NA,NA,NA,NA,NA,NA,NA,NA,NA,NA,NA,NA,NA,NA,NA,NA,NA,NA,NA,NA,NA,NA,NA,NA,NA,NA,NA,NA,NA,NA,NA,NA,NA,NA,NA,NA
NA,NA,NA,NA,NA,NA,NA,NA,NA,NA,NA,NA,NA,NA,NA,NA,24,2026-03-03,18:15:06,5,5,"Nelson, Cade",837519,Right,TCU_HFG,"Jones, Ryan",831552,Right,ABI_WIL,Undefined,1,Top,2,0,2,Slider,Curveball,HitByPitch,Undefined,Undefined,Undefined,0,0,NA,79.9645,-1.513113,-2.30544,2488.159942,59.520014,08:00:00,5.78631,1.75901,5.89438,-52.64546,-7.68406,-15.96481,-0.00719,-1.71314,72.34223,-11.129466,-5.176802,0.482605,NA,NA,NA,NA,NA,NA,NA,NA,NA,NA,NA,7.4078,-2.99878,-1.56374,50,5.63406,5.25862,-115.83679,-4.76595,9.74853,27.97627,-36.12042,TCU_HFG,ABI_WIL,TCU,D1,BIG12,20260303-TCU-2,332e7290-175f-11f1-89da-3b5d2295cb78,78.10211,NA,NA,7.62227,NA,NA,NA,NA,NA,NA,5cabaece-df46-4300-b3c7-55df33123daa,2026-03-04,00:15:06,2026-03-04T00:15:06Z,2026-03-04T00:15:06Z,NA,v3,5045,471223,5b1f43e35ca0421ba59ea357c474eb40,"Dallimore, Brady",834396,Right,TCU_HFG,d2b7b182-b583-4d01-8d39-06609b6df622,54.60881,-116.94458,13.98813,5.79446,-3.33566,-18.06021,-1.76433,4.8726,4.87427,NA,NA,NA,NA,NA,NA,NA,NA,NA,NA,NA,NA,NA,NA,NA,NA,NA,NA,NA,NA,NA,NA,NA,NA,NA,NA,NA,NA,NA,NA,NA,NA,NA,NA,NA,NA,NA,NA,NA,NA,NA,NA,NA,NA,NA,NA,NA,NA,NA,NA,High,High,High,NA,NA,NA,NA,NA,NA,NA,NA,NA,NA,NA,NA,NA,NA,NA,NA,NA,NA,NA,NA,NA,NA,NA,NA,NA,NA,NA,NA,NA,NA,NA,NA,NA,NA,NA,NA,NA,NA,NA,NA,NA,NA,NA,NA,NA,NA,NA,NA,NA,NA,NA,NA,NA,NA,NA,NA,NA
NA,NA,NA,NA,NA,NA,NA,NA,NA,NA,NA,NA,NA,NA,NA,NA,25,2026-03-03,18:16:13,6,1,"Nelson, Cade",837519,Right,TCU_HFG,"Gray, Brady",830795,Left,ABI_WIL,Undefined,1,Top,2,0,0,Fastball,Sinker,InPlay,Undefined,LineDrive,Double,0,3,NA,93.29531,-2.241967,-3.640833,2379.133614,245.058315,02:15:00,5.76173,1.49902,6.41757,-23.05911,8.68189,16.37253,1.77373,-0.48837,84.93917,-6.582483,-0.677484,0.405491,108.73376,19.800344,25.324444,1726.341251,98.63254,35.06331,48.69894,344.09584,343.15195,28.299858,3.771112,-9.66922,5.51418,-1.24583,50,5.59066,7.94169,-135.27984,-6.03614,-17.79947,31.33854,-22.02331,TCU_HFG,ABI_WIL,TCU,D1,BIG12,20260303-TCU-2,5afeb550-175f-11f1-89da-3b5d2295cb78,92.95495,47.337,NA,8.35614,NA,NA,NA,1.5768,1.83895,0.56509,5cabaece-df46-4300-b3c7-55df33123daa,2026-03-04,00:16:13,2026-03-04T00:16:13Z,2026-03-04T00:16:13Z,LineDrive,v3,5045,471223,5b1f43e35ca0421ba59ea357c474eb40,"Dallimore, Brady",834396,Right,TCU_HFG,610897f4-bdc9-4658-942e-46f96d274b80,54.0856,-136.22302,15.66927,5.76236,-5.37332,-11.01166,-1.49291,8.47738,-8.89973,NA,1.57694,135.62181,-27.32569,6.3438,-1.41501,0.24746,-0.02656,8.5e-4,7e-5,1.83889,54.02416,-18.08384,1.57913,-0.34836,0.10565,-0.02846,0.00488,-3.5e-4,0.56517,64.18034,-8.58333,1.26119,-0.20753,0.04751,-0.01301,0.00227,-1.6e-4,NA,NA,NA,NA,NA,NA,NA,NA,NA,NA,NA,NA,NA,NA,NA,NA,NA,NA,NA,NA,NA,NA,High,High,High,High,High,NA,NA,NA,NA,NA,NA,NA,NA,NA,NA,NA,NA,NA,NA,NA,NA,NA,NA,NA,NA,NA,NA,NA,NA,NA,NA,NA,NA,NA,NA,NA,NA,NA,NA,NA,NA,NA,NA,NA,NA,NA,NA,NA,NA,NA,NA,NA,NA,NA,NA,NA,NA,NA,NA,NA
NA,NA,NA,NA,NA,NA,NA,NA,NA,NA,NA,NA,NA,NA,NA,NA,26,2026-03-03,18:17:00,7,1,"Nelson, Cade",837519,Right,TCU_HFG,"Borho, Reese",822840,Left,ABI_WIL,Undefined,1,Top,2,0,0,Slider,Slider,BallCalled,Undefined,Undefined,Undefined,0,0,NA,80.51555,2.304285,-0.703753,2565.265763,88.015695,09:00:00,5.85313,1.8809,5.89921,-42.46987,1.04736,-12.08997,4.45463,0.22,73.012,-5.564406,-2.872559,0.474791,NA,NA,NA,NA,NA,NA,NA,NA,NA,NA,NA,5.89611,0.34161,-1.81772,50,6.01494,1.91472,-116.78316,3.32046,8.06022,24.07082,-31.70703,TCU_HFG,ABI_WIL,TCU,D1,BIG12,20260303-TCU-2,7724abe0-175f-11f1-89da-3b5d2295cb78,79.38751,NA,NA,7.50355,NA,NA,NA,NA,NA,NA,5cabaece-df46-4300-b3c7-55df33123daa,2026-03-04,00:17:00,2026-03-04T00:17:00Z,2026-03-04T00:17:00Z,NA,v3,5045,471223,5b1f43e35ca0421ba59ea357c474eb40,"Dallimore, Brady",834396,Right,TCU_HFG,c6c64036-c498-494e-9bbe-d65a6a036235,54.6009,-117.72765,12.03541,5.86024,4.56459,-15.85351,-1.88664,1.59845,4.03011,NA,NA,NA,NA,NA,NA,NA,NA,NA,NA,NA,NA,NA,NA,NA,NA,NA,NA,NA,NA,NA,NA,NA,NA,NA,NA,NA,NA,NA,NA,NA,NA,NA,NA,NA,NA,NA,NA,NA,NA,NA,NA,NA,NA,NA,NA,NA,NA,NA,NA,High,High,High,NA,NA,NA,NA,NA,NA,NA,NA,NA,NA,NA,NA,NA,NA,NA,NA,NA,NA,NA,NA,NA,NA,NA,NA,NA,NA,NA,NA,NA,NA,NA,NA,NA,NA,NA,NA,NA,NA,NA,NA,NA,NA,NA,NA,NA,NA,NA,NA,NA,NA,NA,NA,NA,NA,NA,NA,NA
NA,NA,NA,NA,NA,NA,NA,NA,NA,NA,NA,NA,NA,NA,NA,NA,27,2026-03-03,18:17:32,7,2,"Nelson, Cade",837519,Right,TCU_HFG,"Borho, Reese",822840,Left,ABI_WIL,Undefined,1,Top,2,1,0,Slider,Curveball,BallCalled,Undefined,Undefined,Undefined,0,0,NA,79.94232,1.690955,0.257214,2500.540962,52.65761,07:45:00,5.81506,1.73704,5.76108,-49.83487,-5.51441,-9.18812,3.2366,1.21079,72.71487,-7.465639,-1.38974,0.479152,NA,NA,NA,NA,NA,NA,NA,NA,NA,NA,NA,4.70721,-2.7737,-1.75297,50,5.92565,-0.1539,-116.01421,1.73718,6.34977,23.77708,-35.91564,TCU_HFG,ABI_WIL,TCU,D1,BIG12,20260303-TCU-2,8a215bd0-175f-11f1-89da-3b5d2295cb78,78.66483,NA,NA,7.22745,NA,NA,NA,NA,NA,NA,5cabaece-df46-4300-b3c7-55df33123daa,2026-03-04,00:17:32,2026-03-04T00:17:32Z,2026-03-04T00:17:32Z,NA,v3,5045,471223,5b1f43e35ca0421ba59ea357c474eb40,"Dallimore, Brady",834396,Right,TCU_HFG,9ffbf166-0215-44b6-ac80-31e7a7b903cb,54.74063,-116.98177,11.88854,5.82522,3.19868,-17.95782,-1.74145,-0.41229,3.17489,NA,NA,NA,NA,NA,NA,NA,NA,NA,NA,NA,NA,NA,NA,NA,NA,NA,NA,NA,NA,NA,NA,NA,NA,NA,NA,NA,NA,NA,NA,NA,NA,NA,NA,NA,NA,NA,NA,NA,NA,NA,NA,NA,NA,NA,NA,NA,NA,NA,NA,High,High,High,NA,NA,NA,NA,NA,NA,NA,NA,NA,NA,NA,NA,NA,NA,NA,NA,NA,NA,NA,NA,NA,NA,NA,NA,NA,NA,NA,NA,NA,NA,NA,NA,NA,NA,NA,NA,NA,NA,NA,NA,NA,NA,NA,NA,NA,NA,NA,NA,NA,NA,NA,NA,NA,NA,NA,NA,NA
NA,NA,NA,NA,NA,NA,NA,NA,NA,NA,NA,NA,NA,NA,NA,NA,28,2026-03-03,18:17:49,7,3,"Nelson, Cade",837519,Right,TCU_HFG,"Borho, Reese",822840,Left,ABI_WIL,Undefined,1,Top,2,2,0,Slider,Slider,StrikeCalled,Undefined,Undefined,Undefined,0,0,NA,82.43346,-0.063799,-2.548616,2506.804869,98.473883,09:15:00,5.82259,1.65013,5.74465,-39.86632,1.5124,-1.53059,2.44094,-0.85203,75.71798,-7.380688,-2.822413,0.462977,NA,NA,NA,NA,NA,NA,NA,NA,NA,NA,NA,0.06713,1.18902,-1.43707,50,5.79291,5.38659,-119.65048,-1.47734,0.09726,23.17028,-30.45102,TCU_HFG,ABI_WIL,TCU,D1,BIG12,20260303-TCU-2,9474ca90-175f-11f1-89da-3b5d2295cb78,81.41312,NA,NA,6.71549,NA,NA,NA,NA,NA,NA,5cabaece-df46-4300-b3c7-55df33123daa,2026-03-04,00:17:49,2026-03-04T00:17:49Z,2026-03-04T00:17:49Z,NA,v3,5045,471223,5b1f43e35ca0421ba59ea357c474eb40,"Dallimore, Brady",834396,Right,TCU_HFG,b6bc0b7b-6e76-464a-ada4-01bd4a70adc4,54.75765,-120.56828,11.58514,5.82754,-0.27115,-15.22551,-1.65036,5.38274,0.04863,NA,NA,NA,NA,NA,NA,NA,NA,NA,NA,NA,NA,NA,NA,NA,NA,NA,NA,NA,NA,NA,NA,NA,NA,NA,NA,NA,NA,NA,NA,NA,NA,NA,NA,NA,NA,NA,NA,NA,NA,NA,NA,NA,NA,NA,NA,NA,NA,NA,NA,High,High,High,NA,NA,NA,NA,NA,NA,NA,NA,NA,NA,NA,NA,NA,NA,NA,NA,NA,NA,NA,NA,NA,NA,NA,NA,NA,NA,NA,NA,NA,NA,NA,NA,NA,NA,NA,NA,NA,NA,NA,NA,NA,NA,NA,NA,NA,NA,NA,NA,NA,NA,NA,NA,NA,NA,NA,NA,NA
NA,NA,NA,NA,NA,NA,NA,NA,NA,NA,NA,NA,NA,NA,NA,NA,29,2026-03-03,18:18:06,7,4,"Nelson, Cade",837519,Right,TCU_HFG,"Borho, Reese",822840,Left,ABI_WIL,Undefined,1,Top,2,2,1,ChangeUp,Changeup,InPlay,Undefined,LineDrive,Out,1,0,NA,84.28711,-0.881674,-2.184643,2119.376156,237.00365,02:00:00,5.85488,1.68161,6.50214,-27.6234,11.08516,15.04965,2.743,0.92951,76.64416,-6.104964,0.547779,0.447791,76.41597,14.847367,13.472821,1009.10791,107.11209,11.16886,25.03989,151.87219,147.30076,13.431189,1.689519,-8.58142,6.46122,-1.53498,50,5.78107,4.12178,-122.42917,-2.65654,-12.90531,26.23955,-22.45721,TCU_HFG,ABI_WIL,TCU,D1,BIG12,20260303-TCU-2,9e954270-175f-11f1-89da-3b5d2295cb78,84.17427,13.47583,NA,7.64295,NA,NA,NA,2.15656,2.78778,-0.94711,5cabaece-df46-4300-b3c7-55df33123daa,2026-03-04,00:18:06,2026-03-04T00:18:06Z,2026-03-04T00:18:06Z,LineDrive,v3,5045,471223,5b1f43e35ca0421ba59ea357c474eb40,"Dallimore, Brady",834396,Right,TCU_HFG,725558ac-48b2-4d89-abbe-6f03952a6010,54.00021,-123.28353,13.11978,5.85566,-1.92533,-11.22861,-1.67602,4.54198,-6.45266,310.563231,2.15656,105.35324,-13.19941,1.5098800000000001,-0.31846,0.05031,-0.00779,0.00135,-1.3e-4,2.78778,28.71905,-20.63476,2.01107,-0.36779,0.08285,-0.01329,0.00175,-1.5e-4,-0.94711,25.24023,-2.05508,-0.13565,0.02945,-0.01402,0.00279,-3.5e-4,3e-5,NA,NA,NA,NA,NA,NA,NA,NA,NA,NA,NA,NA,NA,NA,NA,NA,NA,NA,NA,NA,NA,NA,High,High,High,High,High,NA,NA,NA,NA,NA,NA,NA,NA,NA,NA,NA,NA,NA,NA,NA,NA,NA,NA,NA,NA,NA,NA,NA,NA,NA,NA,NA,NA,NA,NA,NA,NA,NA,NA,NA,NA,NA,NA,NA,NA,NA,NA,NA,NA,NA,NA,NA,NA,NA,NA,NA,NA,NA,NA,NA
NA,NA,NA,NA,NA,NA,NA,NA,NA,NA,NA,NA,NA,NA,NA,NA,30,2026-03-03,18:21:10,1,1,"Young, Logan",10121421,Right,ABI_WIL,"Cramer, Cole",823144,Right,TCU_HFG,Undefined,1,Bottom,0,0,0,Fastball,Sinker,BallCalled,Undefined,Undefined,Undefined,0,0,NA,87.16146,-4.248503,-2.613486,2259.646594,226.847981,01:30:00,6.43417,1.25038,5.19859,-22.12265,15.65887,15.4445,0.58279,0.07736,80.35666,-8.309611,0.122867,0.442396,NA,NA,NA,NA,NA,NA,NA,NA,NA,NA,NA,-8.47973,9.30579,-1.02043,50,6.02279,5.08889,-126.15216,-10.15637,-13.74155,24.31746,-17.09379,TCU_HFG,ABI_WIL,TCU,D1,BIG12,20260303-TCU-2,0c4035f0-1760-11f1-89da-3b5d2295cb78,85.2007,NA,NA,6.80481,NA,NA,NA,NA,NA,NA,5cabaece-df46-4300-b3c7-55df33123daa,2026-03-04,00:21:10,2026-03-04T00:21:10Z,2026-03-04T00:21:10Z,NA,v3,5045,471223,5b1f43e35ca0421ba59ea357c474eb40,"Gray, Brady",830795,Right,ABI_WIL,43469a43-5ac9-4ab4-a9c0-49c6580c0d85,55.30562,-127.17077,12.15873,6.43323,-9.44034,-8.5469,-1.24565,5.6645,-6.87077,NA,NA,NA,NA,NA,NA,NA,NA,NA,NA,NA,NA,NA,NA,NA,NA,NA,NA,NA,NA,NA,NA,NA,NA,NA,NA,NA,NA,NA,NA,NA,NA,NA,NA,NA,NA,NA,NA,NA,NA,NA,NA,NA,NA,NA,NA,NA,NA,NA,NA,High,High,High,NA,NA,NA,NA,NA,NA,NA,NA,NA,NA,NA,NA,NA,NA,NA,NA,NA,NA,NA,NA,NA,NA,NA,NA,NA,NA,NA,NA,NA,NA,NA,NA,NA,NA,NA,NA,NA,NA,NA,NA,NA,NA,NA,NA,NA,NA,NA,NA,NA,NA,NA,NA,NA,NA,NA,NA,NA
NA,NA,NA,NA,NA,NA,NA,NA,NA,NA,NA,NA,NA,NA,NA,NA,31,2026-03-03,18:21:26,1,2,"Young, Logan",10121421,Right,ABI_WIL,"Cramer, Cole",823144,Right,TCU_HFG,Undefined,1,Bottom,0,1,0,Fastball,Four-Seam,StrikeCalled,Undefined,Undefined,Undefined,0,0,NA,87.82186,-2.360979,-3.6049,2280.353046,224.265511,01:30:00,6.44258,1.24465,5.15644,-20.01891,17.64438,15.91509,2.5461,-0.82715,79.68834,-6.105099,-0.793539,0.441703,NA,NA,NA,NA,NA,NA,NA,NA,NA,NA,NA,-8.94032,9.85174,-0.92,50,6.20663,7.2642,-127.00296,-5.91854,-14.51239,27.50548,-16.18219,TCU_HFG,ABI_WIL,TCU,D1,BIG12,20260303-TCU-2,1561db70-1760-11f1-89da-3b5d2295cb78,85.33431,NA,NA,8.13351,NA,NA,NA,NA,NA,NA,5cabaece-df46-4300-b3c7-55df33123daa,2026-03-04,00:21:26,2026-03-04T00:21:26Z,2026-03-04T00:21:26Z,NA,v3,5045,471223,5b1f43e35ca0421ba59ea357c474eb40,"Gray, Brady",830795,Right,ABI_WIL,f5608be6-2d82-4fcd-adb3-4b198991ab68,55.34355,-128.155,13.75274,6.44033,-5.24076,-8.0911,-1.23698,7.87204,-7.25619,NA,NA,NA,NA,NA,NA,NA,NA,NA,NA,NA,NA,NA,NA,NA,NA,NA,NA,NA,NA,NA,NA,NA,NA,NA,NA,NA,NA,NA,NA,NA,NA,NA,NA,NA,NA,NA,NA,NA,NA,NA,NA,NA,NA,NA,NA,NA,NA,NA,NA,High,High,High,NA,NA,NA,NA,NA,NA,NA,NA,NA,NA,NA,NA,NA,NA,NA,NA,NA,NA,NA,NA,NA,NA,NA,NA,NA,NA,NA,NA,NA,NA,NA,NA,NA,NA,NA,NA,NA,NA,NA,NA,NA,NA,NA,NA,NA,NA,NA,NA,NA,NA,NA,NA,NA,NA,NA,NA,NA
NA,NA,NA,NA,NA,NA,NA,NA,NA,NA,NA,NA,NA,NA,NA,NA,32,2026-03-03,18:21:42,1,3,"Young, Logan",10121421,Right,ABI_WIL,"Cramer, Cole",823144,Right,TCU_HFG,Undefined,1,Bottom,0,1,1,Curveball,Curveball,BallCalled,Undefined,Undefined,Undefined,0,0,NA,77.38381,-0.649991,-2.786697,2105.484877,359.832488,06:00:00,6.18011,1.38414,4.75167,-54.7342,-5.69126,0.02142,1.00169,-1.25918,71.17063,-10.438344,-2.782946,0.504034,NA,NA,NA,NA,NA,NA,NA,NA,NA,NA,NA,-0.83516,-2.17335,-1.10387,50,6.06602,5.45542,-112.09551,-3.28665,-1.05613,21.42408,-34.92244,TCU_HFG,ABI_WIL,TCU,D1,BIG12,20260303-TCU-2,1eeb1c60-1760-11f1-89da-3b5d2295cb78,74.78156,NA,NA,6.21319,NA,NA,NA,NA,NA,NA,5cabaece-df46-4300-b3c7-55df33123daa,2026-03-04,00:21:42,2026-03-04T00:21:42Z,2026-03-04T00:21:42Z,NA,v3,5045,471223,5b1f43e35ca0421ba59ea357c474eb40,"Gray, Brady",830795,Right,ABI_WIL,08b44d7b-66cb-4ba1-b4e0-edce65c0c494,55.75212,-113.18953,10.71204,6.18832,-1.50333,-17.46122,-1.38383,5.50935,-0.52806,NA,NA,NA,NA,NA,NA,NA,NA,NA,NA,NA,NA,NA,NA,NA,NA,NA,NA,NA,NA,NA,NA,NA,NA,NA,NA,NA,NA,NA,NA,NA,NA,NA,NA,NA,NA,NA,NA,NA,NA,NA,NA,NA,NA,NA,NA,NA,NA,NA,NA,High,High,High,NA,NA,NA,NA,NA,NA,NA,NA,NA,NA,NA,NA,NA,NA,NA,NA,NA,NA,NA,NA,NA,NA,NA,NA,NA,NA,NA,NA,NA,NA,NA,NA,NA,NA,NA,NA,NA,NA,NA,NA,NA,NA,NA,NA,NA,NA,NA,NA,NA,NA,NA,NA,NA,NA,NA,NA,NA
NA,NA,NA,NA,NA,NA,NA,NA,NA,NA,NA,NA,NA,NA,NA,NA,33,2026-03-03,18:21:58,1,4,"Young, Logan",10121421,Right,ABI_WIL,"Cramer, Cole",823144,Right,TCU_HFG,Undefined,1,Bottom,0,2,1,Fastball,Sinker,InPlay,Undefined,GroundBall,Out,1,0,NA,86.62962,-1.784022,-3.280372,2317.906464,232.492922,01:45:00,6.30146,1.36693,5.36066,-24.28458,13.84048,16.41013,2.60138,-0.3453,79.15525,-6.28573,-0.36803,0.444403,104.09363,-1.03576,4.605469,1683.098791,NA,NA,NA,44.05787,40.6269,5.620513,0.293769,-9.18949,7.8189,-1.08408,50,6.1238,6.4832,-125.52275,-4.74921,-14.64923,25.60465,-19.70975,TCU_HFG,ABI_WIL,TCU,D1,BIG12,20260303-TCU-2,28726180-1760-11f1-89da-3b5d2295cb78,84.81594,2.68646,NA,7.47437,NA,NA,NA,1.11275,2.68646,0.35025,5cabaece-df46-4300-b3c7-55df33123daa,2026-03-04,00:21:58,2026-03-04T00:21:58Z,2026-03-04T00:21:58Z,GroundBall,v3,5045,471223,5b1f43e35ca0421ba59ea357c474eb40,"Gray, Brady",830795,Right,ABI_WIL,fd1aacbc-da5f-4d64-b027-96ec32567a69,55.14205,-126.5673,12.80233,6.30114,-3.94514,-9.85488,-1.36075,7.08082,-7.32462,317.139726,1.1168,151.96929,-22.22998,NA,NA,NA,NA,NA,NA,2.69018,-2.92832,-21.24612,NA,NA,NA,NA,NA,NA,0.34861,12.33131,4.00242,NA,NA,NA,NA,NA,NA,NA,NA,NA,NA,NA,NA,NA,NA,NA,NA,NA,NA,NA,NA,NA,NA,NA,NA,NA,NA,NA,NA,High,High,High,High,High,NA,NA,NA,NA,NA,NA,NA,NA,NA,NA,NA,NA,NA,NA,NA,NA,NA,NA,NA,NA,NA,NA,NA,NA,NA,NA,NA,NA,NA,NA,NA,NA,NA,NA,NA,NA,NA,NA,NA,NA,NA,NA,NA,NA,NA,NA,NA,NA,NA,NA,NA,NA,NA,NA,NA
NA,NA,NA,NA,NA,NA,NA,NA,NA,NA,NA,NA,NA,NA,NA,NA,34,2026-03-03,18:22:35,2,1,"Young, Logan",10121421,Right,ABI_WIL,"Strosnider, Sawyer",820831,Left,TCU_HFG,Undefined,1,Bottom,1,0,0,Fastball,Sinker,BallCalled,Undefined,Undefined,Undefined,0,0,NA,89.49161,-3.238378,-4.578551,2421.890465,248.333365,02:15:00,6.35991,1.30756,5.22332,-26.93068,9.63792,20.83568,1.05793,-1.27012,80.84037,-8.195313,-0.894365,0.435237,NA,NA,NA,NA,NA,NA,NA,NA,NA,NA,NA,-11.8843,6.23433,-0.90066,50,6.04003,9.38124,-129.12869,-8.32912,-19.77762,30.49321,-21.79898,TCU_HFG,ABI_WIL,TCU,D1,BIG12,20260303-TCU-2,3ea9a300-1760-11f1-89da-3b5d2295cb78,86.60211,NA,NA,8.65124,NA,NA,NA,NA,NA,NA,5cabaece-df46-4300-b3c7-55df33123daa,2026-03-04,00:22:35,2026-03-04T00:22:35Z,2026-03-04T00:22:35Z,NA,v3,5045,471223,5b1f43e35ca0421ba59ea357c474eb40,"Gray, Brady",830795,Right,ABI_WIL,c954df31-5c48-4c50-a0aa-f09bf36005d3,55.27835,-130.36918,15.2466,6.36083,-7.44231,-10.89949,-1.29866,10.18582,-9.88881,NA,NA,NA,NA,NA,NA,NA,NA,NA,NA,NA,NA,NA,NA,NA,NA,NA,NA,NA,NA,NA,NA,NA,NA,NA,NA,NA,NA,NA,NA,NA,NA,NA,NA,NA,NA,NA,NA,NA,NA,NA,NA,NA,NA,NA,NA,NA,NA,NA,NA,High,High,High,NA,NA,NA,NA,NA,NA,NA,NA,NA,NA,NA,NA,NA,NA,NA,NA,NA,NA,NA,NA,NA,NA,NA,NA,NA,NA,NA,NA,NA,NA,NA,NA,NA,NA,NA,NA,NA,NA,NA,NA,NA,NA,NA,NA,NA,NA,NA,NA,NA,NA,NA,NA,NA,NA,NA,NA,NA
NA,NA,NA,NA,NA,NA,NA,NA,NA,NA,NA,NA,NA,NA,NA,NA,35,2026-03-03,18:22:52,2,2,"Young, Logan",10121421,Right,ABI_WIL,"Strosnider, Sawyer",820831,Left,TCU_HFG,Undefined,1,Bottom,1,1,0,Fastball,Sinker,StrikeCalled,Undefined,Undefined,Undefined,0,0,NA,88.2841,-1.842094,-2.078638,2415.294601,240.03579,02:00:00,6.26864,1.36261,5.29023,-24.90804,12.37485,19.08076,2.46143,0.99989,79.60747,-6.471726,1.308896,0.439467,NA,NA,NA,NA,NA,NA,NA,NA,NA,NA,NA,-10.20111,7.18351,-1.18765,50,6.08295,3.76765,-127.81208,-4.99415,-16.60537,30.26311,-20.48074,TCU_HFG,ABI_WIL,TCU,D1,BIG12,20260303-TCU-2,48a99a90-1760-11f1-89da-3b5d2295cb78,85.76855,NA,NA,8.67663,NA,NA,NA,NA,NA,NA,5cabaece-df46-4300-b3c7-55df33123daa,2026-03-04,00:22:52,2026-03-04T00:22:52Z,2026-03-04T00:22:52Z,NA,v3,5045,471223,5b1f43e35ca0421ba59ea357c474eb40,"Gray, Brady",830795,Right,ABI_WIL,dd558bb2-a3e8-4bac-a47b-682aa3fdcd38,55.21001,-129.0398,15.13155,6.2687,-4.16328,-10.24037,-1.35416,4.4413,-8.30269,NA,NA,NA,NA,NA,NA,NA,NA,NA,NA,NA,NA,NA,NA,NA,NA,NA,NA,NA,NA,NA,NA,NA,NA,NA,NA,NA,NA,NA,NA,NA,NA,NA,NA,NA,NA,NA,NA,NA,NA,NA,NA,NA,NA,NA,NA,NA,NA,NA,NA,High,High,High,NA,NA,NA,NA,NA,NA,NA,NA,NA,NA,NA,NA,NA,NA,NA,NA,NA,NA,NA,NA,NA,NA,NA,NA,NA,NA,NA,NA,NA,NA,NA,NA,NA,NA,NA,NA,NA,NA,NA,NA,NA,NA,NA,NA,NA,NA,NA,NA,NA,NA,NA,NA,NA,NA,NA,NA,NA
NA,NA,NA,NA,NA,NA,NA,NA,NA,NA,NA,NA,NA,NA,NA,NA,36,2026-03-03,18:23:10,2,3,"Young, Logan",10121421,Right,ABI_WIL,"Strosnider, Sawyer",820831,Left,TCU_HFG,Undefined,1,Bottom,1,1,1,ChangeUp,Changeup,InPlay,Undefined,FlyBall,Out,1,0,NA,81.16654,-0.560795,-2.111064,1499.997765,264.217764,02:45:00,6.08649,1.50045,5.31922,-41.00002,3.45847,16.84808,2.14312,0.92225,72.74748,-8.099181,0.884352,0.479898,89.40404,40.192334,-8.627553,5097.26039,106.38363,84.89889,-27.97223,283.51984,156.85734,-21.861846,5.436664,-9.22689,2.39795,-1.32198,50,6.0063,3.63048,-117.46104,-2.57139,-12.54463,27.81726,-28.91387,TCU_HFG,ABI_WIL,TCU,D1,BIG12,20260303-TCU-2,53cc4030-1760-11f1-89da-3b5d2295cb78,78.54264,102.9718,NA,8.41906,NA,NA,NA,2.19849,2.15869,-0.88255,5cabaece-df46-4300-b3c7-55df33123daa,2026-03-04,00:23:10,2026-03-04T00:23:10Z,2026-03-04T00:23:10Z,FlyBall,v3,5045,471223,5b1f43e35ca0421ba59ea357c474eb40,"Gray, Brady",830795,Right,ABI_WIL,41959352-3fb3-4140-8e54-0d4f693abe5b,55.18119,-118.68171,13.90863,6.0913,-1.3026,-14.45694,-1.49337,4.18096,-6.27232,153.593298,2.20595,98.87784,-24.87271,5.81323,-0.68577,-0.08266,0.04489,-0.0062,3e-4,2.1529,84.72166,-20.13813,1.10472,-0.0374,-0.03847,0.01827,-0.00317,1.9e-4,-0.87979,-15.08331,-4.86894,1.98748,-0.40265,0.02436,0.00647,-0.0013,7e-5,NA,NA,NA,NA,NA,NA,NA,NA,NA,NA,NA,NA,NA,NA,NA,NA,NA,NA,NA,NA,NA,NA,High,High,High,High,Low,NA,NA,NA,NA,NA,NA,NA,NA,NA,NA,NA,NA,NA,NA,NA,NA,NA,NA,NA,NA,NA,NA,NA,NA,NA,NA,NA,NA,NA,NA,NA,NA,NA,NA,NA,NA,NA,NA,NA,NA,NA,NA,NA,NA,NA,NA,NA,NA,NA,NA,NA,NA,NA,NA,NA
NA,NA,NA,NA,NA,NA,NA,NA,NA,NA,NA,NA,NA,NA,NA,NA,37,2026-03-03,18:23:44,3,1,"Young, Logan",10121421,Right,ABI_WIL,"Brunson, Chase",815313,Right,TCU_HFG,Undefined,1,Bottom,2,0,0,Fastball,Sinker,BallCalled,Undefined,Undefined,Undefined,0,0,NA,88.94636,-1.518343,-3.839822,2382.188554,235.488767,01:45:00,6.48814,1.18175,5.11336,-23.52564,13.05367,17.22284,3.09365,-1.0060500000000001,81.06943,-5.86506,-0.800396,0.4353,NA,NA,NA,NA,NA,NA,NA,NA,NA,NA,NA,-9.62249,7.27461,-0.83356,50,6.32684,7.83837,-128.74209,-4.28086,-16.12745,27.0731,-19.98167,TCU_HFG,ABI_WIL,TCU,D1,BIG12,20260303-TCU-2,68014910-1760-11f1-89da-3b5d2295cb78,86.58948,NA,NA,7.87692,NA,NA,NA,NA,NA,NA,5cabaece-df46-4300-b3c7-55df33123daa,2026-03-04,00:23:44,2026-03-04T00:23:44Z,2026-03-04T00:23:44Z,NA,v3,5045,471223,5b1f43e35ca0421ba59ea357c474eb40,"Gray, Brady",830795,Right,ABI_WIL,f26fba41-f2f5-422e-baac-3d6d15e75669,55.3883,-129.87025,13.53655,6.48788,-3.44821,-9.99083,-1.17419,8.51041,-8.06373,NA,NA,NA,NA,NA,NA,NA,NA,NA,NA,NA,NA,NA,NA,NA,NA,NA,NA,NA,NA,NA,NA,NA,NA,NA,NA,NA,NA,NA,NA,NA,NA,NA,NA,NA,NA,NA,NA,NA,NA,NA,NA,NA,NA,NA,NA,NA,NA,NA,NA,High,High,High,NA,NA,NA,NA,NA,NA,NA,NA,NA,NA,NA,NA,NA,NA,NA,NA,NA,NA,NA,NA,NA,NA,NA,NA,NA,NA,NA,NA,NA,NA,NA,NA,NA,NA,NA,NA,NA,NA,NA,NA,NA,NA,NA,NA,NA,NA,NA,NA,NA,NA,NA,NA,NA,NA,NA,NA,NA
NA,NA,NA,NA,NA,NA,NA,NA,NA,NA,NA,NA,NA,NA,NA,NA,38,2026-03-03,18:24:00,3,2,"Young, Logan",10121421,Right,ABI_WIL,"Brunson, Chase",815313,Right,TCU_HFG,Undefined,1,Bottom,2,1,0,Fastball,Sinker,StrikeCalled,Undefined,Undefined,Undefined,0,0,NA,87.96666,-1.397386,-2.432329,2417.664064,230.552749,01:45:00,6.38141,1.24067,5.20154,-22.85178,14.54985,16.10816,3.16128,0.29382,79.77518,-5.649775,0.420374,0.440166,NA,NA,NA,NA,NA,NA,NA,NA,NA,NA,NA,-8.72386,8.0493,-1.02775,50,6.23504,4.67015,-127.41685,-3.91044,-14.23154,28.05852,-19.0429,TCU_HFG,ABI_WIL,TCU,D1,BIG12,20260303-TCU-2,712893e0-1760-11f1-89da-3b5d2295cb78,85.63231,NA,NA,8.19148,NA,NA,NA,NA,NA,NA,5cabaece-df46-4300-b3c7-55df33123daa,2026-03-04,00:24:00,2026-03-04T00:24:00Z,2026-03-04T00:24:00Z,NA,v3,5045,471223,5b1f43e35ca0421ba59ea357c474eb40,"Gray, Brady",830795,Right,ABI_WIL,9adc5199-dc2a-4996-844b-99f07a05c49d,55.29863,-128.57837,14.02926,6.3806,-3.12213,-9.52145,-1.23327,5.25929,-7.11577,NA,NA,NA,NA,NA,NA,NA,NA,NA,NA,NA,NA,NA,NA,NA,NA,NA,NA,NA,NA,NA,NA,NA,NA,NA,NA,NA,NA,NA,NA,NA,NA,NA,NA,NA,NA,NA,NA,NA,NA,NA,NA,NA,NA,NA,NA,NA,NA,NA,NA,High,High,High,NA,NA,NA,NA,NA,NA,NA,NA,NA,NA,NA,NA,NA,NA,NA,NA,NA,NA,NA,NA,NA,NA,NA,NA,NA,NA,NA,NA,NA,NA,NA,NA,NA,NA,NA,NA,NA,NA,NA,NA,NA,NA,NA,NA,NA,NA,NA,NA,NA,NA,NA,NA,NA,NA,NA,NA,NA
NA,NA,NA,NA,NA,NA,NA,NA,NA,NA,NA,NA,NA,NA,NA,NA,39,2026-03-03,18:24:19,3,3,"Young, Logan",10121421,Right,ABI_WIL,"Brunson, Chase",815313,Right,TCU_HFG,Undefined,1,Bottom,2,1,1,Curveball,Curveball,BallCalled,Undefined,Undefined,Undefined,0,0,NA,77.99052,0.468781,-3.290812,2077.327503,339.644973,05:15:00,6.08252,1.29819,4.82278,-52.64475,-4.83327,2.33197,2.14023,-1.62797,71.97354,-8.972587,-2.880772,0.497665,NA,NA,NA,NA,NA,NA,NA,NA,NA,NA,NA,-2.03988,-2.06291,-0.9733,50,6.08343,6.40215,-113.03186,-1.01775,-2.64571,20.11702,-34.84961,TCU_HFG,ABI_WIL,TCU,D1,BIG12,20260303-TCU-2,7cabf720-1760-11f1-89da-3b5d2295cb78,75.7385,NA,NA,6.01699,NA,NA,NA,NA,NA,NA,5cabaece-df46-4300-b3c7-55df33123daa,2026-03-04,00:24:19,2026-03-04T00:24:19Z,2026-03-04T00:24:19Z,NA,v3,5045,471223,5b1f43e35ca0421ba59ea357c474eb40,"Gray, Brady",830795,Right,ABI_WIL,5913876a-4df9-48f5-9fbd-038ca8846799,55.68123,-114.0385,10.05851,6.09072,0.7261,-17.42481,-1.29697,6.53454,-1.32285,NA,NA,NA,NA,NA,NA,NA,NA,NA,NA,NA,NA,NA,NA,NA,NA,NA,NA,NA,NA,NA,NA,NA,NA,NA,NA,NA,NA,NA,NA,NA,NA,NA,NA,NA,NA,NA,NA,NA,NA,NA,NA,NA,NA,NA,NA,NA,NA,NA,NA,High,High,High,NA,NA,NA,NA,NA,NA,NA,NA,NA,NA,NA,NA,NA,NA,NA,NA,NA,NA,NA,NA,NA,NA,NA,NA,NA,NA,NA,NA,NA,NA,NA,NA,NA,NA,NA,NA,NA,NA,NA,NA,NA,NA,NA,NA,NA,NA,NA,NA,NA,NA,NA,NA,NA,NA,NA,NA,NA
NA,NA,NA,NA,NA,NA,NA,NA,NA,NA,NA,NA,NA,NA,NA,NA,40,2026-03-03,18:24:36,3,4,"Young, Logan",10121421,Right,ABI_WIL,"Brunson, Chase",815313,Right,TCU_HFG,Undefined,1,Bottom,2,2,1,ChangeUp,Changeup,BallCalled,Undefined,Undefined,Undefined,0,0,NA,80.26739,-1.954546,-2.747925,1385.633502,273.4874,03:00:00,5.99548,1.35923,5.77272,-42.8753,0.4774,13.01111,0.6008,-0.11575,74.539,-9.765613,-0.413554,0.473892,NA,NA,NA,NA,NA,NA,NA,NA,NA,NA,NA,-7.40729,1.09799,-1.14003,50,5.8073,5.10894,-116.55051,-5.37996,-10.25187,20.63728,-30.6544,TCU_HFG,ABI_WIL,TCU,D1,BIG12,20260303-TCU-2,86b38fd0-1760-11f1-89da-3b5d2295cb78,79.53803,NA,NA,5.72839,NA,NA,NA,NA,NA,NA,5cabaece-df46-4300-b3c7-55df33123daa,2026-03-04,00:24:36,2026-03-04T00:24:36Z,2026-03-04T00:24:36Z,NA,v3,5045,471223,5b1f43e35ca0421ba59ea357c474eb40,"Gray, Brady",830795,Right,ABI_WIL,8b25ff1b-8fc5-4e21-9b6f-71135581775a,54.73253,-117.38549,10.31864,5.99988,-4.13969,-15.3272,-1.35512,5.52373,-5.12594,NA,NA,NA,NA,NA,NA,NA,NA,NA,NA,NA,NA,NA,NA,NA,NA,NA,NA,NA,NA,NA,NA,NA,NA,NA,NA,NA,NA,NA,NA,NA,NA,NA,NA,NA,NA,NA,NA,NA,NA,NA,NA,NA,NA,NA,NA,NA,NA,NA,NA,High,High,High,NA,NA,NA,NA,NA,NA,NA,NA,NA,NA,NA,NA,NA,NA,NA,NA,NA,NA,NA,NA,NA,NA,NA,NA,NA,NA,NA,NA,NA,NA,NA,NA,NA,NA,NA,NA,NA,NA,NA,NA,NA,NA,NA,NA,NA,NA,NA,NA,NA,NA,NA,NA,NA,NA,NA,NA,NA
NA,NA,NA,NA,NA,NA,NA,NA,NA,NA,NA,NA,NA,NA,NA,NA,41,2026-03-03,18:24:59,3,5,"Young, Logan",10121421,Right,ABI_WIL,"Brunson, Chase",815313,Right,TCU_HFG,Undefined,1,Bottom,2,3,1,Fastball,Sinker,StrikeCalled,Undefined,Undefined,Undefined,0,0,NA,87.32712,-1.378238,-3.527948,2332.690461,234.998528,01:45:00,6.36824,1.31066,5.2847,-23.17285,14.80343,19.21017,3.1401,-0.40592,78.97382,-5.703308,-0.125068,0.443535,NA,NA,NA,NA,NA,NA,NA,NA,NA,NA,NA,-10.6493,8.21209,-1.00306,50,6.2258,6.92006,-126.36908,-3.8377,-17.04938,28.13886,-19.02662,TCU_HFG,ABI_WIL,TCU,D1,BIG12,20260303-TCU-2,94ab0050-1760-11f1-89da-3b5d2295cb78,84.98193,NA,NA,8.35331,NA,NA,NA,NA,NA,NA,5cabaece-df46-4300-b3c7-55df33123daa,2026-03-04,00:24:59,2026-03-04T00:24:59Z,2026-03-04T00:24:59Z,NA,v3,5045,471223,5b1f43e35ca0421ba59ea357c474eb40,"Gray, Brady",830795,Right,ABI_WIL,8393ae41-92e7-4a6f-8817-1f037823ba45,55.21584,-127.52522,14.06943,6.36741,-3.05596,-9.51331,-1.30178,7.62056,-8.52469,NA,NA,NA,NA,NA,NA,NA,NA,NA,NA,NA,NA,NA,NA,NA,NA,NA,NA,NA,NA,NA,NA,NA,NA,NA,NA,NA,NA,NA,NA,NA,NA,NA,NA,NA,NA,NA,NA,NA,NA,NA,NA,NA,NA,NA,NA,NA,NA,NA,NA,High,High,High,NA,NA,NA,NA,NA,NA,NA,NA,NA,NA,NA,NA,NA,NA,NA,NA,NA,NA,NA,NA,NA,NA,NA,NA,NA,NA,NA,NA,NA,NA,NA,NA,NA,NA,NA,NA,NA,NA,NA,NA,NA,NA,NA,NA,NA,NA,NA,NA,NA,NA,NA,NA,NA,NA,NA,NA,NA
NA,NA,NA,NA,NA,NA,NA,NA,NA,NA,NA,NA,NA,NA,NA,NA,42,2026-03-03,18:25:15,3,6,"Young, Logan",10121421,Right,ABI_WIL,"Brunson, Chase",815313,Right,TCU_HFG,Undefined,1,Bottom,2,3,2,Fastball,Sinker,FoulBallNotFieldable,Undefined,Undefined,Undefined,0,0,NA,89.25584,-0.898871,-3.532393,2386.546201,237.978465,02:00:00,6.41849,1.17558,5.03423,-24.81816,11.4976,16.51458,3.50054,-0.78528,81.50394,-5.464604,-0.620989,0.433729,94.97371,40.357428,59.301295,4273.948871,NA,NA,NA,NA,82.56556,NA,NA,-9.19036,6.29351,-0.85161,50,6.31286,7.21384,-129.29287,-2.96936,-15.5655,26.81788,-21.51484,TCU_HFG,ABI_WIL,TCU,D1,BIG12,20260303-TCU-2,9e43aa90-1760-11f1-89da-3b5d2295cb78,86.9031,69.65767,NA,7.75189,NA,NA,NA,0.34527,3.66906,0.60897,5cabaece-df46-4300-b3c7-55df33123daa,2026-03-04,00:25:15,2026-03-04T00:25:15Z,2026-03-04T00:25:15Z,NA,v3,5045,471223,5b1f43e35ca0421ba59ea357c474eb40,"Gray, Brady",830795,Right,ABI_WIL,869fcbd6-ea25-4721-912e-f679dc85c5fa,55.46854,-130.42222,13.40894,6.41883,-2.06334,-10.75742,-1.1692,7.86933,-7.78275,NA,0.34527,54.18805,-20.54372,5.48242,-0.70751,0.0923,-0.72503,0.73763,-0.21778,3.66906,90.2018,-21.44024,1.82795,-0.71407,0.30505,0.29404,-0.40979,0.12936,0.60897,91.27028,-14.93707,3.14561,-0.5879,0.18965,-0.18177,0.12275,-0.03115,NA,NA,NA,NA,NA,NA,NA,NA,NA,NA,NA,NA,NA,NA,NA,NA,NA,NA,NA,NA,NA,NA,High,High,High,Medium,Undefined,NA,NA,NA,NA,NA,NA,NA,NA,NA,NA,NA,NA,NA,NA,NA,NA,NA,NA,NA,NA,NA,NA,NA,NA,NA,NA,NA,NA,NA,NA,NA,NA,NA,NA,NA,NA,NA,NA,NA,NA,NA,NA,NA,NA,NA,NA,NA,NA,NA,NA,NA,NA,NA,NA,NA
NA,NA,NA,NA,NA,NA,NA,NA,NA,NA,NA,NA,NA,NA,NA,NA,43,2026-03-03,18:25:40,3,7,"Young, Logan",10121421,Right,ABI_WIL,"Brunson, Chase",815313,Right,TCU_HFG,Undefined,1,Bottom,2,3,2,Fastball,Sinker,InPlay,Undefined,FlyBall,Out,1,0,NA,88.86866,-1.922777,-2.763806,2364.601464,224.965026,01:30:00,6.30893,1.18707,5.29129,-19.76143,16.91001,15.57619,2.85383,-0.11221,80.31604,-5.636952,-0.002092,0.435848,99.43985,34.097749,0.93655,3784.755234,109.7032,75.94359,8.07396,337.43046,193.7681,10.109391,5.776767,-8.68654,9.44705,-0.94716,50,6.1197,5.50648,-128.65085,-4.984,-14.39013,29.56888,-16.52411,TCU_HFG,ABI_WIL,TCU,D1,BIG12,20260303-TCU-2,acc113f0-1760-11f1-89da-3b5d2295cb78,86.4806,110.16744,NA,8.55262,NA,NA,NA,1.21375,2.89398,0.1251,5cabaece-df46-4300-b3c7-55df33123daa,2026-03-04,00:25:40,2026-03-04T00:25:40Z,2026-03-04T00:25:40Z,FlyBall,v3,5045,471223,5b1f43e35ca0421ba59ea357c474eb40,"Gray, Brady",830795,Right,ABI_WIL,2259066c-e9c8-417c-a60e-eb633a5deb21,55.20995,-129.84277,14.78444,6.30718,-4.31792,-8.26206,-1.18082,6.08655,-7.19507,198.119908,1.22028,120.63479,-30.17242,7.45853,-1.31716,0.14331,-0.00637,-1.7e-4,2e-5,2.89015,81.82269,-15.92037,-0.55428,0.52567,-0.17177,0.03531,-0.00398,1.8e-4,0.12349,2.0074,6.26586,-2.3012,0.55251,-0.0867,0.00784,-3.3e-4,0,NA,NA,NA,NA,NA,NA,NA,NA,NA,NA,NA,NA,NA,NA,NA,NA,NA,NA,NA,NA,NA,NA,High,High,High,High,Low,NA,NA,NA,NA,NA,NA,NA,NA,NA,NA,NA,NA,NA,NA,NA,NA,NA,NA,NA,NA,NA,NA,NA,NA,NA,NA,NA,NA,NA,NA,NA,NA,NA,NA,NA,NA,NA,NA,NA,NA,NA,NA,NA,NA,NA,NA,NA,NA,NA,NA,NA,NA,NA,NA,NA
NA,NA,NA,NA,NA,NA,NA,NA,NA,NA,NA,NA,NA,NA,NA,NA,44,2026-03-03,18:27:57,1,1,"Nelson, Cade",837519,Right,TCU_HFG,"Thompson, JT",1000270096,Left,ABI_WIL,Undefined,2,Top,0,0,0,Fastball,Sinker,StrikeCalled,Undefined,Undefined,Undefined,0,0,NA,91.57281,-2.470062,-3.24782,2415.844863,236.735343,02:00:00,5.89631,1.43617,6.60636,-21.68773,10.83012,14.92505,1.8212,-0.2985,83.84433,-6.570006,-0.535638,0.410424,NA,NA,NA,NA,NA,NA,NA,NA,NA,NA,NA,-8.76028,6.70843,-1.22028,50,5.71854,6.9578,-132.90226,-6.37685,-15.65681,28.67725,-20.18441,TCU_HFG,ABI_WIL,TCU,D1,BIG12,20260303-TCU-2,fe61fd50-1760-11f1-89da-3b5d2295cb78,91.83785,NA,NA,7.72848,NA,NA,NA,NA,NA,NA,5cabaece-df46-4300-b3c7-55df33123daa,2026-03-04,00:27:57,2026-03-04T00:27:57Z,2026-03-04T00:27:57Z,NA,v3,5045,471223,5b1f43e35ca0421ba59ea357c474eb40,"Dallimore, Brady",834396,Right,TCU_HFG,a80a9f88-edbe-478e-9ca1-b5dabc8b119c,53.89655,-133.74041,14.33863,5.89629,-5.78692,-10.09221,-1.43032,7.41539,-7.8284,NA,NA,NA,NA,NA,NA,NA,NA,NA,NA,NA,NA,NA,NA,NA,NA,NA,NA,NA,NA,NA,NA,NA,NA,NA,NA,NA,NA,NA,NA,NA,NA,NA,NA,NA,NA,NA,NA,NA,NA,NA,NA,NA,NA,NA,NA,NA,NA,NA,NA,High,High,High,NA,NA,NA,NA,NA,NA,NA,NA,NA,NA,NA,NA,NA,NA,NA,NA,NA,NA,NA,NA,NA,NA,NA,NA,NA,NA,NA,NA,NA,NA,NA,NA,NA,NA,NA,NA,NA,NA,NA,NA,NA,NA,NA,NA,NA,NA,NA,NA,NA,NA,NA,NA,NA,NA,NA,NA,NA
NA,NA,NA,NA,NA,NA,NA,NA,NA,NA,NA,NA,NA,NA,NA,NA,45,2026-03-03,18:28:10,1,2,"Nelson, Cade",837519,Right,TCU_HFG,"Thompson, JT",1000270096,Left,ABI_WIL,Undefined,2,Top,0,0,1,Slider,Slider,StrikeCalled,Undefined,Undefined,Undefined,0,0,NA,79.0201,0.612873,-1.247759,2607.173556,73.403566,08:30:00,5.86418,1.68437,5.94406,-47.3494,-2.1328,-12.40894,2.48707,-0.50734,71.83698,-8.12078,-3.478868,0.483972,NA,NA,NA,NA,NA,NA,NA,NA,NA,NA,NA,5.94843,-0.80665,-1.57805,50,5.88675,2.96572,-114.6864,-0.27674,7.80356,24.18277,-33.23229,TCU_HFG,ABI_WIL,TCU,D1,BIG12,20260303-TCU-2,061d8320-1761-11f1-89da-3b5d2295cb78,77.88141,NA,NA,7.18312,NA,NA,NA,NA,NA,NA,5cabaece-df46-4300-b3c7-55df33123daa,2026-03-04,00:28:10,2026-03-04T00:28:10Z,2026-03-04T00:28:10Z,NA,v3,5045,471223,5b1f43e35ca0421ba59ea357c474eb40,"Dallimore, Brady",834396,Right,TCU_HFG,02fc5b9a-d315-4ac0-b93a-a1482ac576ca,54.55786,-115.64347,12.09138,5.87168,1.03849,-16.61615,-1.68931,2.65688,3.90178,NA,NA,NA,NA,NA,NA,NA,NA,NA,NA,NA,NA,NA,NA,NA,NA,NA,NA,NA,NA,NA,NA,NA,NA,NA,NA,NA,NA,NA,NA,NA,NA,NA,NA,NA,NA,NA,NA,NA,NA,NA,NA,NA,NA,NA,NA,NA,NA,NA,NA,High,High,High,NA,NA,NA,NA,NA,NA,NA,NA,NA,NA,NA,NA,NA,NA,NA,NA,NA,NA,NA,NA,NA,NA,NA,NA,NA,NA,NA,NA,NA,NA,NA,NA,NA,NA,NA,NA,NA,NA,NA,NA,NA,NA,NA,NA,NA,NA,NA,NA,NA,NA,NA,NA,NA,NA,NA,NA,NA
NA,NA,NA,NA,NA,NA,NA,NA,NA,NA,NA,NA,NA,NA,NA,NA,46,2026-03-03,18:28:32,1,3,"Nelson, Cade",837519,Right,TCU_HFG,"Thompson, JT",1000270096,Left,ABI_WIL,Undefined,2,Top,0,0,2,Slider,Curveball,BallCalled,Undefined,Undefined,Undefined,0,0,NA,79.20264,-0.399057,-2.656227,2649.898657,64.071806,08:15:00,5.82134,1.67783,5.66614,-51.32515,-5.19725,-14.27989,1.17173,-1.99081,71.51812,-9.78154,-5.208355,0.488825,NA,NA,NA,NA,NA,NA,NA,NA,NA,NA,NA,6.26555,-1.94685,-1.4441,50,5.75574,5.88271,-114.66733,-2.51977,8.11091,26.67828,-34.69431,TCU_HFG,ABI_WIL,TCU,D1,BIG12,20260303-TCU-2,13b128c0-1761-11f1-89da-3b5d2295cb78,77.10829,NA,NA,7.68452,NA,NA,NA,NA,NA,NA,5cabaece-df46-4300-b3c7-55df33123daa,2026-03-04,00:28:32,2026-03-04T00:28:32Z,2026-03-04T00:28:32Z,NA,v3,5045,471223,5b1f43e35ca0421ba59ea357c474eb40,"Dallimore, Brady",834396,Right,TCU_HFG,75c1d910-88a9-45d3-937f-0383c6c47ed5,54.83454,-115.78666,13.33914,5.83093,-1.06411,-17.34716,-1.68378,5.5424,4.05546,NA,NA,NA,NA,NA,NA,NA,NA,NA,NA,NA,NA,NA,NA,NA,NA,NA,NA,NA,NA,NA,NA,NA,NA,NA,NA,NA,NA,NA,NA,NA,NA,NA,NA,NA,NA,NA,NA,NA,NA,NA,NA,NA,NA,NA,NA,NA,NA,NA,NA,High,High,High,NA,NA,NA,NA,NA,NA,NA,NA,NA,NA,NA,NA,NA,NA,NA,NA,NA,NA,NA,NA,NA,NA,NA,NA,NA,NA,NA,NA,NA,NA,NA,NA,NA,NA,NA,NA,NA,NA,NA,NA,NA,NA,NA,NA,NA,NA,NA,NA,NA,NA,NA,NA,NA,NA,NA,NA,NA
NA,NA,NA,NA,NA,NA,NA,NA,NA,NA,NA,NA,NA,NA,NA,NA,47,2026-03-03,18:28:48,1,4,"Nelson, Cade",837519,Right,TCU_HFG,"Thompson, JT",1000270096,Left,ABI_WIL,Undefined,2,Top,0,1,2,Fastball,Four-Seam,FoulBallNotFieldable,Undefined,Undefined,Undefined,0,0,NA,92.04515,-1.118587,-3.724447,2547.854133,227.32732,01:30:00,5.86741,1.59095,6.5682,-19.49348,13.15725,12.99733,3.2152,-0.7451,82.97945,-4.857693,-1.368043,0.411261,NA,NA,NA,NA,NA,NA,NA,NA,NA,NA,NA,-7.98107,7.60008,-1.33918,50,5.78193,8.15469,-133.41908,-3.15406,-14.17814,32.57249,-18.67268,TCU_HFG,ABI_WIL,TCU,D1,BIG12,20260303-TCU-2,1d13f5f0-1761-11f1-89da-3b5d2295cb78,91.65079,NA,NA,9.0657,NA,NA,NA,NA,NA,NA,5cabaece-df46-4300-b3c7-55df33123daa,2026-03-04,00:28:48,2026-03-04T00:28:48Z,2026-03-04T00:28:48Z,NA,v3,5045,471223,5b1f43e35ca0421ba59ea357c474eb40,"Dallimore, Brady",834396,Right,TCU_HFG,7d606255-37f2-4bd7-8cf3-f94e7833ec54,53.93192,-134.37557,16.28624,5.8665,-2.60573,-9.33634,-1.58475,8.57103,-7.08907,NA,NA,NA,NA,NA,NA,NA,NA,NA,NA,NA,NA,NA,NA,NA,NA,NA,NA,NA,NA,NA,NA,NA,NA,NA,NA,NA,NA,NA,NA,NA,NA,NA,NA,NA,NA,NA,NA,NA,NA,NA,NA,NA,NA,NA,NA,NA,NA,NA,NA,High,High,High,NA,NA,NA,NA,NA,NA,NA,NA,NA,NA,NA,NA,NA,NA,NA,NA,NA,NA,NA,NA,NA,NA,NA,NA,NA,NA,NA,NA,NA,NA,NA,NA,NA,NA,NA,NA,NA,NA,NA,NA,NA,NA,NA,NA,NA,NA,NA,NA,NA,NA,NA,NA,NA,NA,NA,NA,NA
NA,NA,NA,NA,NA,NA,NA,NA,NA,NA,NA,NA,NA,NA,NA,NA,48,2026-03-03,18:29:17,1,5,"Nelson, Cade",837519,Right,TCU_HFG,"Thompson, JT",1000270096,Left,ABI_WIL,Undefined,2,Top,0,1,2,Slider,Curveball,InPlay,Undefined,LineDrive,Out,1,0,NA,78.57513,0.412369,-0.698422,2453.635911,50.79471,07:45:00,5.779,1.67931,6.10867,-53.6833,-7.80941,-11.68075,1.68677,0.06001,70.94228,-9.501105,-2.808767,0.487477,92.43074,23.053938,-22.725659,3708.540381,98.02707,37.3878,-49.90683,290.77396,233.11439,-35.275433,3.500208,5.80642,-3.73614,-1.61955,50,5.78286,1.81415,-114.02553,-0.84755,7.44218,26.13862,-36.96269,TCU_HFG,ABI_WIL,TCU,D1,BIG12,20260303-TCU-2,2e16d1b0-1761-11f1-89da-3b5d2295cb78,77.32147,43.46776,NA,7.63285,NA,NA,NA,1.81273,1.7263,-0.05119,5cabaece-df46-4300-b3c7-55df33123daa,2026-03-04,00:29:17,2026-03-04T00:29:17Z,2026-03-04T00:29:17Z,LineDrive,v3,5045,471223,5b1f43e35ca0421ba59ea357c474eb40,"Dallimore, Brady",834396,Right,TCU_HFG,7624de01-d465-43da-98a6-463951aa8e52,54.39417,-115.02841,13.06931,5.78817,0.57063,-18.48135,-1.68368,1.52861,3.72109,122.332279,1.8124,115.0611,-23.04964,4.77407,-0.92838,0.14747,-0.02262,0.00259,-1.2e-4,1.72652,53.0814,-18.65995,1.34709,-0.19275,0.03509,-0.00592,0.00125,-1.5e-4,-0.05122,-48.19215,-2.99899,1.81986,-0.33406,-0.03002,0.02949,-0.006,4.4e-4,NA,NA,NA,NA,NA,NA,NA,NA,NA,NA,NA,NA,NA,NA,NA,NA,NA,NA,NA,NA,NA,NA,High,High,High,High,Medium,NA,NA,NA,NA,NA,NA,NA,NA,NA,NA,NA,NA,NA,NA,NA,NA,NA,NA,NA,NA,NA,NA,NA,NA,NA,NA,NA,NA,NA,NA,NA,NA,NA,NA,NA,NA,NA,NA,NA,NA,NA,NA,NA,NA,NA,NA,NA,NA,NA,NA,NA,NA,NA,NA,NA
NA,NA,NA,NA,NA,NA,NA,NA,NA,NA,NA,NA,NA,NA,NA,NA,49,2026-03-03,18:29:47,2,1,"Nelson, Cade",837519,Right,TCU_HFG,"Regala, Braden",815691,Left,ABI_WIL,Undefined,2,Top,1,0,0,Slider,Curveball,StrikeCalled,Undefined,Undefined,Undefined,0,0,NA,77.78401,1.386309,-0.24652,2519.543228,65.233723,08:15:00,5.76224,1.6794,5.38052,-53.202,-5.81244,-15.97729,2.62863,0.11685,71.07943,-8.298336,-3.090768,0.495465,NA,NA,NA,NA,NA,NA,NA,NA,NA,NA,NA,7.93599,-2.85689,-1.6457,50,5.84878,1.11752,-112.88793,0.9037,10.15246,22.20634,-35.82884,TCU_HFG,ABI_WIL,TCU,D1,BIG12,20260303-TCU-2,404498e0-1761-11f1-89da-3b5d2295cb78,76.0749,NA,NA,6.70458,NA,NA,NA,NA,NA,NA,5cabaece-df46-4300-b3c7-55df33123daa,2026-03-04,00:29:47,2026-03-04T00:29:47Z,2026-03-04T00:29:47Z,NA,v3,5045,471223,5b1f43e35ca0421ba59ea357c474eb40,"Dallimore, Brady",834396,Right,TCU_HFG,04a0bca4-5a29-4b8e-a1b1-2af9cb117ef0,55.12349,-113.89132,11.10317,5.77137,2.52262,-17.91442,-1.68583,0.65878,5.07623,NA,NA,NA,NA,NA,NA,NA,NA,NA,NA,NA,NA,NA,NA,NA,NA,NA,NA,NA,NA,NA,NA,NA,NA,NA,NA,NA,NA,NA,NA,NA,NA,NA,NA,NA,NA,NA,NA,NA,NA,NA,NA,NA,NA,NA,NA,NA,NA,NA,NA,High,High,High,NA,NA,NA,NA,NA,NA,NA,NA,NA,NA,NA,NA,NA,NA,NA,NA,NA,NA,NA,NA,NA,NA,NA,NA,NA,NA,NA,NA,NA,NA,NA,NA,NA,NA,NA,NA,NA,NA,NA,NA,NA,NA,NA,NA,NA,NA,NA,NA,NA,NA,NA,NA,NA,NA,NA,NA,NA
NA,NA,NA,NA,NA,NA,NA,NA,NA,NA,NA,NA,NA,NA,NA,NA,50,2026-03-03,18:30:00,2,2,"Nelson, Cade",837519,Right,TCU_HFG,"Regala, Braden",815691,Left,ABI_WIL,Undefined,2,Top,1,0,1,Fastball,Four-Seam,FoulBallNotFieldable,Undefined,Undefined,Undefined,0,0,NA,91.46913,-2.053471,-2.738346,2465.69398,218.619442,01:15:00,5.82283,1.54866,6.41868,-18.198,15.00532,11.03544,2.41551,-0.05113,82.61742,-5.544022,-0.74014,0.414727,NA,NA,NA,NA,NA,NA,NA,NA,NA,NA,NA,-6.64595,8.83977,-1.35775,50,5.66762,5.89689,-132.6373,-5.26643,-11.67248,32.10147,-16.64854,TCU_HFG,ABI_WIL,TCU,D1,BIG12,20260303-TCU-2,47b69290-1761-11f1-89da-3b5d2295cb78,90.88497,NA,NA,8.85171,NA,NA,NA,NA,NA,NA,5cabaece-df46-4300-b3c7-55df33123daa,2026-03-04,00:30:00,2026-03-04T00:30:00Z,2026-03-04T00:30:00Z,NA,v3,5045,471223,5b1f43e35ca0421ba59ea357c474eb40,"Dallimore, Brady",834396,Right,TCU_HFG,ea0ca7cb-b503-4e2b-a6c2-1c46a2794dd5,54.08232,-133.62167,16.05073,5.82128,-4.75592,-8.32427,-1.54406,6.25482,-5.83624,NA,NA,NA,NA,NA,NA,NA,NA,NA,NA,NA,NA,NA,NA,NA,NA,NA,NA,NA,NA,NA,NA,NA,NA,NA,NA,NA,NA,NA,NA,NA,NA,NA,NA,NA,NA,NA,NA,NA,NA,NA,NA,NA,NA,NA,NA,NA,NA,NA,NA,High,High,High,NA,NA,NA,NA,NA,NA,NA,NA,NA,NA,NA,NA,NA,NA,NA,NA,NA,NA,NA,NA,NA,NA,NA,NA,NA,NA,NA,NA,NA,NA,NA,NA,NA,NA,NA,NA,NA,NA,NA,NA,NA,NA,NA,NA,NA,NA,NA,NA,NA,NA,NA,NA,NA,NA,NA,NA,NA
NA,NA,NA,NA,NA,NA,NA,NA,NA,NA,NA,NA,NA,NA,NA,NA,51,2026-03-03,18:30:21,2,3,"Nelson, Cade",837519,Right,TCU_HFG,"Regala, Braden",815691,Left,ABI_WIL,Undefined,2,Top,1,0,2,Slider,Curveball,FoulBallNotFieldable,Undefined,Undefined,Undefined,0,0,NA,78.46457,1.744511,-0.621581,2431.414198,67.113658,08:15:00,5.75712,1.79244,5.76602,-49.7614,-3.83772,-12.67705,3.23462,0.15747,71.54787,-7.399607,-2.892553,0.487742,62.40175,52.949755,-90.849279,4969.023038,NA,NA,NA,NA,38.28661,NA,NA,6.27174,-2.04118,-1.73316,50,5.87145,1.71651,-113.90337,1.85157,8.16523,22.68227,-34.83147,TCU_HFG,ABI_WIL,TCU,D1,BIG12,20260303-TCU-2,54c550c0-1761-11f1-89da-3b5d2295cb78,77.27953,46.26798,NA,6.9167,NA,NA,NA,0.6255,3.1307,-0.11725,5cabaece-df46-4300-b3c7-55df33123daa,2026-03-04,00:30:21,2026-03-04T00:30:21Z,2026-03-04T00:30:21Z,NA,v3,5045,471223,5b1f43e35ca0421ba59ea357c474eb40,"Dallimore, Brady",834396,Right,TCU_HFG,64e4990d-fade-4731-a5a9-8e6a4aaea3f4,54.73742,-114.84288,11.34114,5.76488,3.29432,-17.41574,-1.79725,1.3783,4.08261,NA,0.6255,-0.81719,-6.87308,0.3509,-1.22417,4.02903,-6.64717,5.6041,-1.91636,3.1307,73.04467,-16.08171,1.13794,0.09639,-0.63011,0.9941,-0.81532,0.27386,-0.11725,-55.13751,-2.26435,0.03316,-0.51454,1.78324,-2.92977,2.46337,-0.84118,NA,NA,NA,NA,NA,NA,NA,NA,NA,NA,NA,NA,NA,NA,NA,NA,NA,NA,NA,NA,NA,NA,High,High,High,Low,Undefined,NA,NA,NA,NA,NA,NA,NA,NA,NA,NA,NA,NA,NA,NA,NA,NA,NA,NA,NA,NA,NA,NA,NA,NA,NA,NA,NA,NA,NA,NA,NA,NA,NA,NA,NA,NA,NA,NA,NA,NA,NA,NA,NA,NA,NA,NA,NA,NA,NA,NA,NA,NA,NA,NA,NA
NA,NA,NA,NA,NA,NA,NA,NA,NA,NA,NA,NA,NA,NA,NA,NA,52,2026-03-03,18:30:43,2,4,"Nelson, Cade",837519,Right,TCU_HFG,"Regala, Braden",815691,Left,ABI_WIL,Undefined,2,Top,1,0,2,Fastball,Sinker,FoulBallNotFieldable,Undefined,Undefined,Undefined,0,0,NA,92.41124,-1.290207,-2.738966,2490.226162,252.150629,02:30:00,5.85378,1.54533,6.16985,-25.81076,7.20024,18.52332,2.50957,0.55705,83.04717,-6.14421,0.602402,0.413524,65.63853,32.48198,-36.035272,4043.12395,80.92928,38.73528,-74.50125,189.1439,107.69983,-48.547393,3.175315,-10.49233,4.51351,-1.34686,50,5.7429500000000004,5.61208,-133.94487,-3.88078,-18.67497,34.40681,-24.14061,TCU_HFG,ABI_WIL,TCU,D1,BIG12,20260303-TCU-2,61759b40-1761-11f1-89da-3b5d2295cb78,91.14933,39.00164,NA,9.36407,NA,NA,NA,0.90988,2.57316,-0.66675,5cabaece-df46-4300-b3c7-55df33123daa,2026-03-04,00:30:43,2026-03-04T00:30:43Z,2026-03-04T00:30:43Z,FlyBall,v3,5045,471223,5b1f43e35ca0421ba59ea357c474eb40,"Dallimore, Brady",834396,Right,TCU_HFG,d99493ab-eedb-449c-9eb0-c18813ff59de,54.33105,-135.05282,17.20341,5.8554,-3.10342,-12.07031,-1.53726,6.21344,-9.33748,NA,0.90974,65.67536,-13.09169,2.52641,-0.60812,0.1798,-0.05206,0.00975,-7.4e-4,2.57317,51.70008,-20.61331,2.04144,-0.44858,0.12194,-0.03488,0.00816,-8.6e-4,-0.66662,-47.77913,1.9474,-0.50993,0.22364,-0.12462,0.04836,-0.01025,8.3e-4,NA,NA,NA,NA,NA,NA,NA,NA,NA,NA,NA,NA,NA,NA,NA,NA,NA,NA,NA,NA,NA,NA,High,High,High,High,Medium,NA,NA,NA,NA,NA,NA,NA,NA,NA,NA,NA,NA,NA,NA,NA,NA,NA,NA,NA,NA,NA,NA,NA,NA,NA,NA,NA,NA,NA,NA,NA,NA,NA,NA,NA,NA,NA,NA,NA,NA,NA,NA,NA,NA,NA,NA,NA,NA,NA,NA,NA,NA,NA,NA,NA
NA,NA,NA,NA,NA,NA,NA,NA,NA,NA,NA,NA,NA,NA,NA,NA,53,2026-03-03,18:31:25,2,5,"Nelson, Cade",837519,Right,TCU_HFG,"Regala, Braden",815691,Left,ABI_WIL,Undefined,2,Top,1,0,2,Fastball,Sinker,FoulBallNotFieldable,Undefined,Undefined,Undefined,0,0,NA,92.63506,-1.253829,-3.108035,2446.727218,236.936051,02:00:00,5.85841,1.50957,6.18384,-21.52001,10.64193,14.81725,2.90534,-0.12858,84.88523,-5.296068,-0.437461,0.408171,NA,NA,NA,NA,NA,NA,NA,NA,NA,NA,NA,-8.53607,6.15339,-1.2821,50,5.75258,6.68582,-134.50609,-3.64322,-15.67459,28.53774,-20.87469,TCU_HFG,ABI_WIL,TCU,D1,BIG12,20260303-TCU-2,7a94e180-1761-11f1-89da-3b5d2295cb78,92.34464,NA,NA,7.74983,NA,NA,NA,NA,NA,NA,5cabaece-df46-4300-b3c7-55df33123daa,2026-03-04,00:31:25,2026-03-04T00:31:25Z,2026-03-04T00:31:25Z,NA,v3,5045,471223,5b1f43e35ca0421ba59ea357c474eb40,"Dallimore, Brady",834396,Right,TCU_HFG,4b148e0c-749a-4239-93df-a6adc114958f,54.31962,-135.41947,14.26887,5.85849,-2.97511,-10.43735,-1.50412,7.18751,-7.83729,NA,NA,NA,NA,NA,NA,NA,NA,NA,NA,NA,NA,NA,NA,NA,NA,NA,NA,NA,NA,NA,NA,NA,NA,NA,NA,NA,NA,NA,NA,NA,NA,NA,NA,NA,NA,NA,NA,NA,NA,NA,NA,NA,NA,NA,NA,NA,NA,NA,NA,High,High,High,NA,NA,NA,NA,NA,NA,NA,NA,NA,NA,NA,NA,NA,NA,NA,NA,NA,NA,NA,NA,NA,NA,NA,NA,NA,NA,NA,NA,NA,NA,NA,NA,NA,NA,NA,NA,NA,NA,NA,NA,NA,NA,NA,NA,NA,NA,NA,NA,NA,NA,NA,NA,NA,NA,NA,NA,NA
NA,NA,NA,NA,NA,NA,NA,NA,NA,NA,NA,NA,NA,NA,NA,NA,54,2026-03-03,18:31:47,2,6,"Nelson, Cade",837519,Right,TCU_HFG,"Regala, Braden",815691,Left,ABI_WIL,Undefined,2,Top,1,0,2,Slider,Curveball,StrikeCalled,Strikeout,Undefined,Undefined,0,0,NA,79.05583,1.430778,0.349901,2305.628868,70.648942,08:15:00,5.73105,1.66888,5.46016,-50.57601,-4.35201,-17.17257,2.856,0.56537,71.40166,-7.831804,-2.711414,0.489334,NA,NA,NA,NA,NA,NA,NA,NA,NA,NA,NA,8.69351,-2.10665,-1.68785,50,5.82301,5.9e-4,-114.59291,1.1117,11.33858,24.95479,-34.92165,TCU_HFG,ABI_WIL,TCU,D1,BIG12,20260303-TCU-2,877e3d60-1761-11f1-89da-3b5d2295cb78,77.0281,NA,NA,7.65417,NA,NA,NA,NA,NA,NA,5cabaece-df46-4300-b3c7-55df33123daa,2026-03-04,00:31:47,2026-03-04T00:31:47Z,2026-03-04T00:31:47Z,NA,v3,5045,471223,5b1f43e35ca0421ba59ea357c474eb40,"Dallimore, Brady",834396,Right,TCU_HFG,c255aa7c-9192-4f0e-81a6-143e4abb09bc,55.04124,-115.68553,12.47739,5.74086,2.6407,-17.46083,-1.67701,-0.49586,5.66929,NA,NA,NA,NA,NA,NA,NA,NA,NA,NA,NA,NA,NA,NA,NA,NA,NA,NA,NA,NA,NA,NA,NA,NA,NA,NA,NA,NA,71.93232,NA,NA,0.901685,NA,NA,NA,0.514,5.21017,5.04347,71.39266,4.1375,53.39804,0.61727,87.32005,-9.73931,5.25305,11.18285,-13.75139,5.05464,55.9494,-2.58365,High,High,High,NA,NA,High,High,High,NA,NA,NA,NA,NA,NA,NA,NA,NA,NA,NA,NA,NA,NA,NA,NA,NA,NA,NA,NA,NA,NA,NA,NA,NA,NA,NA,NA,NA,NA,NA,NA,NA,NA,NA,NA,NA,NA,NA,NA,NA,NA,NA,NA,NA,NA,NA,NA,NA,NA,NA,NA
NA,NA,NA,NA,NA,NA,NA,NA,NA,NA,NA,NA,NA,NA,NA,NA,55,2026-03-03,18:32:18,3,1,"Nelson, Cade",837519,Right,TCU_HFG,"Payne, Zandt",822830,Left,ABI_WIL,Undefined,2,Top,2,0,0,ChangeUp,Changeup,BallCalled,Undefined,Undefined,Undefined,0,0,NA,84.27774,-1.02629,-0.963029,1808.340702,199.327315,12:45:00,5.84947,1.59105,6.29969,-21.29604,18.02178,5.81622,3.12892,1.18829,75.92151,-5.115818,0.088934,0.451301,NA,NA,NA,NA,NA,NA,NA,NA,NA,NA,NA,-3.29079,10.08075,-1.52268,50,5.76362,1.82259,-122.25163,-2.73652,-4.90031,27.70805,-17.16275,TCU_HFG,ABI_WIL,TCU,D1,BIG12,20260303-TCU-2,9a595b90-1761-11f1-89da-3b5d2295cb78,83.51958,NA,NA,8.35623,NA,NA,NA,NA,NA,NA,5cabaece-df46-4300-b3c7-55df33123daa,2026-03-04,00:32:18,2026-03-04T00:32:18Z,2026-03-04T00:32:18Z,NA,v3,5045,471223,5b1f43e35ca0421ba59ea357c474eb40,"Dallimore, Brady",834396,Right,TCU_HFG,28b3f1c8-02c7-4414-8692-91df76a0c41d,54.19673,-123.19914,13.85403,5.84716,-2.14962,-8.58137,-1.58787,1.99016,-2.45016,NA,NA,NA,NA,NA,NA,NA,NA,NA,NA,NA,NA,NA,NA,NA,NA,NA,NA,NA,NA,NA,NA,NA,NA,NA,NA,NA,NA,NA,NA,NA,NA,NA,NA,NA,NA,NA,NA,NA,NA,NA,NA,NA,NA,NA,NA,NA,NA,NA,NA,High,High,High,NA,NA,NA,NA,NA,NA,NA,NA,NA,NA,NA,NA,NA,NA,NA,NA,NA,NA,NA,NA,NA,NA,NA,NA,NA,NA,NA,NA,NA,NA,NA,NA,NA,NA,NA,NA,NA,NA,NA,NA,NA,NA,NA,NA,NA,NA,NA,NA,NA,NA,NA,NA,NA,NA,NA,NA,NA
NA,NA,NA,NA,NA,NA,NA,NA,NA,NA,NA,NA,NA,NA,NA,NA,56,2026-03-03,18:32:31,3,2,"Nelson, Cade",837519,Right,TCU_HFG,"Payne, Zandt",822830,Left,ABI_WIL,Undefined,2,Top,2,1,0,Fastball,Sinker,StrikeCalled,Undefined,Undefined,Undefined,0,0,NA,92.00979,-0.588804,-3.006764,2323.773572,246.904913,02:15:00,5.83011,1.60836,6.26742,-24.92852,7.88237,15.87158,3.20909,0.15625,83.48214,-5.276921,-0.140819,0.412269,NA,NA,NA,NA,NA,NA,NA,NA,NA,NA,NA,-9.05985,4.61579,-1.39247,50,5.77446,6.33001,-133.49403,-2.1888,-16.21904,30.86652,-23.91083,TCU_HFG,ABI_WIL,TCU,D1,BIG12,20260303-TCU-2,a2351390-1761-11f1-89da-3b5d2295cb78,91.42686,NA,NA,8.52764,NA,NA,NA,NA,NA,NA,5cabaece-df46-4300-b3c7-55df33123daa,2026-03-04,00:32:31,2026-03-04T00:32:31Z,2026-03-04T00:32:31Z,NA,v3,5045,471223,5b1f43e35ca0421ba59ea357c474eb40,"Dallimore, Brady",834396,Right,TCU_HFG,4f2f1180-98d2-40da-a8cf-5e14024414ff,54.23312,-134.46925,15.43326,5.83168,-1.43334,-11.95541,-1.60056,6.84244,-8.10952,NA,NA,NA,NA,NA,NA,NA,NA,NA,NA,NA,NA,NA,NA,NA,NA,NA,NA,NA,NA,NA,NA,NA,NA,NA,NA,NA,NA,NA,NA,NA,NA,NA,NA,NA,NA,NA,NA,NA,NA,NA,NA,NA,NA,NA,NA,NA,NA,NA,NA,High,High,High,NA,NA,NA,NA,NA,NA,NA,NA,NA,NA,NA,NA,NA,NA,NA,NA,NA,NA,NA,NA,NA,NA,NA,NA,NA,NA,NA,NA,NA,NA,NA,NA,NA,NA,NA,NA,NA,NA,NA,NA,NA,NA,NA,NA,NA,NA,NA,NA,NA,NA,NA,NA,NA,NA,NA,NA,NA
NA,NA,NA,NA,NA,NA,NA,NA,NA,NA,NA,NA,NA,NA,NA,NA,57,2026-03-03,18:32:45,3,3,"Nelson, Cade",837519,Right,TCU_HFG,"Payne, Zandt",822830,Left,ABI_WIL,Undefined,2,Top,2,1,1,Slider,Curveball,BallCalled,Undefined,Undefined,Undefined,0,0,NA,79.58427,0.073961,-0.101725,2395.334782,64.967216,08:15:00,5.79522,1.66014,5.91145,-49.93046,-5.08485,-14.37331,1.70301,0.36794,72.09938,-9.116859,-2.688981,0.481983,NA,NA,NA,NA,NA,NA,NA,NA,NA,NA,NA,7.31146,-2.13028,-1.64388,50,5.77312,0.75508,-115.48896,-1.474,9.6681,25.70424,-34.99095,TCU_HFG,ABI_WIL,TCU,D1,BIG12,20260303-TCU-2,aa85ad70-1761-11f1-89da-3b5d2295cb78,78.2029,NA,NA,7.48488,NA,NA,NA,NA,NA,NA,5cabaece-df46-4300-b3c7-55df33123daa,2026-03-04,00:32:45,2026-03-04T00:32:45Z,2026-03-04T00:32:45Z,NA,v3,5045,471223,5b1f43e35ca0421ba59ea357c474eb40,"Dallimore, Brady",834396,Right,TCU_HFG,c8c1f14e-c28a-44cf-9099-9c6084318fd7,54.59062,-116.50621,12.85212,5.80406,-0.08923,-17.49548,-1.66619,0.37246,4.83405,NA,NA,NA,NA,NA,NA,NA,NA,NA,NA,NA,NA,NA,NA,NA,NA,NA,NA,NA,NA,NA,NA,NA,NA,NA,NA,NA,NA,NA,NA,NA,NA,NA,NA,NA,NA,NA,NA,NA,NA,NA,NA,NA,NA,NA,NA,NA,NA,NA,NA,High,High,High,NA,NA,NA,NA,NA,NA,NA,NA,NA,NA,NA,NA,NA,NA,NA,NA,NA,NA,NA,NA,NA,NA,NA,NA,NA,NA,NA,NA,NA,NA,NA,NA,NA,NA,NA,NA,NA,NA,NA,NA,NA,NA,NA,NA,NA,NA,NA,NA,NA,NA,NA,NA,NA,NA,NA,NA,NA
NA,NA,NA,NA,NA,NA,NA,NA,NA,NA,NA,NA,NA,NA,NA,NA,58,2026-03-03,18:33:00,3,4,"Nelson, Cade",837519,Right,TCU_HFG,"Payne, Zandt",822830,Left,ABI_WIL,Undefined,2,Top,2,2,1,Slider,Slider,BallCalled,Undefined,Undefined,Undefined,0,0,NA,79.3246,0.740835,0.290747,1955.362323,155.534339,11:15:00,5.70835,1.85183,5.3922,-39.56171,6.53516,-2.19063,3.10595,1.94179,71.33968,-6.57002,-0.099024,0.48866,45.44056,-2.813487,-158.201195,3877.582421,NA,NA,NA,31.1958,31.1958,-155.692103,0.435893,1.18043,3.59295,-1.87628,50,5.74747,-0.49093,-114.87157,0.15819,1.54745,25.03189,-27.46403,TCU_HFG,ABI_WIL,TCU,D1,BIG12,20260303-TCU-2,b30b8820-1761-11f1-89da-3b5d2295cb78,77.13422,3.09275,NA,7.98492,NA,NA,NA,NA,NA,NA,5cabaece-df46-4300-b3c7-55df33123daa,2026-03-04,00:33:00,2026-03-04T00:33:00Z,2026-03-04T00:33:00Z,GroundBall,v3,5045,471223,5b1f43e35ca0421ba59ea357c474eb40,"Dallimore, Brady",834396,Right,TCU_HFG,0549f904-9798-4d1e-a9b6-ce7d13071ed4,55.10382,-115.97842,12.51595,5.71363,1.37258,-13.73201,-1.85306,-0.55935,0.77373,NA,-2.87822,-61.62711,6.92841,NA,NA,NA,NA,NA,NA,3.09192,-3.24441,-8.82652,NA,NA,NA,NA,NA,NA,-2.25734,-24.69252,0.94761,NA,NA,NA,NA,NA,NA,NA,NA,NA,NA,NA,NA,NA,NA,NA,NA,NA,NA,NA,NA,NA,NA,NA,NA,NA,NA,NA,NA,High,High,High,Medium,High,NA,NA,NA,NA,NA,NA,NA,NA,NA,NA,NA,NA,NA,NA,NA,NA,NA,NA,NA,NA,NA,NA,NA,NA,NA,NA,NA,NA,NA,NA,NA,NA,NA,NA,NA,NA,NA,NA,NA,NA,NA,NA,NA,NA,NA,NA,NA,NA,NA,NA,NA,NA,NA,NA,NA
NA,NA,NA,NA,NA,NA,NA,NA,NA,NA,NA,NA,NA,NA,NA,NA,59,2026-03-03,18:33:24,3,5,"Nelson, Cade",837519,Right,TCU_HFG,"Payne, Zandt",822830,Left,ABI_WIL,Undefined,2,Top,2,3,1,Fastball,Sinker,StrikeCalled,Undefined,Undefined,Undefined,0,0,NA,91.15098,-2.372734,-3.669918,2258.824007,243.975124,02:15:00,5.86402,1.47277,6.41792,-24.529419999999998,8.79784,15.67832,1.63277,-0.5993,82.88745,-6.987004,-0.832041,0.4155,NA,NA,NA,NA,NA,NA,NA,NA,NA,NA,NA,-9.30863,5.65122,-1.21706,50,5.68298,7.84416,-132.11767,-6.24678,-16.31273,30.3903,-22.2707,TCU_HFG,ABI_WIL,TCU,D1,BIG12,20260303-TCU-2,c18dd380-1761-11f1-89da-3b5d2295cb78,90.71579,NA,NA,8.26353,NA,NA,NA,NA,NA,NA,5cabaece-df46-4300-b3c7-55df33123daa,2026-03-04,00:33:24,2026-03-04T00:33:24Z,2026-03-04T00:33:24Z,NA,v3,5045,471223,5b1f43e35ca0421ba59ea357c474eb40,"Dallimore, Brady",834396,Right,TCU_HFG,6be810a9-7df8-4e90-9c1d-55b0aee85c9e,54.08445,-133.05388,15.19515,5.86485,-5.56071,-11.13535,-1.46645,8.34669,-8.15637,NA,NA,NA,NA,NA,NA,NA,NA,NA,NA,NA,NA,NA,NA,NA,NA,NA,NA,NA,NA,NA,NA,NA,NA,NA,NA,NA,NA,NA,NA,NA,NA,NA,NA,NA,NA,NA,NA,NA,NA,NA,NA,NA,NA,NA,NA,NA,NA,NA,NA,High,High,High,NA,NA,NA,NA,NA,NA,NA,NA,NA,NA,NA,NA,NA,NA,NA,NA,NA,NA,NA,NA,NA,NA,NA,NA,NA,NA,NA,NA,NA,NA,NA,NA,NA,NA,NA,NA,NA,NA,NA,NA,NA,NA,NA,NA,NA,NA,NA,NA,NA,NA,NA,NA,NA,NA,NA,NA,NA
NA,NA,NA,NA,NA,NA,NA,NA,NA,NA,NA,NA,NA,NA,NA,NA,60,2026-03-03,18:33:43,3,6,"Nelson, Cade",837519,Right,TCU_HFG,"Payne, Zandt",822830,Left,ABI_WIL,Undefined,2,Top,2,3,2,Slider,Slider,InPlay,Undefined,FlyBall,Out,1,0,NA,78.98099,-0.152032,-1.584835,2219.913015,101.150742,09:15:00,5.78699,1.64593,5.67172,-43.56865,2.69819,-4.62225,2.01447,-0.21731,70.97092,-8.200774,-2.411715,0.48956,96.39773,44.421897,24.207156,3664.925259,97.92734,107.22674,50.10213,284.69879,133.71121,31.444381,6.122239,1.79461,1.89484,-1.50903,50,5.74691,3.34368,-114.40652,-1.70334,2.31569,26.30265,-29.72903,TCU_HFG,ABI_WIL,TCU,D1,BIG12,20260303-TCU-2,cd2ea9d0-1761-11f1-89da-3b5d2295cb78,76.99241,136.42878,NA,8.01007,NA,NA,NA,2.49228,2.3742,0.13633,5cabaece-df46-4300-b3c7-55df33123daa,2026-03-04,00:33:43,2026-03-04T00:33:43Z,2026-03-04T00:33:43Z,FlyBall,v3,5045,471223,5b1f43e35ca0421ba59ea357c474eb40,"Dallimore, Brady",834396,Right,TCU_HFG,099fbfb1-0556-45e3-aca9-cf3d604638f2,54.82834,-115.51125,13.15133,5.79223,-0.4547,-14.86451,-1.64743,3.24642,1.15784,NA,2.50022,91.95415,-27.32267,7.34745,-1.33364,0.14155,-0.00467,-4.6e-4,3e-5,2.36875,99.03829,-20.70758,0.76637,0.18762,-0.10339,0.02451,-0.0029,1.3e-4,0.13904,41.35867,-7.09373,1.38456,-0.14122,-0.00719,0.00392,-4e-4,1e-5,NA,NA,NA,NA,NA,NA,NA,NA,NA,NA,NA,NA,NA,NA,NA,NA,NA,NA,NA,NA,NA,NA,High,High,High,High,Low,NA,NA,NA,NA,NA,NA,NA,NA,NA,NA,NA,NA,NA,NA,NA,NA,NA,NA,NA,NA,NA,NA,NA,NA,NA,NA,NA,NA,NA,NA,NA,NA,NA,NA,NA,NA,NA,NA,NA,NA,NA,NA,NA,NA,NA,NA,NA,NA,NA,NA,NA,NA,NA,NA,NA
NA,NA,NA,NA,NA,NA,NA,NA,NA,NA,NA,NA,NA,NA,NA,NA,61,2026-03-03,18:36:04,1,1,"Young, Logan",10121421,Right,ABI_WIL,"Traeger, Nolan",807253,Left,TCU_HFG,Undefined,2,Bottom,0,0,0,Fastball,Sinker,InPlay,Undefined,FlyBall,Out,1,0,NA,86.82482,-1.292159,-1.958356,2317.847088,228.864701,01:45:00,6.47336,1.32341,5.17265,-22.94257,15.83572,16.46363,3.34452,0.85167,78.02541,-5.587376,0.956893,0.448194,91.81693,40.622432,-13.854699,4249.088836,104.24617,90.07564,-35.10936,303.76225,149.42923,-24.439622,5.696661,-8.90174,8.73583,-1.15431,50,6.33616,3.56078,-125.68849,-3.61811,-13.97709,29.85959,-18.45746,TCU_HFG,ABI_WIL,TCU,D1,BIG12,20260303-TCU-2,20f61cb0-1762-11f1-89da-3b5d2295cb78,84.09856,114.20805,NA,8.79941,NA,NA,NA,1.26004,3.37169,-0.82329,5cabaece-df46-4300-b3c7-55df33123daa,2026-03-04,00:36:04,2026-03-04T00:36:04Z,2026-03-04T00:36:04Z,FlyBall,v3,5045,471223,5b1f43e35ca0421ba59ea357c474eb40,"Gray, Brady",830795,Right,ABI_WIL,631ebfbd-5ef7-4031-8863-8b92fac4b6e2,55.32802,-126.94795,14.9298,6.47235,-2.83959,-9.22873,-1.31694,4.15032,-6.98855,159.402922,1.26513,99.14687,-24.83023,5.99868,-0.86428,0.01201,0.01952,-0.00297,1.4e-4,3.36826,87.71862,-19.47318,0.94186,-0.0253,-0.03046,0.01274,-0.00203,1.1e-4,-0.82362,-24.46901,-0.9376,0.85865,-0.24173,0.03478,-0.00152,-1.7e-4,2e-5,NA,NA,NA,NA,NA,NA,NA,NA,NA,NA,NA,NA,NA,NA,NA,NA,NA,NA,NA,NA,NA,NA,High,High,High,High,Low,NA,NA,NA,NA,NA,NA,NA,NA,NA,NA,NA,NA,NA,NA,NA,NA,NA,NA,NA,NA,NA,NA,NA,NA,NA,NA,NA,NA,NA,NA,NA,NA,NA,NA,NA,NA,NA,NA,NA,NA,NA,NA,NA,NA,NA,NA,NA,NA,NA,NA,NA,NA,NA,NA,NA
NA,NA,NA,NA,NA,NA,NA,NA,NA,NA,NA,NA,NA,NA,NA,NA,62,2026-03-03,18:36:40,2,1,"Young, Logan",10121421,Right,ABI_WIL,"Gargett, Kyuss",812291,Right,TCU_HFG,Undefined,2,Bottom,1,0,0,Fastball,Sinker,StrikeCalled,Undefined,Undefined,Undefined,0,0,NA,87.97185,-1.686131,-3.245841,2378.525119,239.523422,02:00:00,6.50362,1.21388,5.23595,-26.30824,11.36386,16.94284,2.72332,-0.42854,79.29572,-6.562075,-0.244977,0.441755,NA,NA,NA,NA,NA,NA,NA,NA,NA,NA,NA,-9.45075,6.61882,-0.92781,50,6.32902,6.43226,-127.22761,-4.6981,-15.25858,29.75113,-21.48775,TCU_HFG,ABI_WIL,TCU,D1,BIG12,20260303-TCU-2,36190800-1762-11f1-89da-3b5d2295cb78,85.32434,NA,NA,8.67613,NA,NA,NA,NA,NA,NA,5cabaece-df46-4300-b3c7-55df33123daa,2026-03-04,00:36:40,2026-03-04T00:36:40Z,2026-03-04T00:36:40Z,NA,v3,5045,471223,5b1f43e35ca0421ba59ea357c474eb40,"Gray, Brady",830795,Right,ABI_WIL,cbeb09ff-bebb-4974-9406-08349ef4715c,55.26337,-128.4525,14.87557,6.50424,-3.81342,-10.74388,-1.20557,7.06049,-7.62929,NA,NA,NA,NA,NA,NA,NA,NA,NA,NA,NA,NA,NA,NA,NA,NA,NA,NA,NA,NA,NA,NA,NA,NA,NA,NA,NA,NA,NA,NA,NA,NA,NA,NA,NA,NA,NA,NA,NA,NA,NA,NA,NA,NA,NA,NA,NA,NA,NA,NA,High,High,High,NA,NA,NA,NA,NA,NA,NA,NA,NA,NA,NA,NA,NA,NA,NA,NA,NA,NA,NA,NA,NA,NA,NA,NA,NA,NA,NA,NA,NA,NA,NA,NA,NA,NA,NA,NA,NA,NA,NA,NA,NA,NA,NA,NA,NA,NA,NA,NA,NA,NA,NA,NA,NA,NA,NA,NA,NA
NA,NA,NA,NA,NA,NA,NA,NA,NA,NA,NA,NA,NA,NA,NA,NA,63,2026-03-03,18:36:57,2,2,"Young, Logan",10121421,Right,ABI_WIL,"Gargett, Kyuss",812291,Right,TCU_HFG,Undefined,2,Bottom,1,0,1,ChangeUp,Changeup,BallCalled,Undefined,Undefined,Undefined,0,0,NA,81.6843,-2.325912,-2.984885,1482.277449,263.041342,02:45:00,6.03375,1.42595,5.60422,-39.71345,3.37418,14.81446,0.54877,-0.12861,74.19091,-9.604113,-0.336668,0.472441,NA,NA,NA,NA,NA,NA,NA,NA,NA,NA,NA,-8.52922,2.88264,-1.18018,50,5.80852,5.57839,-118.24426,-6.1396,-11.87879,25.97541,-28.15935,TCU_HFG,ABI_WIL,TCU,D1,BIG12,20260303-TCU-2,40846b90-1762-11f1-89da-3b5d2295cb78,79.78227,NA,NA,7.49339,NA,NA,NA,NA,NA,NA,5cabaece-df46-4300-b3c7-55df33123daa,2026-03-04,00:36:57,2026-03-04T00:36:57Z,2026-03-04T00:36:57Z,NA,v3,5045,471223,5b1f43e35ca0421ba59ea357c474eb40,"Gray, Brady",830795,Right,ABI_WIL,82b0930f-ec03-49b3-b355-5d93bc54f300,54.89805,-119.31539,12.98771,6.03775,-4.97841,-14.07967,-1.42032,6.06823,-5.9394,NA,NA,NA,NA,NA,NA,NA,NA,NA,NA,NA,NA,NA,NA,NA,NA,NA,NA,NA,NA,NA,NA,NA,NA,NA,NA,NA,NA,NA,NA,NA,NA,NA,NA,NA,NA,NA,NA,NA,NA,NA,NA,NA,NA,NA,NA,NA,NA,NA,NA,High,High,High,NA,NA,NA,NA,NA,NA,NA,NA,NA,NA,NA,NA,NA,NA,NA,NA,NA,NA,NA,NA,NA,NA,NA,NA,NA,NA,NA,NA,NA,NA,NA,NA,NA,NA,NA,NA,NA,NA,NA,NA,NA,NA,NA,NA,NA,NA,NA,NA,NA,NA,NA,NA,NA,NA,NA,NA,NA
NA,NA,NA,NA,NA,NA,NA,NA,NA,NA,NA,NA,NA,NA,NA,NA,64,2026-03-03,18:37:16,2,3,"Young, Logan",10121421,Right,ABI_WIL,"Gargett, Kyuss",812291,Right,TCU_HFG,Undefined,2,Bottom,1,1,1,Fastball,Sinker,InPlay,Undefined,GroundBall,Out,1,0,NA,87.89085,-2.072465,-1.826417,2346.083079,236.868344,02:00:00,6.46547,1.27089,5.03076,-24.9821,13.04469,17.81647,2.42626,1.03166,79.20157,-6.69633,1.322038,0.44383,85.38981,5.811462,-2.662061,1041.80379,NA,NA,NA,90.94798,90.66075,-2.755404,0.797874,-9.43843,7.54583,-1.11131,50,6.24773,3.22842,-127.17242,-5.51345,-15.19661,30.17839,-20.02464,TCU_HFG,ABI_WIL,TCU,D1,BIG12,20260303-TCU-2,4bcce8b0-1762-11f1-89da-3b5d2295cb78,84.92548,4.34486,NA,8.68928,NA,NA,NA,0.51652,2.40596,-1.00402,5cabaece-df46-4300-b3c7-55df33123daa,2026-03-04,00:37:16,2026-03-04T00:37:16Z,2026-03-04T00:37:16Z,GroundBall,v3,5045,471223,5b1f43e35ca0421ba59ea357c474eb40,"Gray, Brady",830795,Right,ABI_WIL,0e436897-60b5-4680-a764-611a2c9557b7,55.46952,-128.46379,15.0892,6.46532,-4.65657,-10.01232,-1.26337,3.87871,-7.59831,337.285506,0.55719,123.76582,-13.35378,NA,NA,NA,NA,NA,NA,2.45193,11.89847,-18.83117,NA,NA,NA,NA,NA,NA,-1.01308,-5.63152,1.79463,NA,NA,NA,NA,NA,NA,NA,NA,NA,NA,NA,NA,NA,NA,NA,NA,NA,NA,NA,NA,NA,NA,NA,NA,NA,NA,NA,NA,High,High,High,High,High,NA,NA,NA,NA,NA,NA,NA,NA,NA,NA,NA,NA,NA,NA,NA,NA,NA,NA,NA,NA,NA,NA,NA,NA,NA,NA,NA,NA,NA,NA,NA,NA,NA,NA,NA,NA,NA,NA,NA,NA,NA,NA,NA,NA,NA,NA,NA,NA,NA,NA,NA,NA,NA,NA,NA
NA,NA,NA,NA,NA,NA,NA,NA,NA,NA,NA,NA,NA,NA,NA,NA,65,2026-03-03,18:41:46,3,1,"Young, Logan",10121421,Right,ABI_WIL,"Dallimore, Brady",834396,Right,TCU_HFG,Undefined,2,Bottom,2,0,0,Fastball,Sinker,StrikeCalled,Undefined,Undefined,Undefined,0,0,NA,88.21103,-1.510797,-1.995646,2380.656854,225.222368,01:30:00,6.46454,1.07733,4.99772,-22.61352,15.0893,13.81713,3.15247,0.34381,79.5247,-5.719165,0.442977,0.441935,NA,NA,NA,NA,NA,NA,NA,NA,NA,NA,NA,-7.4141,8.33276,-0.89687,50,6.30146,3.78773,-127.64478,-4.1763,-12.06553,29.61445,-18.61351,TCU_HFG,ABI_WIL,TCU,D1,BIG12,20260303-TCU-2,ecc65210-1762-11f1-89da-3b5d2295cb78,85.28958,NA,NA,8.68634,NA,NA,NA,NA,NA,NA,5cabaece-df46-4300-b3c7-55df33123daa,2026-03-04,00:41:46,2026-03-04T00:41:46Z,2026-03-04T00:41:46Z,NA,v3,5045,471223,5b1f43e35ca0421ba59ea357c474eb40,"Gray, Brady",830795,Right,ABI_WIL,0f77ed3d-67c7-400c-b55f-9f677416c870,55.50043,-128.91461,14.80722,6.46343,-3.37819,-9.30675,-1.07038,4.30508,-6.03277,NA,NA,NA,NA,NA,NA,NA,NA,NA,NA,NA,NA,NA,NA,NA,NA,NA,NA,NA,NA,NA,NA,NA,NA,NA,NA,NA,NA,NA,NA,NA,NA,NA,NA,NA,NA,NA,NA,NA,NA,NA,NA,NA,NA,NA,NA,NA,NA,NA,NA,High,High,High,NA,NA,NA,NA,NA,NA,NA,NA,NA,NA,NA,NA,NA,NA,NA,NA,NA,NA,NA,NA,NA,NA,NA,NA,NA,NA,NA,NA,NA,NA,NA,NA,NA,NA,NA,NA,NA,NA,NA,NA,NA,NA,NA,NA,NA,NA,NA,NA,NA,NA,NA,NA,NA,NA,NA,NA,NA
NA,NA,NA,NA,NA,NA,NA,NA,NA,NA,NA,NA,NA,NA,NA,NA,66,2026-03-03,18:42:01,3,2,"Young, Logan",10121421,Right,ABI_WIL,"Dallimore, Brady",834396,Right,TCU_HFG,Undefined,2,Bottom,2,0,1,Curveball,Curveball,StrikeCalled,Undefined,Undefined,Undefined,0,0,NA,77.89126,0.213632,-2.201789,2165.209143,13.935294,06:30:00,6.07996,1.47257,4.87054,-54.09212,-5.5915,-1.80748,1.77461,-0.76279,70.94691,-9.529674,-2.520525,0.501239,NA,NA,NA,NA,NA,NA,NA,NA,NA,NA,NA,0.19059,-2.31815,-1.25413,50,6.0551,4.41239,-112.79757,-1.56271,0.24221,23.12043,-35.1201,TCU_HFG,ABI_WIL,TCU,D1,BIG12,20260303-TCU-2,f5c97310-1762-11f1-89da-3b5d2295cb78,75.19852,NA,NA,6.94435,NA,NA,NA,NA,NA,NA,5cabaece-df46-4300-b3c7-55df33123daa,2026-03-04,00:42:01,2026-03-04T00:42:01Z,2026-03-04T00:42:01Z,NA,v3,5045,471223,5b1f43e35ca0421ba59ea357c474eb40,"Gray, Brady",830795,Right,ABI_WIL,16585137-a2ca-4845-8335-6ccc110de756,55.63145,-113.94602,11.56021,6.08939,0.18179,-17.56005,-1.473,4.40036,0.1211,NA,NA,NA,NA,NA,NA,NA,NA,NA,NA,NA,NA,NA,NA,NA,NA,NA,NA,NA,NA,NA,NA,NA,NA,NA,NA,NA,NA,NA,NA,NA,NA,NA,NA,NA,NA,NA,NA,NA,NA,NA,NA,NA,NA,NA,NA,NA,NA,NA,NA,High,High,High,NA,NA,NA,NA,NA,NA,NA,NA,NA,NA,NA,NA,NA,NA,NA,NA,NA,NA,NA,NA,NA,NA,NA,NA,NA,NA,NA,NA,NA,NA,NA,NA,NA,NA,NA,NA,NA,NA,NA,NA,NA,NA,NA,NA,NA,NA,NA,NA,NA,NA,NA,NA,NA,NA,NA,NA,NA
NA,NA,NA,NA,NA,NA,NA,NA,NA,NA,NA,NA,NA,NA,NA,NA,67,2026-03-03,18:42:19,3,3,"Young, Logan",10121421,Right,ABI_WIL,"Dallimore, Brady",834396,Right,TCU_HFG,Undefined,2,Bottom,2,0,2,Curveball,Curveball,BallCalled,Undefined,Undefined,Undefined,0,0,NA,77.7751,-1.549726,-2.738977,2229.167617,22.366953,06:45:00,6.09088,1.45045,4.84401,-54.18212,-5.39516,-2.91886,0.10634,-1.38811,71.18894,-11.246219,-3.253946,0.502717,NA,NA,NA,NA,NA,NA,NA,NA,NA,NA,NA,0.5711,-1.73126,-1.17673,50,5.8908,5.504,-112.54889,-5.01973,0.722,23.17428,-34.36273,TCU_HFG,ABI_WIL,TCU,D1,BIG12,20260303-TCU-2,008826c0-1763-11f1-89da-3b5d2295cb78,74.97751,NA,NA,6.58616,NA,NA,NA,NA,NA,NA,5cabaece-df46-4300-b3c7-55df33123daa,2026-03-04,00:42:19,2026-03-04T00:42:19Z,2026-03-04T00:42:19Z,NA,v3,5045,471223,5b1f43e35ca0421ba59ea357c474eb40,"Gray, Brady",830795,Right,ABI_WIL,7fa8a52e-d763-4877-877b-d24cd265b9c7,55.65899,-113.70813,11.58714,6.09891,-3.30081,-17.18137,-1.45115,5.46788,0.361,NA,NA,NA,NA,NA,NA,NA,NA,NA,NA,NA,NA,NA,NA,NA,NA,NA,NA,NA,NA,NA,NA,NA,NA,NA,NA,NA,NA,NA,NA,NA,NA,NA,NA,NA,NA,NA,NA,NA,NA,NA,NA,NA,NA,NA,NA,NA,NA,NA,NA,High,High,High,NA,NA,NA,NA,NA,NA,NA,NA,NA,NA,NA,NA,NA,NA,NA,NA,NA,NA,NA,NA,NA,NA,NA,NA,NA,NA,NA,NA,NA,NA,NA,NA,NA,NA,NA,NA,NA,NA,NA,NA,NA,NA,NA,NA,NA,NA,NA,NA,NA,NA,NA,NA,NA,NA,NA,NA,NA
NA,NA,NA,NA,NA,NA,NA,NA,NA,NA,NA,NA,NA,NA,NA,NA,68,2026-03-03,18:42:40,3,4,"Young, Logan",10121421,Right,ABI_WIL,"Dallimore, Brady",834396,Right,TCU_HFG,Undefined,2,Bottom,2,1,2,ChangeUp,Changeup,BallCalled,Undefined,Undefined,Undefined,0,0,NA,81.48977,-0.732865,-2.097924,1411.038234,280.907511,03:15:00,5.97834,1.49374,5.35529,-44.5779,-1.4598,14.86064,1.57566,0.76359,74.70604,-8.837721,0.547813,0.472608,NA,NA,NA,NA,NA,NA,NA,NA,NA,NA,NA,-8.08662,-0.11169,-1.31594,50,5.88044,3.72159,-118.2283,-3.10015,-11.39023,23.56397,-32.33135,TCU_HFG,ABI_WIL,TCU,D1,BIG12,20260303-TCU-2,0d113a30-1763-11f1-89da-3b5d2295cb78,79.7541,NA,NA,6.78373,NA,NA,NA,NA,NA,NA,5cabaece-df46-4300-b3c7-55df33123daa,2026-03-04,00:42:40,2026-03-04T00:42:40Z,2026-03-04T00:42:40Z,NA,v3,5045,471223,5b1f43e35ca0421ba59ea357c474eb40,"Gray, Brady",830795,Right,ABI_WIL,ee1e7b6f-4678-4a59-bfa2-d3c3fc5267a1,55.14833,-119.25,11.78199,5.98447,-1.69832,-16.16568,-1.48801,4.21546,-5.69512,NA,NA,NA,NA,NA,NA,NA,NA,NA,NA,NA,NA,NA,NA,NA,NA,NA,NA,NA,NA,NA,NA,NA,NA,NA,NA,NA,NA,NA,NA,NA,NA,NA,NA,NA,NA,NA,NA,NA,NA,NA,NA,NA,NA,NA,NA,NA,NA,NA,NA,High,High,High,NA,NA,NA,NA,NA,NA,NA,NA,NA,NA,NA,NA,NA,NA,NA,NA,NA,NA,NA,NA,NA,NA,NA,NA,NA,NA,NA,NA,NA,NA,NA,NA,NA,NA,NA,NA,NA,NA,NA,NA,NA,NA,NA,NA,NA,NA,NA,NA,NA,NA,NA,NA,NA,NA,NA,NA,NA
NA,NA,NA,NA,NA,NA,NA,NA,NA,NA,NA,NA,NA,NA,NA,NA,69,2026-03-03,18:42:58,3,5,"Young, Logan",10121421,Right,ABI_WIL,"Dallimore, Brady",834396,Right,TCU_HFG,Undefined,2,Bottom,2,2,2,ChangeUp,Changeup,FoulBallNotFieldable,Undefined,Undefined,Undefined,0,0,NA,80.87804,-0.418486,-3.020163,1356.212855,273.292558,03:00:00,5.96077,1.4505,5.39299,-43.13077,0.47055,15.85643,1.97376,-0.0614,74.27462,-8.27466,-0.19954,0.475249,NA,NA,NA,NA,NA,NA,NA,NA,NA,NA,NA,-8.88386,0.71221,-1.19233,50,5.89266,5.55821,-117.32404,-2.3554,-12.36906,22.42519,-31.18244,TCU_HFG,ABI_WIL,TCU,D1,BIG12,20260303-TCU-2,17e1c830-1763-11f1-89da-3b5d2295cb78,79.31092,NA,NA,6.60342,NA,NA,NA,NA,NA,NA,5cabaece-df46-4300-b3c7-55df33123daa,2026-03-04,00:42:58,2026-03-04T00:42:58Z,2026-03-04T00:42:58Z,NA,v3,5045,471223,5b1f43e35ca0421ba59ea357c474eb40,"Gray, Brady",830795,Right,ABI_WIL,e09c42bf-2aaf-4768-b7c3-d2c9915a31eb,55.11163,-118.29703,11.2126,5.96551,-1.00244,-15.59122,-1.44513,6.09488,-6.18453,NA,NA,NA,NA,NA,NA,NA,NA,NA,NA,NA,NA,NA,NA,NA,NA,NA,NA,NA,NA,NA,NA,NA,NA,NA,NA,NA,NA,NA,NA,NA,NA,NA,NA,NA,NA,NA,NA,NA,NA,NA,NA,NA,NA,NA,NA,NA,NA,NA,NA,High,High,High,NA,NA,NA,NA,NA,NA,NA,NA,NA,NA,NA,NA,NA,NA,NA,NA,NA,NA,NA,NA,NA,NA,NA,NA,NA,NA,NA,NA,NA,NA,NA,NA,NA,NA,NA,NA,NA,NA,NA,NA,NA,NA,NA,NA,NA,NA,NA,NA,NA,NA,NA,NA,NA,NA,NA,NA,NA
NA,NA,NA,NA,NA,NA,NA,NA,NA,NA,NA,NA,NA,NA,NA,NA,70,2026-03-03,18:43:24,3,6,"Young, Logan",10121421,Right,ABI_WIL,"Dallimore, Brady",834396,Right,TCU_HFG,Undefined,2,Bottom,2,2,2,Fastball,Four-Seam,FoulBallNotFieldable,Undefined,Undefined,Undefined,0,0,NA,89.36698,-1.083246,-3.253155,2341.841885,223.942384,01:30:00,6.30102,1.27955,5.531,-20.8154,14.81706,13.14969,3.55199,-0.66909,81.3903,-4.982182,-0.913396,0.42963,73.31828,34.926029,150.633854,4540.526056,NA,NA,NA,NA,45.55074,NA,NA,-7.58469,8.14189,-1.00566,50,6.1931,6.78245,-129.52918,-3.14911,-12.85248,27.71136,-18.37735,TCU_HFG,ABI_WIL,TCU,D1,BIG12,20260303-TCU-2,27073160-1763-11f1-89da-3b5d2295cb78,87.73237,29.5719,NA,7.97668,NA,NA,NA,-0.17705,3.43516,0.73204,5cabaece-df46-4300-b3c7-55df33123daa,2026-03-04,00:43:24,2026-03-04T00:43:24Z,2026-03-04T00:43:24Z,NA,v3,5045,471223,5b1f43e35ca0421ba59ea357c474eb40,"Gray, Brady",830795,Right,ABI_WIL,822782b2-eacd-4331-9bc4-28051d7ddef3,54.97096,-130.58834,13.85568,6.30003,-2.44671,-9.18867,-1.27428,7.27369,-6.42624,303.702569,-0.17705,-76.83671,3.16883,1.07189,-0.21567,0.20079,-0.2575,0.20181,-0.04459,3.43516,61.56482,-25.26116,2.65894,-0.54776,0.35373,-0.25965,-0.15674,0.34785,0.73204,43.23548,-10.1706,1.0927,-0.25941,0.08072,-0.01747,-0.11189,0.13245,NA,NA,NA,NA,NA,NA,NA,NA,NA,NA,NA,NA,NA,NA,NA,NA,NA,NA,NA,NA,NA,NA,High,High,High,High,Undefined,NA,NA,NA,NA,NA,NA,NA,NA,NA,NA,NA,NA,NA,NA,NA,NA,NA,NA,NA,NA,NA,NA,NA,NA,NA,NA,NA,NA,NA,NA,NA,NA,NA,NA,NA,NA,NA,NA,NA,NA,NA,NA,NA,NA,NA,NA,NA,NA,NA,NA,NA,NA,NA,NA,NA
NA,NA,NA,NA,NA,NA,NA,NA,NA,NA,NA,NA,NA,NA,NA,NA,71,2026-03-03,18:43:50,3,7,"Young, Logan",10121421,Right,ABI_WIL,"Dallimore, Brady",834396,Right,TCU_HFG,Undefined,2,Bottom,2,2,2,Fastball,Four-Seam,BallCalled,Undefined,Undefined,Undefined,0,0,NA,88.70461,-0.482132,-1.568833,2396.341048,218.39552,01:15:00,6.40323,1.20047,5.00428,-20.6134,16.73962,12.16363,4.23011,0.73271,79.60725,-4.353452,0.577853,0.43988,NA,NA,NA,NA,NA,NA,NA,NA,NA,NA,NA,-6.483,8.81823,-1.05991,50,6.34105,2.93065,-128.37565,-1.79413,-10.63715,30.73944,-17.7053,TCU_HFG,ABI_WIL,TCU,D1,BIG12,20260303-TCU-2,36abb5a0-1763-11f1-89da-3b5d2295cb78,85.687970000000007,NA,NA,9.09736,NA,NA,NA,NA,NA,NA,5cabaece-df46-4300-b3c7-55df33123daa,2026-03-04,00:43:50,2026-03-04T00:43:50Z,2026-03-04T00:43:50Z,NA,v3,5045,471223,5b1f43e35ca0421ba59ea357c474eb40,"Gray, Brady",830795,Right,ABI_WIL,0aebfb2c-4747-4fcb-a38f-e7e5b6241ab1,55.49318,-129.68432,15.36972,6.40138,-1.04036,-8.85265,-1.19432,3.3835,-5.31857,NA,NA,NA,NA,NA,NA,NA,NA,NA,NA,NA,NA,NA,NA,NA,NA,NA,NA,NA,NA,NA,NA,NA,NA,NA,NA,NA,NA,NA,NA,NA,NA,NA,NA,NA,NA,NA,NA,NA,NA,NA,NA,NA,NA,NA,NA,NA,NA,NA,NA,High,High,High,NA,NA,NA,NA,NA,NA,NA,NA,NA,NA,NA,NA,NA,NA,NA,NA,NA,NA,NA,NA,NA,NA,NA,NA,NA,NA,NA,NA,NA,NA,NA,NA,NA,NA,NA,NA,NA,NA,NA,NA,NA,NA,NA,NA,NA,NA,NA,NA,NA,NA,NA,NA,NA,NA,NA,NA,NA
NA,NA,NA,NA,NA,NA,NA,NA,NA,NA,NA,NA,NA,NA,NA,NA,72,2026-03-03,18:44:10,3,8,"Young, Logan",10121421,Right,ABI_WIL,"Dallimore, Brady",834396,Right,TCU_HFG,Undefined,2,Bottom,2,3,2,Fastball,Sinker,FoulBallNotFieldable,Undefined,Undefined,Undefined,0,0,NA,88.34134,-0.904431,-2.003677,2423.700945,239.290848,02:00:00,6.31547,1.26771,5.10905,-26.904419999999998,10.4239,15.31473,3.22069,0.65529,79.86379,-5.872166,0.705545,0.439735,52.4156,49.438857,53.305741,5276.305327,NA,NA,NA,132.34796,88.2151,64.593581,3.717163,-8.26666,5.8428,-1.09143,50,6.20961,3.77309,-127.96447,-3.01988,-13.53785,29.45047,-22.60561,TCU_HFG,ABI_WIL,TCU,D1,BIG12,20260303-TCU-2,428f3a40-1763-11f1-89da-3b5d2295cb78,85.71634,52.25724,NA,8.47756,NA,NA,NA,0.20185,3.21699,-0.63096,5cabaece-df46-4300-b3c7-55df33123daa,2026-03-04,00:44:10,2026-03-04T00:44:10Z,2026-03-04T00:44:10Z,Popup,v3,5045,471223,5b1f43e35ca0421ba59ea357c474eb40,"Gray, Brady",830795,Right,ABI_WIL,dc4fa3c2-7de3-40d0-b807-64cbf0d7c641,55.39208,-129.19947,14.72523,6.31637,-2.07192,-11.3028,-1.26156,4.34079,-6.76893,212.971359,0.22938,29.07459,-3.30621,-7.50763,9.3979,-5.39438,1.60739,-0.23641,0.01349,3.22135,58.25336,-18.12803,-1.1133,2.6784,-1.85839,0.67447,-0.12307,0.00886,-0.63469,40.16459,-2.75919,0.36914,0.1381,-0.34923,0.20722,-0.05096,0.00451,NA,NA,NA,NA,NA,NA,NA,NA,NA,NA,NA,NA,NA,NA,NA,NA,NA,NA,NA,NA,NA,NA,High,High,High,High,Medium,NA,NA,NA,NA,NA,NA,NA,NA,NA,NA,NA,NA,NA,NA,NA,NA,NA,NA,NA,NA,NA,NA,NA,NA,NA,NA,NA,NA,NA,NA,NA,NA,NA,NA,NA,NA,NA,NA,NA,NA,NA,NA,NA,NA,NA,NA,NA,NA,NA,NA,NA,NA,NA,NA,NA
NA,NA,NA,NA,NA,NA,NA,NA,NA,NA,NA,NA,NA,NA,NA,NA,73,2026-03-03,18:44:43,3,9,"Young, Logan",10121421,Right,ABI_WIL,"Dallimore, Brady",834396,Right,TCU_HFG,Undefined,2,Bottom,2,3,2,Fastball,Sinker,FoulBallNotFieldable,Undefined,Undefined,Undefined,0,0,NA,89.02841,-1.549031,-3.104999,2375.423232,228.331932,01:30:00,6.39155,1.14978,5.19263,-20.96509,15.25017,15.84107,3.18472,-0.45401,81.44386,-5.441977,-0.302614,0.433129,NA,NA,NA,NA,NA,NA,NA,NA,NA,NA,NA,-8.74469,8.37182,-0.87389,50,6.23204,6.27373,-129.02864,-4.23435,-14.77593,26.268,-18.02817,TCU_HFG,ABI_WIL,TCU,D1,BIG12,20260303-TCU-2,562ce520-1763-11f1-89da-3b5d2295cb78,87.02357,NA,NA,7.58454,NA,NA,NA,NA,NA,NA,5cabaece-df46-4300-b3c7-55df33123daa,2026-03-04,00:44:43,2026-03-04T00:44:43Z,2026-03-04T00:44:43Z,NA,v3,5045,471223,5b1f43e35ca0421ba59ea357c474eb40,"Gray, Brady",830795,Right,ABI_WIL,42bc0099-60d1-4bc0-98a7-9923ba3db991,55.30967,-130.10511,13.134,6.39043,-3.49555,-9.01408,-1.1434,6.87925,-7.38796,NA,NA,NA,NA,NA,NA,NA,NA,NA,NA,NA,NA,NA,NA,NA,NA,NA,NA,NA,NA,NA,NA,NA,NA,NA,NA,NA,NA,NA,NA,NA,NA,NA,NA,NA,NA,NA,NA,NA,NA,NA,NA,NA,NA,NA,NA,NA,NA,NA,NA,High,High,High,NA,NA,NA,NA,NA,NA,NA,NA,NA,NA,NA,NA,NA,NA,NA,NA,NA,NA,NA,NA,NA,NA,NA,NA,NA,NA,NA,NA,NA,NA,NA,NA,NA,NA,NA,NA,NA,NA,NA,NA,NA,NA,NA,NA,NA,NA,NA,NA,NA,NA,NA,NA,NA,NA,NA,NA,NA
NA,NA,NA,NA,NA,NA,NA,NA,NA,NA,NA,NA,NA,NA,NA,NA,74,2026-03-03,18:45:04,3,10,"Young, Logan",10121421,Right,ABI_WIL,"Dallimore, Brady",834396,Right,TCU_HFG,Undefined,2,Bottom,2,3,2,Fastball,Sinker,BallCalled,Walk,Undefined,Undefined,0,0,NA,88.26308,-0.330694,-3.809048,2306.540295,237.583041,02:00:00,6.3032,1.27779,5.19001,-25.26375,11.69843,16.53658,3.88608,-0.93297,80.47775,-4.996583,-0.887364,0.437573,NA,NA,NA,NA,NA,NA,NA,NA,NA,NA,NA,-9.27981,6.2789,-0.93664,50,6.25358,7.75247,-127.83391,-1.66076,-15.35594,26.34763,-21.78391,TCU_HFG,ABI_WIL,TCU,D1,BIG12,20260303-TCU-2,62b3d5b0-1763-11f1-89da-3b5d2295cb78,86.13981,NA,NA,7.78533,NA,NA,NA,NA,NA,NA,5cabaece-df46-4300-b3c7-55df33123daa,2026-03-04,00:45:04,2026-03-04T00:45:04Z,2026-03-04T00:45:04Z,NA,v3,5045,471223,5b1f43e35ca0421ba59ea357c474eb40,"Gray, Brady",830795,Right,ABI_WIL,92912239-594b-4be4-9243-0add1297b919,55.31177,-128.92407,13.17382,6.30365,-0.75944,-10.89196,-1.27055,8.38783,-7.67797,NA,NA,NA,NA,NA,NA,NA,NA,NA,NA,NA,NA,NA,NA,NA,NA,NA,NA,NA,NA,NA,NA,NA,NA,NA,NA,NA,NA,NA,NA,NA,NA,NA,NA,NA,NA,NA,NA,NA,NA,NA,NA,NA,NA,NA,NA,NA,NA,NA,NA,High,High,High,NA,NA,NA,NA,NA,NA,NA,NA,NA,NA,NA,NA,NA,NA,NA,NA,NA,NA,NA,NA,NA,NA,NA,NA,NA,NA,NA,NA,NA,NA,NA,NA,NA,NA,NA,NA,NA,NA,NA,NA,NA,NA,NA,NA,NA,NA,NA,NA,NA,NA,NA,NA,NA,NA,NA,NA,NA
NA,NA,NA,NA,NA,NA,NA,NA,NA,NA,NA,NA,NA,NA,NA,NA,75,2026-03-03,18:45:41,4,1,"Young, Logan",10121421,Right,ABI_WIL,"Franco, Lucas",815618,Left,TCU_HFG,Undefined,2,Bottom,2,0,0,Fastball,Sinker,InPlay,Undefined,LineDrive,Out,1,0,NA,87.96941,-0.994116,-3.222931,2287.92202,238.361029,02:00:00,6.35684,1.20989,5.10562,-25.37084,12.17257,17.65367,3.30431,-0.35903,79.78943,-5.684563,-0.104696,0.441,98.41779,20.222771,2.924331,2066.649643,109.99637,33.49186,-0.87073,306.4251,301.54937,-6.804895,3.195672,-9.76477,6.72095,-0.9202,50,6.24354,6.36565,-127.37237,-3.13997,-15.92316,27.96823,-21.21434,TCU_HFG,ABI_WIL,TCU,D1,BIG12,20260303-TCU-2,789b4980-1763-11f1-89da-3b5d2295cb78,85.47045,38.7263,NA,8.17998,NA,NA,NA,1.29161,3.28392,0.35901,5cabaece-df46-4300-b3c7-55df33123daa,2026-03-04,00:45:41,2026-03-04T00:45:41Z,2026-03-04T00:45:41Z,LineDrive,v3,5045,471223,5b1f43e35ca0421ba59ea357c474eb40,"Gray, Brady",830795,Right,ABI_WIL,6cd2dbc8-71bb-419b-ab62-d1a9567ccad2,55.39627,-128.55181,13.98411,6.35709,-2.24534,-10.60717,-1.20281,7.03714,-7.96158,108.369546,1.29155,135.27445,-18.98554,3.28849,-0.63431,0.11209,-0.01646,6.9e-4,1.1e-4,3.28395,49.89396,-19.49623,1.63911,-0.2618,0.04268,-0.007,0.0017,-2.2e-4,0.35878,6.92459,-11.83658,3.75168,-1.16498,0.37937,-0.10372,0.01702,-0.00117,NA,NA,NA,NA,NA,NA,NA,NA,NA,NA,NA,NA,NA,NA,NA,NA,NA,NA,NA,NA,NA,NA,High,High,High,High,Medium,NA,NA,NA,NA,NA,NA,NA,NA,NA,NA,NA,NA,NA,NA,NA,NA,NA,NA,NA,NA,NA,NA,NA,NA,NA,NA,NA,NA,NA,NA,NA,NA,NA,NA,NA,NA,NA,NA,NA,NA,NA,NA,NA,NA,NA,NA,NA,NA,NA,NA,NA,NA,NA,NA,NA
NA,NA,NA,NA,NA,NA,NA,NA,NA,NA,NA,NA,NA,NA,NA,NA,76,2026-03-03,18:48:03,1,1,"Nelson, Cade",837519,Right,TCU_HFG,"Watkins, Grant",830787,Left,ABI_WIL,Undefined,3,Top,0,0,0,Slider,Curveball,BallCalled,Undefined,Undefined,Undefined,0,0,NA,76.94573,1.221237,-1.729184,2341.487652,67.968707,08:15:00,5.84636,1.75742,5.69858,-54.18145,-6.13394,-19.10556,2.47002,-1.44665,70.29485,-8.684875,-5.14544,0.498892,NA,NA,NA,NA,NA,NA,NA,NA,NA,NA,NA,9.26288,-3.14453,-1.59967,50,5.9148,4.06949,-111.67707,0.64947,11.54131,22.62675,-36.09205,TCU_HFG,ABI_WIL,TCU,D1,BIG12,20260303-TCU-2,cdc8b500-1763-11f1-89da-3b5d2295cb78,75.55225,NA,NA,6.65087,NA,NA,NA,NA,NA,NA,5cabaece-df46-4300-b3c7-55df33123daa,2026-03-04,00:48:03,2026-03-04T00:48:03Z,2026-03-04T00:48:03Z,NA,v3,5045,471223,5b1f43e35ca0421ba59ea357c474eb40,"Dallimore, Brady",834396,Right,TCU_HFG,3709eab6-bc72-497d-9e02-7179f1468633,54.80683,-112.64677,11.31338,5.85382,2.19624,-18.04603,-1.76347,3.57487,5.77065,NA,NA,NA,NA,NA,NA,NA,NA,NA,NA,NA,NA,NA,NA,NA,NA,NA,NA,NA,NA,NA,NA,NA,NA,NA,NA,NA,NA,NA,NA,NA,NA,NA,NA,NA,NA,NA,NA,NA,NA,NA,NA,NA,NA,NA,NA,NA,NA,NA,NA,High,High,High,NA,NA,NA,NA,NA,NA,NA,NA,NA,NA,NA,NA,NA,NA,NA,NA,NA,NA,NA,NA,NA,NA,NA,NA,NA,NA,NA,NA,NA,NA,NA,NA,NA,NA,NA,NA,NA,NA,NA,NA,NA,NA,NA,NA,NA,NA,NA,NA,NA,NA,NA,NA,NA,NA,NA,NA,NA
NA,NA,NA,NA,NA,NA,NA,NA,NA,NA,NA,NA,NA,NA,NA,NA,77,2026-03-03,18:48:17,1,2,"Nelson, Cade",837519,Right,TCU_HFG,"Watkins, Grant",830787,Left,ABI_WIL,Undefined,3,Top,0,1,0,Fastball,Sinker,BallCalled,Undefined,Undefined,Undefined,0,0,NA,89.55328,-0.158224,-2.950472,2371.291691,235.508011,01:45:00,5.89182,1.60378,6.23795,-23.61308,10.89619,14.2269,3.77791,0.06512,81.56377,-4.610727,-0.383966,0.422804,NA,NA,NA,NA,NA,NA,NA,NA,NA,NA,NA,-8.16823,6.03441,-1.39008,50,5.86832,6.10947,-129.98946,-1.09079,-13.93443,28.00596,-21.87977,TCU_HFG,ABI_WIL,TCU,D1,BIG12,20260303-TCU-2,d5ebd640-1763-11f1-89da-3b5d2295cb78,89.14866,NA,NA,7.98951,NA,NA,NA,NA,NA,NA,5cabaece-df46-4300-b3c7-55df33123daa,2026-03-04,00:48:17,2026-03-04T00:48:17Z,2026-03-04T00:48:17Z,NA,v3,5045,471223,5b1f43e35ca0421ba59ea357c474eb40,"Dallimore, Brady",834396,Right,TCU_HFG,37d2ec62-64de-4ec3-b13a-79d65ceb6390,54.26311,-130.90472,14.00298,5.89229,-0.37574,-10.93988,-1.59718,6.56485,-6.96721,NA,NA,NA,NA,NA,NA,NA,NA,NA,NA,NA,NA,NA,NA,NA,NA,NA,NA,NA,NA,NA,NA,NA,NA,NA,NA,NA,NA,NA,NA,NA,NA,NA,NA,NA,NA,NA,NA,NA,NA,NA,NA,NA,NA,NA,NA,NA,NA,NA,NA,High,High,High,NA,NA,NA,NA,NA,NA,NA,NA,NA,NA,NA,NA,NA,NA,NA,NA,NA,NA,NA,NA,NA,NA,NA,NA,NA,NA,NA,NA,NA,NA,NA,NA,NA,NA,NA,NA,NA,NA,NA,NA,NA,NA,NA,NA,NA,NA,NA,NA,NA,NA,NA,NA,NA,NA,NA,NA,NA
NA,NA,NA,NA,NA,NA,NA,NA,NA,NA,NA,NA,NA,NA,NA,NA,78,2026-03-03,18:48:31,1,3,"Nelson, Cade",837519,Right,TCU_HFG,"Watkins, Grant",830787,Left,ABI_WIL,Undefined,3,Top,0,2,0,Fastball,Sinker,FoulBallNotFieldable,Undefined,Undefined,Undefined,0,0,NA,89.26472,-1.06282,-3.352535,2422.867031,235.100607,01:45:00,5.83941,1.65483,6.44085,-23.17627,11.28253,14.57509,2.92958,-0.21495,81.46986,-5.44413,-0.713789,0.422495,NA,NA,NA,NA,NA,NA,NA,NA,NA,NA,NA,-8.60847,6.53567,-1.42279,50,5.75326,7.02667,-129.58638,-3.09173,-14.5983,27.76654,-21.09079,TCU_HFG,ABI_WIL,TCU,D1,BIG12,20260303-TCU-2,de679ed0-1763-11f1-89da-3b5d2295cb78,89.21393,NA,NA,7.79486,NA,NA,NA,NA,NA,NA,5cabaece-df46-4300-b3c7-55df33123daa,2026-03-04,00:48:31,2026-03-04T00:48:31Z,2026-03-04T00:48:31Z,NA,v3,5045,471223,5b1f43e35ca0421ba59ea357c474eb40,"Dallimore, Brady",834396,Right,TCU_HFG,da579c61-d0fb-4deb-8a2e-dc12291cdaf5,54.06226,-130.45389,13.88327,5.83956,-2.43279,-10.54539,-1.64946,7.48277,-7.29915,NA,NA,NA,NA,NA,NA,NA,NA,NA,NA,NA,NA,NA,NA,NA,NA,NA,NA,NA,NA,NA,NA,NA,NA,NA,NA,NA,NA,NA,NA,NA,NA,NA,NA,NA,NA,NA,NA,NA,NA,NA,NA,NA,NA,NA,NA,NA,NA,NA,NA,High,High,High,NA,NA,NA,NA,NA,NA,NA,NA,NA,NA,NA,NA,NA,NA,NA,NA,NA,NA,NA,NA,NA,NA,NA,NA,NA,NA,NA,NA,NA,NA,NA,NA,NA,NA,NA,NA,NA,NA,NA,NA,NA,NA,NA,NA,NA,NA,NA,NA,NA,NA,NA,NA,NA,NA,NA,NA,NA
NA,NA,NA,NA,NA,NA,NA,NA,NA,NA,NA,NA,NA,NA,NA,NA,79,2026-03-03,18:48:50,1,4,"Nelson, Cade",837519,Right,TCU_HFG,"Watkins, Grant",830787,Left,ABI_WIL,Undefined,3,Top,0,2,1,ChangeUp,Changeup,StrikeCalled,Undefined,Undefined,Undefined,0,0,NA,82.96439,-1.471117,-2.977689,1970.890506,240.116888,02:00:00,5.8738,1.46088,6.50407,-29.83151,10.36268,15.54343,2.03544,0.02061,75.19502,-7.102463,-0.156741,0.456303,NA,NA,NA,NA,NA,NA,NA,NA,NA,NA,NA,-9.05686,6.32162,-1.2586,50,5.75792,5.68731,-120.34105,-3.92527,-13.10372,26.2697,-23.02779,TCU_HFG,ABI_WIL,TCU,D1,BIG12,20260303-TCU-2,e98f2670-1763-11f1-89da-3b5d2295cb78,82.60402,NA,NA,7.76937,NA,NA,NA,NA,NA,NA,5cabaece-df46-4300-b3c7-55df33123daa,2026-03-04,00:48:50,2026-03-04T00:48:50Z,2026-03-04T00:48:50Z,NA,v3,5045,471223,5b1f43e35ca0421ba59ea357c474eb40,"Dallimore, Brady",834396,Right,TCU_HFG,7245f70b-abf6-4ad2-a310-abefc3682a7c,53.99664,-121.21035,13.13485,5.8752,-3.16325,-11.51389,-1.45398,6.12093,-6.55186,NA,NA,NA,NA,NA,NA,NA,NA,NA,NA,NA,NA,NA,NA,NA,NA,NA,NA,NA,NA,NA,NA,NA,NA,NA,NA,NA,NA,NA,NA,NA,NA,NA,NA,NA,NA,NA,NA,NA,NA,NA,NA,NA,NA,NA,NA,NA,NA,NA,NA,High,High,High,NA,NA,NA,NA,NA,NA,NA,NA,NA,NA,NA,NA,NA,NA,NA,NA,NA,NA,NA,NA,NA,NA,NA,NA,NA,NA,NA,NA,NA,NA,NA,NA,NA,NA,NA,NA,NA,NA,NA,NA,NA,NA,NA,NA,NA,NA,NA,NA,NA,NA,NA,NA,NA,NA,NA,NA,NA
NA,NA,NA,NA,NA,NA,NA,NA,NA,NA,NA,NA,NA,NA,NA,NA,80,2026-03-03,18:49:05,1,5,"Nelson, Cade",837519,Right,TCU_HFG,"Watkins, Grant",830787,Left,ABI_WIL,Undefined,3,Top,0,2,2,Slider,Curveball,StrikeSwinging,Strikeout,Undefined,Undefined,0,0,NA,77.8802,0.645581,-2.014794,2522.274079,61.835778,08:00:00,5.77149,1.84424,5.75679,-54.52719,-7.4804,-17.02855,1.82892,-1.45115,70.89356,-9.326706,-5.0643,0.49367,NA,NA,NA,NA,NA,NA,NA,NA,NA,NA,NA,7.99654,-3.52725,-1.66662,50,5.7922,4.6192,-112.96554,-0.50725,10.14201,24.12958,-36.64766,TCU_HFG,ABI_WIL,TCU,D1,BIG12,20260303-TCU-2,f2603af0-1763-11f1-89da-3b5d2295cb78,76.35154,NA,NA,6.98664,NA,NA,NA,NA,NA,NA,5cabaece-df46-4300-b3c7-55df33123daa,2026-03-04,00:49:05,2026-03-04T00:49:05Z,2026-03-04T00:49:05Z,NA,v3,5045,471223,5b1f43e35ca0421ba59ea357c474eb40,"Dallimore, Brady",834396,Right,TCU_HFG,e197fcfc-f07f-4fb9-a2d5-8d68431a1bc5,54.74678,-113.97495,12.06479,5.78136,1.02582,-18.32383,-1.85098,4.19493,5.071,NA,NA,NA,NA,NA,NA,NA,NA,NA,NA,NA,NA,NA,NA,NA,NA,NA,NA,NA,NA,NA,NA,NA,NA,NA,NA,NA,NA,NA,NA,NA,NA,NA,NA,NA,NA,NA,NA,NA,NA,NA,NA,NA,NA,NA,NA,NA,NA,NA,NA,High,High,High,NA,NA,NA,NA,NA,NA,NA,NA,NA,NA,NA,NA,NA,NA,NA,NA,NA,NA,NA,NA,NA,NA,NA,NA,NA,NA,NA,NA,NA,NA,NA,NA,NA,NA,NA,NA,NA,NA,NA,NA,NA,NA,NA,NA,NA,NA,NA,NA,NA,NA,NA,NA,NA,NA,NA,NA,NA
NA,NA,NA,NA,NA,NA,NA,NA,NA,NA,NA,NA,NA,NA,NA,NA,81,2026-03-03,18:49:33,2,1,"Nelson, Cade",837519,Right,TCU_HFG,"Arias, Nick",808897,Right,ABI_WIL,Undefined,3,Top,1,0,0,Slider,Slider,StrikeCalled,Undefined,Undefined,Undefined,0,0,NA,82.59796,-0.039744,-2.193911,2412.628183,131.497496,10:30:00,5.82448,1.54819,6.0374,-37.19207,3.39575,-2.46721,2.68831,-0.68997,76.0926,-6.90995,-2.637743,0.458532,NA,NA,NA,NA,NA,NA,NA,NA,NA,NA,NA,0.6813,2.13567,-1.37552,50,5.80125,4.69162,-120.0146,-1.27001,0.99687,22.53505,-29.04925,TCU_HFG,ABI_WIL,TCU,D1,BIG12,20260303-TCU-2,03279450-1764-11f1-89da-3b5d2295cb78,82.20248,NA,NA,6.50536,NA,NA,NA,NA,NA,NA,5cabaece-df46-4300-b3c7-55df33123daa,2026-03-04,00:49:33,2026-03-04T00:49:33Z,2026-03-04T00:49:33Z,NA,v3,5045,471223,5b1f43e35ca0421ba59ea357c474eb40,"Dallimore, Brady",834396,Right,TCU_HFG,be1b1c67-8175-47ed-b165-4f4386e9329f,54.46537,-120.85015,11.26752,5.82838,-0.19293,-14.52463,-1.5487899999999999,4.65466,0.49843,NA,NA,NA,NA,NA,NA,NA,NA,NA,NA,NA,NA,NA,NA,NA,NA,NA,NA,NA,NA,NA,NA,NA,NA,NA,NA,NA,NA,NA,NA,NA,NA,NA,NA,NA,NA,NA,NA,NA,NA,NA,NA,NA,NA,NA,NA,NA,NA,NA,NA,High,High,High,NA,NA,NA,NA,NA,NA,NA,NA,NA,NA,NA,NA,NA,NA,NA,NA,NA,NA,NA,NA,NA,NA,NA,NA,NA,NA,NA,NA,NA,NA,NA,NA,NA,NA,NA,NA,NA,NA,NA,NA,NA,NA,NA,NA,NA,NA,NA,NA,NA,NA,NA,NA,NA,NA,NA,NA,NA
NA,NA,NA,NA,NA,NA,NA,NA,NA,NA,NA,NA,NA,NA,NA,NA,82,2026-03-03,18:49:45,2,2,"Nelson, Cade",837519,Right,TCU_HFG,"Arias, Nick",808897,Right,ABI_WIL,Undefined,3,Top,1,0,1,Slider,Curveball,StrikeSwinging,Undefined,Undefined,Undefined,0,0,NA,78.62625,0.039983,-0.915978,2520.727427,67.329881,08:15:00,5.70212,1.54775,4.96283,-53.26605,-5.47111,-17.34973,1.30106,-0.76351,71.12435,-9.586221,-3.98315,0.49758,NA,NA,NA,NA,NA,NA,NA,NA,NA,NA,NA,8.32044,-2.28351,-1.44386,50,5.66209,2.53737,-113.8698,-1.85003,10.66572,25.52674,-35.10122,TCU_HFG,ABI_WIL,TCU,D1,BIG12,20260303-TCU-2,0a80aed0-1764-11f1-89da-3b5d2295cb78,75.75159,NA,NA,7.5019,NA,NA,NA,NA,NA,NA,5cabaece-df46-4300-b3c7-55df33123daa,2026-03-04,00:49:45,2026-03-04T00:49:45Z,2026-03-04T00:49:45Z,NA,v3,5045,471223,5b1f43e35ca0421ba59ea357c474eb40,"Dallimore, Brady",834396,Right,TCU_HFG,b99d58ea-a1d6-4fde-a16b-29e799080f9b,55.54003,-115.10504,12.76337,5.71052,-0.15149,-17.55061,-1.55415,2.02126,5.33286,NA,NA,NA,NA,NA,NA,NA,NA,NA,NA,NA,NA,NA,NA,NA,NA,NA,NA,NA,NA,NA,NA,NA,NA,NA,NA,NA,NA,NA,NA,NA,NA,NA,NA,NA,NA,NA,NA,NA,NA,NA,NA,NA,NA,NA,NA,NA,NA,NA,NA,High,High,High,NA,NA,NA,NA,NA,NA,NA,NA,NA,NA,NA,NA,NA,NA,NA,NA,NA,NA,NA,NA,NA,NA,NA,NA,NA,NA,NA,NA,NA,NA,NA,NA,NA,NA,NA,NA,NA,NA,NA,NA,NA,NA,NA,NA,NA,NA,NA,NA,NA,NA,NA,NA,NA,NA,NA,NA,NA
NA,NA,NA,NA,NA,NA,NA,NA,NA,NA,NA,NA,NA,NA,NA,NA,83,2026-03-03,18:50:00,2,3,"Nelson, Cade",837519,Right,TCU_HFG,"Arias, Nick",808897,Right,ABI_WIL,Undefined,3,Top,1,0,2,Slider,Slider,BallCalled,Undefined,Undefined,Undefined,0,0,NA,78.85943,-1.902122,-1.848241,2568.204068,76.264129,08:30:00,5.72835,1.46283,5.18933,-49.92377,-3.10555,-19.25847,-0.22307,-1.88147,72.27573,-10.88473,-5.266992,0.492469,NA,NA,NA,NA,NA,NA,NA,NA,NA,NA,NA,9.16552,-0.60169,-1.27552,50,5.51334,4.44104,-114.26495,-5.53137,11.92318,24.20898,-32.9568,TCU_HFG,ABI_WIL,TCU,D1,BIG12,20260303-TCU-2,135768a0-1764-11f1-89da-3b5d2295cb78,76.5377,NA,NA,6.58371,NA,NA,NA,NA,NA,NA,5cabaece-df46-4300-b3c7-55df33123daa,2026-03-04,00:50:00,2026-03-04T00:50:00Z,2026-03-04T00:50:00Z,NA,v3,5045,471223,5b1f43e35ca0421ba59ea357c474eb40,"Dallimore, Brady",834396,Right,TCU_HFG,2951b16f-0e8c-49c7-a935-0123dd7bac26,55.31553,-115.38565,12.10449,5.73408,-4.00572,-16.4784,-1.46834,3.88908,5.96159,NA,NA,NA,NA,NA,NA,NA,NA,NA,NA,NA,NA,NA,NA,NA,NA,NA,NA,NA,NA,NA,NA,NA,NA,NA,NA,NA,NA,NA,NA,NA,NA,NA,NA,NA,NA,NA,NA,NA,NA,NA,NA,NA,NA,NA,NA,NA,NA,NA,NA,High,High,High,NA,NA,NA,NA,NA,NA,NA,NA,NA,NA,NA,NA,NA,NA,NA,NA,NA,NA,NA,NA,NA,NA,NA,NA,NA,NA,NA,NA,NA,NA,NA,NA,NA,NA,NA,NA,NA,NA,NA,NA,NA,NA,NA,NA,NA,NA,NA,NA,NA,NA,NA,NA,NA,NA,NA,NA,NA
NA,NA,NA,NA,NA,NA,NA,NA,NA,NA,NA,NA,NA,NA,NA,NA,84,2026-03-03,18:50:17,2,4,"Nelson, Cade",837519,Right,TCU_HFG,"Arias, Nick",808897,Right,ABI_WIL,Undefined,3,Top,1,1,2,Slider,Slider,BallCalled,Undefined,Undefined,Undefined,0,0,NA,77.95378,-0.408862,-0.103041,2524.184875,81.963744,08:45:00,5.66033,1.63408,5.36589,-48.16192,-0.99378,-18.01202,1.26343,0.03645,71.47727,-9.165064,-3.31179,0.494306,NA,NA,NA,NA,NA,NA,NA,NA,NA,NA,NA,9.04457,0.06394,-1.6115,50,5.58933,0.90734,-113.15734,-2.43817,11.63148,22.22433,-32.0918,TCU_HFG,ABI_WIL,TCU,D1,BIG12,20260303-TCU-2,1d50d080-1764-11f1-89da-3b5d2295cb78,76.25328,NA,NA,6.4765,NA,NA,NA,NA,NA,NA,5cabaece-df46-4300-b3c7-55df33123daa,2026-03-04,00:50:17,2026-03-04T00:50:17Z,2026-03-04T00:50:17Z,NA,v3,5045,471223,5b1f43e35ca0421ba59ea357c474eb40,"Dallimore, Brady",834396,Right,TCU_HFG,0c325688-29be-4969-a496-8d16fb54bb31,55.13792,-114.16198,11.11217,5.66676,-0.98748,-16.0459,-1.64063,0.38155,5.81574,NA,NA,NA,NA,NA,NA,NA,NA,NA,NA,NA,NA,NA,NA,NA,NA,NA,NA,NA,NA,NA,NA,NA,NA,NA,NA,NA,NA,NA,NA,NA,NA,NA,NA,NA,NA,NA,NA,NA,NA,NA,NA,NA,NA,NA,NA,NA,NA,NA,NA,High,High,High,NA,NA,NA,NA,NA,NA,NA,NA,NA,NA,NA,NA,NA,NA,NA,NA,NA,NA,NA,NA,NA,NA,NA,NA,NA,NA,NA,NA,NA,NA,NA,NA,NA,NA,NA,NA,NA,NA,NA,NA,NA,NA,NA,NA,NA,NA,NA,NA,NA,NA,NA,NA,NA,NA,NA,NA,NA
NA,NA,NA,NA,NA,NA,NA,NA,NA,NA,NA,NA,NA,NA,NA,NA,85,2026-03-03,18:50:33,2,5,"Nelson, Cade",837519,Right,TCU_HFG,"Arias, Nick",808897,Right,ABI_WIL,Undefined,3,Top,1,2,2,Fastball,Sinker,StrikeCalled,Strikeout,Undefined,Undefined,0,0,NA,91.41872,-1.832995,-4.310084,2520.728577,244.071858,02:15:00,5.82849,1.43725,6.25793,-24.17013,9.04556,16.34761,2.11864,-1.18252,83.36626,-6.366337,-1.36433,0.414804,NA,NA,NA,NA,NA,NA,NA,NA,NA,NA,NA,-9.68103,5.55717,-1.12427,50,5.68021,9.29905,-132.45785,-5.02796,-17.14524,29.12679,-22.33221,TCU_HFG,ABI_WIL,TCU,D1,BIG12,20260303-TCU-2,26cf6310-1764-11f1-89da-3b5d2295cb78,90.86807,NA,NA,8.05246,NA,NA,NA,NA,NA,NA,5cabaece-df46-4300-b3c7-55df33123daa,2026-03-04,00:50:33,2026-03-04T00:50:33Z,2026-03-04T00:50:33Z,NA,v3,5045,471223,5b1f43e35ca0421ba59ea357c474eb40,"Dallimore, Brady",834396,Right,TCU_HFG,9501d165-4b59-44e0-8ec4-65ad85e73d7a,54.24409,-133.38784,14.5634,5.82936,-4.31491,-11.16611,-1.42992,9.84648,-8.57262,NA,NA,NA,NA,NA,NA,NA,NA,NA,NA,NA,NA,NA,NA,NA,NA,NA,NA,NA,NA,NA,NA,NA,NA,NA,NA,NA,NA,NA,NA,NA,NA,NA,NA,NA,NA,NA,NA,NA,NA,NA,NA,NA,NA,NA,NA,NA,NA,NA,NA,High,High,High,NA,NA,NA,NA,NA,NA,NA,NA,NA,NA,NA,NA,NA,NA,NA,NA,NA,NA,NA,NA,NA,NA,NA,NA,NA,NA,NA,NA,NA,NA,NA,NA,NA,NA,NA,NA,NA,NA,NA,NA,NA,NA,NA,NA,NA,NA,NA,NA,NA,NA,NA,NA,NA,NA,NA,NA,NA
NA,NA,NA,NA,NA,NA,NA,NA,NA,NA,NA,NA,NA,NA,NA,NA,86,2026-03-03,18:51:03,3,1,"Nelson, Cade",837519,Right,TCU_HFG,"Cardenas, Diego",830790,Left,ABI_WIL,Undefined,3,Top,2,0,0,Fastball,Sinker,BallCalled,Undefined,Undefined,Undefined,0,0,NA,91.82591,-3.013486,-4.765719,2498.67099,238.263062,02:00:00,5.87144,1.46036,6.26589,-20.73804,12.55028,18.34068,1.35259,-1.41547,83.02445,-6.942372,-1.4633100000000001,0.415257,NA,NA,NA,NA,NA,NA,NA,NA,NA,NA,NA,-10.99005,7.80961,-1.11505,50,5.63712,10.29698,-132.74833,-7.64205,-19.3706,31.66739,-18.40916,TCU_HFG,ABI_WIL,TCU,D1,BIG12,20260303-TCU-2,38962b10-1764-11f1-89da-3b5d2295cb78,90.76888,NA,NA,8.80147,NA,NA,NA,NA,NA,NA,5cabaece-df46-4300-b3c7-55df33123daa,2026-03-04,00:51:03,2026-03-04T00:51:03Z,2026-03-04T00:51:03Z,NA,v3,5045,471223,5b1f43e35ca0421ba59ea357c474eb40,"Dallimore, Brady",834396,Right,TCU_HFG,dc8a880b-f8fa-4665-9dfd-9b6ca217f22b,54.23554,-133.75491,15.83369,5.87073,-7.05689,-9.20458,-1.45213,10.91269,-9.6853,NA,NA,NA,NA,NA,NA,NA,NA,NA,NA,NA,NA,NA,NA,NA,NA,NA,NA,NA,NA,NA,NA,NA,NA,NA,NA,NA,NA,NA,NA,NA,NA,NA,NA,NA,NA,NA,NA,NA,NA,NA,NA,NA,NA,NA,NA,NA,NA,NA,NA,High,High,High,NA,NA,NA,NA,NA,NA,NA,NA,NA,NA,NA,NA,NA,NA,NA,NA,NA,NA,NA,NA,NA,NA,NA,NA,NA,NA,NA,NA,NA,NA,NA,NA,NA,NA,NA,NA,NA,NA,NA,NA,NA,NA,NA,NA,NA,NA,NA,NA,NA,NA,NA,NA,NA,NA,NA,NA,NA
NA,NA,NA,NA,NA,NA,NA,NA,NA,NA,NA,NA,NA,NA,NA,NA,87,2026-03-03,18:51:17,3,2,"Nelson, Cade",837519,Right,TCU_HFG,"Cardenas, Diego",830790,Left,ABI_WIL,Undefined,3,Top,2,1,0,ChangeUp,Changeup,BallCalled,Undefined,Undefined,Undefined,0,0,NA,82.7053,-2.951597,-2.677101,2032.225231,233.75216,01:45:00,5.85031,1.65188,6.45477,-28.98553,11.6976,13.9241,0.7178,0.35094,74.96114,-8.409398,-0.150279,0.45907,NA,NA,NA,NA,NA,NA,NA,NA,NA,NA,NA,-8.20327,7.50867,-1.4683,50,5.62809,5.10462,-119.8567,-6.98548,-11.73567,26.74007,-21.43205,TCU_HFG,ABI_WIL,TCU,D1,BIG12,20260303-TCU-2,412861d0-1764-11f1-89da-3b5d2295cb78,82.10615,NA,NA,7.74416,NA,NA,NA,NA,NA,NA,5cabaece-df46-4300-b3c7-55df33123daa,2026-03-04,00:51:17,2026-03-04T00:51:17Z,2026-03-04T00:51:17Z,NA,v3,5045,471223,5b1f43e35ca0421ba59ea357c474eb40,"Dallimore, Brady",834396,Right,TCU_HFG,8759214d-db36-40c3-9fa9-8d185ebdcc30,54.04694,-120.7562,13.37004,5.85095,-6.26453,-10.71602,-1.64666,5.49939,-5.86783,NA,NA,NA,NA,NA,NA,NA,NA,NA,NA,NA,NA,NA,NA,NA,NA,NA,NA,NA,NA,NA,NA,NA,NA,NA,NA,NA,NA,NA,NA,NA,NA,NA,NA,NA,NA,NA,NA,NA,NA,NA,NA,NA,NA,NA,NA,NA,NA,NA,NA,High,High,High,NA,NA,NA,NA,NA,NA,NA,NA,NA,NA,NA,NA,NA,NA,NA,NA,NA,NA,NA,NA,NA,NA,NA,NA,NA,NA,NA,NA,NA,NA,NA,NA,NA,NA,NA,NA,NA,NA,NA,NA,NA,NA,NA,NA,NA,NA,NA,NA,NA,NA,NA,NA,NA,NA,NA,NA,NA
NA,NA,NA,NA,NA,NA,NA,NA,NA,NA,NA,NA,NA,NA,NA,NA,88,2026-03-03,18:51:33,3,3,"Nelson, Cade",837519,Right,TCU_HFG,"Cardenas, Diego",830790,Left,ABI_WIL,Undefined,3,Top,2,2,0,Fastball,Sinker,StrikeCalled,Undefined,Undefined,Undefined,0,0,NA,89.65936,-1.970101,-4.090164,2486.067009,240.664758,02:00:00,5.8361,1.5231,6.58367,-24.40631,9.8043,15.37131,1.99138,-0.95084,81.54142,-6.584072,-1.302061,0.420971,NA,NA,NA,NA,NA,NA,NA,NA,NA,NA,NA,-9.30264,6.09095,-1.24821,50,5.69045,8.69817,-129.96518,-5.19586,-15.78987,29.18016,-21.83555,TCU_HFG,ABI_WIL,TCU,D1,BIG12,20260303-TCU-2,4a81e030-1764-11f1-89da-3b5d2295cb78,89.53694,NA,NA,8.11794,NA,NA,NA,NA,NA,NA,5cabaece-df46-4300-b3c7-55df33123daa,2026-03-04,00:51:33,2026-03-04T00:51:33Z,2026-03-04T00:51:33Z,NA,v3,5045,471223,5b1f43e35ca0421ba59ea357c474eb40,"Dallimore, Brady",834396,Right,TCU_HFG,7fd9919f-8910-49c5-b88a-128dcb83310a,53.91852,-130.84202,14.59008,5.83672,-4.53972,-10.91778,-1.51671,9.17264,-7.89493,NA,NA,NA,NA,NA,NA,NA,NA,NA,NA,NA,NA,NA,NA,NA,NA,NA,NA,NA,NA,NA,NA,NA,NA,NA,NA,NA,NA,NA,NA,NA,NA,NA,NA,NA,NA,NA,NA,NA,NA,NA,NA,NA,NA,NA,NA,NA,NA,NA,NA,High,High,High,NA,NA,NA,NA,NA,NA,NA,NA,NA,NA,NA,NA,NA,NA,NA,NA,NA,NA,NA,NA,NA,NA,NA,NA,NA,NA,NA,NA,NA,NA,NA,NA,NA,NA,NA,NA,NA,NA,NA,NA,NA,NA,NA,NA,NA,NA,NA,NA,NA,NA,NA,NA,NA,NA,NA,NA,NA
NA,NA,NA,NA,NA,NA,NA,NA,NA,NA,NA,NA,NA,NA,NA,NA,89,2026-03-03,18:51:48,3,4,"Nelson, Cade",837519,Right,TCU_HFG,"Cardenas, Diego",830790,Left,ABI_WIL,Undefined,3,Top,2,2,1,Slider,Curveball,BallCalled,Undefined,Undefined,Undefined,0,0,NA,77.9713,-0.745116,-1.212215,2501.25819,70.550554,08:15:00,5.73888,1.66848,5.18322,-51.97204,-4.65902,-17.36154,0.70659,-0.91906,72.00275,-10.105001,-4.29465,0.495064,NA,NA,NA,NA,NA,NA,NA,NA,NA,NA,NA,8.41615,-1.77843,-1.54173,50,5.62952,3.07034,-113.19665,-3.27823,10.87054,21.53549,-34.47109,TCU_HFG,ABI_WIL,TCU,D1,BIG12,20260303-TCU-2,535f29b0-1764-11f1-89da-3b5d2295cb78,76.13645,NA,NA,5.96855,NA,NA,NA,NA,NA,NA,5cabaece-df46-4300-b3c7-55df33123daa,2026-03-04,00:51:48,2026-03-04T00:51:48Z,2026-03-04T00:51:48Z,NA,v3,5045,471223,5b1f43e35ca0421ba59ea357c474eb40,"Dallimore, Brady",834396,Right,TCU_HFG,ae602dd7-df40-480c-b151-afc954d8da0f,55.32263,-114.20478,10.76774,5.74522,-1.66454,-17.23555,-1.67354,2.56146,5.43527,NA,NA,NA,NA,NA,NA,NA,NA,NA,NA,NA,NA,NA,NA,NA,NA,NA,NA,NA,NA,NA,NA,NA,NA,NA,NA,NA,NA,NA,NA,NA,NA,NA,NA,NA,NA,NA,NA,NA,NA,NA,NA,NA,NA,NA,NA,NA,NA,NA,NA,High,High,High,NA,NA,NA,NA,NA,NA,NA,NA,NA,NA,NA,NA,NA,NA,NA,NA,NA,NA,NA,NA,NA,NA,NA,NA,NA,NA,NA,NA,NA,NA,NA,NA,NA,NA,NA,NA,NA,NA,NA,NA,NA,NA,NA,NA,NA,NA,NA,NA,NA,NA,NA,NA,NA,NA,NA,NA,NA
NA,NA,NA,NA,NA,NA,NA,NA,NA,NA,NA,NA,NA,NA,NA,NA,90,2026-03-03,18:52:04,3,5,"Nelson, Cade",837519,Right,TCU_HFG,"Cardenas, Diego",830790,Left,ABI_WIL,Undefined,3,Top,2,3,1,Fastball,Sinker,BallCalled,Walk,Undefined,Undefined,0,0,NA,90.63612,-2.511549,-3.861781,2388.64019,247.631565,02:15:00,5.81088,1.46895,6.30389,-25.06616,8.97111,18.82576,1.40126,-0.52569,82.02897,-7.225072,-0.461567,0.419903,NA,NA,NA,NA,NA,NA,NA,NA,NA,NA,NA,-11.02882,5.81662,-1.19376,50,5.61401,8.09273,-131.25492,-6.55857,-18.97829,31.30459,-22.16487,TCU_HFG,ABI_WIL,TCU,D1,BIG12,20260303-TCU-2,5d09d550-1764-11f1-89da-3b5d2295cb78,89.76469,NA,NA,8.60716,NA,NA,NA,NA,NA,NA,5cabaece-df46-4300-b3c7-55df33123daa,2026-03-04,00:52:04,2026-03-04T00:52:04Z,2026-03-04T00:52:04Z,NA,v3,5045,471223,5b1f43e35ca0421ba59ea357c474eb40,"Dallimore, Brady",834396,Right,TCU_HFG,ab98b73a-852c-4aab-bd43-89cc9a304507,54.19829,-132.25243,15.6523,5.81174,-5.85229,-11.08243,-1.46127,8.69747,-9.48915,NA,NA,NA,NA,NA,NA,NA,NA,NA,NA,NA,NA,NA,NA,NA,NA,NA,NA,NA,NA,NA,NA,NA,NA,NA,NA,NA,NA,NA,NA,NA,NA,NA,NA,NA,NA,NA,NA,NA,NA,NA,NA,NA,NA,NA,NA,NA,NA,NA,NA,High,High,High,NA,NA,NA,NA,NA,NA,NA,NA,NA,NA,NA,NA,NA,NA,NA,NA,NA,NA,NA,NA,NA,NA,NA,NA,NA,NA,NA,NA,NA,NA,NA,NA,NA,NA,NA,NA,NA,NA,NA,NA,NA,NA,NA,NA,NA,NA,NA,NA,NA,NA,NA,NA,NA,NA,NA,NA,NA
NA,NA,NA,NA,NA,NA,NA,NA,NA,NA,NA,NA,NA,NA,NA,NA,91,2026-03-03,18:52:38,4,1,"Nelson, Cade",837519,Right,TCU_HFG,"Jones, Ryan",831552,Right,ABI_WIL,Undefined,3,Top,2,0,0,ChangeUp,Changeup,BallCalled,Undefined,Undefined,Undefined,0,0,NA,82.01683,-1.668571,-1.339926,1971.366893,245.830846,02:15:00,5.78289,1.58291,6.49366,-32.09317,8.93292,16.72001,1.5758,1.74591,74.59832,-7.698902,1.699499,0.461001,NA,NA,NA,NA,NA,NA,NA,NA,NA,NA,NA,-9.0991,5.65355,-1.49524,50,5.65213,2.16734,-119.08618,-4.37477,-12.90801,25.45823,-24.15391,TCU_HFG,ABI_WIL,TCU,D1,BIG12,20260303-TCU-2,716726b0-1764-11f1-89da-3b5d2295cb78,81.76224,NA,NA,7.41851,NA,NA,NA,NA,NA,NA,5cabaece-df46-4300-b3c7-55df33123daa,2026-03-04,00:52:38,2026-03-04T00:52:38Z,2026-03-04T00:52:38Z,NA,v3,5045,471223,5b1f43e35ca0421ba59ea357c474eb40,"Dallimore, Brady",834396,Right,TCU_HFG,4e6c90b7-9c22-4d37-acac-11bc8e53ca82,54.00652,-119.93963,12.72911,5.78522,-3.56504,-12.07695,-1.57514,2.60007,-6.454,NA,NA,NA,NA,NA,NA,NA,NA,NA,NA,NA,NA,NA,NA,NA,NA,NA,NA,NA,NA,NA,NA,NA,NA,NA,NA,NA,NA,NA,NA,NA,NA,NA,NA,NA,NA,NA,NA,NA,NA,NA,NA,NA,NA,NA,NA,NA,NA,NA,NA,High,High,High,NA,NA,NA,NA,NA,NA,NA,NA,NA,NA,NA,NA,NA,NA,NA,NA,NA,NA,NA,NA,NA,NA,NA,NA,NA,NA,NA,NA,NA,NA,NA,NA,NA,NA,NA,NA,NA,NA,NA,NA,NA,NA,NA,NA,NA,NA,NA,NA,NA,NA,NA,NA,NA,NA,NA,NA,NA
NA,NA,NA,NA,NA,NA,NA,NA,NA,NA,NA,NA,NA,NA,NA,NA,92,2026-03-03,18:52:59,4,2,"Nelson, Cade",837519,Right,TCU_HFG,"Jones, Ryan",831552,Right,ABI_WIL,Undefined,3,Top,2,1,0,Fastball,Sinker,InPlay,Undefined,Popup,Out,1,0,NA,89.72957,-0.676867,-2.993029,2274.123883,240.965131,02:00:00,5.82187,1.67971,6.26256,-25.02308,9.27666,14.72709,3.11161,0.14467,81.91948,-5.376757,-0.334259,0.421519,82.46226,68.638798,-21.437192,NA,NA,NA,NA,NA,41.28146,NA,NA,-8.56036,5.33087,-1.46488,50,5.75929,6.23032,-130.29739,-2.3271,-14.67842,28.03771,-23.03324,TCU_HFG,ABI_WIL,TCU,D1,BIG12,20260303-TCU-2,7dc3fa00-1764-11f1-89da-3b5d2295cb78,89.42053,105.42781,NA,7.81009,NA,NA,NA,1.47739,3.10529,-0.09974,5cabaece-df46-4300-b3c7-55df33123daa,2026-03-04,00:52:59,2026-03-04T00:52:59Z,2026-03-04T00:52:59Z,NA,v3,5045,471223,5b1f43e35ca0421ba59ea357c474eb40,"Dallimore, Brady",834396,Right,TCU_HFG,357f3faa-d7b2-40f0-8f76-23173b34fd50,54.24113,-131.20683,14.01886,5.82266,-1.57998,-11.51662,-1.67469,6.70644,-7.33921,164.601759,1.47739,41.00588,-17.61227,5.94032,-1.577,0.38892,-0.08977,0.01654,-0.00172,3.10529,112.63589,-29.06695,3.28513,-0.42583,0.01519,0.01025,-0.00366,4.9e-4,-0.09974,-16.10075,-2.83417,1.68725,-0.57246,0.16332,-0.0415,0.00814,-8.7e-4,NA,NA,NA,NA,NA,NA,NA,NA,NA,NA,NA,NA,NA,NA,NA,NA,NA,NA,NA,NA,NA,NA,High,High,High,High,Undefined,NA,NA,NA,NA,NA,NA,NA,NA,NA,NA,NA,NA,NA,NA,NA,NA,NA,NA,NA,NA,NA,NA,NA,NA,NA,NA,NA,NA,NA,NA,NA,NA,NA,NA,NA,NA,NA,NA,NA,NA,NA,NA,NA,NA,NA,NA,NA,NA,NA,NA,NA,NA,NA,NA,NA
NA,NA,NA,NA,NA,NA,NA,NA,NA,NA,NA,NA,NA,NA,NA,NA,93,2026-03-03,18:56:42,1,1,"Coe, Brady",830786,Right,ABI_WIL,"Gamster, Preston",1000356863,Right,TCU_HFG,Undefined,3,Bottom,0,0,0,Fastball,Four-Seam,FoulBallNotFieldable,Undefined,Undefined,Undefined,0,0,NA,90.72419,-0.753285,-1.813728,2440.627011,206.721031,01:00:00,5.60353,0.98018,5.75313,-13.95119,20.24552,9.63319,3.73926,0.09387,82.58383,-3.439462,-0.090489,0.420885,80.13287,5.947645,176.178573,1960.81144,NA,NA,NA,124.14791,44.19019,176.403045,1.225956,-5.30607,10.75654,-0.83483,50,5.53204,3.71907,-131.62485,-2.0963,-9.301,28.15202,-13.31888,TCU_HFG,ABI_WIL,TCU,D1,BIG12,20260303-TCU-2,02db53a0-1765-11f1-89da-3b5d2295cb78,89.5552,6.69814,NA,8.14037,NA,NA,NA,2.01534,3.78377,-0.1761,5cabaece-df46-4300-b3c7-55df33123daa,2026-03-04,00:56:42,2026-03-04T00:56:42Z,2026-03-04T00:56:42Z,GroundBall,v3,5045,471223,5b1f43e35ca0421ba59ea357c474eb40,"Gray, Brady",830795,Right,ABI_WIL,d573b29f-6e28-4705-93ad-8b74dae3a522,54.74399,-132.63561,14.07601,5.59872,-1.6181,-6.65944,-0.97435,4.05302,-4.6505,NA,1.87238,-115.02607,10.22503,NA,NA,NA,NA,NA,NA,3.81214,11.87492,-12.24173,NA,NA,NA,NA,NA,NA,-0.16162,7.62732,-0.94025,NA,NA,NA,NA,NA,NA,NA,NA,NA,NA,NA,NA,NA,NA,NA,NA,NA,NA,NA,NA,NA,NA,NA,NA,NA,NA,NA,NA,High,High,High,Medium,Low,NA,NA,NA,NA,NA,NA,NA,NA,NA,NA,NA,NA,NA,NA,NA,NA,NA,NA,NA,NA,NA,NA,NA,NA,NA,NA,NA,NA,NA,NA,NA,NA,NA,NA,NA,NA,NA,NA,NA,NA,NA,NA,NA,NA,NA,NA,NA,NA,NA,NA,NA,NA,NA,NA,NA
NA,NA,NA,NA,NA,NA,NA,NA,NA,NA,NA,NA,NA,NA,NA,NA,94,2026-03-03,18:57:05,1,2,"Coe, Brady",830786,Right,ABI_WIL,"Gamster, Preston",1000356863,Right,TCU_HFG,Undefined,3,Bottom,0,0,1,Fastball,Four-Seam,FoulBallNotFieldable,Undefined,Undefined,Undefined,0,0,NA,91.75786,-1.568027,-1.503677,2495.437043,193.34119,12:30:00,5.65259,0.88809,6.12805,-11.90902,21.35651,4.78559,3.2098,-0.10346,82.84104,-3.914346,-0.641467,0.415115,77.86074,40.210667,134.063807,4693.369815,NA,NA,NA,NA,39.58353,NA,NA,-2.93914,11.85398,-0.77548,50,5.52634,3.29,-133.12061,-3.91476,-5.20902,31.86811,-11.16523,TCU_HFG,ABI_WIL,TCU,D1,BIG12,20260303-TCU-2,1061d9e0-1765-11f1-89da-3b5d2295cb78,90.79995,33.38251,NA,8.91682,NA,NA,NA,0.8111,3.33531,0.06741,5cabaece-df46-4300-b3c7-55df33123daa,2026-03-04,00:57:05,2026-03-04T00:57:05Z,2026-03-04T00:57:05Z,NA,v3,5045,471223,5b1f43e35ca0421ba59ea357c474eb40,"Gray, Brady",830795,Right,ABI_WIL,add10f01-40de-4fca-8621-39e785d84f38,54.37193,-134.16313,15.93406,5.64843,-3.5495,-5.58262,-0.8859,3.46041,-2.60451,NA,0.81253,-60.69304,3.48649,NA,NA,NA,NA,NA,NA,3.3575,73.12062,-25.53314,NA,NA,NA,NA,NA,NA,0.09198,61.99422,-13.67616,NA,NA,NA,NA,NA,NA,NA,NA,NA,NA,NA,NA,NA,NA,NA,NA,NA,NA,NA,NA,NA,NA,NA,NA,NA,NA,NA,NA,High,High,High,High,Undefined,NA,NA,NA,NA,NA,NA,NA,NA,NA,NA,NA,NA,NA,NA,NA,NA,NA,NA,NA,NA,NA,NA,NA,NA,NA,NA,NA,NA,NA,NA,NA,NA,NA,NA,NA,NA,NA,NA,NA,NA,NA,NA,NA,NA,NA,NA,NA,NA,NA,NA,NA,NA,NA,NA,NA
NA,NA,NA,NA,NA,NA,NA,NA,NA,NA,NA,NA,NA,NA,NA,NA,95,2026-03-03,18:57:29,1,3,"Coe, Brady",830786,Right,ABI_WIL,"Gamster, Preston",1000356863,Right,TCU_HFG,Undefined,3,Bottom,0,0,2,Fastball,Four-Seam,BallCalled,Undefined,Undefined,Undefined,0,0,NA,91.92216,-0.082531,-1.603228,1279.043103,193.565411,12:30:00,5.73891,0.79449,6.06338,-12.00347,21.25466,4.84477,4.6622,-0.28603,82.77417,-2.451676,-0.731563,0.415069,NA,NA,NA,NA,NA,NA,NA,NA,NA,NA,NA,-2.97819,11.2626,-0.67246,50,5.72586,3.51778,-133.34034,-0.45796,-5.2911,32.202,-12.16469,TCU_HFG,ABI_WIL,TCU,D1,BIG12,20260303-TCU-2,1ed901b0-1765-11f1-89da-3b5d2295cb78,90.81007,NA,NA,9.148,NA,NA,NA,NA,NA,NA,5cabaece-df46-4300-b3c7-55df33123daa,2026-03-04,00:57:29,2026-03-04T00:57:29Z,2026-03-04T00:57:29Z,NA,v3,5045,471223,5b1f43e35ca0421ba59ea357c474eb40,"Gray, Brady",830795,Right,ABI_WIL,0aea2090-4d37-4c91-bf1e-d46d324b8690,54.43479,-134.40708,16.101,5.73436,-0.05499,-6.08235,-0.7919,3.69306,-2.64555,NA,NA,NA,NA,NA,NA,NA,NA,NA,NA,NA,NA,NA,NA,NA,NA,NA,NA,NA,NA,NA,NA,NA,NA,NA,NA,NA,NA,NA,NA,NA,NA,NA,NA,NA,NA,NA,NA,NA,NA,NA,NA,NA,NA,NA,NA,NA,NA,NA,NA,High,High,High,NA,NA,NA,NA,NA,NA,NA,NA,NA,NA,NA,NA,NA,NA,NA,NA,NA,NA,NA,NA,NA,NA,NA,NA,NA,NA,NA,NA,NA,NA,NA,NA,NA,NA,NA,NA,NA,NA,NA,NA,NA,NA,NA,NA,NA,NA,NA,NA,NA,NA,NA,NA,NA,NA,NA,NA,NA
NA,NA,NA,NA,NA,NA,NA,NA,NA,NA,NA,NA,NA,NA,NA,NA,96,2026-03-03,18:57:43,1,4,"Coe, Brady",830786,Right,ABI_WIL,"Gamster, Preston",1000356863,Right,TCU_HFG,Undefined,3,Bottom,0,1,2,Slider,Slider,InPlay,Undefined,Popup,Out,1,0,NA,76.16966,1.831513,0.186125,2945.95884,81.447267,08:45:00,5.39099,1.43184,5.43659,-50.50936,-1.2837,-19.11702,2.89766,0.01306,69.62173,-7.400923,-3.217739,0.504972,87.72566,74.123699,-4.600224,NA,NA,NA,NA,NA,25.96199,NA,NA,9.76146,-0.79894,-1.43429,50,5.51791,0.3573,-110.56136,1.89078,12.00263,20.93066,-33.15639,TCU_HFG,ABI_WIL,TCU,D1,BIG12,20260303-TCU-2,2725a3f0-1765-11f1-89da-3b5d2295cb78,74.64267,103.35928,NA,6.54793,NA,NA,NA,2.78058,3.55678,-0.09916,5cabaece-df46-4300-b3c7-55df33123daa,2026-03-04,00:57:43,2026-03-04T00:57:43Z,2026-03-04T00:57:43Z,NA,v3,5045,471223,5b1f43e35ca0421ba59ea357c474eb40,"Gray, Brady",830795,Right,ABI_WIL,684b9b31-d907-467e-a106-bae2bf309fcc,55.06831,-111.51673,10.46533,5.39707,3.40419,-16.5782,-1.4381,-0.19055,6.00132,NA,2.78058,35.08589,-16.80411,5.85033,-4.36932,7.73179,-9.12891,5.56205,-1.35467,3.55678,123.75587,-29.90533,3.67041,-0.07424,-1.4523,1.95021,-1.2207,0.30058,-0.09916,-2.82303,0.98918,-0.32342,0.22583,-0.39211,0.46178,-0.28117,0.06846,NA,NA,NA,NA,NA,NA,NA,NA,NA,NA,NA,NA,NA,NA,NA,NA,NA,NA,NA,NA,NA,NA,High,High,High,Medium,Undefined,NA,NA,NA,NA,NA,NA,NA,NA,NA,NA,NA,NA,NA,NA,NA,NA,NA,NA,NA,NA,NA,NA,NA,NA,NA,NA,NA,NA,NA,NA,NA,NA,NA,NA,NA,NA,NA,NA,NA,NA,NA,NA,NA,NA,NA,NA,NA,NA,NA,NA,NA,NA,NA,NA,NA
NA,NA,NA,NA,NA,NA,NA,NA,NA,NA,NA,NA,NA,NA,NA,NA,97,2026-03-03,18:58:25,2,1,"Coe, Brady",830786,Right,ABI_WIL,"Griffin, Colton",823055,Left,TCU_HFG,Undefined,3,Bottom,1,0,0,Fastball,Four-Seam,BallCalled,Undefined,Undefined,Undefined,0,0,NA,91.27386,-0.448595,-1.654072,2600.161606,199.211108,12:45:00,5.63075,0.97657,6.20076,-12.35674,21.0117,6.92965,4.18672,0.02666,82.67388,-2.876033,-0.403952,0.415757,NA,NA,NA,NA,NA,NA,NA,NA,NA,NA,NA,-4.06567,11.31934,-0.85541,50,5.5905,3.53277,-132.51607,-1.31682,-7.1734,30.37078,-12.20244,TCU_HFG,ABI_WIL,TCU,D1,BIG12,20260303-TCU-2,40564f50-1765-11f1-89da-3b5d2295cb78,90.65981,NA,NA,8.59998,NA,NA,NA,NA,NA,NA,5cabaece-df46-4300-b3c7-55df33123daa,2026-03-04,00:58:25,2026-03-04T00:58:25Z,2026-03-04T00:58:25Z,NA,v3,5045,471223,5b1f43e35ca0421ba59ea357c474eb40,"Gray, Brady",830795,Right,ABI_WIL,8672f78a-3c64-4ea6-b6b4-b836943d7a41,54.29914,-133.49774,15.18539,5.62669,-0.92241,-6.10122,-0.97335,3.76463,-3.5867,NA,NA,NA,NA,NA,NA,NA,NA,NA,NA,NA,NA,NA,NA,NA,NA,NA,NA,NA,NA,NA,NA,NA,NA,NA,NA,NA,NA,NA,NA,NA,NA,NA,NA,NA,NA,NA,NA,NA,NA,NA,NA,NA,NA,NA,NA,NA,NA,NA,NA,High,High,High,NA,NA,NA,NA,NA,NA,NA,NA,NA,NA,NA,NA,NA,NA,NA,NA,NA,NA,NA,NA,NA,NA,NA,NA,NA,NA,NA,NA,NA,NA,NA,NA,NA,NA,NA,NA,NA,NA,NA,NA,NA,NA,NA,NA,NA,NA,NA,NA,NA,NA,NA,NA,NA,NA,NA,NA,NA
NA,NA,NA,NA,NA,NA,NA,NA,NA,NA,NA,NA,NA,NA,NA,NA,98,2026-03-03,18:58:43,2,2,"Coe, Brady",830786,Right,ABI_WIL,"Griffin, Colton",823055,Left,TCU_HFG,Undefined,3,Bottom,1,1,0,Fastball,Four-Seam,InPlay,Undefined,Bunt,Single,0,0,NA,91.14171,-2.422165,-1.802538,2590.615125,207.351626,01:00:00,5.7553,0.80495,5.79931,-13.43457,20.52871,10.0256,2.3803,-0.03678,82.8611,-5.013194,-0.007272,0.419446,NA,NA,NA,NA,NA,NA,NA,NA,NA,NA,NA,-5.68154,11.55678,-0.66295,50,5.5482,3.72865,-132.18584,-5.96483,-9.99548,29.6709,-11.84238,TCU_HFG,ABI_WIL,TCU,D1,BIG12,20260303-TCU-2,4b35aa60-1765-11f1-89da-3b5d2295cb78,89.86241,NA,NA,8.28061,NA,NA,NA,NA,NA,NA,5cabaece-df46-4300-b3c7-55df33123daa,2026-03-04,00:58:43,2026-03-04T00:58:43Z,2026-03-04T00:58:43Z,NA,v3,5045,471223,5b1f43e35ca0421ba59ea357c474eb40,"Gray, Brady",830795,Right,ABI_WIL,3bb2e2de-15ec-4b1d-b722-b795380f241b,54.70303,-133.23732,14.83545,5.75214,-5.54516,-5.92119,-0.80136,4.08287,-4.99774,NA,NA,NA,NA,NA,NA,NA,NA,NA,NA,NA,NA,NA,NA,NA,NA,NA,NA,NA,NA,NA,NA,NA,NA,NA,NA,NA,NA,NA,NA,NA,NA,NA,NA,NA,NA,NA,NA,NA,NA,NA,NA,NA,NA,NA,NA,NA,NA,NA,NA,High,High,High,NA,NA,NA,NA,NA,NA,NA,NA,NA,NA,NA,NA,NA,NA,NA,NA,NA,NA,NA,NA,NA,NA,NA,NA,NA,NA,NA,NA,NA,NA,NA,NA,NA,NA,NA,NA,NA,NA,NA,NA,NA,NA,NA,NA,NA,NA,NA,NA,NA,NA,NA,NA,NA,NA,NA,NA,NA
NA,NA,NA,NA,NA,NA,NA,NA,NA,NA,NA,NA,NA,NA,NA,NA,99,2026-03-03,18:59:29,3,1,"Coe, Brady",830786,Right,ABI_WIL,"Cramer, Cole",823144,Right,TCU_HFG,Undefined,3,Bottom,1,0,0,Fastball,Four-Seam,StrikeCalled,Undefined,Undefined,Undefined,0,0,NA,90.19734,-2.872124,-2.696073,2574.577061,204.268739,12:45:00,5.64863,0.85796,5.89657,-13.14957,21.61245,9.1893,1.88098,-0.88131,81.66272,-5.427865,-1.049298,0.42435,NA,NA,NA,NA,NA,NA,NA,NA,NA,NA,NA,-5.49067,12.26174,-0.64584,50,5.40934,5.74796,-130.61149,-6.88297,-9.39839,29.84979,-11.18568,TCU_HFG,ABI_WIL,TCU,D1,BIG12,20260303-TCU-2,66956ac0-1765-11f1-89da-3b5d2295cb78,88.82399,NA,NA,8.53462,NA,NA,NA,NA,NA,NA,5cabaece-df46-4300-b3c7-55df33123daa,2026-03-04,00:59:29,2026-03-04T00:59:29Z,2026-03-04T00:59:29Z,NA,v3,5045,471223,5b1f43e35ca0421ba59ea357c474eb40,"Gray, Brady",830795,Right,ABI_WIL,90679b95-288c-4042-ad83-8244a877f65a,54.60279,-131.65921,14.92489,5.64404,-6.49035,-5.59284,-0.85338,6.07783,-4.6992,NA,NA,NA,NA,NA,NA,NA,NA,NA,NA,NA,NA,NA,NA,NA,NA,NA,NA,NA,NA,NA,NA,NA,NA,NA,NA,NA,NA,NA,NA,NA,NA,NA,NA,NA,NA,NA,NA,NA,NA,NA,NA,NA,NA,NA,NA,NA,NA,NA,NA,High,High,High,NA,NA,NA,NA,NA,NA,NA,NA,NA,NA,NA,NA,NA,NA,NA,NA,NA,NA,NA,NA,NA,NA,NA,NA,NA,NA,NA,NA,NA,NA,NA,NA,NA,NA,NA,NA,NA,NA,NA,NA,NA,NA,NA,NA,NA,NA,NA,NA,NA,NA,NA,NA,NA,NA,NA,NA,NA
NA,NA,NA,NA,NA,NA,NA,NA,NA,NA,NA,NA,NA,NA,NA,NA,100,2026-03-03,19:00:07,3,2,"Coe, Brady",830786,Right,ABI_WIL,"Cramer, Cole",823144,Right,TCU_HFG,Undefined,3,Bottom,1,0,1,Curveball,Curveball,StrikeCalled,Undefined,Undefined,Undefined,0,0,NA,74.91199,1.457822,0.443733,2892.396144,58.793923,08:00:00,5.34566,1.22483,5.47449,-59.67062,-8.65296,-17.10536,1.73772,0.21465,68.4661,-9.405812,-2.609392,0.514081,NA,NA,NA,NA,NA,NA,NA,NA,NA,NA,NA,8.77544,-4.33547,-1.25172,50,5.43294,-0.20257,-108.73676,0.81562,10.38603,21.1097,-37.30523,TCU_HFG,ABI_WIL,TCU,D1,BIG12,20260303-TCU-2,7d0dd3f0-1765-11f1-89da-3b5d2295cb78,73.32003,NA,NA,6.44589,NA,NA,NA,NA,NA,NA,5cabaece-df46-4300-b3c7-55df33123daa,2026-03-04,01:00:07,2026-03-04T01:00:07Z,2026-03-04T01:00:07Z,NA,v3,5045,471223,5b1f43e35ca0421ba59ea357c474eb40,"Gray, Brady",830795,Right,ABI_WIL,4c439170-edf9-426d-aba1-27a6caca2d6f,55.03081,-109.70907,10.55485,5.35579,2.5339,-18.65262,-1.23137,-0.68095,5.19302,NA,NA,NA,NA,NA,NA,NA,NA,NA,NA,NA,NA,NA,NA,NA,NA,NA,NA,NA,NA,NA,NA,NA,NA,NA,NA,NA,NA,NA,NA,NA,NA,NA,NA,NA,NA,NA,NA,NA,NA,NA,NA,NA,NA,NA,NA,NA,NA,NA,NA,High,High,High,NA,NA,NA,NA,NA,NA,NA,NA,NA,NA,NA,NA,NA,NA,NA,NA,NA,NA,NA,NA,NA,NA,NA,NA,NA,NA,NA,NA,NA,NA,NA,NA,NA,NA,NA,NA,NA,NA,NA,NA,NA,NA,NA,NA,NA,NA,NA,NA,NA,NA,NA,NA,NA,NA,NA,NA,NA
NA,NA,NA,NA,NA,NA,NA,NA,NA,NA,NA,NA,NA,NA,NA,NA,101,2026-03-03,19:00:26,3,3,"Coe, Brady",830786,Right,ABI_WIL,"Cramer, Cole",823144,Right,TCU_HFG,Undefined,3,Bottom,1,0,2,Curveball,Curveball,FoulBallNotFieldable,Undefined,Undefined,Undefined,0,0,NA,75.46691,1.198118,-0.723714,2950.985005,63.922343,08:15:00,5.309,1.20132,5.42977,-58.44247,-7.88142,-19.65694,1.56121,-1.11463,68.8074,-9.434562,-4.227358,0.511775,NA,NA,NA,NA,NA,NA,NA,NA,NA,NA,NA,9.62343,-3.79677,-1.12324,50,5.37497,2.1379,-109.48517,0.34457,11.49884,22.14237,-36.71074,TCU_HFG,ABI_WIL,TCU,D1,BIG12,20260303-TCU-2,88794260-1765-11f1-89da-3b5d2295cb78,73.65035,NA,NA,6.65952,NA,NA,NA,NA,NA,NA,5cabaece-df46-4300-b3c7-55df33123daa,2026-03-04,01:00:26,2026-03-04T01:00:26Z,2026-03-04T01:00:26Z,NA,v3,5045,471223,5b1f43e35ca0421ba59ea357c474eb40,"Gray, Brady",830795,Right,ABI_WIL,319f04d6-3cb5-4558-9bca-e5e992d26395,55.07451,-110.50668,11.07118,5.32001,2.03817,-18.35537,-1.20964,1.60742,5.74942,NA,NA,NA,NA,NA,NA,NA,NA,NA,NA,NA,NA,NA,NA,NA,NA,NA,NA,NA,NA,NA,NA,NA,NA,NA,NA,NA,NA,NA,NA,NA,NA,NA,NA,NA,NA,NA,NA,NA,NA,NA,NA,NA,NA,NA,NA,NA,NA,NA,NA,High,High,High,NA,NA,NA,NA,NA,NA,NA,NA,NA,NA,NA,NA,NA,NA,NA,NA,NA,NA,NA,NA,NA,NA,NA,NA,NA,NA,NA,NA,NA,NA,NA,NA,NA,NA,NA,NA,NA,NA,NA,NA,NA,NA,NA,NA,NA,NA,NA,NA,NA,NA,NA,NA,NA,NA,NA,NA,NA
NA,NA,NA,NA,NA,NA,NA,NA,NA,NA,NA,NA,NA,NA,NA,NA,102,2026-03-03,19:01:03,3,4,"Coe, Brady",830786,Right,ABI_WIL,"Cramer, Cole",823144,Right,TCU_HFG,Undefined,3,Bottom,1,0,2,Slider,Curveball,StrikeCalled,Strikeout,Undefined,Undefined,0,0,NA,76.04313,2.21622,-0.665058,2788.955177,74.391486,08:30:00,5.42627,1.34501,5.62403,-53.03747,-3.95386,-19.78273,3.07587,-0.92423,69.54311,-7.494578,-4.197421,0.504243,NA,NA,NA,NA,NA,NA,NA,NA,NA,NA,NA,9.78532,-2.15083,-1.27549,50,5.58148,2.02865,-110.37283,2.55723,11.98795,20.90498,-34.809,TCU_HFG,ABI_WIL,TCU,D1,BIG12,20260303-TCU-2,9eab05a0-1765-11f1-89da-3b5d2295cb78,74.75059,NA,NA,6.50002,NA,NA,NA,NA,NA,NA,5cabaece-df46-4300-b3c7-55df33123daa,2026-03-04,01:01:03,2026-03-04T01:01:03Z,2026-03-04T01:01:03Z,NA,v3,5045,471223,5b1f43e35ca0421ba59ea357c474eb40,"Gray, Brady",830795,Right,ABI_WIL,07478eb7-b309-4e0a-ac06-3d0ab3987074,54.88024,-111.29332,10.45249,5.43514,4.08995,-17.4045,-1.3532,1.50079,5.99397,NA,NA,NA,NA,NA,NA,NA,NA,NA,NA,NA,NA,NA,NA,NA,NA,NA,NA,NA,NA,NA,NA,NA,NA,NA,NA,NA,NA,NA,NA,NA,NA,NA,NA,NA,NA,NA,NA,NA,NA,NA,NA,NA,NA,NA,NA,NA,NA,NA,NA,High,High,High,NA,NA,NA,NA,NA,NA,NA,NA,NA,NA,NA,NA,NA,NA,NA,NA,NA,NA,NA,NA,NA,NA,NA,NA,NA,NA,NA,NA,NA,NA,NA,NA,NA,NA,NA,NA,NA,NA,NA,NA,NA,NA,NA,NA,NA,NA,NA,NA,NA,NA,NA,NA,NA,NA,NA,NA,NA
NA,NA,NA,NA,NA,NA,NA,NA,NA,NA,NA,NA,NA,NA,NA,NA,103,2026-03-03,19:02:11,4,1,"Coe, Brady",830786,Right,ABI_WIL,"Strosnider, Sawyer",820831,Left,TCU_HFG,Undefined,3,Bottom,2,0,0,Curveball,Curveball,BallCalled,Undefined,Undefined,Undefined,0,0,NA,73.18525,1.28194,1.336566,2804.795802,56.93338,08:00:00,5.34103,1.4212,5.18416,-62.52744,-8.89949,-16.24899,1.33711,1.32492,67.473,-10.008097,-1.549555,0.527068,NA,NA,NA,NA,NA,NA,NA,NA,NA,NA,NA,8.51457,-4.34398,-1.53247,50,5.41217,-1.87157,-106.26205,0.3021,9.70815,18.68679,-37.12697,TCU_HFG,ABI_WIL,TCU,D1,BIG12,20260303-TCU-2,c72a2600-1765-11f1-89da-3b5d2295cb78,71.51338,NA,NA,5.71225,NA,NA,NA,NA,NA,NA,5cabaece-df46-4300-b3c7-55df33123daa,2026-03-04,01:02:11,2026-03-04T01:02:11Z,2026-03-04T01:02:11Z,NA,v3,5045,471223,5b1f43e35ca0421ba59ea357c474eb40,"Gray, Brady",830795,Right,ABI_WIL,234cb60d-e7e2-4822-ada7-4c69fd514d8d,55.32237,-107.19394,9.3434,5.35094,2.15357,-18.56348,-1.42707,-2.35571,4.85408,NA,NA,NA,NA,NA,NA,NA,NA,NA,NA,NA,NA,NA,NA,NA,NA,NA,NA,NA,NA,NA,NA,NA,NA,NA,NA,NA,NA,NA,NA,NA,NA,NA,NA,NA,NA,NA,NA,NA,NA,NA,NA,NA,NA,NA,NA,NA,NA,NA,NA,High,High,High,NA,NA,NA,NA,NA,NA,NA,NA,NA,NA,NA,NA,NA,NA,NA,NA,NA,NA,NA,NA,NA,NA,NA,NA,NA,NA,NA,NA,NA,NA,NA,NA,NA,NA,NA,NA,NA,NA,NA,NA,NA,NA,NA,NA,NA,NA,NA,NA,NA,NA,NA,NA,NA,NA,NA,NA,NA
NA,NA,NA,NA,NA,NA,NA,NA,NA,NA,NA,NA,NA,NA,NA,NA,104,2026-03-03,19:02:33,4,2,"Coe, Brady",830786,Right,ABI_WIL,"Strosnider, Sawyer",820831,Left,TCU_HFG,Undefined,3,Bottom,2,1,0,Fastball,Four-Seam,FoulBallNotFieldable,Undefined,Undefined,Undefined,0,0,NA,89.91351,-1.325526,-2.330942,2517.279478,203.795149,12:45:00,5.56842,0.94252,6.01243,-15.98316,18.16304,7.56784,3.00724,-0.58749,82.77863,-4.363082,-0.971167,0.420574,109.95945,11.410192,52.928359,4223.951072,61.9954,15.45147,90.86492,225.20788,120.46411,60.841772,1.785592,-4.52457,10.02599,-0.76373,50,5.45553,5.01198,-130.65753,-3.49087,-7.8842,25.45903,-14.70338,TCU_HFG,ABI_WIL,TCU,D1,BIG12,20260303-TCU-2,d3f79570-1765-11f1-89da-3b5d2295cb78,89.62139,15.4746,NA,7.13487,NA,NA,NA,2.86717,3.22169,0.45637,5cabaece-df46-4300-b3c7-55df33123daa,2026-03-04,01:02:33,2026-03-04T01:02:33Z,2026-03-04T01:02:33Z,LineDrive,v3,5045,471223,5b1f43e35ca0421ba59ea357c474eb40,"Gray, Brady",830795,Right,ABI_WIL,531d3b8d-75cd-46bc-bc52-a8cdb7089e90,54.4915,-131.5298,12.72951,5.5665,-2.98711,-7.35169,-0.94008,5.28211,-3.9421,NA,2.86717,95.29636,-28.09226,6.73728,-1.74833,0.45546,-0.10789,0.01869,-0.00163,3.22169,31.905,-22.93819,3.33837,-0.88461,0.23322,-0.05454,0.00954,-8.4e-4,0.45637,126.13415,-12.75814,2.97392,-0.76015,0.19742,-0.04682,0.00812,-7.1e-4,NA,NA,NA,NA,NA,NA,NA,NA,NA,NA,NA,NA,NA,NA,NA,NA,NA,NA,NA,NA,NA,NA,High,High,High,High,Low,NA,NA,NA,NA,NA,NA,NA,NA,NA,NA,NA,NA,NA,NA,NA,NA,NA,NA,NA,NA,NA,NA,NA,NA,NA,NA,NA,NA,NA,NA,NA,NA,NA,NA,NA,NA,NA,NA,NA,NA,NA,NA,NA,NA,NA,NA,NA,NA,NA,NA,NA,NA,NA,NA,NA
NA,NA,NA,NA,NA,NA,NA,NA,NA,NA,NA,NA,NA,NA,NA,NA,105,2026-03-03,19:03:02,4,3,"Coe, Brady",830786,Right,ABI_WIL,"Strosnider, Sawyer",820831,Left,TCU_HFG,Undefined,3,Bottom,2,1,1,Fastball,Four-Seam,InPlay,Undefined,FlyBall,Out,1,0,NA,90.93566,-0.695307,-1.637826,2519.556572,209.269852,01:00:00,5.59496,0.8647,6.18023,-14.56166,19.19615,10.0991,3.73907,0.19334,82.13988,-3.526448,0.183688,0.418175,103.73386,48.248734,25.103292,3841.667963,99.41188,132.45899,47.08791,271.50662,125.58299,26.60164,6.630258,-5.7624,10.51115,-0.74602,50,5.53503,3.35716,-132.00559,-1.9787,-10.04471,31.27566,-13.85157,TCU_HFG,ABI_WIL,TCU,D1,BIG12,20260303-TCU-2,e50a76c0-1765-11f1-89da-3b5d2295cb78,90.13547,168.45516,NA,8.79578,NA,NA,NA,1.92555,4.30705,-0.2551,5cabaece-df46-4300-b3c7-55df33123daa,2026-03-04,01:03:02,2026-03-04T01:03:02Z,2026-03-04T01:03:02Z,FlyBall,v3,5045,471223,5b1f43e35ca0421ba59ea357c474eb40,"Gray, Brady",830795,Right,ABI_WIL,fcb597a5-6374-42a4-96f0-a6c36836e656,54.32115,-133.02544,15.63783,5.59219,-1.52702,-6.92579,-0.86083,3.68471,-5.02236,NA,1.94161,91.50385,-28.69148,7.71033,-1.33788,0.12994,-0.00332,-4.4e-4,3e-5,4.30305,113.52313,-22.81554,0.81061,0.39302,-0.19515,0.04309,-0.00477,2.1e-4,-0.2476,42.87042,-12.31927,3.18242,-0.52029,0.04336,1.5e-4,-2.9e-4,1e-5,NA,NA,NA,NA,NA,NA,NA,NA,NA,NA,NA,NA,NA,NA,NA,NA,NA,NA,NA,NA,NA,NA,High,High,High,Medium,Low,NA,NA,NA,NA,NA,NA,NA,NA,NA,NA,NA,NA,NA,NA,NA,NA,NA,NA,NA,NA,NA,NA,NA,NA,NA,NA,NA,NA,NA,NA,NA,NA,NA,NA,NA,NA,NA,NA,NA,NA,NA,NA,NA,NA,NA,NA,NA,NA,NA,NA,NA,NA,NA,NA,NA
NA,NA,NA,NA,NA,NA,NA,NA,NA,NA,NA,NA,NA,NA,NA,NA,106,2026-03-03,19:06:12,1,1,"Johnson, Nolan",837518,Left,TCU_HFG,"Gray, Brady",830795,Right,ABI_WIL,Undefined,4,Top,0,0,0,ChangeUp,Changeup,StrikeSwinging,Undefined,Undefined,Undefined,0,0,NA,79.74873,-0.290582,1.359339,1457.895267,106.947247,09:30:00,6.11326,-0.6271,6.1344,-37.93396,5.88548,-14.47528,2.68344,-0.57669,72.70816,-7.351318,-1.253534,0.476436,NA,NA,NA,NA,NA,NA,NA,NA,NA,NA,NA,7.84134,3.60063,0.53032,50,6.07176,-2.20647,-115.81163,-1.72763,10.55994,23.32877,-27.32506,TCU_HFG,ABI_WIL,TCU,D1,BIG12,20260303-TCU-2,56b74370-1766-11f1-89da-3b5d2295cb78,79.11329,NA,NA,7.04058,NA,NA,NA,NA,NA,NA,5cabaece-df46-4300-b3c7-55df33123daa,2026-03-04,01:06:12,2026-03-04T01:06:12Z,2026-03-04T01:06:12Z,NA,v3,5045,471223,5b1f43e35ca0421ba59ea357c474eb40,"Dallimore, Brady",834396,Right,TCU_HFG,65d7984f-618b-4d99-a497-11b427f84176,54.36649,-116.68789,11.66438,6.11737,-0.70127,-13.66253,0.62065,-2.60311,5.27997,NA,NA,NA,NA,NA,NA,NA,NA,NA,NA,NA,NA,NA,NA,NA,NA,NA,NA,NA,NA,NA,NA,NA,NA,NA,NA,NA,NA,NA,NA,NA,NA,NA,NA,NA,NA,NA,NA,NA,NA,NA,NA,NA,NA,NA,NA,NA,NA,NA,NA,High,High,High,NA,NA,NA,NA,NA,NA,NA,NA,NA,NA,NA,NA,NA,NA,NA,NA,NA,NA,NA,NA,NA,NA,NA,NA,NA,NA,NA,NA,NA,NA,NA,NA,NA,NA,NA,NA,NA,NA,NA,NA,NA,NA,NA,NA,NA,NA,NA,NA,NA,NA,NA,NA,NA,NA,NA,NA,NA
NA,NA,NA,NA,NA,NA,NA,NA,NA,NA,NA,NA,NA,NA,NA,NA,107,2026-03-03,19:06:28,1,2,"Johnson, Nolan",837518,Left,TCU_HFG,"Gray, Brady",830795,Right,ABI_WIL,Undefined,4,Top,0,0,1,ChangeUp,Changeup,BallCalled,Undefined,Undefined,Undefined,0,0,NA,81.39402,-2.557464,1.524941,1623.99443,106.004976,09:30:00,6.20619,-0.27735,5.97152,-36.30364,6.08827,-16.24024,0.80732,-0.21652,74.52228,-9.253017,-1.401249,0.468611,NA,NA,NA,NA,NA,NA,NA,NA,NA,NA,NA,8.84213,4.3139,0.16567,50,5.98323,-2.53198,-118.08303,-6.40945,12.37983,24.24572,-26.13416,TCU_HFG,ABI_WIL,TCU,D1,BIG12,20260303-TCU-2,5fe2acf0-1766-11f1-89da-3b5d2295cb78,80.43432,NA,NA,6.87173,NA,NA,NA,NA,NA,NA,5cabaece-df46-4300-b3c7-55df33123daa,2026-03-04,01:06:28,2026-03-04T01:06:28Z,2026-03-04T01:06:28Z,NA,v3,5045,471223,5b1f43e35ca0421ba59ea357c474eb40,"Dallimore, Brady",834396,Right,TCU_HFG,6ef8efb3-488d-4c40-bdd6-a9d55994fca4,54.5313,-119.00979,12.12286,6.20913,-5.41051,-13.06708,0.27149,-3.00519,6.18992,NA,NA,NA,NA,NA,NA,NA,NA,NA,NA,NA,NA,NA,NA,NA,NA,NA,NA,NA,NA,NA,NA,NA,NA,NA,NA,NA,NA,NA,NA,NA,NA,NA,NA,NA,NA,NA,NA,NA,NA,NA,NA,NA,NA,NA,NA,NA,NA,NA,NA,High,High,High,NA,NA,NA,NA,NA,NA,NA,NA,NA,NA,NA,NA,NA,NA,NA,NA,NA,NA,NA,NA,NA,NA,NA,NA,NA,NA,NA,NA,NA,NA,NA,NA,NA,NA,NA,NA,NA,NA,NA,NA,NA,NA,NA,NA,NA,NA,NA,NA,NA,NA,NA,NA,NA,NA,NA,NA,NA
NA,NA,NA,NA,NA,NA,NA,NA,NA,NA,NA,NA,NA,NA,NA,NA,108,2026-03-03,19:06:51,1,3,"Johnson, Nolan",837518,Left,TCU_HFG,"Gray, Brady",830795,Right,ABI_WIL,Undefined,4,Top,0,1,1,Fastball,Four-Seam,StrikeCalled,Undefined,Undefined,Undefined,0,0,NA,90.46523,-3.263268,0.863655,2019.346612,147.39717,11:00:00,6.22298,-0.08959,6.11651,-14.97154,19.01548,-11.4467,1.95446,-0.24487,82.62664,-6.128718,-1.19988,0.419593,NA,NA,NA,NA,NA,NA,NA,NA,NA,NA,NA,6.15193,11.08607,0.0292,50,5.96452,-1.50171,-131.24597,-7.88664,10.70288,28.44622,-12.88693,TCU_HFG,ABI_WIL,TCU,D1,BIG12,20260303-TCU-2,6da1a850-1766-11f1-89da-3b5d2295cb78,89.83098,NA,NA,7.83859,NA,NA,NA,NA,NA,NA,5cabaece-df46-4300-b3c7-55df33123daa,2026-03-04,01:06:51,2026-03-04T01:06:51Z,2026-03-04T01:06:51Z,NA,v3,5045,471223,5b1f43e35ca0421ba59ea357c474eb40,"Dallimore, Brady",834396,Right,TCU_HFG,93f18ac0-119a-4e28-ad32-51fe64fb4574,54.38513,-132.19298,14.22311,6.21993,-7.45762,-6.44346,0.08512,-1.85802,5.35144,NA,NA,NA,NA,NA,NA,NA,NA,NA,NA,NA,NA,NA,NA,NA,NA,NA,NA,NA,NA,NA,NA,NA,NA,NA,NA,NA,NA,NA,NA,NA,NA,NA,NA,NA,NA,NA,NA,NA,NA,NA,NA,NA,NA,NA,NA,NA,NA,NA,NA,High,High,High,NA,NA,NA,NA,NA,NA,NA,NA,NA,NA,NA,NA,NA,NA,NA,NA,NA,NA,NA,NA,NA,NA,NA,NA,NA,NA,NA,NA,NA,NA,NA,NA,NA,NA,NA,NA,NA,NA,NA,NA,NA,NA,NA,NA,NA,NA,NA,NA,NA,NA,NA,NA,NA,NA,NA,NA,NA
NA,NA,NA,NA,NA,NA,NA,NA,NA,NA,NA,NA,NA,NA,NA,NA,109,2026-03-03,19:07:07,1,4,"Johnson, Nolan",837518,Left,TCU_HFG,"Gray, Brady",830795,Right,ABI_WIL,Undefined,4,Top,0,1,2,ChangeUp,Changeup,BallCalled,Undefined,Undefined,Undefined,0,0,NA,81.49817,-2.812232,0.160232,1578.662226,95.935139,09:15:00,6.10538,-0.45758,6.0294,-39.00526,3.03709,-16.22269,0.24831,-1.66107,75.074700000000007,-9.966239,-2.76829,0.466675,NA,NA,NA,NA,NA,NA,NA,NA,NA,NA,NA,8.44815,2.77799,0.4539,50,5.86409,0.27104,-118.31366,-7.03802,11.91184,23.68262,-28.25709,TCU_HFG,ABI_WIL,TCU,D1,BIG12,20260303-TCU-2,774b4280-1766-11f1-89da-3b5d2295cb78,80.76802,NA,NA,6.42347,NA,NA,NA,NA,NA,NA,5cabaece-df46-4300-b3c7-55df33123daa,2026-03-04,01:07:07,2026-03-04T01:07:07Z,2026-03-04T01:07:07Z,NA,v3,5045,471223,5b1f43e35ca0421ba59ea357c474eb40,"Dallimore, Brady",834396,Right,TCU_HFG,cbf123b4-b633-4e53-8b2e-61e9b6f7f1be,54.47435,-119.20592,11.84131,6.1092,-5.97342,-14.12855,0.45215,-0.17775,5.95592,NA,NA,NA,NA,NA,NA,NA,NA,NA,NA,NA,NA,NA,NA,NA,NA,NA,NA,NA,NA,NA,NA,NA,NA,NA,NA,NA,NA,NA,NA,NA,NA,NA,NA,NA,NA,NA,NA,NA,NA,NA,NA,NA,NA,NA,NA,NA,NA,NA,NA,High,High,High,NA,NA,NA,NA,NA,NA,NA,NA,NA,NA,NA,NA,NA,NA,NA,NA,NA,NA,NA,NA,NA,NA,NA,NA,NA,NA,NA,NA,NA,NA,NA,NA,NA,NA,NA,NA,NA,NA,NA,NA,NA,NA,NA,NA,NA,NA,NA,NA,NA,NA,NA,NA,NA,NA,NA,NA,NA
NA,NA,NA,NA,NA,NA,NA,NA,NA,NA,NA,NA,NA,NA,NA,NA,110,2026-03-03,19:07:27,1,5,"Johnson, Nolan",837518,Left,TCU_HFG,"Gray, Brady",830795,Right,ABI_WIL,Undefined,4,Top,0,2,2,ChangeUp,Changeup,InPlay,Undefined,LineDrive,Double,0,0,NA,81.89995,-0.916415,1.252952,1588.414832,115.071112,09:45:00,6.14599,-0.32055,6.20044,-33.70179,7.51748,-13.24946,2.49125,-0.26781,75.05669,-7.194023,-1.141639,0.462085,91.64675,20.247028,-30.629414,2019.242738,93.03616,32.43441,-58.68776,292.94799,278.98419,-36.889824,3.251657,7.27811,4.53406,0.23302,50,6.05999,-2.12157,-119.02979,-2.91,10.40609,23.57399,-25.69133,TCU_HFG,ABI_WIL,TCU,D1,BIG12,20260303-TCU-2,8302fc30-1766-11f1-89da-3b5d2295cb78,81.57042,36.7325,NA,6.84327,NA,NA,NA,1.90514,2.59912,0.19169,5cabaece-df46-4300-b3c7-55df33123daa,2026-03-04,01:07:27,2026-03-04T01:07:27Z,2026-03-04T01:07:27Z,LineDrive,v3,5045,471223,5b1f43e35ca0421ba59ea357c474eb40,"Dallimore, Brady",834396,Right,TCU_HFG,31e138d8-a2d4-4102-93e8-28911945b1c4,54.30298,-119.87897,11.787,6.14815,-1.98454,-12.84567,0.31619,-2.49642,5.20304,NA,1.90542,108.50605,-18.84369,3.79416,-0.79707,0.20267,-0.0533,0.00914,-6.7e-4,2.59873,46.52776,-17.79416,1.71934,-0.27887,-0.05694,0.05071,-0.01168,9.5e-4,0.19187,-64.25545,5.03409,-1.00383,0.12292,0.05716,-0.03678,0.00822,-6.8e-4,NA,NA,NA,NA,NA,NA,NA,NA,NA,NA,NA,NA,NA,NA,NA,NA,NA,NA,NA,NA,NA,NA,High,High,High,High,Medium,NA,NA,NA,NA,NA,NA,NA,NA,NA,NA,NA,NA,NA,NA,NA,NA,NA,NA,NA,NA,NA,NA,NA,NA,NA,NA,NA,NA,NA,NA,NA,NA,NA,NA,NA,NA,NA,NA,NA,NA,NA,NA,NA,NA,NA,NA,NA,NA,NA,NA,NA,NA,NA,NA,NA
NA,NA,NA,NA,NA,NA,NA,NA,NA,NA,NA,NA,NA,NA,NA,NA,111,2026-03-03,19:08:08,2,1,"Johnson, Nolan",837518,Left,TCU_HFG,"Borho, Reese",822840,Left,ABI_WIL,Undefined,4,Top,0,0,0,Fastball,Slider,StrikeCalled,Undefined,Undefined,Undefined,0,0,NA,89.00044,-2.327626,1.369316,1852.357891,133.085652,10:30:00,6.32192,0.11861,6.15259,-19.87277,15.37485,-15.13548,2.51336,0.1228,80.81837,-6.098926,-1.361635,0.427303,NA,NA,NA,NA,NA,NA,NA,NA,NA,NA,NA,8.193,9.00867,-0.21545,50,6.1344900000000004,-2.45587,-129.12146,-5.82706,13.70451,29.1963,-17.10521,TCU_HFG,ABI_WIL,TCU,D1,BIG12,20260303-TCU-2,9bac4f20-1766-11f1-89da-3b5d2295cb78,88.21,NA,NA,8.18207,NA,NA,NA,NA,NA,NA,5cabaece-df46-4300-b3c7-55df33123daa,2026-03-04,01:08:08,2026-03-04T01:08:08Z,2026-03-04T01:08:08Z,NA,v3,5045,471223,5b1f43e35ca0421ba59ea357c474eb40,"Dallimore, Brady",834396,Right,TCU_HFG,6b33f815-138b-425f-90e2-6c8b3561a238,54.34772,-130.10083,14.59815,6.32033,-5.25328,-8.55261,-0.12536,-2.91558,6.85226,NA,NA,NA,NA,NA,NA,NA,NA,NA,NA,NA,NA,NA,NA,NA,NA,NA,NA,NA,NA,NA,NA,NA,NA,NA,NA,NA,NA,NA,NA,NA,NA,NA,NA,NA,NA,NA,NA,NA,NA,NA,NA,NA,NA,NA,NA,NA,NA,NA,NA,High,High,High,NA,NA,NA,NA,NA,NA,NA,NA,NA,NA,NA,NA,NA,NA,NA,NA,NA,NA,NA,NA,NA,NA,NA,NA,NA,NA,NA,NA,NA,NA,NA,NA,NA,NA,NA,NA,NA,NA,NA,NA,NA,NA,NA,NA,NA,NA,NA,NA,NA,NA,NA,NA,NA,NA,NA,NA,NA
NA,NA,NA,NA,NA,NA,NA,NA,NA,NA,NA,NA,NA,NA,NA,NA,112,2026-03-03,19:08:28,2,2,"Johnson, Nolan",837518,Left,TCU_HFG,"Borho, Reese",822840,Left,ABI_WIL,Undefined,4,Top,0,0,1,Slider,Slider,BallCalled,Undefined,Undefined,Undefined,0,0,NA,80.131,1.073589,1.657439,2022.685885,225.201324,01:30:00,6.18377,-0.35449,5.82428,-39.54471,4.26992,2.87055,3.88705,1.42611,73.12354,-6.239892,2.171763,0.47641,NA,NA,NA,NA,NA,NA,NA,NA,NA,NA,NA,-0.97154,2.33878,0.21726,50,6.24854,-3.47758,-116.28748,0.90991,-1.32448,22.705,-28.98564,TCU_HFG,ABI_WIL,TCU,D1,BIG12,20260303-TCU-2,a7791770-1766-11f1-89da-3b5d2295cb78,79.1176,NA,NA,7.00747,NA,NA,NA,NA,NA,NA,5cabaece-df46-4300-b3c7-55df33123daa,2026-03-04,01:08:28,2026-03-04T01:08:28Z,2026-03-04T01:08:28Z,NA,v3,5045,471223,5b1f43e35ca0421ba59ea357c474eb40,"Dallimore, Brady",834396,Right,TCU_HFG,975d4f3b-6b95-476e-bdfe-260ccbc87759,54.67582,-117.19688,11.3525,6.18885,2.07086,-14.49282,0.35548,-3.42452,-0.66224,NA,NA,NA,NA,NA,NA,NA,NA,NA,NA,NA,NA,NA,NA,NA,NA,NA,NA,NA,NA,NA,NA,NA,NA,NA,NA,NA,NA,NA,NA,NA,NA,NA,NA,NA,NA,NA,NA,NA,NA,NA,NA,NA,NA,NA,NA,NA,NA,NA,NA,High,High,High,NA,NA,NA,NA,NA,NA,NA,NA,NA,NA,NA,NA,NA,NA,NA,NA,NA,NA,NA,NA,NA,NA,NA,NA,NA,NA,NA,NA,NA,NA,NA,NA,NA,NA,NA,NA,NA,NA,NA,NA,NA,NA,NA,NA,NA,NA,NA,NA,NA,NA,NA,NA,NA,NA,NA,NA,NA
NA,NA,NA,NA,NA,NA,NA,NA,NA,NA,NA,NA,NA,NA,NA,NA,113,2026-03-03,19:08:49,2,3,"Johnson, Nolan",837518,Left,TCU_HFG,"Borho, Reese",822840,Left,ABI_WIL,Undefined,4,Top,0,1,1,ChangeUp,Changeup,InPlay,Undefined,Bunt,Error,0,0,NA,79.12535,-0.350156,1.691287,1427.431057,113.619071,09:45:00,6.24253,-0.33627,6.13067,-37.40364,7.01138,-12.68764,2.80174,0.17026,72.30852,-7.311711,-0.598137,0.479663,NA,NA,NA,NA,NA,NA,NA,NA,NA,NA,NA,7.13347,4.11642,0.21376,50,6.19618,-2.94688,-114.94815,-1.79663,9.48078,22.63184,-26.70312,TCU_HFG,ABI_WIL,TCU,D1,BIG12,20260303-TCU-2,b3e294f0-1766-11f1-89da-3b5d2295cb78,78.58105,NA,NA,6.81683,NA,NA,NA,NA,NA,NA,5cabaece-df46-4300-b3c7-55df33123daa,2026-03-04,01:08:49,2026-03-04T01:08:49Z,2026-03-04T01:08:49Z,NA,v3,5045,471223,5b1f43e35ca0421ba59ea357c474eb40,"Dallimore, Brady",834396,Right,TCU_HFG,78bbcbfa-4673-4994-bc40-0bb4f4a1a2f6,54.37288,-115.80591,11.31592,6.2451,-0.78456,-13.35156,0.33226,-3.30621,4.74039,NA,NA,NA,NA,NA,NA,NA,NA,NA,NA,NA,NA,NA,NA,NA,NA,NA,NA,NA,NA,NA,NA,NA,NA,NA,NA,NA,NA,NA,NA,NA,NA,NA,NA,NA,NA,NA,NA,NA,NA,NA,NA,NA,NA,NA,NA,NA,NA,NA,NA,High,High,High,NA,NA,NA,NA,NA,NA,NA,NA,NA,NA,NA,NA,NA,NA,NA,NA,NA,NA,NA,NA,NA,NA,NA,NA,NA,NA,NA,NA,NA,NA,NA,NA,NA,NA,NA,NA,NA,NA,NA,NA,NA,NA,NA,NA,NA,NA,NA,NA,NA,NA,NA,NA,NA,NA,NA,NA,NA
NA,NA,NA,NA,NA,NA,NA,NA,NA,NA,NA,NA,NA,NA,NA,NA,114,2026-03-03,19:09:44,3,1,"Johnson, Nolan",837518,Left,TCU_HFG,"Thompson, JT",1000270096,Left,ABI_WIL,Undefined,4,Top,0,0,0,Fastball,Slider,InPlay,Undefined,Bunt,Out,1,0,NA,89.30436,-2.386927,1.832619,1832.698603,136.178346,10:30:00,6.31042,0.07034,6.12199,-19.1682,15.5819,-13.89068,2.50389,0.60766,81.77567,-6.010228,-0.671366,0.424277,47.20318,-85.340209,-127.206542,NA,NA,NA,NA,1.33636,1.36025,-34.724379,0.035706,7.71902,9.05957,-0.20347,50,6.11737,-3.58801,-129.66377,-5.97549,13.13901,27.15616,-16.75325,TCU_HFG,ABI_WIL,TCU,D1,BIG12,20260303-TCU-2,d5223d50-1766-11f1-89da-3b5d2295cb78,88.83922,2.48385,NA,7.52869,NA,NA,NA,1.22078,2.48385,-0.59998,5cabaece-df46-4300-b3c7-55df33123daa,2026-03-04,01:09:44,2026-03-04T01:09:44Z,2026-03-04T01:09:44Z,GroundBall,v3,5045,471223,5b1f43e35ca0421ba59ea357c474eb40,"Dallimore, Brady",834396,Right,TCU_HFG,6828cce9-4515-4cc3-a7cc-96b05a2003d8,54.38105,-130.57809,13.57808,6.30907,-5.41142,-8.37662,-0.07522,-4.03039,6.5695,NA,1.22094,-3.42863,NA,NA,NA,NA,NA,NA,NA,2.48707,-69.56404,NA,NA,NA,NA,NA,NA,NA,-0.59977,-4.51598,NA,NA,NA,NA,NA,NA,NA,NA,NA,NA,NA,NA,NA,NA,NA,NA,NA,NA,NA,NA,NA,NA,NA,NA,NA,NA,NA,NA,NA,High,High,High,Estimated,Estimated,NA,NA,NA,NA,NA,NA,NA,NA,NA,NA,NA,NA,NA,NA,NA,NA,NA,NA,NA,NA,NA,NA,NA,NA,NA,NA,NA,NA,NA,NA,NA,NA,NA,NA,NA,NA,NA,NA,NA,NA,NA,NA,NA,NA,NA,NA,NA,NA,NA,NA,NA,NA,NA,NA,NA
NA,NA,NA,NA,NA,NA,NA,NA,NA,NA,NA,NA,NA,NA,NA,NA,115,2026-03-03,19:10:36,4,1,"Johnson, Nolan",837518,Left,TCU_HFG,"Regala, Braden",815691,Right,ABI_WIL,Undefined,4,Top,1,0,0,ChangeUp,Changeup,StrikeCalled,Undefined,Undefined,Undefined,0,0,NA,77.9852,-0.037815,0.927957,1413.866253,93.611381,09:00:00,6.15146,-0.5041,6.34601,-42.96778,2.39874,-14.37879,2.536,-0.84797,71.34104,-8.032611,-1.679161,0.484774,NA,NA,NA,NA,NA,NA,NA,NA,NA,NA,NA,7.71996,1.75638,0.44278,50,6.12907,-1.32568,-113.34164,-1.31775,9.96881,22.1321,-29.90604,TCU_HFG,ABI_WIL,TCU,D1,BIG12,20260303-TCU-2,f3d2d660-1766-11f1-89da-3b5d2295cb78,77.75263,NA,NA,6.64417,NA,NA,NA,NA,NA,NA,5cabaece-df46-4300-b3c7-55df33123daa,2026-03-04,01:10:36,2026-03-04T01:10:36Z,2026-03-04T01:10:36Z,NA,v3,5045,471223,5b1f43e35ca0421ba59ea357c474eb40,"Dallimore, Brady",834396,Right,TCU_HFG,60d358ea-57f1-47b7-87a0-0e87f6689e46,54.15583,-114.15026,11.06605,6.15725,-0.2251,-14.95302,0.49786,-1.6899,4.9844,NA,NA,NA,NA,NA,NA,NA,NA,NA,NA,NA,NA,NA,NA,NA,NA,NA,NA,NA,NA,NA,NA,NA,NA,NA,NA,NA,NA,NA,NA,NA,NA,NA,NA,NA,NA,NA,NA,NA,NA,NA,NA,NA,NA,NA,NA,NA,NA,NA,NA,High,High,High,NA,NA,NA,NA,NA,NA,NA,NA,NA,NA,NA,NA,NA,NA,NA,NA,NA,NA,NA,NA,NA,NA,NA,NA,NA,NA,NA,NA,NA,NA,NA,NA,NA,NA,NA,NA,NA,NA,NA,NA,NA,NA,NA,NA,NA,NA,NA,NA,NA,NA,NA,NA,NA,NA,NA,NA,NA
NA,NA,NA,NA,NA,NA,NA,NA,NA,NA,NA,NA,NA,NA,NA,NA,116,2026-03-03,19:10:53,4,2,"Johnson, Nolan",837518,Left,TCU_HFG,"Regala, Braden",815691,Right,ABI_WIL,Undefined,4,Top,1,0,1,ChangeUp,Changeup,BallCalled,Undefined,Undefined,Undefined,0,0,NA,80.9303,-2.936184,1.784966,1504.099236,97.924186,09:15:00,6.18069,-0.36555,6.06314,-39.494,3.34524,-13.53312,0.16823,0.1593,74.13415,-10.202207,-0.659271,0.471077,NA,NA,NA,NA,NA,NA,NA,NA,NA,NA,NA,7.60752,3.00851,0.23443,50,5.93125,-3.16632,-117.37172,-7.23904,10.49825,24.44409,-28.02236,TCU_HFG,ABI_WIL,TCU,D1,BIG12,20260303-TCU-2,fe495d80-1766-11f1-89da-3b5d2295cb78,80.01327,NA,NA,6.79615,NA,NA,NA,NA,NA,NA,5cabaece-df46-4300-b3c7-55df33123daa,2026-03-04,01:10:53,2026-03-04T01:10:53Z,2026-03-04T01:10:53Z,NA,v3,5045,471223,5b1f43e35ca0421ba59ea357c474eb40,"Dallimore, Brady",834396,Right,TCU_HFG,ef19ee02-b6e1-4d3f-a0c2-1db94e4b667a,54.44049,-118.29289,12.22205,6.18416,-6.18303,-14.01118,0.3612,-3.56195,5.24912,NA,NA,NA,NA,NA,NA,NA,NA,NA,NA,NA,NA,NA,NA,NA,NA,NA,NA,NA,NA,NA,NA,NA,NA,NA,NA,NA,NA,NA,NA,NA,NA,NA,NA,NA,NA,NA,NA,NA,NA,NA,NA,NA,NA,NA,NA,NA,NA,NA,NA,High,High,High,NA,NA,NA,NA,NA,NA,NA,NA,NA,NA,NA,NA,NA,NA,NA,NA,NA,NA,NA,NA,NA,NA,NA,NA,NA,NA,NA,NA,NA,NA,NA,NA,NA,NA,NA,NA,NA,NA,NA,NA,NA,NA,NA,NA,NA,NA,NA,NA,NA,NA,NA,NA,NA,NA,NA,NA,NA
NA,NA,NA,NA,NA,NA,NA,NA,NA,NA,NA,NA,NA,NA,NA,NA,117,2026-03-03,19:11:15,4,3,"Johnson, Nolan",837518,Left,TCU_HFG,"Regala, Braden",815691,Right,ABI_WIL,Undefined,4,Top,1,1,1,Fastball,Four-Seam,InPlay,Undefined,FlyBall,HomeRun,0,3,NA,89.04515,-2.647675,1.42364,1987.073895,145.775834,10:45:00,6.24061,0.26091,5.86747,-16.56013,18.75529,-11.98367,2.39848,0.58505,81.45692,-5.791825,-0.726228,0.427714,101.54768,30.148208,-23.894226,2746.988063,98.47769,63.00712,-49.01113,380.81494,343.49254,-33.151374,5.564795,6.57941,10.70756,-0.36904,50,6.01637,-2.71659,-129.2303,-6.46304,11.11917,27.09405,-14.07831,TCU_HFG,ABI_WIL,TCU,D1,BIG12,20260303-TCU-2,0b0d7e20-1767-11f1-89da-3b5d2295cb78,88.12531,98.46926,NA,7.58824,NA,NA,NA,2.37251,2.81209,-0.71513,5cabaece-df46-4300-b3c7-55df33123daa,2026-03-04,01:11:15,2026-03-04T01:11:15Z,2026-03-04T01:11:15Z,FlyBall,v3,5045,471223,5b1f43e35ca0421ba59ea357c474eb40,"Dallimore, Brady",834396,Right,TCU_HFG,1cfad09f-48c2-4b3d-86c7-dad681f504d4,54.63566,-130.19857,13.54702,6.23836,-5.95992,-7.03915,-0.26486,-3.11396,5.55958,NA,2.37692,117.66445,-27.91715,6.41595,-1.04141,0.10472,-0.00537,1.9e-4,-1e-5,2.81171,74.80592,-15.36907,0.16729,0.13718,-0.07406,0.0217,-0.00298,1.5e-4,-0.71539,-52.16395,5.0006,-0.7143,0.09711,-0.01825,0.00383,-5e-4,3e-5,NA,NA,NA,NA,NA,NA,NA,NA,NA,NA,NA,NA,NA,NA,NA,NA,NA,NA,NA,NA,NA,NA,High,High,High,High,Low,NA,NA,NA,NA,NA,NA,NA,NA,NA,NA,NA,NA,NA,NA,NA,NA,NA,NA,NA,NA,NA,NA,NA,NA,NA,NA,NA,NA,NA,NA,NA,NA,NA,NA,NA,NA,NA,NA,NA,NA,NA,NA,NA,NA,NA,NA,NA,NA,NA,NA,NA,NA,NA,NA,NA
NA,NA,NA,NA,NA,NA,NA,NA,NA,NA,NA,NA,NA,NA,NA,NA,118,2026-03-03,19:12:08,5,1,"Johnson, Nolan",837518,Left,TCU_HFG,"Payne, Zandt",822830,Right,ABI_WIL,Undefined,4,Top,1,0,0,Fastball,Slider,InPlay,Undefined,GroundBall,Single,0,0,NA,90.51816,-2.203011,0.905149,1797.91429,130.097276,10:15:00,6.27797,0.08162,5.89655,-21.77076,12.56257,-13.54182,2.41707,-0.2064,82.38324,-6.285149,-1.527293,0.421725,89.2139,-7.553605,-2.26539,NA,NA,NA,NA,17.33412,16.29095,-1.339931,0.129365,7.22835,7.44111,-0.14661,50,6.08805,-1.49815,-131.34698,-5.76203,12.53095,29.80721,-19.27424,TCU_HFG,ABI_WIL,TCU,D1,BIG12,20260303-TCU-2,2a7cd350-1767-11f1-89da-3b5d2295cb78,89.37682,2.39681,NA,8.13492,NA,NA,NA,0.87003,2.39681,0.21223,5cabaece-df46-4300-b3c7-55df33123daa,2026-03-04,01:12:08,2026-03-04T01:12:08Z,2026-03-04T01:12:08Z,GroundBall,v3,5045,471223,5b1f43e35ca0421ba59ea357c474eb40,"Dallimore, Brady",834396,Right,TCU_HFG,c366e02f-f84f-47f5-996c-0dcabbee127f,54.60537,-132.38797,14.90361,6.27754,-5.08889,-9.63712,-0.08665,-1.93579,6.26547,212.25973,0.87037,129.57522,-18.15215,NA,NA,NA,NA,NA,NA,2.39683,-17.20232,-10.24676,NA,NA,NA,NA,NA,NA,0.21217,-5.12052,2.68698,NA,NA,NA,NA,NA,NA,NA,NA,NA,NA,NA,NA,NA,NA,NA,NA,NA,NA,NA,NA,NA,NA,NA,NA,NA,NA,NA,NA,High,High,High,High,High,NA,NA,NA,NA,NA,NA,NA,NA,NA,NA,NA,NA,NA,NA,NA,NA,NA,NA,NA,NA,NA,NA,NA,NA,NA,NA,NA,NA,NA,NA,NA,NA,NA,NA,NA,NA,NA,NA,NA,NA,NA,NA,NA,NA,NA,NA,NA,NA,NA,NA,NA,NA,NA,NA,NA
NA,NA,NA,NA,NA,NA,NA,NA,NA,NA,NA,NA,NA,NA,NA,NA,119,2026-03-03,19:12:40,6,1,"Johnson, Nolan",837518,Left,TCU_HFG,"Watkins, Grant",830787,Left,ABI_WIL,Undefined,4,Top,1,0,0,ChangeUp,Changeup,BallCalled,Undefined,Undefined,Undefined,0,0,NA,80.48995,-1.890937,1.814141,1463.124546,140.695655,10:45:00,6.1821,-0.32197,5.96577,-33.12096,9.90705,-6.99433,1.66713,0.7779,74.01482,-8.024454,0.555823,0.472114,NA,NA,NA,NA,NA,NA,NA,NA,NA,NA,NA,4.08299,6.04382,0.18184,50,6.0136,-3.43534,-116.83803,-4.86789,5.64572,21.95035,-23.81704,TCU_HFG,ABI_WIL,TCU,D1,BIG12,20260303-TCU-2,3dacc840-1767-11f1-89da-3b5d2295cb78,79.83755,NA,NA,6.47513,NA,NA,NA,NA,NA,NA,5cabaece-df46-4300-b3c7-55df33123daa,2026-03-04,01:12:40,2026-03-04T01:12:40Z,2026-03-04T01:12:40Z,NA,v3,5045,471223,5b1f43e35ca0421ba59ea357c474eb40,"Dallimore, Brady",834396,Right,TCU_HFG,2bf4582f-3c00-4e1e-97a4-3827573a2139,54.53522,-117.68698,10.97518,6.18406,-3.94675,-11.90852,0.31893,-3.6537,2.82286,NA,NA,NA,NA,NA,NA,NA,NA,NA,NA,NA,NA,NA,NA,NA,NA,NA,NA,NA,NA,NA,NA,NA,NA,NA,NA,NA,NA,NA,NA,NA,NA,NA,NA,NA,NA,NA,NA,NA,NA,NA,NA,NA,NA,NA,NA,NA,NA,NA,NA,High,High,High,NA,NA,NA,NA,NA,NA,NA,NA,NA,NA,NA,NA,NA,NA,NA,NA,NA,NA,NA,NA,NA,NA,NA,NA,NA,NA,NA,NA,NA,NA,NA,NA,NA,NA,NA,NA,NA,NA,NA,NA,NA,NA,NA,NA,NA,NA,NA,NA,NA,NA,NA,NA,NA,NA,NA,NA,NA
NA,NA,NA,NA,NA,NA,NA,NA,NA,NA,NA,NA,NA,NA,NA,NA,120,2026-03-03,19:12:56,6,2,"Johnson, Nolan",837518,Left,TCU_HFG,"Watkins, Grant",830787,Left,ABI_WIL,Undefined,4,Top,1,1,0,ChangeUp,Changeup,FoulBallNotFieldable,Undefined,Undefined,Undefined,0,0,NA,80.81798,-1.156715,1.347744,1561.121459,124.896345,10:15:00,6.17404,-0.2624,6.03622,-35.16982,7.26831,-8.54516,2.17164,0.27378,74.41821,-7.668148,-0.192082,0.468867,NA,NA,NA,NA,NA,NA,NA,NA,NA,NA,NA,4.81162,4.43158,0.1619,50,6.06447,-2.4523,-117.4536,-3.44269,6.72906,22.01029,-25.97646,TCU_HFG,ABI_WIL,TCU,D1,BIG12,20260303-TCU-2,4775f860-1767-11f1-89da-3b5d2295cb78,80.39048,NA,NA,6.39977,NA,NA,NA,NA,NA,NA,5cabaece-df46-4300-b3c7-55df33123daa,2026-03-04,01:12:56,2026-03-04T01:12:56Z,2026-03-04T01:12:56Z,NA,v3,5045,471223,5b1f43e35ca0421ba59ea357c474eb40,"Dallimore, Brady",834396,Right,TCU_HFG,f8c3f5a0-db9b-47f2-8a97-76198fa32846,54.4674,-118.28781,11.00514,6.17629,-2.45816,-12.98823,0.25968,-2.70733,3.36453,NA,NA,NA,NA,NA,NA,NA,NA,NA,NA,NA,NA,NA,NA,NA,NA,NA,NA,NA,NA,NA,NA,NA,NA,NA,NA,NA,NA,NA,NA,NA,NA,NA,NA,NA,NA,NA,NA,NA,NA,NA,NA,NA,NA,NA,NA,NA,NA,NA,NA,High,High,High,NA,NA,NA,NA,NA,NA,NA,NA,NA,NA,NA,NA,NA,NA,NA,NA,NA,NA,NA,NA,NA,NA,NA,NA,NA,NA,NA,NA,NA,NA,NA,NA,NA,NA,NA,NA,NA,NA,NA,NA,NA,NA,NA,NA,NA,NA,NA,NA,NA,NA,NA,NA,NA,NA,NA,NA,NA
NA,NA,NA,NA,NA,NA,NA,NA,NA,NA,NA,NA,NA,NA,NA,NA,121,2026-03-03,19:13:21,6,3,"Johnson, Nolan",837518,Left,TCU_HFG,"Watkins, Grant",830787,Left,ABI_WIL,Undefined,4,Top,1,1,1,Slider,Slider,StrikeCalled,Undefined,Undefined,Undefined,0,0,NA,81.66608,0.174307,0.835488,2095.256343,216.389486,01:15:00,6.16078,-0.41208,5.67152,-37.54506,4.78925,2.52697,3.19457,0.57755,74.68817,-6.745114,1.287504,0.468293,NA,NA,NA,NA,NA,NA,NA,NA,NA,NA,NA,-1.03563,2.82457,0.33994,50,6.15207,-1.83128,-118.56269,-0.89349,-1.46973,23.30016,-28.16546,TCU_HFG,ABI_WIL,TCU,D1,BIG12,20260303-TCU-2,56825b50-1767-11f1-89da-3b5d2295cb78,80.48903,NA,NA,6.97791,NA,NA,NA,NA,NA,NA,5cabaece-df46-4300-b3c7-55df33123daa,2026-03-04,01:13:21,2026-03-04T01:13:21Z,2026-03-04T01:13:21Z,NA,v3,5045,471223,5b1f43e35ca0421ba59ea357c474eb40,"Dallimore, Brady",834396,Right,TCU_HFG,59e7e9ea-bcee-4803-b4a5-164392029844,54.82893,-119.50791,11.65008,6.16514,0.2491,-14.08273,0.41302,-1.77165,-0.73487,NA,NA,NA,NA,NA,NA,NA,NA,NA,NA,NA,NA,NA,NA,NA,NA,NA,NA,NA,NA,NA,NA,NA,NA,NA,NA,NA,NA,NA,NA,NA,NA,NA,NA,NA,NA,NA,NA,NA,NA,NA,NA,NA,NA,NA,NA,NA,NA,NA,NA,High,High,High,NA,NA,NA,NA,NA,NA,NA,NA,NA,NA,NA,NA,NA,NA,NA,NA,NA,NA,NA,NA,NA,NA,NA,NA,NA,NA,NA,NA,NA,NA,NA,NA,NA,NA,NA,NA,NA,NA,NA,NA,NA,NA,NA,NA,NA,NA,NA,NA,NA,NA,NA,NA,NA,NA,NA,NA,NA
NA,NA,NA,NA,NA,NA,NA,NA,NA,NA,NA,NA,NA,NA,NA,NA,122,2026-03-03,19:13:39,6,4,"Johnson, Nolan",837518,Left,TCU_HFG,"Watkins, Grant",830787,Left,ABI_WIL,Undefined,4,Top,1,1,2,ChangeUp,Slider,BallCalled,Undefined,Undefined,Undefined,0,0,NA,80.36543,-2.658234,2.178289,1466.525722,102.834565,09:30:00,6.23471,0.02605,6.04846,-38.65164,4.75158,-14.40804,0.54918,0.84303,73.63143,-9.781802,-0.421193,0.474168,NA,NA,NA,NA,NA,NA,NA,NA,NA,NA,NA,8.14591,3.65721,-0.18784,50,6.00656,-3.9086,-116.55801,-6.5966,11.10654,23.72972,-27.18763,TCU_HFG,ABI_WIL,TCU,D1,BIG12,20260303-TCU-2,60ba2bc0-1767-11f1-89da-3b5d2295cb78,79.49169,NA,NA,6.734,NA,NA,NA,NA,NA,NA,5cabaece-df46-4300-b3c7-55df33123daa,2026-03-04,01:13:39,2026-03-04T01:13:39Z,2026-03-04T01:13:39Z,NA,v3,5045,471223,5b1f43e35ca0421ba59ea357c474eb40,"Dallimore, Brady",834396,Right,TCU_HFG,e30200be-2665-4335-a60f-b19baa6c3018,54.45484,-117.46146,11.86486,6.238,-5.56151,-13.59381,-0.03098,-4.33146,5.55327,NA,NA,NA,NA,NA,NA,NA,NA,NA,NA,NA,NA,NA,NA,NA,NA,NA,NA,NA,NA,NA,NA,NA,NA,NA,NA,NA,NA,89.41204,NA,NA,1.068555,NA,NA,NA,5.33284,6.35486,-1.58115,127.28604,1.85782,-1.3112,5.46361,129.12648,-14.31139,6.3385,5.83641,-9.36986,-1.6515,-5.25464,5.29986,High,High,High,NA,NA,High,High,High,NA,NA,NA,NA,NA,NA,NA,NA,NA,NA,NA,NA,NA,NA,NA,NA,NA,NA,NA,NA,NA,NA,NA,NA,NA,NA,NA,NA,NA,NA,NA,NA,NA,NA,NA,NA,NA,NA,NA,NA,NA,NA,NA,NA,NA,NA,NA,NA,NA,NA,NA,NA
NA,NA,NA,NA,NA,NA,NA,NA,NA,NA,NA,NA,NA,NA,NA,NA,123,2026-03-03,19:14:15,6,5,"Johnson, Nolan",837518,Left,TCU_HFG,"Watkins, Grant",830787,Left,ABI_WIL,Undefined,4,Top,1,2,2,Slider,Slider,InPlay,Undefined,GroundBall,Out,1,0,NA,81.26401,-0.947687,1.055542,1985.195397,234.158254,01:45:00,6.0954,-0.23747,5.88914,-38.40038,3.85276,3.52658,2.01512,1.03669,74.82123,-8.016007,1.68936,0.467844,81.44158,-15.019377,22.556877,NA,NA,NA,NA,8.79343,8.24983,12.494456,0.064925,-1.52807,2.5939,0.15023,50,5.99659,-2.30757,-118.08351,-3.1784,-2.15709,22.53013,-28.5124,TCU_HFG,ABI_WIL,TCU,D1,BIG12,20260303-TCU-2,767b2bd0-1767-11f1-89da-3b5d2295cb78,80.56628,2.0138,NA,6.44278,NA,NA,NA,1.6539,2.0138,-0.97668,5cabaece-df46-4300-b3c7-55df33123daa,2026-03-04,01:14:15,2026-03-04T01:14:15Z,2026-03-04T01:14:15Z,GroundBall,v3,5045,471223,5b1f43e35ca0421ba59ea357c474eb40,"Dallimore, Brady",834396,Right,TCU_HFG,0b3c6a74-ecf7-4f11-b6d5-ed125ff8929f,54.61442,-118.96068,11.26507,6.09873,-2.06833,-14.2562,0.23843,-2.22359,-1.07854,180,1.65164,106.75773,NA,NA,NA,NA,NA,NA,NA,2.01446,-31.01719,NA,NA,NA,NA,NA,NA,NA,-0.97761,44.34471,NA,NA,NA,NA,NA,NA,NA,NA,NA,NA,NA,NA,NA,NA,NA,NA,NA,NA,NA,NA,NA,NA,NA,NA,NA,NA,NA,NA,NA,High,High,High,High,High,NA,NA,NA,NA,NA,NA,NA,NA,NA,NA,NA,NA,NA,NA,NA,NA,NA,NA,NA,NA,NA,NA,NA,NA,NA,NA,NA,NA,NA,NA,NA,NA,NA,NA,NA,NA,NA,NA,NA,NA,NA,NA,NA,NA,NA,NA,NA,NA,NA,NA,NA,NA,NA,NA,NA
NA,NA,NA,NA,NA,NA,NA,NA,NA,NA,NA,NA,NA,NA,NA,NA,124,2026-03-03,19:17:21,7,1,"Quinn, Walter",808914,Right,TCU_HFG,"Arias, Nick",808897,Right,ABI_WIL,Undefined,4,Top,2,0,0,Fastball,Sinker,BallCalled,Undefined,Undefined,Undefined,0,0,NA,91.21712,0.486953,-3.9735,2022.362526,272.621219,03:00:00,4.55034,3.27416,5.9815,-33.57049,0.33331,18.53623,2.20529,1.12958,82.49458,-5.73715,-0.648617,0.419079,NA,NA,NA,NA,NA,NA,NA,NA,NA,NA,NA,-10.70296,0.38937,-2.96963,50,4.57056,8.37038,-132.16004,-0.08821,-18.71955,31.08425,-31.49305,TCU_HFG,ABI_WIL,TCU,D1,BIG12,20260303-TCU-2,e566dcb0-1767-11f1-89da-3b5d2295cb78,89.94123,NA,NA,8.72253,NA,NA,NA,NA,NA,NA,5cabaece-df46-4300-b3c7-55df33123daa,2026-03-04,01:17:21,2026-03-04T01:17:21Z,2026-03-04T01:17:21Z,NA,v3,5045,471223,5b1f43e35ca0421ba59ea357c474eb40,"Dallimore, Brady",834396,Right,TCU_HFG,f8dcef3f-ed45-4e75-89c1-4134776dc542,54.52075,-133.21908,15.54213,4.55529,0.98476,-15.74653,-3.26568,9.00816,-9.35977,NA,NA,NA,NA,NA,NA,NA,NA,NA,NA,NA,NA,NA,NA,NA,NA,NA,NA,NA,NA,NA,NA,NA,NA,NA,NA,NA,NA,NA,NA,NA,NA,NA,NA,NA,NA,NA,NA,NA,NA,NA,NA,NA,NA,NA,NA,NA,NA,NA,NA,High,High,High,NA,NA,NA,NA,NA,NA,NA,NA,NA,NA,NA,NA,NA,NA,NA,NA,NA,NA,NA,NA,NA,NA,NA,NA,NA,NA,NA,NA,NA,NA,NA,NA,NA,NA,NA,NA,NA,NA,NA,NA,NA,NA,NA,NA,NA,NA,NA,NA,NA,NA,NA,NA,NA,NA,NA,NA,NA
NA,NA,NA,NA,NA,NA,NA,NA,NA,NA,NA,NA,NA,NA,NA,NA,125,2026-03-03,19:17:35,7,2,"Quinn, Walter",808914,Right,TCU_HFG,"Arias, Nick",808897,Right,ABI_WIL,Undefined,4,Top,2,1,0,Slider,Slider,BallCalled,Undefined,Undefined,Undefined,0,0,NA,80.29386,1.556519,-5.331691,2592.889197,104.181209,09:30:00,3.94146,3.18804,5.61558,-41.17632,3.84524,-8.7465,1.96958,-2.53165,72.31639,-6.027601,-6.878236,0.482927,NA,NA,NA,NA,NA,NA,NA,NA,NA,NA,NA,2.59583,1.93469,-2.72566,50,4.04904,11.16325,-115.8255,1.80459,3.45563,25.68004,-29.59857,TCU_HFG,ABI_WIL,TCU,D1,BIG12,20260303-TCU-2,edb812d0-1767-11f1-89da-3b5d2295cb78,78.04996,NA,NA,7.97747,NA,NA,NA,NA,NA,NA,5cabaece-df46-4300-b3c7-55df33123daa,2026-03-04,01:17:35,2026-03-04T01:17:35Z,2026-03-04T01:17:35Z,NA,v3,5045,471223,5b1f43e35ca0421ba59ea357c474eb40,"Dallimore, Brady",834396,Right,TCU_HFG,d988cbd9-dd8d-4ed2-867e-2a82f90d1511,54.8828,-116.90306,12.84002,3.94725,3.04658,-14.79929,-3.19104,11.01825,1.72782,NA,NA,NA,NA,NA,NA,NA,NA,NA,NA,NA,NA,NA,NA,NA,NA,NA,NA,NA,NA,NA,NA,NA,NA,NA,NA,NA,NA,NA,NA,NA,NA,NA,NA,NA,NA,NA,NA,NA,NA,NA,NA,NA,NA,NA,NA,NA,NA,NA,NA,High,High,High,NA,NA,NA,NA,NA,NA,NA,NA,NA,NA,NA,NA,NA,NA,NA,NA,NA,NA,NA,NA,NA,NA,NA,NA,NA,NA,NA,NA,NA,NA,NA,NA,NA,NA,NA,NA,NA,NA,NA,NA,NA,NA,NA,NA,NA,NA,NA,NA,NA,NA,NA,NA,NA,NA,NA,NA,NA
NA,NA,NA,NA,NA,NA,NA,NA,NA,NA,NA,NA,NA,NA,NA,NA,126,2026-03-03,19:17:57,7,3,"Quinn, Walter",808914,Right,TCU_HFG,"Arias, Nick",808897,Right,ABI_WIL,Undefined,4,Top,2,2,0,Fastball,Sinker,BallCalled,Undefined,Undefined,Undefined,0,0,NA,89.47003,1.724793,-4.967667,2035.970126,247.07753,02:15:00,4.45165,3.31642,6.07811,-25.286,9.94725,20.59139,3.94692,0.42428,80.53443,-3.036892,-1.27931,0.427216,NA,NA,NA,NA,NA,NA,NA,NA,NA,NA,NA,-12.03528,4.94996,-2.94152,50,4.57231,10.36131,-129.38801,3.10078,-20.188110000000002,29.64513,-23.87091,TCU_HFG,ABI_WIL,TCU,D1,BIG12,20260303-TCU-2,fa7e7d60-1767-11f1-89da-3b5d2295cb78,88.22802,NA,NA,8.9356,NA,NA,NA,NA,NA,NA,5cabaece-df46-4300-b3c7-55df33123daa,2026-03-04,01:17:57,2026-03-04T01:17:57Z,2026-03-04T01:17:57Z,NA,v3,5045,471223,5b1f43e35ca0421ba59ea357c474eb40,"Dallimore, Brady",834396,Right,TCU_HFG,1610077a-cc2e-4ca9-a993-e117db46a2fc,54.42268,-130.39739,14.82257,4.45289,3.91356,-11.93545,-3.30601,11.04869,-10.09405,NA,NA,NA,NA,NA,NA,NA,NA,NA,NA,NA,NA,NA,NA,NA,NA,NA,NA,NA,NA,NA,NA,NA,NA,NA,NA,NA,NA,NA,NA,NA,NA,NA,NA,NA,NA,NA,NA,NA,NA,NA,NA,NA,NA,NA,NA,NA,NA,NA,NA,High,High,High,NA,NA,NA,NA,NA,NA,NA,NA,NA,NA,NA,NA,NA,NA,NA,NA,NA,NA,NA,NA,NA,NA,NA,NA,NA,NA,NA,NA,NA,NA,NA,NA,NA,NA,NA,NA,NA,NA,NA,NA,NA,NA,NA,NA,NA,NA,NA,NA,NA,NA,NA,NA,NA,NA,NA,NA,NA
NA,NA,NA,NA,NA,NA,NA,NA,NA,NA,NA,NA,NA,NA,NA,NA,127,2026-03-03,19:18:13,7,4,"Quinn, Walter",808914,Right,TCU_HFG,"Arias, Nick",808897,Right,ABI_WIL,Undefined,4,Top,2,3,0,Fastball,Sinker,BallCalled,Walk,Undefined,Undefined,0,0,NA,89.31522,0.685655,-4.034949,2016.570991,268.042105,03:00:00,4.31981,3.342,5.8369,-33.55675,1.88347,19.95206,2.16235,1.24797,81.01094,-5.522665,-0.466464,0.428469,NA,NA,NA,NA,NA,NA,NA,NA,NA,NA,NA,-11.34953,1.12862,-3.02406,50,4.35625,8.26267,-129.40839,0.34729,-19.10738,28.82279,-30.27395,TCU_HFG,ABI_WIL,TCU,D1,BIG12,20260303-TCU-2,043f4910-1768-11f1-89da-3b5d2295cb78,87.97002,NA,NA,8.30428,NA,NA,NA,NA,NA,NA,5cabaece-df46-4300-b3c7-55df33123daa,2026-03-04,01:18:13,2026-03-04T01:18:13Z,2026-03-04T01:18:13Z,NA,v3,5045,471223,5b1f43e35ca0421ba59ea357c474eb40,"Dallimore, Brady",834396,Right,TCU_HFG,66e5bfdc-898b-4762-8005-3ff9b4ac64da,54.66586,-130.44346,14.4114,4.32426,1.43447,-15.13697,-3.3331,8.94885,-9.55369,NA,NA,NA,NA,NA,NA,NA,NA,NA,NA,NA,NA,NA,NA,NA,NA,NA,NA,NA,NA,NA,NA,NA,NA,NA,NA,NA,NA,NA,NA,NA,NA,NA,NA,NA,NA,NA,NA,NA,NA,NA,NA,NA,NA,NA,NA,NA,NA,NA,NA,High,High,High,NA,NA,NA,NA,NA,NA,NA,NA,NA,NA,NA,NA,NA,NA,NA,NA,NA,NA,NA,NA,NA,NA,NA,NA,NA,NA,NA,NA,NA,NA,NA,NA,NA,NA,NA,NA,NA,NA,NA,NA,NA,NA,NA,NA,NA,NA,NA,NA,NA,NA,NA,NA,NA,NA,NA,NA,NA
NA,NA,NA,NA,NA,NA,NA,NA,NA,NA,NA,NA,NA,NA,NA,NA,128,2026-03-03,19:18:46,8,1,"Quinn, Walter",808914,Right,TCU_HFG,"Cardenas, Diego",830790,Left,ABI_WIL,Undefined,4,Top,2,0,0,Slider,Slider,StrikeCalled,Undefined,Undefined,Undefined,0,0,NA,79.29449,1.991703,-1.965296,2513.366662,113.911007,09:45:00,4.01237,3.57623,5.61733,-40.40349,4.78004,-7.48056,2.50618,1.11786,72.22367,-5.460527,-3.298704,0.483795,NA,NA,NA,NA,NA,NA,NA,NA,NA,NA,NA,3.18776,2.30984,-3.40354,50,4.15687,4.24199,-114.96268,2.68131,4.24469,22.31502,-29.09834,TCU_HFG,ABI_WIL,TCU,D1,BIG12,20260303-TCU-2,17d9bfa0-1768-11f1-89da-3b5d2295cb78,77.90993,NA,NA,7.07082,NA,NA,NA,NA,NA,NA,5cabaece-df46-4300-b3c7-55df33123daa,2026-03-04,01:18:46,2026-03-04T01:18:46Z,2026-03-04T01:18:46Z,NA,v3,5045,471223,5b1f43e35ca0421ba59ea357c474eb40,"Dallimore, Brady",834396,Right,TCU_HFG,7a5069e5-4bbc-43f9-bac5-eb65a227f238,54.88293,-115.90661,11.15751,4.01741,3.91219,-14.54917,-3.57918,4.06244,2.12234,NA,NA,NA,NA,NA,NA,NA,NA,NA,NA,NA,NA,NA,NA,NA,NA,NA,NA,NA,NA,NA,NA,NA,NA,NA,NA,NA,NA,NA,NA,NA,NA,NA,NA,NA,NA,NA,NA,NA,NA,NA,NA,NA,NA,NA,NA,NA,NA,NA,NA,High,High,High,NA,NA,NA,NA,NA,NA,NA,NA,NA,NA,NA,NA,NA,NA,NA,NA,NA,NA,NA,NA,NA,NA,NA,NA,NA,NA,NA,NA,NA,NA,NA,NA,NA,NA,NA,NA,NA,NA,NA,NA,NA,NA,NA,NA,NA,NA,NA,NA,NA,NA,NA,NA,NA,NA,NA,NA,NA
NA,NA,NA,NA,NA,NA,NA,NA,NA,NA,NA,NA,NA,NA,NA,NA,129,2026-03-03,19:19:05,8,2,"Quinn, Walter",808914,Right,TCU_HFG,"Cardenas, Diego",830790,Left,ABI_WIL,Undefined,4,Top,2,0,1,Slider,Slider,BallCalled,Undefined,Undefined,Undefined,0,0,NA,79.19113,1.413981,-1.503768,2618.658794,76.400368,08:30:00,4.00753,3.35908,5.41614,-46.96369,-1.18347,-11.23205,1.4193,1.01395,72.08853,-7.173731,-3.501097,0.486979,NA,NA,NA,NA,NA,NA,NA,NA,NA,NA,NA,5.20181,-0.60382,-3.21718,50,4.1005,3.4606,-114.84163,1.23343,6.87581,23.30083,-32.97219,TCU_HFG,ABI_WIL,TCU,D1,BIG12,20260303-TCU-2,237d2e00-1768-11f1-89da-3b5d2295cb78,77.40054,NA,NA,7.10259,NA,NA,NA,NA,NA,NA,5cabaece-df46-4300-b3c7-55df33123daa,2026-03-04,01:19:05,2026-03-04T01:19:05Z,2026-03-04T01:19:05Z,NA,v3,5045,471223,5b1f43e35ca0421ba59ea357c474eb40,"Dallimore, Brady",834396,Right,TCU_HFG,d495de37-1059-4e8e-a6c3-98e412f35cc4,55.08653,-115.86907,11.65042,4.01406,2.68732,-16.4861,-3.36308,3.15741,3.43791,NA,NA,NA,NA,NA,NA,NA,NA,NA,NA,NA,NA,NA,NA,NA,NA,NA,NA,NA,NA,NA,NA,NA,NA,NA,NA,NA,NA,NA,NA,NA,NA,NA,NA,NA,NA,NA,NA,NA,NA,NA,NA,NA,NA,NA,NA,NA,NA,NA,NA,High,High,High,NA,NA,NA,NA,NA,NA,NA,NA,NA,NA,NA,NA,NA,NA,NA,NA,NA,NA,NA,NA,NA,NA,NA,NA,NA,NA,NA,NA,NA,NA,NA,NA,NA,NA,NA,NA,NA,NA,NA,NA,NA,NA,NA,NA,NA,NA,NA,NA,NA,NA,NA,NA,NA,NA,NA,NA,NA
NA,NA,NA,NA,NA,NA,NA,NA,NA,NA,NA,NA,NA,NA,NA,NA,130,2026-03-03,19:19:25,8,3,"Quinn, Walter",808914,Right,TCU_HFG,"Cardenas, Diego",830790,Left,ABI_WIL,Undefined,4,Top,2,1,1,Fastball,Sinker,StrikeSwinging,Undefined,Undefined,Undefined,0,0,NA,90.73828,0.661683,-3.847947,2087.309723,276.231248,03:15:00,4.48233,3.45835,5.95333,-35.51262,-0.9987,20.79627,2.13805,1.61715,81.55256,-5.924548,-0.117958,0.422833,NA,NA,NA,NA,NA,NA,NA,NA,NA,NA,NA,-11.84292,-0.31547,-3.16311,50,4.5156,7.9166,-131.3935,0.22333,-20.33369,32.48019,-32.71573,TCU_HFG,ABI_WIL,TCU,D1,BIG12,20260303-TCU-2,2f6175f0-1768-11f1-89da-3b5d2295cb78,89.14271,NA,NA,9.18572,NA,NA,NA,NA,NA,NA,5cabaece-df46-4300-b3c7-55df33123daa,2026-03-04,01:19:25,2026-03-04T01:19:25Z,2026-03-04T01:19:25Z,NA,v3,5045,471223,5b1f43e35ca0421ba59ea357c474eb40,"Dallimore, Brady",834396,Right,TCU_HFG,3e9e1a43-6c40-42b0-b6f2-8f961d1cae60,54.54807,-132.51301,16.2401,4.48847,1.35095,-16.35786,-3.44805,8.61744,-10.16684,NA,NA,NA,NA,NA,NA,NA,NA,NA,NA,NA,NA,NA,NA,NA,NA,NA,NA,NA,NA,NA,NA,NA,NA,NA,NA,NA,NA,NA,NA,NA,NA,NA,NA,NA,NA,NA,NA,NA,NA,NA,NA,NA,NA,NA,NA,NA,NA,NA,NA,High,High,High,NA,NA,NA,NA,NA,NA,NA,NA,NA,NA,NA,NA,NA,NA,NA,NA,NA,NA,NA,NA,NA,NA,NA,NA,NA,NA,NA,NA,NA,NA,NA,NA,NA,NA,NA,NA,NA,NA,NA,NA,NA,NA,NA,NA,NA,NA,NA,NA,NA,NA,NA,NA,NA,NA,NA,NA,NA
NA,NA,NA,NA,NA,NA,NA,NA,NA,NA,NA,NA,NA,NA,NA,NA,131,2026-03-03,19:19:47,8,4,"Quinn, Walter",808914,Right,TCU_HFG,"Cardenas, Diego",830790,Left,ABI_WIL,Undefined,4,Top,2,1,2,Slider,Slider,FoulBallNotFieldable,Undefined,Undefined,Undefined,0,0,NA,79.30982,1.294332,-3.6026,2527.982546,98.280707,09:15:00,4.05091,3.5579,5.56213,-42.93553,2.46288,-6.76473,1.68484,-0.37617,72.36258,-6.580067,-4.80442,0.484944,NA,NA,NA,NA,NA,NA,NA,NA,NA,NA,NA,2.37114,1.24567,-3.24169,50,4.1344900000000004,7.49293,-114.88491,1.19209,3.14631,22.70723,-30.52116,TCU_HFG,ABI_WIL,TCU,D1,BIG12,20260303-TCU-2,3c426d60-1768-11f1-89da-3b5d2295cb78,77.72533,NA,NA,6.94724,NA,NA,NA,NA,NA,NA,5cabaece-df46-4300-b3c7-55df33123daa,2026-03-04,01:19:47,2026-03-04T01:19:47Z,2026-03-04T01:19:47Z,NA,v3,5045,471223,5b1f43e35ca0421ba59ea357c474eb40,"Dallimore, Brady",834396,Right,TCU_HFG,9135937e-96a7-49ed-a29d-efb7fd538b6e,54.94073,-115.85734,11.35362,4.0554500000000004,2.49915,-15.26058,-3.55968,7.35819,1.57316,NA,NA,NA,NA,NA,NA,NA,NA,NA,NA,NA,NA,NA,NA,NA,NA,NA,NA,NA,NA,NA,NA,NA,NA,NA,NA,NA,NA,NA,NA,NA,NA,NA,NA,NA,NA,NA,NA,NA,NA,NA,NA,NA,NA,NA,NA,NA,NA,NA,NA,High,High,High,NA,NA,NA,NA,NA,NA,NA,NA,NA,NA,NA,NA,NA,NA,NA,NA,NA,NA,NA,NA,NA,NA,NA,NA,NA,NA,NA,NA,NA,NA,NA,NA,NA,NA,NA,NA,NA,NA,NA,NA,NA,NA,NA,NA,NA,NA,NA,NA,NA,NA,NA,NA,NA,NA,NA,NA,NA
NA,NA,NA,NA,NA,NA,NA,NA,NA,NA,NA,NA,NA,NA,NA,NA,132,2026-03-03,19:20:13,8,5,"Quinn, Walter",808914,Right,TCU_HFG,"Cardenas, Diego",830790,Left,ABI_WIL,Undefined,4,Top,2,1,2,Fastball,Sinker,FoulBallNotFieldable,Undefined,Undefined,Undefined,0,0,NA,89.86944,1.098266,-3.390894,2002.760395,235.789497,01:45:00,4.43146,3.19575,5.85987,-24.35423,10.69319,13.94698,3.42426,1.20384,81.13384,-3.477411,-0.895592,0.426088,NA,NA,NA,NA,NA,NA,NA,NA,NA,NA,NA,-8.16737,5.47528,-2.92845,50,4.50669,7.11292,-130.21291,1.69333,-13.87972,29.94613,-22.86928,TCU_HFG,ABI_WIL,TCU,D1,BIG12,20260303-TCU-2,4ba8d730-1768-11f1-89da-3b5d2295cb78,88.4616,NA,NA,8.7356,NA,NA,NA,NA,NA,NA,5cabaece-df46-4300-b3c7-55df33123daa,2026-03-04,01:20:13,2026-03-04T01:20:13Z,2026-03-04T01:20:13Z,NA,v3,5045,471223,5b1f43e35ca0421ba59ea357c474eb40,"Dallimore, Brady",834396,Right,TCU_HFG,d97d506a-3030-40a5-98b9-6cd92575e7fc,54.64123,-131.27596,14.97307,4.43217,2.50516,-11.43464,-3.18969,7.60563,-6.93986,NA,NA,NA,NA,NA,NA,NA,NA,NA,NA,NA,NA,NA,NA,NA,NA,NA,NA,NA,NA,NA,NA,NA,NA,NA,NA,NA,NA,NA,NA,NA,NA,NA,NA,NA,NA,NA,NA,NA,NA,NA,NA,NA,NA,NA,NA,NA,NA,NA,NA,High,High,High,NA,NA,NA,NA,NA,NA,NA,NA,NA,NA,NA,NA,NA,NA,NA,NA,NA,NA,NA,NA,NA,NA,NA,NA,NA,NA,NA,NA,NA,NA,NA,NA,NA,NA,NA,NA,NA,NA,NA,NA,NA,NA,NA,NA,NA,NA,NA,NA,NA,NA,NA,NA,NA,NA,NA,NA,NA
NA,NA,NA,NA,NA,NA,NA,NA,NA,NA,NA,NA,NA,NA,NA,NA,133,2026-03-03,19:20:39,8,6,"Quinn, Walter",808914,Right,TCU_HFG,"Cardenas, Diego",830790,Left,ABI_WIL,Undefined,4,Top,2,1,2,Slider,Slider,StrikeSwinging,Strikeout,Undefined,Undefined,0,0,NA,79.47868,1.427473,-2.205887,2632.066511,82.412045,08:45:00,4.11878,3.30826,5.41637,-45.67184,-0.47835,-14.17926,1.65137,0.05906,72.84708,-6.904741,-4.723971,0.483848,NA,NA,NA,NA,NA,NA,NA,NA,NA,NA,NA,6.50831,-0.23661,-3.10181,50,4.21389,5.0042,-115.29553,1.31197,8.73036,22.12717,-32.49146,TCU_HFG,ABI_WIL,TCU,D1,BIG12,20260303-TCU-2,5b240180-1768-11f1-89da-3b5d2295cb78,77.90133,NA,NA,6.6316,NA,NA,NA,NA,NA,NA,5cabaece-df46-4300-b3c7-55df33123daa,2026-03-04,01:20:39,2026-03-04T01:20:39Z,2026-03-04T01:20:39Z,NA,v3,5045,471223,5b1f43e35ca0421ba59ea357c474eb40,"Dallimore, Brady",834396,Right,TCU_HFG,76ce3a55-cd5c-466f-8c72-81c7db87a7f5,55.08707,-116.26772,11.06358,4.12489,2.73954,-16.24573,-3.31325,4.62061,4.36518,NA,NA,NA,NA,NA,NA,NA,NA,NA,NA,NA,NA,NA,NA,NA,NA,NA,NA,NA,NA,NA,NA,NA,NA,NA,NA,NA,NA,NA,NA,NA,NA,NA,NA,NA,NA,NA,NA,NA,NA,NA,NA,NA,NA,NA,NA,NA,NA,NA,NA,High,High,High,NA,NA,NA,NA,NA,NA,NA,NA,NA,NA,NA,NA,NA,NA,NA,NA,NA,NA,NA,NA,NA,NA,NA,NA,NA,NA,NA,NA,NA,NA,NA,NA,NA,NA,NA,NA,NA,NA,NA,NA,NA,NA,NA,NA,NA,NA,NA,NA,NA,NA,NA,NA,NA,NA,NA,NA,NA
NA,NA,NA,NA,NA,NA,NA,NA,NA,NA,NA,NA,NA,NA,NA,NA,134,2026-03-03,19:22:57,1,1,"Coe, Brady",830786,Right,ABI_WIL,"Brunson, Chase",815313,Right,TCU_HFG,Undefined,4,Bottom,0,0,0,Fastball,Four-Seam,BallCalled,Undefined,Undefined,Undefined,0,0,NA,90.33879,-0.249788,-0.916009,2522.183062,208.783982,01:00:00,5.6074,1.01187,5.64951,-14.178,20.78848,10.7393,4.19287,1.05232,81.37902,-2.998641,1.002238,0.425596,NA,NA,NA,NA,NA,NA,NA,NA,NA,NA,NA,-5.69051,10.9406,-0.94094,50,5.57743,1.60558,-130.99358,-0.95133,-9.7596,31.01363,-13.41017,TCU_HFG,ABI_WIL,TCU,D1,BIG12,20260303-TCU-2,adc284c0-1768-11f1-89da-3b5d2295cb78,88.56394,NA,NA,8.95977,NA,NA,NA,NA,NA,NA,5cabaece-df46-4300-b3c7-55df33123daa,2026-03-04,01:22:57,2026-03-04T01:22:57Z,2026-03-04T01:22:57Z,NA,v3,5045,471223,5b1f43e35ca0421ba59ea357c474eb40,"Gray, Brady",830795,Right,ABI_WIL,fbb68e11-73a3-4c59-8bcf-e5e13ee48a9b,54.84899,-132.13662,15.50681,5.60339,-0.45708,-6.70508,-1.00675,1.96529,-4.8798,NA,NA,NA,NA,NA,NA,NA,NA,NA,NA,NA,NA,NA,NA,NA,NA,NA,NA,NA,NA,NA,NA,NA,NA,NA,NA,NA,NA,NA,NA,NA,NA,NA,NA,NA,NA,NA,NA,NA,NA,NA,NA,NA,NA,NA,NA,NA,NA,NA,NA,High,High,High,NA,NA,NA,NA,NA,NA,NA,NA,NA,NA,NA,NA,NA,NA,NA,NA,NA,NA,NA,NA,NA,NA,NA,NA,NA,NA,NA,NA,NA,NA,NA,NA,NA,NA,NA,NA,NA,NA,NA,NA,NA,NA,NA,NA,NA,NA,NA,NA,NA,NA,NA,NA,NA,NA,NA,NA,NA
NA,NA,NA,NA,NA,NA,NA,NA,NA,NA,NA,NA,NA,NA,NA,NA,135,2026-03-03,19:23:11,1,2,"Coe, Brady",830786,Right,ABI_WIL,"Brunson, Chase",815313,Right,TCU_HFG,Undefined,4,Bottom,0,1,0,Fastball,Four-Seam,BallCalled,Undefined,Undefined,Undefined,0,0,NA,91.13045,-1.451564,-0.867559,2457.552606,208.615146,01:00:00,5.53699,1.13748,5.88453,-12.68268,21.32667,10.98138,3.13163,1.24686,82.31526,-3.929481,1.102788,0.419731,NA,NA,NA,NA,NA,NA,NA,NA,NA,NA,NA,-5.83646,11.66548,-1.07354,50,5.41239,1.51104,-132.1843,-3.65629,-10.21064,31.12514,-11.76581,TCU_HFG,ABI_WIL,TCU,D1,BIG12,20260303-TCU-2,b616c820-1768-11f1-89da-3b5d2295cb78,89.80152,NA,NA,8.81519,NA,NA,NA,NA,NA,NA,5cabaece-df46-4300-b3c7-55df33123daa,2026-03-04,01:23:11,2026-03-04T01:23:11Z,2026-03-04T01:23:11Z,NA,v3,5045,471223,5b1f43e35ca0421ba59ea357c474eb40,"Gray, Brady",830795,Right,ABI_WIL,34ba8257-8e3b-48c4-8608-3568749f6349,54.61432,-133.2664,15.56257,5.53239,-3.24724,-5.88291,-1.13224,1.86602,-5.10532,NA,NA,NA,NA,NA,NA,NA,NA,NA,NA,NA,NA,NA,NA,NA,NA,NA,NA,NA,NA,NA,NA,NA,NA,NA,NA,NA,NA,NA,NA,NA,NA,NA,NA,NA,NA,NA,NA,NA,NA,NA,NA,NA,NA,NA,NA,NA,NA,NA,NA,High,High,High,NA,NA,NA,NA,NA,NA,NA,NA,NA,NA,NA,NA,NA,NA,NA,NA,NA,NA,NA,NA,NA,NA,NA,NA,NA,NA,NA,NA,NA,NA,NA,NA,NA,NA,NA,NA,NA,NA,NA,NA,NA,NA,NA,NA,NA,NA,NA,NA,NA,NA,NA,NA,NA,NA,NA,NA,NA
NA,NA,NA,NA,NA,NA,NA,NA,NA,NA,NA,NA,NA,NA,NA,NA,136,2026-03-03,19:23:25,1,3,"Coe, Brady",830786,Right,ABI_WIL,"Brunson, Chase",815313,Right,TCU_HFG,Undefined,4,Bottom,0,2,0,Fastball,Four-Seam,InPlay,Undefined,GroundBall,Single,0,0,NA,91.02228,-2.03218,-2.417038,2547.27166,201.352881,12:45:00,5.53865,1.32747,6.16436,-11.75009,21.99269,8.13485,2.67971,-0.22878,82.32599,-4.349465,-0.951574,0.418082,107.81165,3.258368,-28.27111,3062.180298,NA,NA,NA,80.15868,79.02251,-28.900339,0.539937,-4.97351,12.37115,-1.1482,50,5.37834,5.23533,-132.00549,-4.95194,-8.68126,30.9253,-10.58021,TCU_HFG,ABI_WIL,TCU,D1,BIG12,20260303-TCU-2,be7fcc00-1768-11f1-89da-3b5d2295cb78,90.15555,3.5078,NA,8.69629,NA,NA,NA,2.06356,2.78829,0.14215,5cabaece-df46-4300-b3c7-55df33123daa,2026-03-04,01:23:25,2026-03-04T01:23:25Z,2026-03-04T01:23:25Z,GroundBall,v3,5045,471223,5b1f43e35ca0421ba59ea357c474eb40,"Gray, Brady",830795,Right,ABI_WIL,92296534-05b3-46f9-843a-3a63ed1ccc29,54.33712,-133.01767,15.46265,5.53475,-4.60565,-5.29011,-1.32421,5.51947,-4.34063,NA,2.091,138.35213,-22.78404,NA,NA,NA,NA,NA,NA,2.82042,8.18278,-24.93207,NA,NA,NA,NA,NA,NA,0.14401,-74.82229,5.19356,NA,NA,NA,NA,NA,NA,NA,NA,NA,NA,NA,NA,NA,NA,NA,NA,NA,NA,NA,NA,NA,NA,NA,NA,NA,NA,NA,NA,High,High,High,High,High,NA,NA,NA,NA,NA,NA,NA,NA,NA,NA,NA,NA,NA,NA,NA,NA,NA,NA,NA,NA,NA,NA,NA,NA,NA,NA,NA,NA,NA,NA,NA,NA,NA,NA,NA,NA,NA,NA,NA,NA,NA,NA,NA,NA,NA,NA,NA,NA,NA,NA,NA,NA,NA,NA,NA
NA,NA,NA,NA,NA,NA,NA,NA,NA,NA,NA,NA,NA,NA,NA,NA,137,2026-03-03,19:24:04,2,1,"Coe, Brady",830786,Right,ABI_WIL,"Traeger, Nolan",807253,Left,TCU_HFG,Undefined,4,Bottom,0,0,0,Curveball,Curveball,StrikeCalled,Undefined,Undefined,Undefined,0,0,NA,74.62779,1.866923,0.68719,2826.472725,64.227006,08:15:00,5.35507,1.30163,5.20957,-60.22133,-7.98394,-20.36316,2.09312,0.251,67.75586,-9.071486,-2.927968,0.52019,NA,NA,NA,NA,NA,NA,NA,NA,NA,NA,NA,10.36906,-4.04425,-1.34919,50,5.48247,-0.50581,-108.1818,1.48994,12.08144,21.8348,-36.88616,TCU_HFG,ABI_WIL,TCU,D1,BIG12,20260303-TCU-2,d5663940-1768-11f1-89da-3b5d2295cb78,72.45895,NA,NA,6.87192,NA,NA,NA,NA,NA,NA,5cabaece-df46-4300-b3c7-55df33123daa,2026-03-04,01:24:04,2026-03-04T01:24:04Z,2026-03-04T01:24:04Z,NA,v3,5045,471223,5b1f43e35ca0421ba59ea357c474eb40,"Gray, Brady",830795,Right,ABI_WIL,1bb240ac-af81-4b17-9320-9247bafbe8df,55.29481,-109.24525,10.9174,5.36615,3.28646,-18.44308,-1.31023,-1.09423,6.04072,NA,NA,NA,NA,NA,NA,NA,NA,NA,NA,NA,NA,NA,NA,NA,NA,NA,NA,NA,NA,NA,NA,NA,NA,NA,NA,NA,NA,NA,NA,NA,NA,NA,NA,NA,NA,NA,NA,NA,NA,NA,NA,NA,NA,NA,NA,NA,NA,NA,NA,High,High,High,NA,NA,NA,NA,NA,NA,NA,NA,NA,NA,NA,NA,NA,NA,NA,NA,NA,NA,NA,NA,NA,NA,NA,NA,NA,NA,NA,NA,NA,NA,NA,NA,NA,NA,NA,NA,NA,NA,NA,NA,NA,NA,NA,NA,NA,NA,NA,NA,NA,NA,NA,NA,NA,NA,NA,NA,NA
NA,NA,NA,NA,NA,NA,NA,NA,NA,NA,NA,NA,NA,NA,NA,NA,138,2026-03-03,19:24:23,2,2,"Coe, Brady",830786,Right,ABI_WIL,"Traeger, Nolan",807253,Left,TCU_HFG,Undefined,4,Bottom,0,0,1,Slider,Slider,BallCalled,Undefined,Undefined,Undefined,0,0,NA,75.05524,0.782325,1.06619,2900.905769,82.043398,08:45:00,5.26989,1.46907,5.23912,-52.47271,-1.49024,-22.37608,1.63267,0.60666,68.8942,-8.746892,-2.908456,0.513904,NA,NA,NA,NA,NA,NA,NA,NA,NA,NA,NA,11.53154,-0.51484,-1.54964,50,5.30258,-1.17317,-108.96,-0.25546,13.79431,20.03384,-32.7899,TCU_HFG,ABI_WIL,TCU,D1,BIG12,20260303-TCU-2,e12063f0-1768-11f1-89da-3b5d2295cb78,73.34531,NA,NA,6.16103,NA,NA,NA,NA,NA,NA,5cabaece-df46-4300-b3c7-55df33123daa,2026-03-04,01:24:23,2026-03-04T01:24:23Z,2026-03-04T01:24:23Z,NA,v3,5045,471223,5b1f43e35ca0421ba59ea357c474eb40,"Gray, Brady",830795,Right,ABI_WIL,bc5f6ea1-06b5-4132-9f96-e75547fdfce4,55.26597,-109.92396,10.01692,5.27692,1.32228,-16.39495,-1.47722,-1.8369,6.89716,NA,NA,NA,NA,NA,NA,NA,NA,NA,NA,NA,NA,NA,NA,NA,NA,NA,NA,NA,NA,NA,NA,NA,NA,NA,NA,NA,NA,NA,NA,NA,NA,NA,NA,NA,NA,NA,NA,NA,NA,NA,NA,NA,NA,NA,NA,NA,NA,NA,NA,High,High,High,NA,NA,NA,NA,NA,NA,NA,NA,NA,NA,NA,NA,NA,NA,NA,NA,NA,NA,NA,NA,NA,NA,NA,NA,NA,NA,NA,NA,NA,NA,NA,NA,NA,NA,NA,NA,NA,NA,NA,NA,NA,NA,NA,NA,NA,NA,NA,NA,NA,NA,NA,NA,NA,NA,NA,NA,NA
NA,NA,NA,NA,NA,NA,NA,NA,NA,NA,NA,NA,NA,NA,NA,NA,139,2026-03-03,19:24:44,2,3,"Coe, Brady",830786,Right,ABI_WIL,"Traeger, Nolan",807253,Left,TCU_HFG,Undefined,4,Bottom,0,1,1,Fastball,Four-Seam,StrikeCalled,Undefined,Undefined,Undefined,0,0,NA,90.17863,-2.60937,-1.452319,2569.304601,202.595066,12:45:00,5.51634,0.98232,5.95917,-14.53607,19.94182,7.8154,1.8827,0.28648,82.05641,-5.404514,-0.048199,0.422612,NA,NA,NA,NA,NA,NA,NA,NA,NA,NA,NA,-4.43095,11.33938,-0.87128,50,5.30075,2.98332,-130.80014,-6.35302,-7.6371,28.90556,-12.6297,TCU_HFG,ABI_WIL,TCU,D1,BIG12,20260303-TCU-2,ed534110-1768-11f1-89da-3b5d2295cb78,89.18923,NA,NA,8.12222,NA,NA,NA,NA,NA,NA,5cabaece-df46-4300-b3c7-55df33123daa,2026-03-04,01:24:44,2026-03-04T01:24:44Z,2026-03-04T01:24:44Z,NA,v3,5045,471223,5b1f43e35ca0421ba59ea357c474eb40,"Gray, Brady",830795,Right,ABI_WIL,d3e66597-2434-41e1-ab95-96b0f5a1e160,54.54167,-131.79998,14.45278,5.51295,-5.91616,-6.31485,-0.97904,3.24748,-3.81855,NA,NA,NA,NA,NA,NA,NA,NA,NA,NA,NA,NA,NA,NA,NA,NA,NA,NA,NA,NA,NA,NA,NA,NA,NA,NA,NA,NA,NA,NA,NA,NA,NA,NA,NA,NA,NA,NA,NA,NA,NA,NA,NA,NA,NA,NA,NA,NA,NA,NA,High,High,High,NA,NA,NA,NA,NA,NA,NA,NA,NA,NA,NA,NA,NA,NA,NA,NA,NA,NA,NA,NA,NA,NA,NA,NA,NA,NA,NA,NA,NA,NA,NA,NA,NA,NA,NA,NA,NA,NA,NA,NA,NA,NA,NA,NA,NA,NA,NA,NA,NA,NA,NA,NA,NA,NA,NA,NA,NA
NA,NA,NA,NA,NA,NA,NA,NA,NA,NA,NA,NA,NA,NA,NA,NA,140,2026-03-03,19:25:03,2,4,"Coe, Brady",830786,Right,ABI_WIL,"Traeger, Nolan",807253,Left,TCU_HFG,Undefined,4,Bottom,0,1,2,Fastball,Four-Seam,FoulBallNotFieldable,Undefined,Undefined,Undefined,0,0,NA,90.61046,-1.789802,-2.184724,2493.39566,207.831462,01:00:00,5.60688,0.86792,6.11184,-16.32706,17.61658,8.70052,2.58952,-0.42823,82.40207,-4.916881,-0.617954,0.419325,64.46422,30.60622,-152.76458,2624.537281,NA,NA,NA,NA,46.27408,NA,NA,-5.14008,9.96225,-0.70465,50,5.46077,4.6537,-131.48634,-4.56917,-8.94811,29.33963,-14.83132,TCU_HFG,ABI_WIL,TCU,D1,BIG12,20260303-TCU-2,f89f40a0-1768-11f1-89da-3b5d2295cb78,89.88839,23.82362,NA,8.2084,NA,NA,NA,1.93907,2.64265,0.29581,5cabaece-df46-4300-b3c7-55df33123daa,2026-03-04,01:25:03,2026-03-04T01:25:03Z,2026-03-04T01:25:03Z,NA,v3,5045,471223,5b1f43e35ca0421ba59ea357c474eb40,"Gray, Brady",830795,Right,ABI_WIL,23462f3e-cd41-4980-bbfb-abefbf8f9826,54.38959,-132.4622,14.66982,5.60454,-4.07587,-7.41566,-0.86438,4.95133,-4.47406,NA,1.93907,-72.35384,4.94107,-1.94314,0.44906,-0.08961,0.02023,-0.00639,0.00177,2.64265,48.13736,-23.83667,2.47562,-0.35547,0.03103,-0.00264,0.00173,-8.9e-4,0.29581,-37.24138,6.11764,-2.50293,0.67689,-0.16151,0.03772,-0.00855,0.00147,NA,NA,NA,NA,NA,NA,NA,NA,NA,NA,NA,NA,NA,NA,NA,NA,NA,NA,NA,NA,NA,NA,High,High,High,High,Undefined,NA,NA,NA,NA,NA,NA,NA,NA,NA,NA,NA,NA,NA,NA,NA,NA,NA,NA,NA,NA,NA,NA,NA,NA,NA,NA,NA,NA,NA,NA,NA,NA,NA,NA,NA,NA,NA,NA,NA,NA,NA,NA,NA,NA,NA,NA,NA,NA,NA,NA,NA,NA,NA,NA,NA
NA,NA,NA,NA,NA,NA,NA,NA,NA,NA,NA,NA,NA,NA,NA,NA,141,2026-03-03,19:25:26,2,5,"Coe, Brady",830786,Right,ABI_WIL,"Traeger, Nolan",807253,Left,TCU_HFG,Undefined,4,Bottom,0,1,2,Fastball,Four-Seam,FoulBallNotFieldable,Undefined,Undefined,Undefined,0,0,NA,90.30244,-0.446526,-1.772427,2558.511685,207.809322,01:00:00,5.54924,0.9623,5.98403,-15.13812,19.15139,9.50382,3.87363,0.11084,82.02124,-3.363044,-0.064903,0.421456,71.43896,50.708405,-164.685309,3433.124856,NA,NA,NA,NA,39.07383,NA,NA,-5.43091,10.32603,-0.82763,50,5.5057,3.66017,-131.11804,-1.4402,-9.40147,29.17456,-14.29864,TCU_HFG,ABI_WIL,TCU,D1,BIG12,20260303-TCU-2,062a0ca0-1769-11f1-89da-3b5d2295cb78,89.43392,44.08014,NA,8.2812,NA,NA,NA,1.85186,3.75986,-0.0417,5cabaece-df46-4300-b3c7-55df33123daa,2026-03-04,01:25:26,2026-03-04T01:25:26Z,2026-03-04T01:25:26Z,NA,v3,5045,471223,5b1f43e35ca0421ba59ea357c474eb40,"Gray, Brady",830795,Right,ABI_WIL,cdd71ea0-23db-4831-8e65-9880c6032540,54.51806,-132.11951,14.58728,5.54671,-0.94937,-7.14932,-0.95881,3.98289,-4.70074,357.020785,1.85186,-63.99564,1.67598,0.45226,-0.26542,0.30107,-0.43084,0.33124,-0.09888,3.75986,81.09019,-28.7875,3.45801,0.38528,-4.35714,9.49588,-9.86757,4.00313,-0.0417,-17.52465,1.1596,-1.06054,-1.13729,5.91164,-12.83259,13.47645,-5.51874,NA,NA,NA,NA,NA,NA,NA,NA,NA,NA,NA,NA,NA,NA,NA,NA,NA,NA,NA,NA,NA,NA,High,High,High,High,Undefined,NA,NA,NA,NA,NA,NA,NA,NA,NA,NA,NA,NA,NA,NA,NA,NA,NA,NA,NA,NA,NA,NA,NA,NA,NA,NA,NA,NA,NA,NA,NA,NA,NA,NA,NA,NA,NA,NA,NA,NA,NA,NA,NA,NA,NA,NA,NA,NA,NA,NA,NA,NA,NA,NA,NA
NA,NA,NA,NA,NA,NA,NA,NA,NA,NA,NA,NA,NA,NA,NA,NA,142,2026-03-03,19:25:45,2,6,"Coe, Brady",830786,Right,ABI_WIL,"Traeger, Nolan",807253,Left,TCU_HFG,Undefined,4,Bottom,0,1,2,Slider,Curveball,FoulBallNotFieldable,Undefined,Undefined,Undefined,0,0,NA,75.08247,2.525674,1.179492,2967.774105,67.523544,08:15:00,5.27744,1.32484,5.30482,-56.9642,-5.68276,-18.00631,2.90354,0.93176,68.16582,-7.859462,-2.018825,0.515408,NA,NA,NA,NA,NA,NA,NA,NA,NA,NA,NA,9.47319,-3.24866,-1.41798,50,5.46511,-1.56188,-108.83507,2.92139,11.21504,21.41481,-36.02004,TCU_HFG,ABI_WIL,TCU,D1,BIG12,20260303-TCU-2,11e521b0-1769-11f1-89da-3b5d2295cb78,73.13122,NA,NA,6.91665,NA,NA,NA,NA,NA,NA,5cabaece-df46-4300-b3c7-55df33123daa,2026-03-04,01:25:45,2026-03-04T01:25:45Z,2026-03-04T01:25:45Z,NA,v3,5045,471223,5b1f43e35ca0421ba59ea357c474eb40,"Gray, Brady",830795,Right,ABI_WIL,69aea631-49ae-411a-81e8-1b114769d580,55.20021,-109.85351,10.70741,5.28544,4.63443,-18.01002,-1.33101,-2.09525,5.60752,NA,NA,NA,NA,NA,NA,NA,NA,NA,NA,NA,NA,NA,NA,NA,NA,NA,NA,NA,NA,NA,NA,NA,NA,NA,NA,NA,NA,NA,NA,NA,NA,NA,NA,NA,NA,NA,NA,NA,NA,NA,NA,NA,NA,NA,NA,NA,NA,NA,NA,High,High,High,NA,NA,NA,NA,NA,NA,NA,NA,NA,NA,NA,NA,NA,NA,NA,NA,NA,NA,NA,NA,NA,NA,NA,NA,NA,NA,NA,NA,NA,NA,NA,NA,NA,NA,NA,NA,NA,NA,NA,NA,NA,NA,NA,NA,NA,NA,NA,NA,NA,NA,NA,NA,NA,NA,NA,NA,NA
NA,NA,NA,NA,NA,NA,NA,NA,NA,NA,NA,NA,NA,NA,NA,NA,143,2026-03-03,19:26:09,2,7,"Coe, Brady",830786,Right,ABI_WIL,"Traeger, Nolan",807253,Left,TCU_HFG,Undefined,4,Bottom,0,1,2,Slider,Curveball,BallCalled,Undefined,Undefined,Undefined,0,0,NA,75.47043,3.323115,1.074034,2902.29355,76.165958,08:30:00,5.33332,1.40846,5.35419,-53.4703,-2.37421,-17.27336,3.99834,0.9765,67.81358,-6.486169,-1.993505,0.514476,NA,NA,NA,NA,NA,NA,NA,NA,NA,NA,NA,8.95918,-1.71433,-1.49242,50,5.59493,-1.3669,-109.19723,4.56982,10.60946,22.67922,-34.20416,TCU_HFG,ABI_WIL,TCU,D1,BIG12,20260303-TCU-2,2039cd60-1769-11f1-89da-3b5d2295cb78,73.26372,NA,NA,7.65685,NA,NA,NA,NA,NA,NA,5cabaece-df46-4300-b3c7-55df33123daa,2026-03-04,01:26:09,2026-03-04T01:26:09Z,2026-03-04T01:26:09Z,NA,v3,5045,471223,5b1f43e35ca0421ba59ea357c474eb40,"Gray, Brady",830795,Right,ABI_WIL,af3da4a9-9a88-4781-93c2-3fd240a57784,55.147,-110.26103,11.33961,5.34295,6.17422,-17.10208,-1.41663,-1.86455,5.30473,NA,NA,NA,NA,NA,NA,NA,NA,NA,NA,NA,NA,NA,NA,NA,NA,NA,NA,NA,NA,NA,NA,NA,NA,NA,NA,NA,NA,NA,NA,NA,NA,NA,NA,NA,NA,NA,NA,NA,NA,NA,NA,NA,NA,NA,NA,NA,NA,NA,NA,High,High,High,NA,NA,NA,NA,NA,NA,NA,NA,NA,NA,NA,NA,NA,NA,NA,NA,NA,NA,NA,NA,NA,NA,NA,NA,NA,NA,NA,NA,NA,NA,NA,NA,NA,NA,NA,NA,NA,NA,NA,NA,NA,NA,NA,NA,NA,NA,NA,NA,NA,NA,NA,NA,NA,NA,NA,NA,NA
NA,NA,NA,NA,NA,NA,NA,NA,NA,NA,NA,NA,NA,NA,NA,NA,144,2026-03-03,19:26:30,2,8,"Coe, Brady",830786,Right,ABI_WIL,"Traeger, Nolan",807253,Left,TCU_HFG,Undefined,4,Bottom,0,2,2,Slider,Curveball,InPlay,Undefined,LineDrive,Out,1,0,NA,74.12264,1.365441,0.630757,2923.330635,70.444494,08:15:00,5.23289,1.48481,5.3161,-56.92838,-4.07709,-16.87997,1.77077,0.67019,67.14565,-9.019757,-2.37221,0.523238,96.98688,20.175204,18.018347,2048.803979,103.04802,33.44874,38.48428,312.5299,304.6417,26.950276,3.439881,8.72835,-2.0324,-1.52901,50,5.31526,-0.5509,-107.44584,0.71316,10.00473,21.9993,-34.50367,TCU_HFG,ABI_WIL,TCU,D1,BIG12,20260303-TCU-2,2cac2480-1769-11f1-89da-3b5d2295cb78,72.03689,40.33839,NA,6.97699,NA,NA,NA,3.09639,2.10761,-0.72136,5cabaece-df46-4300-b3c7-55df33123daa,2026-03-04,01:26:30,2026-03-04T01:26:30Z,2026-03-04T01:26:30Z,LineDrive,v3,5045,471223,5b1f43e35ca0421ba59ea357c474eb40,"Gray, Brady",830795,Right,ABI_WIL,adbd173c-e1c8-4916-bf89-d67209a6ac82,55.18744,-108.50276,10.99965,5.24118,2.37083,-17.251830000000002,-1.49099,-1.03156,5.00237,232.408258,3.09628,126.97645,-23.59162,5.18626,-1.09156,0.19105,-0.02638,0.00201,-1e-5,2.10767,49.05662,-16.92409,0.76001,0.00685,-0.01058,-0.00112,0.00154,-2.2e-4,-0.72134,41.29685,3.07924,-2.16748,0.71456,-0.16948,0.02959,-0.00331,1.8e-4,NA,NA,NA,NA,NA,NA,NA,NA,NA,NA,NA,NA,NA,NA,NA,NA,NA,NA,NA,NA,NA,NA,High,High,High,High,High,NA,NA,NA,NA,NA,NA,NA,NA,NA,NA,NA,NA,NA,NA,NA,NA,NA,NA,NA,NA,NA,NA,NA,NA,NA,NA,NA,NA,NA,NA,NA,NA,NA,NA,NA,NA,NA,NA,NA,NA,NA,NA,NA,NA,NA,NA,NA,NA,NA,NA,NA,NA,NA,NA,NA
NA,NA,NA,NA,NA,NA,NA,NA,NA,NA,NA,NA,NA,NA,NA,NA,145,2026-03-03,19:27:09,3,1,"Coe, Brady",830786,Right,ABI_WIL,"Gargett, Kyuss",812291,Right,TCU_HFG,Undefined,4,Bottom,1,0,0,Slider,Curveball,BallCalled,Undefined,Undefined,Undefined,0,0,NA,75.11205,3.42544,0.603432,2846.976943,84.259497,08:45:00,5.30014,1.34153,5.37839,-51.24589,0.28055,-15.95469,4.24502,0.57771,67.4749,-5.998293,-2.230232,0.516638,NA,NA,NA,NA,NA,NA,NA,NA,NA,NA,NA,8.09725,-0.3578,-1.38424,50,5.57178,-0.51069,-108.65658,4.82584,9.50315,22.28875,-32.59396,TCU_HFG,ABI_WIL,TCU,D1,BIG12,20260303-TCU-2,438942f0-1769-11f1-89da-3b5d2295cb78,72.95711,NA,NA,7.63715,NA,NA,NA,NA,NA,NA,5cabaece-df46-4300-b3c7-55df33123daa,2026-03-04,01:27:09,2026-03-04T01:27:09Z,2026-03-04T01:27:09Z,NA,v3,5045,471223,5b1f43e35ca0421ba59ea357c474eb40,"Gray, Brady",830795,Right,ABI_WIL,e3bc4b94-9b32-48f6-8fbc-a59426430c26,55.12094,-109.70201,11.14438,5.30958,6.35462,-16.29698,-1.34984,-0.95642,4.75157,NA,NA,NA,NA,NA,NA,NA,NA,NA,NA,NA,NA,NA,NA,NA,NA,NA,NA,NA,NA,NA,NA,NA,NA,NA,NA,NA,NA,NA,NA,NA,NA,NA,NA,NA,NA,NA,NA,NA,NA,NA,NA,NA,NA,NA,NA,NA,NA,NA,NA,High,High,High,NA,NA,NA,NA,NA,NA,NA,NA,NA,NA,NA,NA,NA,NA,NA,NA,NA,NA,NA,NA,NA,NA,NA,NA,NA,NA,NA,NA,NA,NA,NA,NA,NA,NA,NA,NA,NA,NA,NA,NA,NA,NA,NA,NA,NA,NA,NA,NA,NA,NA,NA,NA,NA,NA,NA,NA,NA
NA,NA,NA,NA,NA,NA,NA,NA,NA,NA,NA,NA,NA,NA,NA,NA,146,2026-03-03,19:27:26,3,2,"Coe, Brady",830786,Right,ABI_WIL,"Gargett, Kyuss",812291,Right,TCU_HFG,Undefined,4,Bottom,1,1,0,Fastball,Four-Seam,StrikeCalled,Undefined,Undefined,Undefined,0,0,NA,90.37303,-1.354025,-2.410324,2519.974413,199.379729,12:45:00,5.4668,1.09235,6.27864,-16.16009,17.63048,5.81811,2.87066,-0.64593,82.43288,-4.455156,-1.359827,0.41837800000000003,NA,NA,NA,NA,NA,NA,NA,NA,NA,NA,NA,-3.69331,9.8593,-0.91688,50,5.3586,5.28365,-131.20605,-3.53648,-6.42634,28.23666,-15.01888,TCU_HFG,ABI_WIL,TCU,D1,BIG12,20260303-TCU-2,4de87180-1769-11f1-89da-3b5d2295cb78,90.09175,NA,NA,7.94015,NA,NA,NA,NA,NA,NA,5cabaece-df46-4300-b3c7-55df33123daa,2026-03-04,01:27:26,2026-03-04T01:27:26Z,2026-03-04T01:27:26Z,NA,v3,5045,471223,5b1f43e35ca0421ba59ea357c474eb40,"Gray, Brady",830795,Right,ABI_WIL,3d9382d4-ed96-4a86-9bde-eb3e62e5cbae,54.22214,-132.11156,14.11833,5.46429,-3.05484,-7.50944,-1.08963,5.48973,-3.21317,NA,NA,NA,NA,NA,NA,NA,NA,NA,NA,NA,NA,NA,NA,NA,NA,NA,NA,NA,NA,NA,NA,NA,NA,NA,NA,NA,NA,NA,NA,NA,NA,NA,NA,NA,NA,NA,NA,NA,NA,NA,NA,NA,NA,NA,NA,NA,NA,NA,NA,High,High,High,NA,NA,NA,NA,NA,NA,NA,NA,NA,NA,NA,NA,NA,NA,NA,NA,NA,NA,NA,NA,NA,NA,NA,NA,NA,NA,NA,NA,NA,NA,NA,NA,NA,NA,NA,NA,NA,NA,NA,NA,NA,NA,NA,NA,NA,NA,NA,NA,NA,NA,NA,NA,NA,NA,NA,NA,NA
NA,NA,NA,NA,NA,NA,NA,NA,NA,NA,NA,NA,NA,NA,NA,NA,147,2026-03-03,19:27:44,3,3,"Coe, Brady",830786,Right,ABI_WIL,"Gargett, Kyuss",812291,Right,TCU_HFG,Undefined,4,Bottom,1,1,1,Slider,Curveball,StrikeCalled,Undefined,Undefined,Undefined,0,0,NA,74.86094,1.385027,0.508407,2927.745565,63.495032,08:00:00,5.22438,1.31161,5.17781,-58.86712,-7.25197,-17.99761,1.62241,0.29024,68.45616,-9.278446,-2.686262,0.517083,NA,NA,NA,NA,NA,NA,NA,NA,NA,NA,NA,9.15052,-3.56343,-1.3445,50,5.30816,-0.26969,-108.6163,0.63072,10.82122,20.81583,-36.38808,TCU_HFG,ABI_WIL,TCU,D1,BIG12,20260303-TCU-2,58a836a0-1769-11f1-89da-3b5d2295cb78,72.89442,NA,NA,6.40478,NA,NA,NA,NA,NA,NA,5cabaece-df46-4300-b3c7-55df33123daa,2026-03-04,01:27:44,2026-03-04T01:27:44Z,2026-03-04T01:27:44Z,NA,v3,5045,471223,5b1f43e35ca0421ba59ea357c474eb40,"Gray, Brady",830795,Right,ABI_WIL,dc3625c9-9693-49cb-beb1-4bdceca9dd0e,55.32729,-109.6325,10.40792,5.234,2.40713,-18.19404,-1.31844,-0.79796,5.41061,NA,NA,NA,NA,NA,NA,NA,NA,NA,NA,NA,NA,NA,NA,NA,NA,NA,NA,NA,NA,NA,NA,NA,NA,NA,NA,NA,NA,NA,NA,NA,NA,NA,NA,NA,NA,NA,NA,NA,NA,NA,NA,NA,NA,NA,NA,NA,NA,NA,NA,High,High,High,NA,NA,NA,NA,NA,NA,NA,NA,NA,NA,NA,NA,NA,NA,NA,NA,NA,NA,NA,NA,NA,NA,NA,NA,NA,NA,NA,NA,NA,NA,NA,NA,NA,NA,NA,NA,NA,NA,NA,NA,NA,NA,NA,NA,NA,NA,NA,NA,NA,NA,NA,NA,NA,NA,NA,NA,NA
NA,NA,NA,NA,NA,NA,NA,NA,NA,NA,NA,NA,NA,NA,NA,NA,148,2026-03-03,19:28:03,3,4,"Coe, Brady",830786,Right,ABI_WIL,"Gargett, Kyuss",812291,Right,TCU_HFG,Undefined,4,Bottom,1,1,2,Fastball,Four-Seam,FoulBallNotFieldable,Undefined,Undefined,Undefined,0,0,NA,90.65902,-0.473134,-1.123778,2521.360061,199.405847,12:45:00,5.48469,0.91705,6.32922,-16.7682,16.79922,5.52823,3.65153,0.3427,82.3874,-3.697715,-0.123595,0.416995,NA,NA,NA,NA,NA,NA,NA,NA,NA,NA,NA,-3.20142,9.20591,-0.8375,50,5.44201,2.35757,-131.71474,-1.54032,-5.5916,29.48355,-16.0949,TCU_HFG,ABI_WIL,TCU,D1,BIG12,20260303-TCU-2,63dc8f80-1769-11f1-89da-3b5d2295cb78,90.39071,NA,NA,8.27163,NA,NA,NA,NA,NA,NA,5cabaece-df46-4300-b3c7-55df33123daa,2026-03-04,01:28:03,2026-03-04T01:28:03Z,2026-03-04T01:28:03Z,NA,v3,5045,471223,5b1f43e35ca0421ba59ea357c474eb40,"Gray, Brady",830795,Right,ABI_WIL,ac0be596-07b2-4cd2-9b81-72287dc66e21,54.17144,-132.6452,14.74178,5.48261,-1.03239,-8.04745,-0.91469,2.53403,-2.7958,NA,NA,NA,NA,NA,NA,NA,NA,NA,NA,NA,NA,NA,NA,NA,NA,NA,NA,NA,NA,NA,NA,NA,NA,NA,NA,NA,NA,NA,NA,NA,NA,NA,NA,NA,NA,NA,NA,NA,NA,NA,NA,NA,NA,NA,NA,NA,NA,NA,NA,High,High,High,NA,NA,NA,NA,NA,NA,NA,NA,NA,NA,NA,NA,NA,NA,NA,NA,NA,NA,NA,NA,NA,NA,NA,NA,NA,NA,NA,NA,NA,NA,NA,NA,NA,NA,NA,NA,NA,NA,NA,NA,NA,NA,NA,NA,NA,NA,NA,NA,NA,NA,NA,NA,NA,NA,NA,NA,NA
NA,NA,NA,NA,NA,NA,NA,NA,NA,NA,NA,NA,NA,NA,NA,NA,149,2026-03-03,19:28:30,3,5,"Coe, Brady",830786,Right,ABI_WIL,"Gargett, Kyuss",812291,Right,TCU_HFG,Undefined,4,Bottom,1,1,2,Fastball,Four-Seam,InPlay,Undefined,FlyBall,Out,1,0,NA,89.98548,-0.949754,-1.207906,2541.458105,201.009115,12:45:00,5.56775,0.67829,5.8962,-14.81662,20.21328,7.27008,3.45094,0.16246,80.88699,-3.828373,0.096599,0.425982,96.71589,35.150052,16.135168,3454.457244,104.0853,76.01525,35.58438,319.09614,297.7095,21.787603,5.639872,-4.11524,11.02194,-0.5852,50,5.48296,2.43727,-130.48492,-2.55443,-6.97545,31.77469,-13.49159,TCU_HFG,ABI_WIL,TCU,D1,BIG12,20260303-TCU-2,740cb1f0-1769-11f1-89da-3b5d2295cb78,88.48374,103.99109,NA,9.09849,NA,NA,NA,1.29969,3.5132,0.03281,5cabaece-df46-4300-b3c7-55df33123daa,2026-03-04,01:28:30,2026-03-04T01:28:30Z,2026-03-04T01:28:30Z,FlyBall,v3,5045,471223,5b1f43e35ca0421ba59ea357c474eb40,"Gray, Brady",830795,Right,ABI_WIL,a3f11e9d-b036-4f71-bedc-029bafe384fa,54.60328,-131.6011,15.88735,5.56437,-2.0805,-6.7458,-0.67512,2.6823,-3.48772,NA,1.31066,111.19803,-26.9684,5.60815,-0.35044,-0.21616,0.0707,-0.00858,3.8e-4,3.50924,81.72376,-18.57228,0.90498,-0.03079,-0.04136,0.02063,-0.00354,2e-4,0.03182,32.25197,-1.69971,-0.4397,0.11987,-0.00323,-0.00242,2.9e-4,-1e-5,NA,NA,NA,NA,NA,NA,NA,NA,NA,NA,NA,NA,NA,NA,NA,NA,NA,NA,NA,NA,NA,NA,High,High,High,High,Medium,NA,NA,NA,NA,NA,NA,NA,NA,NA,NA,NA,NA,NA,NA,NA,NA,NA,NA,NA,NA,NA,NA,NA,NA,NA,NA,NA,NA,NA,NA,NA,NA,NA,NA,NA,NA,NA,NA,NA,NA,NA,NA,NA,NA,NA,NA,NA,NA,NA,NA,NA,NA,NA,NA,NA
NA,NA,NA,NA,NA,NA,NA,NA,NA,NA,NA,NA,NA,NA,NA,NA,150,2026-03-03,19:29:14,4,1,"Coe, Brady",830786,Right,ABI_WIL,"Dallimore, Brady",834396,Right,TCU_HFG,Undefined,4,Bottom,2,0,0,Fastball,Four-Seam,BallCalled,Undefined,Undefined,Undefined,0,0,NA,90.45864,-0.409087,-1.738488,2583.690135,199.985775,12:45:00,5.60526,0.93821,6.18229,-13.82698,20.36623,6.96528,4.07505,-0.0873,81.49563,-3.116468,-0.482493,0.420864,NA,NA,NA,NA,NA,NA,NA,NA,NA,NA,NA,-4.12559,10.98068,-0.81013,50,5.56709,3.68604,-131.23797,-1.26306,-7.09814,31.27249,-13.28168,TCU_HFG,ABI_WIL,TCU,D1,BIG12,20260303-TCU-2,8e4ad5b0-1769-11f1-89da-3b5d2295cb78,89.55974,NA,NA,8.96301,NA,NA,NA,NA,NA,NA,5cabaece-df46-4300-b3c7-55df33123daa,2026-03-04,01:29:14,2026-03-04T01:29:14Z,2026-03-04T01:29:14Z,NA,v3,5045,471223,5b1f43e35ca0421ba59ea357c474eb40,"Gray, Brady",830795,Right,ABI_WIL,58f6018a-8fd4-4430-9976-f78654934b49,54.31628,-132.26249,15.63624,5.60134,-0.82793,-6.64084,-0.93469,3.91858,-3.54907,NA,NA,NA,NA,NA,NA,NA,NA,NA,NA,NA,NA,NA,NA,NA,NA,NA,NA,NA,NA,NA,NA,NA,NA,NA,NA,NA,NA,NA,NA,NA,NA,NA,NA,NA,NA,NA,NA,NA,NA,NA,NA,NA,NA,NA,NA,NA,NA,NA,NA,High,High,High,NA,NA,NA,NA,NA,NA,NA,NA,NA,NA,NA,NA,NA,NA,NA,NA,NA,NA,NA,NA,NA,NA,NA,NA,NA,NA,NA,NA,NA,NA,NA,NA,NA,NA,NA,NA,NA,NA,NA,NA,NA,NA,NA,NA,NA,NA,NA,NA,NA,NA,NA,NA,NA,NA,NA,NA,NA
NA,NA,NA,NA,NA,NA,NA,NA,NA,NA,NA,NA,NA,NA,NA,NA,151,2026-03-03,19:29:34,4,2,"Coe, Brady",830786,Right,ABI_WIL,"Dallimore, Brady",834396,Right,TCU_HFG,Undefined,4,Bottom,2,1,0,Fastball,Four-Seam,StrikeCalled,Undefined,Undefined,Undefined,0,0,NA,90.04695,-1.249972,-0.828246,2581.930401,199.334722,12:45:00,5.56559,1.01128,6.03582,-13.40918,21.3269,7.04272,3.29035,0.83114,81.0903,-3.876804,0.438974,0.424191,NA,NA,NA,NA,NA,NA,NA,NA,NA,NA,NA,-3.85059,11.68426,-0.95016,50,5.46053,1.58104,-130.60119,-3.16209,-6.55438,31.21921,-12.2854,TCU_HFG,ABI_WIL,TCU,D1,BIG12,20260303-TCU-2,99f1ed90-1769-11f1-89da-3b5d2295cb78,88.8572,NA,NA,8.95665,NA,NA,NA,NA,NA,NA,5cabaece-df46-4300-b3c7-55df33123daa,2026-03-04,01:29:34,2026-03-04T01:29:34Z,2026-03-04T01:29:34Z,NA,v3,5045,471223,5b1f43e35ca0421ba59ea357c474eb40,"Gray, Brady",830795,Right,ABI_WIL,1bd82dd9-111f-48d8-a93f-8ad9b998e06e,54.46201,-131.66348,15.60961,5.56101,-2.74406,-6.1427,-1.00776,1.80406,-3.27719,NA,NA,NA,NA,NA,NA,NA,NA,NA,NA,NA,NA,NA,NA,NA,NA,NA,NA,NA,NA,NA,NA,NA,NA,NA,NA,NA,NA,NA,NA,NA,NA,NA,NA,NA,NA,NA,NA,NA,NA,NA,NA,NA,NA,NA,NA,NA,NA,NA,NA,High,High,High,NA,NA,NA,NA,NA,NA,NA,NA,NA,NA,NA,NA,NA,NA,NA,NA,NA,NA,NA,NA,NA,NA,NA,NA,NA,NA,NA,NA,NA,NA,NA,NA,NA,NA,NA,NA,NA,NA,NA,NA,NA,NA,NA,NA,NA,NA,NA,NA,NA,NA,NA,NA,NA,NA,NA,NA,NA
NA,NA,NA,NA,NA,NA,NA,NA,NA,NA,NA,NA,NA,NA,NA,NA,152,2026-03-03,19:29:50,4,3,"Coe, Brady",830786,Right,ABI_WIL,"Dallimore, Brady",834396,Right,TCU_HFG,Undefined,4,Bottom,2,1,1,Slider,Curveball,StrikeSwinging,Undefined,Undefined,Undefined,0,0,NA,75.14335,1.066823,-0.153549,3038.618949,69.155779,08:15:00,5.31558,1.20627,5.18981,-56.34818,-4.92418,-17.60773,1.62368,-0.4055,68.44821,-9.161249,-3.278479,0.516124,NA,NA,NA,NA,NA,NA,NA,NA,NA,NA,NA,8.73374,-2.27977,-1.17804,50,5.37191,0.97806,-108.97008,0.12283,10.34989,21.72919,-34.87566,TCU_HFG,ABI_WIL,TCU,D1,BIG12,20260303-TCU-2,a3e14350-1769-11f1-89da-3b5d2295cb78,73.02977,NA,NA,6.69514,NA,NA,NA,NA,NA,NA,5cabaece-df46-4300-b3c7-55df33123daa,2026-03-04,01:29:50,2026-03-04T01:29:50Z,2026-03-04T01:29:50Z,NA,v3,5045,471223,5b1f43e35ca0421ba59ea357c474eb40,"Gray, Brady",830795,Right,ABI_WIL,3e59b5e8-6d96-4154-a93e-0039d55b22b6,55.31373,-110.02456,10.86459,5.32488,1.81529,-17.43783,-1.21332,0.4758,5.17494,NA,NA,NA,NA,NA,NA,NA,NA,NA,NA,NA,NA,NA,NA,NA,NA,NA,NA,NA,NA,NA,NA,NA,NA,NA,NA,NA,NA,NA,NA,NA,NA,NA,NA,NA,NA,NA,NA,NA,NA,NA,NA,NA,NA,NA,NA,NA,NA,NA,NA,High,High,High,NA,NA,NA,NA,NA,NA,NA,NA,NA,NA,NA,NA,NA,NA,NA,NA,NA,NA,NA,NA,NA,NA,NA,NA,NA,NA,NA,NA,NA,NA,NA,NA,NA,NA,NA,NA,NA,NA,NA,NA,NA,NA,NA,NA,NA,NA,NA,NA,NA,NA,NA,NA,NA,NA,NA,NA,NA
NA,NA,NA,NA,NA,NA,NA,NA,NA,NA,NA,NA,NA,NA,NA,NA,153,2026-03-03,19:30:09,4,4,"Coe, Brady",830786,Right,ABI_WIL,"Dallimore, Brady",834396,Right,TCU_HFG,Undefined,4,Bottom,2,1,2,Fastball,Four-Seam,BallCalled,Undefined,Undefined,Undefined,0,0,NA,90.9845,-0.41406,-0.475302,2573.532152,206.924304,01:00:00,5.52043,0.90933,5.99103,-14.90946,19.21033,9.12717,3.8942,1.2294,81.78055,-3.310454,1.165681,0.420412,NA,NA,NA,NA,NA,NA,NA,NA,NA,NA,NA,-4.79512,10.31753,-0.87659,50,5.47949,0.69036,-131.9698,-1.34185,-8.31908,32.34065,-14.27411,TCU_HFG,ABI_WIL,TCU,D1,BIG12,20260303-TCU-2,aedfe630-1769-11f1-89da-3b5d2295cb78,89.65605,NA,NA,9.20396,NA,NA,NA,NA,NA,NA,5cabaece-df46-4300-b3c7-55df33123daa,2026-03-04,01:30:09,2026-03-04T01:30:09Z,2026-03-04T01:30:09Z,NA,v3,5045,471223,5b1f43e35ca0421ba59ea357c474eb40,"Gray, Brady",830795,Right,ABI_WIL,e5091b05-004b-4467-b742-f5985ea69bb2,54.50677,-133.06965,16.17032,5.51687,-0.85641,-7.13706,-0.90489,0.97328,-4.15954,NA,NA,NA,NA,NA,NA,NA,NA,NA,NA,NA,NA,NA,NA,NA,NA,NA,NA,NA,NA,NA,NA,NA,NA,NA,NA,NA,NA,NA,NA,NA,NA,NA,NA,NA,NA,NA,NA,NA,NA,NA,NA,NA,NA,NA,NA,NA,NA,NA,NA,High,High,High,NA,NA,NA,NA,NA,NA,NA,NA,NA,NA,NA,NA,NA,NA,NA,NA,NA,NA,NA,NA,NA,NA,NA,NA,NA,NA,NA,NA,NA,NA,NA,NA,NA,NA,NA,NA,NA,NA,NA,NA,NA,NA,NA,NA,NA,NA,NA,NA,NA,NA,NA,NA,NA,NA,NA,NA,NA
NA,NA,NA,NA,NA,NA,NA,NA,NA,NA,NA,NA,NA,NA,NA,NA,154,2026-03-03,19:30:29,4,5,"Coe, Brady",830786,Right,ABI_WIL,"Dallimore, Brady",834396,Right,TCU_HFG,Undefined,4,Bottom,2,2,2,Fastball,Four-Seam,BallCalled,Undefined,Undefined,Undefined,0,0,NA,90.13217,0.592952,-2.197139,2607.660312,195.184315,12:30:00,5.70409,0.79281,6.58165,-12.89867,20.88001,5.35839,5.17307,-0.77533,81.51313,-1.956563,-1.224148,0.418305,NA,NA,NA,NA,NA,NA,NA,NA,NA,NA,NA,-3.45374,11.07245,-0.64396,50,5.73864,4.8046,-130.86583,1.0998000000000001,-5.93599,29.91642,-13.14375,TCU_HFG,ABI_WIL,TCU,D1,BIG12,20260303-TCU-2,bb211b30-1769-11f1-89da-3b5d2295cb78,90.10761,NA,NA,8.61904,NA,NA,NA,NA,NA,NA,5cabaece-df46-4300-b3c7-55df33123daa,2026-03-04,01:30:29,2026-03-04T01:30:29Z,2026-03-04T01:30:29Z,NA,v3,5045,471223,5b1f43e35ca0421ba59ea357c474eb40,"Gray, Brady",830795,Right,ABI_WIL,8834ab7c-5650-4701-af42-97e11b868a04,53.91725,-131.75828,14.95821,5.69998,1.4919,-6.57188,-0.78993,4.98168,-2.968,NA,NA,NA,NA,NA,NA,NA,NA,NA,NA,NA,NA,NA,NA,NA,NA,NA,NA,NA,NA,NA,NA,NA,NA,NA,NA,NA,NA,81.73628,1.947048,0.735744,1.211304,-2.1856,5.04305,0.85021,-0.05276,6.04376,2.38439,127.27586,-1.35063,4.17644,0.0804,118.15155,-10.99062,6.03426,5.83089,-9.84138,2.35024,-1.03741,2.13578,High,High,High,NA,NA,High,High,Medium,NA,NA,NA,NA,NA,NA,NA,NA,NA,NA,NA,NA,NA,NA,NA,NA,NA,NA,NA,NA,NA,NA,NA,NA,NA,NA,NA,NA,NA,NA,NA,NA,NA,NA,NA,NA,NA,NA,NA,NA,NA,NA,NA,NA,NA,NA,NA,NA,NA,NA,NA,NA
NA,NA,NA,NA,NA,NA,NA,NA,NA,NA,NA,NA,NA,NA,NA,NA,155,2026-03-03,19:31:08,4,6,"Coe, Brady",830786,Right,ABI_WIL,"Dallimore, Brady",834396,Right,TCU_HFG,Undefined,4,Bottom,2,3,2,Fastball,Four-Seam,BallCalled,Walk,Undefined,Undefined,0,0,NA,89.9501,0.662437,-0.351853,2478.801246,203.149301,12:45:00,5.59217,0.90761,5.96178,-13.88997,21.14163,8.49,5.04901,1.28883,80.58444,-2.064338,1.173481,0.425992,NA,NA,NA,NA,NA,NA,NA,NA,NA,NA,NA,-4.42189,10.93575,-0.88415,50,5.63692,0.42547,-130.41933,1.17933,-7.47545,32.15184,-13.68648,TCU_HFG,ABI_WIL,TCU,D1,BIG12,20260303-TCU-2,d269a5a0-1769-11f1-89da-3b5d2295cb78,88.48156,NA,NA,9.36565,NA,NA,NA,NA,NA,NA,5cabaece-df46-4300-b3c7-55df33123daa,2026-03-04,01:31:08,2026-03-04T01:31:08Z,2026-03-04T01:31:08Z,NA,v3,5045,471223,5b1f43e35ca0421ba59ea357c474eb40,"Gray, Brady",830795,Right,ABI_WIL,e241272f-29c0-4737-802a-8b8f2ba6ea0c,54.53526,-131.53263,16.07592,5.58788,1.65325,-6.84324,-0.90337,0.68431,-3.73773,NA,NA,NA,NA,NA,NA,NA,NA,NA,NA,NA,NA,NA,NA,NA,NA,NA,NA,NA,NA,NA,NA,NA,NA,NA,NA,NA,NA,NA,NA,NA,NA,NA,NA,NA,NA,NA,NA,NA,NA,NA,NA,NA,NA,NA,NA,NA,NA,NA,NA,High,High,High,NA,NA,NA,NA,NA,NA,NA,NA,NA,NA,NA,NA,NA,NA,NA,NA,NA,NA,NA,NA,NA,NA,NA,NA,NA,NA,NA,NA,NA,NA,NA,NA,NA,NA,NA,NA,NA,NA,NA,NA,NA,NA,NA,NA,NA,NA,NA,NA,NA,NA,NA,NA,NA,NA,NA,NA,NA
NA,NA,NA,NA,NA,NA,NA,NA,NA,NA,NA,NA,NA,NA,NA,NA,156,2026-03-03,19:31:45,5,1,"Coe, Brady",830786,Right,ABI_WIL,"Franco, Lucas",815618,Left,TCU_HFG,Undefined,4,Bottom,2,0,0,Fastball,Four-Seam,BallCalled,Undefined,Undefined,Undefined,0,0,NA,89.97179,-1.273439,-1.0661910000000001,2588.062739,205.027002,12:45:00,5.62055,1.00637,6.06142,-11.42178,23.3645,10.31733,3.48967,0.87919,80.93616,-3.547408,0.790851,0.424498,NA,NA,NA,NA,NA,NA,NA,NA,NA,NA,NA,-5.61272,12.75761,-0.9288,50,5.51534,1.9828,-130.49477,-3.12606,-9.52876,31.41929,-10.51534,TCU_HFG,ABI_WIL,TCU,D1,BIG12,20260303-TCU-2,e8562280-1769-11f1-89da-3b5d2295cb78,88.79301,NA,NA,9.03563,NA,NA,NA,NA,NA,NA,5cabaece-df46-4300-b3c7-55df33123daa,2026-03-04,01:31:45,2026-03-04T01:31:45Z,2026-03-04T01:31:45Z,NA,v3,5045,471223,5b1f43e35ca0421ba59ea357c474eb40,"Gray, Brady",830795,Right,ABI_WIL,53aae506-1a96-4c2b-b055-710bcb5e35e7,54.43709,-131.55875,15.70964,5.61517,-2.76997,-5.25767,-1.00141,2.30549,-4.76438,NA,NA,NA,NA,NA,NA,NA,NA,NA,NA,NA,NA,NA,NA,NA,NA,NA,NA,NA,NA,NA,NA,NA,NA,NA,NA,NA,NA,NA,NA,NA,NA,NA,NA,NA,NA,NA,NA,NA,NA,NA,NA,NA,NA,NA,NA,NA,NA,NA,NA,High,High,High,NA,NA,NA,NA,NA,NA,NA,NA,NA,NA,NA,NA,NA,NA,NA,NA,NA,NA,NA,NA,NA,NA,NA,NA,NA,NA,NA,NA,NA,NA,NA,NA,NA,NA,NA,NA,NA,NA,NA,NA,NA,NA,NA,NA,NA,NA,NA,NA,NA,NA,NA,NA,NA,NA,NA,NA,NA
NA,NA,NA,NA,NA,NA,NA,NA,NA,NA,NA,NA,NA,NA,NA,NA,157,2026-03-03,19:32:05,5,2,"Coe, Brady",830786,Right,ABI_WIL,"Franco, Lucas",815618,Left,TCU_HFG,Undefined,4,Bottom,2,1,0,Fastball,Four-Seam,StrikeCalled,Undefined,Undefined,Undefined,0,0,NA,89.0157,-1.893641,-1.189649,2547.836816,198.775376,12:45:00,5.61041,1.03098,6.2455,-13.19048,22.02352,7.05906,2.76355,0.52178,80.36933,-4.486418,0.085359,0.427099,NA,NA,NA,NA,NA,NA,NA,NA,NA,NA,NA,-4.01118,12.35079,-0.94564,50,5.46258,2.38937,-129.13889,-4.55629,-6.68715,30.10063,-11.58375,TCU_HFG,ABI_WIL,TCU,D1,BIG12,20260303-TCU-2,f452ad60-1769-11f1-89da-3b5d2295cb78,88.25214,NA,NA,8.64637,NA,NA,NA,NA,NA,NA,5cabaece-df46-4300-b3c7-55df33123daa,2026-03-04,01:32:05,2026-03-04T01:32:05Z,2026-03-04T01:32:05Z,NA,v3,5045,471223,5b1f43e35ca0421ba59ea357c474eb40,"Gray, Brady",830795,Right,ABI_WIL,68255a73-1209-4441-acba-ebe6341425ce,54.25348,-130.12654,15.05032,5.60584,-4.17621,-5.79188,-1.02764,2.60878,-3.34357,NA,NA,NA,NA,NA,NA,NA,NA,NA,NA,NA,NA,NA,NA,NA,NA,NA,NA,NA,NA,NA,NA,NA,NA,NA,NA,NA,NA,NA,NA,NA,NA,NA,NA,NA,NA,NA,NA,NA,NA,NA,NA,NA,NA,NA,NA,NA,NA,NA,NA,High,High,High,NA,NA,NA,NA,NA,NA,NA,NA,NA,NA,NA,NA,NA,NA,NA,NA,NA,NA,NA,NA,NA,NA,NA,NA,NA,NA,NA,NA,NA,NA,NA,NA,NA,NA,NA,NA,NA,NA,NA,NA,NA,NA,NA,NA,NA,NA,NA,NA,NA,NA,NA,NA,NA,NA,NA,NA,NA
NA,NA,NA,NA,NA,NA,NA,NA,NA,NA,NA,NA,NA,NA,NA,NA,158,2026-03-03,19:32:26,5,3,"Coe, Brady",830786,Right,ABI_WIL,"Franco, Lucas",815618,Left,TCU_HFG,Undefined,4,Bottom,2,1,1,Slider,Curveball,BallCalled,Undefined,Undefined,Undefined,0,0,NA,73.55664,1.216858,2.841397,2976.835915,65.222161,08:15:00,5.27938,1.36924,5.26214,-61.05208,-7.42307,-20.17643,1.33657,2.35965,66.95852,-9.865253,-0.742689,0.527074,NA,NA,NA,NA,NA,NA,NA,NA,NA,NA,NA,10.93308,-3.4765,-1.61437,50,5.3461,-4.51322,-106.56979,0.23677,12.39389,20.75319,-36.11508,TCU_HFG,ABI_WIL,TCU,D1,BIG12,20260303-TCU-2,00945790-176a-11f1-89da-3b5d2295cb78,71.51265,NA,NA,6.59811,NA,NA,NA,NA,NA,NA,5cabaece-df46-4300-b3c7-55df33123daa,2026-03-04,01:32:26,2026-03-04T01:32:26Z,2026-03-04T01:32:26Z,NA,v3,5045,471223,5b1f43e35ca0421ba59ea357c474eb40,"Gray, Brady",830795,Right,ABI_WIL,603a2076-6124-48e0-ae6c-fa42883e62f5,55.24211,-107.58579,10.37659,5.29122,2.00482,-18.05754,-1.37857,-5.11997,6.19695,NA,NA,NA,NA,NA,NA,NA,NA,NA,NA,NA,NA,NA,NA,NA,NA,NA,NA,NA,NA,NA,NA,NA,NA,NA,NA,NA,NA,NA,NA,NA,NA,NA,NA,NA,NA,NA,NA,NA,NA,NA,NA,NA,NA,NA,NA,NA,NA,NA,NA,High,High,High,NA,NA,NA,NA,NA,NA,NA,NA,NA,NA,NA,NA,NA,NA,NA,NA,NA,NA,NA,NA,NA,NA,NA,NA,NA,NA,NA,NA,NA,NA,NA,NA,NA,NA,NA,NA,NA,NA,NA,NA,NA,NA,NA,NA,NA,NA,NA,NA,NA,NA,NA,NA,NA,NA,NA,NA,NA
NA,NA,NA,NA,NA,NA,NA,NA,NA,NA,NA,NA,NA,NA,NA,NA,159,2026-03-03,19:32:45,5,4,"Coe, Brady",830786,Right,ABI_WIL,"Franco, Lucas",815618,Left,TCU_HFG,Undefined,4,Bottom,2,2,1,Fastball,Four-Seam,BallCalled,Undefined,Undefined,Undefined,0,0,NA,89.48056,0.035192,-1.707099,2561.722623,202.02108,12:45:00,5.5469,1.17906,6.06933,-14.75658,20.28233,7.70843,4.34976,0.24114,80.71509,-2.837125,-0.320027,0.426036,NA,NA,NA,NA,NA,NA,NA,NA,NA,NA,NA,-4.4767,10.7628,-1.05063,50,5.54164,3.5405,-129.82246,-0.28733,-7.54999,30.16923,-14.02253,TCU_HFG,ABI_WIL,TCU,D1,BIG12,20260303-TCU-2,0bc66680-176a-11f1-89da-3b5d2295cb78,88.47236,NA,NA,8.76547,NA,NA,NA,NA,NA,NA,5cabaece-df46-4300-b3c7-55df33123daa,2026-03-04,01:32:45,2026-03-04T01:32:45Z,2026-03-04T01:32:45Z,NA,v3,5045,471223,5b1f43e35ca0421ba59ea357c474eb40,"Gray, Brady",830795,Right,ABI_WIL,cc89b93d-5905-401d-9097-ebb77ccd0411,54.4296,-130.8478,15.08462,5.54331,0.18924,-7.01126,-1.17531,3.7971,-3.77499,NA,NA,NA,NA,NA,NA,NA,NA,NA,NA,NA,NA,NA,NA,NA,NA,NA,NA,NA,NA,NA,NA,NA,NA,NA,NA,NA,NA,NA,NA,NA,NA,NA,NA,NA,NA,NA,NA,NA,NA,NA,NA,NA,NA,NA,NA,NA,NA,NA,NA,High,High,High,NA,NA,NA,NA,NA,NA,NA,NA,NA,NA,NA,NA,NA,NA,NA,NA,NA,NA,NA,NA,NA,NA,NA,NA,NA,NA,NA,NA,NA,NA,NA,NA,NA,NA,NA,NA,NA,NA,NA,NA,NA,NA,NA,NA,NA,NA,NA,NA,NA,NA,NA,NA,NA,NA,NA,NA,NA
NA,NA,NA,NA,NA,NA,NA,NA,NA,NA,NA,NA,NA,NA,NA,NA,160,2026-03-03,19:33:05,5,5,"Coe, Brady",830786,Right,ABI_WIL,"Franco, Lucas",815618,Left,TCU_HFG,Undefined,4,Bottom,2,3,1,Fastball,Four-Seam,StrikeSwinging,Undefined,Undefined,Undefined,0,0,NA,89.31883,-1.100311,-1.164524,2609.420639,205.319209,12:45:00,5.51974,0.99827,6.00996,-13.85099,21.25029,9.48867,3.34574,0.70993,80.96356,-3.794302,0.541776,0.426415,NA,NA,NA,NA,NA,NA,NA,NA,NA,NA,NA,-5.20508,11.58493,-0.91183,50,5.42563,2.23248,-129.64615,-2.83126,-8.79045,29.06303,-12.60909,TCU_HFG,ABI_WIL,TCU,D1,BIG12,20260303-TCU-2,17bfe420-176a-11f1-89da-3b5d2295cb78,88.39372,NA,NA,8.35528,NA,NA,NA,NA,NA,NA,5cabaece-df46-4300-b3c7-55df33123daa,2026-03-04,01:33:05,2026-03-04T01:33:05Z,2026-03-04T01:33:05Z,NA,v3,5045,471223,5b1f43e35ca0421ba59ea357c474eb40,"Gray, Brady",830795,Right,ABI_WIL,d133e269-25a0-4908-94df-7e088497d82c,54.49003,-130.64882,14.53151,5.51581,-2.39626,-6.30455,-0.99408,2.53574,-4.39523,NA,NA,NA,NA,NA,NA,NA,NA,NA,NA,NA,NA,NA,NA,NA,NA,NA,NA,NA,NA,NA,NA,NA,NA,NA,NA,NA,NA,NA,NA,NA,NA,NA,NA,NA,NA,NA,NA,NA,NA,NA,NA,NA,NA,NA,NA,NA,NA,NA,NA,High,High,High,NA,NA,NA,NA,NA,NA,NA,NA,NA,NA,NA,NA,NA,NA,NA,NA,NA,NA,NA,NA,NA,NA,NA,NA,NA,NA,NA,NA,NA,NA,NA,NA,NA,NA,NA,NA,NA,NA,NA,NA,NA,NA,NA,NA,NA,NA,NA,NA,NA,NA,NA,NA,NA,NA,NA,NA,NA
NA,NA,NA,NA,NA,NA,NA,NA,NA,NA,NA,NA,NA,NA,NA,NA,161,2026-03-03,19:33:24,5,6,"Coe, Brady",830786,Right,ABI_WIL,"Franco, Lucas",815618,Left,TCU_HFG,Undefined,4,Bottom,2,3,2,Fastball,Four-Seam,StrikeSwinging,Strikeout,Undefined,Undefined,0,0,NA,90.46334,-0.340932,-1.977963,2651.508586,190.586328,12:15:00,5.63585,0.86706,6.32666,-12.65701,21.05056,3.7287,4.26693,-0.64454,82.21315,-2.823165,-1.304011,0.417864,NA,NA,NA,NA,NA,NA,NA,NA,NA,NA,NA,-2.50512,11.35528,-0.72422,50,5.60452,4.38386,-131.38202,-1.06198,-4.3593,28.98461,-12.41416,TCU_HFG,ABI_WIL,TCU,D1,BIG12,20260303-TCU-2,236c2c20-176a-11f1-89da-3b5d2295cb78,90.20263,NA,NA,8.25019,NA,NA,NA,NA,NA,NA,5cabaece-df46-4300-b3c7-55df33123daa,2026-03-04,01:33:24,2026-03-04T01:33:24Z,2026-03-04T01:33:24Z,NA,v3,5045,471223,5b1f43e35ca0421ba59ea357c474eb40,"Gray, Brady",830795,Right,ABI_WIL,454d4232-21ea-4417-b5ba-818f73612f41,54.17353,-132.29955,14.4923,5.63192,-0.66899,-6.20708,-0.86518,4.52186,-2.17965,NA,NA,NA,NA,NA,NA,NA,NA,NA,NA,NA,NA,NA,NA,NA,NA,NA,NA,NA,NA,NA,NA,NA,NA,NA,NA,NA,NA,NA,NA,NA,NA,NA,NA,NA,NA,NA,NA,NA,NA,NA,NA,NA,NA,NA,NA,NA,NA,NA,NA,High,High,High,NA,NA,NA,NA,NA,NA,NA,NA,NA,NA,NA,NA,NA,NA,NA,NA,NA,NA,NA,NA,NA,NA,NA,NA,NA,NA,NA,NA,NA,NA,NA,NA,NA,NA,NA,NA,NA,NA,NA,NA,NA,NA,NA,NA,NA,NA,NA,NA,NA,NA,NA,NA,NA,NA,NA,NA,NA
NA,NA,NA,NA,NA,NA,NA,NA,NA,NA,NA,NA,NA,NA,NA,NA,162,2026-03-03,19:35:45,1,1,"Quinn, Walter",808914,Right,TCU_HFG,"Jones, Ryan",831552,Right,ABI_WIL,Undefined,5,Top,0,0,0,Slider,Slider,BallCalled,Undefined,Undefined,Undefined,0,0,NA,78.57928,1.355553,-1.91187,2516.238942,109.491227,09:45:00,3.89199,3.49787,5.62018,-42.44553,3.48496,-5.66351,1.62092,1.24094,71.76063,-6.454335,-2.922167,0.487778,NA,NA,NA,NA,NA,NA,NA,NA,NA,NA,NA,2.30835,1.82374,-3.33094,50,3.98054,4.02471,-113.9937,1.32169,3.02367,21.83963,-29.78516,TCU_HFG,ABI_WIL,TCU,D1,BIG12,20260303-TCU-2,77681c80-176a-11f1-89da-3b5d2295cb78,77.27379,NA,NA,6.81865,NA,NA,NA,NA,NA,NA,5cabaece-df46-4300-b3c7-55df33123daa,2026-03-04,01:35:45,2026-03-04T01:35:45Z,2026-03-04T01:35:45Z,NA,v3,5045,471223,5b1f43e35ca0421ba59ea357c474eb40,"Dallimore, Brady",834396,Right,TCU_HFG,7b7a4df5-d4ef-494c-8065-1d1a9e3051f1,54.88126,-114.92508,10.91982,3.8971,2.59191,-14.89258,-3.49982,3.89577,1.51184,NA,NA,NA,NA,NA,NA,NA,NA,NA,NA,NA,NA,NA,NA,NA,NA,NA,NA,NA,NA,NA,NA,NA,NA,NA,NA,NA,NA,NA,NA,NA,NA,NA,NA,NA,NA,NA,NA,NA,NA,NA,NA,NA,NA,NA,NA,NA,NA,NA,NA,High,High,High,NA,NA,NA,NA,NA,NA,NA,NA,NA,NA,NA,NA,NA,NA,NA,NA,NA,NA,NA,NA,NA,NA,NA,NA,NA,NA,NA,NA,NA,NA,NA,NA,NA,NA,NA,NA,NA,NA,NA,NA,NA,NA,NA,NA,NA,NA,NA,NA,NA,NA,NA,NA,NA,NA,NA,NA,NA
NA,NA,NA,NA,NA,NA,NA,NA,NA,NA,NA,NA,NA,NA,NA,NA,163,2026-03-03,19:36:02,1,2,"Quinn, Walter",808914,Right,TCU_HFG,"Jones, Ryan",831552,Right,ABI_WIL,Undefined,5,Top,0,1,0,Fastball,Changeup,StrikeSwinging,Undefined,Undefined,Undefined,0,0,NA,87.08729,0.133311,-4.264318,1912.711952,275.203671,03:15:00,4.27007,3.41206,6.22803,-37.10179,-0.50173,18.61221,1.3016,1.02122,79.46697,-6.746779,-0.910464,0.435424,NA,NA,NA,NA,NA,NA,NA,NA,NA,NA,NA,-10.89741,0.04787,-3.10183,50,4.2617,8.6848,-126.29888,-0.93341,-17.53029,26.7028,-32.09703,TCU_HFG,ABI_WIL,TCU,D1,BIG12,20260303-TCU-2,81483000-176a-11f1-89da-3b5d2295cb78,86.56495,NA,NA,7.62032,NA,NA,NA,NA,NA,NA,5cabaece-df46-4300-b3c7-55df33123daa,2026-03-04,01:36:02,2026-03-04T01:36:02Z,2026-03-04T01:36:02Z,NA,v3,5045,471223,5b1f43e35ca0421ba59ea357c474eb40,"Dallimore, Brady",834396,Right,TCU_HFG,fe358a17-8dce-489f-84bf-20d06508e038,54.27628,-127.19978,13.3514,4.27492,0.14948,-16.04852,-3.40482,9.27623,-8.76514,NA,NA,NA,NA,NA,NA,NA,NA,NA,NA,NA,NA,NA,NA,NA,NA,NA,NA,NA,NA,NA,NA,NA,NA,NA,NA,NA,NA,NA,NA,NA,NA,NA,NA,NA,NA,NA,NA,NA,NA,NA,NA,NA,NA,NA,NA,NA,NA,NA,NA,High,High,High,NA,NA,NA,NA,NA,NA,NA,NA,NA,NA,NA,NA,NA,NA,NA,NA,NA,NA,NA,NA,NA,NA,NA,NA,NA,NA,NA,NA,NA,NA,NA,NA,NA,NA,NA,NA,NA,NA,NA,NA,NA,NA,NA,NA,NA,NA,NA,NA,NA,NA,NA,NA,NA,NA,NA,NA,NA
NA,NA,NA,NA,NA,NA,NA,NA,NA,NA,NA,NA,NA,NA,NA,NA,164,2026-03-03,19:36:16,1,3,"Quinn, Walter",808914,Right,TCU_HFG,"Jones, Ryan",831552,Right,ABI_WIL,Undefined,5,Top,0,1,1,Fastball,Sinker,BallCalled,Undefined,Undefined,Undefined,0,0,NA,87.87721,2.122072,-3.155482,2019.983166,275.876833,03:15:00,4.17613,3.3395,6.27518,-36.69041,-0.72374,18.69501,3.0787,1.98559,79.66409,-4.712143,0.218046,0.43164,NA,NA,NA,NA,NA,NA,NA,NA,NA,NA,NA,-10.54001,-0.58764,-3.11419,50,4.31607,6.25683,-127.45711,3.49562,-17.21256,27.97194,-33.13371,TCU_HFG,ABI_WIL,TCU,D1,BIG12,20260303-TCU-2,89f7d9d0-176a-11f1-89da-3b5d2295cb78,87.32382,NA,NA,8.21312,NA,NA,NA,NA,NA,NA,5cabaece-df46-4300-b3c7-55df33123daa,2026-03-04,01:36:16,2026-03-04T01:36:16Z,2026-03-04T01:36:16Z,NA,v3,5045,471223,5b1f43e35ca0421ba59ea357c474eb40,"Dallimore, Brady",834396,Right,TCU_HFG,c6614799-553c-4111-9225-c95987488cb9,54.22714,-128.38145,13.98597,4.18247,4.59054,-16.56686,-3.33035,6.82562,-8.60628,NA,NA,NA,NA,NA,NA,NA,NA,NA,NA,NA,NA,NA,NA,NA,NA,NA,NA,NA,NA,NA,NA,NA,NA,NA,NA,NA,NA,NA,NA,NA,NA,NA,NA,NA,NA,NA,NA,NA,NA,NA,NA,NA,NA,NA,NA,NA,NA,NA,NA,High,High,High,NA,NA,NA,NA,NA,NA,NA,NA,NA,NA,NA,NA,NA,NA,NA,NA,NA,NA,NA,NA,NA,NA,NA,NA,NA,NA,NA,NA,NA,NA,NA,NA,NA,NA,NA,NA,NA,NA,NA,NA,NA,NA,NA,NA,NA,NA,NA,NA,NA,NA,NA,NA,NA,NA,NA,NA,NA
NA,NA,NA,NA,NA,NA,NA,NA,NA,NA,NA,NA,NA,NA,NA,NA,165,2026-03-03,19:36:32,1,4,"Quinn, Walter",808914,Right,TCU_HFG,"Jones, Ryan",831552,Right,ABI_WIL,Undefined,5,Top,0,2,1,Fastball,Sinker,FoulBallNotFieldable,Undefined,Undefined,Undefined,0,0,NA,89.04229,1.301589,-5.048434,2008.538706,271.018917,03:00:00,4.48189,3.06529,5.82479,-34.83612,0.87122,18.14651,2.7939,-0.12828,80.80627,-5.127601,-1.812474,0.430081,NA,NA,NA,NA,NA,NA,NA,NA,NA,NA,NA,-10.57489,0.50677,-2.66145,50,4.56866,10.5676,-128.80662,1.66501,-17.69315,27.78073,-31.32613,TCU_HFG,ABI_WIL,TCU,D1,BIG12,20260303-TCU-2,93853970-176a-11f1-89da-3b5d2295cb78,87.64032,NA,NA,8.23602,NA,NA,NA,NA,NA,NA,5cabaece-df46-4300-b3c7-55df33123daa,2026-03-04,01:36:32,2026-03-04T01:36:32Z,2026-03-04T01:36:32Z,NA,v3,5045,471223,5b1f43e35ca0421ba59ea357c474eb40,"Dallimore, Brady",834396,Right,TCU_HFG,5846f2cf-c522-408b-9b58-26c8352124f8,54.67647,-129.81132,13.89037,4.48796,2.79792,-15.66306,-3.0552,11.20747,-8.84658,NA,NA,NA,NA,NA,NA,NA,NA,NA,NA,NA,NA,NA,NA,NA,NA,NA,NA,NA,NA,NA,NA,NA,NA,NA,NA,NA,NA,NA,NA,NA,NA,NA,NA,NA,NA,NA,NA,NA,NA,NA,NA,NA,NA,NA,NA,NA,NA,NA,NA,High,High,High,NA,NA,NA,NA,NA,NA,NA,NA,NA,NA,NA,NA,NA,NA,NA,NA,NA,NA,NA,NA,NA,NA,NA,NA,NA,NA,NA,NA,NA,NA,NA,NA,NA,NA,NA,NA,NA,NA,NA,NA,NA,NA,NA,NA,NA,NA,NA,NA,NA,NA,NA,NA,NA,NA,NA,NA,NA
NA,NA,NA,NA,NA,NA,NA,NA,NA,NA,NA,NA,NA,NA,NA,NA,166,2026-03-03,19:37:05,1,5,"Quinn, Walter",808914,Right,TCU_HFG,"Jones, Ryan",831552,Right,ABI_WIL,Undefined,5,Top,0,2,2,Slider,Slider,StrikeSwinging,Strikeout,Undefined,Undefined,0,0,NA,79.37999,1.053903,-3.485965,2620.596135,94.865581,09:15:00,4.15119,3.30205,5.50163,-43.57439,2.3437,-8.11552,1.50771,-0.63888,71.70281,-6.952607,-4.926631,0.487712,NA,NA,NA,NA,NA,NA,NA,NA,NA,NA,NA,2.9389,1.30181,-2.99129,50,4.21435,7.31834,-114.84471,0.66714,3.85271,24.92676,-30.46745,TCU_HFG,ABI_WIL,TCU,D1,BIG12,20260303-TCU-2,a6c50ce0-176a-11f1-89da-3b5d2295cb78,77.28422,NA,NA,7.67717,NA,NA,NA,NA,NA,NA,5cabaece-df46-4300-b3c7-55df33123daa,2026-03-04,01:37:05,2026-03-04T01:37:05Z,2026-03-04T01:37:05Z,NA,v3,5045,471223,5b1f43e35ca0421ba59ea357c474eb40,"Dallimore, Brady",834396,Right,TCU_HFG,6df80fb5-fa3c-4dba-86dc-91ad044bf843,54.99877,-115.92461,12.46338,4.15685,1.98707,-15.23372,-3.30472,7.15143,1.92636,NA,NA,NA,NA,NA,NA,NA,NA,NA,NA,NA,NA,NA,NA,NA,NA,NA,NA,NA,NA,NA,NA,NA,NA,NA,NA,NA,NA,71.96486,NA,NA,0.904565,NA,NA,NA,1.9217,5.50992,2.03458,68.19222,8.02391,56.61012,2.04058,82.4887,-10.2839,5.54148,14.73519,-13.23796,2.03437,62.20384,-2.06696,High,High,High,NA,NA,High,High,High,NA,NA,NA,NA,NA,NA,NA,NA,NA,NA,NA,NA,NA,NA,NA,NA,NA,NA,NA,NA,NA,NA,NA,NA,NA,NA,NA,NA,NA,NA,NA,NA,NA,NA,NA,NA,NA,NA,NA,NA,NA,NA,NA,NA,NA,NA,NA,NA,NA,NA,NA,NA
NA,NA,NA,NA,NA,NA,NA,NA,NA,NA,NA,NA,NA,NA,NA,NA,167,2026-03-03,19:37:36,2,1,"Quinn, Walter",808914,Right,TCU_HFG,"Gray, Brady",830795,Left,ABI_WIL,Undefined,5,Top,1,0,0,Fastball,Sinker,BallCalled,Undefined,Undefined,Undefined,0,0,NA,89.53953,0.957742,-3.813463,2046.572077,268.436209,03:00:00,4.41816,3.11921,6.08394,-33.22742,1.66484,18.18438,2.53736,1.10118,81.26835,-5.217228,-0.545638,0.425144,NA,NA,NA,NA,NA,NA,NA,NA,NA,NA,NA,-10.40871,0.96843,-2.83319,50,4.4751,7.87366,-129.803,1.01684,-17.64628,28.77282,-30.53222,TCU_HFG,ABI_WIL,TCU,D1,BIG12,20260303-TCU-2,b97c0140-176a-11f1-89da-3b5d2295cb78,88.65808,NA,NA,8.27118,NA,NA,NA,NA,NA,NA,5cabaece-df46-4300-b3c7-55df33123daa,2026-03-04,01:37:36,2026-03-04T01:37:36Z,2026-03-04T01:37:36Z,NA,v3,5045,471223,5b1f43e35ca0421ba59ea357c474eb40,"Dallimore, Brady",834396,Right,TCU_HFG,4f8b33a2-408f-49c5-a92f-7e91a87297e3,54.41798,-130.77865,14.38641,4.42306,2.05215,-15.26611,-3.11032,8.47202,-8.82314,NA,NA,NA,NA,NA,NA,NA,NA,NA,NA,NA,NA,NA,NA,NA,NA,NA,NA,NA,NA,NA,NA,NA,NA,NA,NA,NA,NA,NA,NA,NA,NA,NA,NA,NA,NA,NA,NA,NA,NA,NA,NA,NA,NA,NA,NA,NA,NA,NA,NA,High,High,High,NA,NA,NA,NA,NA,NA,NA,NA,NA,NA,NA,NA,NA,NA,NA,NA,NA,NA,NA,NA,NA,NA,NA,NA,NA,NA,NA,NA,NA,NA,NA,NA,NA,NA,NA,NA,NA,NA,NA,NA,NA,NA,NA,NA,NA,NA,NA,NA,NA,NA,NA,NA,NA,NA,NA,NA,NA
NA,NA,NA,NA,NA,NA,NA,NA,NA,NA,NA,NA,NA,NA,NA,NA,168,2026-03-03,19:37:51,2,2,"Quinn, Walter",808914,Right,TCU_HFG,"Gray, Brady",830795,Left,ABI_WIL,Undefined,5,Top,1,1,0,Slider,Slider,InPlay,Undefined,Popup,Out,1,0,NA,79.73885,2.456209,-3.280439,2648.021799,97.370516,09:15:00,4.1549,3.33915,5.6958,-42.23565,2.37303,-7.38953,2.92953,-0.33724,72.71577,-5.319276,-4.596216,0.480708,63.8613,48.935603,-32.529057,NA,81.22158,67.40592,-74.18229,170.6995,135.98555,-41.524214,4.384306,2.80603,0.90126,-3.05847,50,4.33535,6.90579,-115.50931,3.59021,3.77423,22.41253,-30.96181,TCU_HFG,ABI_WIL,TCU,D1,BIG12,20260303-TCU-2,c2306600-176a-11f1-89da-3b5d2295cb78,78.41031,69.72646,NA,7.02308,NA,NA,NA,0.32,2.74308,0.47955,5cabaece-df46-4300-b3c7-55df33123daa,2026-03-04,01:37:51,2026-03-04T01:37:51Z,2026-03-04T01:37:51Z,Popup,v3,5045,471223,5b1f43e35ca0421ba59ea357c474eb40,"Dallimore, Brady",834396,Right,TCU_HFG,7bae705e-c696-45ac-8ba3-c09818e18e74,54.8065,-116.43819,11.20627,4.15996,4.87341,-15.48091,-3.34144,6.74937,1.88711,144.817054,0.28884,52.42039,-14.38722,4.5219,0.1896,-1.4061,0.67741,-0.12938,0.00893,2.75249,70.38082,-20.55702,-0.23261,1.81975,-1.01675,0.28672,-0.04101,0.00233,0.45211,-32.51508,-2.42145,4.47585,-2.53561,0.62345,-0.01369,-0.0173,0.00191,NA,NA,NA,NA,NA,NA,NA,NA,NA,NA,NA,NA,NA,NA,NA,NA,NA,NA,NA,NA,NA,NA,High,High,High,High,Medium,NA,NA,NA,NA,NA,NA,NA,NA,NA,NA,NA,NA,NA,NA,NA,NA,NA,NA,NA,NA,NA,NA,NA,NA,NA,NA,NA,NA,NA,NA,NA,NA,NA,NA,NA,NA,NA,NA,NA,NA,NA,NA,NA,NA,NA,NA,NA,NA,NA,NA,NA,NA,NA,NA,NA
NA,NA,NA,NA,NA,NA,NA,NA,NA,NA,NA,NA,NA,NA,NA,NA,169,2026-03-03,19:38:26,3,1,"Quinn, Walter",808914,Right,TCU_HFG,"Borho, Reese",822840,Left,ABI_WIL,Undefined,5,Top,2,0,0,ChangeUp,Changeup,BallCalled,Undefined,Undefined,Undefined,0,0,NA,81.2389,1.534845,-2.992451,1616.521799,299.863828,04:00:00,3.86739,3.28471,6.30107,-46.62168,-4.83016,10.70575,1.39873,1.41711,74.37655,-7.098362,-1.057694,0.465281,NA,NA,NA,NA,NA,NA,NA,NA,NA,NA,NA,-6.40378,-2.52516,-3.06954,50,3.95834,5.77378,-117.96587,1.71128,-9.00227,22.94003,-35.72386,TCU_HFG,ABI_WIL,TCU,D1,BIG12,20260303-TCU-2,d7958a70-176a-11f1-89da-3b5d2295cb78,81.01003,NA,NA,6.86235,NA,NA,NA,NA,NA,NA,5cabaece-df46-4300-b3c7-55df33123daa,2026-03-04,01:38:26,2026-03-04T01:38:26Z,2026-03-04T01:38:26Z,NA,v3,5045,471223,5b1f43e35ca0421ba59ea357c474eb40,"Dallimore, Brady",834396,Right,TCU_HFG,bcf0c6c5-914a-4984-a308-77c7c132f5d5,54.20302,-118.78039,11.47002,3.87506,2.97971,-17.86193,-3.28023,6.09342,-4.50114,NA,NA,NA,NA,NA,NA,NA,NA,NA,NA,NA,NA,NA,NA,NA,NA,NA,NA,NA,NA,NA,NA,NA,NA,NA,NA,NA,NA,NA,NA,NA,NA,NA,NA,NA,NA,NA,NA,NA,NA,NA,NA,NA,NA,NA,NA,NA,NA,NA,NA,High,High,High,NA,NA,NA,NA,NA,NA,NA,NA,NA,NA,NA,NA,NA,NA,NA,NA,NA,NA,NA,NA,NA,NA,NA,NA,NA,NA,NA,NA,NA,NA,NA,NA,NA,NA,NA,NA,NA,NA,NA,NA,NA,NA,NA,NA,NA,NA,NA,NA,NA,NA,NA,NA,NA,NA,NA,NA,NA
NA,NA,NA,NA,NA,NA,NA,NA,NA,NA,NA,NA,NA,NA,NA,NA,170,2026-03-03,19:38:41,3,2,"Quinn, Walter",808914,Right,TCU_HFG,"Borho, Reese",822840,Left,ABI_WIL,Undefined,5,Top,2,1,0,Fastball,Sinker,BallCalled,Undefined,Undefined,Undefined,0,0,NA,90.07703,0.930036,-3.823522,2106.892989,271.947192,03:00:00,4.46074,3.23978,5.88469,-34.21494,0.56532,17.98828,2.47519,1.18275,81.67657,-5.399577,-0.602909,0.424461,NA,NA,NA,NA,NA,NA,NA,NA,NA,NA,NA,-10.26658,0.40283,-2.94072,50,4.51655,7.93151,-130.5296,0.87848,-17.58181,29.37003,-31.48418,TCU_HFG,ABI_WIL,TCU,D1,BIG12,20260303-TCU-2,e062f570-176a-11f1-89da-3b5d2295cb78,88.8007,NA,NA,8.40046,NA,NA,NA,NA,NA,NA,5cabaece-df46-4300-b3c7-55df33123daa,2026-03-04,01:38:41,2026-03-04T01:38:41Z,2026-03-04T01:38:41Z,NA,v3,5045,471223,5b1f43e35ca0421ba59ea357c474eb40,"Dallimore, Brady",834396,Right,TCU_HFG,23d60b78-a9b4-4728-9562-bf4ce0555880,54.61731,-131.56442,14.68501,4.46605,1.9878,-15.74209,-3.23109,8.55099,-8.79091,NA,NA,NA,NA,NA,NA,NA,NA,NA,NA,NA,NA,NA,NA,NA,NA,NA,NA,NA,NA,NA,NA,NA,NA,NA,NA,NA,NA,NA,NA,NA,NA,NA,NA,NA,NA,NA,NA,NA,NA,NA,NA,NA,NA,NA,NA,NA,NA,NA,NA,High,High,High,NA,NA,NA,NA,NA,NA,NA,NA,NA,NA,NA,NA,NA,NA,NA,NA,NA,NA,NA,NA,NA,NA,NA,NA,NA,NA,NA,NA,NA,NA,NA,NA,NA,NA,NA,NA,NA,NA,NA,NA,NA,NA,NA,NA,NA,NA,NA,NA,NA,NA,NA,NA,NA,NA,NA,NA,NA
NA,NA,NA,NA,NA,NA,NA,NA,NA,NA,NA,NA,NA,NA,NA,NA,171,2026-03-03,19:38:57,3,3,"Quinn, Walter",808914,Right,TCU_HFG,"Borho, Reese",822840,Left,ABI_WIL,Undefined,5,Top,2,2,0,Fastball,Sinker,BallCalled,Undefined,Undefined,Undefined,0,0,NA,89.65475,0.909981,-6.222578,2084.001959,247.29369,02:15:00,4.47235,3.12297,6.47501,-26.13718,8.50008,17.41103,3.13497,-1.16327,80.87067,-4.025394,-3.091627,0.423587,NA,NA,NA,NA,NA,NA,NA,NA,NA,NA,NA,-11.16662,4.48563,-2.69087,50,4.52517,13.46501,-129.56941,1.28709,-18.77385,29.85781,-24.63263,TCU_HFG,ABI_WIL,TCU,D1,BIG12,20260303-TCU-2,e9c57480-176a-11f1-89da-3b5d2295cb78,88.98385,NA,NA,8.78408,NA,NA,NA,NA,NA,NA,5cabaece-df46-4300-b3c7-55df33123daa,2026-03-04,01:38:57,2026-03-04T01:38:57Z,2026-03-04T01:38:57Z,NA,v3,5045,471223,5b1f43e35ca0421ba59ea357c474eb40,"Dallimore, Brady",834396,Right,TCU_HFG,08ab70df-50bd-4337-a7a8-70f009adda30,54.02901,-130.49454,14.9289,4.47346,2.05032,-12.31631,-3.11709,14.04671,-9.38692,NA,NA,NA,NA,NA,NA,NA,NA,NA,NA,NA,NA,NA,NA,NA,NA,NA,NA,NA,NA,NA,NA,NA,NA,NA,NA,NA,NA,NA,NA,NA,NA,NA,NA,NA,NA,NA,NA,NA,NA,NA,NA,NA,NA,NA,NA,NA,NA,NA,NA,High,High,High,NA,NA,NA,NA,NA,NA,NA,NA,NA,NA,NA,NA,NA,NA,NA,NA,NA,NA,NA,NA,NA,NA,NA,NA,NA,NA,NA,NA,NA,NA,NA,NA,NA,NA,NA,NA,NA,NA,NA,NA,NA,NA,NA,NA,NA,NA,NA,NA,NA,NA,NA,NA,NA,NA,NA,NA,NA
NA,NA,NA,NA,NA,NA,NA,NA,NA,NA,NA,NA,NA,NA,NA,NA,172,2026-03-03,19:39:13,3,4,"Quinn, Walter",808914,Right,TCU_HFG,"Borho, Reese",822840,Left,ABI_WIL,Undefined,5,Top,2,3,0,Fastball,Sinker,BallCalled,Walk,Undefined,Undefined,0,0,NA,89.10357,-0.382621,-3.308917,2032.847907,238.481712,02:00:00,4.50364,3.07239,5.99593,-25.12328,10.22205,14.71686,2.05486,1.22892,80.86406,-5.095802,-0.666982,0.427895,NA,NA,NA,NA,NA,NA,NA,NA,NA,NA,NA,-8.50855,5.72288,-2.81926,50,4.45971,6.84447,-129.1964,-1.68124,-14.28096,28.66892,-22.56859,TCU_HFG,ABI_WIL,TCU,D1,BIG12,20260303-TCU-2,f35c7110-176a-11f1-89da-3b5d2295cb78,88.088,NA,NA,8.23951,NA,NA,NA,NA,NA,NA,5cabaece-df46-4300-b3c7-55df33123daa,2026-03-04,01:39:13,2026-03-04T01:39:13Z,2026-03-04T01:39:13Z,NA,v3,5045,471223,5b1f43e35ca0421ba59ea357c474eb40,"Dallimore, Brady",834396,Right,TCU_HFG,9f9d8d01-0779-41da-890b-2162fa2453b0,54.50498,-130.19223,14.33446,4.50449,-0.89732,-11.28429,-3.06562,7.34052,-7.14048,NA,NA,NA,NA,NA,NA,NA,NA,NA,NA,NA,NA,NA,NA,NA,NA,NA,NA,NA,NA,NA,NA,NA,NA,NA,NA,NA,NA,NA,NA,NA,NA,NA,NA,NA,NA,NA,NA,NA,NA,NA,NA,NA,NA,NA,NA,NA,NA,NA,NA,High,High,High,NA,NA,NA,NA,NA,NA,NA,NA,NA,NA,NA,NA,NA,NA,NA,NA,NA,NA,NA,NA,NA,NA,NA,NA,NA,NA,NA,NA,NA,NA,NA,NA,NA,NA,NA,NA,NA,NA,NA,NA,NA,NA,NA,NA,NA,NA,NA,NA,NA,NA,NA,NA,NA,NA,NA,NA,NA
NA,NA,NA,NA,NA,NA,NA,NA,NA,NA,NA,NA,NA,NA,NA,NA,173,2026-03-03,19:39:39,4,1,"Quinn, Walter",808914,Right,TCU_HFG,"Thompson, JT",1000270096,Left,ABI_WIL,Undefined,5,Top,2,0,0,Fastball,Sinker,BallCalled,Undefined,Undefined,Undefined,0,0,NA,88.88911,0.783022,-6.464963,1988.357474,242.529301,02:00:00,4.44597,3.3725,6.24768,-25.88509,9.49359,15.99052,3.01575,-1.28323,80.63403,-4.076026,-3.604737,0.428097,NA,NA,NA,NA,NA,NA,NA,NA,NA,NA,NA,-10.06201,5.05441,-2.89664,50,4.49192,13.88166,-128.36424,0.95764,-16.73747,27.32574,-23.76636,TCU_HFG,ABI_WIL,TCU,D1,BIG12,20260303-TCU-2,02f7f4a0-176b-11f1-89da-3b5d2295cb78,88.04646,NA,NA,8.25507,NA,NA,NA,NA,NA,NA,5cabaece-df46-4300-b3c7-55df33123daa,2026-03-04,01:39:39,2026-03-04T01:39:39Z,2026-03-04T01:39:39Z,NA,v3,5045,471223,5b1f43e35ca0421ba59ea357c474eb40,"Dallimore, Brady",834396,Right,TCU_HFG,9807decb-e3e3-4a60-99a6-bfaf7fee2c1a,54.25326,-129.26649,13.66287,4.44735,1.74237,-11.88318,-3.36411,14.4343,-8.36874,NA,NA,NA,NA,NA,NA,NA,NA,NA,NA,NA,NA,NA,NA,NA,NA,NA,NA,NA,NA,NA,NA,NA,NA,NA,NA,NA,NA,NA,NA,NA,NA,NA,NA,NA,NA,NA,NA,NA,NA,NA,NA,NA,NA,NA,NA,NA,NA,NA,NA,High,High,High,NA,NA,NA,NA,NA,NA,NA,NA,NA,NA,NA,NA,NA,NA,NA,NA,NA,NA,NA,NA,NA,NA,NA,NA,NA,NA,NA,NA,NA,NA,NA,NA,NA,NA,NA,NA,NA,NA,NA,NA,NA,NA,NA,NA,NA,NA,NA,NA,NA,NA,NA,NA,NA,NA,NA,NA,NA
NA,NA,NA,NA,NA,NA,NA,NA,NA,NA,NA,NA,NA,NA,NA,NA,174,2026-03-03,19:40:00,4,2,"Quinn, Walter",808914,Right,TCU_HFG,"Thompson, JT",1000270096,Left,ABI_WIL,Undefined,5,Top,2,1,0,Sinker,Changeup,StrikeSwinging,Undefined,Undefined,Undefined,0,0,NA,87.45232,0.163018,-4.692246,2096.259743,270.129344,03:00:00,4.34067,3.4191,6.06398,-35.49947,1.20563,19.04619,1.53377,0.6537,79.41576,-6.418267,-1.274644,0.436048,NA,NA,NA,NA,NA,NA,NA,NA,NA,NA,NA,-11.26579,0.91118,-3.06449,50,4.33433,9.6303,-126.67174,-0.83576,-18.15925,27.79388,-30.70533,TCU_HFG,ABI_WIL,TCU,D1,BIG12,20260303-TCU-2,0f31af90-176b-11f1-89da-3b5d2295cb78,86.44096,NA,NA,8.03656,NA,NA,NA,NA,NA,NA,5cabaece-df46-4300-b3c7-55df33123daa,2026-03-04,01:40:00,2026-03-04T01:40:00Z,2026-03-04T01:40:00Z,NA,v3,5045,471223,5b1f43e35ca0421ba59ea357c474eb40,"Dallimore, Brady",834396,Right,TCU_HFG,7ab07a5d-3d9a-43e4-988b-c747c14e2b7a,54.43994,-127.64222,13.89694,4.3448,0.23637,-15.35267,-3.41182,10.26436,-9.07963,NA,NA,NA,NA,NA,NA,NA,NA,NA,NA,NA,NA,NA,NA,NA,NA,NA,NA,NA,NA,NA,NA,NA,NA,NA,NA,NA,NA,NA,NA,NA,NA,NA,NA,NA,NA,NA,NA,NA,NA,NA,NA,NA,NA,NA,NA,NA,NA,NA,NA,High,High,High,NA,NA,NA,NA,NA,NA,NA,NA,NA,NA,NA,NA,NA,NA,NA,NA,NA,NA,NA,NA,NA,NA,NA,NA,NA,NA,NA,NA,NA,NA,NA,NA,NA,NA,NA,NA,NA,NA,NA,NA,NA,NA,NA,NA,NA,NA,NA,NA,NA,NA,NA,NA,NA,NA,NA,NA,NA
NA,NA,NA,NA,NA,NA,NA,NA,NA,NA,NA,NA,NA,NA,NA,NA,175,2026-03-03,19:40:18,4,3,"Quinn, Walter",808914,Right,TCU_HFG,"Thompson, JT",1000270096,Left,ABI_WIL,Undefined,5,Top,2,1,1,Slider,Curveball,BallCalled,Undefined,Undefined,Undefined,0,0,NA,77.76474,1.348884,-2.289386,2619.443373,76.766018,08:30:00,4.10158,3.42706,5.44418,-48.61703,-1.34638,-12.16135,1.31444,0.2688,71.17984,-7.521525,-4.450954,0.494843,NA,NA,NA,NA,NA,NA,NA,NA,NA,NA,NA,5.49063,-0.68795,-3.2157,50,4.18715,4.97439,-112.79288,1.04215,7.02891,21.72012,-33.05472,TCU_HFG,ABI_WIL,TCU,D1,BIG12,20260303-TCU-2,1a525960-176b-11f1-89da-3b5d2295cb78,76.17052,NA,NA,6.58489,NA,NA,NA,NA,NA,NA,5cabaece-df46-4300-b3c7-55df33123daa,2026-03-04,01:40:18,2026-03-04T01:40:18Z,2026-03-04T01:40:18Z,NA,v3,5045,471223,5b1f43e35ca0421ba59ea357c474eb40,"Dallimore, Brady",834396,Right,TCU_HFG,f94c21e7-b846-4ac7-bb86-018ba67f6716,55.05974,-113.76304,10.86006,4.10762,2.51859,-16.52736,-3.43087,4.66043,3.51445,NA,NA,NA,NA,NA,NA,NA,NA,NA,NA,NA,NA,NA,NA,NA,NA,NA,NA,NA,NA,NA,NA,NA,NA,NA,NA,NA,NA,NA,NA,NA,NA,NA,NA,NA,NA,NA,NA,NA,NA,NA,NA,NA,NA,NA,NA,NA,NA,NA,NA,High,High,High,NA,NA,NA,NA,NA,NA,NA,NA,NA,NA,NA,NA,NA,NA,NA,NA,NA,NA,NA,NA,NA,NA,NA,NA,NA,NA,NA,NA,NA,NA,NA,NA,NA,NA,NA,NA,NA,NA,NA,NA,NA,NA,NA,NA,NA,NA,NA,NA,NA,NA,NA,NA,NA,NA,NA,NA,NA
NA,NA,NA,NA,NA,NA,NA,NA,NA,NA,NA,NA,NA,NA,NA,NA,176,2026-03-03,19:40:37,4,4,"Quinn, Walter",808914,Right,TCU_HFG,"Thompson, JT",1000270096,Left,ABI_WIL,Undefined,5,Top,2,2,1,Fastball,Sinker,InPlay,Undefined,FlyBall,Out,1,0,NA,89.55784,1.062915,-5.251838,2117.236275,269.863378,03:00:00,4.41674,3.25187,5.95547,-33.89281,1.20878,18.38619,2.58239,-0.10035,81.36237,-5.206084,-1.966317,0.426417,95.4699,22.3073,-11.760188,2795.010691,106.06029,39.85019,-29.17455,322.45442,317.71608,-23.309412,3.916001,-11.00721,0.62134,-2.84382,50,4.48245,11.14763,-129.60703,1.22484,-18.64202,28.18111,-31.12174,TCU_HFG,ABI_WIL,TCU,D1,BIG12,20260303-TCU-2,25994fe0-176b-11f1-89da-3b5d2295cb78,88.39331,49.97839,NA,8.19546,NA,NA,NA,1.55974,2.68373,0.08295,5cabaece-df46-4300-b3c7-55df33123daa,2026-03-04,01:40:37,2026-03-04T01:40:37Z,2026-03-04T01:40:37Z,LineDrive,v3,5045,471223,5b1f43e35ca0421ba59ea357c474eb40,"Dallimore, Brady",834396,Right,TCU_HFG,abc09f44-64b6-447b-8bfd-367841a0232e,54.54878,-130.59235,14.09055,4.42061,2.31298,-15.56087,-3.24498,11.79942,-9.32101,134.598044,1.55946,126.83415,-24.41212,5.32286,-1.16463,0.26437,-0.05533,0.00752,-4.3e-4,2.68398,53.1391,-15.97438,0.57872,0.04987,-0.05161,0.01696,-0.00214,8e-5,0.08303,-26.40115,-5.35695,2.15224,-0.58756,0.13991,-0.0287,0.00379,-2.2e-4,NA,NA,NA,NA,NA,NA,NA,NA,NA,NA,NA,NA,NA,NA,NA,NA,NA,NA,NA,NA,NA,NA,High,High,High,High,Medium,NA,NA,NA,NA,NA,NA,NA,NA,NA,NA,NA,NA,NA,NA,NA,NA,NA,NA,NA,NA,NA,NA,NA,NA,NA,NA,NA,NA,NA,NA,NA,NA,NA,NA,NA,NA,NA,NA,NA,NA,NA,NA,NA,NA,NA,NA,NA,NA,NA,NA,NA,NA,NA,NA,NA
NA,NA,NA,NA,NA,NA,NA,NA,NA,NA,NA,NA,NA,NA,NA,NA,177,2026-03-03,19:43:57,1,1,"Patterson, Will",836230,Left,ABI_WIL,"Gamster, Preston",1000356863,Right,TCU_HFG,Undefined,5,Bottom,0,0,0,Fastball,Four-Seam,StrikeSwinging,Undefined,Undefined,Undefined,0,0,NA,90.08573,-1.203871,2.480221,2244.593621,160.509024,11:15:00,6.66677,-1.91665,5.24091,-19.27218,16.18627,-5.31355,3.928,-0.02682,81.98537,-4.808699,1.539333,0.428579,NA,NA,NA,NA,NA,NA,NA,NA,NA,NA,NA,3.35303,8.7693,1.69249,50,6.54203,-5.40571,-130.53847,-3.40854,5.76861,28.2347,-17.08714,TCU_HFG,ABI_WIL,TCU,D1,BIG12,20260303-TCU-2,9c98b8b0-176b-11f1-89da-3b5d2295cb78,87.94739,NA,NA,8.10037,NA,NA,NA,NA,NA,NA,5cabaece-df46-4300-b3c7-55df33123daa,2026-03-04,01:43:57,2026-03-04T01:43:57Z,2026-03-04T01:43:57Z,NA,v3,5045,471223,5b1f43e35ca0421ba59ea357c474eb40,"Gray, Brady",830795,Right,ABI_WIL,9b3730ad-be76-4758-9118-fbb87c54432e,55.25889,-131.67102,14.11735,6.66501,-2.72314,-8.54357,1.91396,-5.6371,2.8843,NA,NA,NA,NA,NA,NA,NA,NA,NA,NA,NA,NA,NA,NA,NA,NA,NA,NA,NA,NA,NA,NA,NA,NA,NA,NA,NA,NA,NA,NA,NA,NA,NA,NA,NA,NA,NA,NA,NA,NA,NA,NA,NA,NA,NA,NA,NA,NA,NA,NA,High,High,High,NA,NA,NA,NA,NA,NA,NA,NA,NA,NA,NA,NA,NA,NA,NA,NA,NA,NA,NA,NA,NA,NA,NA,NA,NA,NA,NA,NA,NA,NA,NA,NA,NA,NA,NA,NA,NA,NA,NA,NA,NA,NA,NA,NA,NA,NA,NA,NA,NA,NA,NA,NA,NA,NA,NA,NA,NA
NA,NA,NA,NA,NA,NA,NA,NA,NA,NA,NA,NA,NA,NA,NA,NA,178,2026-03-03,19:44:12,1,2,"Patterson, Will",836230,Left,ABI_WIL,"Gamster, Preston",1000356863,Right,TCU_HFG,Undefined,5,Bottom,0,0,1,Fastball,Four-Seam,InPlay,Undefined,FlyBall,Out,1,0,NA,89.75566,-1.633351,2.044425,2279.119767,170.176503,11:45:00,6.71002,-1.83443,5.33563,-19.30481,16.423,-2.63134,3.5674,-0.13471,81.43494,-5.255645,1.577409,0.430204,80.96231,30.468983,23.357505,3832.377916,96.35773,51.96194,53.05796,274.13134,261.58317,36.345441,4.058657,1.9387,9.09115,1.6517,50,6.54901,-4.52332,-130.05561,-4.36107,3.29441,29.27819,-16.72549,TCU_HFG,ABI_WIL,TCU,D1,BIG12,20260303-TCU-2,a5c2c2a0-176b-11f1-89da-3b5d2295cb78,87.6152,57.04819,NA,8.32072,NA,NA,NA,0.84351,3.54014,0.11746,5cabaece-df46-4300-b3c7-55df33123daa,2026-03-04,01:44:12,2026-03-04T01:44:12Z,2026-03-04T01:44:12Z,FlyBall,v3,5045,471223,5b1f43e35ca0421ba59ea357c474eb40,"Gray, Brady",830795,Right,ABI_WIL,f25672eb-a0ea-44bb-bc7f-8591415b16c5,55.16505,-131.21322,14.63909,6.70836,-3.69977,-8.36274,1.83312,-4.65358,1.6472,226.978373,0.84362,93.95951,-19.5982,4.76806,-1.15023,0.30072,-0.07934,0.01379,-9.8e-4,3.54069,60.19429,-18.60993,0.80844,0.26966,-0.21014,0.07124,-0.01133,6.8e-4,0.11777,40.56937,2.20953,-1.73563,0.63728,-0.17352,0.03396,-0.00373,1.5e-4,NA,NA,NA,NA,NA,NA,NA,NA,NA,NA,NA,NA,NA,NA,NA,NA,NA,NA,NA,NA,NA,NA,High,High,High,High,Medium,NA,NA,NA,NA,NA,NA,NA,NA,NA,NA,NA,NA,NA,NA,NA,NA,NA,NA,NA,NA,NA,NA,NA,NA,NA,NA,NA,NA,NA,NA,NA,NA,NA,NA,NA,NA,NA,NA,NA,NA,NA,NA,NA,NA,NA,NA,NA,NA,NA,NA,NA,NA,NA,NA,NA
NA,NA,NA,NA,NA,NA,NA,NA,NA,NA,NA,NA,NA,NA,NA,NA,179,2026-03-03,19:44:46,2,1,"Patterson, Will",836230,Left,ABI_WIL,"Arthur, Jack",1000113360,Left,TCU_HFG,Undefined,5,Bottom,1,0,0,Fastball,Four-Seam,BallCalled,Undefined,Undefined,Undefined,0,0,NA,89.9183,-1.858019,3.599111,2175.480429,157.489208,11:15:00,6.65256,-1.74182,5.40466,-21.47769,14.12961,-5.34674,3.11765,1.18959,81.60689,-5.863279,2.650904,0.429478,NA,NA,NA,NA,NA,NA,NA,NA,NA,NA,NA,3.75532,8.01524,1.42453,50,6.47194,-7.93833,-130.10139,-4.96951,6.38892,29.1799,-18.53772,TCU_HFG,ABI_WIL,TCU,D1,BIG12,20260303-TCU-2,b9d74b30-176b-11f1-89da-3b5d2295cb78,87.76334,NA,NA,8.3114,NA,NA,NA,NA,NA,NA,5cabaece-df46-4300-b3c7-55df33123daa,2026-03-04,01:44:46,2026-03-04T01:44:46Z,2026-03-04T01:44:46Z,NA,v3,5045,471223,5b1f43e35ca0421ba59ea357c474eb40,"Gray, Brady",830795,Right,ABI_WIL,7e5df003-bda6-4663-b04c-4cb95baa908a,55.09491,-131.23913,14.58995,6.65161,-4.24672,-9.26886,1.73891,-8.18744,3.19446,NA,NA,NA,NA,NA,NA,NA,NA,NA,NA,NA,NA,NA,NA,NA,NA,NA,NA,NA,NA,NA,NA,NA,NA,NA,NA,NA,NA,NA,NA,NA,NA,NA,NA,NA,NA,NA,NA,NA,NA,NA,NA,NA,NA,NA,NA,NA,NA,NA,NA,High,High,High,NA,NA,NA,NA,NA,NA,NA,NA,NA,NA,NA,NA,NA,NA,NA,NA,NA,NA,NA,NA,NA,NA,NA,NA,NA,NA,NA,NA,NA,NA,NA,NA,NA,NA,NA,NA,NA,NA,NA,NA,NA,NA,NA,NA,NA,NA,NA,NA,NA,NA,NA,NA,NA,NA,NA,NA,NA
NA,NA,NA,NA,NA,NA,NA,NA,NA,NA,NA,NA,NA,NA,NA,NA,180,2026-03-03,19:45:01,2,2,"Patterson, Will",836230,Left,ABI_WIL,"Arthur, Jack",1000113360,Left,TCU_HFG,Undefined,5,Bottom,1,1,0,Fastball,Four-Seam,InPlay,Undefined,Bunt,Single,0,0,NA,88.43216,-1.340883,2.510492,2300.354767,148.014159,11:00:00,6.7251,-1.80867,5.31143,-23.11218,14.02265,-7.90508,3.53899,-0.10939,79.64972,-5.660126,1.108248,0.438594,NA,NA,NA,NA,NA,NA,NA,NA,NA,NA,NA,4.80874,7.85308,1.58685,50,6.58709,-5.26056,-128.01722,-3.798,7.85014,30.44267,-19.35411,TCU_HFG,ABI_WIL,TCU,D1,BIG12,20260303-TCU-2,c2f79120-176b-11f1-89da-3b5d2295cb78,85.93934,NA,NA,8.78244,NA,NA,NA,NA,NA,NA,5cabaece-df46-4300-b3c7-55df33123daa,2026-03-04,01:45:01,2026-03-04T01:45:01Z,2026-03-04T01:45:01Z,NA,v3,5045,471223,5b1f43e35ca0421ba59ea357c474eb40,"Gray, Brady",830795,Right,ABI_WIL,855ea1f3-2d4b-4433-a3c4-1fc5ede393a0,55.18932,-129.24536,15.22133,6.72456,-3.0172,-9.67705,1.80547,-5.57725,3.92507,NA,NA,NA,NA,NA,NA,NA,NA,NA,NA,NA,NA,NA,NA,NA,NA,NA,NA,NA,NA,NA,NA,NA,NA,NA,NA,NA,NA,NA,NA,NA,NA,NA,NA,NA,NA,NA,NA,NA,NA,NA,NA,NA,NA,NA,NA,NA,NA,NA,NA,High,High,High,NA,NA,NA,NA,NA,NA,NA,NA,NA,NA,NA,NA,NA,NA,NA,NA,NA,NA,NA,NA,NA,NA,NA,NA,NA,NA,NA,NA,NA,NA,NA,NA,NA,NA,NA,NA,NA,NA,NA,NA,NA,NA,NA,NA,NA,NA,NA,NA,NA,NA,NA,NA,NA,NA,NA,NA,NA
NA,NA,NA,NA,NA,NA,NA,NA,NA,NA,NA,NA,NA,NA,NA,NA,181,2026-03-03,19:45:46,3,1,"Patterson, Will",836230,Left,ABI_WIL,"Cramer, Cole",823144,Right,TCU_HFG,Undefined,5,Bottom,1,0,0,Fastball,Sinker,BallCalled,Undefined,Undefined,Undefined,0,0,NA,89.90677,-1.649573,1.582826,2134.288314,138.444554,10:30:00,6.66372,-1.87363,5.23402,-25.25218,10.92914,-8.46469,3.00772,-1.09075,80.68667,-6.340132,0.08145,0.432926,NA,NA,NA,NA,NA,NA,NA,NA,NA,NA,NA,4.71185,6.41075,1.73425,50,6.49349,-3.18863,-130.06759,-4.67402,7.91103,32.3474,-21.41063,TCU_HFG,ABI_WIL,TCU,D1,BIG12,20260303-TCU-2,dd9e88d0-176b-11f1-89da-3b5d2295cb78,87.06442,NA,NA,9.2201,NA,NA,NA,NA,NA,NA,5cabaece-df46-4300-b3c7-55df33123daa,2026-03-04,01:45:46,2026-03-04T01:45:46Z,2026-03-04T01:45:46Z,NA,v3,5045,471223,5b1f43e35ca0421ba59ea357c474eb40,"Gray, Brady",830795,Right,ABI_WIL,7f445dc5-49f5-44ad-8c70-b71f5e7eca8b,55.26261,-131.36987,16.1737,6.66431,-3.81205,-10.70532,1.86904,-3.50712,3.95552,NA,NA,NA,NA,NA,NA,NA,NA,NA,NA,NA,NA,NA,NA,NA,NA,NA,NA,NA,NA,NA,NA,NA,NA,NA,NA,NA,NA,80.93436,NA,0.708659,NA,-1.13232,2.71873,1.08871,0.30984,5.92549,1.74454,NA,NA,NA,0.38598,117.20962,-11.76497,5.93088,4.41416,-11.0388,1.69209,-8.023,5.6094,High,High,High,NA,NA,High,High,Medium,NA,NA,NA,NA,NA,NA,NA,NA,NA,NA,NA,NA,NA,NA,NA,NA,NA,NA,NA,NA,NA,NA,NA,NA,NA,NA,NA,NA,NA,NA,NA,NA,NA,NA,NA,NA,NA,NA,NA,NA,NA,NA,NA,NA,NA,NA,NA,NA,NA,NA,NA,NA
NA,NA,NA,NA,NA,NA,NA,NA,NA,NA,NA,NA,NA,NA,NA,NA,182,2026-03-03,19:46:19,3,2,"Patterson, Will",836230,Left,ABI_WIL,"Cramer, Cole",823144,Right,TCU_HFG,Undefined,5,Bottom,1,1,0,Fastball,Four-Seam,StrikeCalled,Undefined,Undefined,Undefined,0,0,NA,88.82144,-1.925576,2.252697,2374.663341,154.210934,11:15:00,6.74684,-1.91579,5.24214,-24.76718,11.7243,-5.08055,2.87102,-0.22081,81.031,-6.494139,1.352167,0.434777,NA,NA,NA,NA,NA,NA,NA,NA,NA,NA,NA,3.1754,6.7748100000000004,1.71246,50,6.55151,-4.82854,-128.68712,-5.23094,5.30791,27.49986,-20.84955,TCU_HFG,ABI_WIL,TCU,D1,BIG12,20260303-TCU-2,f126d6f0-176b-11f1-89da-3b5d2295cb78,86.69364,NA,NA,7.79043,NA,NA,NA,NA,NA,NA,5cabaece-df46-4300-b3c7-55df33123daa,2026-03-04,01:46:19,2026-03-04T01:46:19Z,2026-03-04T01:46:19Z,NA,v3,5045,471223,5b1f43e35ca0421ba59ea357c474eb40,"Gray, Brady",830795,Right,ABI_WIL,adc9fb00-69e8-4864-bd90-8aa949480199,55.25787,-129.80584,13.74993,6.74706,-4.38276,-10.42478,1.91328,-5.04447,2.65395,NA,NA,NA,NA,NA,NA,NA,NA,NA,NA,NA,NA,NA,NA,NA,NA,NA,NA,NA,NA,NA,NA,NA,NA,NA,NA,NA,NA,NA,NA,NA,NA,NA,NA,NA,NA,NA,NA,NA,NA,NA,NA,NA,NA,NA,NA,NA,NA,NA,NA,High,High,High,NA,NA,NA,NA,NA,NA,NA,NA,NA,NA,NA,NA,NA,NA,NA,NA,NA,NA,NA,NA,NA,NA,NA,NA,NA,NA,NA,NA,NA,NA,NA,NA,NA,NA,NA,NA,NA,NA,NA,NA,NA,NA,NA,NA,NA,NA,NA,NA,NA,NA,NA,NA,NA,NA,NA,NA,NA
NA,NA,NA,NA,NA,NA,NA,NA,NA,NA,NA,NA,NA,NA,NA,NA,183,2026-03-03,19:46:39,3,3,"Patterson, Will",836230,Left,ABI_WIL,"Cramer, Cole",823144,Right,TCU_HFG,Undefined,5,Bottom,1,1,1,Fastball,Four-Seam,BallCalled,Undefined,Undefined,Undefined,0,0,NA,87.92995,-2.336111,0.832919,2308.749416,153.737557,11:00:00,6.69511,-2.05469,5.23109,-23.43804,14.02131,-6.26764,2.54437,-1.79393,79.75852,-6.68491,-0.27903,0.440506,NA,NA,NA,NA,NA,NA,NA,NA,NA,NA,NA,3.36677,8.10036,1.98275,50,6.46272,-1.56327,-127.34423,-6.01783,5.4751,28.5118,-19.00111,TCU_HFG,ABI_WIL,TCU,D1,BIG12,20260303-TCU-2,fd188c60-176b-11f1-89da-3b5d2295cb78,85.56631,NA,NA,8.17143,NA,NA,NA,NA,NA,NA,5cabaece-df46-4300-b3c7-55df33123daa,2026-03-04,01:46:39,2026-03-04T01:46:39Z,2026-03-04T01:46:39Z,NA,v3,5045,471223,5b1f43e35ca0421ba59ea357c474eb40,"Gray, Brady",830795,Right,ABI_WIL,d160ec80-e6fb-4886-a5b9-506826190f8e,55.26764,-128.51822,14.2559,6.6944,-5.23545,-9.50055,2.05176,-1.78871,2.73755,NA,NA,NA,NA,NA,NA,NA,NA,NA,NA,NA,NA,NA,NA,NA,NA,NA,NA,NA,NA,NA,NA,NA,NA,NA,NA,NA,NA,NA,NA,NA,NA,NA,NA,NA,NA,NA,NA,NA,NA,NA,NA,NA,NA,NA,NA,NA,NA,NA,NA,High,High,High,NA,NA,NA,NA,NA,NA,NA,NA,NA,NA,NA,NA,NA,NA,NA,NA,NA,NA,NA,NA,NA,NA,NA,NA,NA,NA,NA,NA,NA,NA,NA,NA,NA,NA,NA,NA,NA,NA,NA,NA,NA,NA,NA,NA,NA,NA,NA,NA,NA,NA,NA,NA,NA,NA,NA,NA,NA
NA,NA,NA,NA,NA,NA,NA,NA,NA,NA,NA,NA,NA,NA,NA,NA,184,2026-03-03,19:47:02,3,4,"Patterson, Will",836230,Left,ABI_WIL,"Cramer, Cole",823144,Right,TCU_HFG,Undefined,5,Bottom,1,2,1,Fastball,Four-Seam,StrikeSwinging,Undefined,Undefined,Undefined,0,0,NA,87.74385,-2.592259,1.691441,2303.714203,158.541859,11:15:00,6.77766,-1.9452,5.23624,-24.11403,13.16123,-4.70209,2.32876,-0.74665,80.40396,-7.033755,0.857485,0.439422,NA,NA,NA,NA,NA,NA,NA,NA,NA,NA,NA,2.81815,7.65843,1.79311,50,6.52113,-3.54438,-127.16941,-6.62025,4.61677,25.98266,-19.6278,TCU_HFG,ABI_WIL,TCU,D1,BIG12,20260303-TCU-2,0aa52d20-176c-11f1-89da-3b5d2295cb78,85.77734,NA,NA,7.33988,NA,NA,NA,NA,NA,NA,5cabaece-df46-4300-b3c7-55df33123daa,2026-03-04,01:47:02,2026-03-04T01:47:02Z,2026-03-04T01:47:02Z,NA,v3,5045,471223,5b1f43e35ca0421ba59ea357c474eb40,"Gray, Brady",830795,Right,ABI_WIL,7d231b0c-15ff-408b-ac12-81a91919d096,55.26483,-128.24058,12.99133,6.77738,-5.81106,-9.8139,1.94316,-3.73471,2.30838,NA,NA,NA,NA,NA,NA,NA,NA,NA,NA,NA,NA,NA,NA,NA,NA,NA,NA,NA,NA,NA,NA,NA,NA,NA,NA,NA,NA,NA,NA,NA,NA,NA,NA,NA,NA,NA,NA,NA,NA,NA,NA,NA,NA,NA,NA,NA,NA,NA,NA,High,High,High,NA,NA,NA,NA,NA,NA,NA,NA,NA,NA,NA,NA,NA,NA,NA,NA,NA,NA,NA,NA,NA,NA,NA,NA,NA,NA,NA,NA,NA,NA,NA,NA,NA,NA,NA,NA,NA,NA,NA,NA,NA,NA,NA,NA,NA,NA,NA,NA,NA,NA,NA,NA,NA,NA,NA,NA,NA
NA,NA,NA,NA,NA,NA,NA,NA,NA,NA,NA,NA,NA,NA,NA,NA,185,2026-03-03,19:47:25,3,5,"Patterson, Will",836230,Left,ABI_WIL,"Cramer, Cole",823144,Right,TCU_HFG,Undefined,5,Bottom,1,2,2,Fastball,Four-Seam,BallCalled,Undefined,Undefined,Undefined,0,0,NA,89.62623,-2.203887,1.142325,2307.928016,149.463648,11:00:00,6.70057,-2.05761,5.29499,-22.34674,13.73221,-7.33197,2.76755,-1.59587,80.99877,-6.367222,-0.159747,0.432313,NA,NA,NA,NA,NA,NA,NA,NA,NA,NA,NA,4.00579,7.94205,1.95909,50,6.48403,-2.24498,-129.76998,-5.78049,6.74242,30.43821,-18.80621,TCU_HFG,ABI_WIL,TCU,D1,BIG12,20260303-TCU-2,1855a990-176c-11f1-89da-3b5d2295cb78,87.18782,NA,NA,8.62746,NA,NA,NA,NA,NA,NA,5cabaece-df46-4300-b3c7-55df33123daa,2026-03-04,01:47:25,2026-03-04T01:47:25Z,2026-03-04T01:47:25Z,NA,v3,5045,471223,5b1f43e35ca0421ba59ea357c474eb40,"Gray, Brady",830795,Right,ABI_WIL,0d29e28d-ba3f-41b1-bf16-d8874acd52a8,55.20334,-130.98477,15.2191,6.69974,-5.02993,-9.40311,2.05405,-2.51407,3.37121,NA,NA,NA,NA,NA,NA,NA,NA,NA,NA,NA,NA,NA,NA,NA,NA,NA,NA,NA,NA,NA,NA,NA,NA,NA,NA,NA,NA,NA,NA,NA,NA,NA,NA,NA,NA,NA,NA,NA,NA,NA,NA,NA,NA,NA,NA,NA,NA,NA,NA,High,High,High,NA,NA,NA,NA,NA,NA,NA,NA,NA,NA,NA,NA,NA,NA,NA,NA,NA,NA,NA,NA,NA,NA,NA,NA,NA,NA,NA,NA,NA,NA,NA,NA,NA,NA,NA,NA,NA,NA,NA,NA,NA,NA,NA,NA,NA,NA,NA,NA,NA,NA,NA,NA,NA,NA,NA,NA,NA
NA,NA,NA,NA,NA,NA,NA,NA,NA,NA,NA,NA,NA,NA,NA,NA,186,2026-03-03,19:47:50,3,6,"Patterson, Will",836230,Left,ABI_WIL,"Cramer, Cole",823144,Right,TCU_HFG,Undefined,5,Bottom,1,3,2,Fastball,Four-Seam,BallCalled,Walk,Undefined,Undefined,0,0,NA,87.83565,-2.589793,0.901893,2276.9528100000002,158.801119,11:15:00,6.72412,-1.89349,5.25321,-23.50958,13.71005,-4.84512,2.32944,-1.44968,80.34023,-6.930676,0.041934,0.439094,NA,NA,NA,NA,NA,NA,NA,NA,NA,NA,NA,2.67477,7.95284,1.81446,50,6.46925,-1.78622,-127.31584,-6.5901,4.38359,26.5077,-19.14033,TCU_HFG,ABI_WIL,TCU,D1,BIG12,20260303-TCU-2,276e1a70-176c-11f1-89da-3b5d2295cb78,85.84142,NA,NA,7.49542,NA,NA,NA,NA,NA,NA,5cabaece-df46-4300-b3c7-55df33123daa,2026-03-04,01:47:50,2026-03-04T01:47:50Z,2026-03-04T01:47:50Z,NA,v3,5045,471223,5b1f43e35ca0421ba59ea357c474eb40,"Gray, Brady",830795,Right,ABI_WIL,67cd9207-fe19-4d23-b693-94287afdc28f,55.24745,-128.40373,13.25385,6.72359,-5.80456,-9.57016,1.89146,-1.96612,2.19179,NA,NA,NA,NA,NA,NA,NA,NA,NA,NA,NA,NA,NA,NA,NA,NA,NA,NA,NA,NA,NA,NA,NA,NA,NA,NA,NA,NA,NA,NA,NA,NA,NA,NA,NA,NA,NA,NA,NA,NA,NA,NA,NA,NA,NA,NA,NA,NA,NA,NA,High,High,High,NA,NA,NA,NA,NA,NA,NA,NA,NA,NA,NA,NA,NA,NA,NA,NA,NA,NA,NA,NA,NA,NA,NA,NA,NA,NA,NA,NA,NA,NA,NA,NA,NA,NA,NA,NA,NA,NA,NA,NA,NA,NA,NA,NA,NA,NA,NA,NA,NA,NA,NA,NA,NA,NA,NA,NA,NA
NA,NA,NA,NA,NA,NA,NA,NA,NA,NA,NA,NA,NA,NA,NA,NA,187,2026-03-03,19:48:34,4,1,"Patterson, Will",836230,Left,ABI_WIL,"Strosnider, Sawyer",820831,Left,TCU_HFG,Undefined,5,Bottom,1,0,0,Fastball,Four-Seam,InPlay,Undefined,LineDrive,Single,0,0,NA,89.14158,-1.732825,1.833573,2197.077847,152.903373,11:00:00,6.72722,-1.8136,5.26703,-24.12745,12.52997,-5.71213,3.08738,-0.56648,80.23239,-6.223452,0.820259,0.435765,76.77316,14.603968,-13.533473,3665.232157,104.73561,18.007930000000002,-33.62181,193.23009,193.23009,-21.628065,2.305702,3.45949,7.2241,1.65016,50,6.55129,-3.86736,-129.0179,-4.76441,5.72898,31.22959,-20.21082,TCU_HFG,ABI_WIL,TCU,D1,BIG12,20260303-TCU-2,418d1d70-176c-11f1-89da-3b5d2295cb78,86.49717,18.1082,NA,8.90919,NA,NA,NA,0.84368,3.03952,0.56247,5cabaece-df46-4300-b3c7-55df33123daa,2026-03-04,01:48:34,2026-03-04T01:48:34Z,2026-03-04T01:48:34Z,LineDrive,v3,5045,471223,5b1f43e35ca0421ba59ea357c474eb40,"Gray, Brady",830795,Right,ABI_WIL,0828e0a9-648d-4727-9741-0e2213a9236e,55.23199,-130.27818,15.6148,6.7271,-3.9488,-10.10541,1.8109,-4.09856,2.86449,128.424799,0.84372,105.93412,-17.70159,3.28921,-0.4954,0.02313,0.00903,-0.00177,9e-5,3.03946,28.39552,-13.80413,0.50801,-0.20808,0.142,-0.04845,0.00893,-6.8e-4,0.56255,-25.50459,-4.60415,1.38913,-0.1341,-0.09385,0.04655,-0.00911,6.8e-4,NA,NA,NA,NA,NA,NA,NA,NA,NA,NA,NA,NA,NA,NA,NA,NA,NA,NA,NA,NA,NA,NA,High,High,High,High,High,NA,NA,NA,NA,NA,NA,NA,NA,NA,NA,NA,NA,NA,NA,NA,NA,NA,NA,NA,NA,NA,NA,NA,NA,NA,NA,NA,NA,NA,NA,NA,NA,NA,NA,NA,NA,NA,NA,NA,NA,NA,NA,NA,NA,NA,NA,NA,NA,NA,NA,NA,NA,NA,NA,NA
NA,NA,NA,NA,NA,NA,NA,NA,NA,NA,NA,NA,NA,NA,NA,NA,188,2026-03-03,19:50:39,5,1,"Patterson, Will",836230,Left,ABI_WIL,"Brunson, Chase",815313,Right,TCU_HFG,Undefined,5,Bottom,1,0,0,Fastball,Four-Seam,StrikeCalled,Undefined,Undefined,Undefined,0,0,NA,88.05261,-1.186196,1.756101,2385.214991,137.18643,10:30:00,6.74829,-1.67894,5.63445,-25.97517,10.65568,-8.72752,3.47625,-0.76721,80.0936,-6.017622,0.196951,0.435607,NA,NA,NA,NA,NA,NA,NA,NA,NA,NA,NA,4.91055,6.12764,1.53499,50,6.63089,-3.53014,-127.6979,-3.53544,8.05778,27.82957,-22.11907,TCU_HFG,ABI_WIL,TCU,D1,BIG12,20260303-TCU-2,8bec44e0-176c-11f1-89da-3b5d2295cb78,86.52855,NA,NA,7.95901,NA,NA,NA,NA,NA,NA,5cabaece-df46-4300-b3c7-55df33123daa,2026-03-04,01:50:39,2026-03-04T01:50:39Z,2026-03-04T01:50:39Z,NA,v3,5045,471223,5b1f43e35ca0421ba59ea357c474eb40,"Gray, Brady",830795,Right,ABI_WIL,a167d1b5-83fe-4989-baa0-5d2d3307a247,54.86505,-128.75379,13.91478,6.74911,-2.69622,-11.05954,1.67473,-3.83586,4.02889,NA,NA,NA,NA,NA,NA,NA,NA,NA,NA,NA,NA,NA,NA,NA,NA,NA,NA,NA,NA,NA,NA,NA,NA,NA,NA,NA,NA,NA,NA,NA,NA,NA,NA,NA,NA,NA,NA,NA,NA,NA,NA,NA,NA,NA,NA,NA,NA,NA,NA,High,High,High,NA,NA,NA,NA,NA,NA,NA,NA,NA,NA,NA,NA,NA,NA,NA,NA,NA,NA,NA,NA,NA,NA,NA,NA,NA,NA,NA,NA,NA,NA,NA,NA,NA,NA,NA,NA,NA,NA,NA,NA,NA,NA,NA,NA,NA,NA,NA,NA,NA,NA,NA,NA,NA,NA,NA,NA,NA
NA,NA,NA,NA,NA,NA,NA,NA,NA,NA,NA,NA,NA,NA,NA,NA,189,2026-03-03,19:50:58,5,2,"Patterson, Will",836230,Left,ABI_WIL,"Brunson, Chase",815313,Right,TCU_HFG,Undefined,5,Bottom,1,0,1,Slider,Curveball,FoulBallNotFieldable,Undefined,Undefined,Undefined,0,0,NA,75.48998,-0.20664,1.497647,2121.606176,286.799286,03:30:00,6.79135,-1.8877,4.18333,-56.01019,-2.22957,14.43528,1.92573,0.75085,67.923330000000007,-10.209669,4.01248,0.527818,90.66057,26.155573,-61.465682,4000.210634,42.04904,40.35189,-101.64573,297.81873,107.00418,-81.467737,3.322974,-6.44717,-0.48323,1.70581,50,6.70986,-3.46955,-109.03035,-2.5017,-7.53213,24.42957,-32.73862,TCU_HFG,ABI_WIL,TCU,D1,BIG12,20260303-TCU-2,9762afd0-176c-11f1-89da-3b5d2295cb78,71.41179,45.37169,NA,7.56666,NA,NA,NA,2.78745,2.41382,-0.91539,5cabaece-df46-4300-b3c7-55df33123daa,2026-03-04,01:50:58,2026-03-04T01:50:58Z,2026-03-04T01:50:58Z,LineDrive,v3,5045,471223,5b1f43e35ca0421ba59ea357c474eb40,"Gray, Brady",830795,Right,ABI_WIL,9dbea05b-4472-44f9-b3e1-b126520b6a0b,56.31749,-110.43679,12.21479,6.79963,-0.6169,-16.36931,1.89308,-3.03592,-3.76606,NA,2.78727,57.01887,-21.59492,4.58388,-1.14607,0.27738,-0.0595,0.00802,-4.2e-4,2.4139,58.61126,-22.90373,2.50922,-0.4857,0.07964,-0.00904,8.7e-4,-7e-5,-0.91525,-104.85927,4.64902,0.30288,-0.17507,0.05272,-0.01044,0.00217,-2.2e-4,NA,NA,NA,NA,NA,NA,NA,NA,NA,NA,NA,NA,NA,NA,NA,NA,NA,NA,NA,NA,NA,NA,High,High,High,High,Low,NA,NA,NA,NA,NA,NA,NA,NA,NA,NA,NA,NA,NA,NA,NA,NA,NA,NA,NA,NA,NA,NA,NA,NA,NA,NA,NA,NA,NA,NA,NA,NA,NA,NA,NA,NA,NA,NA,NA,NA,NA,NA,NA,NA,NA,NA,NA,NA,NA,NA,NA,NA,NA,NA,NA
NA,NA,NA,NA,NA,NA,NA,NA,NA,NA,NA,NA,NA,NA,NA,NA,190,2026-03-03,19:51:22,5,3,"Patterson, Will",836230,Left,ABI_WIL,"Brunson, Chase",815313,Right,TCU_HFG,Undefined,5,Bottom,1,0,2,Curveball,Curveball,BallCalled,Undefined,Undefined,Undefined,0,0,NA,75.74185,0.270742,-0.034546,2187.18913,327.206134,05:00:00,6.61973,-1.87751,4.31771,-64.27287,-11.26194,8.58611,1.5225,-1.19503,68.34005,-11.186608,1.468902,0.524027,NA,NA,NA,NA,NA,NA,NA,NA,NA,NA,NA,-4.13918,-4.88717,1.87199,50,6.58397,-0.30797,-109.50619,-1.9564,-4.88761,24.30201,-37.94489,TCU_HFG,ABI_WIL,TCU,D1,BIG12,20260303-TCU-2,a61951a0-176c-11f1-89da-3b5d2295cb78,71.92837,NA,NA,7.4018,NA,NA,NA,NA,NA,NA,5cabaece-df46-4300-b3c7-55df33123daa,2026-03-04,01:51:22,2026-03-04T01:51:22Z,2026-03-04T01:51:22Z,NA,v3,5045,471223,5b1f43e35ca0421ba59ea357c474eb40,"Gray, Brady",830795,Right,ABI_WIL,5426e8d9-d640-4e4c-8ee7-40697667c857,56.18357,-110.86998,12.151,6.63401,0.17301,-18.97244,1.88158,-0.03368,-2.44381,NA,NA,NA,NA,NA,NA,NA,NA,NA,NA,NA,NA,NA,NA,NA,NA,NA,NA,NA,NA,NA,NA,NA,NA,NA,NA,NA,NA,NA,NA,NA,NA,NA,NA,NA,NA,NA,NA,NA,NA,NA,NA,NA,NA,NA,NA,NA,NA,NA,NA,High,High,High,NA,NA,NA,NA,NA,NA,NA,NA,NA,NA,NA,NA,NA,NA,NA,NA,NA,NA,NA,NA,NA,NA,NA,NA,NA,NA,NA,NA,NA,NA,NA,NA,NA,NA,NA,NA,NA,NA,NA,NA,NA,NA,NA,NA,NA,NA,NA,NA,NA,NA,NA,NA,NA,NA,NA,NA,NA
NA,NA,NA,NA,NA,NA,NA,NA,NA,NA,NA,NA,NA,NA,NA,NA,191,2026-03-03,19:51:41,5,4,"Patterson, Will",836230,Left,ABI_WIL,"Brunson, Chase",815313,Right,TCU_HFG,Undefined,5,Bottom,1,1,2,Curveball,Curveball,StrikeSwinging,Strikeout,Undefined,Undefined,0,0,NA,75.17284,-0.117123,1.255439,2198.675734,318.925247,04:45:00,6.71373,-1.85499,4.07971,-61.54165,-7.67241,8.39764,1.47278,0.05044,68.40246,-11.022056,2.718118,0.528253,NA,NA,NA,NA,NA,NA,NA,NA,NA,NA,NA,-3.61284,-3.09799,1.70428,50,6.63363,-2.74658,-108.71811,-2.6027,-4.24277,22.40174,-35.81219,TCU_HFG,ABI_WIL,TCU,D1,BIG12,20260303-TCU-2,b0ec50a0-176c-11f1-89da-3b5d2295cb78,71.35305,NA,NA,6.77038,NA,NA,NA,NA,NA,NA,5cabaece-df46-4300-b3c7-55df33123daa,2026-03-04,01:51:41,2026-03-04T01:51:41Z,2026-03-04T01:51:41Z,NA,v3,5045,471223,5b1f43e35ca0421ba59ea357c474eb40,"Gray, Brady",830795,Right,ABI_WIL,462a6f6d-4c48-48b2-9f0f-21a2936798ce,56.42264,-110.03356,11.20087,6.72471,-0.49978,-17.9061,1.85824,-2.49744,-2.12138,NA,NA,NA,NA,NA,NA,NA,NA,NA,NA,NA,NA,NA,NA,NA,NA,NA,NA,NA,NA,NA,NA,NA,NA,NA,NA,NA,NA,NA,NA,NA,NA,NA,NA,NA,NA,NA,NA,NA,NA,NA,NA,NA,NA,NA,NA,NA,NA,NA,NA,High,High,High,NA,NA,NA,NA,NA,NA,NA,NA,NA,NA,NA,NA,NA,NA,NA,NA,NA,NA,NA,NA,NA,NA,NA,NA,NA,NA,NA,NA,NA,NA,NA,NA,NA,NA,NA,NA,NA,NA,NA,NA,NA,NA,NA,NA,NA,NA,NA,NA,NA,NA,NA,NA,NA,NA,NA,NA,NA
NA,NA,NA,NA,NA,NA,NA,NA,NA,NA,NA,NA,NA,NA,NA,NA,192,2026-03-03,19:52:14,6,1,"Patterson, Will",836230,Left,ABI_WIL,"Traeger, Nolan",807253,Left,TCU_HFG,Undefined,5,Bottom,2,0,0,Curveball,Curveball,StrikeCalled,Undefined,Undefined,Undefined,0,0,NA,74.56034,0.70722,0.402635,2103.047249,293.980662,03:45:00,6.71587,-1.71283,4.53816,-57.79842,-4.06488,13.49938,2.57278,-0.2045,67.70824,-9.666916,2.770967,0.527587,NA,NA,NA,NA,NA,NA,NA,NA,NA,NA,NA,-6.42465,-1.62835,1.65731,50,6.73511,-1.32072,-107.93768,-0.76948,-7.44814,21.82288,-34.06178,TCU_HFG,ABI_WIL,TCU,D1,BIG12,20260303-TCU-2,c4fb5af0-176c-11f1-89da-3b5d2295cb78,71.44308,NA,NA,6.8521,NA,NA,NA,NA,NA,NA,5cabaece-df46-4300-b3c7-55df33123daa,2026-03-04,01:52:14,2026-03-04T01:52:14Z,2026-03-04T01:52:14Z,NA,v3,5045,471223,5b1f43e35ca0421ba59ea357c474eb40,"Gray, Brady",830795,Right,ABI_WIL,fc90cddd-4543-4287-9d12-b7baeda2d2bc,55.96346,-109.13672,10.91144,6.72598,1.10201,-17.03089,1.71864,-0.91149,-3.72407,NA,NA,NA,NA,NA,NA,NA,NA,NA,NA,NA,NA,NA,NA,NA,NA,NA,NA,NA,NA,NA,NA,NA,NA,NA,NA,NA,NA,NA,NA,NA,NA,NA,NA,NA,NA,NA,NA,NA,NA,NA,NA,NA,NA,NA,NA,NA,NA,NA,NA,High,High,High,NA,NA,NA,NA,NA,NA,NA,NA,NA,NA,NA,NA,NA,NA,NA,NA,NA,NA,NA,NA,NA,NA,NA,NA,NA,NA,NA,NA,NA,NA,NA,NA,NA,NA,NA,NA,NA,NA,NA,NA,NA,NA,NA,NA,NA,NA,NA,NA,NA,NA,NA,NA,NA,NA,NA,NA,NA
NA,NA,NA,NA,NA,NA,NA,NA,NA,NA,NA,NA,NA,NA,NA,NA,193,2026-03-03,19:52:33,6,2,"Patterson, Will",836230,Left,ABI_WIL,"Traeger, Nolan",807253,Left,TCU_HFG,Undefined,5,Bottom,2,0,1,Fastball,Cutter,BallCalled,Undefined,Undefined,Undefined,0,0,NA,88.32916,0.798666,1.119823,2474.558811,162.168349,11:30:00,6.8012,-1.66487,5.48001,-25.0882,11.91631,-3.39524,5.45805,-0.89982,79.241,-3.90462,0.515352,0.437823,NA,NA,NA,NA,NA,NA,NA,NA,NA,NA,NA,2.05776,6.13008,1.56884,50,6.85475,-2.3446,-127.9306,0.92206,3.35113,30.65753,-22.191,TCU_HFG,ABI_WIL,TCU,D1,BIG12,20260303-TCU-2,cfd97d80-176c-11f1-89da-3b5d2295cb78,86.09057,NA,NA,9.08816,NA,NA,NA,NA,NA,NA,5cabaece-df46-4300-b3c7-55df33123daa,2026-03-04,01:52:33,2026-03-04T01:52:33Z,2026-03-04T01:52:33Z,NA,v3,5045,471223,5b1f43e35ca0421ba59ea357c474eb40,"Gray, Brady",830795,Right,ABI_WIL,87189e1e-9c58-4477-9bd8-dbdab3a44f50,55.01653,-129.12718,15.32877,6.80185,1.78819,-11.0955,1.6629,-2.47539,1.67556,NA,NA,NA,NA,NA,NA,NA,NA,NA,NA,NA,NA,NA,NA,NA,NA,NA,NA,NA,NA,NA,NA,NA,NA,NA,NA,NA,NA,NA,NA,NA,NA,NA,NA,NA,NA,NA,NA,NA,NA,NA,NA,NA,NA,NA,NA,NA,NA,NA,NA,High,High,High,NA,NA,NA,NA,NA,NA,NA,NA,NA,NA,NA,NA,NA,NA,NA,NA,NA,NA,NA,NA,NA,NA,NA,NA,NA,NA,NA,NA,NA,NA,NA,NA,NA,NA,NA,NA,NA,NA,NA,NA,NA,NA,NA,NA,NA,NA,NA,NA,NA,NA,NA,NA,NA,NA,NA,NA,NA
NA,NA,NA,NA,NA,NA,NA,NA,NA,NA,NA,NA,NA,NA,NA,NA,194,2026-03-03,19:52:53,6,3,"Patterson, Will",836230,Left,ABI_WIL,"Traeger, Nolan",807253,Left,TCU_HFG,Undefined,5,Bottom,2,1,1,Curveball,Curveball,BallCalled,Undefined,Undefined,Undefined,0,0,NA,74.60653,2.237496,0.76702,2169.434701,305.214223,04:15:00,6.72979,-1.76739,4.62637,-61.20413,-7.2789,13.22221,3.75775,0.06366,67.0991,-8.795734,3.086937,0.528527,NA,NA,NA,NA,NA,NA,NA,NA,NA,NA,NA,-6.1476,-3.69051,1.67572,50,6.90364,-1.99775,-107.86188,1.99099,-7.06648,23.0074,-36.41621,TCU_HFG,ABI_WIL,TCU,D1,BIG12,20260303-TCU-2,dc604700-176c-11f1-89da-3b5d2295cb78,71.31598,NA,NA,7.50743,NA,NA,NA,NA,NA,NA,5cabaece-df46-4300-b3c7-55df33123daa,2026-03-04,01:52:53,2026-03-04T01:52:53Z,2026-03-04T01:52:53Z,NA,v3,5045,471223,5b1f43e35ca0421ba59ea357c474eb40,"Gray, Brady",830795,Right,ABI_WIL,a435ca71-cad9-449f-80ec-1c8d1882d67f,55.87463,-109.10777,11.5037,6.74243,3.96299,-18.20811,1.77354,-1.61508,-3.53324,NA,NA,NA,NA,NA,NA,NA,NA,NA,NA,NA,NA,NA,NA,NA,NA,NA,NA,NA,NA,NA,NA,NA,NA,NA,NA,NA,NA,NA,NA,NA,NA,NA,NA,NA,NA,NA,NA,NA,NA,NA,NA,NA,NA,NA,NA,NA,NA,NA,NA,High,High,High,NA,NA,NA,NA,NA,NA,NA,NA,NA,NA,NA,NA,NA,NA,NA,NA,NA,NA,NA,NA,NA,NA,NA,NA,NA,NA,NA,NA,NA,NA,NA,NA,NA,NA,NA,NA,NA,NA,NA,NA,NA,NA,NA,NA,NA,NA,NA,NA,NA,NA,NA,NA,NA,NA,NA,NA,NA
NA,NA,NA,NA,NA,NA,NA,NA,NA,NA,NA,NA,NA,NA,NA,NA,195,2026-03-03,19:53:28,6,4,"Patterson, Will",836230,Left,ABI_WIL,"Traeger, Nolan",807253,Left,TCU_HFG,Undefined,5,Bottom,2,2,1,Fastball,Cutter,BallCalled,Undefined,Undefined,Undefined,0,0,NA,86.77039,-0.227602,0.880866,2329.000767,185.528391,12:15:00,6.67819,-1.84489,5.20566,-24.32257,14.27481,1.24748,4.43721,-0.9124,78.2175,-4.766643,1.101898,0.447147,NA,NA,NA,NA,NA,NA,NA,NA,NA,NA,NA,-0.33807,7.58591,1.76237,50,6.63938,-1.9897,-125.69214,-1.34015,-0.53344,28.71319,-20.20358,TCU_HFG,ABI_WIL,TCU,D1,BIG12,20260303-TCU-2,f0c9cd60-176c-11f1-89da-3b5d2295cb78,84.29539,NA,NA,8.55289,NA,NA,NA,NA,NA,NA,5cabaece-df46-4300-b3c7-55df33123daa,2026-03-04,01:53:28,2026-03-04T01:53:28Z,2026-03-04T01:53:28Z,NA,v3,5045,471223,5b1f43e35ca0421ba59ea357c474eb40,"Gray, Brady",830795,Right,ABI_WIL,a7aaff7c-b846-4288-ab75-cf6ca716f17b,55.29199,-126.89529,14.35659,6.6778,-0.49357,-10.10179,1.84527,-1.96735,-0.26672,NA,NA,NA,NA,NA,NA,NA,NA,NA,NA,NA,NA,NA,NA,NA,NA,NA,NA,NA,NA,NA,NA,NA,NA,NA,NA,NA,NA,NA,NA,NA,NA,NA,NA,NA,NA,NA,NA,NA,NA,NA,NA,NA,NA,NA,NA,NA,NA,NA,NA,High,High,High,NA,NA,NA,NA,NA,NA,NA,NA,NA,NA,NA,NA,NA,NA,NA,NA,NA,NA,NA,NA,NA,NA,NA,NA,NA,NA,NA,NA,NA,NA,NA,NA,NA,NA,NA,NA,NA,NA,NA,NA,NA,NA,NA,NA,NA,NA,NA,NA,NA,NA,NA,NA,NA,NA,NA,NA,NA
NA,NA,NA,NA,NA,NA,NA,NA,NA,NA,NA,NA,NA,NA,NA,NA,196,2026-03-03,19:53:50,6,5,"Patterson, Will",836230,Left,ABI_WIL,"Traeger, Nolan",807253,Left,TCU_HFG,Undefined,5,Bottom,2,3,1,Fastball,Four-Seam,BallCalled,Walk,Undefined,Undefined,0,1,NA,86.14367,-0.871858,1.546007,2286.597358,179.888137,12:00:00,6.76712,-1.56559,5.29189,-23.25926,15.72009,-0.02799,4.0098,-0.11585,77.85973,-5.221609,1.541041,0.449354,NA,NA,NA,NA,NA,NA,NA,NA,NA,NA,NA,0.49524,8.52953,1.42478,50,6.67123,-3.36662,-124.78523,-2.6753,0.7719,27.79706,-18.87921,TCU_HFG,ABI_WIL,TCU,D1,BIG12,20260303-TCU-2,fdd11180-176c-11f1-89da-3b5d2295cb78,83.88136,NA,NA,8.28394,NA,NA,NA,NA,NA,NA,5cabaece-df46-4300-b3c7-55df33123daa,2026-03-04,01:53:50,2026-03-04T01:53:50Z,2026-03-04T01:53:50Z,NA,v3,5045,471223,5b1f43e35ca0421ba59ea357c474eb40,"Gray, Brady",830795,Right,ABI_WIL,b1e1859f-e61f-49a6-abbf-ae3ea29af65c,55.20589,-125.93955,13.89853,6.76605,-1.89131,-9.4396,1.56525,-3.39868,0.38595,NA,NA,NA,NA,NA,NA,NA,NA,NA,NA,NA,NA,NA,NA,NA,NA,NA,NA,NA,NA,NA,NA,NA,NA,NA,NA,NA,NA,NA,NA,NA,NA,NA,NA,NA,NA,NA,NA,NA,NA,NA,NA,NA,NA,NA,NA,NA,NA,NA,NA,High,High,High,NA,NA,NA,NA,NA,NA,NA,NA,NA,NA,NA,NA,NA,NA,NA,NA,NA,NA,NA,NA,NA,NA,NA,NA,NA,NA,NA,NA,NA,NA,NA,NA,NA,NA,NA,NA,NA,NA,NA,NA,NA,NA,NA,NA,NA,NA,NA,NA,NA,NA,NA,NA,NA,NA,NA,NA,NA
NA,NA,NA,NA,NA,NA,NA,NA,NA,NA,NA,NA,NA,NA,NA,NA,197,2026-03-03,19:54:26,7,1,"Patterson, Will",836230,Left,ABI_WIL,"Gargett, Kyuss",812291,Right,TCU_HFG,Undefined,5,Bottom,2,0,0,Fastball,Cutter,BallCalled,Undefined,Undefined,Undefined,0,0,NA,86.7083,-0.519319,1.179916,2270.051766,161.046172,11:15:00,6.69287,-1.70936,5.31238,-28.95313,9.73378,-2.84606,3.79253,-0.83884,77.92051,-5.891636,0.674444,0.447665,NA,NA,NA,NA,NA,NA,NA,NA,NA,NA,NA,1.80496,5.47284,1.60441,50,6.62532,-2.45619,-125.54747,-2.17144,2.82723,29.82919,-23.6015,TCU_HFG,ABI_WIL,TCU,D1,BIG12,20260303-TCU-2,13488570-176d-11f1-89da-3b5d2295cb78,84.19782,NA,NA,8.78779,NA,NA,NA,NA,NA,NA,5cabaece-df46-4300-b3c7-55df33123daa,2026-03-04,01:54:26,2026-03-04T01:54:26Z,2026-03-04T01:54:26Z,NA,v3,5045,471223,5b1f43e35ca0421ba59ea357c474eb40,"Gray, Brady",830795,Right,ABI_WIL,154a9af8-36c2-4194-b1b3-740e21817888,55.18473,-126.77334,14.91459,6.69463,-1.2015,-11.80075,1.70773,-2.57238,1.41362,NA,NA,NA,NA,NA,NA,NA,NA,NA,NA,NA,NA,NA,NA,NA,NA,NA,NA,NA,NA,NA,NA,NA,NA,NA,NA,NA,NA,NA,NA,NA,NA,NA,NA,NA,NA,NA,NA,NA,NA,NA,NA,NA,NA,NA,NA,NA,NA,NA,NA,High,High,High,NA,NA,NA,NA,NA,NA,NA,NA,NA,NA,NA,NA,NA,NA,NA,NA,NA,NA,NA,NA,NA,NA,NA,NA,NA,NA,NA,NA,NA,NA,NA,NA,NA,NA,NA,NA,NA,NA,NA,NA,NA,NA,NA,NA,NA,NA,NA,NA,NA,NA,NA,NA,NA,NA,NA,NA,NA
NA,NA,NA,NA,NA,NA,NA,NA,NA,NA,NA,NA,NA,NA,NA,NA,198,2026-03-03,19:54:46,7,2,"Patterson, Will",836230,Left,ABI_WIL,"Gargett, Kyuss",812291,Right,TCU_HFG,Undefined,5,Bottom,2,1,0,Fastball,Four-Seam,BallCalled,Undefined,Undefined,Undefined,0,0,NA,87.09894,-0.704792,2.382314,2200.150052,179.803903,12:00:00,6.68249,-1.7279,5.22547,-22.6245,15.77174,-0.04917,4.1338800000000004,0.50907,78.41356,-4.941665,2.37361,0.44598,NA,NA,NA,NA,NA,NA,NA,NA,NA,NA,NA,0.78996,8.48587,1.50809,50,6.60112,-5.24128,-126.03718,-2.31471,1.25183,29.16446,-18.72664,TCU_HFG,ABI_WIL,TCU,D1,BIG12,20260303-TCU-2,1f31fd80-176d-11f1-89da-3b5d2295cb78,84.51591,NA,NA,8.68537,NA,NA,NA,NA,NA,NA,5cabaece-df46-4300-b3c7-55df33123daa,2026-03-04,01:54:46,2026-03-04T01:54:46Z,2026-03-04T01:54:46Z,NA,v3,5045,471223,5b1f43e35ca0421ba59ea357c474eb40,"Gray, Brady",830795,Right,ABI_WIL,a258988d-4661-4d6e-bd4a-91772239ab14,55.27121,-127.25107,14.58223,6.68125,-1.53527,-9.36332,1.72732,-5.29338,0.62592,NA,NA,NA,NA,NA,NA,NA,NA,NA,NA,NA,NA,NA,NA,NA,NA,NA,NA,NA,NA,NA,NA,NA,NA,NA,NA,NA,NA,NA,NA,NA,NA,NA,NA,NA,NA,NA,NA,NA,NA,NA,NA,NA,NA,NA,NA,NA,NA,NA,NA,High,High,High,NA,NA,NA,NA,NA,NA,NA,NA,NA,NA,NA,NA,NA,NA,NA,NA,NA,NA,NA,NA,NA,NA,NA,NA,NA,NA,NA,NA,NA,NA,NA,NA,NA,NA,NA,NA,NA,NA,NA,NA,NA,NA,NA,NA,NA,NA,NA,NA,NA,NA,NA,NA,NA,NA,NA,NA,NA
NA,NA,NA,NA,NA,NA,NA,NA,NA,NA,NA,NA,NA,NA,NA,NA,199,2026-03-03,19:55:11,7,3,"Patterson, Will",836230,Left,ABI_WIL,"Gargett, Kyuss",812291,Right,TCU_HFG,Undefined,5,Bottom,2,2,0,Fastball,Four-Seam,StrikeCalled,Undefined,Undefined,Undefined,0,0,NA,88.21752,-1.309849,2.07124,2370.408021,157.745367,11:15:00,6.71796,-1.64162,5.40773,-20.76501,16.62135,-6.21075,3.75921,-0.2176,78.95401,-5.237731,0.967341,0.440076,NA,NA,NA,NA,NA,NA,NA,NA,NA,NA,NA,3.79126,9.18182,1.46146,50,6.58728,-4.3287,-127.62044,-3.58766,6.12035,31.44521,-17.35157,TCU_HFG,ABI_WIL,TCU,D1,BIG12,20260303-TCU-2,2e104b90-176d-11f1-89da-3b5d2295cb78,85.64981,NA,NA,9.26352,NA,NA,NA,NA,NA,NA,5cabaece-df46-4300-b3c7-55df33123daa,2026-03-04,01:55:11,2026-03-04T01:55:11Z,2026-03-04T01:55:11Z,NA,v3,5045,471223,5b1f43e35ca0421ba59ea357c474eb40,"Gray, Brady",830795,Right,ABI_WIL,96457b63-4c74-4339-aeff-ba08a364c946,55.0884,-128.8681,15.72261,6.71597,-2.89919,-8.67579,1.63803,-4.57154,3.06018,NA,NA,NA,NA,NA,NA,NA,NA,NA,NA,NA,NA,NA,NA,NA,NA,NA,NA,NA,NA,NA,NA,NA,NA,NA,NA,NA,NA,NA,NA,NA,NA,NA,NA,NA,NA,NA,NA,NA,NA,NA,NA,NA,NA,NA,NA,NA,NA,NA,NA,High,High,High,NA,NA,NA,NA,NA,NA,NA,NA,NA,NA,NA,NA,NA,NA,NA,NA,NA,NA,NA,NA,NA,NA,NA,NA,NA,NA,NA,NA,NA,NA,NA,NA,NA,NA,NA,NA,NA,NA,NA,NA,NA,NA,NA,NA,NA,NA,NA,NA,NA,NA,NA,NA,NA,NA,NA,NA,NA
NA,NA,NA,NA,NA,NA,NA,NA,NA,NA,NA,NA,NA,NA,NA,NA,200,2026-03-03,19:55:33,7,4,"Patterson, Will",836230,Left,ABI_WIL,"Gargett, Kyuss",812291,Right,TCU_HFG,Undefined,5,Bottom,2,2,1,Fastball,Four-Seam,FoulBallNotFieldable,Undefined,Undefined,Undefined,0,0,NA,87.53345,-1.747512,2.953438,2352.647967,151.371735,11:00:00,6.71581,-1.70433,5.296,-26.70013,11.55579,-5.49185,2.8473,0.61357,78.39452,-6.71166,1.979865,0.445165,NA,NA,NA,NA,NA,NA,NA,NA,NA,NA,NA,3.78071,6.80831,1.43954,50,6.53763,-6.28034,-126.51599,-4.80497,5.98298,31.49718,-21.3999,TCU_HFG,ABI_WIL,TCU,D1,BIG12,20260303-TCU-2,3b625450-176d-11f1-89da-3b5d2295cb78,84.67077,NA,NA,9.13893,NA,NA,NA,NA,NA,NA,5cabaece-df46-4300-b3c7-55df33123daa,2026-03-04,01:55:33,2026-03-04T01:55:33Z,2026-03-04T01:55:33Z,NA,v3,5045,471223,5b1f43e35ca0421ba59ea357c474eb40,"Gray, Brady",830795,Right,ABI_WIL,bb17aa3f-75e6-4cf2-b344-d9a1c1a1d8c1,55.20264,-127.80466,15.74859,6.71631,-3.92941,-10.69995,1.7015,-6.52513,2.99149,NA,NA,NA,NA,NA,NA,NA,NA,NA,NA,NA,NA,NA,NA,NA,NA,NA,NA,NA,NA,NA,NA,NA,NA,NA,NA,NA,NA,NA,NA,NA,NA,NA,NA,NA,NA,NA,NA,NA,NA,NA,NA,NA,NA,NA,NA,NA,NA,NA,NA,High,High,High,NA,NA,NA,NA,NA,NA,NA,NA,NA,NA,NA,NA,NA,NA,NA,NA,NA,NA,NA,NA,NA,NA,NA,NA,NA,NA,NA,NA,NA,NA,NA,NA,NA,NA,NA,NA,NA,NA,NA,NA,NA,NA,NA,NA,NA,NA,NA,NA,NA,NA,NA,NA,NA,NA,NA,NA,NA
NA,NA,NA,NA,NA,NA,NA,NA,NA,NA,NA,NA,NA,NA,NA,NA,201,2026-03-03,19:56:20,7,5,"Patterson, Will",836230,Left,ABI_WIL,"Gargett, Kyuss",812291,Right,TCU_HFG,Undefined,5,Bottom,2,2,2,Curveball,Curveball,BallCalled,Undefined,Undefined,Undefined,0,0,NA,75.0057,-1.355134,1.293246,2149.417727,326.987107,05:00:00,6.62238,-1.64595,4.63725,-61.11362,-8.00989,6.46737,0.24104,0.12236,68.44269,-12.249754,2.433081,0.524486,NA,NA,NA,NA,NA,NA,NA,NA,NA,NA,NA,-2.75193,-3.00874,1.50702,50,6.42711,-2.71119,-108.5477,-4.76939,-3.21324,22.78364,-35.68716,TCU_HFG,ABI_WIL,TCU,D1,BIG12,20260303-TCU-2,57b57560-176d-11f1-89da-3b5d2295cb78,71.86547,NA,NA,6.56301,NA,NA,NA,NA,NA,NA,5cabaece-df46-4300-b3c7-55df33123daa,2026-03-04,01:56:20,2026-03-04T01:56:20Z,2026-03-04T01:56:20Z,NA,v3,5045,471223,5b1f43e35ca0421ba59ea357c474eb40,"Gray, Brady",830795,Right,ABI_WIL,de88490d-fb7a-4a73-bb02-9736ee028122,55.86607,-109.77206,11.39182,6.63188,-2.85162,-17.84358,1.64808,-2.53851,-1.60662,NA,NA,NA,NA,NA,NA,NA,NA,NA,NA,NA,NA,NA,NA,NA,NA,NA,NA,NA,NA,NA,NA,NA,NA,NA,NA,NA,NA,NA,NA,NA,NA,NA,NA,NA,NA,NA,NA,NA,NA,NA,NA,NA,NA,NA,NA,NA,NA,NA,NA,High,High,High,NA,NA,NA,NA,NA,NA,NA,NA,NA,NA,NA,NA,NA,NA,NA,NA,NA,NA,NA,NA,NA,NA,NA,NA,NA,NA,NA,NA,NA,NA,NA,NA,NA,NA,NA,NA,NA,NA,NA,NA,NA,NA,NA,NA,NA,NA,NA,NA,NA,NA,NA,NA,NA,NA,NA,NA,NA
NA,NA,NA,NA,NA,NA,NA,NA,NA,NA,NA,NA,NA,NA,NA,NA,202,2026-03-03,19:56:44,7,6,"Patterson, Will",836230,Left,ABI_WIL,"Gargett, Kyuss",812291,Right,TCU_HFG,Undefined,5,Bottom,2,3,2,Fastball,Sinker,BallCalled,Walk,Undefined,Undefined,0,1,NA,84.45176,0.077795,2.106693,2257.870609,147.811008,11:00:00,6.68335,-1.5696,5.34519,-29.42998,10.75304,-5.93441,4.30387,-0.08699,76.88495,-5.363282,1.053119,0.456239,NA,NA,NA,NA,NA,NA,NA,NA,NA,NA,NA,3.56937,5.77051,1.38395,50,6.66961,-4.2461,-122.44266,-0.85359,5.39753,25.05901,-23.44801,TCU_HFG,ABI_WIL,TCU,D1,BIG12,20260303-TCU-2,65928010-176d-11f1-89da-3b5d2295cb78,82.61548,NA,NA,7.5668,NA,NA,NA,NA,NA,NA,5cabaece-df46-4300-b3c7-55df33123daa,2026-03-04,01:56:44,2026-03-04T01:56:44Z,2026-03-04T01:56:44Z,NA,v3,5045,471223,5b1f43e35ca0421ba59ea357c474eb40,"Gray, Brady",830795,Right,ABI_WIL,aec60d0e-274e-421b-82db-67bcaab1af78,55.15451,-123.49308,12.5295,6.68478,0.1293,-11.72401,1.56668,-4.47235,2.69876,NA,NA,NA,NA,NA,NA,NA,NA,NA,NA,NA,NA,NA,NA,NA,NA,NA,NA,NA,NA,NA,NA,NA,NA,NA,NA,NA,NA,NA,NA,NA,NA,NA,NA,NA,NA,NA,NA,NA,NA,NA,NA,NA,NA,NA,NA,NA,NA,NA,NA,High,High,High,NA,NA,NA,NA,NA,NA,NA,NA,NA,NA,NA,NA,NA,NA,NA,NA,NA,NA,NA,NA,NA,NA,NA,NA,NA,NA,NA,NA,NA,NA,NA,NA,NA,NA,NA,NA,NA,NA,NA,NA,NA,NA,NA,NA,NA,NA,NA,NA,NA,NA,NA,NA,NA,NA,NA,NA,NA
NA,NA,NA,NA,NA,NA,NA,NA,NA,NA,NA,NA,NA,NA,NA,NA,203,2026-03-03,20:00:09,8,1,"Greanead, Caden",822831,Right,ABI_WIL,"Dallimore, Brady",834396,Right,TCU_HFG,Undefined,5,Bottom,2,0,0,Fastball,Four-Seam,BallCalled,Undefined,Undefined,Undefined,0,0,NA,89.78655,-0.836953,-1.617963,2351.738025,184.276251,12:15:00,6.75662,0.94007,6.01206,-17.01225,17.84162,1.24335,4.56318,-0.45567,81.18221,-4.101562,-1.394462,0.42491,NA,NA,NA,NA,NA,NA,NA,NA,NA,NA,NA,-1.13264,9.75725,-0.81366,50,6.68152,3.62499,-130.24204,-2.37636,-1.92496,30.05313,-15.59137,TCU_HFG,ABI_WIL,TCU,D1,BIG12,20260303-TCU-2,dfefb9e0-176d-11f1-89da-3b5d2295cb78,88.70688,NA,NA,8.60434,NA,NA,NA,NA,NA,NA,5cabaece-df46-4300-b3c7-55df33123daa,2026-03-04,02:00:09,2026-03-04T02:00:09Z,2026-03-04T02:00:09Z,NA,v3,5045,471223,5b1f43e35ca0421ba59ea357c474eb40,"Gray, Brady",830795,Right,ABI_WIL,00e27a51-0414-422c-a6af-db93ab076554,54.48617,-131.27314,15.02657,6.75387,-1.84143,-7.79569,-0.93916,3.69103,-0.96248,NA,NA,NA,NA,NA,NA,NA,NA,NA,NA,NA,NA,NA,NA,NA,NA,NA,NA,NA,NA,NA,NA,NA,NA,NA,NA,NA,NA,NA,NA,NA,NA,NA,NA,NA,NA,NA,NA,NA,NA,NA,NA,NA,NA,NA,NA,NA,NA,NA,NA,High,High,High,NA,NA,NA,NA,NA,NA,NA,NA,NA,NA,NA,NA,NA,NA,NA,NA,NA,NA,NA,NA,NA,NA,NA,NA,NA,NA,NA,NA,NA,NA,NA,NA,NA,NA,NA,NA,NA,NA,NA,NA,NA,NA,NA,NA,NA,NA,NA,NA,NA,NA,NA,NA,NA,NA,NA,NA,NA
NA,NA,NA,NA,NA,NA,NA,NA,NA,NA,NA,NA,NA,NA,NA,NA,204,2026-03-03,20:00:27,8,2,"Greanead, Caden",822831,Right,ABI_WIL,"Dallimore, Brady",834396,Right,TCU_HFG,Undefined,5,Bottom,2,1,0,Fastball,Four-Seam,BallCalled,Undefined,Undefined,Undefined,0,0,NA,89.92137,-1.039699,-2.284527,2351.827616,180.092864,12:00:00,6.81908,1.03431,5.60467,-20.24655,14.92418,0.02228,4.16037,-1.09769,81.71988,-4.843021,-2.280556,0.426837,NA,NA,NA,NA,NA,NA,NA,NA,NA,NA,NA,-0.68453,8.20528,-0.83864,50,6.71709,5.19966,-130.36313,-3.0326,-1.17119,28.87655,-18.13494,TCU_HFG,ABI_WIL,TCU,D1,BIG12,20260303-TCU-2,ea8c1880-176d-11f1-89da-3b5d2295cb78,88.30642,NA,NA,8.20149,NA,NA,NA,NA,NA,NA,5cabaece-df46-4300-b3c7-55df33123daa,2026-03-04,02:00:27,2026-03-04T02:00:27Z,2026-03-04T02:00:27Z,NA,v3,5045,471223,5b1f43e35ca0421ba59ea357c474eb40,"Gray, Brady",830795,Right,ABI_WIL,4e19ffda-f05e-4d3f-bba7-6971c3bbb3b8,54.89471,-131.44288,14.43828,6.8178,-2.3545,-9.06747,-1.03388,5.24345,-0.58559,NA,NA,NA,NA,NA,NA,NA,NA,NA,NA,NA,NA,NA,NA,NA,NA,NA,NA,NA,NA,NA,NA,NA,NA,NA,NA,NA,NA,NA,NA,NA,NA,NA,NA,NA,NA,NA,NA,NA,NA,NA,NA,NA,NA,NA,NA,NA,NA,NA,NA,High,High,High,NA,NA,NA,NA,NA,NA,NA,NA,NA,NA,NA,NA,NA,NA,NA,NA,NA,NA,NA,NA,NA,NA,NA,NA,NA,NA,NA,NA,NA,NA,NA,NA,NA,NA,NA,NA,NA,NA,NA,NA,NA,NA,NA,NA,NA,NA,NA,NA,NA,NA,NA,NA,NA,NA,NA,NA,NA
NA,NA,NA,NA,NA,NA,NA,NA,NA,NA,NA,NA,NA,NA,NA,NA,205,2026-03-03,20:00:45,8,3,"Greanead, Caden",822831,Right,ABI_WIL,"Dallimore, Brady",834396,Right,TCU_HFG,Undefined,5,Bottom,2,2,0,Fastball,Four-Seam,BallCalled,Undefined,Undefined,Undefined,0,0,NA,88.66242,-1.537736,-1.890895,2316.932018,182.156381,12:00:00,6.78095,1.06151,5.91754,-18.08351,17.77044,0.62236,3.84571,-0.64219,80.34759,-4.984958,-1.779238,0.430963,NA,NA,NA,NA,NA,NA,NA,NA,NA,NA,NA,-0.89287,9.91882,-0.91024,50,6.64733,4.2177,-128.56294,-3.97242,-1.48062,28.94683,-15.72612,TCU_HFG,ABI_WIL,TCU,D1,BIG12,20260303-TCU-2,f58eb300-176d-11f1-89da-3b5d2295cb78,87.46096,NA,NA,8.31483,NA,NA,NA,NA,NA,NA,5cabaece-df46-4300-b3c7-55df33123daa,2026-03-04,02:00:45,2026-03-04T02:00:45Z,2026-03-04T02:00:45Z,NA,v3,5045,471223,5b1f43e35ca0421ba59ea357c474eb40,"Gray, Brady",830795,Right,ABI_WIL,873d1bc3-9f8b-4ab7-9efe-597d46890cc4,54.58121,-129.59032,14.47342,6.77842,-3.41427,-7.86306,-1.06087,4.27025,-0.74031,NA,NA,NA,NA,NA,NA,NA,NA,NA,NA,NA,NA,NA,NA,NA,NA,NA,NA,NA,NA,NA,NA,NA,NA,NA,NA,NA,NA,NA,NA,NA,NA,NA,NA,NA,NA,NA,NA,NA,NA,NA,NA,NA,NA,NA,NA,NA,NA,NA,NA,High,High,High,NA,NA,NA,NA,NA,NA,NA,NA,NA,NA,NA,NA,NA,NA,NA,NA,NA,NA,NA,NA,NA,NA,NA,NA,NA,NA,NA,NA,NA,NA,NA,NA,NA,NA,NA,NA,NA,NA,NA,NA,NA,NA,NA,NA,NA,NA,NA,NA,NA,NA,NA,NA,NA,NA,NA,NA,NA
NA,NA,NA,NA,NA,NA,NA,NA,NA,NA,NA,NA,NA,NA,NA,NA,206,2026-03-03,20:01:04,8,4,"Greanead, Caden",822831,Right,ABI_WIL,"Dallimore, Brady",834396,Right,TCU_HFG,Undefined,5,Bottom,2,3,0,Fastball,Four-Seam,StrikeCalled,Undefined,Undefined,Undefined,0,0,NA,88.54821,-1.896186,-0.49598,2248.811466,184.461952,12:15:00,6.733,1.07464,5.95296,-18.40934,17.38678,1.26169,3.43952,0.71976,80.45898,-5.397169,-0.269226,0.430615,NA,NA,NA,NA,NA,NA,NA,NA,NA,NA,NA,-0.78925,9.82473,-1.03586,50,6.57177,1.05811,-128.47074,-4.78445,-1.31006,28.30897,-15.86609,TCU_HFG,ABI_WIL,TCU,D1,BIG12,20260303-TCU-2,00d02b40-176e-11f1-89da-3b5d2295cb78,87.53157,NA,NA,8.08923,NA,NA,NA,NA,NA,NA,5cabaece-df46-4300-b3c7-55df33123daa,2026-03-04,02:01:04,2026-03-04T02:01:04Z,2026-03-04T02:01:04Z,NA,v3,5045,471223,5b1f43e35ca0421ba59ea357c474eb40,"Gray, Brady",830795,Right,ABI_WIL,97f8d78b-a781-4e64-8fdd-79b5f7f0a4ae,54.54577,-129.46854,14.15448,6.73055,-4.22522,-7.93304,-1.07397,1.10428,-0.65503,NA,NA,NA,NA,NA,NA,NA,NA,NA,NA,NA,NA,NA,NA,NA,NA,NA,NA,NA,NA,NA,NA,NA,NA,NA,NA,NA,NA,NA,NA,NA,NA,NA,NA,NA,NA,NA,NA,NA,NA,NA,NA,NA,NA,NA,NA,NA,NA,NA,NA,High,High,High,NA,NA,NA,NA,NA,NA,NA,NA,NA,NA,NA,NA,NA,NA,NA,NA,NA,NA,NA,NA,NA,NA,NA,NA,NA,NA,NA,NA,NA,NA,NA,NA,NA,NA,NA,NA,NA,NA,NA,NA,NA,NA,NA,NA,NA,NA,NA,NA,NA,NA,NA,NA,NA,NA,NA,NA,NA
NA,NA,NA,NA,NA,NA,NA,NA,NA,NA,NA,NA,NA,NA,NA,NA,207,2026-03-03,20:01:21,8,5,"Greanead, Caden",822831,Right,ABI_WIL,"Dallimore, Brady",834396,Right,TCU_HFG,Undefined,5,Bottom,2,3,1,Fastball,Four-Seam,BallCalled,Walk,Undefined,Undefined,0,1,NA,90.21603,-2.310502,-2.541049,2197.089884,183.896964,12:15:00,6.74592,0.96986000000000006,5.6442,-18.20265,17.02316,1.07232,3.07036,-1.31279,81.40911,-5.760064,-2.349763,0.427171,NA,NA,NA,NA,NA,NA,NA,NA,NA,NA,NA,-1.34858,9.71788,-0.75459,50,6.53808,5.74573,-130.56777,-5.83638,-2.29572,31.05094,-15.63103,TCU_HFG,ABI_WIL,TCU,D1,BIG12,20260303-TCU-2,0ad775d0-176e-11f1-89da-3b5d2295cb78,88.23733,NA,NA,8.80692,NA,NA,NA,NA,NA,NA,5cabaece-df46-4300-b3c7-55df33123daa,2026-03-04,02:01:21,2026-03-04T02:01:21Z,2026-03-04T02:01:21Z,NA,v3,5045,471223,5b1f43e35ca0421ba59ea357c474eb40,"Gray, Brady",830795,Right,ABI_WIL,e87d4171-c162-4c24-b4f9-03139b6c4292,54.85357,-131.71697,15.52547,6.74338,-5.25788,-7.81552,-0.96882,5.83069,-1.14786,NA,NA,NA,NA,NA,NA,NA,NA,NA,NA,NA,NA,NA,NA,NA,NA,NA,NA,NA,NA,NA,NA,NA,NA,NA,NA,NA,NA,NA,NA,NA,NA,NA,NA,NA,NA,NA,NA,NA,NA,NA,NA,NA,NA,NA,NA,NA,NA,NA,NA,High,High,High,NA,NA,NA,NA,NA,NA,NA,NA,NA,NA,NA,NA,NA,NA,NA,NA,NA,NA,NA,NA,NA,NA,NA,NA,NA,NA,NA,NA,NA,NA,NA,NA,NA,NA,NA,NA,NA,NA,NA,NA,NA,NA,NA,NA,NA,NA,NA,NA,NA,NA,NA,NA,NA,NA,NA,NA,NA
NA,NA,NA,NA,NA,NA,NA,NA,NA,NA,NA,NA,NA,NA,NA,NA,208,2026-03-03,20:01:57,9,1,"Greanead, Caden",822831,Right,ABI_WIL,"Franco, Lucas",815618,Left,TCU_HFG,Undefined,5,Bottom,2,0,0,Fastball,Four-Seam,BallCalled,Undefined,Undefined,Undefined,0,0,NA,88.78826,-1.227568,-0.315717,2261.107688,186.712407,12:15:00,6.6698,1.2566,5.78789,-19.07005,16.88631,1.83858,3.93836,1.11608,80.28997,-4.851034,0.013685,0.431578,NA,NA,NA,NA,NA,NA,NA,NA,NA,NA,NA,-1.03095,9.34827,-1.23168,50,6.55733,0.62961,-128.78115,-3.33487,-1.71158,29.58975,-16.6539,TCU_HFG,ABI_WIL,TCU,D1,BIG12,20260303-TCU-2,204ee9c0-176e-11f1-89da-3b5d2295cb78,87.33632,NA,NA,8.49828,NA,NA,NA,NA,NA,NA,5cabaece-df46-4300-b3c7-55df33123daa,2026-03-04,02:01:57,2026-03-04T02:01:57Z,2026-03-04T02:01:57Z,NA,v3,5045,471223,5b1f43e35ca0421ba59ea357c474eb40,"Gray, Brady",830795,Right,ABI_WIL,3efc490b-9a94-4d62-8f88-8ff4a78f00a3,54.71098,-129.85907,14.79488,6.66776,-2.72819,-8.32695,-1.25575,0.69196,-0.85579,NA,NA,NA,NA,NA,NA,NA,NA,NA,NA,NA,NA,NA,NA,NA,NA,NA,NA,NA,NA,NA,NA,NA,NA,NA,NA,NA,NA,NA,NA,NA,NA,NA,NA,NA,NA,NA,NA,NA,NA,NA,NA,NA,NA,NA,NA,NA,NA,NA,NA,High,High,High,NA,NA,NA,NA,NA,NA,NA,NA,NA,NA,NA,NA,NA,NA,NA,NA,NA,NA,NA,NA,NA,NA,NA,NA,NA,NA,NA,NA,NA,NA,NA,NA,NA,NA,NA,NA,NA,NA,NA,NA,NA,NA,NA,NA,NA,NA,NA,NA,NA,NA,NA,NA,NA,NA,NA,NA,NA
NA,NA,NA,NA,NA,NA,NA,NA,NA,NA,NA,NA,NA,NA,NA,NA,209,2026-03-03,20:02:17,9,2,"Greanead, Caden",822831,Right,ABI_WIL,"Franco, Lucas",815618,Left,TCU_HFG,Undefined,5,Bottom,2,1,0,Slider,Slider,StrikeCalled,Undefined,Undefined,Undefined,0,0,NA,78.37202,0.869692,-1.873283,2043.873411,7.924142,06:15:00,6.74178,1.13618,4.79154,-49.16762,-0.72323,-0.35559,3.46923,-0.66948,70.52796,-8.04773,-1.935842,0.500948,NA,NA,NA,NA,NA,NA,NA,NA,NA,NA,NA,-0.46319,-0.06114,-0.94883,50,6.78637,3.72208,-113.32949,-0.09389,-0.58973,24.77069,-32.25191,TCU_HFG,ABI_WIL,TCU,D1,BIG12,20260303-TCU-2,2c30e7c0-176e-11f1-89da-3b5d2295cb78,75.24215,NA,NA,7.84406,NA,NA,NA,NA,NA,NA,5cabaece-df46-4300-b3c7-55df33123daa,2026-03-04,02:02:17,2026-03-04T02:02:17Z,2026-03-04T02:02:17Z,NA,v3,5045,471223,5b1f43e35ca0421ba59ea357c474eb40,"Gray, Brady",830795,Right,ABI_WIL,4863a024-960d-42e3-b4b4-b442330f9386,55.70665,-114.57002,12.38534,6.75062,1.5213,-16.12595,-1.13597,3.75161,-0.29487,NA,NA,NA,NA,NA,NA,NA,NA,NA,NA,NA,NA,NA,NA,NA,NA,NA,NA,NA,NA,NA,NA,NA,NA,NA,NA,NA,NA,NA,NA,NA,NA,NA,NA,NA,NA,NA,NA,NA,NA,NA,NA,NA,NA,NA,NA,NA,NA,NA,NA,High,High,High,NA,NA,NA,NA,NA,NA,NA,NA,NA,NA,NA,NA,NA,NA,NA,NA,NA,NA,NA,NA,NA,NA,NA,NA,NA,NA,NA,NA,NA,NA,NA,NA,NA,NA,NA,NA,NA,NA,NA,NA,NA,NA,NA,NA,NA,NA,NA,NA,NA,NA,NA,NA,NA,NA,NA,NA,NA
NA,NA,NA,NA,NA,NA,NA,NA,NA,NA,NA,NA,NA,NA,NA,NA,210,2026-03-03,20:02:33,9,3,"Greanead, Caden",822831,Right,ABI_WIL,"Franco, Lucas",815618,Left,TCU_HFG,Undefined,5,Bottom,2,1,1,Slider,Curveball,FoulBallNotFieldable,Undefined,Undefined,Undefined,0,0,NA,77.83388,-1.031073,-1.294838,1986.763673,9.868493,06:15:00,6.70644,1.14109,4.68878,-47.59983,1.55291,-0.04713,1.76039,-0.09255,70.52263,-9.616682,-1.30313,0.504598,NA,NA,NA,NA,NA,NA,NA,NA,NA,NA,NA,-0.40976,1.55866,-1.00946,50,6.55892,2.54762,-112.62426,-3.75819,-0.51615,24.13351,-30.21068,TCU_HFG,ABI_WIL,TCU,D1,BIG12,20260303-TCU-2,36008080-176e-11f1-89da-3b5d2295cb78,74.698,NA,NA,7.31124,NA,NA,NA,NA,NA,NA,5cabaece-df46-4300-b3c7-55df33123daa,2026-03-04,02:02:33,2026-03-04T02:02:33Z,2026-03-04T02:02:33Z,NA,v3,5045,471223,5b1f43e35ca0421ba59ea357c474eb40,"Gray, Brady",830795,Right,ABI_WIL,dc49d21c-c1ec-4408-8e00-8fd1e9a03ba0,55.81236,-113.86294,12.06676,6.71202,-2.20759,-15.10534,-1.1409,2.57411,-0.25808,NA,NA,NA,NA,NA,NA,NA,NA,NA,NA,NA,NA,NA,NA,NA,NA,NA,NA,NA,NA,NA,NA,NA,NA,NA,NA,NA,NA,NA,NA,NA,NA,NA,NA,NA,NA,NA,NA,NA,NA,NA,NA,NA,NA,NA,NA,NA,NA,NA,NA,High,High,High,NA,NA,NA,NA,NA,NA,NA,NA,NA,NA,NA,NA,NA,NA,NA,NA,NA,NA,NA,NA,NA,NA,NA,NA,NA,NA,NA,NA,NA,NA,NA,NA,NA,NA,NA,NA,NA,NA,NA,NA,NA,NA,NA,NA,NA,NA,NA,NA,NA,NA,NA,NA,NA,NA,NA,NA,NA
NA,NA,NA,NA,NA,NA,NA,NA,NA,NA,NA,NA,NA,NA,NA,NA,211,2026-03-03,20:02:57,9,4,"Greanead, Caden",822831,Right,ABI_WIL,"Franco, Lucas",815618,Left,TCU_HFG,Undefined,5,Bottom,2,1,2,Slider,Curveball,BallCalled,Undefined,Undefined,Undefined,0,0,NA,76.56167,0.525017,0.14102,2027.436054,62.068502,08:00:00,6.70627,1.08273,4.74404,-49.98865,0.25205,-2.79166,3.03858,0.98386,69.72733,-8.503912,-0.350311,0.510151,NA,NA,NA,NA,NA,NA,NA,NA,NA,NA,NA,1.40772,0.49705,-1.09432,50,6.71513,-0.15595,-110.92552,-0.7903,1.73627,21.71088,-31.56099,TCU_HFG,ABI_WIL,TCU,D1,BIG12,20260303-TCU-2,44379210-176e-11f1-89da-3b5d2295cb78,73.8848,NA,NA,6.83434,NA,NA,NA,NA,NA,NA,5cabaece-df46-4300-b3c7-55df33123daa,2026-03-04,02:02:57,2026-03-04T02:02:57Z,2026-03-04T02:02:57Z,NA,v3,5045,471223,5b1f43e35ca0421ba59ea357c474eb40,"Gray, Brady",830795,Right,ABI_WIL,67fed478-8f3d-4a0e-9e24-7820069a2ad7,55.75649,-112.04654,10.85544,6.71387,0.83933,-15.7805,-1.08395,-0.2456,0.86814,NA,NA,NA,NA,NA,NA,NA,NA,NA,NA,NA,NA,NA,NA,NA,NA,NA,NA,NA,NA,NA,NA,NA,NA,NA,NA,NA,NA,NA,NA,NA,NA,NA,NA,NA,NA,NA,NA,NA,NA,NA,NA,NA,NA,NA,NA,NA,NA,NA,NA,High,High,High,NA,NA,NA,NA,NA,NA,NA,NA,NA,NA,NA,NA,NA,NA,NA,NA,NA,NA,NA,NA,NA,NA,NA,NA,NA,NA,NA,NA,NA,NA,NA,NA,NA,NA,NA,NA,NA,NA,NA,NA,NA,NA,NA,NA,NA,NA,NA,NA,NA,NA,NA,NA,NA,NA,NA,NA,NA
NA,NA,NA,NA,NA,NA,NA,NA,NA,NA,NA,NA,NA,NA,NA,NA,212,2026-03-03,20:03:17,9,5,"Greanead, Caden",822831,Right,ABI_WIL,"Franco, Lucas",815618,Left,TCU_HFG,Undefined,5,Bottom,2,2,2,Slider,Curveball,FoulBallNotFieldable,Undefined,Undefined,Undefined,0,0,NA,78.00275,0.961512,0.001902,2014.073476,6.874363,06:15:00,6.70537,1.04277,4.80312,-51.67274,-3.55402,-0.62083,3.31047,0.99284,71.25577,-8.357115,-0.107479,0.499262,74.44297,57.527756,-81.508069,5377.648378,NA,NA,NA,NA,50.83818,NA,NA,0.3076,-1.62433,-1.04239,50,6.75597,0.02202,-113.10038,0.00405,0.3956,21.99641,-34.26309,TCU_HFG,ABI_WIL,TCU,D1,BIG12,20260303-TCU-2,4fd2ea20-176e-11f1-89da-3b5d2295cb78,75.49631,67.1282,NA,6.74698,NA,NA,NA,1.99519,3.3949,-0.99392,5cabaece-df46-4300-b3c7-55df33123daa,2026-03-04,02:03:17,2026-03-04T02:03:17Z,2026-03-04T02:03:17Z,NA,v3,5045,471223,5b1f43e35ca0421ba59ea357c474eb40,"Gray, Brady",830795,Right,ABI_WIL,b736a79d-e9ee-4c14-8de5-ef6f59829007,55.70013,-114.2036,10.99821,6.71267,1.72249,-17.13155,-1.04299,0.00218,0.1978,NA,1.99518,8.65769,-6.86598,2.17082,-1.39463,1.64476,-0.97065,0.03931,0.11802,3.3949,92.11253,-26.67826,3.17069,-0.79999,0.29979,-0.03093,-0.10854,0.053900000000000003,-0.99392,-57.97615,3.92273,-0.35895,-0.30899,0.60425,-0.43919,0.09298,0.01855,NA,NA,NA,NA,NA,NA,NA,NA,NA,NA,NA,NA,NA,NA,NA,NA,NA,NA,NA,NA,NA,NA,High,High,High,Medium,Undefined,NA,NA,NA,NA,NA,NA,NA,NA,NA,NA,NA,NA,NA,NA,NA,NA,NA,NA,NA,NA,NA,NA,NA,NA,NA,NA,NA,NA,NA,NA,NA,NA,NA,NA,NA,NA,NA,NA,NA,NA,NA,NA,NA,NA,NA,NA,NA,NA,NA,NA,NA,NA,NA,NA,NA
NA,NA,NA,NA,NA,NA,NA,NA,NA,NA,NA,NA,NA,NA,NA,NA,213,2026-03-03,20:03:40,9,6,"Greanead, Caden",822831,Right,ABI_WIL,"Franco, Lucas",815618,Left,TCU_HFG,Undefined,5,Bottom,2,2,2,Slider,Curveball,BallCalled,Undefined,Undefined,Undefined,0,0,NA,77.52787,-1.474169,-0.519989,1971.865162,335.208904,05:15:00,6.73492,1.08601,4.467,-49.62554,0.10421,0.77213,1.1936,0.65457,70.67562,-10.352212,-0.38454,0.507551,NA,NA,NA,NA,NA,NA,NA,NA,NA,NA,NA,-0.54461,0.97386,-1.03196,50,6.53149,0.98553,-112.20758,-4.7462,-0.68425,23.05125,-30.95048,TCU_HFG,ABI_WIL,TCU,D1,BIG12,20260303-TCU-2,5d9ce200-176e-11f1-89da-3b5d2295cb78,74.26335,NA,NA,6.85225,NA,NA,NA,NA,NA,NA,5cabaece-df46-4300-b3c7-55df33123daa,2026-03-04,02:03:40,2026-03-04T02:03:40Z,2026-03-04T02:03:40Z,NA,v3,5045,471223,5b1f43e35ca0421ba59ea357c474eb40,"Gray, Brady",830795,Right,ABI_WIL,c79257b5-0243-46c2-bbd3-cc2352a11e06,56.03472,-113.44054,11.52562,6.74108,-3.09073,-15.47524,-1.08566,1.02214,-0.34213,NA,NA,NA,NA,NA,NA,NA,NA,NA,NA,NA,NA,NA,NA,NA,NA,NA,NA,NA,NA,NA,NA,NA,NA,NA,NA,NA,NA,NA,NA,NA,NA,NA,NA,NA,NA,NA,NA,NA,NA,NA,NA,NA,NA,NA,NA,NA,NA,NA,NA,High,High,High,NA,NA,NA,NA,NA,NA,NA,NA,NA,NA,NA,NA,NA,NA,NA,NA,NA,NA,NA,NA,NA,NA,NA,NA,NA,NA,NA,NA,NA,NA,NA,NA,NA,NA,NA,NA,NA,NA,NA,NA,NA,NA,NA,NA,NA,NA,NA,NA,NA,NA,NA,NA,NA,NA,NA,NA,NA
NA,NA,NA,NA,NA,NA,NA,NA,NA,NA,NA,NA,NA,NA,NA,NA,214,2026-03-03,20:04:04,9,7,"Greanead, Caden",822831,Right,ABI_WIL,"Franco, Lucas",815618,Left,TCU_HFG,Undefined,5,Bottom,2,3,2,Slider,Curveball,InPlay,Undefined,FlyBall,Out,1,0,NA,76.4446,0.721706,-0.464794,1993.832868,355.77764,05:45:00,6.71522,1.10634,4.63814,-53.19259,-1.49161,0.26689,2.96849,0.68682,68.2185,-8.917414,-0.417899,0.517512,99.06484,42.698735,12.964024,4299.573113,107.40911,105.03721,23.73346,295.17975,138.22245,13.036228,6.23307,-0.30504,-0.46095,-1.05897,50,6.74081,0.88486,-110.4603,-0.53596,-0.36459,25.65206,-32.72497,TCU_HFG,ABI_WIL,TCU,D1,BIG12,20260303-TCU-2,6bcffbf0-176e-11f1-89da-3b5d2295cb78,72.83389,140.29379,NA,8.22611,NA,NA,NA,2.34537,3.28893,-0.71006,5cabaece-df46-4300-b3c7-55df33123daa,2026-03-04,02:04:04,2026-03-04T02:04:04Z,2026-03-04T02:04:04Z,FlyBall,v3,5045,471223,5b1f43e35ca0421ba59ea357c474eb40,"Gray, Brady",830795,Right,ABI_WIL,6351467f-a089-48a1-9a9e-54eba44d3714,55.86095,-111.8131,12.82603,6.72356,1.18983,-16.36249,-1.10614,0.90408,-0.1823,NA,2.35563,103.88113,-29.37377,7.73925,-1.39484,0.15718,-0.00887,1.1e-4,1e-5,3.28458,98.5922,-19.46394,0.16431,0.42885,-0.17001,0.03539,-0.00382,1.6e-4,-0.70773,23.91492,-6.55325,1.703,-0.30147,0.03283,-0.00169,1e-5,0,NA,NA,NA,NA,NA,NA,NA,NA,NA,NA,NA,NA,NA,NA,NA,NA,NA,NA,NA,NA,NA,NA,High,High,High,High,Low,NA,NA,NA,NA,NA,NA,NA,NA,NA,NA,NA,NA,NA,NA,NA,NA,NA,NA,NA,NA,NA,NA,NA,NA,NA,NA,NA,NA,NA,NA,NA,NA,NA,NA,NA,NA,NA,NA,NA,NA,NA,NA,NA,NA,NA,NA,NA,NA,NA,NA,NA,NA,NA,NA,NA
NA,NA,NA,NA,NA,NA,NA,NA,NA,NA,NA,NA,NA,NA,NA,NA,215,2026-03-03,20:06:51,1,1,"Sagouspe, Tanner",701693,Right,TCU_HFG,"Regala, Braden",815691,Left,ABI_WIL,Undefined,6,Top,0,0,0,Fastball,Four-Seam,FoulBallNotFieldable,Undefined,Undefined,Undefined,0,0,NA,94.02385,-3.38107,-0.781134,2454.951054,196.318945,12:30:00,6.35287,0.30879,5.60755,-10.90843,21.74119,5.99721,2.28364,0.07932,84.28794,-5.528514,0.289348,0.411254,NA,NA,NA,NA,NA,NA,NA,NA,NA,NA,NA,-3.27595,12.45824,-0.24584,50,6.05653,1.5687,-136.00158,-8.29575,-6.01545,35.28032,-9.29776,TCU_HFG,ABI_WIL,TCU,D1,BIG12,20260303-TCU-2,cf61ca90-176e-11f1-89da-3b5d2295cb78,91.6524,NA,NA,9.7359000000000009,NA,NA,NA,NA,NA,NA,5cabaece-df46-4300-b3c7-55df33123daa,2026-03-04,02:06:51,2026-03-04T02:06:51Z,2026-03-04T02:06:51Z,NA,v3,5045,471223,5b1f43e35ca0421ba59ea357c474eb40,"Dallimore, Brady",834396,Right,TCU_HFG,846fd554-2c35-4c61-bcad-a029519a993b,54.89018,-137.26428,17.64016,6.34748,-7.96298,-4.64888,-0.30584,1.784,-3.00772,NA,NA,NA,NA,NA,NA,NA,NA,NA,NA,NA,NA,NA,NA,NA,NA,NA,NA,NA,NA,NA,NA,NA,NA,NA,NA,NA,NA,NA,NA,NA,NA,NA,NA,NA,NA,NA,NA,NA,NA,NA,NA,NA,NA,NA,NA,NA,NA,NA,NA,High,High,High,NA,NA,NA,NA,NA,NA,NA,NA,NA,NA,NA,NA,NA,NA,NA,NA,NA,NA,NA,NA,NA,NA,NA,NA,NA,NA,NA,NA,NA,NA,NA,NA,NA,NA,NA,NA,NA,NA,NA,NA,NA,NA,NA,NA,NA,NA,NA,NA,NA,NA,NA,NA,NA,NA,NA,NA,NA
NA,NA,NA,NA,NA,NA,NA,NA,NA,NA,NA,NA,NA,NA,NA,NA,216,2026-03-03,20:07:15,1,2,"Sagouspe, Tanner",701693,Right,TCU_HFG,"Regala, Braden",815691,Left,ABI_WIL,Undefined,6,Top,0,0,1,Fastball,Four-Seam,BallCalled,Undefined,Undefined,Undefined,0,0,NA,93.09512,-0.194764,-0.270175,2340.121896,178.136615,12:00:00,6.38968,0.38103,5.51737,-15.4167,17.35469,-0.53,4.92283,0.08423,84.66258,-3.125149,-0.364626,0.41202,NA,NA,NA,NA,NA,NA,NA,NA,NA,NA,NA,0.1885,9.11087,-0.35713,50,6.3626,0.66209,-135.11153,-0.94865,0.34752,30.19441,-15.37877,TCU_HFG,ABI_WIL,TCU,D1,BIG12,20260303-TCU-2,dd9f44c0-176e-11f1-89da-3b5d2295cb78,91.48196,NA,NA,8.43254,NA,NA,NA,NA,NA,NA,5cabaece-df46-4300-b3c7-55df33123daa,2026-03-04,02:07:15,2026-03-04T02:07:15Z,2026-03-04T02:07:15Z,NA,v3,5045,471223,5b1f43e35ca0421ba59ea357c474eb40,"Dallimore, Brady",834396,Right,TCU_HFG,799cedeb-ba4a-4c57-a567-cff87f252c02,54.9822,-136.22039,15.09721,6.38706,-0.38388,-7.68938,-0.38121,0.64933,0.17376,NA,NA,NA,NA,NA,NA,NA,NA,NA,NA,NA,NA,NA,NA,NA,NA,NA,NA,NA,NA,NA,NA,NA,NA,NA,NA,NA,NA,NA,NA,NA,NA,NA,NA,NA,NA,NA,NA,NA,NA,NA,NA,NA,NA,NA,NA,NA,NA,NA,NA,High,High,High,NA,NA,NA,NA,NA,NA,NA,NA,NA,NA,NA,NA,NA,NA,NA,NA,NA,NA,NA,NA,NA,NA,NA,NA,NA,NA,NA,NA,NA,NA,NA,NA,NA,NA,NA,NA,NA,NA,NA,NA,NA,NA,NA,NA,NA,NA,NA,NA,NA,NA,NA,NA,NA,NA,NA,NA,NA
NA,NA,NA,NA,NA,NA,NA,NA,NA,NA,NA,NA,NA,NA,NA,NA,217,2026-03-03,20:07:33,1,3,"Sagouspe, Tanner",701693,Right,TCU_HFG,"Regala, Braden",815691,Left,ABI_WIL,Undefined,6,Top,0,1,1,Fastball,Four-Seam,BallCalled,Undefined,Undefined,Undefined,0,0,NA,93.88803,-4.069477,-0.857001,2396.979327,204.681968,12:45:00,6.25795,0.42985,5.55565,-12.78253,19.35351,8.42563,1.38335,0.33114,86.11479,-6.494888,0.645843,0.408007,NA,NA,NA,NA,NA,NA,NA,NA,NA,NA,NA,-4.51607,11.21957,-0.36156,50,5.89731,1.65206,-136.0547,-10.07284,-8.4895,29.04091,-11.08298,TCU_HFG,ABI_WIL,TCU,D1,BIG12,20260303-TCU-2,e8d412d0-176e-11f1-89da-3b5d2295cb78,92.38183,NA,NA,7.77324,NA,NA,NA,NA,NA,NA,5cabaece-df46-4300-b3c7-55df33123daa,2026-03-04,02:07:33,2026-03-04T02:07:33Z,2026-03-04T02:07:33Z,NA,v3,5045,471223,5b1f43e35ca0421ba59ea357c474eb40,"Dallimore, Brady",834396,Right,TCU_HFG,9140524c-6d81-4396-842d-3d4e9c0d6aa9,54.94727,-137.10663,14.52045,6.25491,-9.67139,-5.54149,-0.42697,1.95957,-4.24475,NA,NA,NA,NA,NA,NA,NA,NA,NA,NA,NA,NA,NA,NA,NA,NA,NA,NA,NA,NA,NA,NA,NA,NA,NA,NA,NA,NA,NA,NA,NA,NA,NA,NA,NA,NA,NA,NA,NA,NA,NA,NA,NA,NA,NA,NA,NA,NA,NA,NA,High,High,High,NA,NA,NA,NA,NA,NA,NA,NA,NA,NA,NA,NA,NA,NA,NA,NA,NA,NA,NA,NA,NA,NA,NA,NA,NA,NA,NA,NA,NA,NA,NA,NA,NA,NA,NA,NA,NA,NA,NA,NA,NA,NA,NA,NA,NA,NA,NA,NA,NA,NA,NA,NA,NA,NA,NA,NA,NA
NA,NA,NA,NA,NA,NA,NA,NA,NA,NA,NA,NA,NA,NA,NA,NA,218,2026-03-03,20:07:51,1,4,"Sagouspe, Tanner",701693,Right,TCU_HFG,"Regala, Braden",815691,Left,ABI_WIL,Undefined,6,Top,0,2,1,Fastball,Four-Seam,InPlay,Undefined,GroundBall,Out,1,0,NA,94.37717,-3.643345,-1.479336,2459.6062230000002,189.713128,12:15:00,6.18607,0.29113,5.6702,-11.6441,19.9956,3.25185,1.81291,-0.81754,86.52687,-5.873651,-0.898414,0.404844,78.50045,-7.726964,3.71859,NA,NA,NA,NA,13.10635,9.6833,6.862413,0.108239,-2.05658,11.45993,-0.16826,50,5.87069,3.38642,-136.82067,-9.05007,-3.91092,29.27861,-10.38093,TCU_HFG,ABI_WIL,TCU,D1,BIG12,20260303-TCU-2,f33ba5d0-176e-11f1-89da-3b5d2295cb78,93.10359,1.6783,NA,7.8503,NA,NA,NA,0.66935,1.6783,0.76381,5cabaece-df46-4300-b3c7-55df33123daa,2026-03-04,02:07:51,2026-03-04T02:07:51Z,2026-03-04T02:07:51Z,GroundBall,v3,5045,471223,5b1f43e35ca0421ba59ea357c474eb40,"Dallimore, Brady",834396,Right,TCU_HFG,97828990-9b98-4541-b2e4-135d0c969a40,54.83242,-137.8509,14.6393,6.18271,-8.6848,-5.19046,-0.28984,3.52403,-1.95546,180,0.66609,114.03528,NA,NA,NA,NA,NA,NA,NA,1.67875,-15.50547,NA,NA,NA,NA,NA,NA,NA,0.76359,7.41149,NA,NA,NA,NA,NA,NA,NA,NA,NA,NA,NA,NA,NA,NA,NA,NA,NA,NA,NA,NA,NA,NA,NA,NA,NA,NA,NA,NA,NA,High,High,High,High,Medium,NA,NA,NA,NA,NA,NA,NA,NA,NA,NA,NA,NA,NA,NA,NA,NA,NA,NA,NA,NA,NA,NA,NA,NA,NA,NA,NA,NA,NA,NA,NA,NA,NA,NA,NA,NA,NA,NA,NA,NA,NA,NA,NA,NA,NA,NA,NA,NA,NA,NA,NA,NA,NA,NA,NA
NA,NA,NA,NA,NA,NA,NA,NA,NA,NA,NA,NA,NA,NA,NA,NA,219,2026-03-03,20:08:27,2,1,"Sagouspe, Tanner",701693,Right,TCU_HFG,"Payne, Zandt",822830,Left,ABI_WIL,Undefined,6,Top,1,0,0,Fastball,Four-Seam,InPlay,Undefined,GroundBall,Out,1,0,NA,94.22937,-2.84302,-0.283483,2440.520635,199.126838,12:45:00,6.33511,0.26028,5.498,-13.35497,18.58304,6.09292,2.56057,0.50285,86.23608,-5.378041,0.802185,0.406748,92.72593,-4.687791,15.223039,NA,NA,NA,NA,20.719360000000002,17.79656,13.537942,0.149597,-3.1674,10.48256,-0.23979,50,6.07754,0.39508,-136.69679,-7.21101,-6.00099,29.76647,-12.31369,TCU_HFG,ABI_WIL,TCU,D1,BIG12,20260303-TCU-2,08ef8680-176f-11f1-89da-3b5d2295cb78,92.66781,2.35334,NA,7.99329,NA,NA,NA,1.0678,2.35334,-0.60997,5cabaece-df46-4300-b3c7-55df33123daa,2026-03-04,02:08:27,2026-03-04T02:08:27Z,2026-03-04T02:08:27Z,GroundBall,v3,5045,471223,5b1f43e35ca0421ba59ea357c474eb40,"Dallimore, Brady",834396,Right,TCU_HFG,cf9f5386-a12c-488e-9160-a15c38c26402,55.00444,-137.78222,14.88323,6.3323,-6.76199,-6.15685,-0.25819,0.61391,-3.00049,324.493233,1.06792,130.77628,-21.80935,NA,NA,NA,NA,NA,NA,2.35417,-11.18763,-30.4457,NA,NA,NA,NA,NA,NA,-0.61039,35.6273,5.86475,NA,NA,NA,NA,NA,NA,NA,NA,NA,NA,NA,NA,NA,NA,NA,NA,NA,NA,NA,NA,NA,NA,NA,NA,NA,NA,NA,NA,High,High,High,Low,Low,NA,NA,NA,NA,NA,NA,NA,NA,NA,NA,NA,NA,NA,NA,NA,NA,NA,NA,NA,NA,NA,NA,NA,NA,NA,NA,NA,NA,NA,NA,NA,NA,NA,NA,NA,NA,NA,NA,NA,NA,NA,NA,NA,NA,NA,NA,NA,NA,NA,NA,NA,NA,NA,NA,NA
NA,NA,NA,NA,NA,NA,NA,NA,NA,NA,NA,NA,NA,NA,NA,NA,220,2026-03-03,20:09:37,3,1,"Sagouspe, Tanner",701693,Right,TCU_HFG,"Watkins, Grant",830787,Left,ABI_WIL,Undefined,6,Top,2,0,0,Fastball,Four-Seam,StrikeCalled,Undefined,Undefined,Undefined,0,0,NA,94.43648,-3.255679,-0.500953,2481.635953,203.748038,12:45:00,6.23616,0.47278,5.88581,-12.87493,18.29036,7.63733,2.1365,0.644,86.98171,-5.705149,0.869827,0.401797,NA,NA,NA,NA,NA,NA,NA,NA,NA,NA,NA,-4.04957,10.50245,-0.43681,50,5.96567,0.86244,-137.10651,-8.17838,-7.76691,28.15986,-12.03081,TCU_HFG,ABI_WIL,TCU,D1,BIG12,20260303-TCU-2,329d14c0-176f-11f1-89da-3b5d2295cb78,93.80955,NA,NA,7.45476,NA,NA,NA,NA,NA,NA,5cabaece-df46-4300-b3c7-55df33123daa,2026-03-04,02:09:37,2026-03-04T02:09:37Z,2026-03-04T02:09:37Z,NA,v3,5045,471223,5b1f43e35ca0421ba59ea357c474eb40,"Dallimore, Brady",834396,Right,TCU_HFG,75807f5b-da17-4800-97b0-3bb0849cdacf,54.61723,-138.05157,14.07993,6.23336,-7.77462,-6.01541,-0.47013,1.1231,-3.88345,NA,NA,NA,NA,NA,NA,NA,NA,NA,NA,NA,NA,NA,NA,NA,NA,NA,NA,NA,NA,NA,NA,NA,NA,NA,NA,NA,NA,NA,NA,NA,NA,NA,NA,NA,NA,NA,NA,NA,NA,NA,NA,NA,NA,NA,NA,NA,NA,NA,NA,High,High,High,NA,NA,NA,NA,NA,NA,NA,NA,NA,NA,NA,NA,NA,NA,NA,NA,NA,NA,NA,NA,NA,NA,NA,NA,NA,NA,NA,NA,NA,NA,NA,NA,NA,NA,NA,NA,NA,NA,NA,NA,NA,NA,NA,NA,NA,NA,NA,NA,NA,NA,NA,NA,NA,NA,NA,NA,NA
NA,NA,NA,NA,NA,NA,NA,NA,NA,NA,NA,NA,NA,NA,NA,NA,221,2026-03-03,20:09:52,3,2,"Sagouspe, Tanner",701693,Right,TCU_HFG,"Watkins, Grant",830787,Left,ABI_WIL,Undefined,6,Top,2,0,1,Curveball,Curveball,StrikeCalled,Undefined,Undefined,Undefined,0,0,NA,82.85555,1.218386,-0.185801,2651.491112,12.324584,06:30:00,6.28366,0.16503,5.26486,-51.36751,-9.86737,-2.42579,3.14787,-0.21168,76.37108,-8.073424,-0.616945,0.463656,NA,NA,NA,NA,NA,NA,NA,NA,NA,NA,NA,1.15866,-4.83748,-0.14619,50,6.35716,0.49376,-120.36925,0.61565,1.70469,22.74739,-39.2913,TCU_HFG,ABI_WIL,TCU,D1,BIG12,20260303-TCU-2,3b7e55e0-176f-11f1-89da-3b5d2295cb78,81.29392,NA,NA,6.48448,NA,NA,NA,NA,NA,NA,5cabaece-df46-4300-b3c7-55df33123daa,2026-03-04,02:09:52,2026-03-04T02:09:52Z,2026-03-04T02:09:52Z,NA,v3,5045,471223,5b1f43e35ca0421ba59ea357c474eb40,"Dallimore, Brady",834396,Right,TCU_HFG,9df3f3e4-d359-4fa5-a5f7-5e5b651c1235,55.24006,-121.35547,11.37369,6.29354,2.31914,-19.64565,-0.16599,0.41985,0.85235,NA,NA,NA,NA,NA,NA,NA,NA,NA,NA,NA,NA,NA,NA,NA,NA,NA,NA,NA,NA,NA,NA,NA,NA,NA,NA,NA,NA,NA,NA,NA,NA,NA,NA,NA,NA,NA,NA,NA,NA,NA,NA,NA,NA,NA,NA,NA,NA,NA,NA,High,High,High,NA,NA,NA,NA,NA,NA,NA,NA,NA,NA,NA,NA,NA,NA,NA,NA,NA,NA,NA,NA,NA,NA,NA,NA,NA,NA,NA,NA,NA,NA,NA,NA,NA,NA,NA,NA,NA,NA,NA,NA,NA,NA,NA,NA,NA,NA,NA,NA,NA,NA,NA,NA,NA,NA,NA,NA,NA
NA,NA,NA,NA,NA,NA,NA,NA,NA,NA,NA,NA,NA,NA,NA,NA,222,2026-03-03,20:10:09,3,3,"Sagouspe, Tanner",701693,Right,TCU_HFG,"Watkins, Grant",830787,Left,ABI_WIL,Undefined,6,Top,2,0,2,Curveball,Curveball,BallCalled,Undefined,Undefined,Undefined,0,0,NA,84.48708,-2.278364,-1.35252,2678.946022,1.928123,06:00:00,6.33579,0.08552,5.04913,-47.74463,-7.00646,-0.28087,0.20627,-1.21389,77.63951,-10.838825,-1.402354,0.45938,NA,NA,NA,NA,NA,NA,NA,NA,NA,NA,NA,-0.26858,-2.53323,0.04365,50,6.07973,2.90329,-122.45959,-6.71094,-0.40433,26.14564,-35.98738,TCU_HFG,ABI_WIL,TCU,D1,BIG12,20260303-TCU-2,45610170-176f-11f1-89da-3b5d2295cb78,82.05068,NA,NA,6.84757,NA,NA,NA,NA,NA,NA,5cabaece-df46-4300-b3c7-55df33123daa,2026-03-04,02:10:09,2026-03-04T02:10:09Z,2026-03-04T02:10:09Z,NA,v3,5045,471223,5b1f43e35ca0421ba59ea357c474eb40,"Dallimore, Brady",834396,Right,TCU_HFG,b4319503-d3b3-48b2-ad8c-e1979fa5f0e4,55.45563,-123.6189,13.07282,6.34192,-5.11524,-17.99369,-0.08548,2.92121,-0.20216,NA,NA,NA,NA,NA,NA,NA,NA,NA,NA,NA,NA,NA,NA,NA,NA,NA,NA,NA,NA,NA,NA,NA,NA,NA,NA,NA,NA,NA,NA,NA,NA,NA,NA,NA,NA,NA,NA,NA,NA,NA,NA,NA,NA,NA,NA,NA,NA,NA,NA,High,High,High,NA,NA,NA,NA,NA,NA,NA,NA,NA,NA,NA,NA,NA,NA,NA,NA,NA,NA,NA,NA,NA,NA,NA,NA,NA,NA,NA,NA,NA,NA,NA,NA,NA,NA,NA,NA,NA,NA,NA,NA,NA,NA,NA,NA,NA,NA,NA,NA,NA,NA,NA,NA,NA,NA,NA,NA,NA
NA,NA,NA,NA,NA,NA,NA,NA,NA,NA,NA,NA,NA,NA,NA,NA,223,2026-03-03,20:10:28,3,4,"Sagouspe, Tanner",701693,Right,TCU_HFG,"Watkins, Grant",830787,Left,ABI_WIL,Undefined,6,Top,2,1,2,Curveball,Curveball,StrikeCalled,Strikeout,Undefined,Undefined,0,0,NA,84.2282,0.562992,0.061058,2698.831908,13.011161,06:30:00,6.39613,0.08748,4.98943,-50.35452,-9.88256,-2.55532,2.73157,-0.06781,77.88879,-8.484885,-0.391087,0.457876,NA,NA,NA,NA,NA,NA,NA,NA,NA,NA,NA,1.28303,-4.68756,-0.09118,50,6.40883,-0.01788,-122.37289,-0.79433,1.95589,22.95228,-39.31984,TCU_HFG,ABI_WIL,TCU,D1,BIG12,20260303-TCU-2,50cdcf70-176f-11f1-89da-3b5d2295cb78,82.3201,NA,NA,6.33941,NA,NA,NA,NA,NA,NA,5cabaece-df46-4300-b3c7-55df33123daa,2026-03-04,02:10:28,2026-03-04T02:10:28Z,2026-03-04T02:10:28Z,NA,v3,5045,471223,5b1f43e35ca0421ba59ea357c474eb40,"Dallimore, Brady",834396,Right,TCU_HFG,dd90d325-80d3-4ae6-903c-441d31b3287e,55.51612,-123.40316,11.47614,6.40488,0.97063,-19.65992,-0.08841,-0.10568,0.97794,NA,NA,NA,NA,NA,NA,NA,NA,NA,NA,NA,NA,NA,NA,NA,NA,NA,NA,NA,NA,NA,NA,NA,NA,NA,NA,NA,NA,NA,NA,NA,NA,NA,NA,NA,NA,NA,NA,NA,NA,NA,NA,NA,NA,NA,NA,NA,NA,NA,NA,High,High,High,NA,NA,NA,NA,NA,NA,NA,NA,NA,NA,NA,NA,NA,NA,NA,NA,NA,NA,NA,NA,NA,NA,NA,NA,NA,NA,NA,NA,NA,NA,NA,NA,NA,NA,NA,NA,NA,NA,NA,NA,NA,NA,NA,NA,NA,NA,NA,NA,NA,NA,NA,NA,NA,NA,NA,NA,NA
NA,NA,NA,NA,NA,NA,NA,NA,NA,NA,NA,NA,NA,NA,NA,NA,224,2026-03-03,20:12:46,1,1,"Greanead, Caden",822831,Right,ABI_WIL,"Gamster, Preston",1000356863,Right,TCU_HFG,Undefined,6,Bottom,0,0,0,Fastball,Four-Seam,StrikeCalled,Undefined,Undefined,Undefined,0,0,NA,87.63988,-2.810463,-1.477574,2186.579201,204.534273,12:45:00,6.78884,0.8841,5.78861,-23.4569,12.69615,5.32866,2.21643,-0.0468,81.30876,-7.146974,-0.522457,0.432757,NA,NA,NA,NA,NA,NA,NA,NA,NA,NA,NA,-3.0811,7.49067,-0.76556,50,6.54278,3.06308,-127.28283,-7.02439,-5.11866,23.02268,-19.72971,TCU_HFG,ABI_WIL,TCU,D1,BIG12,20260303-TCU-2,a36acc10-176f-11f1-89da-3b5d2295cb78,87.09842,NA,NA,6.33111,NA,NA,NA,NA,NA,NA,5cabaece-df46-4300-b3c7-55df33123daa,2026-03-04,02:12:46,2026-03-04T02:12:46Z,2026-03-04T02:12:46Z,NA,v3,5045,471223,5b1f43e35ca0421ba59ea357c474eb40,"Gray, Brady",830795,Right,ABI_WIL,9d95704a-54dc-4bd4-8443-ef51e78f3d1e,54.71433,-128.13271,11.51134,6.78864,-6.29606,-9.86486,-0.88212,3.25204,-2.55933,NA,NA,NA,NA,NA,NA,NA,NA,NA,NA,NA,NA,NA,NA,NA,NA,NA,NA,NA,NA,NA,NA,NA,NA,NA,NA,NA,NA,NA,NA,NA,NA,NA,NA,NA,NA,NA,NA,NA,NA,NA,NA,NA,NA,NA,NA,NA,NA,NA,NA,High,High,High,NA,NA,NA,NA,NA,NA,NA,NA,NA,NA,NA,NA,NA,NA,NA,NA,NA,NA,NA,NA,NA,NA,NA,NA,NA,NA,NA,NA,NA,NA,NA,NA,NA,NA,NA,NA,NA,NA,NA,NA,NA,NA,NA,NA,NA,NA,NA,NA,NA,NA,NA,NA,NA,NA,NA,NA,NA
NA,NA,NA,NA,NA,NA,NA,NA,NA,NA,NA,NA,NA,NA,NA,NA,225,2026-03-03,20:13:00,1,2,"Greanead, Caden",822831,Right,ABI_WIL,"Gamster, Preston",1000356863,Right,TCU_HFG,Undefined,6,Bottom,0,0,1,Slider,Curveball,BallCalled,Undefined,Undefined,Undefined,0,0,NA,77.05277,-2.386472,0.102817,1915.602334,68.793128,08:15:00,6.7981,1.10938,4.76476,-48.40589,0.91815,-1.76425,0.50008,1.05985,71.10502,-11.041955,-0.208589,0.505476,NA,NA,NA,NA,NA,NA,NA,NA,NA,NA,NA,0.90784,1.53268,-1.11802,50,6.51588,-0.12941,-111.66618,-6.38688,1.14131,20.92407,-30.24723,TCU_HFG,ABI_WIL,TCU,D1,BIG12,20260303-TCU-2,aba6cc80-176f-11f1-89da-3b5d2295cb78,74.56816,NA,NA,5.94774,NA,NA,NA,NA,NA,NA,5cabaece-df46-4300-b3c7-55df33123daa,2026-03-04,02:13:00,2026-03-04T02:13:00Z,2026-03-04T02:13:00Z,NA,v3,5045,471223,5b1f43e35ca0421ba59ea357c474eb40,"Gray, Brady",830795,Right,ABI_WIL,60a1bf77-e4d6-4e8c-adcd-cbc4b4a9f89a,55.7389,-112.73641,10.46203,6.80299,-4.83979,-15.12362,-1.10991,-0.18778,0.57065,NA,NA,NA,NA,NA,NA,NA,NA,NA,NA,NA,NA,NA,NA,NA,NA,NA,NA,NA,NA,NA,NA,NA,NA,NA,NA,NA,NA,NA,NA,NA,NA,NA,NA,NA,NA,NA,NA,NA,NA,NA,NA,NA,NA,NA,NA,NA,NA,NA,NA,High,High,High,NA,NA,NA,NA,NA,NA,NA,NA,NA,NA,NA,NA,NA,NA,NA,NA,NA,NA,NA,NA,NA,NA,NA,NA,NA,NA,NA,NA,NA,NA,NA,NA,NA,NA,NA,NA,NA,NA,NA,NA,NA,NA,NA,NA,NA,NA,NA,NA,NA,NA,NA,NA,NA,NA,NA,NA,NA
NA,NA,NA,NA,NA,NA,NA,NA,NA,NA,NA,NA,NA,NA,NA,NA,226,2026-03-03,20:13:16,1,3,"Greanead, Caden",822831,Right,ABI_WIL,"Gamster, Preston",1000356863,Right,TCU_HFG,Undefined,6,Bottom,0,1,1,Slider,Curveball,BallCalled,Undefined,Undefined,Undefined,0,0,NA,76.0634,1.351803,-0.063177,1994.265457,356.376149,06:00:00,6.85708,0.84751,4.63532,-50.77566,0.86449,0.06815,3.91087,0.79314,68.47401,-7.847669,-0.051217,0.517208,NA,NA,NA,NA,NA,NA,NA,NA,NA,NA,NA,-0.05421,0.57469,-0.8411,50,6.94976,0.11839,-110.01041,0.75337,-0.06514,23.10512,-31.48368,TCU_HFG,ABI_WIL,TCU,D1,BIG12,20260303-TCU-2,b5026dc0-176f-11f1-89da-3b5d2295cb78,72.87678,NA,NA,7.58938,NA,NA,NA,NA,NA,NA,5cabaece-df46-4300-b3c7-55df33123daa,2026-03-04,02:13:16,2026-03-04T02:13:16Z,2026-03-04T02:13:16Z,NA,v3,5045,471223,5b1f43e35ca0421ba59ea357c474eb40,"Gray, Brady",830795,Right,ABI_WIL,0d036466-7155-4efd-abff-4cf753251dd3,55.86284,-111.23495,11.55256,6.86562,2.42196,-15.74184,-0.84747,0.12184,-0.03257,NA,NA,NA,NA,NA,NA,NA,NA,NA,NA,NA,NA,NA,NA,NA,NA,NA,NA,NA,NA,NA,NA,NA,NA,NA,NA,NA,NA,NA,NA,NA,NA,NA,NA,NA,NA,NA,NA,NA,NA,NA,NA,NA,NA,NA,NA,NA,NA,NA,NA,High,High,High,NA,NA,NA,NA,NA,NA,NA,NA,NA,NA,NA,NA,NA,NA,NA,NA,NA,NA,NA,NA,NA,NA,NA,NA,NA,NA,NA,NA,NA,NA,NA,NA,NA,NA,NA,NA,NA,NA,NA,NA,NA,NA,NA,NA,NA,NA,NA,NA,NA,NA,NA,NA,NA,NA,NA,NA,NA
NA,NA,NA,NA,NA,NA,NA,NA,NA,NA,NA,NA,NA,NA,NA,NA,227,2026-03-03,20:13:32,1,4,"Greanead, Caden",822831,Right,ABI_WIL,"Gamster, Preston",1000356863,Right,TCU_HFG,Undefined,6,Bottom,0,2,1,Fastball,Four-Seam,InPlay,Undefined,GroundBall,Out,1,0,NA,87.50164,-3.07298,-2.473059,2237.708205,186.962622,12:15:00,6.76483,0.92552,5.96046,-17.86906,18.57233,2.12725,2.42064,-1.19201,80.29448,-6.448936,-2.091269,0.434479,95.12343,2.504567,-10.292046,2725.886204,NA,NA,NA,64.97319,61.61821,-10.142417,0.482919,-1.78063,10.7628,-0.73026,50,6.51045,5.39627,-126.89853,-7.33679,-2.90795,25.60008,-14.5975,TCU_HFG,ABI_WIL,TCU,D1,BIG12,20260303-TCU-2,bea59f50-176f-11f1-89da-3b5d2295cb78,86.75318,2.91849,NA,7.20716,NA,NA,NA,1.77802,2.54347,1.08864,5cabaece-df46-4300-b3c7-55df33123daa,2026-03-04,02:13:32,2026-03-04T02:13:32Z,2026-03-04T02:13:32Z,GroundBall,v3,5045,471223,5b1f43e35ca0421ba59ea357c474eb40,"Gray, Brady",830795,Right,ABI_WIL,de8d3bd3-3b79-4d9e-a7cc-26cb42f7f759,54.54269,-127.81167,12.80004,6.76286,-6.8161,-7.29875,-0.92459,5.5,-1.45398,36.077055,1.7873000000000001,136.88117,-16.89814,NA,NA,NA,NA,NA,NA,2.55883,5.67026,-22.77641,NA,NA,NA,NA,NA,NA,1.09349,-25.03785,-1.92222,NA,NA,NA,NA,NA,NA,NA,NA,NA,NA,NA,NA,NA,NA,NA,NA,NA,NA,NA,NA,NA,NA,NA,NA,NA,NA,NA,NA,High,High,High,High,High,NA,NA,NA,NA,NA,NA,NA,NA,NA,NA,NA,NA,NA,NA,NA,NA,NA,NA,NA,NA,NA,NA,NA,NA,NA,NA,NA,NA,NA,NA,NA,NA,NA,NA,NA,NA,NA,NA,NA,NA,NA,NA,NA,NA,NA,NA,NA,NA,NA,NA,NA,NA,NA,NA,NA
NA,NA,NA,NA,NA,NA,NA,NA,NA,NA,NA,NA,NA,NA,NA,NA,228,2026-03-03,20:14:11,2,1,"Greanead, Caden",822831,Right,ABI_WIL,"Arthur, Jack",1000113360,Left,TCU_HFG,Undefined,6,Bottom,1,0,0,Fastball,Four-Seam,BallCalled,Undefined,Undefined,Undefined,0,0,NA,87.13467,0.002564,-0.449878,2227.203385,206.407421,01:00:00,6.85553,0.91533,5.49871,-20.708,16.46426,7.61737,5.13226,1.12929,79.86555,-3.875498,0.907189,0.438814,NA,NA,NA,NA,NA,NA,NA,NA,NA,NA,NA,-3.94673,8.64225,-0.8812,50,6.84194,0.66102,-126.55953,-0.66564,-6.43052,24.72408,-18.09298,TCU_HFG,ABI_WIL,TCU,D1,BIG12,20260303-TCU-2,d5da7ab0-176f-11f1-89da-3b5d2295cb78,85.89607,NA,NA,7.26912,NA,NA,NA,NA,NA,NA,5cabaece-df46-4300-b3c7-55df33123daa,2026-03-04,02:14:11,2026-03-04T02:14:11Z,2026-03-04T02:14:11Z,NA,v3,5045,471223,5b1f43e35ca0421ba59ea357c474eb40,"Gray, Brady",830795,Right,ABI_WIL,8f4fea8a-656c-4958-8852-1b8a025b3493,55.00216,-127.53299,12.36204,6.85412,0.04673,-9.04649,-0.91221,0.91421,-3.21526,NA,NA,NA,NA,NA,NA,NA,NA,NA,NA,NA,NA,NA,NA,NA,NA,NA,NA,NA,NA,NA,NA,NA,NA,NA,NA,NA,NA,NA,NA,NA,NA,NA,NA,NA,NA,NA,NA,NA,NA,NA,NA,NA,NA,NA,NA,NA,NA,NA,NA,High,High,High,NA,NA,NA,NA,NA,NA,NA,NA,NA,NA,NA,NA,NA,NA,NA,NA,NA,NA,NA,NA,NA,NA,NA,NA,NA,NA,NA,NA,NA,NA,NA,NA,NA,NA,NA,NA,NA,NA,NA,NA,NA,NA,NA,NA,NA,NA,NA,NA,NA,NA,NA,NA,NA,NA,NA,NA,NA
NA,NA,NA,NA,NA,NA,NA,NA,NA,NA,NA,NA,NA,NA,NA,NA,229,2026-03-03,20:14:25,2,2,"Greanead, Caden",822831,Right,ABI_WIL,"Arthur, Jack",1000113360,Left,TCU_HFG,Undefined,6,Bottom,1,1,0,Slider,Curveball,BallCalled,Undefined,Undefined,Undefined,0,0,NA,76.52125,-2.535612,-0.399727,1949.791707,303.682171,04:00:00,6.81964,1.07484,4.79458,-48.82432,0.91791,0.94185,0.34634,0.7745,70.97544,-11.250849,-0.233375,0.507614,NA,NA,NA,NA,NA,NA,NA,NA,NA,NA,NA,-0.58035,1.52669,-1.03584,50,6.52368,0.73673,-110.94702,-6.64414,-0.72365,19.78103,-30.27041,TCU_HFG,ABI_WIL,TCU,D1,BIG12,20260303-TCU-2,de767570-176f-11f1-89da-3b5d2295cb78,74.25407,NA,NA,5.54582,NA,NA,NA,NA,NA,NA,5cabaece-df46-4300-b3c7-55df33123daa,2026-03-04,02:14:25,2026-03-04T02:14:25Z,2026-03-04T02:14:25Z,NA,v3,5045,471223,5b1f43e35ca0421ba59ea357c474eb40,"Gray, Brady",830795,Right,ABI_WIL,e83b884e-a4f7-4c16-96b9-06ea5757d228,55.70971,-111.96039,9.89052,6.82434,-5.09341,-15.1352,-1.07453,0.7738,-0.36182,NA,NA,NA,NA,NA,NA,NA,NA,NA,NA,NA,NA,NA,NA,NA,NA,NA,NA,NA,NA,NA,NA,NA,NA,NA,NA,NA,NA,NA,NA,NA,NA,NA,NA,NA,NA,NA,NA,NA,NA,NA,NA,NA,NA,NA,NA,NA,NA,NA,NA,High,High,High,NA,NA,NA,NA,NA,NA,NA,NA,NA,NA,NA,NA,NA,NA,NA,NA,NA,NA,NA,NA,NA,NA,NA,NA,NA,NA,NA,NA,NA,NA,NA,NA,NA,NA,NA,NA,NA,NA,NA,NA,NA,NA,NA,NA,NA,NA,NA,NA,NA,NA,NA,NA,NA,NA,NA,NA,NA
NA,NA,NA,NA,NA,NA,NA,NA,NA,NA,NA,NA,NA,NA,NA,NA,230,2026-03-03,20:14:45,2,3,"Greanead, Caden",822831,Right,ABI_WIL,"Arthur, Jack",1000113360,Left,TCU_HFG,Undefined,6,Bottom,1,2,0,Fastball,Four-Seam,StrikeCalled,Undefined,Undefined,Undefined,0,0,NA,87.86333,-3.499138,-1.986948,2247.207134,190.58185,12:15:00,6.79707,0.81789,5.76188,-21.32446,14.86434,2.57713,1.75698,-0.81756,81.26867,-7.453071,-1.525581,0.432971,NA,NA,NA,NA,NA,NA,NA,NA,NA,NA,NA,-1.81236,8.79752,-0.65474,50,6.4935600000000004,4.3132,-127.43308,-8.48485,-3.0084,23.87059,-17.57088,TCU_HFG,ABI_WIL,TCU,D1,BIG12,20260303-TCU-2,ea4d01c0-176f-11f1-89da-3b5d2295cb78,87.05541,NA,NA,6.59466,NA,NA,NA,NA,NA,NA,5cabaece-df46-4300-b3c7-55df33123daa,2026-03-04,02:14:45,2026-03-04T02:14:45Z,2026-03-04T02:14:45Z,NA,v3,5045,471223,5b1f43e35ca0421ba59ea357c474eb40,"Gray, Brady",830795,Right,ABI_WIL,c7525f0b-4f28-4dbb-870f-a873ed1c2027,54.74025,-128.31795,11.9353,6.79601,-7.83351,-8.78544,-0.8167,4.42471,-1.5042,NA,NA,NA,NA,NA,NA,NA,NA,NA,NA,NA,NA,NA,NA,NA,NA,NA,NA,NA,NA,NA,NA,NA,NA,NA,NA,NA,NA,NA,NA,NA,NA,NA,NA,NA,NA,NA,NA,NA,NA,NA,NA,NA,NA,NA,NA,NA,NA,NA,NA,High,High,High,NA,NA,NA,NA,NA,NA,NA,NA,NA,NA,NA,NA,NA,NA,NA,NA,NA,NA,NA,NA,NA,NA,NA,NA,NA,NA,NA,NA,NA,NA,NA,NA,NA,NA,NA,NA,NA,NA,NA,NA,NA,NA,NA,NA,NA,NA,NA,NA,NA,NA,NA,NA,NA,NA,NA,NA,NA
NA,NA,NA,NA,NA,NA,NA,NA,NA,NA,NA,NA,NA,NA,NA,NA,231,2026-03-03,20:15:01,2,4,"Greanead, Caden",822831,Right,ABI_WIL,"Arthur, Jack",1000113360,Left,TCU_HFG,Undefined,6,Bottom,1,2,1,Fastball,Four-Seam,BallCalled,Undefined,Undefined,Undefined,0,0,NA,88.46455,-3.433223,-2.858912,2237.082845,177.875675,12:00:00,6.7503,0.94552,5.8708,-20.1569,15.59473,-0.53756,1.8736,-1.75715,81.4543,-7.192395,-2.955186,0.430348,NA,NA,NA,NA,NA,NA,NA,NA,NA,NA,NA,-0.48283,9.2352,-0.71353,50,6.45989,6.42407,-128.18897,-8.32838,-0.80713,25.35906,-16.73652,TCU_HFG,ABI_WIL,TCU,D1,BIG12,20260303-TCU-2,f3e5d310-176f-11f1-89da-3b5d2295cb78,87.58601,NA,NA,7.01025,NA,NA,NA,NA,NA,NA,5cabaece-df46-4300-b3c7-55df33123daa,2026-03-04,02:15:01,2026-03-04T02:15:01Z,2026-03-04T02:15:01Z,NA,v3,5045,471223,5b1f43e35ca0421ba59ea357c474eb40,"Gray, Brady",830795,Right,ABI_WIL,82ed1652-b304-43c9-810e-268c226b0327,54.63067,-129.10179,12.67953,6.74883,-7.72594,-8.36826,-0.94529,6.45312,-0.40356,NA,NA,NA,NA,NA,NA,NA,NA,NA,NA,NA,NA,NA,NA,NA,NA,NA,NA,NA,NA,NA,NA,NA,NA,NA,NA,NA,NA,NA,NA,NA,NA,NA,NA,NA,NA,NA,NA,NA,NA,NA,NA,NA,NA,NA,NA,NA,NA,NA,NA,High,High,High,NA,NA,NA,NA,NA,NA,NA,NA,NA,NA,NA,NA,NA,NA,NA,NA,NA,NA,NA,NA,NA,NA,NA,NA,NA,NA,NA,NA,NA,NA,NA,NA,NA,NA,NA,NA,NA,NA,NA,NA,NA,NA,NA,NA,NA,NA,NA,NA,NA,NA,NA,NA,NA,NA,NA,NA,NA
NA,NA,NA,NA,NA,NA,NA,NA,NA,NA,NA,NA,NA,NA,NA,NA,232,2026-03-03,20:15:21,2,5,"Greanead, Caden",822831,Right,ABI_WIL,"Arthur, Jack",1000113360,Left,TCU_HFG,Undefined,6,Bottom,1,3,1,Fastball,Four-Seam,BallCalled,Walk,Undefined,Undefined,0,0,NA,87.87112,-3.752551,-2.443771,2259.598265,192.914903,12:30:00,6.67827,0.83553,5.81648,-18.73418,17.64729,3.78087,1.61958,-1.12313,80.6981,-7.265133,-1.766767,0.434122,NA,NA,NA,NA,NA,NA,NA,NA,NA,NA,NA,-2.58433,10.37567,-0.63745,50,6.35902,5.27293,-127.28607,-8.92082,-4.25156,25.45021,-15.10474,TCU_HFG,ABI_WIL,TCU,D1,BIG12,20260303-TCU-2,ffb644e0-176f-11f1-89da-3b5d2295cb78,86.82455,NA,NA,7.17302,NA,NA,NA,NA,NA,NA,5cabaece-df46-4300-b3c7-55df33123daa,2026-03-04,02:15:21,2026-03-04T02:15:21Z,2026-03-04T02:15:21Z,NA,v3,5045,471223,5b1f43e35ca0421ba59ea357c474eb40,"Gray, Brady",830795,Right,ABI_WIL,638e5701-3854-4388-8242-b20f137306f2,54.68441,-128.21927,12.7251,6.67597,-8.36697,-7.55237,-0.83366,5.42883,-2.12578,NA,NA,NA,NA,NA,NA,NA,NA,NA,NA,NA,NA,NA,NA,NA,NA,NA,NA,NA,NA,NA,NA,NA,NA,NA,NA,NA,NA,NA,NA,NA,NA,NA,NA,NA,NA,NA,NA,NA,NA,NA,NA,NA,NA,NA,NA,NA,NA,NA,NA,High,High,High,NA,NA,NA,NA,NA,NA,NA,NA,NA,NA,NA,NA,NA,NA,NA,NA,NA,NA,NA,NA,NA,NA,NA,NA,NA,NA,NA,NA,NA,NA,NA,NA,NA,NA,NA,NA,NA,NA,NA,NA,NA,NA,NA,NA,NA,NA,NA,NA,NA,NA,NA,NA,NA,NA,NA,NA,NA
NA,NA,NA,NA,NA,NA,NA,NA,NA,NA,NA,NA,NA,NA,NA,NA,233,2026-03-03,20:15:58,3,1,"Greanead, Caden",822831,Right,ABI_WIL,"Cramer, Cole",823144,Right,TCU_HFG,Undefined,6,Bottom,1,0,0,Slider,Curveball,BallCalled,Undefined,Undefined,Undefined,0,0,NA,78.43723,-1.971771,-1.732163,1900.936487,37.762919,07:15:00,6.754,1.04305,4.81403,-47.66243,0.90252,-0.77276,0.91258,-0.66282,70.7756,-10.572813,-1.868493,0.501572,NA,NA,NA,NA,NA,NA,NA,NA,NA,NA,NA,-0.23331,1.6561,-0.87008,50,6.51699,3.46039,-113.34978,-5.63055,-0.29559,25.75844,-30.07571,TCU_HFG,ABI_WIL,TCU,D1,BIG12,20260303-TCU-2,1576cfc0-1770-11f1-89da-3b5d2295cb78,75.14867,NA,NA,7.66163,NA,NA,NA,NA,NA,NA,5cabaece-df46-4300-b3c7-55df33123daa,2026-03-04,02:15:58,2026-03-04T02:15:58Z,2026-03-04T02:15:58Z,NA,v3,5045,471223,5b1f43e35ca0421ba59ea357c474eb40,"Gray, Brady",830795,Right,ABI_WIL,eb23a0ac-b2be-4408-be2b-74c67b4f4455,55.68544,-114.6345,12.87922,6.76041,-4.13051,-15.03785,-1.04304,3.47514,-0.1478,NA,NA,NA,NA,NA,NA,NA,NA,NA,NA,NA,NA,NA,NA,NA,NA,NA,NA,NA,NA,NA,NA,NA,NA,NA,NA,NA,NA,NA,NA,NA,NA,NA,NA,NA,NA,NA,NA,NA,NA,NA,NA,NA,NA,NA,NA,NA,NA,NA,NA,High,High,High,NA,NA,NA,NA,NA,NA,NA,NA,NA,NA,NA,NA,NA,NA,NA,NA,NA,NA,NA,NA,NA,NA,NA,NA,NA,NA,NA,NA,NA,NA,NA,NA,NA,NA,NA,NA,NA,NA,NA,NA,NA,NA,NA,NA,NA,NA,NA,NA,NA,NA,NA,NA,NA,NA,NA,NA,NA
NA,NA,NA,NA,NA,NA,NA,NA,NA,NA,NA,NA,NA,NA,NA,NA,234,2026-03-03,20:16:31,3,2,"Greanead, Caden",822831,Right,ABI_WIL,"Cramer, Cole",823144,Right,TCU_HFG,Undefined,6,Bottom,1,1,0,Fastball,Cutter,StrikeCalled,Undefined,Undefined,Undefined,0,0,NA,86.77333,-1.937856,-1.269744,2184.622723,186.411337,12:15:00,6.72207,0.87012,6.0267,-20.46584,16.648,1.7313,3.22064,-0.16182,79.05362,-5.812197,-0.958227,0.438469,NA,NA,NA,NA,NA,NA,NA,NA,NA,NA,NA,-1.25547,9.49123,-0.77164,50,6.55917,2.71933,-125.91093,-4.85265,-2.00557,26.73598,-17.01217,TCU_HFG,ABI_WIL,TCU,D1,BIG12,20260303-TCU-2,2967cac0-1770-11f1-89da-3b5d2295cb78,85.96368,NA,NA,7.71971,NA,NA,NA,NA,NA,NA,5cabaece-df46-4300-b3c7-55df33123daa,2026-03-04,02:16:31,2026-03-04T02:16:31Z,2026-03-04T02:16:31Z,NA,v3,5045,471223,5b1f43e35ca0421ba59ea357c474eb40,"Gray, Brady",830795,Right,ABI_WIL,9c0e83bc-9ec4-41d9-8962-61cd8dd8dbd1,54.47259,-126.85708,13.36799,6.72025,-4.25061,-8.50609,-0.86913,2.79031,-1.00279,NA,NA,NA,NA,NA,NA,NA,NA,NA,NA,NA,NA,NA,NA,NA,NA,NA,NA,NA,NA,NA,NA,NA,NA,NA,NA,NA,NA,NA,NA,NA,NA,NA,NA,NA,NA,NA,NA,NA,NA,NA,NA,NA,NA,NA,NA,NA,NA,NA,NA,High,High,High,NA,NA,NA,NA,NA,NA,NA,NA,NA,NA,NA,NA,NA,NA,NA,NA,NA,NA,NA,NA,NA,NA,NA,NA,NA,NA,NA,NA,NA,NA,NA,NA,NA,NA,NA,NA,NA,NA,NA,NA,NA,NA,NA,NA,NA,NA,NA,NA,NA,NA,NA,NA,NA,NA,NA,NA,NA
NA,NA,NA,NA,NA,NA,NA,NA,NA,NA,NA,NA,NA,NA,NA,NA,235,2026-03-03,20:16:54,3,3,"Greanead, Caden",822831,Right,ABI_WIL,"Cramer, Cole",823144,Right,TCU_HFG,Undefined,6,Bottom,1,1,1,Fastball,Four-Seam,BallCalled,Undefined,Undefined,Undefined,0,0,NA,88.68257,-3.860509,-1.445381,2207.639961,203.859,12:45:00,6.68251,1.08035,5.901,-19.83281,15.74611,6.46418,1.43917,0.27689,81.47782,-7.56897,-0.284425,0.429307,NA,NA,NA,NA,NA,NA,NA,NA,NA,NA,NA,-3.7111,9.47186,-0.9678,50,6.36002,2.97553,-128.55392,-9.2914,-6.22245,26.16162,-16.29248,TCU_HFG,ABI_WIL,TCU,D1,BIG12,20260303-TCU-2,3728c1f0-1770-11f1-89da-3b5d2295cb78,87.79837,NA,NA,7.20475,NA,NA,NA,NA,NA,NA,5cabaece-df46-4300-b3c7-55df33123daa,2026-03-04,02:16:54,2026-03-04T02:16:54Z,2026-03-04T02:16:54Z,NA,v3,5045,471223,5b1f43e35ca0421ba59ea357c474eb40,"Gray, Brady",830795,Right,ABI_WIL,6aff39f2-5b4d-4cd2-853e-a04325c14eb0,54.60098,-129.48687,13.08081,6.68099,-8.7104,-8.14624,-1.07786,3.19742,-3.11122,NA,NA,NA,NA,NA,NA,NA,NA,NA,NA,NA,NA,NA,NA,NA,NA,NA,NA,NA,NA,NA,NA,NA,NA,NA,NA,NA,NA,NA,NA,NA,NA,NA,NA,NA,NA,NA,NA,NA,NA,NA,NA,NA,NA,NA,NA,NA,NA,NA,NA,High,High,High,NA,NA,NA,NA,NA,NA,NA,NA,NA,NA,NA,NA,NA,NA,NA,NA,NA,NA,NA,NA,NA,NA,NA,NA,NA,NA,NA,NA,NA,NA,NA,NA,NA,NA,NA,NA,NA,NA,NA,NA,NA,NA,NA,NA,NA,NA,NA,NA,NA,NA,NA,NA,NA,NA,NA,NA,NA
NA,NA,NA,NA,NA,NA,NA,NA,NA,NA,NA,NA,NA,NA,NA,NA,236,2026-03-03,20:17:14,3,4,"Greanead, Caden",822831,Right,ABI_WIL,"Cramer, Cole",823144,Right,TCU_HFG,Undefined,6,Bottom,1,2,1,Slider,Curveball,BallCalled,Undefined,Undefined,Undefined,0,0,NA,76.85096,-2.930599,-1.163118,1871.274565,33.506185,07:00:00,6.80896,0.90386,4.70804,-49.13077,0.97429,-0.50559,-0.07,-0.24246,70.5565,-11.701864,-1.252275,0.509463,NA,NA,NA,NA,NA,NA,NA,NA,NA,NA,NA,-0.11161,1.79492,-0.78557,50,6.46778,2.27814,-111.20223,-7.45325,-0.13814,22.13236,-29.95295,TCU_HFG,ABI_WIL,TCU,D1,BIG12,20260303-TCU-2,431658b0-1770-11f1-89da-3b5d2295cb78,73.98471,NA,NA,6.29446,NA,NA,NA,NA,NA,NA,5cabaece-df46-4300-b3c7-55df33123daa,2026-03-04,02:17:14,2026-03-04T02:17:14Z,2026-03-04T02:17:14Z,NA,v3,5045,471223,5b1f43e35ca0421ba59ea357c474eb40,"Gray, Brady",830795,Right,ABI_WIL,c7bbf0a2-0a45-4234-ba8d-2bc18d3b3f69,55.79502,-112.34969,11.06618,6.81393,-5.90034,-14.97647,-0.90387,2.2853,-0.06907,NA,NA,NA,NA,NA,NA,NA,NA,NA,NA,NA,NA,NA,NA,NA,NA,NA,NA,NA,NA,NA,NA,NA,NA,NA,NA,NA,NA,NA,NA,NA,NA,NA,NA,NA,NA,NA,NA,NA,NA,NA,NA,NA,NA,NA,NA,NA,NA,NA,NA,High,High,High,NA,NA,NA,NA,NA,NA,NA,NA,NA,NA,NA,NA,NA,NA,NA,NA,NA,NA,NA,NA,NA,NA,NA,NA,NA,NA,NA,NA,NA,NA,NA,NA,NA,NA,NA,NA,NA,NA,NA,NA,NA,NA,NA,NA,NA,NA,NA,NA,NA,NA,NA,NA,NA,NA,NA,NA,NA
NA,NA,NA,NA,NA,NA,NA,NA,NA,NA,NA,NA,NA,NA,NA,NA,237,2026-03-03,20:17:45,3,5,"Greanead, Caden",822831,Right,ABI_WIL,"Cramer, Cole",823144,Right,TCU_HFG,Undefined,6,Bottom,1,3,1,Fastball,Cutter,BallCalled,Walk,Undefined,Undefined,0,0,NA,87.36478,-1.794623,-2.241684,2237.606671,185.527726,12:15:00,6.73994,0.8278,6.01331,-21.67497,15.038,1.33547,3.2693,-1.13872,79.49738,-5.883737,-2.001662,0.436095,NA,NA,NA,NA,NA,NA,NA,NA,NA,NA,NA,-1.34961,8.63178,-0.65248,50,6.58712,4.90455,-126.70309,-4.62206,-2.17955,27.46994,-18.23402,TCU_HFG,ABI_WIL,TCU,D1,BIG12,20260303-TCU-2,55aa0da0-1770-11f1-89da-3b5d2295cb78,86.4317,NA,NA,7.86741,NA,NA,NA,NA,NA,NA,5cabaece-df46-4300-b3c7-55df33123daa,2026-03-04,02:17:45,2026-03-04T02:17:45Z,2026-03-04T02:17:45Z,NA,v3,5045,471223,5b1f43e35ca0421ba59ea357c474eb40,"Gray, Brady",830795,Right,ABI_WIL,38a28ff2-8e21-4a5e-a91d-bb3968f7100b,54.48639,-127.67206,13.73497,6.73881,-3.97888,-9.11701,-0.82684,4.98144,-1.08978,NA,NA,NA,NA,NA,NA,NA,NA,NA,NA,NA,NA,NA,NA,NA,NA,NA,NA,NA,NA,NA,NA,NA,NA,NA,NA,NA,NA,NA,NA,NA,NA,NA,NA,NA,NA,NA,NA,NA,NA,NA,NA,NA,NA,NA,NA,NA,NA,NA,NA,High,High,High,NA,NA,NA,NA,NA,NA,NA,NA,NA,NA,NA,NA,NA,NA,NA,NA,NA,NA,NA,NA,NA,NA,NA,NA,NA,NA,NA,NA,NA,NA,NA,NA,NA,NA,NA,NA,NA,NA,NA,NA,NA,NA,NA,NA,NA,NA,NA,NA,NA,NA,NA,NA,NA,NA,NA,NA,NA
NA,NA,NA,NA,NA,NA,NA,NA,NA,NA,NA,NA,NA,NA,NA,NA,238,2026-03-03,20:23:10,4,1,"Batten, Chase",1000425453,Left,ABI_WIL,"Strosnider, Sawyer",820831,Left,TCU_HFG,Undefined,6,Bottom,1,0,0,Slider,Slider,BallCalled,Undefined,Undefined,Undefined,0,0,NA,82.14902,-2.210567,6.334386,2470.569931,177.891063,12:00:00,5.61514,-2.81838,5.38144,-39.36979,4.07193,-0.09189,0.24826,3.13645,74.5563,-9.362098,6.31824,0.474378,NA,NA,NA,NA,NA,NA,NA,NA,NA,NA,NA,2.12878,3.22933,2.24913,50,5.38841,-13.12366,-118.25616,-5.95755,2.96345,26.1173,-27.67857,TCU_HFG,ABI_WIL,TCU,D1,BIG12,20260303-TCU-2,17475490-1771-11f1-89da-3b5d2295cb78,79.45648,NA,NA,7.59272,NA,NA,NA,NA,NA,NA,5cabaece-df46-4300-b3c7-55df33123daa,2026-03-04,02:23:10,2026-03-04T02:23:10Z,2026-03-04T02:23:10Z,NA,v3,5045,471223,5b1f43e35ca0421ba59ea357c474eb40,"Gray, Brady",830795,Right,ABI_WIL,693a90fd-0acf-4b75-9e7c-ed23e2179fc5,55.11863,-119.38128,13.05865,5.61937,-4.76518,-13.83928,2.81724,-13.25133,1.48173,NA,NA,NA,NA,NA,NA,NA,NA,NA,NA,NA,NA,NA,NA,NA,NA,NA,NA,NA,NA,NA,NA,NA,NA,NA,NA,NA,NA,NA,NA,NA,NA,NA,NA,NA,NA,NA,NA,NA,NA,NA,NA,NA,NA,NA,NA,NA,NA,NA,NA,High,High,High,NA,NA,NA,NA,NA,NA,NA,NA,NA,NA,NA,NA,NA,NA,NA,NA,NA,NA,NA,NA,NA,NA,NA,NA,NA,NA,NA,NA,NA,NA,NA,NA,NA,NA,NA,NA,NA,NA,NA,NA,NA,NA,NA,NA,NA,NA,NA,NA,NA,NA,NA,NA,NA,NA,NA,NA,NA
NA,NA,NA,NA,NA,NA,NA,NA,NA,NA,NA,NA,NA,NA,NA,NA,239,2026-03-03,20:23:36,4,2,"Batten, Chase",1000425453,Left,ABI_WIL,"Strosnider, Sawyer",820831,Left,TCU_HFG,Undefined,6,Bottom,1,1,0,Fastball,Four-Seam,StrikeCalled,Undefined,Undefined,Undefined,0,0,NA,92.22422,-3.003217,5.187531,2373.532019,134.684098,10:30:00,5.99867,-2.58399,5.28583,-15.16776,18.96674,-17.95733,1.90012,0.80462,83.54453,-5.883572,2.018972,0.420502,NA,NA,NA,NA,NA,NA,NA,NA,NA,NA,NA,10.48595,10.71075,2.12339,50,5.7129,-11.22865,-133.08161,-7.49533,18.69668,30.10261,-13.07654,TCU_HFG,ABI_WIL,TCU,D1,BIG12,20260303-TCU-2,266ac1f0-1771-11f1-89da-3b5d2295cb78,89.63676,NA,NA,8.67969,NA,NA,NA,NA,NA,NA,5cabaece-df46-4300-b3c7-55df33123daa,2026-03-04,02:23:36,2026-03-04T02:23:36Z,2026-03-04T02:23:36Z,NA,v3,5045,471223,5b1f43e35ca0421ba59ea357c474eb40,"Gray, Brady",830795,Right,ABI_WIL,9d73352d-d69a-4b3f-806b-9a8f267d5c24,55.21551,-134.25615,15.05131,5.9954,-6.98511,-6.53827,2.57574,-11.95815,9.34834,NA,NA,NA,NA,NA,NA,NA,NA,NA,NA,NA,NA,NA,NA,NA,NA,NA,NA,NA,NA,NA,NA,NA,NA,NA,NA,NA,NA,NA,NA,NA,NA,NA,NA,NA,NA,NA,NA,NA,NA,NA,NA,NA,NA,NA,NA,NA,NA,NA,NA,High,High,High,NA,NA,NA,NA,NA,NA,NA,NA,NA,NA,NA,NA,NA,NA,NA,NA,NA,NA,NA,NA,NA,NA,NA,NA,NA,NA,NA,NA,NA,NA,NA,NA,NA,NA,NA,NA,NA,NA,NA,NA,NA,NA,NA,NA,NA,NA,NA,NA,NA,NA,NA,NA,NA,NA,NA,NA,NA
NA,NA,NA,NA,NA,NA,NA,NA,NA,NA,NA,NA,NA,NA,NA,NA,240,2026-03-03,20:23:55,4,3,"Batten, Chase",1000425453,Left,ABI_WIL,"Strosnider, Sawyer",820831,Left,TCU_HFG,Undefined,6,Bottom,1,1,1,Fastball,Four-Seam,InPlay,Undefined,GroundBall,Single,0,1,NA,92.39921,-1.693405,4.250676,2362.839453,127.357682,10:15:00,6.05276,-2.3311,5.41029,-18.76647,14.79902,-17.91946,2.89742,0.16559,84.07326,-5.209278,1.073978,0.416983,87.56071,1.110081,-18.879472,3094.797369,NA,NA,NA,59.83783,54.7968,-20.590563,0.492142,10.24997,8.25563,1.96522,50,5.8888,-9.1132,-133.73839,-4.61737,18.51918,29.4947,-17.25814,TCU_HFG,ABI_WIL,TCU,D1,BIG12,20260303-TCU-2,31a47200-1771-11f1-89da-3b5d2295cb78,90.39332,2.89135,NA,8.32595,NA,NA,NA,0.95573,2.80252,-0.0833,5cabaece-df46-4300-b3c7-55df33123daa,2026-03-04,02:23:55,2026-03-04T02:23:55Z,2026-03-04T02:23:55Z,GroundBall,v3,5045,471223,5b1f43e35ca0421ba59ea357c474eb40,"Gray, Brady",830795,Right,ABI_WIL,b404fa3f-97c8-4ab3-9850-9ed8e6773026,55.09255,-134.85683,14.74735,6.05148,-3.96294,-8.62907,2.32411,-9.81544,9.25959,84.386533,0.97368,121.00026,-18.68134,NA,NA,NA,NA,NA,NA,2.81136,2.24685,-16.20792,NA,NA,NA,NA,NA,NA,-0.07643,-41.73628,-1.7918,NA,NA,NA,NA,NA,NA,NA,NA,NA,NA,NA,NA,NA,NA,NA,NA,NA,NA,NA,NA,NA,NA,NA,NA,NA,NA,NA,NA,High,High,High,High,High,NA,NA,NA,NA,NA,NA,NA,NA,NA,NA,NA,NA,NA,NA,NA,NA,NA,NA,NA,NA,NA,NA,NA,NA,NA,NA,NA,NA,NA,NA,NA,NA,NA,NA,NA,NA,NA,NA,NA,NA,NA,NA,NA,NA,NA,NA,NA,NA,NA,NA,NA,NA,NA,NA,NA
NA,NA,NA,NA,NA,NA,NA,NA,NA,NA,NA,NA,NA,NA,NA,NA,241,2026-03-03,20:24:49,5,1,"Batten, Chase",1000425453,Left,ABI_WIL,"Brunson, Chase",815313,Right,TCU_HFG,Undefined,6,Bottom,1,0,0,Fastball,Four-Seam,BallCalled,Undefined,Undefined,Undefined,0,0,NA,91.36016,-1.290893,2.858064,2302.261423,133.372516,10:30:00,5.9808,-2.62138,5.39267,-17.01111,17.58084,-17.28808,3.3516,-1.3811,82.34217,-4.52259,-0.212014,0.42331,NA,NA,NA,NA,NA,NA,NA,NA,NA,NA,NA,9.49815,9.56359,2.37821,50,5.85382,-5.78204,-132.26645,-3.5281,16.62135,31.41276,-15.43823,TCU_HFG,ABI_WIL,TCU,D1,BIG12,20260303-TCU-2,52587c30-1771-11f1-89da-3b5d2295cb78,89.04208,NA,NA,9.01799,NA,NA,NA,NA,NA,NA,5cabaece-df46-4300-b3c7-55df33123daa,2026-03-04,02:24:49,2026-03-04T02:24:49Z,2026-03-04T02:24:49Z,NA,v3,5045,471223,5b1f43e35ca0421ba59ea357c474eb40,"Gray, Brady",830795,Right,ABI_WIL,a8674b16-8ff0-4ff6-a481-dc137416c699,55.10655,-133.47372,15.70638,5.97801,-2.93477,-7.71912,2.6127,-6.42084,8.31067,NA,NA,NA,NA,NA,NA,NA,NA,NA,NA,NA,NA,NA,NA,NA,NA,NA,NA,NA,NA,NA,NA,NA,NA,NA,NA,NA,NA,NA,NA,NA,NA,NA,NA,NA,NA,NA,NA,NA,NA,NA,NA,NA,NA,NA,NA,NA,NA,NA,NA,High,High,High,NA,NA,NA,NA,NA,NA,NA,NA,NA,NA,NA,NA,NA,NA,NA,NA,NA,NA,NA,NA,NA,NA,NA,NA,NA,NA,NA,NA,NA,NA,NA,NA,NA,NA,NA,NA,NA,NA,NA,NA,NA,NA,NA,NA,NA,NA,NA,NA,NA,NA,NA,NA,NA,NA,NA,NA,NA
NA,NA,NA,NA,NA,NA,NA,NA,NA,NA,NA,NA,NA,NA,NA,NA,242,2026-03-03,20:25:28,5,2,"Batten, Chase",1000425453,Left,ABI_WIL,"Brunson, Chase",815313,Right,TCU_HFG,Undefined,6,Bottom,1,1,0,Fastball,Four-Seam,FoulBallNotFieldable,Undefined,Undefined,Undefined,0,0,NA,91.13468,-2.123985,3.97051,2299.055368,130.22841,10:15:00,6.00012,-2.5973,5.19142,-17.90025,17.17406,-18.80403,2.50453,-0.42299,82.27132,-5.496236,0.648476,0.426252,NA,NA,NA,NA,NA,NA,NA,NA,NA,NA,NA,10.33524,9.50402,2.24182,50,5.78918,-8.1907,-131.67224,-5.4892,17.98291,30.28518,-15.6374,TCU_HFG,ABI_WIL,TCU,D1,BIG12,20260303-TCU-2,699e4780-1771-11f1-89da-3b5d2295cb78,88.42769,NA,NA,8.86336,NA,NA,NA,NA,NA,NA,5cabaece-df46-4300-b3c7-55df33123daa,2026-03-04,02:25:28,2026-03-04T02:25:28Z,2026-03-04T02:25:28Z,NA,v3,5045,471223,5b1f43e35ca0421ba59ea357c474eb40,"Gray, Brady",830795,Right,ABI_WIL,dd2513d6-3b21-415d-a0ab-c7833372fee4,55.30494,-132.8868,15.14259,5.99674,-4.86207,-7.8187,2.58476,-8.91188,8.99145,NA,NA,NA,NA,NA,NA,NA,NA,NA,NA,NA,NA,NA,NA,NA,NA,NA,NA,NA,NA,NA,NA,NA,NA,NA,NA,NA,NA,NA,NA,NA,NA,NA,NA,NA,NA,NA,NA,NA,NA,NA,NA,NA,NA,NA,NA,NA,NA,NA,NA,High,High,High,NA,NA,NA,NA,NA,NA,NA,NA,NA,NA,NA,NA,NA,NA,NA,NA,NA,NA,NA,NA,NA,NA,NA,NA,NA,NA,NA,NA,NA,NA,NA,NA,NA,NA,NA,NA,NA,NA,NA,NA,NA,NA,NA,NA,NA,NA,NA,NA,NA,NA,NA,NA,NA,NA,NA,NA,NA
NA,NA,NA,NA,NA,NA,NA,NA,NA,NA,NA,NA,NA,NA,NA,NA,243,2026-03-03,20:26:00,5,3,"Batten, Chase",1000425453,Left,ABI_WIL,"Brunson, Chase",815313,Right,TCU_HFG,Undefined,6,Bottom,1,1,1,Slider,Slider,HitByPitch,Undefined,Undefined,Undefined,0,0,NA,81.75628,0.296341,4.840524,2433.559625,225.23736,01:30:00,5.60061,-2.68442,5.13498,-41.80719,2.38095,0.72244,2.39677,1.94523,73.53109,-7.331314,4.967609,0.478437,NA,NA,NA,NA,NA,NA,NA,NA,NA,NA,NA,1.29591,1.54303,2.22865,50,5.59647,-10.02071,-117.96609,-0.89116,1.78668,26.95888,-30.04665,TCU_HFG,ABI_WIL,TCU,D1,BIG12,20260303-TCU-2,7c98fba0-1771-11f1-89da-3b5d2295cb78,78.78253,NA,NA,8.22519,NA,NA,NA,NA,NA,NA,5cabaece-df46-4300-b3c7-55df33123daa,2026-03-04,02:26:00,2026-03-04T02:26:00Z,2026-03-04T02:26:00Z,NA,v3,5045,471223,5b1f43e35ca0421ba59ea357c474eb40,"Gray, Brady",830795,Right,ABI_WIL,fcabdf11-f791-4bd7-95b7-a1192b7fe0f3,55.36462,-119.18577,13.47944,5.60603,0.46822,-15.02332,2.68383,-10.10155,0.89334,NA,NA,NA,NA,NA,NA,NA,NA,NA,NA,NA,NA,NA,NA,NA,NA,NA,NA,NA,NA,NA,NA,NA,NA,NA,NA,NA,NA,NA,NA,NA,NA,NA,NA,NA,NA,NA,NA,NA,NA,NA,NA,NA,NA,NA,NA,NA,NA,NA,NA,High,High,High,NA,NA,NA,NA,NA,NA,NA,NA,NA,NA,NA,NA,NA,NA,NA,NA,NA,NA,NA,NA,NA,NA,NA,NA,NA,NA,NA,NA,NA,NA,NA,NA,NA,NA,NA,NA,NA,NA,NA,NA,NA,NA,NA,NA,NA,NA,NA,NA,NA,NA,NA,NA,NA,NA,NA,NA,NA
NA,NA,NA,NA,NA,NA,NA,NA,NA,NA,NA,NA,NA,NA,NA,NA,244,2026-03-03,20:26:41,6,1,"Batten, Chase",1000425453,Left,ABI_WIL,"Traeger, Nolan",807253,Left,TCU_HFG,Undefined,6,Bottom,1,0,0,Fastball,Four-Seam,BallCalled,Undefined,Undefined,Undefined,0,0,NA,91.63464,-0.868199,3.815647,2273.593955,136.748865,10:30:00,6.00135,-2.36617,5.4482,-17.91044,16.32402,-14.23363,3.69407,0.02551,82.8483,-4.253763,1.289791,0.421117,NA,NA,NA,NA,NA,NA,NA,NA,NA,NA,NA,8.28209,8.81044,2.03862,50,5.91252,-8.18072,-132.62623,-2.60425,14.62986,30.54978,-16.61088,TCU_HFG,ABI_WIL,TCU,D1,BIG12,20260303-TCU-2,95082bc0-1771-11f1-89da-3b5d2295cb78,89.50577,NA,NA,8.78634,NA,NA,NA,NA,NA,NA,5cabaece-df46-4300-b3c7-55df33123daa,2026-03-04,02:26:41,2026-03-04T02:26:41Z,2026-03-04T02:26:41Z,NA,v3,5045,471223,5b1f43e35ca0421ba59ea357c474eb40,"Gray, Brady",830795,Right,ABI_WIL,08a5f88b-1cea-4c6a-842c-75af4041fe46,55.052,-133.78488,15.27489,5.99934,-1.97426,-8.30544,2.3594,-8.73557,7.31493,NA,NA,NA,NA,NA,NA,NA,NA,NA,NA,NA,NA,NA,NA,NA,NA,NA,NA,NA,NA,NA,NA,NA,NA,NA,NA,NA,NA,NA,NA,NA,NA,NA,NA,NA,NA,NA,NA,NA,NA,NA,NA,NA,NA,NA,NA,NA,NA,NA,NA,High,High,High,NA,NA,NA,NA,NA,NA,NA,NA,NA,NA,NA,NA,NA,NA,NA,NA,NA,NA,NA,NA,NA,NA,NA,NA,NA,NA,NA,NA,NA,NA,NA,NA,NA,NA,NA,NA,NA,NA,NA,NA,NA,NA,NA,NA,NA,NA,NA,NA,NA,NA,NA,NA,NA,NA,NA,NA,NA
NA,NA,NA,NA,NA,NA,NA,NA,NA,NA,NA,NA,NA,NA,NA,NA,245,2026-03-03,20:26:57,6,2,"Batten, Chase",1000425453,Left,ABI_WIL,"Traeger, Nolan",807253,Left,TCU_HFG,Undefined,6,Bottom,1,1,0,Fastball,Four-Seam,InPlay,Undefined,GroundBall,FieldersChoice,1,1,NA,90.43357,-1.985269,2.923375,2311.199669,139.140364,10:45:00,5.99206,-2.32059,5.08971,-19.08088,16.4795,-13.1878,2.5276,-0.66177,82.01184,-5.551563,0.594701,0.429195,67.28697,-17.320306,14.405467,NA,NA,NA,NA,10.23421,5.58489,16.108348,0.096373,7.47528,9.1539,2.05488,50,5.78962,-6.07097,-130.90914,-5.21749,12.87496,29.56504,-16.4079,TCU_HFG,ABI_WIL,TCU,D1,BIG12,20260303-TCU-2,9e3d5940-1771-11f1-89da-3b5d2295cb78,87.82125,3.03285,NA,8.42173,NA,NA,NA,1.11506,3.03285,0.46097,5cabaece-df46-4300-b3c7-55df33123daa,2026-03-04,02:26:57,2026-03-04T02:26:57Z,2026-03-04T02:26:57Z,GroundBall,v3,5045,471223,5b1f43e35ca0421ba59ea357c474eb40,"Gray, Brady",830795,Right,ABI_WIL,c4557bf0-4aae-4478-8626-d6820aaf7136,55.41226,-132.12582,14.78252,5.99044,-4.54227,-8.20395,2.31562,-6.60081,6.43748,NA,1.11497,91.26302,-8.37557,NA,NA,NA,NA,NA,NA,3.03288,-29.38575,-21.63277,NA,NA,NA,NA,NA,NA,0.46096,23.4408,12.86883,NA,NA,NA,NA,NA,NA,NA,NA,NA,NA,NA,NA,NA,NA,NA,NA,NA,NA,NA,NA,NA,NA,NA,NA,NA,NA,NA,NA,High,High,High,Low,Low,NA,NA,NA,NA,NA,NA,NA,NA,NA,NA,NA,NA,NA,NA,NA,NA,NA,NA,NA,NA,NA,NA,NA,NA,NA,NA,NA,NA,NA,NA,NA,NA,NA,NA,NA,NA,NA,NA,NA,NA,NA,NA,NA,NA,NA,NA,NA,NA,NA,NA,NA,NA,NA,NA,NA
NA,NA,NA,NA,NA,NA,NA,NA,NA,NA,NA,NA,NA,NA,NA,NA,246,2026-03-03,20:31:17,7,1,"Galvan, Noah",822833,Right,ABI_WIL,"Gargett, Kyuss",812291,Right,TCU_HFG,Undefined,6,Bottom,2,0,0,Curveball,Curveball,BallCalled,Undefined,Undefined,Undefined,0,0,NA,73.04917,0.508203,-0.541684,2256.541427,48.78062,07:45:00,5.33998,2.16479,5.90645,-63.16578,-10.08615,-13.63229,0.54796,0.52591,66.74538,-11.053298,-2.998274,0.524367,NA,NA,NA,NA,NA,NA,NA,NA,NA,NA,NA,6.88048,-4.9465,-2.11316,50,5.34434,1.46376,-106.08725,-0.93065,7.69217,21.36693,-37.70409,TCU_HFG,ABI_WIL,TCU,D1,BIG12,20260303-TCU-2,394156d0-1772-11f1-89da-3b5d2295cb78,71.88177,NA,NA,6.30379,NA,NA,NA,NA,NA,NA,5cabaece-df46-4300-b3c7-55df33123daa,2026-03-04,02:31:17,2026-03-04T02:31:17Z,2026-03-04T02:31:17Z,NA,v3,5045,471223,5b1f43e35ca0421ba59ea357c474eb40,"Gray, Brady",830795,Right,ABI_WIL,c6775de8-d9ae-4c80-94a4-dcaf5ffae9aa,54.59916,-107.00955,10.68346,5.34939,0.69685,-18.85204,-2.16918,1.13173,3.84608,NA,NA,NA,NA,NA,NA,NA,NA,NA,NA,NA,NA,NA,NA,NA,NA,NA,NA,NA,NA,NA,NA,NA,NA,NA,NA,NA,NA,NA,NA,NA,NA,NA,NA,NA,NA,NA,NA,NA,NA,NA,NA,NA,NA,NA,NA,NA,NA,NA,NA,High,High,High,NA,NA,NA,NA,NA,NA,NA,NA,NA,NA,NA,NA,NA,NA,NA,NA,NA,NA,NA,NA,NA,NA,NA,NA,NA,NA,NA,NA,NA,NA,NA,NA,NA,NA,NA,NA,NA,NA,NA,NA,NA,NA,NA,NA,NA,NA,NA,NA,NA,NA,NA,NA,NA,NA,NA,NA,NA
NA,NA,NA,NA,NA,NA,NA,NA,NA,NA,NA,NA,NA,NA,NA,NA,247,2026-03-03,20:31:46,7,2,"Galvan, Noah",822833,Right,ABI_WIL,"Gargett, Kyuss",812291,Right,TCU_HFG,Undefined,6,Bottom,2,1,0,Curveball,Curveball,BallCalled,Undefined,Undefined,Undefined,0,0,NA,68.42164,4.835148,-1.592268,2008.680596,40.124717,07:15:00,5.52782,1.5747,5.93703,-71.94327,-11.20099,-11.22158,4.03079,-0.83804,61.97968,-8.403908,-3.603611,0.560941,NA,NA,NA,NA,NA,NA,NA,NA,NA,NA,NA,5.17362,-6.54725,-1.44148,50,5.87513,3.12872,-98.99879,6.33899,5.05388,18.1188,-38.56973,TCU_HFG,ABI_WIL,TCU,D1,BIG12,20260303-TCU-2,4b049c60-1772-11f1-89da-3b5d2295cb78,67.19505,NA,NA,6.44196,NA,NA,NA,NA,NA,NA,5cabaece-df46-4300-b3c7-55df33123daa,2026-03-04,02:31:46,2026-03-04T02:31:46Z,2026-03-04T02:31:46Z,NA,v3,5045,471223,5b1f43e35ca0421ba59ea357c474eb40,"Gray, Brady",830795,Right,ABI_WIL,69f6d8eb-1230-4b27-ba1b-cb10bc88fc00,54.56754,-99.83124,9.0594,5.54319,8.11104,-19.28487,-1.57989,2.89653,2.52694,NA,NA,NA,NA,NA,NA,NA,NA,NA,NA,NA,NA,NA,NA,NA,NA,NA,NA,NA,NA,NA,NA,NA,NA,NA,NA,NA,NA,NA,NA,NA,NA,NA,NA,NA,NA,NA,NA,NA,NA,NA,NA,NA,NA,NA,NA,NA,NA,NA,NA,High,High,High,NA,NA,NA,NA,NA,NA,NA,NA,NA,NA,NA,NA,NA,NA,NA,NA,NA,NA,NA,NA,NA,NA,NA,NA,NA,NA,NA,NA,NA,NA,NA,NA,NA,NA,NA,NA,NA,NA,NA,NA,NA,NA,NA,NA,NA,NA,NA,NA,NA,NA,NA,NA,NA,NA,NA,NA,NA
NA,NA,NA,NA,NA,NA,NA,NA,NA,NA,NA,NA,NA,NA,NA,NA,248,2026-03-03,20:32:45,7,3,"Galvan, Noah",822833,Right,ABI_WIL,"Dallimore, Brady",834396,Right,TCU_HFG,Undefined,6,Bottom,2,0,0,Curveball,Curveball,BallCalled,Undefined,Undefined,Undefined,0,0,NA,72.11286,3.561061,1.312051,2246.255492,51.945193,07:45:00,5.48332,1.92375,5.83646,-63.45488,-8.90099,-13.76375,3.51059,1.99655,65.4661,-8.105372,-1.155764,0.531599,NA,NA,NA,NA,NA,NA,NA,NA,NA,NA,NA,7.53237,-5.31756,-2.02217,50,5.73608,-1.93072,-104.54173,4.64143,8.22522,19.80681,-37.98075,TCU_HFG,ABI_WIL,TCU,D1,BIG12,20260303-TCU-2,6da07960-1772-11f1-89da-3b5d2295cb78,70.90389,NA,NA,6.64676,NA,NA,NA,NA,NA,NA,5cabaece-df46-4300-b3c7-55df33123daa,2026-03-04,02:32:45,2026-03-04T02:32:45Z,2026-03-04T02:32:45Z,NA,v3,5045,471223,5b1f43e35ca0421ba59ea357c474eb40,"Gray, Brady",830795,Right,ABI_WIL,e583e7c3-dcc6-4920-bb2a-013a9b7c79aa,54.66953,-105.42272,9.90341,5.49206,6.33078,-18.99038,-1.92815,-2.29657,4.11261,NA,NA,NA,NA,NA,NA,NA,NA,NA,NA,NA,NA,NA,NA,NA,NA,NA,NA,NA,NA,NA,NA,NA,NA,NA,NA,NA,NA,NA,NA,NA,NA,NA,NA,NA,NA,NA,NA,NA,NA,NA,NA,NA,NA,NA,NA,NA,NA,NA,NA,High,High,High,NA,NA,NA,NA,NA,NA,NA,NA,NA,NA,NA,NA,NA,NA,NA,NA,NA,NA,NA,NA,NA,NA,NA,NA,NA,NA,NA,NA,NA,NA,NA,NA,NA,NA,NA,NA,NA,NA,NA,NA,NA,NA,NA,NA,NA,NA,NA,NA,NA,NA,NA,NA,NA,NA,NA,NA,NA
NA,NA,NA,NA,NA,NA,NA,NA,NA,NA,NA,NA,NA,NA,NA,NA,249,2026-03-03,20:33:03,7,4,"Galvan, Noah",822833,Right,ABI_WIL,"Dallimore, Brady",834396,Right,TCU_HFG,Undefined,6,Bottom,2,1,0,Curveball,Curveball,StrikeSwinging,Undefined,Undefined,Undefined,0,0,NA,72.82314,2.073334,-1.15943,2320.358897,44.646312,07:30:00,5.41957,1.89425,6.41783,-63.59421,-10.92835,-12.68292,2.0274200000000002,-0.22874,65.99112,-9.725775,-3.461857,0.522319,NA,NA,NA,NA,NA,NA,NA,NA,NA,NA,NA,6.18658,-5.7954,-1.80622,50,5.54024,2.55915,-105.71506,2.05465,6.83776,21.94043,-38.57942,TCU_HFG,ABI_WIL,TCU,D1,BIG12,20260303-TCU-2,785fc950-1772-11f1-89da-3b5d2295cb78,72.1636,NA,NA,6.83202,NA,NA,NA,NA,NA,NA,5cabaece-df46-4300-b3c7-55df33123daa,2026-03-04,02:33:03,2026-03-04T02:33:03Z,2026-03-04T02:33:03Z,NA,v3,5045,471223,5b1f43e35ca0421ba59ea357c474eb40,"Gray, Brady",830795,Right,ABI_WIL,1021a994-f942-47da-9ea2-063c6d6df312,54.086,-106.5597,10.97021,5.43256,3.53986,-19.28971,-1.89967,2.29591,3.41888,NA,NA,NA,NA,NA,NA,NA,NA,NA,NA,NA,NA,NA,NA,NA,NA,NA,NA,NA,NA,NA,NA,NA,NA,NA,NA,NA,NA,NA,NA,NA,NA,NA,NA,NA,NA,NA,NA,NA,NA,NA,NA,NA,NA,NA,NA,NA,NA,NA,NA,High,High,High,NA,NA,NA,NA,NA,NA,NA,NA,NA,NA,NA,NA,NA,NA,NA,NA,NA,NA,NA,NA,NA,NA,NA,NA,NA,NA,NA,NA,NA,NA,NA,NA,NA,NA,NA,NA,NA,NA,NA,NA,NA,NA,NA,NA,NA,NA,NA,NA,NA,NA,NA,NA,NA,NA,NA,NA,NA
NA,NA,NA,NA,NA,NA,NA,NA,NA,NA,NA,NA,NA,NA,NA,NA,250,2026-03-03,20:33:22,7,5,"Galvan, Noah",822833,Right,ABI_WIL,"Dallimore, Brady",834396,Right,TCU_HFG,Undefined,6,Bottom,2,1,1,Curveball,Curveball,BallCalled,Undefined,Undefined,Undefined,0,0,NA,74.94225,1.80343,-2.350331,2359.578615,47.19955,07:30:00,5.39316,1.91455,6.38619,-58.80145,-9.0615,-11.69268,2.15399,-1.22315,67.99317,-9.096402,-4.467533,0.507603,NA,NA,NA,NA,NA,NA,NA,NA,NA,NA,NA,5.265,-4.74126,-1.74043,50,5.49728,4.86247,-108.7326,1.73622,6.17216,22.76019,-37.73219,TCU_HFG,ABI_WIL,TCU,D1,BIG12,20260303-TCU-2,83dfd130-1772-11f1-89da-3b5d2295cb78,74.25578,NA,NA,6.94908,NA,NA,NA,NA,NA,NA,5cabaece-df46-4300-b3c7-55df33123daa,2026-03-04,02:33:22,2026-03-04T02:33:22Z,2026-03-04T02:33:22Z,NA,v3,5045,471223,5b1f43e35ca0421ba59ea357c474eb40,"Gray, Brady",830795,Right,ABI_WIL,8e40c06a-87de-4110-b6a1-a116d1f16bf7,54.1169,-109.59096,11.3801,5.40496,3.15924,-18.8661,-1.91942,4.6297,3.08608,NA,NA,NA,NA,NA,NA,NA,NA,NA,NA,NA,NA,NA,NA,NA,NA,NA,NA,NA,NA,NA,NA,NA,NA,NA,NA,NA,NA,NA,NA,NA,NA,NA,NA,NA,NA,NA,NA,NA,NA,NA,NA,NA,NA,NA,NA,NA,NA,NA,NA,High,High,High,NA,NA,NA,NA,NA,NA,NA,NA,NA,NA,NA,NA,NA,NA,NA,NA,NA,NA,NA,NA,NA,NA,NA,NA,NA,NA,NA,NA,NA,NA,NA,NA,NA,NA,NA,NA,NA,NA,NA,NA,NA,NA,NA,NA,NA,NA,NA,NA,NA,NA,NA,NA,NA,NA,NA,NA,NA
NA,NA,NA,NA,NA,NA,NA,NA,NA,NA,NA,NA,NA,NA,NA,NA,251,2026-03-03,20:33:43,7,6,"Galvan, Noah",822833,Right,ABI_WIL,"Dallimore, Brady",834396,Right,TCU_HFG,Undefined,6,Bottom,2,2,1,Curveball,Curveball,BallCalled,Undefined,Undefined,Undefined,0,0,NA,71.46946,3.488599,0.970065,2223.416608,56.028475,07:45:00,5.40316,1.97516,6.42366,-59.9435,-6.20453,-11.6828,3.61923,1.89342,65.5176,-7.638975,-1.147555,0.527614,NA,NA,NA,NA,NA,NA,NA,NA,NA,NA,NA,6.4628,-3.91878,-2.0389,50,5.62463,-1.4039,-103.81652,4.75941,7.03243,17.8609,-36.43823,TCU_HFG,ABI_WIL,TCU,D1,BIG12,20260303-TCU-2,9043a960-1772-11f1-89da-3b5d2295cb78,71.43948,NA,NA,5.95186,NA,NA,NA,NA,NA,NA,5cabaece-df46-4300-b3c7-55df33123daa,2026-03-04,02:33:43,2026-03-04T02:33:43Z,2026-03-04T02:33:43Z,NA,v3,5045,471223,5b1f43e35ca0421ba59ea357c474eb40,"Gray, Brady",830795,Right,ABI_WIL,a708ca6a-490c-4e99-8ead-c7ac0306a9ab,54.08292,-104.51659,8.93045,5.41009,6.18764,-18.21911,-1.97847,-1.67954,3.51622,NA,NA,NA,NA,NA,NA,NA,NA,NA,NA,NA,NA,NA,NA,NA,NA,NA,NA,NA,NA,NA,NA,NA,NA,NA,NA,NA,NA,NA,NA,NA,NA,NA,NA,NA,NA,NA,NA,NA,NA,NA,NA,NA,NA,NA,NA,NA,NA,NA,NA,High,High,High,NA,NA,NA,NA,NA,NA,NA,NA,NA,NA,NA,NA,NA,NA,NA,NA,NA,NA,NA,NA,NA,NA,NA,NA,NA,NA,NA,NA,NA,NA,NA,NA,NA,NA,NA,NA,NA,NA,NA,NA,NA,NA,NA,NA,NA,NA,NA,NA,NA,NA,NA,NA,NA,NA,NA,NA,NA
NA,NA,NA,NA,NA,NA,NA,NA,NA,NA,NA,NA,NA,NA,NA,NA,252,2026-03-03,20:34:04,7,7,"Galvan, Noah",822833,Right,ABI_WIL,"Dallimore, Brady",834396,Right,TCU_HFG,Undefined,6,Bottom,2,3,1,Fastball,Cutter,StrikeCalled,Undefined,Undefined,Undefined,0,0,NA,87.16109,-1.797612,-1.816727,2357.136571,162.129779,11:30:00,5.61695,1.98854,6.74714,-19.15588,16.43174,-4.93902,2.37693,-0.08339,79.89616,-5.463635,-2.716809,0.429359,NA,NA,NA,NA,NA,NA,NA,NA,NA,NA,NA,2.09437,9.52654,-1.86761,50,5.49097,4.20069,-126.67588,-4.4502,3.40341,25.85716,-16.69315,TCU_HFG,ABI_WIL,TCU,D1,BIG12,20260303-TCU-2,9d208220-1772-11f1-89da-3b5d2295cb78,87.78763,NA,NA,7.26493,NA,NA,NA,NA,NA,NA,5cabaece-df46-4300-b3c7-55df33123daa,2026-03-04,02:34:04,2026-03-04T02:34:04Z,2026-03-04T02:34:04Z,NA,v3,5045,471223,5b1f43e35ca0421ba59ea357c474eb40,"Gray, Brady",830795,Right,ABI_WIL,35acf28f-c57a-4545-bae6-a21d7086cacd,53.75367,-127.43977,12.92858,5.61516,-3.95703,-8.34658,-1.99022,4.10015,1.7017,NA,NA,NA,NA,NA,NA,NA,NA,NA,NA,NA,NA,NA,NA,NA,NA,NA,NA,NA,NA,NA,NA,NA,NA,NA,NA,NA,NA,NA,NA,NA,NA,NA,NA,NA,NA,NA,NA,NA,NA,NA,NA,NA,NA,NA,NA,NA,NA,NA,NA,High,High,High,NA,NA,NA,NA,NA,NA,NA,NA,NA,NA,NA,NA,NA,NA,NA,NA,NA,NA,NA,NA,NA,NA,NA,NA,NA,NA,NA,NA,NA,NA,NA,NA,NA,NA,NA,NA,NA,NA,NA,NA,NA,NA,NA,NA,NA,NA,NA,NA,NA,NA,NA,NA,NA,NA,NA,NA,NA
NA,NA,NA,NA,NA,NA,NA,NA,NA,NA,NA,NA,NA,NA,NA,NA,253,2026-03-03,20:34:24,7,8,"Galvan, Noah",822833,Right,ABI_WIL,"Dallimore, Brady",834396,Right,TCU_HFG,Undefined,6,Bottom,2,3,2,Curveball,Curveball,FoulBallNotFieldable,Undefined,Undefined,Undefined,0,0,NA,73.99966,2.283708,-1.11107,2313.605882,53.030025,07:45:00,5.38619,1.94079,5.83375,-59.79806,-7.87351,-12.8756,2.52739,-0.1651,67.17644,-8.70591,-3.420488,0.51863,77.48574,59.277296,54.432518,5077.451845,NA,NA,NA,NA,62.84638,NA,NA,6.21654,-4.25941,-1.84239,50,5.53756,2.54004,-107.33184,2.45241,7.12594,21.58468,-37.05657,TCU_HFG,ABI_WIL,TCU,D1,BIG12,20260303-TCU-2,a8e3d490-1772-11f1-89da-3b5d2295cb78,72.67691,94.4613,NA,6.82323,NA,NA,NA,1.14055,2.65159,-0.00193,5cabaece-df46-4300-b3c7-55df33123daa,2026-03-04,02:34:24,2026-03-04T02:34:24Z,2026-03-04T02:34:24Z,NA,v3,5045,471223,5b1f43e35ca0421ba59ea357c474eb40,"Gray, Brady",830795,Right,ABI_WIL,a88ebb93-a1d3-4054-a58c-0b97145ce712,54.67015,-108.26694,10.79234,5.39654,4.0578,-18.52828,-1.94575,2.23133,3.56297,NA,1.14055,33.77106,-16.15261,5.42875,-1.42891,0.34152,-0.07608,0.01322,-0.00128,2.65159,97.69541,-26.14558,2.62086,-0.31464,0.003,0.00991,-0.00307,4.3e-4,-0.00193,47.22753,-6.39091,1.14346,-0.13961,0.00528,0.00313,-0.00113,1.3e-4,NA,NA,NA,NA,NA,NA,NA,NA,NA,NA,NA,NA,NA,NA,NA,NA,NA,NA,NA,NA,NA,NA,High,High,High,Medium,Undefined,NA,NA,NA,NA,NA,NA,NA,NA,NA,NA,NA,NA,NA,NA,NA,NA,NA,NA,NA,NA,NA,NA,NA,NA,NA,NA,NA,NA,NA,NA,NA,NA,NA,NA,NA,NA,NA,NA,NA,NA,NA,NA,NA,NA,NA,NA,NA,NA,NA,NA,NA,NA,NA,NA,NA
NA,NA,NA,NA,NA,NA,NA,NA,NA,NA,NA,NA,NA,NA,NA,NA,254,2026-03-03,20:34:57,7,9,"Galvan, Noah",822833,Right,ABI_WIL,"Dallimore, Brady",834396,Right,TCU_HFG,Undefined,6,Bottom,2,3,2,Curveball,Curveball,HitByPitch,Undefined,Undefined,Undefined,0,1,NA,71.31529,3.395192,1.518324,2119.892608,80.543131,08:45:00,5.26907,2.00189,6.0813,-56.49054,-1.08295,-18.20221,3.70767,1.89017,64.48467,-7.095008,-1.75799,0.535742,NA,NA,NA,NA,NA,NA,NA,NA,NA,NA,NA,9.98154,-1.22882,-2.10918,50,5.50164,-2.15019,-103.37979,4.58778,10.6291,19.80948,-33.48259,TCU_HFG,ABI_WIL,TCU,D1,BIG12,20260303-TCU-2,bc904c80-1772-11f1-89da-3b5d2295cb78,70.35552,NA,NA,6.83062,NA,NA,NA,NA,NA,NA,5cabaece-df46-4300-b3c7-55df33123daa,2026-03-04,02:34:57,2026-03-04T02:34:57Z,2026-03-04T02:34:57Z,NA,v3,5045,471223,5b1f43e35ca0421ba59ea357c474eb40,"Gray, Brady",830795,Right,ABI_WIL,44364a2c-aa6d-4290-b031-194eb44eead9,54.42314,-104.2239,9.90474,5.27575,6.01451,-16.74129,-2.00791,-2.60311,5.31455,NA,NA,NA,NA,NA,NA,NA,NA,NA,NA,NA,NA,NA,NA,NA,NA,NA,NA,NA,NA,NA,NA,NA,NA,NA,NA,NA,NA,NA,NA,NA,NA,NA,NA,NA,NA,NA,NA,NA,NA,NA,NA,NA,NA,NA,NA,NA,NA,NA,NA,High,High,High,NA,NA,NA,NA,NA,NA,NA,NA,NA,NA,NA,NA,NA,NA,NA,NA,NA,NA,NA,NA,NA,NA,NA,NA,NA,NA,NA,NA,NA,NA,NA,NA,NA,NA,NA,NA,NA,NA,NA,NA,NA,NA,NA,NA,NA,NA,NA,NA,NA,NA,NA,NA,NA,NA,NA,NA,NA
NA,NA,NA,NA,NA,NA,NA,NA,NA,NA,NA,NA,NA,NA,NA,NA,255,2026-03-03,20:35:39,8,1,"Galvan, Noah",822833,Right,ABI_WIL,"Franco, Lucas",815618,Left,TCU_HFG,Undefined,6,Bottom,2,0,0,Fastball,Slider,StrikeCalled,Undefined,Undefined,Undefined,0,0,NA,84.52867,-0.283779,-1.360229,2167.763241,178.185559,12:00:00,5.56862,2.04166,6.63458,-23.71245,14.26808,-0.41433,3.33268,0.7615,77.33558,-4.796595,-1.435616,0.443559,NA,NA,NA,NA,NA,NA,NA,NA,NA,NA,NA,-0.1635,7.95748,-1.94948,50,5.53951,2.93349,-122.91012,-1.22904,-0.2499,24.54416,-20.0111,TCU_HFG,ABI_WIL,TCU,D1,BIG12,20260303-TCU-2,d5cdf030-1772-11f1-89da-3b5d2295cb78,84.97719,NA,NA,7.19309,NA,NA,NA,NA,NA,NA,5cabaece-df46-4300-b3c7-55df33123daa,2026-03-04,02:35:39,2026-03-04T02:35:39Z,2026-03-04T02:35:39Z,NA,v3,5045,471223,5b1f43e35ca0421ba59ea357c474eb40,"Gray, Brady",830795,Right,ABI_WIL,ae259cf5-4954-4fb8-a473-a0f1bee72a50,53.86654,-123.67982,12.27208,5.56822,-0.60149,-10.00555,-2.0416,2.9413299999999998,-0.12495,NA,NA,NA,NA,NA,NA,NA,NA,NA,NA,NA,NA,NA,NA,NA,NA,NA,NA,NA,NA,NA,NA,NA,NA,NA,NA,NA,NA,NA,NA,NA,NA,NA,NA,NA,NA,NA,NA,NA,NA,NA,NA,NA,NA,NA,NA,NA,NA,NA,NA,High,High,High,NA,NA,NA,NA,NA,NA,NA,NA,NA,NA,NA,NA,NA,NA,NA,NA,NA,NA,NA,NA,NA,NA,NA,NA,NA,NA,NA,NA,NA,NA,NA,NA,NA,NA,NA,NA,NA,NA,NA,NA,NA,NA,NA,NA,NA,NA,NA,NA,NA,NA,NA,NA,NA,NA,NA,NA,NA
NA,NA,NA,NA,NA,NA,NA,NA,NA,NA,NA,NA,NA,NA,NA,NA,256,2026-03-03,20:35:59,8,2,"Galvan, Noah",822833,Right,ABI_WIL,"Franco, Lucas",815618,Left,TCU_HFG,Undefined,6,Bottom,2,0,1,Fastball,Cutter,StrikeCalled,Undefined,Undefined,Undefined,0,0,NA,86.46109,-0.885625,-1.66867,2355.66954,175.148563,11:45:00,5.56396,2.14225,6.52871,-23.21714,13.21615,-1.02563,2.8163,0.52546,79.22587,-5.28374,-1.854887,0.434431,NA,NA,NA,NA,NA,NA,NA,NA,NA,NA,NA,0.07437,7.52685,-2.02587,50,5.49222,3.69997,-125.67937,-2.58551,0.11897,25.37468,-20.13044,TCU_HFG,ABI_WIL,TCU,D1,BIG12,20260303-TCU-2,e1838700-1772-11f1-89da-3b5d2295cb78,86.76283,NA,NA,7.23521,NA,NA,NA,NA,NA,NA,5cabaece-df46-4300-b3c7-55df33123daa,2026-03-04,02:35:59,2026-03-04T02:35:59Z,2026-03-04T02:35:59Z,NA,v3,5045,471223,5b1f43e35ca0421ba59ea357c474eb40,"Gray, Brady",830795,Right,ABI_WIL,6e6d108d-96c7-4a6d-b999-6cb34326587d,53.97239,-126.47885,12.68734,5.56369,-1.95125,-10.06522,-2.14238,3.69622,0.05948,NA,NA,NA,NA,NA,NA,NA,NA,NA,NA,NA,NA,NA,NA,NA,NA,NA,NA,NA,NA,NA,NA,NA,NA,NA,NA,NA,NA,NA,NA,NA,NA,NA,NA,NA,NA,NA,NA,NA,NA,NA,NA,NA,NA,NA,NA,NA,NA,NA,NA,High,High,High,NA,NA,NA,NA,NA,NA,NA,NA,NA,NA,NA,NA,NA,NA,NA,NA,NA,NA,NA,NA,NA,NA,NA,NA,NA,NA,NA,NA,NA,NA,NA,NA,NA,NA,NA,NA,NA,NA,NA,NA,NA,NA,NA,NA,NA,NA,NA,NA,NA,NA,NA,NA,NA,NA,NA,NA,NA
NA,NA,NA,NA,NA,NA,NA,NA,NA,NA,NA,NA,NA,NA,NA,NA,257,2026-03-03,20:36:23,8,3,"Galvan, Noah",822833,Right,ABI_WIL,"Franco, Lucas",815618,Left,TCU_HFG,Undefined,6,Bottom,2,0,2,Curveball,Curveball,StrikeCalled,Strikeout,Undefined,Undefined,0,0,NA,69.38662,3.852131,-0.087657,2192.723176,37.624159,07:15:00,5.48442,1.48062,5.92556,-70.165,-12.07757,-10.6791,3.21734,0.50936,63.83094,-9.006264,-2.006219,0.548545,NA,NA,NA,NA,NA,NA,NA,NA,NA,NA,NA,5.42622,-6.68681,-1.46761,50,5.75349,0.50789,-100.71933,4.76938,5.56498,16.60374,-39.0319,TCU_HFG,ABI_WIL,TCU,D1,BIG12,20260303-TCU-2,efb1e600-1772-11f1-89da-3b5d2295cb78,68.71346,NA,NA,5.55568,NA,NA,NA,NA,NA,NA,5cabaece-df46-4300-b3c7-55df33123daa,2026-03-04,02:36:23,2026-03-04T02:36:23Z,2026-03-04T02:36:23Z,NA,v3,5045,471223,5b1f43e35ca0421ba59ea357c474eb40,"Gray, Brady",830795,Right,ABI_WIL,4efe2ace-3249-4c06-8c0b-f516d7f7bf6e,54.58173,-101.47183,8.30187,5.49725,6.53833,-19.51595,-1.48491,0.25568,2.78249,NA,NA,NA,NA,NA,NA,NA,NA,NA,NA,NA,NA,NA,NA,NA,NA,NA,NA,NA,NA,NA,NA,NA,NA,NA,NA,NA,NA,NA,NA,NA,NA,NA,NA,NA,NA,NA,NA,NA,NA,NA,NA,NA,NA,NA,NA,NA,NA,NA,NA,High,High,High,NA,NA,NA,NA,NA,NA,NA,NA,NA,NA,NA,NA,NA,NA,NA,NA,NA,NA,NA,NA,NA,NA,NA,NA,NA,NA,NA,NA,NA,NA,NA,NA,NA,NA,NA,NA,NA,NA,NA,NA,NA,NA,NA,NA,NA,NA,NA,NA,NA,NA,NA,NA,NA,NA,NA,NA,NA
NA,NA,NA,NA,NA,NA,NA,NA,NA,NA,NA,NA,NA,NA,NA,NA,258,2026-03-03,20:38:44,1,1,"Sagouspe, Tanner",701693,Right,TCU_HFG,"Arias, Nick",808897,Right,ABI_WIL,Undefined,7,Top,0,0,0,Fastball,Four-Seam,BallCalled,Undefined,Undefined,Undefined,0,0,NA,91.23779,-0.748192,-0.239695,2205.503358,192.522658,12:30:00,6.37326,0.47685,5.11343,-16.37702,18.30781,3.81193,4.30357,0.56869,82.92798,-3.836208,0.434598,0.423878,NA,NA,NA,NA,NA,NA,NA,NA,NA,NA,NA,-1.95488,9.64001,-0.45735,50,6.29062,0.36997,-132.30898,-2.27798,-3.45332,29.13938,-15.14485,TCU_HFG,ABI_WIL,TCU,D1,BIG12,20260303-TCU-2,43871480-1773-11f1-89da-3b5d2295cb78,88.92277,NA,NA,8.3098,NA,NA,NA,NA,NA,NA,5cabaece-df46-4300-b3c7-55df33123daa,2026-03-04,02:38:44,2026-03-04T02:38:44Z,2026-03-04T02:38:44Z,NA,v3,5045,471223,5b1f43e35ca0421ba59ea357c474eb40,"Dallimore, Brady",834396,Right,TCU_HFG,50db2164-90e3-4d20-a78a-a9431780642b,55.38607,-133.48992,14.56969,6.3705,-1.6642,-7.57242,-0.47518,0.50992,-1.72666,NA,NA,NA,NA,NA,NA,NA,NA,NA,NA,NA,NA,NA,NA,NA,NA,NA,NA,NA,NA,NA,NA,NA,NA,NA,NA,NA,NA,NA,NA,NA,NA,NA,NA,NA,NA,NA,NA,NA,NA,NA,NA,NA,NA,NA,NA,NA,NA,NA,NA,High,High,High,NA,NA,NA,NA,NA,NA,NA,NA,NA,NA,NA,NA,NA,NA,NA,NA,NA,NA,NA,NA,NA,NA,NA,NA,NA,NA,NA,NA,NA,NA,NA,NA,NA,NA,NA,NA,NA,NA,NA,NA,NA,NA,NA,NA,NA,NA,NA,NA,NA,NA,NA,NA,NA,NA,NA,NA,NA
NA,NA,NA,NA,NA,NA,NA,NA,NA,NA,NA,NA,NA,NA,NA,NA,259,2026-03-03,20:39:02,1,2,"Sagouspe, Tanner",701693,Right,TCU_HFG,"Arias, Nick",808897,Right,ABI_WIL,Undefined,7,Top,0,1,0,Fastball,Four-Seam,BallCalled,Undefined,Undefined,Undefined,0,0,NA,92.0985,-2.402993,-2.056682,2274.889347,186.159345,12:15:00,6.28311,0.30546,5.46673,-15.40036,18.39564,1.85929,2.74787,-1.4654,83.54455,-5.327454,-1.725947,0.418412,NA,NA,NA,NA,NA,NA,NA,NA,NA,NA,NA,-1.5435,10.30107,-0.12562,50,6.06112,4.70246,-133.38535,-6.07936,-2.76094,30.60147,-13.7481,TCU_HFG,ABI_WIL,TCU,D1,BIG12,20260303-TCU-2,4e8df4c0-1773-11f1-89da-3b5d2295cb78,90.08452,NA,NA,8.55395,NA,NA,NA,NA,NA,NA,5cabaece-df46-4300-b3c7-55df33123daa,2026-03-04,02:39:02,2026-03-04T02:39:02Z,2026-03-04T02:39:02Z,NA,v3,5045,471223,5b1f43e35ca0421ba59ea357c474eb40,"Dallimore, Brady",834396,Right,TCU_HFG,17bd0e1d-c12c-4044-946e-be97e01e5e14,55.032,-134.53485,15.30074,6.27978,-5.56294,-6.87405,-0.30421,4.80617,-1.38047,NA,NA,NA,NA,NA,NA,NA,NA,NA,NA,NA,NA,NA,NA,NA,NA,NA,NA,NA,NA,NA,NA,NA,NA,NA,NA,NA,NA,NA,NA,NA,NA,NA,NA,NA,NA,NA,NA,NA,NA,NA,NA,NA,NA,NA,NA,NA,NA,NA,NA,High,High,High,NA,NA,NA,NA,NA,NA,NA,NA,NA,NA,NA,NA,NA,NA,NA,NA,NA,NA,NA,NA,NA,NA,NA,NA,NA,NA,NA,NA,NA,NA,NA,NA,NA,NA,NA,NA,NA,NA,NA,NA,NA,NA,NA,NA,NA,NA,NA,NA,NA,NA,NA,NA,NA,NA,NA,NA,NA
NA,NA,NA,NA,NA,NA,NA,NA,NA,NA,NA,NA,NA,NA,NA,NA,260,2026-03-03,20:39:17,1,3,"Sagouspe, Tanner",701693,Right,TCU_HFG,"Arias, Nick",808897,Right,ABI_WIL,Undefined,7,Top,0,2,0,Fastball,Four-Seam,FoulBallNotFieldable,Undefined,Undefined,Undefined,0,0,NA,92.33361,-3.683803,-1.491372,2386.768313,189.349814,12:15:00,6.33439,0.23272,5.59006,-11.62442,21.79592,3.40095,1.91981,-0.87684,84.00665,-5.93116,-0.884777,0.41608,73.15113,11.978638,152.752001,3269.000773,-103.25428,7.22996,37.92776,138.19246,46.24324,161.846767,1.666015,-2.16642,12.4741,-0.10694,50,6.01041,3.32876,-133.72273,-8.92669,-3.90306,30.1899,-9.70061,TCU_HFG,ABI_WIL,TCU,D1,BIG12,20260303-TCU-2,572fbbe0-1773-11f1-89da-3b5d2295cb78,90.58945,10.5563,NA,8.32696,NA,NA,NA,1.67451,2.13218,0.61351,5cabaece-df46-4300-b3c7-55df33123daa,2026-03-04,02:39:17,2026-03-04T02:39:17Z,2026-03-04T02:39:17Z,GroundBall,v3,5045,471223,5b1f43e35ca0421ba59ea357c474eb40,"Dallimore, Brady",834396,Right,TCU_HFG,87c0515c-ae6d-47e5-b8d7-0fe6353d412b,54.91166,-134.82705,15.09495,6.33045,-8.57185,-4.85031,-0.23132,3.47153,-1.95153,NA,1.52361,-92.09242,7.46693,NA,NA,NA,NA,NA,NA,2.26219,21.22611,-13.60045,NA,NA,NA,NA,NA,NA,1.2151,42.90947,-10.85695,NA,NA,NA,NA,NA,NA,NA,NA,NA,NA,NA,NA,NA,NA,NA,NA,NA,NA,NA,NA,NA,NA,NA,NA,NA,NA,NA,NA,High,High,High,High,Medium,NA,NA,NA,NA,NA,NA,NA,NA,NA,NA,NA,NA,NA,NA,NA,NA,NA,NA,NA,NA,NA,NA,NA,NA,NA,NA,NA,NA,NA,NA,NA,NA,NA,NA,NA,NA,NA,NA,NA,NA,NA,NA,NA,NA,NA,NA,NA,NA,NA,NA,NA,NA,NA,NA,NA
NA,NA,NA,NA,NA,NA,NA,NA,NA,NA,NA,NA,NA,NA,NA,NA,261,2026-03-03,20:39:36,1,4,"Sagouspe, Tanner",701693,Right,TCU_HFG,"Arias, Nick",808897,Right,ABI_WIL,Undefined,7,Top,0,2,1,Cutter,Slider,BallCalled,Undefined,Undefined,Undefined,0,0,NA,88.00226,0.060172,-0.973436,2289.907822,158.74437,11:15:00,6.19811,0.48167,5.65559,-28.19439,7.6067,-2.59319,3.90471,-0.64241,81.76558,-5.126199,-1.436852,0.430645,NA,NA,NA,NA,NA,NA,NA,NA,NA,NA,NA,1.09386,4.15406,-0.39751,50,6.18515,2.28479,-128.01924,-0.86211,1.84593,22.25435,-25.164,TCU_HFG,ABI_WIL,TCU,D1,BIG12,20260303-TCU-2,62b08710-1773-11f1-89da-3b5d2295cb78,87.52556,NA,NA,6.23667,NA,NA,NA,NA,NA,NA,5cabaece-df46-4300-b3c7-55df33123daa,2026-03-04,02:39:36,2026-03-04T02:39:36Z,2026-03-04T02:39:36Z,NA,v3,5045,471223,5b1f43e35ca0421ba59ea357c474eb40,"Dallimore, Brady",834396,Right,TCU_HFG,d88c87d5-a2f1-484f-b48a-d602900001a2,54.84786,-128.85921,11.12718,6.19977,0.08769,-12.582,-0.48243,2.21512,0.92297,NA,NA,NA,NA,NA,NA,NA,NA,NA,NA,NA,NA,NA,NA,NA,NA,NA,NA,NA,NA,NA,NA,NA,NA,NA,NA,NA,NA,NA,NA,NA,NA,NA,NA,NA,NA,NA,NA,NA,NA,NA,NA,NA,NA,NA,NA,NA,NA,NA,NA,High,High,High,NA,NA,NA,NA,NA,NA,NA,NA,NA,NA,NA,NA,NA,NA,NA,NA,NA,NA,NA,NA,NA,NA,NA,NA,NA,NA,NA,NA,NA,NA,NA,NA,NA,NA,NA,NA,NA,NA,NA,NA,NA,NA,NA,NA,NA,NA,NA,NA,NA,NA,NA,NA,NA,NA,NA,NA,NA
NA,NA,NA,NA,NA,NA,NA,NA,NA,NA,NA,NA,NA,NA,NA,NA,262,2026-03-03,20:39:51,1,5,"Sagouspe, Tanner",701693,Right,TCU_HFG,"Arias, Nick",808897,Right,ABI_WIL,Undefined,7,Top,0,3,1,Fastball,Four-Seam,StrikeCalled,Undefined,Undefined,Undefined,0,0,NA,93.29342,-3.415102,-0.441233,2297.940249,186.404273,12:15:00,6.2878,0.49069,5.39163,-13.74328,19.06627,2.02016,1.93776,0.24547,85.26684,-6.017162,-0.081975,0.41226,NA,NA,NA,NA,NA,NA,NA,NA,NA,NA,NA,-1.14252,10.87229,-0.45276,50,5.97313,0.94747,-135.20747,-8.50656,-2.11423,29.57989,-12.05524,TCU_HFG,ABI_WIL,TCU,D1,BIG12,20260303-TCU-2,6b999060-1773-11f1-89da-3b5d2295cb78,91.42875,NA,NA,8.02658,NA,NA,NA,NA,NA,NA,5cabaece-df46-4300-b3c7-55df33123daa,2026-03-04,02:39:51,2026-03-04T02:39:51Z,2026-03-04T02:39:51Z,NA,v3,5045,471223,5b1f43e35ca0421ba59ea357c474eb40,"Dallimore, Brady",834396,Right,TCU_HFG,8bc7f55c-a1d4-4c64-9537-3787d9502485,55.11027,-136.32088,14.78994,6.28479,-8.05279,-6.02762,-0.48992,1.02705,-1.05712,NA,NA,NA,NA,NA,NA,NA,NA,NA,NA,NA,NA,NA,NA,NA,NA,NA,NA,NA,NA,NA,NA,NA,NA,NA,NA,NA,NA,NA,NA,NA,NA,NA,NA,NA,NA,NA,NA,NA,NA,NA,NA,NA,NA,NA,NA,NA,NA,NA,NA,High,High,High,NA,NA,NA,NA,NA,NA,NA,NA,NA,NA,NA,NA,NA,NA,NA,NA,NA,NA,NA,NA,NA,NA,NA,NA,NA,NA,NA,NA,NA,NA,NA,NA,NA,NA,NA,NA,NA,NA,NA,NA,NA,NA,NA,NA,NA,NA,NA,NA,NA,NA,NA,NA,NA,NA,NA,NA,NA
NA,NA,NA,NA,NA,NA,NA,NA,NA,NA,NA,NA,NA,NA,NA,NA,263,2026-03-03,20:40:08,1,6,"Sagouspe, Tanner",701693,Right,TCU_HFG,"Arias, Nick",808897,Right,ABI_WIL,Undefined,7,Top,0,3,2,Fastball,Four-Seam,BallCalled,Walk,Undefined,Undefined,0,0,NA,93.99925,-3.826983,-1.320534,2215.415813,186.890346,12:15:00,6.36433,0.05892,5.45381,-14.38217,17.88812,2.03496,1.57675,-1.00798,85.99648,-6.536767,-0.958325,0.408858,NA,NA,NA,NA,NA,NA,NA,NA,NA,NA,NA,-1.38587,10.37327,0.0562,50,6.01639,3.04196,-136.13666,-9.57298,-2.60257,29.69662,-12.69359,TCU_HFG,ABI_WIL,TCU,D1,BIG12,20260303-TCU-2,75b414d0-1773-11f1-89da-3b5d2295cb78,92.1895,NA,NA,8.00278,NA,NA,NA,NA,NA,NA,5cabaece-df46-4300-b3c7-55df33123daa,2026-03-04,02:40:08,2026-03-04T02:40:08Z,2026-03-04T02:40:08Z,NA,v3,5045,471223,5b1f43e35ca0421ba59ea357c474eb40,"Dallimore, Brady",834396,Right,TCU_HFG,eea2bc38-2787-4bba-bd6c-5fda21356fbd,55.04687,-137.23316,14.84831,6.3612,-9.10429,-6.34679,-0.05789,3.13806,-1.30128,NA,NA,NA,NA,NA,NA,NA,NA,NA,NA,NA,NA,NA,NA,NA,NA,NA,NA,NA,NA,NA,NA,NA,NA,NA,NA,NA,NA,NA,NA,NA,NA,NA,NA,NA,NA,NA,NA,NA,NA,NA,NA,NA,NA,NA,NA,NA,NA,NA,NA,High,High,High,NA,NA,NA,NA,NA,NA,NA,NA,NA,NA,NA,NA,NA,NA,NA,NA,NA,NA,NA,NA,NA,NA,NA,NA,NA,NA,NA,NA,NA,NA,NA,NA,NA,NA,NA,NA,NA,NA,NA,NA,NA,NA,NA,NA,NA,NA,NA,NA,NA,NA,NA,NA,NA,NA,NA,NA,NA
NA,NA,NA,NA,NA,NA,NA,NA,NA,NA,NA,NA,NA,NA,NA,NA,264,2026-03-03,20:40:59,2,1,"Sagouspe, Tanner",701693,Right,TCU_HFG,"Cardenas, Diego",830790,Left,ABI_WIL,Undefined,7,Top,0,0,0,Fastball,Four-Seam,StrikeSwinging,Undefined,Undefined,Undefined,0,0,NA,93.66693,-3.335983,-1.569386,2154.404995,185.344017,12:15:00,6.37001,0.3865,5.50928,-17.24906,15.16359,1.32071,1.80801,-0.97153,85.72247,-6.558223,-1.334059,0.409759,NA,NA,NA,NA,NA,NA,NA,NA,NA,NA,NA,-1.10614,8.90819,-0.25042,50,6.06705,3.65827,-135.73997,-8.50847,-2.06345,29.76395,-15.55651,TCU_HFG,ABI_WIL,TCU,D1,BIG12,20260303-TCU-2,94129640-1773-11f1-89da-3b5d2295cb78,91.98681,NA,NA,7.94446,NA,NA,NA,NA,NA,NA,5cabaece-df46-4300-b3c7-55df33123daa,2026-03-04,02:40:59,2026-03-04T02:40:59Z,2026-03-04T02:40:59Z,NA,v3,5045,471223,5b1f43e35ca0421ba59ea357c474eb40,"Dallimore, Brady",834396,Right,TCU_HFG,68b7ae30-dd01-4e00-b860-d6cee9c80d42,54.99259,-136.83032,14.88198,6.36831,-7.93858,-7.77825,-0.38581,3.73386,-1.03173,NA,NA,NA,NA,NA,NA,NA,NA,NA,NA,NA,NA,NA,NA,NA,NA,NA,NA,NA,NA,NA,NA,NA,NA,NA,NA,NA,NA,NA,NA,NA,NA,NA,NA,NA,NA,NA,NA,NA,NA,NA,NA,NA,NA,NA,NA,NA,NA,NA,NA,High,High,High,NA,NA,NA,NA,NA,NA,NA,NA,NA,NA,NA,NA,NA,NA,NA,NA,NA,NA,NA,NA,NA,NA,NA,NA,NA,NA,NA,NA,NA,NA,NA,NA,NA,NA,NA,NA,NA,NA,NA,NA,NA,NA,NA,NA,NA,NA,NA,NA,NA,NA,NA,NA,NA,NA,NA,NA,NA
NA,NA,NA,NA,NA,NA,NA,NA,NA,NA,NA,NA,NA,NA,NA,NA,265,2026-03-03,20:41:16,2,2,"Sagouspe, Tanner",701693,Right,TCU_HFG,"Cardenas, Diego",830790,Left,ABI_WIL,Undefined,7,Top,0,0,1,Curveball,Curveball,StrikeCalled,Undefined,Undefined,Undefined,0,0,NA,82.56678,0.389913,-0.75916,2475.010154,5.241207,06:15:00,6.32051,0.21833,5.26386,-50.45078,-8.59449,-0.90449,2.48264,-0.57032,76.12314,-8.730796,-0.920004,0.465642,NA,NA,NA,NA,NA,NA,NA,NA,NA,NA,NA,0.24398,-4.02803,-0.14812,50,6.31863,1.62721,-119.9397,-1.06803,0.35574,22.99989,-38.04695,TCU_HFG,ABI_WIL,TCU,D1,BIG12,20260303-TCU-2,9e4b5110-1773-11f1-89da-3b5d2295cb78,80.9473,NA,NA,6.44364,NA,NA,NA,NA,NA,NA,5cabaece-df46-4300-b3c7-55df33123daa,2026-03-04,02:41:16,2026-03-04T02:41:16Z,2026-03-04T02:41:16Z,NA,v3,5045,471223,5b1f43e35ca0421ba59ea357c474eb40,"Dallimore, Brady",834396,Right,TCU_HFG,4c90ba9e-6530-4adf-9006-aa90e897f6c0,55.24099,-120.94055,11.49994,6.32908,0.5876,-19.02348,-0.2186,1.61173,0.17787,NA,NA,NA,NA,NA,NA,NA,NA,NA,NA,NA,NA,NA,NA,NA,NA,NA,NA,NA,NA,NA,NA,NA,NA,NA,NA,NA,NA,NA,NA,NA,NA,NA,NA,NA,NA,NA,NA,NA,NA,NA,NA,NA,NA,NA,NA,NA,NA,NA,NA,High,High,High,NA,NA,NA,NA,NA,NA,NA,NA,NA,NA,NA,NA,NA,NA,NA,NA,NA,NA,NA,NA,NA,NA,NA,NA,NA,NA,NA,NA,NA,NA,NA,NA,NA,NA,NA,NA,NA,NA,NA,NA,NA,NA,NA,NA,NA,NA,NA,NA,NA,NA,NA,NA,NA,NA,NA,NA,NA
NA,NA,NA,NA,NA,NA,NA,NA,NA,NA,NA,NA,NA,NA,NA,NA,266,2026-03-03,20:41:44,2,3,"Sagouspe, Tanner",701693,Right,TCU_HFG,"Cardenas, Diego",830790,Left,ABI_WIL,Undefined,7,Top,0,0,2,Curveball,Slider,BallCalled,Undefined,Undefined,Undefined,0,0,NA,83.21965,-0.064776,-1.65438,2416.557708,2.261118,06:00:00,6.40432,0.22329,5.19834,-47.00936,-5.7652,-0.27598,2.42592,-1.35633,76.86486,-8.553843,-1.703359,0.462224,NA,NA,NA,NA,NA,NA,NA,NA,NA,NA,NA,-0.30575,-2.51791,-0.06966,50,6.36233,3.50222,-120.85484,-1.90363,-0.45373,22.81533,-35.91048,TCU_HFG,ABI_WIL,TCU,D1,BIG12,20260303-TCU-2,af5817e0-1773-11f1-89da-3b5d2295cb78,81.54582,NA,NA,6.35479,NA,NA,NA,NA,NA,NA,5cabaece-df46-4300-b3c7-55df33123daa,2026-03-04,02:41:44,2026-03-04T02:41:44Z,2026-03-04T02:41:44Z,NA,v3,5045,471223,5b1f43e35ca0421ba59ea357c474eb40,"Dallimore, Brady",834396,Right,TCU_HFG,ccc45edb-6b29-4e12-834c-45cd1c2428ee,55.30633,-121.85247,11.40767,6.41124,-0.3334,-17.95524,-0.22323,3.52206,-0.22686,NA,NA,NA,NA,NA,NA,NA,NA,NA,NA,NA,NA,NA,NA,NA,NA,NA,NA,NA,NA,NA,NA,NA,NA,NA,NA,NA,NA,NA,NA,NA,NA,NA,NA,NA,NA,NA,NA,NA,NA,NA,NA,NA,NA,NA,NA,NA,NA,NA,NA,High,High,High,NA,NA,NA,NA,NA,NA,NA,NA,NA,NA,NA,NA,NA,NA,NA,NA,NA,NA,NA,NA,NA,NA,NA,NA,NA,NA,NA,NA,NA,NA,NA,NA,NA,NA,NA,NA,NA,NA,NA,NA,NA,NA,NA,NA,NA,NA,NA,NA,NA,NA,NA,NA,NA,NA,NA,NA,NA
NA,NA,NA,NA,NA,NA,NA,NA,NA,NA,NA,NA,NA,NA,NA,NA,267,2026-03-03,20:42:02,2,4,"Sagouspe, Tanner",701693,Right,TCU_HFG,"Cardenas, Diego",830790,Left,ABI_WIL,Undefined,7,Top,0,1,2,Curveball,Curveball,StrikeCalled,Strikeout,Undefined,Undefined,0,0,NA,81.92223,1.24064,0.239259,2246.347816,33.576263,07:00:00,6.39312,0.30558,5.23504,-48.67388,-5.96677,-4.85209,3.50337,0.12615,75.08572,-7.591405,-0.622279,0.47035,NA,NA,NA,NA,NA,NA,NA,NA,NA,NA,NA,2.47728,-2.86634,-0.32391,50,6.4711,-0.28959,-118.91526,0.76269,3.54112,23.16917,-36.27135,TCU_HFG,ABI_WIL,TCU,D1,BIG12,20260303-TCU-2,b98ed6e0-1773-11f1-89da-3b5d2295cb78,80.13693,NA,NA,6.83651,NA,NA,NA,NA,NA,NA,5cabaece-df46-4300-b3c7-55df33123daa,2026-03-04,02:42:02,2026-03-04T02:42:02Z,2026-03-04T02:42:02Z,NA,v3,5045,471223,5b1f43e35ca0421ba59ea357c474eb40,"Dallimore, Brady",834396,Right,TCU_HFG,14e3e829-79ee-43d1-a4c6-f0a13b1c2c9a,55.26797,-119.93727,11.58459,6.40217,2.36264,-18.13567,-0.30769,-0.44579,1.77056,NA,NA,NA,NA,NA,NA,NA,NA,NA,NA,NA,NA,NA,NA,NA,NA,NA,NA,NA,NA,NA,NA,NA,NA,NA,NA,NA,NA,NA,NA,NA,NA,NA,NA,NA,NA,NA,NA,NA,NA,NA,NA,NA,NA,NA,NA,NA,NA,NA,NA,High,High,High,NA,NA,NA,NA,NA,NA,NA,NA,NA,NA,NA,NA,NA,NA,NA,NA,NA,NA,NA,NA,NA,NA,NA,NA,NA,NA,NA,NA,NA,NA,NA,NA,NA,NA,NA,NA,NA,NA,NA,NA,NA,NA,NA,NA,NA,NA,NA,NA,NA,NA,NA,NA,NA,NA,NA,NA,NA
NA,NA,NA,NA,NA,NA,NA,NA,NA,NA,NA,NA,NA,NA,NA,NA,268,2026-03-03,20:42:31,3,1,"Sagouspe, Tanner",701693,Right,TCU_HFG,"Jones, Ryan",831552,Right,ABI_WIL,Undefined,7,Top,1,0,0,Fastball,Four-Seam,InPlay,Undefined,GroundBall,Single,0,0,NA,93.86985,-2.672333,-0.574677,2218.298665,187.731764,12:15:00,6.26309,0.38581,5.55201,-15.86568,16.22694,2.0661,2.44179,0.02094,86.00283,-5.65473,-0.206098,0.407731,93.73856,-9.789627,23.471741,NA,NA,NA,NA,15.47855,14.59069,21.421943,0.104629,-1.20689,9.25461,-0.3375,50,6.02142,1.2719800000000001,-136.20578,-6.88874,-2.27152,29.39052,-14.75585,TCU_HFG,ABI_WIL,TCU,D1,BIG12,20260303-TCU-2,cb0227b0-1773-11f1-89da-3b5d2295cb78,92.44435,2.45001,NA,7.86703,NA,NA,NA,1.38476,2.45001,-0.00228,5cabaece-df46-4300-b3c7-55df33123daa,2026-03-04,02:42:31,2026-03-04T02:42:31Z,2026-03-04T02:42:31Z,GroundBall,v3,5045,471223,5b1f43e35ca0421ba59ea357c474eb40,"Dallimore, Brady",834396,Right,TCU_HFG,9519ad8c-3ad3-46e0-a7cc-d963fb571586,54.95042,-137.26982,14.69526,6.26115,-6.35452,-7.37792,-0.38504,1.35421,-1.13576,180,1.3812,124.48265,NA,NA,NA,NA,NA,NA,NA,2.45068,-23.41622,NA,NA,NA,NA,NA,NA,NA,-0.00383,54.05361,NA,NA,NA,NA,NA,NA,NA,NA,NA,NA,NA,NA,NA,NA,NA,NA,NA,NA,NA,NA,NA,NA,NA,NA,NA,NA,NA,NA,NA,High,High,High,Medium,High,NA,NA,NA,NA,NA,NA,NA,NA,NA,NA,NA,NA,NA,NA,NA,NA,NA,NA,NA,NA,NA,NA,NA,NA,NA,NA,NA,NA,NA,NA,NA,NA,NA,NA,NA,NA,NA,NA,NA,NA,NA,NA,NA,NA,NA,NA,NA,NA,NA,NA,NA,NA,NA,NA,NA
NA,NA,NA,NA,NA,NA,NA,NA,NA,NA,NA,NA,NA,NA,NA,NA,269,2026-03-03,20:43:56,4,1,"Sagouspe, Tanner",701693,Right,TCU_HFG,"Gray, Brady",830795,Left,ABI_WIL,Undefined,7,Top,1,0,0,Curveball,Curveball,BallCalled,Undefined,Undefined,Undefined,0,0,NA,80.22508,2.978512,-1.002069,2493.290815,25.973071,06:45:00,6.36471,0.01577,5.27666,-54.2729,-9.82851,-5.44933,4.64258,-1.37966,73.5457,-6.86329,-1.968762,0.479822,NA,NA,NA,NA,NA,NA,NA,NA,NA,NA,NA,2.43354,-5.26071,0.07987,50,6.59706,2.26213,-116.37777,4.07139,3.34007,21.68248,-39.39441,TCU_HFG,ABI_WIL,TCU,D1,BIG12,20260303-TCU-2,fdee0b30-1773-11f1-89da-3b5d2295cb78,78.55511,NA,NA,6.67938,NA,NA,NA,NA,NA,NA,5cabaece-df46-4300-b3c7-55df33123daa,2026-03-04,02:43:56,2026-03-04T02:43:56Z,2026-03-04T02:43:56Z,NA,v3,5045,471223,5b1f43e35ca0421ba59ea357c474eb40,"Dallimore, Brady",834396,Right,TCU_HFG,97bfa8cb-1f32-4d62-9107-ac7626003372,55.22806,-117.34777,10.84124,6.3755,5.83377,-19.6972,-0.01799,2.1127,1.67004,NA,NA,NA,NA,NA,NA,NA,NA,NA,NA,NA,NA,NA,NA,NA,NA,NA,NA,NA,NA,NA,NA,NA,NA,NA,NA,NA,NA,NA,NA,NA,NA,NA,NA,NA,NA,NA,NA,NA,NA,NA,NA,NA,NA,NA,NA,NA,NA,NA,NA,High,High,High,NA,NA,NA,NA,NA,NA,NA,NA,NA,NA,NA,NA,NA,NA,NA,NA,NA,NA,NA,NA,NA,NA,NA,NA,NA,NA,NA,NA,NA,NA,NA,NA,NA,NA,NA,NA,NA,NA,NA,NA,NA,NA,NA,NA,NA,NA,NA,NA,NA,NA,NA,NA,NA,NA,NA,NA,NA
NA,NA,NA,NA,NA,NA,NA,NA,NA,NA,NA,NA,NA,NA,NA,NA,270,2026-03-03,20:44:16,4,2,"Sagouspe, Tanner",701693,Right,TCU_HFG,"Gray, Brady",830795,Left,ABI_WIL,Undefined,7,Top,1,1,0,Fastball,Four-Seam,FoulBallNotFieldable,Undefined,Undefined,Undefined,0,0,NA,93.07755,-1.579641,-1.564149,2322.454919,192.816397,12:30:00,6.23107,0.30295,5.84948,-14.55442,17.69914,3.79709,3.54935,-0.83452,85.15439,-4.354454,-0.883541,0.408752,68.87816,40.133808,-168.422147,3493.007274,NA,NA,NA,NA,42.11522,NA,NA,-2.37181,9.79249,-0.17794,50,6.09402,3.52353,-135.15779,-4.16405,-4.3946,29.00163,-14.03012,TCU_HFG,ABI_WIL,TCU,D1,BIG12,20260303-TCU-2,098d33d0-1774-11f1-89da-3b5d2295cb78,92.21342,31.73676,NA,7.92316,NA,NA,NA,0.25235,3.57611,0.84266,5cabaece-df46-4300-b3c7-55df33123daa,2026-03-04,02:44:16,2026-03-04T02:44:16Z,2026-03-04T02:44:16Z,NA,v3,5045,471223,5b1f43e35ca0421ba59ea357c474eb40,"Dallimore, Brady",834396,Right,TCU_HFG,6a4afcf9-5d8a-4f56-9d41-afca913ff23b,54.65248,-136.15244,14.50082,6.22858,-3.68286,-7.01506,-0.30137,3.67425,-2.1973,11.956122,0.25235,-75.66356,3.11828,0.52616,0.96108,-4.52613,9.52243,-9.82812,3.99177,3.57611,65.11534,-28.98258,3.32629,0.89413,-6.16264,12.8408,-12.98657,5.16248,0.84266,-15.50088,2.80021,-0.46909,-0.31748,1.61039,-3.32121,3.35848,-1.33583,NA,NA,NA,NA,NA,NA,NA,NA,NA,NA,NA,NA,NA,NA,NA,NA,NA,NA,NA,NA,NA,NA,High,High,High,High,Undefined,NA,NA,NA,NA,NA,NA,NA,NA,NA,NA,NA,NA,NA,NA,NA,NA,NA,NA,NA,NA,NA,NA,NA,NA,NA,NA,NA,NA,NA,NA,NA,NA,NA,NA,NA,NA,NA,NA,NA,NA,NA,NA,NA,NA,NA,NA,NA,NA,NA,NA,NA,NA,NA,NA,NA
NA,NA,NA,NA,NA,NA,NA,NA,NA,NA,NA,NA,NA,NA,NA,NA,271,2026-03-03,20:44:39,4,3,"Sagouspe, Tanner",701693,Right,TCU_HFG,"Gray, Brady",830795,Left,ABI_WIL,Undefined,7,Top,1,1,1,Curveball,Curveball,BallCalled,Undefined,Undefined,Undefined,0,0,NA,83.1663,-2.582113,-1.699427,2670.995131,358.172768,06:00:00,6.1925,0.23733,5.36588,-51.95184,-10.31453,0.37272,-0.56082,-1.32567,76.56458,-11.915759,-1.632839,0.464422,NA,NA,NA,NA,NA,NA,NA,NA,NA,NA,NA,-0.71768,-4.1728,-0.08499,50,5.92269,3.56213,-120.56558,-7.32989,-1.04469,25.86616,-38.24802,TCU_HFG,ABI_WIL,TCU,D1,BIG12,20260303-TCU-2,17627650-1774-11f1-89da-3b5d2295cb78,81.15992,NA,NA,6.60172,NA,NA,NA,NA,NA,NA,5cabaece-df46-4300-b3c7-55df33123daa,2026-03-04,02:44:39,2026-03-04T02:44:39Z,2026-03-04T02:44:39Z,NA,v3,5045,471223,5b1f43e35ca0421ba59ea357c474eb40,"Dallimore, Brady",834396,Right,TCU_HFG,dc3cde56-e4ee-4fb3-88e9-2c7d426a235f,55.13978,-121.66327,12.93308,6.19931,-5.70675,-19.12401,-0.2371,3.60647,-0.52234,NA,NA,NA,NA,NA,NA,NA,NA,NA,NA,NA,NA,NA,NA,NA,NA,NA,NA,NA,NA,NA,NA,NA,NA,NA,NA,NA,NA,NA,NA,NA,NA,NA,NA,NA,NA,NA,NA,NA,NA,NA,NA,NA,NA,NA,NA,NA,NA,NA,NA,High,High,High,NA,NA,NA,NA,NA,NA,NA,NA,NA,NA,NA,NA,NA,NA,NA,NA,NA,NA,NA,NA,NA,NA,NA,NA,NA,NA,NA,NA,NA,NA,NA,NA,NA,NA,NA,NA,NA,NA,NA,NA,NA,NA,NA,NA,NA,NA,NA,NA,NA,NA,NA,NA,NA,NA,NA,NA,NA
NA,NA,NA,NA,NA,NA,NA,NA,NA,NA,NA,NA,NA,NA,NA,NA,272,2026-03-03,20:45:15,4,4,"Sagouspe, Tanner",701693,Right,TCU_HFG,"Gray, Brady",830795,Left,ABI_WIL,Undefined,7,Top,1,2,1,Curveball,Curveball,BallCalled,Undefined,Undefined,Undefined,0,0,NA,81.64799,-1.289431,-1.866913,2614.89658,3.721314,06:00:00,6.3811,0.13603,5.44556,-53.09912,-10.09501,-0.74878,0.748,-1.67504,74.98011,-10.884216,-2.000693,0.471983,NA,NA,NA,NA,NA,NA,NA,NA,NA,NA,NA,-0.19638,-4.31264,0.02959,50,6.23017,3.8909,-118.44326,-4.57354,-0.2761,24.81572,-38.23684,TCU_HFG,ABI_WIL,TCU,D1,BIG12,20260303-TCU-2,2ce7a5e0-1774-11f1-89da-3b5d2295cb78,79.85975,NA,NA,6.66788,NA,NA,NA,NA,NA,NA,5cabaece-df46-4300-b3c7-55df33123daa,2026-03-04,02:45:15,2026-03-04T02:45:15Z,2026-03-04T02:45:15Z,NA,v3,5045,471223,5b1f43e35ca0421ba59ea357c474eb40,"Dallimore, Brady",834396,Right,TCU_HFG,3a21543a-300c-492a-bec5-a780d7e2972d,55.05889,-119.49848,12.40786,6.39008,-2.94762,-19.11842,-0.13611,3.90264,-0.13805,NA,NA,NA,NA,NA,NA,NA,NA,NA,NA,NA,NA,NA,NA,NA,NA,NA,NA,NA,NA,NA,NA,NA,NA,NA,NA,NA,NA,NA,NA,NA,NA,NA,NA,NA,NA,NA,NA,NA,NA,NA,NA,NA,NA,NA,NA,NA,NA,NA,NA,High,High,High,NA,NA,NA,NA,NA,NA,NA,NA,NA,NA,NA,NA,NA,NA,NA,NA,NA,NA,NA,NA,NA,NA,NA,NA,NA,NA,NA,NA,NA,NA,NA,NA,NA,NA,NA,NA,NA,NA,NA,NA,NA,NA,NA,NA,NA,NA,NA,NA,NA,NA,NA,NA,NA,NA,NA,NA,NA
NA,NA,NA,NA,NA,NA,NA,NA,NA,NA,NA,NA,NA,NA,NA,NA,273,2026-03-03,20:45:38,4,5,"Sagouspe, Tanner",701693,Right,TCU_HFG,"Gray, Brady",830795,Left,ABI_WIL,Undefined,7,Top,1,3,1,Fastball,Four-Seam,FoulBallNotFieldable,Undefined,Undefined,Undefined,0,0,NA,93.69557,-2.900924,-1.514237,2301.391529,195.677697,12:30:00,6.2423,0.20854,6.13117,-14.43225,17.13009,4.5265,2.35487,-0.81428,85.77168,-5.656734,-0.698364,0.404349,NA,NA,NA,NA,NA,NA,NA,NA,NA,NA,NA,-2.76425,9.96918,-0.09512,50,6.01276,3.40266,-135.99265,-7.30709,-5.17958,29.66471,-13.49397,TCU_HFG,ABI_WIL,TCU,D1,BIG12,20260303-TCU-2,3a479150-1774-11f1-89da-3b5d2295cb78,93.2177,NA,NA,7.92389,NA,NA,NA,NA,NA,NA,5cabaece-df46-4300-b3c7-55df33123daa,2026-03-04,02:45:38,2026-03-04T02:45:38Z,2026-03-04T02:45:38Z,NA,v3,5045,471223,5b1f43e35ca0421ba59ea357c474eb40,"Dallimore, Brady",834396,Right,TCU_HFG,6b7e7e88-a9e9-4e4b-ac3f-921655cbfa59,54.37112,-136.94282,14.83236,6.23988,-6.87488,-6.74699,-0.20677,3.56857,-2.58979,NA,NA,NA,NA,NA,NA,NA,NA,NA,NA,NA,NA,NA,NA,NA,NA,NA,NA,NA,NA,NA,NA,NA,NA,NA,NA,NA,NA,NA,NA,NA,NA,NA,NA,NA,NA,NA,NA,NA,NA,NA,NA,NA,NA,NA,NA,NA,NA,NA,NA,High,High,High,NA,NA,NA,NA,NA,NA,NA,NA,NA,NA,NA,NA,NA,NA,NA,NA,NA,NA,NA,NA,NA,NA,NA,NA,NA,NA,NA,NA,NA,NA,NA,NA,NA,NA,NA,NA,NA,NA,NA,NA,NA,NA,NA,NA,NA,NA,NA,NA,NA,NA,NA,NA,NA,NA,NA,NA,NA
NA,NA,NA,NA,NA,NA,NA,NA,NA,NA,NA,NA,NA,NA,NA,NA,274,2026-03-03,20:46:01,4,6,"Sagouspe, Tanner",701693,Right,TCU_HFG,"Gray, Brady",830795,Left,ABI_WIL,Undefined,7,Top,1,3,2,Curveball,Curveball,StrikeSwinging,Strikeout,Undefined,Undefined,0,0,NA,82.00412,-2.22764,-1.017455,2551.323753,358.835766,06:00:00,6.31601,0.11566,5.24267,-50.44282,-7.76308,0.18465,0.01736,-0.82533,75.88176,-11.282466,-0.984555,0.4702,NA,NA,NA,NA,NA,NA,NA,NA,NA,NA,NA,-0.38591,-2.98799,-0.02226,50,6.07281,2.1059,-118.99582,-6.46911,-0.55156,23.51897,-36.44461,TCU_HFG,ABI_WIL,TCU,D1,BIG12,20260303-TCU-2,488a1490-1774-11f1-89da-3b5d2295cb78,80.16261,NA,NA,6.12236,NA,NA,NA,NA,NA,NA,5cabaece-df46-4300-b3c7-55df33123daa,2026-03-04,02:46:01,2026-03-04T02:46:01Z,2026-03-04T02:46:01Z,NA,v3,5045,471223,5b1f43e35ca0421ba59ea357c474eb40,"Dallimore, Brady",834396,Right,TCU_HFG,ad4d0724-f992-4fa5-9708-15a514ea19d1,55.26299,-120.03152,11.75948,6.32235,-4.86421,-18.22231,-0.11553,2.13019,-0.27578,NA,NA,NA,NA,NA,NA,NA,NA,NA,NA,NA,NA,NA,NA,NA,NA,NA,NA,NA,NA,NA,NA,NA,NA,NA,NA,NA,NA,NA,NA,NA,NA,NA,NA,NA,NA,NA,NA,NA,NA,NA,NA,NA,NA,NA,NA,NA,NA,NA,NA,High,High,High,NA,NA,NA,NA,NA,NA,NA,NA,NA,NA,NA,NA,NA,NA,NA,NA,NA,NA,NA,NA,NA,NA,NA,NA,NA,NA,NA,NA,NA,NA,NA,NA,NA,NA,NA,NA,NA,NA,NA,NA,NA,NA,NA,NA,NA,NA,NA,NA,NA,NA,NA,NA,NA,NA,NA,NA,NA
NA,NA,NA,NA,NA,NA,NA,NA,NA,NA,NA,NA,NA,NA,NA,NA,275,2026-03-03,20:46:39,5,1,"Sagouspe, Tanner",701693,Right,TCU_HFG,"Borho, Reese",822840,Left,ABI_WIL,Undefined,7,Top,2,0,0,Curveball,Curveball,StrikeCalled,Undefined,Undefined,Undefined,0,0,NA,82.67555,0.502662,0.038025,2600.712926,0.491926,06:00:00,6.26187,0.11706,5.42241,-55.15897,-13.46465,-0.12689,2.13617,0.1421,75.97728,-9.484605,0.015374,0.46474,NA,NA,NA,NA,NA,NA,NA,NA,NA,NA,NA,0.07508,-6.54142,-0.12034,50,6.26781,-0.07447,-120.10304,-0.98607,0.10909,24.35319,-41.68075,TCU_HFG,ABI_WIL,TCU,D1,BIG12,20260303-TCU-2,5ee817f0-1774-11f1-89da-3b5d2295cb78,81.10439,NA,NA,6.69828,NA,NA,NA,NA,NA,NA,5cabaece-df46-4300-b3c7-55df33123daa,2026-03-04,02:46:39,2026-03-04T02:46:39Z,2026-03-04T02:46:39Z,NA,v3,5045,471223,5b1f43e35ca0421ba59ea357c474eb40,"Dallimore, Brady",834396,Right,TCU_HFG,85633d5f-82a1-4102-873f-3e6fa46bd7ed,55.08324,-121.12938,12.17659,6.27235,0.77052,-20.84038,-0.11711,-0.07906,0.05454,NA,NA,NA,NA,NA,NA,NA,NA,NA,NA,NA,NA,NA,NA,NA,NA,NA,NA,NA,NA,NA,NA,NA,NA,NA,NA,NA,NA,NA,NA,NA,NA,NA,NA,NA,NA,NA,NA,NA,NA,NA,NA,NA,NA,NA,NA,NA,NA,NA,NA,High,High,High,NA,NA,NA,NA,NA,NA,NA,NA,NA,NA,NA,NA,NA,NA,NA,NA,NA,NA,NA,NA,NA,NA,NA,NA,NA,NA,NA,NA,NA,NA,NA,NA,NA,NA,NA,NA,NA,NA,NA,NA,NA,NA,NA,NA,NA,NA,NA,NA,NA,NA,NA,NA,NA,NA,NA,NA,NA
NA,NA,NA,NA,NA,NA,NA,NA,NA,NA,NA,NA,NA,NA,NA,NA,276,2026-03-03,20:46:58,5,2,"Sagouspe, Tanner",701693,Right,TCU_HFG,"Borho, Reese",822840,Left,ABI_WIL,Undefined,7,Top,2,0,1,Curveball,Curveball,BallCalled,Undefined,Undefined,Undefined,0,0,NA,83.16725,-1.143461,-1.455518,2590.521141,17.49837,06:30:00,6.29293,0.21044,5.00468,-49.44916,-7.48229,-2.78402,1.09222,-1.3959,76.46128,-10.022929,-1.948595,0.466256,NA,NA,NA,NA,NA,NA,NA,NA,NA,NA,NA,0.95961,-3.02925,-0.06817,50,6.14249,3.18468,-120.6265,-4.31268,1.40569,24.7382,-36.61145,TCU_HFG,ABI_WIL,TCU,D1,BIG12,20260303-TCU-2,6a6f99e0-1774-11f1-89da-3b5d2295cb78,80.84059,NA,NA,6.70597,NA,NA,NA,NA,NA,NA,5cabaece-df46-4300-b3c7-55df33123daa,2026-03-04,02:46:58,2026-03-04T02:46:58Z,2026-03-04T02:46:58Z,NA,v3,5045,471223,5b1f43e35ca0421ba59ea357c474eb40,"Dallimore, Brady",834396,Right,TCU_HFG,698a5e54-d77b-4e94-8c03-cda60eceec6a,55.49959,-121.74914,12.3691,6.30051,-2.65122,-18.30573,-0.21125,3.12089,0.70284,NA,NA,NA,NA,NA,NA,NA,NA,NA,NA,NA,NA,NA,NA,NA,NA,NA,NA,NA,NA,NA,NA,NA,NA,NA,NA,NA,NA,NA,NA,NA,NA,NA,NA,NA,NA,NA,NA,NA,NA,NA,NA,NA,NA,NA,NA,NA,NA,NA,NA,High,High,High,NA,NA,NA,NA,NA,NA,NA,NA,NA,NA,NA,NA,NA,NA,NA,NA,NA,NA,NA,NA,NA,NA,NA,NA,NA,NA,NA,NA,NA,NA,NA,NA,NA,NA,NA,NA,NA,NA,NA,NA,NA,NA,NA,NA,NA,NA,NA,NA,NA,NA,NA,NA,NA,NA,NA,NA,NA
NA,NA,NA,NA,NA,NA,NA,NA,NA,NA,NA,NA,NA,NA,NA,NA,277,2026-03-03,20:47:35,5,3,"Sagouspe, Tanner",701693,Right,TCU_HFG,"Borho, Reese",822840,Left,ABI_WIL,Undefined,7,Top,2,1,1,Curveball,Curveball,BallCalled,Undefined,Undefined,Undefined,0,0,NA,82.30316,-0.277898,-0.565659,2663.792741,10.159564,06:15:00,6.20766,0.42474,5.17253,-59.42007,-17.19816,-3.30339,0.99445,-0.3829,76.3874,-10.926777,-1.153618,0.467671,NA,NA,NA,NA,NA,NA,NA,NA,NA,NA,NA,1.50953,-8.28008,-0.36937,50,6.1353,1.31687,-119.63082,-2.8239,2.1891,22.92841,-44.18179,TCU_HFG,ABI_WIL,TCU,D1,BIG12,20260303-TCU-2,801019a0-1774-11f1-89da-3b5d2295cb78,80.59608,NA,NA,5.91576,NA,NA,NA,NA,NA,NA,5cabaece-df46-4300-b3c7-55df33123daa,2026-03-04,02:47:35,2026-03-04T02:47:35Z,2026-03-04T02:47:35Z,NA,v3,5045,471223,5b1f43e35ca0421ba59ea357c474eb40,"Dallimore, Brady",834396,Right,TCU_HFG,14598ac8-2cda-474c-a933-fea5cbcc9440,55.33564,-120.64911,11.46421,6.21714,-0.86171,-22.0909,-0.4257,1.21965,1.09455,NA,NA,NA,NA,NA,NA,NA,NA,NA,NA,NA,NA,NA,NA,NA,NA,NA,NA,NA,NA,NA,NA,NA,NA,NA,NA,NA,NA,NA,NA,NA,NA,NA,NA,NA,NA,NA,NA,NA,NA,NA,NA,NA,NA,NA,NA,NA,NA,NA,NA,High,High,High,NA,NA,NA,NA,NA,NA,NA,NA,NA,NA,NA,NA,NA,NA,NA,NA,NA,NA,NA,NA,NA,NA,NA,NA,NA,NA,NA,NA,NA,NA,NA,NA,NA,NA,NA,NA,NA,NA,NA,NA,NA,NA,NA,NA,NA,NA,NA,NA,NA,NA,NA,NA,NA,NA,NA,NA,NA
NA,NA,NA,NA,NA,NA,NA,NA,NA,NA,NA,NA,NA,NA,NA,NA,278,2026-03-03,20:47:53,5,4,"Sagouspe, Tanner",701693,Right,TCU_HFG,"Borho, Reese",822840,Left,ABI_WIL,Undefined,7,Top,2,2,1,Curveball,Curveball,HitByPitch,Undefined,Undefined,Undefined,0,0,NA,83.06902,-2.232765,-2.4581,2651.573142,18.424878,06:30:00,6.29912,0.08491,5.53371,-53.64479,-11.90205,-4.44394,-0.26142,-2.58464,76.0784,-11.905361,-3.253599,0.465009,NA,NA,NA,NA,NA,NA,NA,NA,NA,NA,NA,1.5126,-5.34929,0.13196,50,6.06785,5.33589,-120.39139,-6.56068,2.17796,27.49954,-39.87646,TCU_HFG,ABI_WIL,TCU,D1,BIG12,20260303-TCU-2,8b4053d0-1774-11f1-89da-3b5d2295cb78,81.05736,NA,NA,6.99061,NA,NA,NA,NA,NA,NA,5cabaece-df46-4300-b3c7-55df33123daa,2026-03-04,02:47:53,2026-03-04T02:47:53Z,2026-03-04T02:47:53Z,NA,v3,5045,471223,5b1f43e35ca0421ba59ea357c474eb40,"Dallimore, Brady",834396,Right,TCU_HFG,6be67020-9056-4223-b9bb-d5bdea4832e1,54.97338,-121.52209,13.74977,6.3039,-4.92108,-19.93823,-0.08559,5.24633,1.08898,NA,NA,NA,NA,NA,NA,NA,NA,NA,NA,NA,NA,NA,NA,NA,NA,NA,NA,NA,NA,NA,NA,NA,NA,NA,NA,NA,NA,NA,NA,NA,NA,NA,NA,NA,NA,NA,NA,NA,NA,NA,NA,NA,NA,NA,NA,NA,NA,NA,NA,High,High,High,NA,NA,NA,NA,NA,NA,NA,NA,NA,NA,NA,NA,NA,NA,NA,NA,NA,NA,NA,NA,NA,NA,NA,NA,NA,NA,NA,NA,NA,NA,NA,NA,NA,NA,NA,NA,NA,NA,NA,NA,NA,NA,NA,NA,NA,NA,NA,NA,NA,NA,NA,NA,NA,NA,NA,NA,NA
NA,NA,NA,NA,NA,NA,NA,NA,NA,NA,NA,NA,NA,NA,NA,NA,279,2026-03-03,20:49:34,6,1,"Sagouspe, Tanner",701693,Right,TCU_HFG,"Thompson, JT",1000270096,Left,ABI_WIL,Undefined,7,Top,2,0,0,Fastball,Four-Seam,BallCalled,Undefined,Undefined,Undefined,0,0,NA,92.0004,0.174195,-0.464482,2320.322616,192.901945,12:30:00,6.28253,0.49185,5.75268,-14.17391,18.88458,4.09544,5.26355,0.40071,84.13122,-2.53848,0.268501,0.413821,NA,NA,NA,NA,NA,NA,NA,NA,NA,NA,NA,-2.19441,9.84823,-0.45572,50,6.28828,0.89835,-133.65348,-0.00108,-3.98293,27.88248,-14.29918,TCU_HFG,ABI_WIL,TCU,D1,BIG12,20260303-TCU-2,c71874f0-1774-11f1-89da-3b5d2295cb78,91.08385,NA,NA,7.86918,NA,NA,NA,NA,NA,NA,5cabaece-df46-4300-b3c7-55df33123daa,2026-03-04,02:49:34,2026-03-04T02:49:34Z,2026-03-04T02:49:34Z,NA,v3,5045,471223,5b1f43e35ca0421ba59ea357c474eb40,"Dallimore, Brady",834396,Right,TCU_HFG,2026386d-b119-4e50-b2d6-46868f60bd21,54.74759,-134.64027,13.94124,6.27937,0.50498,-7.14959,-0.49001,1.03931,-1.99147,NA,NA,NA,NA,NA,NA,NA,NA,NA,NA,NA,NA,NA,NA,NA,NA,NA,NA,NA,NA,NA,NA,NA,NA,NA,NA,NA,NA,NA,NA,NA,NA,NA,NA,NA,NA,NA,NA,NA,NA,NA,NA,NA,NA,NA,NA,NA,NA,NA,NA,High,High,High,NA,NA,NA,NA,NA,NA,NA,NA,NA,NA,NA,NA,NA,NA,NA,NA,NA,NA,NA,NA,NA,NA,NA,NA,NA,NA,NA,NA,NA,NA,NA,NA,NA,NA,NA,NA,NA,NA,NA,NA,NA,NA,NA,NA,NA,NA,NA,NA,NA,NA,NA,NA,NA,NA,NA,NA,NA
NA,NA,NA,NA,NA,NA,NA,NA,NA,NA,NA,NA,NA,NA,NA,NA,280,2026-03-03,20:49:50,6,2,"Sagouspe, Tanner",701693,Right,TCU_HFG,"Thompson, JT",1000270096,Left,ABI_WIL,Undefined,7,Top,2,1,0,Fastball,Four-Seam,StrikeSwinging,Undefined,Undefined,Undefined,0,0,NA,92.95307,-1.900445,-0.670825,2370.665295,195.585877,12:30:00,6.23185,0.28522,5.79641,-13.98954,18.43536,4.85634,3.29748,0.06588,84.99083,-4.572551,0.199224,0.409837,NA,NA,NA,NA,NA,NA,NA,NA,NA,NA,NA,-2.64677,10.21595,-0.23289,50,6.06702,1.36047,-134.95169,-4.88496,-4.88748,29.00432,-13.3094,TCU_HFG,ABI_WIL,TCU,D1,BIG12,20260303-TCU-2,d0e9bb60-1774-11f1-89da-3b5d2295cb78,91.96943,NA,NA,7.96224,NA,NA,NA,NA,NA,NA,5cabaece-df46-4300-b3c7-55df33123daa,2026-03-04,02:49:50,2026-03-04T02:49:50Z,2026-03-04T02:49:50Z,NA,v3,5045,471223,5b1f43e35ca0421ba59ea357c474eb40,"Dallimore, Brady",834396,Right,TCU_HFG,32902d96-0c41-4ea2-98e0-a6573e69a074,54.70413,-135.95896,14.50216,6.22864,-4.42275,-6.6547,-0.28308,1.53021,-2.44374,NA,NA,NA,NA,NA,NA,NA,NA,NA,NA,NA,NA,NA,NA,NA,NA,NA,NA,NA,NA,NA,NA,NA,NA,NA,NA,NA,NA,NA,NA,NA,NA,NA,NA,NA,NA,NA,NA,NA,NA,NA,NA,NA,NA,NA,NA,NA,NA,NA,NA,High,High,High,NA,NA,NA,NA,NA,NA,NA,NA,NA,NA,NA,NA,NA,NA,NA,NA,NA,NA,NA,NA,NA,NA,NA,NA,NA,NA,NA,NA,NA,NA,NA,NA,NA,NA,NA,NA,NA,NA,NA,NA,NA,NA,NA,NA,NA,NA,NA,NA,NA,NA,NA,NA,NA,NA,NA,NA,NA
NA,NA,NA,NA,NA,NA,NA,NA,NA,NA,NA,NA,NA,NA,NA,NA,281,2026-03-03,20:50:09,6,3,"Sagouspe, Tanner",701693,Right,TCU_HFG,"Thompson, JT",1000270096,Left,ABI_WIL,Undefined,7,Top,2,1,1,Fastball,Four-Seam,FoulBallNotFieldable,Undefined,Undefined,Undefined,0,0,NA,93.25222,-1.188895,-0.559795,2265.260946,193.515312,12:30:00,6.3093,0.38953,5.48383,-15.35871,17.46139,3.93114,3.91679,0.19333,84.61234,-4.108564,0.140417,0.412327,84.87933,42.903544,-48.672571,3233.764784,NA,NA,NA,NA,79.80844,NA,NA,-2.14559,9.47705,-0.34317,50,6.19492,1.1377,-135.27173,-3.29998,-3.95002,31.27944,-14.72686,TCU_HFG,ABI_WIL,TCU,D1,BIG12,20260303-TCU-2,dc3df850-1774-11f1-89da-3b5d2295cb78,91.41405,69.06407,NA,8.63987,NA,NA,NA,0.20756,3.86805,-0.09707,5cabaece-df46-4300-b3c7-55df33123daa,2026-03-04,02:50:09,2026-03-04T02:50:09Z,2026-03-04T02:50:09Z,NA,v3,5045,471223,5b1f43e35ca0421ba59ea357c474eb40,"Dallimore, Brady",834396,Right,TCU_HFG,e07e04b0-39ba-4373-b503-74185a33d742,55.01647,-136.42677,15.63972,6.30674,-2.75617,-7.36343,-0.38788,1.28356,-1.97501,NA,0.20756,60.21793,-17.33437,4.65316,-1.6467,1.70037,-2.03235,1.37044,-0.36799,3.86805,84.74799,-22.3047,1.97165,-0.04462,-0.66438,0.95967,-0.66474,0.17985,-0.09707,-68.47784,6.73719,-1.02365,0.00333,0.30198,-0.42531,0.29382,-0.07947,NA,NA,NA,NA,NA,NA,NA,NA,NA,NA,NA,NA,NA,NA,NA,NA,NA,NA,NA,NA,NA,NA,High,High,High,High,Undefined,NA,NA,NA,NA,NA,NA,NA,NA,NA,NA,NA,NA,NA,NA,NA,NA,NA,NA,NA,NA,NA,NA,NA,NA,NA,NA,NA,NA,NA,NA,NA,NA,NA,NA,NA,NA,NA,NA,NA,NA,NA,NA,NA,NA,NA,NA,NA,NA,NA,NA,NA,NA,NA,NA,NA
NA,NA,NA,NA,NA,NA,NA,NA,NA,NA,NA,NA,NA,NA,NA,NA,282,2026-03-03,20:50:36,6,4,"Sagouspe, Tanner",701693,Right,TCU_HFG,"Thompson, JT",1000270096,Left,ABI_WIL,Undefined,7,Top,2,1,2,Curveball,Curveball,InPlay,Undefined,LineDrive,Out,1,0,NA,82.289,0.823944,-0.362703,2628.575429,7.783855,06:15:00,6.2629,0.2021,5.42809,-53.91798,-11.74497,-1.79189,2.54154,-0.28695,75.36836,-8.960391,-0.682419,0.4674,95.41949,19.748608,-12.487943,2559.51178,105.72342,31.26514,-30.37365,278.92073,277.08324,-22.281553,3.059977,0.80102,-5.86134,-0.16861,50,6.29787,0.82904,-119.50304,-0.23746,1.1499,24.60299,-40.58812,TCU_HFG,ABI_WIL,TCU,D1,BIG12,20260303-TCU-2,ec1ffac0-1774-11f1-89da-3b5d2295cb78,80.64278,34.86784,NA,6.92063,NA,NA,NA,1.4367,2.51979,0.30102,5cabaece-df46-4300-b3c7-55df33123daa,2026-03-04,02:50:36,2026-03-04T02:50:36Z,2026-03-04T02:50:36Z,LineDrive,v3,5045,471223,5b1f43e35ca0421ba59ea357c474eb40,"Dallimore, Brady",834396,Right,TCU_HFG,df2f8e2d-1bdb-41cc-9828-cdfb613ed93b,55.07749,-120.54385,12.3015,6.27159,1.47958,-20.29406,-0.20266,0.78039,0.57495,114.596606,1.43677,128.59527,-22.26484,3.97551,-0.52122,-0.07092,0.05789,-0.01385,0.00127,2.51977,47.28942,-19.14028,1.67627,-0.37569,0.13525,-0.04307,0.00875,-7.8e-4,0.30098,-28.48458,-6.31959,2.53396,-0.42094,-0.05878,0.04922,-0.01059,8.5e-4,NA,NA,NA,NA,NA,NA,NA,NA,NA,NA,NA,NA,NA,NA,NA,NA,NA,NA,NA,NA,NA,NA,High,High,High,High,Medium,NA,NA,NA,NA,NA,NA,NA,NA,NA,NA,NA,NA,NA,NA,NA,NA,NA,NA,NA,NA,NA,NA,NA,NA,NA,NA,NA,NA,NA,NA,NA,NA,NA,NA,NA,NA,NA,NA,NA,NA,NA,NA,NA,NA,NA,NA,NA,NA,NA,NA,NA,NA,NA,NA,NA
NA,NA,NA,NA,NA,NA,NA,NA,NA,NA,NA,NA,NA,NA,NA,NA,283,2026-03-03,20:53:03,1,1,"Galvan, Noah",822833,Right,ABI_WIL,"Gamster, Preston",1000356863,Right,TCU_HFG,Undefined,7,Bottom,0,0,0,Fastball,Cutter,BallCalled,Undefined,Undefined,Undefined,0,0,NA,84.16327,-1.779341,-3.478402,2248.953845,181.420434,12:00:00,5.63213,1.80995,6.8108,-23.05403,14.95312,0.34244,2.08378,-1.33947,77.53571,-6.154459,-3.41605,0.443715,NA,NA,NA,NA,NA,NA,NA,NA,NA,NA,NA,-1.10118,8.76052,-1.5852,50,5.50807,7.41677,-122.21505,-4.3782,-1.6735,23.00807,-18.86062,TCU_HFG,ABI_WIL,TCU,D1,BIG12,20260303-TCU-2,438afa30-1775-11f1-89da-3b5d2295cb78,84.9474,NA,NA,6.62756,NA,NA,NA,NA,NA,NA,5cabaece-df46-4300-b3c7-55df33123daa,2026-03-04,02:53:03,2026-03-04T02:53:03Z,2026-03-04T02:53:03Z,NA,v3,5045,471223,5b1f43e35ca0421ba59ea357c474eb40,"Gray, Brady",830795,Right,ABI_WIL,ce1bf1ef-511f-48d0-83c4-61d5bdea0b97,53.69058,-122.90787,11.50404,5.63136,-3.81027,-9.43031,-1.8093,7.46717,-0.83675,NA,NA,NA,NA,NA,NA,NA,NA,NA,NA,NA,NA,NA,NA,NA,NA,NA,NA,NA,NA,NA,NA,NA,NA,NA,NA,NA,NA,NA,NA,NA,NA,NA,NA,NA,NA,NA,NA,NA,NA,NA,NA,NA,NA,NA,NA,NA,NA,NA,NA,High,High,High,NA,NA,NA,NA,NA,NA,NA,NA,NA,NA,NA,NA,NA,NA,NA,NA,NA,NA,NA,NA,NA,NA,NA,NA,NA,NA,NA,NA,NA,NA,NA,NA,NA,NA,NA,NA,NA,NA,NA,NA,NA,NA,NA,NA,NA,NA,NA,NA,NA,NA,NA,NA,NA,NA,NA,NA,NA
NA,NA,NA,NA,NA,NA,NA,NA,NA,NA,NA,NA,NA,NA,NA,NA,284,2026-03-03,20:53:17,1,2,"Galvan, Noah",822833,Right,ABI_WIL,"Gamster, Preston",1000356863,Right,TCU_HFG,Undefined,7,Bottom,0,1,0,Fastball,Cutter,BallCalled,Undefined,Undefined,Undefined,0,0,NA,85.6994,-2.375506,-3.407098,2324.905164,197.220601,12:30:00,5.59903,1.97631,6.98444,-24.16659,12.41914,3.49201,1.41963,-0.83501,78.67935,-6.9646420000000004,-2.768608,0.435339,NA,NA,NA,NA,NA,NA,NA,NA,NA,NA,NA,-2.80449,7.65319,-1.76732,50,5.44416,7.2845,-124.40116,-5.77616,-4.39454,24.97136,-20.18182,TCU_HFG,ABI_WIL,TCU,D1,BIG12,20260303-TCU-2,4c042ab0-1775-11f1-89da-3b5d2295cb78,86.58188,NA,NA,7.02005,NA,NA,NA,NA,NA,NA,5cabaece-df46-4300-b3c7-55df33123daa,2026-03-04,02:53:17,2026-03-04T02:53:17Z,2026-03-04T02:53:17Z,NA,v3,5045,471223,5b1f43e35ca0421ba59ea357c474eb40,"Gray, Brady",830795,Right,ABI_WIL,50612b12-d011-406f-af75-6825728ba728,53.51672,-125.10509,12.48568,5.59897,-5.20724,-10.09091,-1.97441,7.40838,-2.19727,NA,NA,NA,NA,NA,NA,NA,NA,NA,NA,NA,NA,NA,NA,NA,NA,NA,NA,NA,NA,NA,NA,NA,NA,NA,NA,NA,NA,NA,NA,NA,NA,NA,NA,NA,NA,NA,NA,NA,NA,NA,NA,NA,NA,NA,NA,NA,NA,NA,NA,High,High,High,NA,NA,NA,NA,NA,NA,NA,NA,NA,NA,NA,NA,NA,NA,NA,NA,NA,NA,NA,NA,NA,NA,NA,NA,NA,NA,NA,NA,NA,NA,NA,NA,NA,NA,NA,NA,NA,NA,NA,NA,NA,NA,NA,NA,NA,NA,NA,NA,NA,NA,NA,NA,NA,NA,NA,NA,NA
NA,NA,NA,NA,NA,NA,NA,NA,NA,NA,NA,NA,NA,NA,NA,NA,285,2026-03-03,20:53:33,1,3,"Galvan, Noah",822833,Right,ABI_WIL,"Gamster, Preston",1000356863,Right,TCU_HFG,Undefined,7,Bottom,0,2,0,Fastball,Cutter,StrikeCalled,Undefined,Undefined,Undefined,0,0,NA,85.25859,-0.582666,-2.06752,2220.293037,195.529983,12:30:00,5.52283,2.09562,6.55923,-21.95529,15.36639,3.95634,3.15861,0.5288,78.27031,-4.757712,-1.349071,0.439695,NA,NA,NA,NA,NA,NA,NA,NA,NA,NA,NA,-2.62524,8.57371,-1.9545,50,5.47301,4.3288,-123.95141,-1.83948,-4.09924,23.92283,-18.78639,TCU_HFG,ABI_WIL,TCU,D1,BIG12,20260303-TCU-2,5590ee10-1775-11f1-89da-3b5d2295cb78,85.72397,NA,NA,6.98827,NA,NA,NA,NA,NA,NA,5cabaece-df46-4300-b3c7-55df33123daa,2026-03-04,02:53:33,2026-03-04T02:53:33Z,2026-03-04T02:53:33Z,NA,v3,5045,471223,5b1f43e35ca0421ba59ea357c474eb40,"Gray, Brady",830795,Right,ABI_WIL,f41bb57c-fe8d-49f7-a567-b342218982d0,53.94222,-124.70995,11.96142,5.5219,-1.24381,-9.3932,-2.09382,4.45878,-2.04962,NA,NA,NA,NA,NA,NA,NA,NA,NA,NA,NA,NA,NA,NA,NA,NA,NA,NA,NA,NA,NA,NA,NA,NA,NA,NA,NA,NA,NA,NA,NA,NA,NA,NA,NA,NA,NA,NA,NA,NA,NA,NA,NA,NA,NA,NA,NA,NA,NA,NA,High,High,High,NA,NA,NA,NA,NA,NA,NA,NA,NA,NA,NA,NA,NA,NA,NA,NA,NA,NA,NA,NA,NA,NA,NA,NA,NA,NA,NA,NA,NA,NA,NA,NA,NA,NA,NA,NA,NA,NA,NA,NA,NA,NA,NA,NA,NA,NA,NA,NA,NA,NA,NA,NA,NA,NA,NA,NA,NA
NA,NA,NA,NA,NA,NA,NA,NA,NA,NA,NA,NA,NA,NA,NA,NA,286,2026-03-03,20:53:50,1,4,"Galvan, Noah",822833,Right,ABI_WIL,"Gamster, Preston",1000356863,Right,TCU_HFG,Undefined,7,Bottom,0,2,1,Fastball,Cutter,StrikeCalled,Undefined,Undefined,Undefined,0,0,NA,85.3842,-1.353535,-1.565597,2243.636092,187.487427,12:15:00,5.54017,2.03876,6.77138,-21.46651,15.53796,1.89047,2.51457,0.76625,78.26993,-5.454005,-1.220691,0.437823,NA,NA,NA,NA,NA,NA,NA,NA,NA,NA,NA,-1.43173,8.95563,-1.93719,50,5.44329,3.32561,-124.15062,-3.4697,-2.23565,24.74563,-18.18989,TCU_HFG,ABI_WIL,TCU,D1,BIG12,20260303-TCU-2,5f92ba60-1775-11f1-89da-3b5d2295cb78,86.09062,NA,NA,7.11427,NA,NA,NA,NA,NA,NA,5cabaece-df46-4300-b3c7-55df33123daa,2026-03-04,02:53:50,2026-03-04T02:53:50Z,2026-03-04T02:53:50Z,NA,v3,5045,471223,5b1f43e35ca0421ba59ea357c474eb40,"Gray, Brady",830795,Right,ABI_WIL,bf08b486-3ba7-4775-a597-e7f0e7688f4f,53.72988,-124.89184,12.37282,5.53907,-2.92485,-9.09494,-2.03781,3.39258,-1.11782,NA,NA,NA,NA,NA,NA,NA,NA,NA,NA,NA,NA,NA,NA,NA,NA,NA,NA,NA,NA,NA,NA,NA,NA,NA,NA,NA,NA,NA,NA,NA,NA,NA,NA,NA,NA,NA,NA,NA,NA,NA,NA,NA,NA,NA,NA,NA,NA,NA,NA,High,High,High,NA,NA,NA,NA,NA,NA,NA,NA,NA,NA,NA,NA,NA,NA,NA,NA,NA,NA,NA,NA,NA,NA,NA,NA,NA,NA,NA,NA,NA,NA,NA,NA,NA,NA,NA,NA,NA,NA,NA,NA,NA,NA,NA,NA,NA,NA,NA,NA,NA,NA,NA,NA,NA,NA,NA,NA,NA
NA,NA,NA,NA,NA,NA,NA,NA,NA,NA,NA,NA,NA,NA,NA,NA,287,2026-03-03,20:54:06,1,5,"Galvan, Noah",822833,Right,ABI_WIL,"Gamster, Preston",1000356863,Right,TCU_HFG,Undefined,7,Bottom,0,2,2,Slider,Curveball,InPlay,Undefined,Popup,Out,1,0,NA,72.69233,1.786547,-0.909044,2303.522051,73.910534,08:30:00,5.3789,1.96366,5.89673,-56.99326,-3.80772,-19.13261,2.28894,-0.4748,66.64733,-8.685243,-4.344559,0.52489,85.23164,69.235187,-14.839526,NA,NA,NA,NA,NA,36.60451,NA,NA,9.59351,-2.05902,-1.87912,50,5.48982,2.32256,-105.58457,1.62961,10.73543,19.43894,-34.47817,TCU_HFG,ABI_WIL,TCU,D1,BIG12,20260303-TCU-2,698fa4b0-1775-11f1-89da-3b5d2295cb78,71.81018,105.71474,NA,6.045,NA,NA,NA,2.808,2.25681,0.39484,5cabaece-df46-4300-b3c7-55df33123daa,2026-03-04,02:54:06,2026-03-04T02:54:06Z,2026-03-04T02:54:06Z,NA,v3,5045,471223,5b1f43e35ca0421ba59ea357c474eb40,"Gray, Brady",830795,Right,ABI_WIL,34bfbab9-235e-4028-973c-9c2fb1efe9d4,54.60871,-106.42969,9.71947,5.38638,3.12857,-17.23909,-1.96995,1.85583,5.36772,177.842198,2.80799,42.8426,-18.73817,6.02039,-0.69582,-1.09646,1.22074,-0.59495,0.11636,2.25682,116.88546,-28.32097,3.11841,-0.71022,0.5674,-0.48646,0.22923,-0.04456,0.39484,-11.3509,3.49924,-1.03508,0.12356,0.16006,-0.18052,0.08802,-0.01721,NA,NA,NA,NA,NA,NA,NA,NA,NA,NA,NA,NA,NA,NA,NA,NA,NA,NA,NA,NA,NA,NA,High,High,High,High,Undefined,NA,NA,NA,NA,NA,NA,NA,NA,NA,NA,NA,NA,NA,NA,NA,NA,NA,NA,NA,NA,NA,NA,NA,NA,NA,NA,NA,NA,NA,NA,NA,NA,NA,NA,NA,NA,NA,NA,NA,NA,NA,NA,NA,NA,NA,NA,NA,NA,NA,NA,NA,NA,NA,NA,NA
NA,NA,NA,NA,NA,NA,NA,NA,NA,NA,NA,NA,NA,NA,NA,NA,288,2026-03-03,20:54:45,2,1,"Galvan, Noah",822833,Right,ABI_WIL,"Arthur, Jack",1000113360,Left,TCU_HFG,Undefined,7,Bottom,1,0,0,Fastball,Cutter,BallCalled,Undefined,Undefined,Undefined,0,0,NA,85.13854,0.435576,-1.000937,2251.9671,183.446069,12:00:00,5.58844,1.98524,6.65066,-19.91088,17.51485,0.98417,4.32795,1.15101,77.71559,-3.394196,-0.821835,0.440308,NA,NA,NA,NA,NA,NA,NA,NA,NA,NA,NA,-0.79587,9.44567,-1.91815,50,5.60925,2.12634,-123.79087,0.45853,-1.23378,24.92817,-17.5307,TCU_HFG,ABI_WIL,TCU,D1,BIG12,20260303-TCU-2,80c3bcc0-1775-11f1-89da-3b5d2295cb78,85.60469,NA,NA,7.42296,NA,NA,NA,NA,NA,NA,5cabaece-df46-4300-b3c7-55df33123daa,2026-03-04,02:54:45,2026-03-04T02:54:45Z,2026-03-04T02:54:45Z,NA,v3,5045,471223,5b1f43e35ca0421ba59ea357c474eb40,"Gray, Brady",830795,Right,ABI_WIL,38709a07-64be-4b80-8937-bf4f3eae8cad,53.84938,-124.56362,12.46409,5.58661,1.00197,-8.76535,-1.98466,2.16459,-0.61689,NA,NA,NA,NA,NA,NA,NA,NA,NA,NA,NA,NA,NA,NA,NA,NA,NA,NA,NA,NA,NA,NA,NA,NA,NA,NA,NA,NA,NA,NA,NA,NA,NA,NA,NA,NA,NA,NA,NA,NA,NA,NA,NA,NA,NA,NA,NA,NA,NA,NA,High,High,High,NA,NA,NA,NA,NA,NA,NA,NA,NA,NA,NA,NA,NA,NA,NA,NA,NA,NA,NA,NA,NA,NA,NA,NA,NA,NA,NA,NA,NA,NA,NA,NA,NA,NA,NA,NA,NA,NA,NA,NA,NA,NA,NA,NA,NA,NA,NA,NA,NA,NA,NA,NA,NA,NA,NA,NA,NA
NA,NA,NA,NA,NA,NA,NA,NA,NA,NA,NA,NA,NA,NA,NA,NA,289,2026-03-03,20:55:01,2,2,"Galvan, Noah",822833,Right,ABI_WIL,"Arthur, Jack",1000113360,Left,TCU_HFG,Undefined,7,Bottom,1,1,0,Fastball,Cutter,BallCalled,Undefined,Undefined,Undefined,0,0,NA,84.46122,-1.529619,-3.383924,2267.797314,182.38248,12:00:00,5.4712,1.99115,6.95439,-21.71466,15.60914,0.60528,2.26694,-1.04136,78.1424,-5.663204,-3.27341,0.439708,NA,NA,NA,NA,NA,NA,NA,NA,NA,NA,NA,-1.16756,9.04973,-1.78107,50,5.36816,7.23828,-122.76064,-3.80242,-1.79949,22.03061,-18.22623,TCU_HFG,ABI_WIL,TCU,D1,BIG12,20260303-TCU-2,8a259f90-1775-11f1-89da-3b5d2295cb78,85.72156,NA,NA,6.31882,NA,NA,NA,NA,NA,NA,5cabaece-df46-4300-b3c7-55df33123daa,2026-03-04,02:55:01,2026-03-04T02:55:01Z,2026-03-04T02:55:01Z,NA,v3,5045,471223,5b1f43e35ca0421ba59ea357c474eb40,"Gray, Brady",830795,Right,ABI_WIL,05ce86cd-268c-4385-bf3e-3464e53f6bc1,53.54796,-123.39572,11.01531,5.4702,-3.27702,-9.11311,-1.99048,7.29016,-0.89975,NA,NA,NA,NA,NA,NA,NA,NA,NA,NA,NA,NA,NA,NA,NA,NA,NA,NA,NA,NA,NA,NA,NA,NA,NA,NA,NA,NA,NA,NA,NA,NA,NA,NA,NA,NA,NA,NA,NA,NA,NA,NA,NA,NA,NA,NA,NA,NA,NA,NA,High,High,High,NA,NA,NA,NA,NA,NA,NA,NA,NA,NA,NA,NA,NA,NA,NA,NA,NA,NA,NA,NA,NA,NA,NA,NA,NA,NA,NA,NA,NA,NA,NA,NA,NA,NA,NA,NA,NA,NA,NA,NA,NA,NA,NA,NA,NA,NA,NA,NA,NA,NA,NA,NA,NA,NA,NA,NA,NA
NA,NA,NA,NA,NA,NA,NA,NA,NA,NA,NA,NA,NA,NA,NA,NA,290,2026-03-03,20:55:17,2,3,"Galvan, Noah",822833,Right,ABI_WIL,"Arthur, Jack",1000113360,Left,TCU_HFG,Undefined,7,Bottom,1,2,0,Fastball,Slider,FoulBallNotFieldable,Undefined,Undefined,Undefined,0,0,NA,85.58679,-0.921583,-3.221084,2331.075175,193.250001,12:30:00,5.49739,2.04042,6.84931,-23.97749,12.77784,2.74252,2.65754,-0.67122,78.53104,-5.479773,-2.721071,0.436347,NA,NA,NA,NA,NA,NA,NA,NA,NA,NA,NA,-2.36473,7.39296,-1.83535,50,5.42943,6.90716,-124.38015,-2.61969,-3.70624,24.83393,-20.58706,TCU_HFG,ABI_WIL,TCU,D1,BIG12,20260303-TCU-2,938deb00-1775-11f1-89da-3b5d2295cb78,86.38184,NA,NA,7.05575,NA,NA,NA,NA,NA,NA,5cabaece-df46-4300-b3c7-55df33123daa,2026-03-04,02:55:17,2026-03-04T02:55:17Z,2026-03-04T02:55:17Z,NA,v3,5045,471223,5b1f43e35ca0421ba59ea357c474eb40,"Gray, Brady",830795,Right,ABI_WIL,303411d1-38e1-48ba-9adb-e39ff0c83b5a,53.65439,-125.10767,12.41697,5.49734,-2.01659,-10.29353,-2.03929,7.01574,-1.85312,NA,NA,NA,NA,NA,NA,NA,NA,NA,NA,NA,NA,NA,NA,NA,NA,NA,NA,NA,NA,NA,NA,NA,NA,NA,NA,NA,NA,NA,NA,NA,NA,NA,NA,NA,NA,NA,NA,NA,NA,NA,NA,NA,NA,NA,NA,NA,NA,NA,NA,High,High,High,NA,NA,NA,NA,NA,NA,NA,NA,NA,NA,NA,NA,NA,NA,NA,NA,NA,NA,NA,NA,NA,NA,NA,NA,NA,NA,NA,NA,NA,NA,NA,NA,NA,NA,NA,NA,NA,NA,NA,NA,NA,NA,NA,NA,NA,NA,NA,NA,NA,NA,NA,NA,NA,NA,NA,NA,NA
NA,NA,NA,NA,NA,NA,NA,NA,NA,NA,NA,NA,NA,NA,NA,NA,291,2026-03-03,20:55:42,2,4,"Galvan, Noah",822833,Right,ABI_WIL,"Arthur, Jack",1000113360,Left,TCU_HFG,Undefined,7,Bottom,1,2,1,Cutter,Slider,FoulBallNotFieldable,Undefined,Undefined,Undefined,0,0,NA,85.24918,-1.282064,-2.552761,2310.216731,161.826006,11:30:00,5.59341,1.87313,6.78849,-22.64013,14.36316,-4.35398,2.53499,-0.82164,78.51553,-5.581351,-3.346114,0.437816,73.77059,40.214786,122.164392,4759.193974,NA,NA,NA,NA,46.20136,NA,NA,1.6339,8.30473,-1.70574,50,5.50121,5.67721,-123.94199,-3.35341,2.55188,23.8316,-19.20345,TCU_HFG,ABI_WIL,TCU,D1,BIG12,20260303-TCU-2,a2828030-1775-11f1-89da-3b5d2295cb78,86.09194,36.33433,NA,6.73365,NA,NA,NA,0.42558,2.63021,0.76896,5cabaece-df46-4300-b3c7-55df33123daa,2026-03-04,02:55:42,2026-03-04T02:55:42Z,2026-03-04T02:55:42Z,NA,v3,5045,471223,5b1f43e35ca0421ba59ea357c474eb40,"Gray, Brady",830795,Right,ABI_WIL,e36b9e20-87d8-4469-b465-5451f3327a90,53.71414,-124.6541,11.9158,5.59284,-2.77959,-9.60173,-1.87424,5.60095,1.27594,NA,0.42558,-43.98393,-1.38446,1.03826,-0.41696,0.38276,-0.66812,0.73779,-0.32876,2.63021,69.85771,-23.95577,2.48151,-0.44333,-0.0285,0.23208,-0.27862,0.12593,0.76896,69.94169,-14.6455,3.53731,-0.85018,0.47922,-0.74044,0.80607,-0.35803,NA,NA,NA,NA,NA,NA,NA,NA,NA,NA,NA,NA,NA,NA,NA,NA,NA,NA,NA,NA,NA,NA,High,High,High,High,Undefined,NA,NA,NA,NA,NA,NA,NA,NA,NA,NA,NA,NA,NA,NA,NA,NA,NA,NA,NA,NA,NA,NA,NA,NA,NA,NA,NA,NA,NA,NA,NA,NA,NA,NA,NA,NA,NA,NA,NA,NA,NA,NA,NA,NA,NA,NA,NA,NA,NA,NA,NA,NA,NA,NA,NA
NA,NA,NA,NA,NA,NA,NA,NA,NA,NA,NA,NA,NA,NA,NA,NA,292,2026-03-03,20:56:07,2,5,"Galvan, Noah",822833,Right,ABI_WIL,"Arthur, Jack",1000113360,Left,TCU_HFG,Undefined,7,Bottom,1,2,2,Curveball,Curveball,StrikeSwinging,Strikeout,Undefined,Undefined,0,0,NA,73.55975,0.816323,-1.310157,2278.781915,56.245352,07:45:00,5.31756,2.04047,5.9649,-61.29732,-9.04772,-16.25221,0.96665,-0.52896,67.16014,-10.424321,-4.237387,0.520251,NA,NA,NA,NA,NA,NA,NA,NA,NA,NA,NA,7.94619,-4.4391,-1.92737,50,5.34826,3.00081,-106.80276,-0.30116,9.00735,21.59039,-37.20594,TCU_HFG,ABI_WIL,TCU,D1,BIG12,20260303-TCU-2,b172f6b0-1775-11f1-89da-3b5d2295cb78,72.4505,NA,NA,6.39961,NA,NA,NA,NA,NA,NA,5cabaece-df46-4300-b3c7-55df33123daa,2026-03-04,02:56:07,2026-03-04T02:56:07Z,2026-03-04T02:56:07Z,NA,v3,5045,471223,5b1f43e35ca0421ba59ea357c474eb40,"Gray, Brady",830795,Right,ABI_WIL,29cc3752-f0d1-49ae-93c3-f9ec6f56d5ee,54.5401,-107.71663,10.79519,5.32768,1.2737,-18.60297,-2.04632,2.61955,4.50367,NA,NA,NA,NA,NA,NA,NA,NA,NA,NA,NA,NA,NA,NA,NA,NA,NA,NA,NA,NA,NA,NA,NA,NA,NA,NA,NA,NA,NA,NA,NA,NA,NA,NA,NA,NA,NA,NA,NA,NA,NA,NA,NA,NA,NA,NA,NA,NA,NA,NA,High,High,High,NA,NA,NA,NA,NA,NA,NA,NA,NA,NA,NA,NA,NA,NA,NA,NA,NA,NA,NA,NA,NA,NA,NA,NA,NA,NA,NA,NA,NA,NA,NA,NA,NA,NA,NA,NA,NA,NA,NA,NA,NA,NA,NA,NA,NA,NA,NA,NA,NA,NA,NA,NA,NA,NA,NA,NA,NA
NA,NA,NA,NA,NA,NA,NA,NA,NA,NA,NA,NA,NA,NA,NA,NA,293,2026-03-03,20:56:48,3,1,"Galvan, Noah",822833,Right,ABI_WIL,"Cramer, Cole",823144,Right,TCU_HFG,Undefined,7,Bottom,2,0,0,Slider,Curveball,StrikeCalled,Undefined,Undefined,Undefined,0,0,NA,73.05929,2.240637,-0.854824,2195.450201,88.896587,09:00:00,5.2828,2.06322,6.0559,-51.29696,1.44528,-19.49159,3.08346,-0.35243,66.30342,-7.279933,-4.36143,0.522698,NA,NA,NA,NA,NA,NA,NA,NA,NA,NA,NA,9.68256,0.61937,-1.98686,50,5.43026,2.26292,-105.98808,2.68368,10.84647,20.6851,-31.4802,TCU_HFG,ABI_WIL,TCU,D1,BIG12,20260303-TCU-2,ca32b7d0-1775-11f1-89da-3b5d2295cb78,72.11135,NA,NA,6.75587,NA,NA,NA,NA,NA,NA,5cabaece-df46-4300-b3c7-55df33123daa,2026-03-04,02:56:48,2026-03-04T02:56:48Z,2026-03-04T02:56:48Z,NA,v3,5045,471223,5b1f43e35ca0421ba59ea357c474eb40,"Gray, Brady",830795,Right,ABI_WIL,e48cf0e3-27d8-4228-bfb6-6c29f46e21d8,54.4456,-106.85218,10.34255,5.29069,3.99873,-15.7401,-2.07193,1.80982,5.42324,NA,NA,NA,NA,NA,NA,NA,NA,NA,NA,NA,NA,NA,NA,NA,NA,NA,NA,NA,NA,NA,NA,NA,NA,NA,NA,NA,NA,NA,NA,NA,NA,NA,NA,NA,NA,NA,NA,NA,NA,NA,NA,NA,NA,NA,NA,NA,NA,NA,NA,High,High,High,NA,NA,NA,NA,NA,NA,NA,NA,NA,NA,NA,NA,NA,NA,NA,NA,NA,NA,NA,NA,NA,NA,NA,NA,NA,NA,NA,NA,NA,NA,NA,NA,NA,NA,NA,NA,NA,NA,NA,NA,NA,NA,NA,NA,NA,NA,NA,NA,NA,NA,NA,NA,NA,NA,NA,NA,NA
NA,NA,NA,NA,NA,NA,NA,NA,NA,NA,NA,NA,NA,NA,NA,NA,294,2026-03-03,20:57:08,3,2,"Galvan, Noah",822833,Right,ABI_WIL,"Cramer, Cole",823144,Right,TCU_HFG,Undefined,7,Bottom,2,0,1,Fastball,Changeup,BallCalled,Undefined,Undefined,Undefined,0,0,NA,85.86715,-1.262706,-0.80182,2219.774387,228.550393,01:30:00,5.5278,1.75132,6.44809,-25.65419,11.72012,11.83166,2.22943,2.00051,78.07113,-6.114918,1.345611,0.440005,NA,NA,NA,NA,NA,NA,NA,NA,NA,NA,NA,-6.58788,6.88544,-1.70008,50,5.42665,1.3278,-124.80264,-3.47684,-10.27081,27.81553,-21.43929,TCU_HFG,ABI_WIL,TCU,D1,BIG12,20260303-TCU-2,d5b3d120-1775-11f1-89da-3b5d2295cb78,85.66361,NA,NA,7.79603,NA,NA,NA,NA,NA,NA,5cabaece-df46-4300-b3c7-55df33123daa,2026-03-04,02:57:08,2026-03-04T02:57:08Z,2026-03-04T02:57:08Z,NA,v3,5045,471223,5b1f43e35ca0421ba59ea357c474eb40,"Gray, Brady",830795,Right,ABI_WIL,3d889300-ad9d-49a7-838b-e2f6c9a80d93,54.05653,-125.70349,13.90777,5.52801,-2.7825,-10.71965,-1.74847,1.66044,-5.13541,NA,NA,NA,NA,NA,NA,NA,NA,NA,NA,NA,NA,NA,NA,NA,NA,NA,NA,NA,NA,NA,NA,NA,NA,NA,NA,NA,NA,NA,NA,NA,NA,NA,NA,NA,NA,NA,NA,NA,NA,NA,NA,NA,NA,NA,NA,NA,NA,NA,NA,High,High,High,NA,NA,NA,NA,NA,NA,NA,NA,NA,NA,NA,NA,NA,NA,NA,NA,NA,NA,NA,NA,NA,NA,NA,NA,NA,NA,NA,NA,NA,NA,NA,NA,NA,NA,NA,NA,NA,NA,NA,NA,NA,NA,NA,NA,NA,NA,NA,NA,NA,NA,NA,NA,NA,NA,NA,NA,NA
NA,NA,NA,NA,NA,NA,NA,NA,NA,NA,NA,NA,NA,NA,NA,NA,295,2026-03-03,20:57:30,3,3,"Galvan, Noah",822833,Right,ABI_WIL,"Cramer, Cole",823144,Right,TCU_HFG,Undefined,7,Bottom,2,1,1,Slider,Curveball,InPlay,Undefined,FlyBall,Out,1,0,NA,72.61819,2.707299,-0.353504,2190.878532,70.635829,08:15:00,5.31302,1.96451,6.12948,-57.50629,-4.07713,-17.028,3.02536,0.21873,65.69059,-7.958556,-3.423584,0.526091,95.23893,27.939049,5.721096,3468.303846,108.07937,53.35192,20.46431,327.07728,316.04394,22.106677,4.663851,8.71552,-2.52473,-1.92859,50,5.49044,1.21842,-105.34345,3.3619,9.60041,21.18964,-34.9551,TCU_HFG,ABI_WIL,TCU,D1,BIG12,20260303-TCU-2,e3178d20-1775-11f1-89da-3b5d2295cb78,71.64628,69.94756,NA,6.9276,NA,NA,NA,1.5056,3.03467,-0.21071,5cabaece-df46-4300-b3c7-55df33123daa,2026-03-04,02:57:30,2026-03-04T02:57:30Z,2026-03-04T02:57:30Z,FlyBall,v3,5045,471223,5b1f43e35ca0421ba59ea357c474eb40,"Gray, Brady",830795,Right,ABI_WIL,4e911cac-7ab5-4675-ae3f-133167a8ff8f,54.37426,-106.21968,10.59482,5.32153,4.80736,-17.47755,-1.97076,0.82142,4.8002,226.500552,1.50506,122.8058,-25.25205,5.68688,-1.30887,0.30391,-0.06324,0.00844,-4.7e-4,3.03495,65.4342,-17.3928,0.47567,0.24703,-0.12918,0.03459,-0.0045,2.2e-4,-0.21096,12.30379,10.16408,-3.95341,1.08487,-0.21554,0.02927,-0.00218,5e-5,NA,NA,NA,NA,NA,NA,NA,NA,NA,NA,NA,NA,NA,NA,NA,NA,NA,NA,NA,NA,NA,NA,High,High,High,Medium,High,NA,NA,NA,NA,NA,NA,NA,NA,NA,NA,NA,NA,NA,NA,NA,NA,NA,NA,NA,NA,NA,NA,NA,NA,NA,NA,NA,NA,NA,NA,NA,NA,NA,NA,NA,NA,NA,NA,NA,NA,NA,NA,NA,NA,NA,NA,NA,NA,NA,NA,NA,NA,NA,NA,NA
NA,NA,NA,NA,NA,NA,NA,NA,NA,NA,NA,NA,NA,NA,NA,NA,296,2026-03-03,21:00:23,1,1,"Thomas, Ethan",1000458110,Right,TCU_HFG,"Regala, Braden",815691,Left,ABI_WIL,Undefined,8,Top,0,0,0,Fastball,Four-Seam,BallCalled,Undefined,Undefined,Undefined,0,0,NA,94.92743,-1.195147,-0.612993,2424.673954,210.209663,01:00:00,6.12256,1.53132,6.73311,-14.24883,16.00154,8.71717,3.84274,1.69754,86.01342,-3.970005,0.976787,0.395856,NA,NA,NA,NA,NA,NA,NA,NA,NA,NA,NA,-4.7426,9.09426,-1.49355,50,6.03767,1.1126,-137.94222,-3.22125,-9.05096,33.41257,-14.81825,TCU_HFG,ABI_WIL,TCU,D1,BIG12,20260303-TCU-2,49fccc80-1776-11f1-89da-3b5d2295cb78,95.21761,NA,NA,8.91401,NA,NA,NA,NA,NA,NA,5cabaece-df46-4300-b3c7-55df33123daa,2026-03-04,03:00:23,2026-03-04T03:00:23Z,2026-03-04T03:00:23Z,NA,v3,5045,471223,5b1f43e35ca0421ba59ea357c474eb40,"Dallimore, Brady",834396,Right,TCU_HFG,f4df7075-4cfa-434a-b208-f1aca556df29,53.76614,-138.85146,16.70629,6.11985,-2.81801,-7.40912,-1.52718,1.35889,-4.52548,NA,NA,NA,NA,NA,NA,NA,NA,NA,NA,NA,NA,NA,NA,NA,NA,NA,NA,NA,NA,NA,NA,NA,NA,NA,NA,NA,NA,NA,NA,NA,NA,NA,NA,NA,NA,NA,NA,NA,NA,NA,NA,NA,NA,NA,NA,NA,NA,NA,NA,High,High,High,NA,NA,NA,NA,NA,NA,NA,NA,NA,NA,NA,NA,NA,NA,NA,NA,NA,NA,NA,NA,NA,NA,NA,NA,NA,NA,NA,NA,NA,NA,NA,NA,NA,NA,NA,NA,NA,NA,NA,NA,NA,NA,NA,NA,NA,NA,NA,NA,NA,NA,NA,NA,NA,NA,NA,NA,NA
NA,NA,NA,NA,NA,NA,NA,NA,NA,NA,NA,NA,NA,NA,NA,NA,297,2026-03-03,21:00:43,1,2,"Thomas, Ethan",1000458110,Right,TCU_HFG,"Regala, Braden",815691,Left,ABI_WIL,Undefined,8,Top,0,1,0,Fastball,Sinker,StrikeCalled,Undefined,Undefined,Undefined,0,0,NA,93.1211,-1.607219,-2.288255,2293.088929,227.694665,01:30:00,6.14652,1.54028,6.88912,-20.42989,10.82032,10.73024,2.97808,0.34845,84.61502,-5.51466,-0.326338,0.402344,NA,NA,NA,NA,NA,NA,NA,NA,NA,NA,NA,-6.35398,6.55465,-1.39854,50,6.03743,4.98313,-135.26983,-4.36045,-11.67476,31.80687,-20.13063,TCU_HFG,ABI_WIL,TCU,D1,BIG12,20260303-TCU-2,55f55fc0-1776-11f1-89da-3b5d2295cb78,93.68206,NA,NA,8.50608,NA,NA,NA,NA,NA,NA,5cabaece-df46-4300-b3c7-55df33123daa,2026-03-04,03:00:43,2026-03-04T03:00:43Z,2026-03-04T03:00:43Z,NA,v3,5045,471223,5b1f43e35ca0421ba59ea357c474eb40,"Dallimore, Brady",834396,Right,TCU_HFG,93f29025-5f2b-4024-add4-6c4254fadc6c,53.61141,-136.11636,15.90344,6.14635,-3.82468,-10.06531,-1.5353,5.29385,-5.83738,NA,NA,NA,NA,NA,NA,NA,NA,NA,NA,NA,NA,NA,NA,NA,NA,NA,NA,NA,NA,NA,NA,NA,NA,NA,NA,NA,NA,NA,NA,NA,NA,NA,NA,NA,NA,NA,NA,NA,NA,NA,NA,NA,NA,NA,NA,NA,NA,NA,NA,High,High,High,NA,NA,NA,NA,NA,NA,NA,NA,NA,NA,NA,NA,NA,NA,NA,NA,NA,NA,NA,NA,NA,NA,NA,NA,NA,NA,NA,NA,NA,NA,NA,NA,NA,NA,NA,NA,NA,NA,NA,NA,NA,NA,NA,NA,NA,NA,NA,NA,NA,NA,NA,NA,NA,NA,NA,NA,NA
NA,NA,NA,NA,NA,NA,NA,NA,NA,NA,NA,NA,NA,NA,NA,NA,298,2026-03-03,21:01:01,1,3,"Thomas, Ethan",1000458110,Right,TCU_HFG,"Regala, Braden",815691,Left,ABI_WIL,Undefined,8,Top,0,1,1,Fastball,Four-Seam,FoulBallNotFieldable,Undefined,Undefined,Undefined,0,0,NA,93.76217,-2.279213,-2.329971,2336.448052,196.313874,12:30:00,6.20749,1.45597,7.07143,-10.67347,20.22344,5.58681,3.24581,-0.19514,84.35102,-4.431449,-1.30594,0.400064,78.44099,15.29195,-166.966887,2154.100942,NA,NA,NA,121.63101,45.96855,-176.419732,1.315026,-3.73823,11.87056,-1.31734,50,6.06611,5.31992,-136.07295,-5.5816,-6.88526,34.77202,-10.31031,TCU_HFG,ABI_WIL,TCU,D1,BIG12,20260303-TCU-2,60a45c00-1776-11f1-89da-3b5d2295cb78,94.21612,11.24329,NA,9.41115,NA,NA,NA,0.2973,2.84283,0.52005,5cabaece-df46-4300-b3c7-55df33123daa,2026-03-04,03:01:01,2026-03-04T03:01:01Z,2026-03-04T03:01:01Z,LineDrive,v3,5045,471223,5b1f43e35ca0421ba59ea357c474eb40,"Dallimore, Brady",834396,Right,TCU_HFG,04ba2b22-22db-4f03-8dab-c3131e56dead,53.42781,-136.94609,17.38601,6.20302,-5.32271,-5.15516,-1.45309,5.49282,-3.44263,58.64495,0.29721,-108.17881,11.89842,NA,NA,NA,NA,NA,NA,3.17429,26.81106,-22.38947,NA,NA,NA,NA,NA,NA,0.15726,-21.12484,11.75765,NA,NA,NA,NA,NA,NA,NA,NA,NA,NA,NA,NA,NA,NA,NA,NA,NA,NA,NA,NA,NA,NA,NA,NA,NA,NA,NA,NA,High,High,High,High,Low,NA,NA,NA,NA,NA,NA,NA,NA,NA,NA,NA,NA,NA,NA,NA,NA,NA,NA,NA,NA,NA,NA,NA,NA,NA,NA,NA,NA,NA,NA,NA,NA,NA,NA,NA,NA,NA,NA,NA,NA,NA,NA,NA,NA,NA,NA,NA,NA,NA,NA,NA,NA,NA,NA,NA
NA,NA,NA,NA,NA,NA,NA,NA,NA,NA,NA,NA,NA,NA,NA,NA,299,2026-03-03,21:01:25,1,4,"Thomas, Ethan",1000458110,Right,TCU_HFG,"Regala, Braden",815691,Left,ABI_WIL,Undefined,8,Top,0,1,2,Slider,Slider,BallCalled,Undefined,Undefined,Undefined,0,0,NA,82.52516,-0.599405,-2.782617,2303.901645,79.843166,08:45:00,5.8942,1.75033,6.51707,-40.30101,0.09465,-6.87201,1.98508,-1.37776,75.47928,-8.094279,-4.029696,0.457445,NA,NA,NA,NA,NA,NA,NA,NA,NA,NA,NA,2.74965,0.64913,-1.55356,50,5.83543,6.07147,-119.82757,-2.45491,3.96081,25.1598,-31.23897,TCU_HFG,ABI_WIL,TCU,D1,BIG12,20260303-TCU-2,6f4f16f0-1776-11f1-89da-3b5d2295cb78,82.39777,NA,NA,7.04588,NA,NA,NA,NA,NA,NA,5cabaece-df46-4300-b3c7-55df33123daa,2026-03-04,03:01:25,2026-03-04T03:01:25Z,2026-03-04T03:01:25Z,NA,v3,5045,471223,5b1f43e35ca0421ba59ea357c474eb40,"Dallimore, Brady",834396,Right,TCU_HFG,b2ac2de5-70d2-4808-9e5e-341a45afb913,53.985,-120.66138,12.5799,5.89963,-1.41963,-15.61949,-1.7526,5.9402,1.98041,NA,NA,NA,NA,NA,NA,NA,NA,NA,NA,NA,NA,NA,NA,NA,NA,NA,NA,NA,NA,NA,NA,NA,NA,NA,NA,NA,NA,NA,NA,NA,NA,NA,NA,NA,NA,NA,NA,NA,NA,NA,NA,NA,NA,NA,NA,NA,NA,NA,NA,High,High,High,NA,NA,NA,NA,NA,NA,NA,NA,NA,NA,NA,NA,NA,NA,NA,NA,NA,NA,NA,NA,NA,NA,NA,NA,NA,NA,NA,NA,NA,NA,NA,NA,NA,NA,NA,NA,NA,NA,NA,NA,NA,NA,NA,NA,NA,NA,NA,NA,NA,NA,NA,NA,NA,NA,NA,NA,NA
NA,NA,NA,NA,NA,NA,NA,NA,NA,NA,NA,NA,NA,NA,NA,NA,300,2026-03-03,21:01:48,1,5,"Thomas, Ethan",1000458110,Right,TCU_HFG,"Regala, Braden",815691,Left,ABI_WIL,Undefined,8,Top,0,2,2,Slider,Slider,InPlay,Undefined,FlyBall,Out,1,0,NA,81.11979,-0.384459,-1.223288,2229.305493,77.335152,08:30:00,5.99431,1.53257,6.51331,-41.75742,-0.15634,-6.62512,2.16163,-0.1423,74.38881,-8.153314,-2.428115,0.46422,79.17828,35.396642,5.11939,3326.013157,109.74507,68.06915,7.48288,263.73995,260.26112,2.229098,4.96974,3.1263,0.40972,-1.4445,50,5.94958,2.74883,-117.9505,-2.00875,4.37634,23.76146,-31.60047,TCU_HFG,ABI_WIL,TCU,D1,BIG12,20260303-TCU-2,7c7072c0-1776-11f1-89da-3b5d2295cb78,81.19523,79.02254,NA,6.73097,NA,NA,NA,1.86133,2.25311,0.12427,5cabaece-df46-4300-b3c7-55df33123daa,2026-03-04,03:01:48,2026-03-04T03:01:48Z,2026-03-04T03:01:48Z,FlyBall,v3,5045,471223,5b1f43e35ca0421ba59ea357c474eb40,"Dallimore, Brady",834396,Right,TCU_HFG,d5b463bd-5674-4244-995c-f7668c4d85f8,53.99001,-118.75158,11.88073,5.99935,-0.94339,-15.80024,-1.53469,2.60129,2.18817,173.192863,1.86219,94.27327,-18.58814,4.10663,-0.76061,0.12365,-0.01867,0.00218,-1.2e-4,2.25407,67.23298,-15.98786,0.55467,0.0923,-0.08573,0.02672,-0.0038,2e-4,0.12431,8.44804,-3.25539,0.8252,-0.16216,0.02405,-0.00246,1.7e-4,-1e-5,NA,NA,NA,NA,NA,NA,NA,NA,NA,NA,NA,NA,NA,NA,NA,NA,NA,NA,NA,NA,NA,NA,High,High,High,High,Medium,NA,NA,NA,NA,NA,NA,NA,NA,NA,NA,NA,NA,NA,NA,NA,NA,NA,NA,NA,NA,NA,NA,NA,NA,NA,NA,NA,NA,NA,NA,NA,NA,NA,NA,NA,NA,NA,NA,NA,NA,NA,NA,NA,NA,NA,NA,NA,NA,NA,NA,NA,NA,NA,NA,NA
NA,NA,NA,NA,NA,NA,NA,NA,NA,NA,NA,NA,NA,NA,NA,NA,301,2026-03-03,21:02:25,2,1,"Thomas, Ethan",1000458110,Right,TCU_HFG,"Payne, Zandt",822830,Left,ABI_WIL,Undefined,8,Top,1,0,0,Fastball,Sinker,BallCalled,Undefined,Undefined,Undefined,0,0,NA,95.682,-1.574359,-0.563334,2307.440158,235.68093,01:45:00,6.1912,1.49392,6.83816,-18.70773,10.94418,14.56497,3.19594,2.19387,86.8828,-5.155771,2.099341,0.39192,NA,NA,NA,NA,NA,NA,NA,NA,NA,NA,NA,-7.81689,6.58544,-1.46179,50,6.08325,0.76639,-139.07158,-4.3484,-15.16126,34.0007,-19.4012,TCU_HFG,ABI_WIL,TCU,D1,BIG12,20260303-TCU-2,929dc930-1776-11f1-89da-3b5d2295cb78,96.17373,NA,NA,8.7992,NA,NA,NA,NA,NA,NA,5cabaece-df46-4300-b3c7-55df33123daa,2026-03-04,03:02:25,2026-03-04T03:02:25Z,2026-03-04T03:02:25Z,NA,v3,5045,471223,5b1f43e35ca0421ba59ea357c474eb40,"Dallimore, Brady",834396,Right,TCU_HFG,950db29d-7c3c-4174-8f55-312723f11871,53.66205,-139.96402,17.00035,6.1907,-3.83915,-9.7006,-1.48713,1.16434,-7.58063,NA,NA,NA,NA,NA,NA,NA,NA,NA,NA,NA,NA,NA,NA,NA,NA,NA,NA,NA,NA,NA,NA,NA,NA,NA,NA,NA,NA,NA,NA,NA,NA,NA,NA,NA,NA,NA,NA,NA,NA,NA,NA,NA,NA,NA,NA,NA,NA,NA,NA,High,High,High,NA,NA,NA,NA,NA,NA,NA,NA,NA,NA,NA,NA,NA,NA,NA,NA,NA,NA,NA,NA,NA,NA,NA,NA,NA,NA,NA,NA,NA,NA,NA,NA,NA,NA,NA,NA,NA,NA,NA,NA,NA,NA,NA,NA,NA,NA,NA,NA,NA,NA,NA,NA,NA,NA,NA,NA,NA
NA,NA,NA,NA,NA,NA,NA,NA,NA,NA,NA,NA,NA,NA,NA,NA,302,2026-03-03,21:02:43,2,2,"Thomas, Ethan",1000458110,Right,TCU_HFG,"Payne, Zandt",822830,Left,ABI_WIL,Undefined,8,Top,1,1,0,Fastball,Four-Seam,StrikeSwinging,Undefined,Undefined,Undefined,0,0,NA,94.05487,-1.812464,-1.906033,2181.811218,204.170836,12:45:00,6.13996,1.44647,7.05084,-12.67115,17.62115,7.46776,3.43629,0.33687,85.73119,-4.302924,-0.536836,0.39613,NA,NA,NA,NA,NA,NA,NA,NA,NA,NA,NA,-4.49847,10.20473,-1.33298,50,6.02538,4.25803,-136.71558,-4.58125,-8.48703,31.03655,-12.92126,TCU_HFG,ABI_WIL,TCU,D1,BIG12,20260303-TCU-2,9d5243b0-1776-11f1-89da-3b5d2295cb78,95.1517,NA,NA,8.32369,NA,NA,NA,NA,NA,NA,5cabaece-df46-4300-b3c7-55df33123daa,2026-03-04,03:02:43,2026-03-04T03:02:43Z,2026-03-04T03:02:43Z,NA,v3,5045,471223,5b1f43e35ca0421ba59ea357c474eb40,"Dallimore, Brady",834396,Right,TCU_HFG,6aedade4-8a49-4fd5-a356-bc8df2a04c20,53.4493,-137.49639,15.51827,6.13654,-4.25618,-6.46063,-1.44279,4.47155,-4.24352,NA,NA,NA,NA,NA,NA,NA,NA,NA,NA,NA,NA,NA,NA,NA,NA,NA,NA,NA,NA,NA,NA,NA,NA,NA,NA,NA,NA,NA,NA,NA,NA,NA,NA,NA,NA,NA,NA,NA,NA,NA,NA,NA,NA,NA,NA,NA,NA,NA,NA,High,High,High,NA,NA,NA,NA,NA,NA,NA,NA,NA,NA,NA,NA,NA,NA,NA,NA,NA,NA,NA,NA,NA,NA,NA,NA,NA,NA,NA,NA,NA,NA,NA,NA,NA,NA,NA,NA,NA,NA,NA,NA,NA,NA,NA,NA,NA,NA,NA,NA,NA,NA,NA,NA,NA,NA,NA,NA,NA
NA,NA,NA,NA,NA,NA,NA,NA,NA,NA,NA,NA,NA,NA,NA,NA,303,2026-03-03,21:03:02,2,3,"Thomas, Ethan",1000458110,Right,TCU_HFG,"Payne, Zandt",822830,Left,ABI_WIL,Undefined,8,Top,1,1,1,Fastball,Four-Seam,FoulBallNotFieldable,Undefined,Undefined,Undefined,0,0,NA,95.61049,-3.3361,-2.571006,2338.488036,214.390838,01:15:00,6.20012,1.40822,6.89426,-10.60875,19.12942,12.38698,2.27021,0.09659,86.70304,-5.444969,-0.307952,0.39249,71.56656,24.107295,-147.227811,2670.476673,NA,NA,NA,NA,43.92978,NA,NA,-7.3376,11.47138,-1.24939,50,5.98462,5.73174,-138.68739,-8.2877,-14.16208,33.63435,-10.03363,TCU_HFG,ABI_WIL,TCU,D1,BIG12,20260303-TCU-2,a8af8150-1776-11f1-89da-3b5d2295cb78,96.03419,19.21117,NA,8.90745,NA,NA,NA,0.53818,2.32007,-0.30503,5cabaece-df46-4300-b3c7-55df33123daa,2026-03-04,03:03:02,2026-03-04T03:03:02Z,2026-03-04T03:03:02Z,NA,v3,5045,471223,5b1f43e35ca0421ba59ea357c474eb40,"Dallimore, Brady",834396,Right,TCU_HFG,dcdb3ef3-4dce-4101-a718-a37ba839d1e5,53.60693,-139.5594,16.81718,6.19612,-8.02757,-5.01681,-1.40275,6.09891,-7.08104,NA,0.5362,-80.5034,2.87349,NA,NA,NA,NA,NA,NA,2.32077,42.85252,-14.75534,NA,NA,NA,NA,NA,NA,-0.30664,-51.81631,2.34282,NA,NA,NA,NA,NA,NA,NA,NA,NA,NA,NA,NA,NA,NA,NA,NA,NA,NA,NA,NA,NA,NA,NA,NA,NA,NA,NA,NA,High,High,High,High,Undefined,NA,NA,NA,NA,NA,NA,NA,NA,NA,NA,NA,NA,NA,NA,NA,NA,NA,NA,NA,NA,NA,NA,NA,NA,NA,NA,NA,NA,NA,NA,NA,NA,NA,NA,NA,NA,NA,NA,NA,NA,NA,NA,NA,NA,NA,NA,NA,NA,NA,NA,NA,NA,NA,NA,NA
NA,NA,NA,NA,NA,NA,NA,NA,NA,NA,NA,NA,NA,NA,NA,NA,304,2026-03-03,21:03:23,2,4,"Thomas, Ethan",1000458110,Right,TCU_HFG,"Payne, Zandt",822830,Left,ABI_WIL,Undefined,8,Top,1,1,2,ChangeUp,Changeup,BallCalled,Undefined,Undefined,Undefined,0,0,NA,83.8986,1.924829,0.012845,1923.69956,247.969376,02:15:00,6.07994,1.43775,6.83257,-33.19525,4.95567,9.44225,5.07001,2.23632,76.9277,-4.337788,1.737391,0.444553,NA,NA,NA,NA,NA,NA,NA,NA,NA,NA,NA,-4.96209,2.49606,-1.44126,50,6.19174,-0.36375,-122.04952,3.18002,-7.50316,23.46714,-28.39973,TCU_HFG,ABI_WIL,TCU,D1,BIG12,20260303-TCU-2,b56e23b0-1776-11f1-89da-3b5d2295cb78,84.78719,NA,NA,6.9709,NA,NA,NA,NA,NA,NA,5cabaece-df46-4300-b3c7-55df33123daa,2026-03-04,03:03:23,2026-03-04T03:03:23Z,2026-03-04T03:03:23Z,NA,v3,5045,471223,5b1f43e35ca0421ba59ea357c474eb40,"Dallimore, Brady",834396,Right,TCU_HFG,5eef6cd3-c5a1-4bb3-927b-4d3a27a794d2,53.66917,-122.75299,11.73357,6.08365,4.03135,-14.19986,-1.43373,-0.13884,-3.75158,NA,NA,NA,NA,NA,NA,NA,NA,NA,NA,NA,NA,NA,NA,NA,NA,NA,NA,NA,NA,NA,NA,NA,NA,NA,NA,NA,NA,NA,NA,NA,NA,NA,NA,NA,NA,NA,NA,NA,NA,NA,NA,NA,NA,NA,NA,NA,NA,NA,NA,High,High,High,NA,NA,NA,NA,NA,NA,NA,NA,NA,NA,NA,NA,NA,NA,NA,NA,NA,NA,NA,NA,NA,NA,NA,NA,NA,NA,NA,NA,NA,NA,NA,NA,NA,NA,NA,NA,NA,NA,NA,NA,NA,NA,NA,NA,NA,NA,NA,NA,NA,NA,NA,NA,NA,NA,NA,NA,NA
NA,NA,NA,NA,NA,NA,NA,NA,NA,NA,NA,NA,NA,NA,NA,NA,305,2026-03-03,21:03:40,2,5,"Thomas, Ethan",1000458110,Right,TCU_HFG,"Payne, Zandt",822830,Left,ABI_WIL,Undefined,8,Top,1,2,2,Fastball,Four-Seam,BallCalled,Undefined,Undefined,Undefined,0,0,NA,95.85597,-1.315885,-1.472157,2288.994036,217.534138,01:15:00,6.11751,1.24469,6.94179,-14.42335,14.98458,10.74973,3.71721,0.80023,86.94946,-4.126656,0.495675,0.390305,NA,NA,NA,NA,NA,NA,NA,NA,NA,NA,NA,-6.09859,8.64343,-1.15556,50,6.02988,3.14005,-139.3156,-3.54136,-11.88498,33.75801,-15.32969,TCU_HFG,ABI_WIL,TCU,D1,BIG12,20260303-TCU-2,bfb117b0-1776-11f1-89da-3b5d2295cb78,96.57187,NA,NA,8.90651,NA,NA,NA,NA,NA,NA,5cabaece-df46-4300-b3c7-55df33123daa,2026-03-04,03:03:40,2026-03-04T03:03:40Z,2026-03-04T03:03:40Z,NA,v3,5045,471223,5b1f43e35ca0421ba59ea357c474eb40,"Dallimore, Brady",834396,Right,TCU_HFG,80510ee3-27f5-4ec8-b1e4-e3eb667cf6db,53.55772,-140.17503,16.879,6.11507,-3.15108,-7.66485,-1.23936,3.44263,-5.94249,NA,NA,NA,NA,NA,NA,NA,NA,NA,NA,NA,NA,NA,NA,NA,NA,NA,NA,NA,NA,NA,NA,NA,NA,NA,NA,NA,NA,NA,NA,NA,NA,NA,NA,NA,NA,NA,NA,NA,NA,NA,NA,NA,NA,NA,NA,NA,NA,NA,NA,High,High,High,NA,NA,NA,NA,NA,NA,NA,NA,NA,NA,NA,NA,NA,NA,NA,NA,NA,NA,NA,NA,NA,NA,NA,NA,NA,NA,NA,NA,NA,NA,NA,NA,NA,NA,NA,NA,NA,NA,NA,NA,NA,NA,NA,NA,NA,NA,NA,NA,NA,NA,NA,NA,NA,NA,NA,NA,NA
NA,NA,NA,NA,NA,NA,NA,NA,NA,NA,NA,NA,NA,NA,NA,NA,306,2026-03-03,21:04:03,2,6,"Thomas, Ethan",1000458110,Right,TCU_HFG,"Payne, Zandt",822830,Left,ABI_WIL,Undefined,8,Top,1,3,2,Fastball,Four-Seam,FoulBallNotFieldable,Undefined,Undefined,Undefined,0,0,NA,96.14845,-1.918315,-1.981112,2396.418008,200.464121,12:45:00,6.18088,1.40476,6.7207,-10.18158,19.05099,6.77024,3.57723,0.15734,87.97451,-3.927934,-0.747913,0.389139,NA,NA,NA,NA,NA,NA,NA,NA,NA,NA,NA,-4.11626,10.86646,-1.27602,50,6.04933,4.56063,-139.76074,-4.89162,-8.15352,31.06834,-10.6497,TCU_HFG,ABI_WIL,TCU,D1,BIG12,20260303-TCU-2,cd3d1c30-1776-11f1-89da-3b5d2295cb78,96.86113,NA,NA,8.17394,NA,NA,NA,NA,NA,NA,5cabaece-df46-4300-b3c7-55df33123daa,2026-03-04,03:04:03,2026-03-04T03:04:03Z,2026-03-04T03:04:03Z,NA,v3,5045,471223,5b1f43e35ca0421ba59ea357c474eb40,"Dallimore, Brady",834396,Right,TCU_HFG,4cbd9f4c-e479-4cc7-ad3b-f54ad5ad9f0c,53.78164,-140.59888,15.53417,6.17741,-4.60433,-5.32485,-1.40202,4.78059,-4.07676,NA,NA,NA,NA,NA,NA,NA,NA,NA,NA,NA,NA,NA,NA,NA,NA,NA,NA,NA,NA,NA,NA,NA,NA,NA,NA,NA,NA,NA,NA,NA,NA,NA,NA,NA,NA,NA,NA,NA,NA,NA,NA,NA,NA,NA,NA,NA,NA,NA,NA,High,High,High,NA,NA,NA,NA,NA,NA,NA,NA,NA,NA,NA,NA,NA,NA,NA,NA,NA,NA,NA,NA,NA,NA,NA,NA,NA,NA,NA,NA,NA,NA,NA,NA,NA,NA,NA,NA,NA,NA,NA,NA,NA,NA,NA,NA,NA,NA,NA,NA,NA,NA,NA,NA,NA,NA,NA,NA,NA
NA,NA,NA,NA,NA,NA,NA,NA,NA,NA,NA,NA,NA,NA,NA,NA,307,2026-03-03,21:04:25,2,7,"Thomas, Ethan",1000458110,Right,TCU_HFG,"Payne, Zandt",822830,Left,ABI_WIL,Undefined,8,Top,1,3,2,Fastball,Four-Seam,InPlay,Undefined,LineDrive,Single,1,0,NA,95.28639,-2.479656,-2.283796,2392.312822,213.151383,01:00:00,6.06932,1.42356,6.94674,-14.55241,15.35115,9.34272,2.5966,0.12247,86.25776,-5.315353,-0.574364,0.39358,81.67651,21.154109,-32.155736,3279.184826,88.13123,31.11964,-65.82455,234.81549,186.99155,-43.012101,3.021475,-5.67555,9.25563,-1.28402,50,5.9094,5.14767,-138.32385,-6.33891,-10.86465,34.29887,-14.45606,TCU_HFG,ABI_WIL,TCU,D1,BIG12,20260303-TCU-2,da707960-1776-11f1-89da-3b5d2295cb78,95.76821,32.07361,NA,9.02863,NA,NA,NA,0.12462,2.59389,-0.22141,5cabaece-df46-4300-b3c7-55df33123daa,2026-03-04,03:04:25,2026-03-04T03:04:25Z,2026-03-04T03:04:25Z,LineDrive,v3,5045,471223,5b1f43e35ca0421ba59ea357c474eb40,"Dallimore, Brady",834396,Right,TCU_HFG,ac5bf69a-6a3d-4538-b6d0-83838dfa4608,53.55397,-139.2023,17.14944,6.06701,-5.96867,-7.22803,-1.41943,5.42594,-5.43233,NA,0.12464,94.58164,-19.79481,4.02837,-0.85767,0.16338,-0.02626,0.00294,-1.5e-4,2.59389,43.23043,-17.35747,1.34341,-0.24138,0.04857,-0.00775,0.00113,-9e-5,-0.22141,-59.45963,2.5942,-0.09346,-0.05149,0.02153,-0.00505,7.1e-4,-5e-5,NA,NA,NA,NA,NA,NA,NA,NA,NA,NA,NA,NA,NA,NA,NA,NA,NA,NA,NA,NA,NA,NA,High,High,High,High,Medium,NA,NA,NA,NA,NA,NA,NA,NA,NA,NA,NA,NA,NA,NA,NA,NA,NA,NA,NA,NA,NA,NA,NA,NA,NA,NA,NA,NA,NA,NA,NA,NA,NA,NA,NA,NA,NA,NA,NA,NA,NA,NA,NA,NA,NA,NA,NA,NA,NA,NA,NA,NA,NA,NA,NA
NA,NA,NA,NA,NA,NA,NA,NA,NA,NA,NA,NA,NA,NA,NA,NA,308,2026-03-03,21:05:14,3,1,"Thomas, Ethan",1000458110,Right,TCU_HFG,"Watkins, Grant",830787,Left,ABI_WIL,Undefined,8,Top,2,0,0,Fastball,Four-Seam,BallCalled,Undefined,Undefined,Undefined,0,0,NA,95.99369,-3.805433,-3.059162,2427.236248,219.176993,01:15:00,6.18356,1.28118,7.09363,-12.63453,16.70276,12.77666,1.66698,-0.43314,87.08455,-6.286286,-0.716794,0.389836,NA,NA,NA,NA,NA,NA,NA,NA,NA,NA,NA,-7.77292,10.41745,-1.10171,50,5.95137,6.94587,-139.1667,-9.53543,-15.09285,34.11967,-11.9463,TCU_HFG,ABI_WIL,TCU,D1,BIG12,20260303-TCU-2,f752e220-1776-11f1-89da-3b5d2295cb78,96.68802,NA,NA,8.90914,NA,NA,NA,NA,NA,NA,5cabaece-df46-4300-b3c7-55df33123daa,2026-03-04,03:05:14,2026-03-04T03:05:14Z,2026-03-04T03:05:14Z,NA,v3,5045,471223,5b1f43e35ca0421ba59ea357c474eb40,"Dallimore, Brady",834396,Right,TCU_HFG,4a69a7ef-1bc3-48b4-90d2-ebd7048a0f3d,53.40811,-139.99978,17.05983,6.18062,-9.24374,-5.97315,-1.2758,7.31439,-7.54642,NA,NA,NA,NA,NA,NA,NA,NA,NA,NA,NA,NA,NA,NA,NA,NA,NA,NA,NA,NA,NA,NA,NA,NA,NA,NA,NA,NA,NA,NA,NA,NA,NA,NA,NA,NA,NA,NA,NA,NA,NA,NA,NA,NA,NA,NA,NA,NA,NA,NA,High,High,High,NA,NA,NA,NA,NA,NA,NA,NA,NA,NA,NA,NA,NA,NA,NA,NA,NA,NA,NA,NA,NA,NA,NA,NA,NA,NA,NA,NA,NA,NA,NA,NA,NA,NA,NA,NA,NA,NA,NA,NA,NA,NA,NA,NA,NA,NA,NA,NA,NA,NA,NA,NA,NA,NA,NA,NA,NA
NA,NA,NA,NA,NA,NA,NA,NA,NA,NA,NA,NA,NA,NA,NA,NA,309,2026-03-03,21:05:28,3,2,"Thomas, Ethan",1000458110,Right,TCU_HFG,"Watkins, Grant",830787,Left,ABI_WIL,Undefined,8,Top,2,1,0,Slider,Slider,StrikeSwinging,Undefined,Undefined,Undefined,0,0,NA,81.09548,0.234343,-1.197131,2342.118671,107.762698,09:30:00,6.00093,1.58333,6.2854,-38.14608,3.47418,-7.02453,3.03812,-0.10557,74.81091,-6.846059,-2.467773,0.464327,NA,NA,NA,NA,NA,NA,NA,NA,NA,NA,NA,3.32185,2.14866,-1.49187,50,5.99995,2.72099,-117.94342,-0.66731,4.69888,21.54579,-29.13467,TCU_HFG,ABI_WIL,TCU,D1,BIG12,20260303-TCU-2,ffdb2dd0-1776-11f1-89da-3b5d2295cb78,81.1765,NA,NA,6.28457,NA,NA,NA,NA,NA,NA,5cabaece-df46-4300-b3c7-55df33123daa,2026-03-04,03:05:28,2026-03-04T03:05:28Z,2026-03-04T03:05:28Z,NA,v3,5045,471223,5b1f43e35ca0421ba59ea357c474eb40,"Dallimore, Brady",834396,Right,TCU_HFG,17783a7a-c638-401b-b7f2-20c878a4b5d4,54.21717,-118.71131,10.77289,6.00523,0.37104,-14.56734,-1.58586,2.55352,2.34944,NA,NA,NA,NA,NA,NA,NA,NA,NA,NA,NA,NA,NA,NA,NA,NA,NA,NA,NA,NA,NA,NA,NA,NA,NA,NA,NA,NA,NA,NA,NA,NA,NA,NA,NA,NA,NA,NA,NA,NA,NA,NA,NA,NA,NA,NA,NA,NA,NA,NA,High,High,High,NA,NA,NA,NA,NA,NA,NA,NA,NA,NA,NA,NA,NA,NA,NA,NA,NA,NA,NA,NA,NA,NA,NA,NA,NA,NA,NA,NA,NA,NA,NA,NA,NA,NA,NA,NA,NA,NA,NA,NA,NA,NA,NA,NA,NA,NA,NA,NA,NA,NA,NA,NA,NA,NA,NA,NA,NA
NA,NA,NA,NA,NA,NA,NA,NA,NA,NA,NA,NA,NA,NA,NA,NA,310,2026-03-03,21:05:47,3,3,"Thomas, Ethan",1000458110,Right,TCU_HFG,"Watkins, Grant",830787,Left,ABI_WIL,Undefined,8,Top,2,1,1,Slider,Slider,BallCalled,Undefined,Undefined,Undefined,0,0,NA,82.505,-1.557535,-2.442601,2397.122354,73.209943,08:30:00,5.98871,1.41714,6.41343,-42.75392,-1.76067,-10.67875,0.99218,-1.71994,74.99342,-9.476179,-4.379387,0.460816,NA,NA,NA,NA,NA,NA,NA,NA,NA,NA,NA,4.76382,0.02795,-1.23782,50,5.85827,5.49422,-119.67939,-4.55822,6.76888,27.4747,-32.13432,TCU_HFG,ABI_WIL,TCU,D1,BIG12,20260303-TCU-2,0b38e0a0-1777-11f1-89da-3b5d2295cb78,81.79499,NA,NA,7.51158,NA,NA,NA,NA,NA,NA,5cabaece-df46-4300-b3c7-55df33123daa,2026-03-04,03:05:47,2026-03-04T03:05:47Z,2026-03-04T03:05:47Z,NA,v3,5045,471223,5b1f43e35ca0421ba59ea357c474eb40,"Dallimore, Brady",834396,Right,TCU_HFG,361f9cb0-e029-485a-99d0-68134b106168,54.08841,-120.61431,13.73735,5.99477,-3.46474,-16.06716,-1.42086,5.26388,3.38444,NA,NA,NA,NA,NA,NA,NA,NA,NA,NA,NA,NA,NA,NA,NA,NA,NA,NA,NA,NA,NA,NA,NA,NA,NA,NA,NA,NA,NA,NA,NA,NA,NA,NA,NA,NA,NA,NA,NA,NA,NA,NA,NA,NA,NA,NA,NA,NA,NA,NA,High,High,High,NA,NA,NA,NA,NA,NA,NA,NA,NA,NA,NA,NA,NA,NA,NA,NA,NA,NA,NA,NA,NA,NA,NA,NA,NA,NA,NA,NA,NA,NA,NA,NA,NA,NA,NA,NA,NA,NA,NA,NA,NA,NA,NA,NA,NA,NA,NA,NA,NA,NA,NA,NA,NA,NA,NA,NA,NA
NA,NA,NA,NA,NA,NA,NA,NA,NA,NA,NA,NA,NA,NA,NA,NA,311,2026-03-03,21:06:15,3,4,"Thomas, Ethan",1000458110,Right,TCU_HFG,"Watkins, Grant",830787,Left,ABI_WIL,Undefined,8,Top,2,2,1,Fastball,Four-Seam,StrikeCalled,Undefined,Undefined,Undefined,0,0,NA,96.72378,-2.582299,-2.152948,2445.415378,210.109603,01:00:00,6.07859,1.32984,6.8138,-12.4693,16.35521,8.96044,2.68,0.11116,88.54517,-5.006097,-0.517636,0.386414,NA,NA,NA,NA,NA,NA,NA,NA,NA,NA,NA,-5.32315,9.64725,-1.19364,50,5.90657,4.92004,-140.5285,-6.63698,-10.6567,31.51161,-12.86069,TCU_HFG,ABI_WIL,TCU,D1,BIG12,20260303-TCU-2,1b9c2100-1777-11f1-89da-3b5d2295cb78,97.5443,NA,NA,8.17861,NA,NA,NA,NA,NA,NA,5cabaece-df46-4300-b3c7-55df33123daa,2026-03-04,03:06:15,2026-03-04T03:06:15Z,2026-03-04T03:06:15Z,NA,v3,5045,471223,5b1f43e35ca0421ba59ea357c474eb40,"Dallimore, Brady",834396,Right,TCU_HFG,a18293c2-9e48-4e9f-ab8b-61e1891b2257,53.68816,-141.3531,15.75581,6.07584,-6.30044,-6.43034,-1.32604,5.19891,-5.32835,NA,NA,NA,NA,NA,NA,NA,NA,NA,NA,NA,NA,NA,NA,NA,NA,NA,NA,NA,NA,NA,NA,NA,NA,NA,NA,NA,NA,NA,NA,NA,NA,NA,NA,NA,NA,NA,NA,NA,NA,NA,NA,NA,NA,NA,NA,NA,NA,NA,NA,High,High,High,NA,NA,NA,NA,NA,NA,NA,NA,NA,NA,NA,NA,NA,NA,NA,NA,NA,NA,NA,NA,NA,NA,NA,NA,NA,NA,NA,NA,NA,NA,NA,NA,NA,NA,NA,NA,NA,NA,NA,NA,NA,NA,NA,NA,NA,NA,NA,NA,NA,NA,NA,NA,NA,NA,NA,NA,NA
NA,NA,NA,NA,NA,NA,NA,NA,NA,NA,NA,NA,NA,NA,NA,NA,312,2026-03-03,21:06:34,3,5,"Thomas, Ethan",1000458110,Right,TCU_HFG,"Watkins, Grant",830787,Left,ABI_WIL,Undefined,8,Top,2,2,2,Fastball,Four-Seam,BallCalled,Undefined,Undefined,Undefined,0,0,NA,96.80271,-3.182952,-2.354317,2315.779126,222.917982,01:30:00,6.00016,1.17853,6.81645,-16.92221,11.95682,10.25745,1.68039,-0.11598,88.56784,-6.411957,-0.481387,0.386779,NA,NA,NA,NA,NA,NA,NA,NA,NA,NA,NA,-6.0915,7.5235900000000004,-1.02987,50,5.78804,5.36421,-140.53113,-8.29594,-12.16288,32.30645,-17.15175,TCU_HFG,ABI_WIL,TCU,D1,BIG12,20260303-TCU-2,26f789e0-1777-11f1-89da-3b5d2295cb78,97.45217,NA,NA,8.23487,NA,NA,NA,NA,NA,NA,5cabaece-df46-4300-b3c7-55df33123daa,2026-03-04,03:06:34,2026-03-04T03:06:34Z,2026-03-04T03:06:34Z,NA,v3,5045,471223,5b1f43e35ca0421ba59ea357c474eb40,"Dallimore, Brady",834396,Right,TCU_HFG,8d59e6c0-add4-4278-af82-5cf59a9edb60,53.68567,-141.37588,16.15323,5.9991,-7.84745,-8.57587,-1.17429,5.68224,-6.08144,NA,NA,NA,NA,NA,NA,NA,NA,NA,NA,NA,NA,NA,NA,NA,NA,NA,NA,NA,NA,NA,NA,NA,NA,NA,NA,NA,NA,NA,NA,NA,NA,NA,NA,NA,NA,NA,NA,NA,NA,NA,NA,NA,NA,NA,NA,NA,NA,NA,NA,High,High,High,NA,NA,NA,NA,NA,NA,NA,NA,NA,NA,NA,NA,NA,NA,NA,NA,NA,NA,NA,NA,NA,NA,NA,NA,NA,NA,NA,NA,NA,NA,NA,NA,NA,NA,NA,NA,NA,NA,NA,NA,NA,NA,NA,NA,NA,NA,NA,NA,NA,NA,NA,NA,NA,NA,NA,NA,NA
NA,NA,NA,NA,NA,NA,NA,NA,NA,NA,NA,NA,NA,NA,NA,NA,313,2026-03-03,21:06:56,3,6,"Thomas, Ethan",1000458110,Right,TCU_HFG,"Watkins, Grant",830787,Left,ABI_WIL,Undefined,8,Top,2,3,2,Fastball,Four-Seam,FoulBallNotFieldable,Undefined,Undefined,Undefined,0,0,NA,96.32153,-2.044535,-2.063825,2480.102435,206.108756,12:45:00,6.00697,1.37323,6.84321,-10.11536,19.05072,8.86516,3.29753,0.2291,87.62808,-4.056599,-0.445231,0.388696,83.08079,7.511026,-172.371803,5870.337293,NA,NA,NA,NA,45.77188,NA,NA,-5.20992,10.89898,-1.24318,50,5.87101,4.6636,-139.89605,-5.16631,-10.28621,32.6611,-10.6556,TCU_HFG,ABI_WIL,TCU,D1,BIG12,20260303-TCU-2,3492d0a0-1777-11f1-89da-3b5d2295cb78,96.97142,8.41431,NA,8.69345,NA,NA,NA,2.34491,3.33612,-0.33006,5cabaece-df46-4300-b3c7-55df33123daa,2026-03-04,03:06:56,2026-03-04T03:06:56Z,2026-03-04T03:06:56Z,NA,v3,5045,471223,5b1f43e35ca0421ba59ea357c474eb40,"Dallimore, Brady",834396,Right,TCU_HFG,5501427e-7378-41a2-ac97-c6c7a5e8d530,53.65538,-140.74687,16.33055,6.00197,-4.88873,-5.3278,-1.36816,4.93155,-5.14311,NA,2.3344,-119.40332,14.97876,NA,NA,NA,NA,NA,NA,3.33407,15.9943,-9.30352,NA,NA,NA,NA,NA,NA,-0.33075,-16.01442,1.24469,NA,NA,NA,NA,NA,NA,NA,NA,NA,NA,NA,NA,NA,NA,NA,NA,NA,NA,NA,NA,NA,NA,NA,NA,NA,NA,NA,NA,High,High,High,Medium,Undefined,NA,NA,NA,NA,NA,NA,NA,NA,NA,NA,NA,NA,NA,NA,NA,NA,NA,NA,NA,NA,NA,NA,NA,NA,NA,NA,NA,NA,NA,NA,NA,NA,NA,NA,NA,NA,NA,NA,NA,NA,NA,NA,NA,NA,NA,NA,NA,NA,NA,NA,NA,NA,NA,NA,NA
NA,NA,NA,NA,NA,NA,NA,NA,NA,NA,NA,NA,NA,NA,NA,NA,314,2026-03-03,21:07:18,3,7,"Thomas, Ethan",1000458110,Right,TCU_HFG,"Watkins, Grant",830787,Left,ABI_WIL,Undefined,8,Top,2,3,2,Fastball,Four-Seam,InPlay,Undefined,GroundBall,Single,0,0,NA,96.0667,-2.620211,-2.327766,2488.387071,214.233941,01:15:00,5.99947,1.25921,6.9877,-12.7652,16.42213,10.5178,2.54922,0.01762,87.48785,-5.117298,-0.402056,0.388838,105.90869000000001,-15.00067,-27.446356,NA,NA,NA,NA,8.80778,8.58463,-27.308792,0.059275,-6.28847,9.82012,-1.1189,50,5.83327,5.26233,-139.53831,-6.67543,-12.33494,32.90324,-12.91169,TCU_HFG,ABI_WIL,TCU,D1,BIG12,20260303-TCU-2,4173ef20-1777-11f1-89da-3b5d2295cb78,96.93612,2.3864,NA,8.57885,NA,NA,NA,-0.07722,2.3864,0.06394,5cabaece-df46-4300-b3c7-55df33123daa,2026-03-04,03:07:18,2026-03-04T03:07:18Z,2026-03-04T03:07:18Z,GroundBall,v3,5045,471223,5b1f43e35ca0421ba59ea357c474eb40,"Dallimore, Brady",834396,Right,TCU_HFG,57ddecf9-4229-4c3d-9459-31c483040e5d,53.51432,-140.36455,16.45162,5.99682,-6.3512,-6.45585,-1.25493,5.57207,-6.16747,180,-0.07897,133.33432,NA,NA,NA,NA,NA,NA,NA,2.38693,-40.26005,NA,NA,NA,NA,NA,NA,NA,0.06484,-69.25086,NA,NA,NA,NA,NA,NA,NA,NA,NA,NA,NA,NA,NA,NA,NA,NA,NA,NA,NA,NA,NA,NA,NA,NA,NA,NA,NA,NA,NA,High,High,High,High,High,NA,NA,NA,NA,NA,NA,NA,NA,NA,NA,NA,NA,NA,NA,NA,NA,NA,NA,NA,NA,NA,NA,NA,NA,NA,NA,NA,NA,NA,NA,NA,NA,NA,NA,NA,NA,NA,NA,NA,NA,NA,NA,NA,NA,NA,NA,NA,NA,NA,NA,NA,NA,NA,NA,NA
NA,NA,NA,NA,NA,NA,NA,NA,NA,NA,NA,NA,NA,NA,NA,NA,315,2026-03-03,21:07:59,4,1,"Thomas, Ethan",1000458110,Right,TCU_HFG,"Hardcastle, Sam",830789,Right,ABI_WIL,Undefined,8,Top,2,0,0,Fastball,Four-Seam,StrikeSwinging,Undefined,Undefined,Undefined,0,0,NA,95.0607,-1.928808,-1.798143,2317.543203,206.791104,01:00:00,6.13424,1.39299,6.7497,-9.62796,20.61186,9.87284,3.56827,0.57245,85.91046,-3.867344,0.001587,0.395787,NA,NA,NA,NA,NA,NA,NA,NA,NA,NA,NA,-5.72575,11.75355,-1.27792,50,6.00293,3.92238,-138.0213,-4.80004,-10.91945,33.97728,-9.75903,TCU_HFG,ABI_WIL,TCU,D1,BIG12,20260303-TCU-2,59ff32c0-1777-11f1-89da-3b5d2295cb78,95.23427,NA,NA,9.15024,NA,NA,NA,NA,NA,NA,5cabaece-df46-4300-b3c7-55df33123daa,2026-03-04,03:07:59,2026-03-04T03:07:59Z,2026-03-04T03:07:59Z,NA,v3,5045,471223,5b1f43e35ca0421ba59ea357c474eb40,"Dallimore, Brady",834396,Right,TCU_HFG,991b4de7-8b28-432b-854e-bd8174aef10f,53.74979,-138.94133,16.98864,6.12932,-4.53579,-4.87951,-1.38813,4.21806,-5.45972,NA,NA,NA,NA,NA,NA,NA,NA,NA,NA,NA,NA,NA,NA,NA,NA,NA,NA,NA,NA,NA,NA,NA,NA,NA,NA,NA,NA,NA,NA,NA,NA,NA,NA,NA,NA,NA,NA,NA,NA,NA,NA,NA,NA,NA,NA,NA,NA,NA,NA,High,High,High,NA,NA,NA,NA,NA,NA,NA,NA,NA,NA,NA,NA,NA,NA,NA,NA,NA,NA,NA,NA,NA,NA,NA,NA,NA,NA,NA,NA,NA,NA,NA,NA,NA,NA,NA,NA,NA,NA,NA,NA,NA,NA,NA,NA,NA,NA,NA,NA,NA,NA,NA,NA,NA,NA,NA,NA,NA
NA,NA,NA,NA,NA,NA,NA,NA,NA,NA,NA,NA,NA,NA,NA,NA,316,2026-03-03,21:08:53,4,2,"Thomas, Ethan",1000458110,Right,TCU_HFG,"Hardcastle, Sam",830789,Right,ABI_WIL,Undefined,8,Top,2,0,1,Fastball,Four-Seam,BallCalled,Undefined,Undefined,Undefined,0,0,NA,94.91299,-1.137058,-0.948956,2339.386471,213.579618,01:00:00,6.0462,1.53635,6.75873,-16.05591,14.24792,8.75961,3.66933,1.39945,85.82114,-4.246476,0.649388,0.396205,NA,NA,NA,NA,NA,NA,NA,NA,NA,NA,NA,-4.87839,8.18,-1.47679,50,5.96519,1.91953,-137.88971,-3.15091,-9.27936,34.1076,-16.61461,TCU_HFG,ABI_WIL,TCU,D1,BIG12,20260303-TCU-2,7a3b74e0-1777-11f1-89da-3b5d2295cb78,95.13363,NA,NA,9.09186,NA,NA,NA,NA,NA,NA,5cabaece-df46-4300-b3c7-55df33123daa,2026-03-04,03:08:53,2026-03-04T03:08:53Z,2026-03-04T03:08:53Z,NA,v3,5045,471223,5b1f43e35ca0421ba59ea357c474eb40,"Dallimore, Brady",834396,Right,TCU_HFG,302d4f34-a5b4-411b-8ec0-3927bb7a6eb9,53.74024,-138.81179,17.0538,6.0443,-2.70175,-8.30731,-1.53208,2.17039,-4.63968,NA,NA,NA,NA,NA,NA,NA,NA,NA,NA,NA,NA,NA,NA,NA,NA,NA,NA,NA,NA,NA,NA,NA,NA,NA,NA,NA,NA,NA,NA,NA,NA,NA,NA,NA,NA,NA,NA,NA,NA,NA,NA,NA,NA,NA,NA,NA,NA,NA,NA,High,High,High,NA,NA,NA,NA,NA,NA,NA,NA,NA,NA,NA,NA,NA,NA,NA,NA,NA,NA,NA,NA,NA,NA,NA,NA,NA,NA,NA,NA,NA,NA,NA,NA,NA,NA,NA,NA,NA,NA,NA,NA,NA,NA,NA,NA,NA,NA,NA,NA,NA,NA,NA,NA,NA,NA,NA,NA,NA
NA,NA,NA,NA,NA,NA,NA,NA,NA,NA,NA,NA,NA,NA,NA,NA,317,2026-03-03,21:09:15,4,3,"Thomas, Ethan",1000458110,Right,TCU_HFG,"Hardcastle, Sam",830789,Right,ABI_WIL,Undefined,8,Top,2,1,1,Fastball,Sinker,BallCalled,Undefined,Undefined,Undefined,0,0,NA,93.13732,1.921624,-1.433963,2269.513067,233.740104,01:45:00,6.1688,1.4142,7.05042,-20.11615,11.02414,13.58217,6.2391,1.24327,84.0208,-1.963934,1.056244,0.401636,NA,NA,NA,NA,NA,NA,NA,NA,NA,NA,NA,-7.56682,5.59953,-1.3300399999999999,50,6.27816,2.83902,-135.29687,4.01923,-13.86052,32.7656,-21.91713,TCU_HFG,ABI_WIL,TCU,D1,BIG12,20260303-TCU-2,86f8b7b0-1777-11f1-89da-3b5d2295cb78,93.84722,NA,NA,9.11652,NA,NA,NA,NA,NA,NA,5cabaece-df46-4300-b3c7-55df33123daa,2026-03-04,03:09:15,2026-03-04T03:09:15Z,2026-03-04T03:09:15Z,NA,v3,5045,471223,5b1f43e35ca0421ba59ea357c474eb40,"Dallimore, Brady",834396,Right,TCU_HFG,eff2ab11-be9e-4a0d-8431-3a33b27e95cb,53.44773,-136.12927,16.3828,6.16898,4.57602,-10.95856,-1.40663,3.19114,-6.93026,NA,NA,NA,NA,NA,NA,NA,NA,NA,NA,NA,NA,NA,NA,NA,NA,NA,NA,NA,NA,NA,NA,NA,NA,NA,NA,NA,NA,NA,NA,NA,NA,NA,NA,NA,NA,NA,NA,NA,NA,NA,NA,NA,NA,NA,NA,NA,NA,NA,NA,High,High,High,NA,NA,NA,NA,NA,NA,NA,NA,NA,NA,NA,NA,NA,NA,NA,NA,NA,NA,NA,NA,NA,NA,NA,NA,NA,NA,NA,NA,NA,NA,NA,NA,NA,NA,NA,NA,NA,NA,NA,NA,NA,NA,NA,NA,NA,NA,NA,NA,NA,NA,NA,NA,NA,NA,NA,NA,NA
NA,NA,NA,NA,NA,NA,NA,NA,NA,NA,NA,NA,NA,NA,NA,NA,318,2026-03-03,21:09:37,4,4,"Thomas, Ethan",1000458110,Right,TCU_HFG,"Hardcastle, Sam",830789,Right,ABI_WIL,Undefined,8,Top,2,2,1,Fastball,Four-Seam,StrikeSwinging,Undefined,Undefined,Undefined,0,0,NA,93.95922,-0.948757,-2.228554,2285.336108,220.614982,01:15:00,6.06822,1.36738,6.70097,-14.21036,16.86103,13.51316,4.01573,0.45461,84.71806,-3.73049,0.232257,0.401192,NA,NA,NA,NA,NA,NA,NA,NA,NA,NA,NA,-7.76311,9.48465,-1.22339,50,5.99894,4.74655,-136.40903,-2.59154,-14.42598,33.85857,-14.54896,TCU_HFG,ABI_WIL,TCU,D1,BIG12,20260303-TCU-2,9474b6a0-1777-11f1-89da-3b5d2295cb78,93.95122,NA,NA,9.24116,NA,NA,NA,NA,NA,NA,5cabaece-df46-4300-b3c7-55df33123daa,2026-03-04,03:09:37,2026-03-04T03:09:37Z,2026-03-04T03:09:37Z,NA,v3,5045,471223,5b1f43e35ca0421ba59ea357c474eb40,"Dallimore, Brady",834396,Right,TCU_HFG,3da4160b-b1c4-4c34-b380-a260ffc66782,53.79834,-137.34859,16.92928,6.06525,-2.18782,-7.27448,-1.36066,5.14687,-7.21299,NA,NA,NA,NA,NA,NA,NA,NA,NA,NA,NA,NA,NA,NA,NA,NA,NA,NA,NA,NA,NA,NA,NA,NA,NA,NA,NA,NA,NA,NA,NA,NA,NA,NA,NA,NA,NA,NA,NA,NA,NA,NA,NA,NA,NA,NA,NA,NA,NA,NA,High,High,High,NA,NA,NA,NA,NA,NA,NA,NA,NA,NA,NA,NA,NA,NA,NA,NA,NA,NA,NA,NA,NA,NA,NA,NA,NA,NA,NA,NA,NA,NA,NA,NA,NA,NA,NA,NA,NA,NA,NA,NA,NA,NA,NA,NA,NA,NA,NA,NA,NA,NA,NA,NA,NA,NA,NA,NA,NA
NA,NA,NA,NA,NA,NA,NA,NA,NA,NA,NA,NA,NA,NA,NA,NA,319,2026-03-03,21:09:59,4,5,"Thomas, Ethan",1000458110,Right,TCU_HFG,"Hardcastle, Sam",830789,Right,ABI_WIL,Undefined,8,Top,2,2,2,Fastball,Sinker,InPlay,Undefined,GroundBall,Single,0,0,NA,94.65489,-1.887872,-2.930762,2287.601757,235.301095,01:45:00,6.149,1.27485,6.82811,-18.33627,11.9191,15.77013,2.89598,-0.08675,86.19898,-5.399776,-0.052582,0.395888,99.31728,-3.416093,-6.809974,NA,NA,NA,NA,30.62132,28.36863,-6.689537,0.209408,-9.24497,7.18028,-1.09148,50,6.0205,6.42314,-137.47765,-5.04319,-17.59448,32.06806,-18.50895,TCU_HFG,ABI_WIL,TCU,D1,BIG12,20260303-TCU-2,a111a030-1777-11f1-89da-3b5d2295cb78,95.20985,2.91073,NA,8.45591,NA,NA,NA,1.22707,2.91073,0.09525,5cabaece-df46-4300-b3c7-55df33123daa,2026-03-04,03:09:59,2026-03-04T03:09:59Z,2026-03-04T03:09:59Z,GroundBall,v3,5045,471223,5b1f43e35ca0421ba59ea357c474eb40,"Dallimore, Brady",834396,Right,TCU_HFG,13396543-36d3-4a3c-9a7e-c1e9b06947bd,53.67487,-138.33219,16.03403,6.14832,-4.54996,-9.25448,-1.26888,6.89199,-8.79724,20.76914,1.22855,144.28687,-23.53323,NA,NA,NA,NA,NA,NA,2.91263,-8.80069,-24.43584,NA,NA,NA,NA,NA,NA,0.09557,-17.26266,-1.09482,NA,NA,NA,NA,NA,NA,NA,NA,NA,NA,NA,NA,NA,NA,NA,NA,NA,NA,NA,NA,NA,NA,NA,NA,NA,NA,NA,NA,High,High,High,High,High,NA,NA,NA,NA,NA,NA,NA,NA,NA,NA,NA,NA,NA,NA,NA,NA,NA,NA,NA,NA,NA,NA,NA,NA,NA,NA,NA,NA,NA,NA,NA,NA,NA,NA,NA,NA,NA,NA,NA,NA,NA,NA,NA,NA,NA,NA,NA,NA,NA,NA,NA,NA,NA,NA,NA
NA,NA,NA,NA,NA,NA,NA,NA,NA,NA,NA,NA,NA,NA,NA,NA,320,2026-03-03,21:11:51,5,1,"Thomas, Ethan",1000458110,Right,TCU_HFG,"Cardenas, Diego",830790,Left,ABI_WIL,Undefined,8,Top,2,0,0,Fastball,Four-Seam,StrikeSwinging,Undefined,Undefined,Undefined,0,0,NA,93.51426,-1.089711,-2.350022,2319.792721,213.363546,01:00:00,6.17754,1.47006,7.08954,-12.45194,18.32414,11.37276,4.14986,0.28363,84.6638,-3.560117,-0.264125,0.39928,NA,NA,NA,NA,NA,NA,NA,NA,NA,NA,NA,-6.7315,10.40666,-1.33196,50,6.10741,5.13093,-135.87634,-2.81386,-12.46414,32.43283,-12.90497,TCU_HFG,ABI_WIL,TCU,D1,BIG12,20260303-TCU-2,e4156330-1777-11f1-89da-3b5d2295cb78,94.40092,NA,NA,8.85046,NA,NA,NA,NA,NA,NA,5cabaece-df46-4300-b3c7-55df33123daa,2026-03-04,03:11:51,2026-03-04T03:11:51Z,2026-03-04T03:11:51Z,NA,v3,5045,471223,5b1f43e35ca0421ba59ea357c474eb40,"Dallimore, Brady",834396,Right,TCU_HFG,5673b770-7cf6-40c6-8961-a54a0a4bcb6d,53.4099,-136.68784,16.21641,6.17377,-2.49096,-6.45249,-1.46425,5.44279,-6.23207,NA,NA,NA,NA,NA,NA,NA,NA,NA,NA,NA,NA,NA,NA,NA,NA,NA,NA,NA,NA,NA,NA,NA,NA,NA,NA,NA,NA,NA,NA,NA,NA,NA,NA,NA,NA,NA,NA,NA,NA,NA,NA,NA,NA,NA,NA,NA,NA,NA,NA,High,High,High,NA,NA,NA,NA,NA,NA,NA,NA,NA,NA,NA,NA,NA,NA,NA,NA,NA,NA,NA,NA,NA,NA,NA,NA,NA,NA,NA,NA,NA,NA,NA,NA,NA,NA,NA,NA,NA,NA,NA,NA,NA,NA,NA,NA,NA,NA,NA,NA,NA,NA,NA,NA,NA,NA,NA,NA,NA
NA,NA,NA,NA,NA,NA,NA,NA,NA,NA,NA,NA,NA,NA,NA,NA,321,2026-03-03,21:12:09,5,2,"Thomas, Ethan",1000458110,Right,TCU_HFG,"Cardenas, Diego",830790,Left,ABI_WIL,Undefined,8,Top,2,0,1,Fastball,Four-Seam,StrikeCalled,Undefined,Undefined,Undefined,0,0,NA,94.47158,-1.68546,-2.383213,2293.500576,223.733836,01:30:00,6.07103,1.665,6.7215,-14.33954,16.62186,14.7769,3.33368,0.71675,84.61306,-4.501244,0.308753,0.400481,NA,NA,NA,NA,NA,NA,NA,NA,NA,NA,NA,-8.50965,9.64323,-1.51174,50,5.95333,5.07678,-137.00484,-4.3649,-15.82853,36.30035,-14.23701,TCU_HFG,ABI_WIL,TCU,D1,BIG12,20260303-TCU-2,eef3acd0-1777-11f1-89da-3b5d2295cb78,94.11801,NA,NA,9.85852,NA,NA,NA,NA,NA,NA,5cabaece-df46-4300-b3c7-55df33123daa,2026-03-04,03:12:09,2026-03-04T03:12:09Z,2026-03-04T03:12:09Z,NA,v3,5045,471223,5b1f43e35ca0421ba59ea357c474eb40,"Dallimore, Brady",834396,Right,TCU_HFG,fb90833a-8089-48fb-ad5d-3afcd2bb4bce,53.77652,-138.00183,18.15018,6.06784,-3.97389,-7.11851,-1.65714,5.51151,-7.91427,NA,NA,NA,NA,NA,NA,NA,NA,NA,NA,NA,NA,NA,NA,NA,NA,NA,NA,NA,NA,NA,NA,NA,NA,NA,NA,NA,NA,NA,NA,NA,NA,NA,NA,NA,NA,NA,NA,NA,NA,NA,NA,NA,NA,NA,NA,NA,NA,NA,NA,High,High,High,NA,NA,NA,NA,NA,NA,NA,NA,NA,NA,NA,NA,NA,NA,NA,NA,NA,NA,NA,NA,NA,NA,NA,NA,NA,NA,NA,NA,NA,NA,NA,NA,NA,NA,NA,NA,NA,NA,NA,NA,NA,NA,NA,NA,NA,NA,NA,NA,NA,NA,NA,NA,NA,NA,NA,NA,NA
NA,NA,NA,NA,NA,NA,NA,NA,NA,NA,NA,NA,NA,NA,NA,NA,322,2026-03-03,21:12:28,5,3,"Thomas, Ethan",1000458110,Right,TCU_HFG,"Cardenas, Diego",830790,Left,ABI_WIL,Undefined,8,Top,2,0,2,Fastball,Sinker,FoulBallNotFieldable,Undefined,Undefined,Undefined,0,0,NA,95.9028,-2.763618,-3.173195,2412.793867,230.257354,01:45:00,6.07313,1.48044,6.61504,-15.73265,14.24001,15.84422,2.22496,-0.10858,86.72519,-5.797033,-0.294328,0.394034,71.61358,19.680446,-151.314737,2331.175524,NA,NA,NA,NA,45.21956,NA,NA,-9.32142,8.66878,-1.27037,50,5.87812,7.04883,-139.02508,-7.14939,-18.01708,34.78096,-15.41848,TCU_HFG,ABI_WIL,TCU,D1,BIG12,20260303-TCU-2,fa1bf7c0-1777-11f1-89da-3b5d2295cb78,95.65774,16.22443,NA,9.17761,NA,NA,NA,1.76402,2.40026,-0.09413,5cabaece-df46-4300-b3c7-55df33123daa,2026-03-04,03:12:28,2026-03-04T03:12:28Z,2026-03-04T03:12:28Z,NA,v3,5045,471223,5b1f43e35ca0421ba59ea357c474eb40,"Dallimore, Brady",834396,Right,TCU_HFG,03ddcfc2-773c-4da8-8dce-30050b2335bb,53.88653,-139.99402,17.39048,6.07131,-6.71986,-7.70924,-1.47374,7.55076,-9.00854,NA,1.76082,-86.67182,5.4018,NA,NA,NA,NA,NA,NA,2.40034,35.37044,-13.77785,NA,NA,NA,NA,NA,NA,-0.09274,-47.50908,-2.11977,NA,NA,NA,NA,NA,NA,NA,NA,NA,NA,NA,NA,NA,NA,NA,NA,NA,NA,NA,NA,NA,NA,NA,NA,NA,NA,NA,NA,High,High,High,High,Undefined,NA,NA,NA,NA,NA,NA,NA,NA,NA,NA,NA,NA,NA,NA,NA,NA,NA,NA,NA,NA,NA,NA,NA,NA,NA,NA,NA,NA,NA,NA,NA,NA,NA,NA,NA,NA,NA,NA,NA,NA,NA,NA,NA,NA,NA,NA,NA,NA,NA,NA,NA,NA,NA,NA,NA
NA,NA,NA,NA,NA,NA,NA,NA,NA,NA,NA,NA,NA,NA,NA,NA,323,2026-03-03,21:12:49,5,4,"Thomas, Ethan",1000458110,Right,TCU_HFG,"Cardenas, Diego",830790,Left,ABI_WIL,Undefined,8,Top,2,0,2,Slider,Slider,StrikeSwinging,Strikeout,Undefined,Undefined,0,0,NA,83.79582,-1.33097,-2.587938,2306.817847,87.323746,09:00:00,5.90493,1.77945,6.33806,-39.10034,0.65551,-15.48013,1.4196,-1.89503,76.27598,-8.573683,-5.387414,0.453808,NA,NA,NA,NA,NA,NA,NA,NA,NA,NA,NA,7.20162,1.20476,-1.58409,50,5.78994,6.0772,-121.55704,-4.04196,10.58824,27.68655,-30.40271,TCU_HFG,ABI_WIL,TCU,D1,BIG12,20260303-TCU-2,06dbd2a0-1778-11f1-89da-3b5d2295cb78,83.05815,NA,NA,7.51985,NA,NA,NA,NA,NA,NA,5cabaece-df46-4300-b3c7-55df33123daa,2026-03-04,03:12:49,2026-03-04T03:12:49Z,2026-03-04T03:12:49Z,NA,v3,5045,471223,5b1f43e35ca0421ba59ea357c474eb40,"Dallimore, Brady",834396,Right,TCU_HFG,8f6c3ea3-bbbd-457d-9cf5-d948a4af0164,54.16362,-122.5017,13.84327,5.91016,-3.00462,-15.20136,-1.78528,5.71593,5.29412,NA,NA,NA,NA,NA,NA,NA,NA,NA,NA,NA,NA,NA,NA,NA,NA,NA,NA,NA,NA,NA,NA,NA,NA,NA,NA,NA,NA,NA,NA,NA,NA,NA,NA,NA,NA,NA,NA,NA,NA,NA,NA,NA,NA,NA,NA,NA,NA,NA,NA,High,High,High,NA,NA,NA,NA,NA,NA,NA,NA,NA,NA,NA,NA,NA,NA,NA,NA,NA,NA,NA,NA,NA,NA,NA,NA,NA,NA,NA,NA,NA,NA,NA,NA,NA,NA,NA,NA,NA,NA,NA,NA,NA,NA,NA,NA,NA,NA,NA,NA,NA,NA,NA,NA,NA,NA,NA,NA,NA
NA,NA,NA,NA,NA,NA,NA,NA,NA,NA,NA,NA,NA,NA,NA,NA,324,2026-03-03,21:16:00,1,1,"Whiteaker, Evan",804867,Right,ABI_WIL,"Strosnider, Sawyer",820831,Left,TCU_HFG,Undefined,8,Bottom,0,0,0,Curveball,Curveball,FoulBallNotFieldable,Undefined,Undefined,Undefined,0,0,NA,70.70317,1.040155,-0.580818,2076.810818,40.897048,07:15:00,6.53114,0.59188,5.32216,-67.03933,-9.778,-10.03512,1.92086,-0.78948,65.31447,-11.07237,-2.369069,0.544631,NA,NA,NA,NA,NA,NA,NA,NA,NA,NA,NA,4.90477,-4.78591,-0.53162,50,6.57617,1.39312,-102.68772,-0.23281,5.20795,17.88959,-37.25581,TCU_HFG,ABI_WIL,TCU,D1,BIG12,20260303-TCU-2,78b2bc90-1778-11f1-89da-3b5d2295cb78,69.20734,NA,NA,5.3887,NA,NA,NA,NA,NA,NA,5cabaece-df46-4300-b3c7-55df33123daa,2026-03-04,03:16:00,2026-03-04T03:16:00Z,2026-03-04T03:16:00Z,NA,v3,5045,471223,5b1f43e35ca0421ba59ea357c474eb40,"Gray, Brady",830795,Right,ABI_WIL,6c5e6163-210c-4aa8-841d-d17dee6e3d90,55.18438,-103.58698,8.9448,6.54081,1.63992,-18.62791,-0.59507,1.13133,2.60397,NA,NA,NA,NA,NA,NA,NA,NA,NA,NA,NA,NA,NA,NA,NA,NA,NA,NA,NA,NA,NA,NA,NA,NA,NA,NA,NA,NA,NA,NA,NA,NA,NA,NA,NA,NA,NA,NA,NA,NA,NA,NA,NA,NA,NA,NA,NA,NA,NA,NA,High,High,High,NA,NA,NA,NA,NA,NA,NA,NA,NA,NA,NA,NA,NA,NA,NA,NA,NA,NA,NA,NA,NA,NA,NA,NA,NA,NA,NA,NA,NA,NA,NA,NA,NA,NA,NA,NA,NA,NA,NA,NA,NA,NA,NA,NA,NA,NA,NA,NA,NA,NA,NA,NA,NA,NA,NA,NA,NA
NA,NA,NA,NA,NA,NA,NA,NA,NA,NA,NA,NA,NA,NA,NA,NA,325,2026-03-03,21:16:33,1,2,"Whiteaker, Evan",804867,Right,ABI_WIL,"Strosnider, Sawyer",820831,Left,TCU_HFG,Undefined,8,Bottom,0,0,1,ChangeUp,Changeup,StrikeSwinging,Undefined,Undefined,Undefined,0,0,NA,82.9148,-2.272736,-1.432416,1430.717912,238.386828,02:00:00,6.52512,0.65425,5.91602,-32.79872,7.66949,10.46516,1.68076,0.19662,76.57525,-8.315746,0.449832,0.457856,NA,NA,NA,NA,NA,NA,NA,NA,NA,NA,NA,-5.7874,4.90366,-0.5455,50,6.32389,2.61322,-120.42936,-5.82542,-8.53039,22.58908,-24.94624,TCU_HFG,ABI_WIL,TCU,D1,BIG12,20260303-TCU-2,8c013600-1778-11f1-89da-3b5d2295cb78,82.32386,NA,NA,6.33955,NA,NA,NA,NA,NA,NA,5cabaece-df46-4300-b3c7-55df33123daa,2026-03-04,03:16:33,2026-03-04T03:16:33Z,2026-03-04T03:16:33Z,NA,v3,5045,471223,5b1f43e35ca0421ba59ea357c474eb40,"Gray, Brady",830795,Right,ABI_WIL,ed3cb944-5802-4d7a-86b8-25ec5c903890,54.58763,-121.28682,11.29454,6.52705,-4.87849,-12.47312,-0.65084,2.93702,-4.2652,NA,NA,NA,NA,NA,NA,NA,NA,NA,NA,NA,NA,NA,NA,NA,NA,NA,NA,NA,NA,NA,NA,NA,NA,NA,NA,NA,NA,NA,NA,NA,NA,NA,NA,NA,NA,NA,NA,NA,NA,NA,NA,NA,NA,NA,NA,NA,NA,NA,NA,High,High,High,NA,NA,NA,NA,NA,NA,NA,NA,NA,NA,NA,NA,NA,NA,NA,NA,NA,NA,NA,NA,NA,NA,NA,NA,NA,NA,NA,NA,NA,NA,NA,NA,NA,NA,NA,NA,NA,NA,NA,NA,NA,NA,NA,NA,NA,NA,NA,NA,NA,NA,NA,NA,NA,NA,NA,NA,NA
NA,NA,NA,NA,NA,NA,NA,NA,NA,NA,NA,NA,NA,NA,NA,NA,326,2026-03-03,21:16:57,1,3,"Whiteaker, Evan",804867,Right,ABI_WIL,"Strosnider, Sawyer",820831,Left,TCU_HFG,Undefined,8,Bottom,0,0,2,ChangeUp,Changeup,BallCalled,Undefined,Undefined,Undefined,0,0,NA,84.36236,-3.002603,-0.654458,1537.998243,229.711765,01:45:00,6.52612,0.45009,5.92367,-29.55864,8.9526,9.39934,1.27379,0.62601,79.11192,-8.41574,1.036669,0.446648,NA,NA,NA,NA,NA,NA,NA,NA,NA,NA,NA,-5.02611,5.56733,-0.40328,50,6.26836,1.04845,-122.68411,-7.38842,-7.81438,19.6949,-23.51817,TCU_HFG,ABI_WIL,TCU,D1,BIG12,20260303-TCU-2,9aa4ec10-1778-11f1-89da-3b5d2295cb78,84.38959,NA,NA,5.25044,NA,NA,NA,NA,NA,NA,5cabaece-df46-4300-b3c7-55df33123daa,2026-03-04,03:16:57,2026-03-04T03:16:57Z,2026-03-04T03:16:57Z,NA,v3,5045,471223,5b1f43e35ca0421ba59ea357c474eb40,"Gray, Brady",830795,Right,ABI_WIL,f5d5bb89-4bed-4bef-8289-a6fa83886c86,54.5819,-123.41747,9.84745,6.52717,-6.5127,-11.75909,-0.44773,1.33942,-3.90719,NA,NA,NA,NA,NA,NA,NA,NA,NA,NA,NA,NA,NA,NA,NA,NA,NA,NA,NA,NA,NA,NA,NA,NA,NA,NA,NA,NA,NA,NA,NA,NA,NA,NA,NA,NA,NA,NA,NA,NA,NA,NA,NA,NA,NA,NA,NA,NA,NA,NA,High,High,High,NA,NA,NA,NA,NA,NA,NA,NA,NA,NA,NA,NA,NA,NA,NA,NA,NA,NA,NA,NA,NA,NA,NA,NA,NA,NA,NA,NA,NA,NA,NA,NA,NA,NA,NA,NA,NA,NA,NA,NA,NA,NA,NA,NA,NA,NA,NA,NA,NA,NA,NA,NA,NA,NA,NA,NA,NA
NA,NA,NA,NA,NA,NA,NA,NA,NA,NA,NA,NA,NA,NA,NA,NA,327,2026-03-03,21:17:19,1,4,"Whiteaker, Evan",804867,Right,ABI_WIL,"Strosnider, Sawyer",820831,Left,TCU_HFG,Undefined,8,Bottom,0,1,2,Curveball,Curveball,StrikeSwinging,Strikeout,Undefined,Undefined,0,0,NA,74.11257,-0.756642,0.263359,2222.682864,40.018274,07:15:00,6.51468,0.51259,5.22352,-61.82677,-9.70331,-9.47839,0.651,-0.02966,68.8536,-11.857265,-1.425677,0.519623,NA,NA,NA,NA,NA,NA,NA,NA,NA,NA,NA,4.87992,-4.33524,-0.52931,50,6.39757,-0.14881,-107.67457,-3.46706,5.71732,19.05188,-37.25323,TCU_HFG,ABI_WIL,TCU,D1,BIG12,20260303-TCU-2,a773bb10-1778-11f1-89da-3b5d2295cb78,72.53811,NA,NA,5.25897,NA,NA,NA,NA,NA,NA,5cabaece-df46-4300-b3c7-55df33123daa,2026-03-04,03:17:19,2026-03-04T03:17:19Z,2026-03-04T03:17:19Z,NA,v3,5045,471223,5b1f43e35ca0421ba59ea357c474eb40,"Gray, Brady",830795,Right,ABI_WIL,acf41996-d0a7-4f15-a0c9-44ddedad34a6,55.2835,-108.60541,9.52594,6.5225,-1.64695,-18.62662,-0.51522,-0.42815,2.85866,NA,NA,NA,NA,NA,NA,NA,NA,NA,NA,NA,NA,NA,NA,NA,NA,NA,NA,NA,NA,NA,NA,NA,NA,NA,NA,NA,NA,NA,NA,NA,NA,NA,NA,NA,NA,NA,NA,NA,NA,NA,NA,NA,NA,NA,NA,NA,NA,NA,NA,High,High,High,NA,NA,NA,NA,NA,NA,NA,NA,NA,NA,NA,NA,NA,NA,NA,NA,NA,NA,NA,NA,NA,NA,NA,NA,NA,NA,NA,NA,NA,NA,NA,NA,NA,NA,NA,NA,NA,NA,NA,NA,NA,NA,NA,NA,NA,NA,NA,NA,NA,NA,NA,NA,NA,NA,NA,NA,NA
NA,NA,NA,NA,NA,NA,NA,NA,NA,NA,NA,NA,NA,NA,NA,NA,328,2026-03-03,21:17:53,2,1,"Whiteaker, Evan",804867,Right,ABI_WIL,"Brunson, Chase",815313,Right,TCU_HFG,Undefined,8,Bottom,1,0,0,Curveball,Curveball,StrikeCalled,Undefined,Undefined,Undefined,0,0,NA,76.29419,1.418613,-0.395513,2136.086873,58.536859,08:00:00,6.47382,0.83973,5.41033,-56.36444,-7.13784,-14.31674,3.10625,-0.72391,69.76998,-8.836711,-2.946222,0.504977,NA,NA,NA,NA,NA,NA,NA,NA,NA,NA,NA,7.05339,-3.49658,-0.7943,50,6.56083,1.32019,-110.72596,0.84069,8.67652,21.45873,-36.47528,TCU_HFG,ABI_WIL,TCU,D1,BIG12,20260303-TCU-2,bbe5f400-1778-11f1-89da-3b5d2295cb78,74.64193,NA,NA,6.52421,NA,NA,NA,NA,NA,NA,5cabaece-df46-4300-b3c7-55df33123daa,2026-03-04,03:17:53,2026-03-04T03:17:53Z,2026-03-04T03:17:53Z,NA,v3,5045,471223,5b1f43e35ca0421ba59ea357c474eb40,"Gray, Brady",830795,Right,ABI_WIL,06d5cda9-ecd6-43f6-bdf3-e9e2a038aea5,55.0937,-111.70876,10.72937,6.48407,2.51124,-18.23764,-0.84566,0.92281,4.33826,NA,NA,NA,NA,NA,NA,NA,NA,NA,NA,NA,NA,NA,NA,NA,NA,NA,NA,NA,NA,NA,NA,NA,NA,NA,NA,NA,NA,NA,NA,NA,NA,NA,NA,NA,NA,NA,NA,NA,NA,NA,NA,NA,NA,NA,NA,NA,NA,NA,NA,High,High,High,NA,NA,NA,NA,NA,NA,NA,NA,NA,NA,NA,NA,NA,NA,NA,NA,NA,NA,NA,NA,NA,NA,NA,NA,NA,NA,NA,NA,NA,NA,NA,NA,NA,NA,NA,NA,NA,NA,NA,NA,NA,NA,NA,NA,NA,NA,NA,NA,NA,NA,NA,NA,NA,NA,NA,NA,NA
NA,NA,NA,NA,NA,NA,NA,NA,NA,NA,NA,NA,NA,NA,NA,NA,329,2026-03-03,21:18:13,2,2,"Whiteaker, Evan",804867,Right,ABI_WIL,"Brunson, Chase",815313,Right,TCU_HFG,Undefined,8,Bottom,1,0,1,Curveball,Curveball,InPlay,Undefined,FlyBall,Out,1,0,NA,77.88943,0.189999,-0.40146,2261.185432,53.534453,07:45:00,6.42142,0.65705,5.3811,-53.92936,-6.94008,-11.37209,2.10543,-0.66698,71.77763,-9.581099,-2.428765,0.493368,104.26334,30.608366,-4.101852,3247.441726,109.97752,64.12146,-2.19384,350.29071,338.47195,4.310473,5.644342,5.63426,-3.16347,-0.61268,50,6.39987,1.23163,-113.14501,-1.47035,7.27861,21.30772,-36.26078,TCU_HFG,ABI_WIL,TCU,D1,BIG12,20260303-TCU-2,c7e209b0-1778-11f1-89da-3b5d2295cb78,76.39827,99.48626,NA,6.1118,NA,NA,NA,1.55913,2.09151,0.68045,5cabaece-df46-4300-b3c7-55df33123daa,2026-03-04,03:18:13,2026-03-04T03:18:13Z,2026-03-04T03:18:13Z,FlyBall,v3,5045,471223,5b1f43e35ca0421ba59ea357c474eb40,"Gray, Brady",830795,Right,ABI_WIL,c628827a-6ba9-4b36-82d9-d5a694af4a7c,55.12422,-114.10594,10.65386,6.42931,0.16492,-18.13039,-0.66083,0.90338,3.6393,201.794469,1.56445,131.17987,-29.87251,6.79193,-1.2913,0.19447,-0.02284,0.00201,-9e-5,2.09283,77.82756,-17.08014,0.31114000000000003,0.379,-0.1934,0.04765,-0.00573,2.7e-4,0.67774,-9.36515,8.71239,-2.81555,0.67522,-0.12499,0.0171,-0.00156,7e-5,NA,NA,NA,NA,NA,NA,NA,NA,NA,NA,NA,NA,NA,NA,NA,NA,NA,NA,NA,NA,NA,NA,High,High,High,High,Medium,NA,NA,NA,NA,NA,NA,NA,NA,NA,NA,NA,NA,NA,NA,NA,NA,NA,NA,NA,NA,NA,NA,NA,NA,NA,NA,NA,NA,NA,NA,NA,NA,NA,NA,NA,NA,NA,NA,NA,NA,NA,NA,NA,NA,NA,NA,NA,NA,NA,NA,NA,NA,NA,NA,NA
NA,NA,NA,NA,NA,NA,NA,NA,NA,NA,NA,NA,NA,NA,NA,NA,330,2026-03-03,21:18:53,3,1,"Whiteaker, Evan",804867,Right,ABI_WIL,"Traeger, Nolan",807253,Left,TCU_HFG,Undefined,8,Bottom,2,0,0,Curveball,Curveball,StrikeCalled,Undefined,Undefined,Undefined,0,0,NA,71.97451,0.977933,-0.016816,2231.05788,30.697915,07:00:00,6.51229,0.57511,5.30657,-68.08634,-12.68406,-8.58985,1.75656,-0.1565,66.35235,-11.314722,-1.548167,0.535717,NA,NA,NA,NA,NA,NA,NA,NA,NA,NA,NA,4.32221,-6.19508,-0.56703,50,6.55104,0.34113,-104.52488,-0.41034,4.74326,18.94151,-38.97264,TCU_HFG,ABI_WIL,TCU,D1,BIG12,20260303-TCU-2,dfc8cff0-1778-11f1-89da-3b5d2295cb78,70.3589,NA,NA,5.62216,NA,NA,NA,NA,NA,NA,5cabaece-df46-4300-b3c7-55df33123daa,2026-03-04,03:18:53,2026-03-04T03:18:53Z,2026-03-04T03:18:53Z,NA,v3,5045,471223,5b1f43e35ca0421ba59ea357c474eb40,"Gray, Brady",830795,Right,ABI_WIL,e8ce6bce-1371-4692-92f9-b1dc12ec5f3d,55.20013,-105.46302,9.47075,6.52356,1.51989,-19.48632,-0.5781,0.1062,2.37163,NA,NA,NA,NA,NA,NA,NA,NA,NA,NA,NA,NA,NA,NA,NA,NA,NA,NA,NA,NA,NA,NA,NA,NA,NA,NA,NA,NA,NA,NA,NA,NA,NA,NA,NA,NA,NA,NA,NA,NA,NA,NA,NA,NA,NA,NA,NA,NA,NA,NA,High,High,High,NA,NA,NA,NA,NA,NA,NA,NA,NA,NA,NA,NA,NA,NA,NA,NA,NA,NA,NA,NA,NA,NA,NA,NA,NA,NA,NA,NA,NA,NA,NA,NA,NA,NA,NA,NA,NA,NA,NA,NA,NA,NA,NA,NA,NA,NA,NA,NA,NA,NA,NA,NA,NA,NA,NA,NA,NA
NA,NA,NA,NA,NA,NA,NA,NA,NA,NA,NA,NA,NA,NA,NA,NA,331,2026-03-03,21:19:13,3,2,"Whiteaker, Evan",804867,Right,ABI_WIL,"Traeger, Nolan",807253,Left,TCU_HFG,Undefined,8,Bottom,2,0,1,ChangeUp,Changeup,BallCalled,Undefined,Undefined,Undefined,0,0,NA,84.24803,-4.624346,-1.194993,1441.567859,228.245628,01:30:00,6.45175,0.54805,6.35379,-28.1558,10.23871,10.26355,-0.16138,0.30322,78.64367,-9.812408,0.6674,0.44597,NA,NA,NA,NA,NA,NA,NA,NA,NA,NA,NA,-5.74343,6.7939,-0.46638,50,6.10195,2.1952,-122.27345,-10.71685,-8.79927,21.40464,-21.76543,TCU_HFG,ABI_WIL,TCU,D1,BIG12,20260303-TCU-2,ebae9e80-1778-11f1-89da-3b5d2295cb78,84.51779,NA,NA,5.60436,NA,NA,NA,NA,NA,NA,5cabaece-df46-4300-b3c7-55df33123daa,2026-03-04,03:19:13,2026-03-04T03:19:13Z,2026-03-04T03:19:13Z,NA,v3,5045,471223,5b1f43e35ca0421ba59ea357c474eb40,"Gray, Brady",830795,Right,ABI_WIL,5fab7104-07f8-40dd-a114-375bfe0a7d4b,54.15208,-122.99814,10.70232,6.45231,-9.97994,-10.88271,-0.54575,2.49312,-4.39963,NA,NA,NA,NA,NA,NA,NA,NA,NA,NA,NA,NA,NA,NA,NA,NA,NA,NA,NA,NA,NA,NA,NA,NA,NA,NA,NA,NA,NA,NA,NA,NA,NA,NA,NA,NA,NA,NA,NA,NA,NA,NA,NA,NA,NA,NA,NA,NA,NA,NA,High,High,High,NA,NA,NA,NA,NA,NA,NA,NA,NA,NA,NA,NA,NA,NA,NA,NA,NA,NA,NA,NA,NA,NA,NA,NA,NA,NA,NA,NA,NA,NA,NA,NA,NA,NA,NA,NA,NA,NA,NA,NA,NA,NA,NA,NA,NA,NA,NA,NA,NA,NA,NA,NA,NA,NA,NA,NA,NA
NA,NA,NA,NA,NA,NA,NA,NA,NA,NA,NA,NA,NA,NA,NA,NA,332,2026-03-03,21:19:37,3,3,"Whiteaker, Evan",804867,Right,ABI_WIL,"Traeger, Nolan",807253,Left,TCU_HFG,Undefined,8,Bottom,2,1,1,ChangeUp,Changeup,BallCalled,Undefined,Undefined,Undefined,0,0,NA,84.57543,-4.181921,-1.290521,1484.835034,232.921407,01:45:00,6.49753,0.54363,6.07462,-28.52769,10.63949,12.33162,0.24261,0.37688,77.50429,-9.462798,0.934998,0.450435,NA,NA,NA,NA,NA,NA,NA,NA,NA,NA,NA,-6.82933,7.1167,-0.45053,50,6.1579,2.29715,-122.54636,-9.83627,-10.31212,25.81077,-21.42803,TCU_HFG,ABI_WIL,TCU,D1,BIG12,20260303-TCU-2,f9c2e5d0-1778-11f1-89da-3b5d2295cb78,83.68,NA,NA,7.07114,NA,NA,NA,NA,NA,NA,5cabaece-df46-4300-b3c7-55df33123daa,2026-03-04,03:19:37,2026-03-04T03:19:37Z,2026-03-04T03:19:37Z,NA,v3,5045,471223,5b1f43e35ca0421ba59ea357c474eb40,"Gray, Brady",830795,Right,ABI_WIL,59deb848-444f-45ee-98a9-bd9e9ff8d2a4,54.42888,-123.47565,12.90538,6.49815,-9.06477,-10.71402,-0.53992,2.66843,-5.15606,NA,NA,NA,NA,NA,NA,NA,NA,NA,NA,NA,NA,NA,NA,NA,NA,NA,NA,NA,NA,NA,NA,NA,NA,NA,NA,NA,NA,NA,NA,NA,NA,NA,NA,NA,NA,NA,NA,NA,NA,NA,NA,NA,NA,NA,NA,NA,NA,NA,NA,High,High,High,NA,NA,NA,NA,NA,NA,NA,NA,NA,NA,NA,NA,NA,NA,NA,NA,NA,NA,NA,NA,NA,NA,NA,NA,NA,NA,NA,NA,NA,NA,NA,NA,NA,NA,NA,NA,NA,NA,NA,NA,NA,NA,NA,NA,NA,NA,NA,NA,NA,NA,NA,NA,NA,NA,NA,NA,NA
NA,NA,NA,NA,NA,NA,NA,NA,NA,NA,NA,NA,NA,NA,NA,NA,333,2026-03-03,21:19:58,3,4,"Whiteaker, Evan",804867,Right,ABI_WIL,"Traeger, Nolan",807253,Left,TCU_HFG,Undefined,8,Bottom,2,2,1,Curveball,Curveball,InPlay,Undefined,Popup,Out,1,0,NA,72.98149,0.734383,-0.29611,2243.431183,51.117126,07:45:00,6.54501,0.51972,4.93902,-64.55665,-9.52863,-14.17304,1.85946,-0.94125,66.75979,-10.876436,-2.804206,0.533904,80.11329,69.912369,31.250967,NA,NA,NA,NA,NA,80.11428,NA,NA,6.985,-4.53941,-0.47833,50,6.56224,1.08434,-105.83168,-0.82946,7.80242,20.60647,-37.24466,TCU_HFG,ABI_WIL,TCU,D1,BIG12,20260303-TCU-2,06a45270-1779-11f1-89da-3b5d2295cb78,70.59775,102.4631,NA,6.22171,NA,NA,NA,3.54573,2.42595,0.82775,5cabaece-df46-4300-b3c7-55df33123daa,2026-03-04,03:19:58,2026-03-04T03:19:58Z,2026-03-04T03:19:58Z,NA,v3,5045,471223,5b1f43e35ca0421ba59ea357c474eb40,"Gray, Brady",830795,Right,ABI_WIL,ca23c43a-44f3-4e73-ba91-ab0343535982,55.56649,-106.91003,10.30324,6.55465,1.11959,-18.62233,-0.52439,0.67603,3.90121,NA,3.54573,34.50043,-15.33657,5.25629,-1.39366,0.34378,-0.07909,0.01459,-0.00151,2.42595,110.35164,-27.79436,2.90998,-0.32301,-0.00997,0.01584,-0.00469,5.9e-4,0.82775,20.93617,-9.15301,3.12604,-0.82698,0.20365,-0.04678,0.00862,-8.9e-4,NA,NA,NA,NA,NA,NA,NA,NA,NA,NA,NA,NA,NA,NA,NA,NA,NA,NA,NA,NA,NA,NA,High,High,High,Medium,Undefined,NA,NA,NA,NA,NA,NA,NA,NA,NA,NA,NA,NA,NA,NA,NA,NA,NA,NA,NA,NA,NA,NA,NA,NA,NA,NA,NA,NA,NA,NA,NA,NA,NA,NA,NA,NA,NA,NA,NA,NA,NA,NA,NA,NA,NA,NA,NA,NA,NA,NA,NA,NA,NA,NA,NA
NA,NA,NA,NA,NA,NA,NA,NA,NA,NA,NA,NA,NA,NA,NA,NA,334,2026-03-03,21:22:22,1,1,"Thomas, Ethan",1000458110,Right,TCU_HFG,"Jones, Ryan",831552,Right,ABI_WIL,Undefined,9,Top,0,0,0,Slider,Slider,StrikeCalled,Undefined,Undefined,Undefined,0,0,NA,79.65973,-0.746185,-0.440975,2221.858471,81.667116,08:45:00,5.9637,1.7879,6.0862,-44.73621,-0.23075,-12.71528,1.5453,0.32032,72.13411,-9.025765,-2.736655,0.480151,NA,NA,NA,NA,NA,NA,NA,NA,NA,NA,NA,6.40516,0.61504,-1.74728,50,5.88284,1.36306,-115.58961,-2.89107,8.47909,25.8742,-31.35987,TCU_HFG,ABI_WIL,TCU,D1,BIG12,20260303-TCU-2,5c807480-1779-11f1-89da-3b5d2295cb78,78.50118,NA,NA,7.52563,NA,NA,NA,NA,NA,NA,5cabaece-df46-4300-b3c7-55df33123daa,2026-03-04,03:22:22,2026-03-04T03:22:22Z,2026-03-04T03:22:22Z,NA,v3,5045,471223,5b1f43e35ca0421ba59ea357c474eb40,"Dallimore, Brady",834396,Right,TCU_HFG,2abe43a8-291f-43a8-bae4-ff70ec262569,54.41492,-116.57368,12.9371,5.97011,-1.69837,-15.67993,-1.79299,1.04058,4.23954,NA,NA,NA,NA,NA,NA,NA,NA,NA,NA,NA,NA,NA,NA,NA,NA,NA,NA,NA,NA,NA,NA,NA,NA,NA,NA,NA,NA,NA,NA,NA,NA,NA,NA,NA,NA,NA,NA,NA,NA,NA,NA,NA,NA,NA,NA,NA,NA,NA,NA,High,High,High,NA,NA,NA,NA,NA,NA,NA,NA,NA,NA,NA,NA,NA,NA,NA,NA,NA,NA,NA,NA,NA,NA,NA,NA,NA,NA,NA,NA,NA,NA,NA,NA,NA,NA,NA,NA,NA,NA,NA,NA,NA,NA,NA,NA,NA,NA,NA,NA,NA,NA,NA,NA,NA,NA,NA,NA,NA
NA,NA,NA,NA,NA,NA,NA,NA,NA,NA,NA,NA,NA,NA,NA,NA,335,2026-03-03,21:22:38,1,2,"Thomas, Ethan",1000458110,Right,TCU_HFG,"Jones, Ryan",831552,Right,ABI_WIL,Undefined,9,Top,0,0,1,Slider,Slider,BallCalled,Undefined,Undefined,Undefined,0,0,NA,80.58215,-2.249142,-2.388026,2350.117959,98.288804,09:15:00,6.0119,1.65873,6.53023,-39.19392,3.32555,-12.97851,0.67953,-1.61485,73.78447,-9.519916,-4.746306,0.469316,NA,NA,NA,NA,NA,NA,NA,NA,NA,NA,NA,6.08288,2.87559,-1.48755,50,5.83888,5.32408,-116.93853,-5.70726,8.31225,24.75627,-28.24454,TCU_HFG,ABI_WIL,TCU,D1,BIG12,20260303-TCU-2,65d510e0-1779-11f1-89da-3b5d2295cb78,80.31357,NA,NA,6.79768,NA,NA,NA,NA,NA,NA,5cabaece-df46-4300-b3c7-55df33123daa,2026-03-04,03:22:38,2026-03-04T03:22:38Z,2026-03-04T03:22:38Z,NA,v3,5045,471223,5b1f43e35ca0421ba59ea357c474eb40,"Dallimore, Brady",834396,Right,TCU_HFG,d5d4df58-2cff-494b-95c5-995e3bc2dc56,53.97221,-117.77646,12.37814,6.01588,-4.75126,-14.12227,-1.66299,5.04274,4.15613,NA,NA,NA,NA,NA,NA,NA,NA,NA,NA,NA,NA,NA,NA,NA,NA,NA,NA,NA,NA,NA,NA,NA,NA,NA,NA,NA,NA,NA,NA,NA,NA,NA,NA,NA,NA,NA,NA,NA,NA,NA,NA,NA,NA,NA,NA,NA,NA,NA,NA,High,High,High,NA,NA,NA,NA,NA,NA,NA,NA,NA,NA,NA,NA,NA,NA,NA,NA,NA,NA,NA,NA,NA,NA,NA,NA,NA,NA,NA,NA,NA,NA,NA,NA,NA,NA,NA,NA,NA,NA,NA,NA,NA,NA,NA,NA,NA,NA,NA,NA,NA,NA,NA,NA,NA,NA,NA,NA,NA
NA,NA,NA,NA,NA,NA,NA,NA,NA,NA,NA,NA,NA,NA,NA,NA,336,2026-03-03,21:22:56,1,3,"Thomas, Ethan",1000458110,Right,TCU_HFG,"Jones, Ryan",831552,Right,ABI_WIL,Undefined,9,Top,0,1,1,Slider,Slider,StrikeCalled,Undefined,Undefined,Undefined,0,0,NA,80.11862,-0.4981,-0.340363,2400.932078,92.638362,09:00:00,5.92768,1.62619,6.21881,-41.45542,2.19921,-13.65568,2.01338,0.17411,72.60695,-8.209299,-2.81065,0.47554,NA,NA,NA,NA,NA,NA,NA,NA,NA,NA,NA,6.94894,1.78193,-1.59423,50,5.87016,1.19529,-116.30818,-2.26241,9.34057,25.6226,-29.77883,TCU_HFG,ABI_WIL,TCU,D1,BIG12,20260303-TCU-2,707fc760-1779-11f1-89da-3b5d2295cb78,79.26247,NA,NA,7.51166,NA,NA,NA,NA,NA,NA,5cabaece-df46-4300-b3c7-55df33123daa,2026-03-04,03:22:56,2026-03-04T03:22:56Z,2026-03-04T03:22:56Z,NA,v3,5045,471223,5b1f43e35ca0421ba59ea357c474eb40,"Dallimore, Brady",834396,Right,TCU_HFG,a9ab39a0-ff60-4b9a-8ce7-92419aeb496b,54.28206,-117.24772,12.8113,5.9331,-1.17047,-14.88942,-1.63177,0.85278,4.67029,NA,NA,NA,NA,NA,NA,NA,NA,NA,NA,NA,NA,NA,NA,NA,NA,NA,NA,NA,NA,NA,NA,NA,NA,NA,NA,NA,NA,NA,NA,NA,NA,NA,NA,NA,NA,NA,NA,NA,NA,NA,NA,NA,NA,NA,NA,NA,NA,NA,NA,High,High,High,NA,NA,NA,NA,NA,NA,NA,NA,NA,NA,NA,NA,NA,NA,NA,NA,NA,NA,NA,NA,NA,NA,NA,NA,NA,NA,NA,NA,NA,NA,NA,NA,NA,NA,NA,NA,NA,NA,NA,NA,NA,NA,NA,NA,NA,NA,NA,NA,NA,NA,NA,NA,NA,NA,NA,NA,NA
NA,NA,NA,NA,NA,NA,NA,NA,NA,NA,NA,NA,NA,NA,NA,NA,337,2026-03-03,21:23:13,1,4,"Thomas, Ethan",1000458110,Right,TCU_HFG,"Jones, Ryan",831552,Right,ABI_WIL,Undefined,9,Top,0,1,2,Fastball,Four-Seam,StrikeSwinging,Strikeout,Undefined,Undefined,0,0,NA,94.58819,-2.58783,-2.044922,2435.835892,222.825622,01:30:00,5.99508,1.39122,6.75097,-13.18973,17.66651,15.28556,2.52872,0.79609,84.81932,-5.188985,0.742338,0.3998,NA,NA,NA,NA,NA,NA,NA,NA,NA,NA,NA,-8.66776,10.50461,-1.26145,50,5.81936,4.25317,-137.14252,-6.48423,-16.1621,36.25241,-12.58686,TCU_HFG,ABI_WIL,TCU,D1,BIG12,20260303-TCU-2,7aae4900-1779-11f1-89da-3b5d2295cb78,94.27819,NA,NA,9.76886,NA,NA,NA,NA,NA,NA,5cabaece-df46-4300-b3c7-55df33123daa,2026-03-04,03:23:13,2026-03-04T03:23:13Z,2026-03-04T03:23:13Z,NA,v3,5045,471223,5b1f43e35ca0421ba59ea357c474eb40,"Dallimore, Brady",834396,Right,TCU_HFG,bebbf323-a9b0-4d08-b575-64084f050e54,53.74727,-138.12953,18.1262,5.99124,-6.14154,-6.29343,-1.38323,4.6932,-8.08105,NA,NA,NA,NA,NA,NA,NA,NA,NA,NA,NA,NA,NA,NA,NA,NA,NA,NA,NA,NA,NA,NA,NA,NA,NA,NA,NA,NA,72.60101,NA,NA,0.885596,NA,NA,NA,5.03969,5.68164,2.67603,66.15756,8.28268,58.64527,5.1844,79.34594,-11.78788,5.71689,14.68107,-13.28874,2.69955,66.90298,-4.20059,High,High,High,NA,NA,High,Medium,High,NA,NA,NA,NA,NA,NA,NA,NA,NA,NA,NA,NA,NA,NA,NA,NA,NA,NA,NA,NA,NA,NA,NA,NA,NA,NA,NA,NA,NA,NA,NA,NA,NA,NA,NA,NA,NA,NA,NA,NA,NA,NA,NA,NA,NA,NA,NA,NA,NA,NA,NA,NA
NA,NA,NA,NA,NA,NA,NA,NA,NA,NA,NA,NA,NA,NA,NA,NA,338,2026-03-03,21:23:48,2,1,"Thomas, Ethan",1000458110,Right,TCU_HFG,"Gray, Brady",830795,Left,ABI_WIL,Undefined,9,Top,1,0,0,Slider,Slider,BallCalled,Undefined,Undefined,Undefined,0,0,NA,80.10183,0.750176,0.342081,2244.117853,96.485971,09:15:00,5.9457700000000004,1.68298,6.40969,-40.30022,2.77484,-11.49914,3.27726,1.03927,72.78737,-6.788348,-1.743777,0.472372,NA,NA,NA,NA,NA,NA,NA,NA,NA,NA,NA,6.03768,1.72394,-1.70297,50,5.98188,-0.27008,-116.36137,0.33829,8.18437,24.14077,-29.83718,TCU_HFG,ABI_WIL,TCU,D1,BIG12,20260303-TCU-2,8fc5c2a0-1779-11f1-89da-3b5d2295cb78,79.79391,NA,NA,7.31446,NA,NA,NA,NA,NA,NA,5cabaece-df46-4300-b3c7-55df33123daa,2026-03-04,03:23:48,2026-03-04T03:23:48Z,2026-03-04T03:23:48Z,NA,v3,5045,471223,5b1f43e35ca0421ba59ea357c474eb40,"Dallimore, Brady",834396,Right,TCU_HFG,50e32b18-ab5d-498e-b671-acf14c08ac9f,54.09026,-117.20687,12.07039,5.95173,1.38331,-14.91859,-1.68849,-0.55673,4.09219,NA,NA,NA,NA,NA,NA,NA,NA,NA,NA,NA,NA,NA,NA,NA,NA,NA,NA,NA,NA,NA,NA,NA,NA,NA,NA,NA,NA,NA,NA,NA,NA,NA,NA,NA,NA,NA,NA,NA,NA,NA,NA,NA,NA,NA,NA,NA,NA,NA,NA,High,High,High,NA,NA,NA,NA,NA,NA,NA,NA,NA,NA,NA,NA,NA,NA,NA,NA,NA,NA,NA,NA,NA,NA,NA,NA,NA,NA,NA,NA,NA,NA,NA,NA,NA,NA,NA,NA,NA,NA,NA,NA,NA,NA,NA,NA,NA,NA,NA,NA,NA,NA,NA,NA,NA,NA,NA,NA,NA
NA,NA,NA,NA,NA,NA,NA,NA,NA,NA,NA,NA,NA,NA,NA,NA,339,2026-03-03,21:24:05,2,2,"Thomas, Ethan",1000458110,Right,TCU_HFG,"Gray, Brady",830795,Left,ABI_WIL,Undefined,9,Top,1,1,0,Fastball,Four-Seam,FoulBallNotFieldable,Undefined,Undefined,Undefined,0,0,NA,93.66565,-2.639129,-2.005147,2391.618876,222.175721,01:30:00,6.18961,1.44522,7.0529,-15.1045,15.69379,13.2443,2.53067,0.72694,84.87351,-5.584014,0.424309,0.399425,50.87607,22.863737,-165.515876,4781.768211,NA,NA,NA,99.28682,46.0252,-167.331353,1.575498,-7.56178,9.47623,-1.32653,50,6.02441,4.22507,-135.96893,-6.6032400000000004,-14.00844,32.71514,-14.61905,TCU_HFG,ABI_WIL,TCU,D1,BIG12,20260303-TCU-2,99d46030-1779-11f1-89da-3b5d2295cb78,94.36685,12.22483,NA,8.79214,NA,NA,NA,NA,NA,NA,5cabaece-df46-4300-b3c7-55df33123daa,2026-03-04,03:24:05,2026-03-04T03:24:05Z,2026-03-04T03:24:05Z,GroundBall,v3,5045,471223,5b1f43e35ca0421ba59ea357c474eb40,"Dallimore, Brady",834396,Right,TCU_HFG,d4f519d2-8d66-4f44-8bef-8953643ad541,53.44526,-136.79537,16.35757,6.18655,-6.23393,-7.30953,-1.43773,4.57895,-7.00422,16.224477,-3.17024,-66.5669,3.78424,0.90386,-0.85886,0.88898,-0.53306,0.15299,-0.0164,2.19648,28.99088,-22.58924,2.4952,-0.07177,-0.47145,0.44009,-0.17915,0.02756,-1.04162,-17.19467,2.08351,0.52476,-0.44198,0.48147,-0.29515,0.08433,-0.00884,NA,NA,NA,NA,NA,NA,NA,NA,NA,NA,NA,NA,NA,NA,NA,NA,NA,NA,NA,NA,NA,NA,High,High,High,High,Medium,NA,NA,NA,NA,NA,NA,NA,NA,NA,NA,NA,NA,NA,NA,NA,NA,NA,NA,NA,NA,NA,NA,NA,NA,NA,NA,NA,NA,NA,NA,NA,NA,NA,NA,NA,NA,NA,NA,NA,NA,NA,NA,NA,NA,NA,NA,NA,NA,NA,NA,NA,NA,NA,NA,NA
NA,NA,NA,NA,NA,NA,NA,NA,NA,NA,NA,NA,NA,NA,NA,NA,340,2026-03-03,21:24:40,2,3,"Thomas, Ethan",1000458110,Right,TCU_HFG,"Gray, Brady",830795,Left,ABI_WIL,Undefined,9,Top,1,1,1,Slider,Slider,BallCalled,Undefined,Undefined,Undefined,0,0,NA,80.01831,1.318194,-0.433232,2244.095829,105.175522,09:30:00,5.99352,1.74363,6.25988,-40.27825,3.83666,-7.82449,3.85278,0.69209,71.52477,-6.24794,-1.847675,0.47804,NA,NA,NA,NA,NA,NA,NA,NA,NA,NA,NA,3.83217,2.10492,-1.70823,50,6.07271,1.18036,-115.97436,1.46032,5.08005,27.0796,-29.38372,TCU_HFG,ABI_WIL,TCU,D1,BIG12,20260303-TCU-2,aeade670-1779-11f1-89da-3b5d2295cb78,78.84788,NA,NA,8.49354,NA,NA,NA,NA,NA,NA,5cabaece-df46-4300-b3c7-55df33123daa,2026-03-04,03:24:40,2026-03-04T03:24:40Z,2026-03-04T03:24:40Z,NA,v3,5045,471223,5b1f43e35ca0421ba59ea357c474eb40,"Dallimore, Brady",834396,Right,TCU_HFG,d7f68880-84ca-43b1-847a-a010f2d19a55,54.236,-116.95927,13.5398,6.00016,2.52903,-14.69186,-1.7478,0.99559,2.54002,NA,NA,NA,NA,NA,NA,NA,NA,NA,NA,NA,NA,NA,NA,NA,NA,NA,NA,NA,NA,NA,NA,NA,NA,NA,NA,NA,NA,NA,NA,NA,NA,NA,NA,NA,NA,NA,NA,NA,NA,NA,NA,NA,NA,NA,NA,NA,NA,NA,NA,High,High,High,NA,NA,NA,NA,NA,NA,NA,NA,NA,NA,NA,NA,NA,NA,NA,NA,NA,NA,NA,NA,NA,NA,NA,NA,NA,NA,NA,NA,NA,NA,NA,NA,NA,NA,NA,NA,NA,NA,NA,NA,NA,NA,NA,NA,NA,NA,NA,NA,NA,NA,NA,NA,NA,NA,NA,NA,NA
NA,NA,NA,NA,NA,NA,NA,NA,NA,NA,NA,NA,NA,NA,NA,NA,341,2026-03-03,21:25:04,2,4,"Thomas, Ethan",1000458110,Right,TCU_HFG,"Gray, Brady",830795,Left,ABI_WIL,Undefined,9,Top,1,2,1,Fastball,Four-Seam,StrikeCalled,Undefined,Undefined,Undefined,0,0,NA,92.83869,-2.685779,-2.581178,2213.53365,213.322122,01:00:00,6.1173400000000004,1.30186,7.04911,-14.37894,17.22143,10.54867,2.47522,-0.16527,83.51979,-5.516672,-0.647997,0.404592,NA,NA,NA,NA,NA,NA,NA,NA,NA,NA,NA,-6.43611,10.40481,-1.14816,50,5.9494,5.65759,-134.64475,-6.61789,-11.59883,34.22894,-13.42302,TCU_HFG,ABI_WIL,TCU,D1,BIG12,20260303-TCU-2,bccb0760-1779-11f1-89da-3b5d2295cb78,93.16156,NA,NA,9.31889,NA,NA,NA,NA,NA,NA,5cabaece-df46-4300-b3c7-55df33123daa,2026-03-04,03:25:04,2026-03-04T03:25:04Z,2026-03-04T03:25:04Z,NA,v3,5045,471223,5b1f43e35ca0421ba59ea357c474eb40,"Dallimore, Brady",834396,Right,TCU_HFG,80f7bf34-eea1-476f-ab60-ef0f5a313747,53.44953,-135.51885,17.11447,6.11402,-6.27512,-6.71151,-1.29641,5.95378,-5.79942,NA,NA,NA,NA,NA,NA,NA,NA,NA,NA,NA,NA,NA,NA,NA,NA,NA,NA,NA,NA,NA,NA,NA,NA,NA,NA,NA,NA,NA,NA,NA,NA,NA,NA,NA,NA,NA,NA,NA,NA,NA,NA,NA,NA,NA,NA,NA,NA,NA,NA,High,High,High,NA,NA,NA,NA,NA,NA,NA,NA,NA,NA,NA,NA,NA,NA,NA,NA,NA,NA,NA,NA,NA,NA,NA,NA,NA,NA,NA,NA,NA,NA,NA,NA,NA,NA,NA,NA,NA,NA,NA,NA,NA,NA,NA,NA,NA,NA,NA,NA,NA,NA,NA,NA,NA,NA,NA,NA,NA
NA,NA,NA,NA,NA,NA,NA,NA,NA,NA,NA,NA,NA,NA,NA,NA,342,2026-03-03,21:25:23,2,5,"Thomas, Ethan",1000458110,Right,TCU_HFG,"Gray, Brady",830795,Left,ABI_WIL,Undefined,9,Top,1,2,2,Slider,Slider,BallCalled,Undefined,Undefined,Undefined,0,0,NA,82.19543,-1.173771,-2.5799,2244.968179,85.584256,08:45:00,5.92997,1.63442,6.3739,-40.8492,0.48992,-12.6593,1.4446,-1.79596,74.66274,-8.754109,-4.871707,0.462756,NA,NA,NA,NA,NA,NA,NA,NA,NA,NA,NA,5.69532,1.13705,-1.44284,50,5.827,5.84553,-119.20719,-3.69231,8.03955,26.97612,-30.56896,TCU_HFG,ABI_WIL,TCU,D1,BIG12,20260303-TCU-2,c8654e00-1779-11f1-89da-3b5d2295cb78,81.45208,NA,NA,7.53268,NA,NA,NA,NA,NA,NA,5cabaece-df46-4300-b3c7-55df33123daa,2026-03-04,03:25:23,2026-03-04T03:25:23Z,2026-03-04T03:25:23Z,NA,v3,5045,471223,5b1f43e35ca0421ba59ea357c474eb40,"Dallimore, Brady",834396,Right,TCU_HFG,248c6167-9593-4186-8ddc-b5d425b9e715,54.12635,-120.13734,13.48806,5.93615,-2.63828,-15.28448,-1.63962,5.56832,4.01978,NA,NA,NA,NA,NA,NA,NA,NA,NA,NA,NA,NA,NA,NA,NA,NA,NA,NA,NA,NA,NA,NA,NA,NA,NA,NA,NA,NA,NA,NA,NA,NA,NA,NA,NA,NA,NA,NA,NA,NA,NA,NA,NA,NA,NA,NA,NA,NA,NA,NA,High,High,High,NA,NA,NA,NA,NA,NA,NA,NA,NA,NA,NA,NA,NA,NA,NA,NA,NA,NA,NA,NA,NA,NA,NA,NA,NA,NA,NA,NA,NA,NA,NA,NA,NA,NA,NA,NA,NA,NA,NA,NA,NA,NA,NA,NA,NA,NA,NA,NA,NA,NA,NA,NA,NA,NA,NA,NA,NA
NA,NA,NA,NA,NA,NA,NA,NA,NA,NA,NA,NA,NA,NA,NA,NA,343,2026-03-03,21:25:45,2,6,"Thomas, Ethan",1000458110,Right,TCU_HFG,"Gray, Brady",830795,Left,ABI_WIL,Undefined,9,Top,1,3,2,Fastball,Four-Seam,InPlay,Undefined,GroundBall,Single,0,0,NA,94.45409,-2.549698,-2.505741,2308.549518,212.03366,01:00:00,6.01998,1.40611,6.80935,-14.15548,16.46737,9.62701,2.50992,-0.07966,85.44397,-5.311248,-0.749463,0.398285,98.03664,1.265088,0.891908,1201.619956,NA,NA,NA,59.11167,53.32788,-0.563363,0.438237,-5.88036,9.84103,-1.2472,50,5.84934,5.61444,-137.05184,-6.44271,-11.04613,33.79015,-13.68792,TCU_HFG,ABI_WIL,TCU,D1,BIG12,20260303-TCU-2,d56b3290-1779-11f1-89da-3b5d2295cb78,94.6368,2.5293,NA,9.01012,NA,NA,NA,0.11552,2.4082,0.08857,5cabaece-df46-4300-b3c7-55df33123daa,2026-03-04,03:25:45,2026-03-04T03:25:45Z,2026-03-04T03:25:45Z,GroundBall,v3,5045,471223,5b1f43e35ca0421ba59ea357c474eb40,"Dallimore, Brady",834396,Right,TCU_HFG,7a72e0d9-55d4-4b59-8508-fd1c23da9bf5,53.69151,-137.95898,16.89508,6.01738,-6.07524,-6.84396,-1.40191,5.91098,-5.52306,64.647559,0.12784,143.35799,-20.07515,NA,NA,NA,NA,NA,NA,2.41816,2.86928,-19.18857,NA,NA,NA,NA,NA,NA,0.09788,1.95147,-8.03456,NA,NA,NA,NA,NA,NA,NA,NA,NA,NA,NA,NA,NA,NA,NA,NA,NA,NA,NA,NA,NA,NA,NA,NA,NA,NA,NA,NA,High,High,High,High,High,NA,NA,NA,NA,NA,NA,NA,NA,NA,NA,NA,NA,NA,NA,NA,NA,NA,NA,NA,NA,NA,NA,NA,NA,NA,NA,NA,NA,NA,NA,NA,NA,NA,NA,NA,NA,NA,NA,NA,NA,NA,NA,NA,NA,NA,NA,NA,NA,NA,NA,NA,NA,NA,NA,NA
NA,NA,NA,NA,NA,NA,NA,NA,NA,NA,NA,NA,NA,NA,NA,NA,344,2026-03-03,21:26:46,3,1,"Thomas, Ethan",1000458110,Right,TCU_HFG,"Borho, Reese",822840,Left,ABI_WIL,Undefined,9,Top,1,0,0,Fastball,Four-Seam,StrikeCalled,Undefined,Undefined,Undefined,0,0,NA,93.69293,-2.863289,-2.799502,2372.540211,205.882745,12:45:00,6.11432,1.48717,6.96018,-11.1641,19.72009,9.04871,2.5734,-0.30805,84.93704,-5.084461,-1.145078,0.399981,NA,NA,NA,NA,NA,NA,NA,NA,NA,NA,NA,-5.62689,11.65327,-1.31582,50,5.93176,6.28908,-135.92465,-6.99929,-10.43268,32.28514,-10.56799,TCU_HFG,ABI_WIL,TCU,D1,BIG12,20260303-TCU-2,f9a88a90-1779-11f1-89da-3b5d2295cb78,94.23555,NA,NA,8.75589,NA,NA,NA,NA,NA,NA,5cabaece-df46-4300-b3c7-55df33123daa,2026-03-04,03:26:46,2026-03-04T03:26:46Z,2026-03-04T03:26:46Z,NA,v3,5045,471223,5b1f43e35ca0421ba59ea357c474eb40,"Dallimore, Brady",834396,Right,TCU_HFG,883bf454-8916-492b-ad12-1824fbee7863,53.53968,-136.76282,16.14257,6.10991,-6.72493,-5.284,-1.48261,6.55993,-5.21634,NA,NA,NA,NA,NA,NA,NA,NA,NA,NA,NA,NA,NA,NA,NA,NA,NA,NA,NA,NA,NA,NA,NA,NA,NA,NA,NA,NA,NA,NA,NA,NA,NA,NA,NA,NA,NA,NA,NA,NA,NA,NA,NA,NA,NA,NA,NA,NA,NA,NA,High,High,High,NA,NA,NA,NA,NA,NA,NA,NA,NA,NA,NA,NA,NA,NA,NA,NA,NA,NA,NA,NA,NA,NA,NA,NA,NA,NA,NA,NA,NA,NA,NA,NA,NA,NA,NA,NA,NA,NA,NA,NA,NA,NA,NA,NA,NA,NA,NA,NA,NA,NA,NA,NA,NA,NA,NA,NA,NA
NA,NA,NA,NA,NA,NA,NA,NA,NA,NA,NA,NA,NA,NA,NA,NA,345,2026-03-03,21:27:02,3,2,"Thomas, Ethan",1000458110,Right,TCU_HFG,"Borho, Reese",822840,Left,ABI_WIL,Undefined,9,Top,1,0,1,Slider,Slider,BallCalled,Undefined,Undefined,Undefined,0,0,NA,82.00237,-0.117261,-2.751923,2244.381826,131.257404,10:30:00,5.84011,1.76957,6.36574,-36.7825,4.56906,-3.57047,2.66686,-1.06243,74.41831,-6.992569,-3.397619,0.462826,NA,NA,NA,NA,NA,NA,NA,NA,NA,NA,NA,0.97421,2.87669,-1.56886,50,5.81496,5.85125,-118.95444,-1.3383100000000001,1.37691,25.718139999999998,-28.1083,TCU_HFG,ABI_WIL,TCU,D1,BIG12,20260303-TCU-2,03468c00-177a-11f1-89da-3b5d2295cb78,81.43984,NA,NA,7.58406,NA,NA,NA,NA,NA,NA,5cabaece-df46-4300-b3c7-55df33123daa,2026-03-04,03:27:02,2026-03-04T03:27:02Z,2026-03-04T03:27:02Z,NA,v3,5045,471223,5b1f43e35ca0421ba59ea357c474eb40,"Dallimore, Brady",834396,Right,TCU_HFG,75547898-d2b4-475d-81ab-bac1e16a56be,54.13392,-119.84487,12.859069999999999,5.84445,-0.36512,-14.05415,-1.77062,5.80358,0.68845,NA,NA,NA,NA,NA,NA,NA,NA,NA,NA,NA,NA,NA,NA,NA,NA,NA,NA,NA,NA,NA,NA,NA,NA,NA,NA,NA,NA,NA,NA,NA,NA,NA,NA,NA,NA,NA,NA,NA,NA,NA,NA,NA,NA,NA,NA,NA,NA,NA,NA,High,High,High,NA,NA,NA,NA,NA,NA,NA,NA,NA,NA,NA,NA,NA,NA,NA,NA,NA,NA,NA,NA,NA,NA,NA,NA,NA,NA,NA,NA,NA,NA,NA,NA,NA,NA,NA,NA,NA,NA,NA,NA,NA,NA,NA,NA,NA,NA,NA,NA,NA,NA,NA,NA,NA,NA,NA,NA,NA
NA,NA,NA,NA,NA,NA,NA,NA,NA,NA,NA,NA,NA,NA,NA,NA,346,2026-03-03,21:27:20,3,3,"Thomas, Ethan",1000458110,Right,TCU_HFG,"Borho, Reese",822840,Left,ABI_WIL,Undefined,9,Top,1,1,1,Slider,Slider,StrikeCalled,Undefined,Undefined,Undefined,0,0,NA,80.18821,0.646588,-0.774463,2299.464347,100.038338,09:15:00,5.88288,1.89305,6.39583,-40.66451,2.45303,-5.37902,3.08895,0.73244,72.71883,-6.959127,-1.749776,0.472605,NA,NA,NA,NA,NA,NA,NA,NA,NA,NA,NA,2.5324,1.57803,-1.83527,50,5.91139,1.7723,-116.44467,0.11522,3.4288,24.69788,-30.03744,TCU_HFG,ABI_WIL,TCU,D1,BIG12,20260303-TCU-2,0e040730-177a-11f1-89da-3b5d2295cb78,79.75461,NA,NA,7.46938,NA,NA,NA,NA,NA,NA,5cabaece-df46-4300-b3c7-55df33123daa,2026-03-04,03:27:20,2026-03-04T03:27:20Z,2026-03-04T03:27:20Z,NA,v3,5045,471223,5b1f43e35ca0421ba59ea357c474eb40,"Dallimore, Brady",834396,Right,TCU_HFG,ee975b02-d987-4383-9390-a53f0fd822d6,54.1037,-117.31183,12.34894,5.88883,1.16986,-15.01872,-1.89538,1.65191,1.7144,NA,NA,NA,NA,NA,NA,NA,NA,NA,NA,NA,NA,NA,NA,NA,NA,NA,NA,NA,NA,NA,NA,NA,NA,NA,NA,NA,NA,NA,NA,NA,NA,NA,NA,NA,NA,NA,NA,NA,NA,NA,NA,NA,NA,NA,NA,NA,NA,NA,NA,High,High,High,NA,NA,NA,NA,NA,NA,NA,NA,NA,NA,NA,NA,NA,NA,NA,NA,NA,NA,NA,NA,NA,NA,NA,NA,NA,NA,NA,NA,NA,NA,NA,NA,NA,NA,NA,NA,NA,NA,NA,NA,NA,NA,NA,NA,NA,NA,NA,NA,NA,NA,NA,NA,NA,NA,NA,NA,NA
NA,NA,NA,NA,NA,NA,NA,NA,NA,NA,NA,NA,NA,NA,NA,NA,347,2026-03-03,21:27:39,3,4,"Thomas, Ethan",1000458110,Right,TCU_HFG,"Borho, Reese",822840,Left,ABI_WIL,Undefined,9,Top,1,1,2,Slider,Slider,InPlay,Undefined,GroundBall,Out,1,0,NA,81.54233,-0.917285,-1.304682,2370.647547,60.937682,08:00:00,5.80675,1.80926,6.32423,-44.62274,-2.75008,-7.56839,1.24309,-0.02325,74.26981,-9.180012,-2.67721,0.465733,67.87401,9.33432,11.485886,4539.680584,NA,NA,NA,96.77265,96.45836,10.744924,1.096196,3.53311,-0.73791,-1.71044,50,5.7188,2.97062,-118.41898,-3.26266,4.93535,26.04462,-33.20486,TCU_HFG,ABI_WIL,TCU,D1,BIG12,20260303-TCU-2,19397180-177a-11f1-89da-3b5d2295cb78,80.93148,5.17653,NA,7.27252,NA,NA,NA,1.13784,1.17128,0.03347,5cabaece-df46-4300-b3c7-55df33123daa,2026-03-04,03:27:39,2026-03-04T03:27:39Z,2026-03-04T03:27:39Z,GroundBall,v3,5045,471223,5b1f43e35ca0421ba59ea357c474eb40,"Dallimore, Brady",834396,Right,TCU_HFG,8265afb8-bb33-432b-9dbf-83f175bc4d9d,54.17846,-119.33444,13.02231,5.81297,-2.09552,-16.60243,-1.8118,2.79714,2.46767,136.991395,1.13784,96.26305,-10.98373,1.50272,-0.29947,0.04969,-0.00851,0.00156,-1.7e-4,1.17128,16.14624,-16.80197,1.16323,-0.1878,0.04271,-0.00644,0.00093000000000000005,-1.1e-4,0.03347,19.56025,-3.29614,0.49047,-0.09741,0.01645,-0.00276,4.8e-4,-5e-5,NA,NA,NA,NA,NA,NA,NA,NA,NA,NA,NA,NA,NA,NA,NA,NA,NA,NA,NA,NA,NA,NA,High,High,High,High,High,NA,NA,NA,NA,NA,NA,NA,NA,NA,NA,NA,NA,NA,NA,NA,NA,NA,NA,NA,NA,NA,NA,NA,NA,NA,NA,NA,NA,NA,NA,NA,NA,NA,NA,NA,NA,NA,NA,NA,NA,NA,NA,NA,NA,NA,NA,NA,NA,NA,NA,NA,NA,NA,NA,NA
NA,NA,NA,NA,NA,NA,NA,NA,NA,NA,NA,NA,NA,NA,NA,NA,348,2026-03-03,21:30:19,4,1,"Thomas, Ethan",1000458110,Right,TCU_HFG,"Thompson, JT",1000270096,Left,ABI_WIL,Undefined,9,Top,2,0,0,Slider,Slider,StrikeCalled,Undefined,Undefined,Undefined,0,0,NA,79.84233,-0.893635,-1.265257,2147.447417,174.064773,11:45:00,5.95311,1.70774,6.39733,-35.83278,7.84878,-0.65059,2.14489,0.48966,72.22582,-7.622659,-1.38326,0.475686,NA,NA,NA,NA,NA,NA,NA,NA,NA,NA,NA,-0.08059,4.88555,-1.61664,50,5.87298,2.5826,-115.85503,-2.81926,-0.1076,25.23038,-25.65174,TCU_HFG,ABI_WIL,TCU,D1,BIG12,20260303-TCU-2,78a89880-177a-11f1-89da-3b5d2295cb78,79.23805,NA,NA,7.61651,NA,NA,NA,NA,NA,NA,5cabaece-df46-4300-b3c7-55df33123daa,2026-03-04,03:30:19,2026-03-04T03:30:19Z,2026-03-04T03:30:19Z,NA,v3,5045,471223,5b1f43e35ca0421ba59ea357c474eb40,"Dallimore, Brady",834396,Right,TCU_HFG,1d6b0a88-ad60-4743-9467-393b1b7f509d,54.10099,-116.74471,12.61519,5.95644,-1.91472,-12.82587,-1.70778,2.58639,-0.0538,NA,NA,NA,NA,NA,NA,NA,NA,NA,NA,NA,NA,NA,NA,NA,NA,NA,NA,NA,NA,NA,NA,NA,NA,NA,NA,NA,NA,NA,NA,NA,NA,NA,NA,NA,NA,NA,NA,NA,NA,NA,NA,NA,NA,NA,NA,NA,NA,NA,NA,High,High,High,NA,NA,NA,NA,NA,NA,NA,NA,NA,NA,NA,NA,NA,NA,NA,NA,NA,NA,NA,NA,NA,NA,NA,NA,NA,NA,NA,NA,NA,NA,NA,NA,NA,NA,NA,NA,NA,NA,NA,NA,NA,NA,NA,NA,NA,NA,NA,NA,NA,NA,NA,NA,NA,NA,NA,NA,NA
NA,NA,NA,NA,NA,NA,NA,NA,NA,NA,NA,NA,NA,NA,NA,NA,349,2026-03-03,21:30:40,4,2,"Thomas, Ethan",1000458110,Right,TCU_HFG,"Thompson, JT",1000270096,Left,ABI_WIL,Undefined,9,Top,2,0,1,Slider,Curveball,BallCalled,Undefined,Undefined,Undefined,0,0,NA,80.31436,-0.774704,-2.580553,2224.360112,77.819589,08:30:00,5.98433,1.72776,6.30406,-43.99876,-0.69697,-10.22253,1.60323,-1.50331,73.11752,-8.92273,-4.429196,0.473614,NA,NA,NA,NA,NA,NA,NA,NA,NA,NA,NA,4.45303,0.37587,-1.53368,50,5.90698,5.62523,-116.51326,-2.90945,6.01948,25.29019,-31.66595,TCU_HFG,ABI_WIL,TCU,D1,BIG12,20260303-TCU-2,851b64d0-177a-11f1-89da-3b5d2295cb78,79.58475,NA,NA,7.19684,NA,NA,NA,NA,NA,NA,5cabaece-df46-4300-b3c7-55df33123daa,2026-03-04,03:30:40,2026-03-04T03:30:40Z,2026-03-04T03:30:40Z,NA,v3,5045,471223,5b1f43e35ca0421ba59ea357c474eb40,"Dallimore, Brady",834396,Right,TCU_HFG,718576aa-d9af-4389-bd0e-8541f577deb3,54.19705,-117.42074,12.6451,5.99099,-1.7732,-15.83297,-1.73165,5.40924,3.00974,NA,NA,NA,NA,NA,NA,NA,NA,NA,NA,NA,NA,NA,NA,NA,NA,NA,NA,NA,NA,NA,NA,NA,NA,NA,NA,NA,NA,NA,NA,NA,NA,NA,NA,NA,NA,NA,NA,NA,NA,NA,NA,NA,NA,NA,NA,NA,NA,NA,NA,High,High,High,NA,NA,NA,NA,NA,NA,NA,NA,NA,NA,NA,NA,NA,NA,NA,NA,NA,NA,NA,NA,NA,NA,NA,NA,NA,NA,NA,NA,NA,NA,NA,NA,NA,NA,NA,NA,NA,NA,NA,NA,NA,NA,NA,NA,NA,NA,NA,NA,NA,NA,NA,NA,NA,NA,NA,NA,NA
NA,NA,NA,NA,NA,NA,NA,NA,NA,NA,NA,NA,NA,NA,NA,NA,350,2026-03-03,21:31:05,4,3,"Thomas, Ethan",1000458110,Right,TCU_HFG,"Thompson, JT",1000270096,Left,ABI_WIL,Undefined,9,Top,2,1,1,Fastball,Four-Seam,BallCalled,Undefined,Undefined,Undefined,0,0,NA,92.05406,-0.045507,-2.133746,2292.170216,218.812121,01:15:00,6.09317,1.50541,6.96319,-18.61233,13.0893,9.71438,4.50071,0.37266,83.87862,-3.631026,-0.355896,0.40524,NA,NA,NA,NA,NA,NA,NA,NA,NA,NA,NA,-5.74492,7.28823,-1.37568,50,6.08359,4.61288,-133.84846,-0.57917,-10.39036,29.70847,-18.99244,TCU_HFG,ABI_WIL,TCU,D1,BIG12,20260303-TCU-2,943b01a0-177a-11f1-89da-3b5d2295cb78,93.01268,NA,NA,8.17544,NA,NA,NA,NA,NA,NA,5cabaece-df46-4300-b3c7-55df33123daa,2026-03-04,03:31:05,2026-03-04T03:31:05Z,2026-03-04T03:31:05Z,NA,v3,5045,471223,5b1f43e35ca0421ba59ea357c474eb40,"Dallimore, Brady",834396,Right,TCU_HFG,e9a7cc45-0224-4460-9e1a-49aa9793f969,53.53746,-134.63133,14.85424,6.09226,-0.07868,-9.49622,-1.50085,4.88669,-5.19518,NA,NA,NA,NA,NA,NA,NA,NA,NA,NA,NA,NA,NA,NA,NA,NA,NA,NA,NA,NA,NA,NA,NA,NA,NA,NA,NA,NA,NA,NA,NA,NA,NA,NA,NA,NA,NA,NA,NA,NA,NA,NA,NA,NA,NA,NA,NA,NA,NA,NA,High,High,High,NA,NA,NA,NA,NA,NA,NA,NA,NA,NA,NA,NA,NA,NA,NA,NA,NA,NA,NA,NA,NA,NA,NA,NA,NA,NA,NA,NA,NA,NA,NA,NA,NA,NA,NA,NA,NA,NA,NA,NA,NA,NA,NA,NA,NA,NA,NA,NA,NA,NA,NA,NA,NA,NA,NA,NA,NA
NA,NA,NA,NA,NA,NA,NA,NA,NA,NA,NA,NA,NA,NA,NA,NA,351,2026-03-03,21:31:25,4,4,"Thomas, Ethan",1000458110,Right,TCU_HFG,"Thompson, JT",1000270096,Left,ABI_WIL,Undefined,9,Top,2,2,1,Slider,Slider,StrikeSwinging,Undefined,Undefined,Undefined,0,0,NA,80.41145,0.238396,-1.760087,2261.919349,142.560297,10:45:00,5.90608,1.85659,6.13191,-37.76163,5.94847,-3.29764,2.97975,-0.04566,72.31104,-6.828111,-2.354537,0.475842,NA,NA,NA,NA,NA,NA,NA,NA,NA,NA,NA,1.08244,3.50914,-1.72049,50,5.90535,3.70892,-116.55777,-0.65552,1.45646,26.38544,-27.45235,TCU_HFG,ABI_WIL,TCU,D1,BIG12,20260303-TCU-2,9faa40a0-177a-11f1-89da-3b5d2295cb78,79.21217,NA,NA,8.10041,NA,NA,NA,NA,NA,NA,5cabaece-df46-4300-b3c7-55df33123daa,2026-03-04,03:31:25,2026-03-04T03:31:25Z,2026-03-04T03:31:25Z,NA,v3,5045,471223,5b1f43e35ca0421ba59ea357c474eb40,"Dallimore, Brady",834396,Right,TCU_HFG,1bc88dc1-6635-4b4b-9c71-35b7ff2bdfa9,54.36545,-117.54183,13.19272,5.91071,0.36834,-13.72617,-1.8578,3.6546,0.72823,NA,NA,NA,NA,NA,NA,NA,NA,NA,NA,NA,NA,NA,NA,NA,NA,NA,NA,NA,NA,NA,NA,NA,NA,NA,NA,NA,NA,NA,NA,NA,NA,NA,NA,NA,NA,NA,NA,NA,NA,NA,NA,NA,NA,NA,NA,NA,NA,NA,NA,High,High,High,NA,NA,NA,NA,NA,NA,NA,NA,NA,NA,NA,NA,NA,NA,NA,NA,NA,NA,NA,NA,NA,NA,NA,NA,NA,NA,NA,NA,NA,NA,NA,NA,NA,NA,NA,NA,NA,NA,NA,NA,NA,NA,NA,NA,NA,NA,NA,NA,NA,NA,NA,NA,NA,NA,NA,NA,NA
NA,NA,NA,NA,NA,NA,NA,NA,NA,NA,NA,NA,NA,NA,NA,NA,352,2026-03-03,21:31:46,4,5,"Thomas, Ethan",1000458110,Right,TCU_HFG,"Thompson, JT",1000270096,Left,ABI_WIL,Undefined,9,Top,2,2,2,Slider,Slider,BallCalled,Undefined,Undefined,Undefined,0,0,NA,81.48059,-0.999915,-2.213506,2312.511709,88.003436,09:00:00,5.83946,1.77894,6.37484,-40.62463,1.11717,-8.25871,1.53326,-0.94697,74.41756,-8.539577,-3.709811,0.465004,NA,NA,NA,NA,NA,NA,NA,NA,NA,NA,NA,3.62571,1.30476,-1.61545,50,5.74867,4.8694,-118.30102,-3.27998,5.0767,25.08908,-30.34713,TCU_HFG,ABI_WIL,TCU,D1,BIG12,20260303-TCU-2,ac407370-177a-11f1-89da-3b5d2295cb78,81.05828,NA,NA,7.06304,NA,NA,NA,NA,NA,NA,5cabaece-df46-4300-b3c7-55df33123daa,2026-03-04,03:31:46,2026-03-04T03:31:46Z,2026-03-04T03:31:46Z,NA,v3,5045,471223,5b1f43e35ca0421ba59ea357c474eb40,"Dallimore, Brady",834396,Right,TCU_HFG,5bd01b37-4f70-45a3-81e1-d84398e5c208,54.12738,-119.17314,12.54454,5.84435,-2.22509,-15.17356,-1.78165,4.69293,2.53835,NA,NA,NA,NA,NA,NA,NA,NA,NA,NA,NA,NA,NA,NA,NA,NA,NA,NA,NA,NA,NA,NA,NA,NA,NA,NA,NA,NA,NA,NA,NA,NA,NA,NA,NA,NA,NA,NA,NA,NA,NA,NA,NA,NA,NA,NA,NA,NA,NA,NA,High,High,High,NA,NA,NA,NA,NA,NA,NA,NA,NA,NA,NA,NA,NA,NA,NA,NA,NA,NA,NA,NA,NA,NA,NA,NA,NA,NA,NA,NA,NA,NA,NA,NA,NA,NA,NA,NA,NA,NA,NA,NA,NA,NA,NA,NA,NA,NA,NA,NA,NA,NA,NA,NA,NA,NA,NA,NA,NA
NA,NA,NA,NA,NA,NA,NA,NA,NA,NA,NA,NA,NA,NA,NA,NA,353,2026-03-03,21:32:09,4,6,"Thomas, Ethan",1000458110,Right,TCU_HFG,"Thompson, JT",1000270096,Left,ABI_WIL,Undefined,9,Top,2,3,2,Fastball,Four-Seam,FoulBallNotFieldable,Undefined,Undefined,Undefined,0,0,NA,94.4695,-2.071687,-2.894902,2418.638768,216.405503,01:15:00,6.08391,1.37471,7.00941,-15.61091,14.40867,9.92839,2.89653,-0.43174,86.43899,-5.086903,-1.077464,0.394343,81.45465,40.574407,-71.584466,3806.533434,NA,NA,NA,NA,64.62371,NA,NA,-6.11748,8.56898,-1.20044,50,5.95149,6.56808,-137.27396,-5.35662,-11.6709,30.44551,-15.82617,TCU_HFG,ABI_WIL,TCU,D1,BIG12,20260303-TCU-2,ba3b3f50-177a-11f1-89da-3b5d2295cb78,95.58291,50.61081,NA,8.03052,NA,NA,NA,0.8611,2.60133,0.59209,5cabaece-df46-4300-b3c7-55df33123daa,2026-03-04,03:32:09,2026-03-04T03:32:09Z,2026-03-04T03:32:09Z,NA,v3,5045,471223,5b1f43e35ca0421ba59ea357c474eb40,"Dallimore, Brady",834396,Right,TCU_HFG,56165125-9bbc-46b0-a8f5-8fa8cea618c2,53.4934,-138.04658,15.22276,6.08233,-4.955,-7.91309,-1.37087,6.86426,-5.83545,NA,0.8611,28.66606,-13.00664,0.39197,0.09583,-0.10228,0.02974,-0.00653,0.00123,2.60133,77.70527,-25.36121,3.68083,-0.76854,0.16683,-0.0285,0.00568,-7e-4,0.59209,-86.09542,12.21044,-3.3597,0.84293,-0.19872,0.03846,-0.00843,0.00116,NA,NA,NA,NA,NA,NA,NA,NA,NA,NA,NA,NA,NA,NA,NA,NA,NA,NA,NA,NA,NA,NA,High,High,High,Medium,Undefined,NA,NA,NA,NA,NA,NA,NA,NA,NA,NA,NA,NA,NA,NA,NA,NA,NA,NA,NA,NA,NA,NA,NA,NA,NA,NA,NA,NA,NA,NA,NA,NA,NA,NA,NA,NA,NA,NA,NA,NA,NA,NA,NA,NA,NA,NA,NA,NA,NA,NA,NA,NA,NA,NA,NA
NA,NA,NA,NA,NA,NA,NA,NA,NA,NA,NA,NA,NA,NA,NA,NA,354,2026-03-03,21:32:33,4,7,"Thomas, Ethan",1000458110,Right,TCU_HFG,"Thompson, JT",1000270096,Left,ABI_WIL,Undefined,9,Top,2,3,2,Fastball,Four-Seam,FoulBallNotFieldable,Undefined,Undefined,Undefined,0,0,NA,95.20951,-0.990586,-2.755075,2435.790692,215.177398,01:15:00,6.05659,1.34786,6.73996,-13.30914,16.31284,10.88985,4.04122,-0.26402,87.57171,-3.565018,-0.772055,0.391722,82.85415,27.032284,-47.966377,3345.019249,64.23663,46.59525,-89.29493,277.06556,139.76265,-65.334423,3.835419,-6.48579,9.16343,-1.1703,50,5.98576,6.23762,-138.47079,-2.73061,-12.68721,28.74831,-14.24894,TCU_HFG,ABI_WIL,TCU,D1,BIG12,20260303-TCU-2,c8308cf0-177a-11f1-89da-3b5d2295cb78,96.22233,51.46227,NA,7.63779,NA,NA,NA,0.32703,4.11607,0.13174,5cabaece-df46-4300-b3c7-55df33123daa,2026-03-04,03:32:33,2026-03-04T03:32:33Z,2026-03-04T03:32:33Z,LineDrive,v3,5045,471223,5b1f43e35ca0421ba59ea357c474eb40,"Dallimore, Brady",834396,Right,TCU_HFG,58fe4b18-e43d-4952-85cf-ff0b454e8032,53.76389,-139.25003,14.37415,6.05454,-2.34438,-7.12447,-1.34403,6.58152,-6.34361,NA,0.32739,72.46632,-20.45491,4.52519,-0.99357,0.22242,-0.04514,0.00595,-3.3e-4,4.11572,55.23888,-18.00249,1.43554,-0.25303,0.02565,0.00235,-5.2e-4,0,0.13208,-80.40646,6.1646,-0.99504,0.14778,-0.00534,-0.00557,0.00147,-1.2e-4,NA,NA,NA,NA,NA,NA,NA,NA,NA,NA,NA,NA,NA,NA,NA,NA,NA,NA,NA,NA,NA,NA,High,High,High,High,Low,NA,NA,NA,NA,NA,NA,NA,NA,NA,NA,NA,NA,NA,NA,NA,NA,NA,NA,NA,NA,NA,NA,NA,NA,NA,NA,NA,NA,NA,NA,NA,NA,NA,NA,NA,NA,NA,NA,NA,NA,NA,NA,NA,NA,NA,NA,NA,NA,NA,NA,NA,NA,NA,NA,NA
NA,NA,NA,NA,NA,NA,NA,NA,NA,NA,NA,NA,NA,NA,NA,NA,355,2026-03-03,21:32:56,4,8,"Thomas, Ethan",1000458110,Right,TCU_HFG,"Thompson, JT",1000270096,Left,ABI_WIL,Undefined,9,Top,2,3,2,Slider,Slider,FoulBallNotFieldable,Undefined,Undefined,Undefined,0,0,NA,80.49851,1.035609,-1.36792,2203.830822,111.403125,09:45:00,5.89151,1.69633,6.0611,-38.96695,3.99827,-6.70339,3.60319,-0.12866,73.56784,-6.198438,-2.574462,0.47177,70.66161,44.557356,-171.854031,4400.331719,NA,NA,NA,NA,47.58318,NA,NA,3.07213,2.14606,-1.58647,50,5.95105,3.03919,-116.93092,0.91835,4.23407,22.98498,-29.21632,TCU_HFG,ABI_WIL,TCU,D1,BIG12,20260303-TCU-2,d66c5970-177a-11f1-89da-3b5d2295cb78,79.89586,39.86787,NA,6.93068,NA,NA,NA,1.96665,3.43156,0.16455,5cabaece-df46-4300-b3c7-55df33123daa,2026-03-04,03:32:56,2026-03-04T03:32:56Z,2026-03-04T03:32:56Z,NA,v3,5045,471223,5b1f43e35ca0421ba59ea357c474eb40,"Dallimore, Brady",834396,Right,TCU_HFG,59b83d00-81eb-4074-be0f-87b5e934fb11,54.44158,-117.80076,11.49249,5.89537,2.02401,-14.60816,-1.69845,2.87896,2.11703,3.245484,1.96665,-73.1012,1.1635,1.85024,-0.68171,0.20766,-0.05262,0.01136,-0.00138,3.43156,72.714,-31.44024,4.78935,-0.95251,0.17708,-0.03042,0.00616,-9.6e-4,0.16455,-10.46369,0.57155,1.04801,-0.32643,0.09004,-0.01968,0.00398,-5.6e-4,NA,NA,NA,NA,NA,NA,NA,NA,NA,NA,NA,NA,NA,NA,NA,NA,NA,NA,NA,NA,NA,NA,High,High,High,High,Undefined,NA,NA,NA,NA,NA,NA,NA,NA,NA,NA,NA,NA,NA,NA,NA,NA,NA,NA,NA,NA,NA,NA,NA,NA,NA,NA,NA,NA,NA,NA,NA,NA,NA,NA,NA,NA,NA,NA,NA,NA,NA,NA,NA,NA,NA,NA,NA,NA,NA,NA,NA,NA,NA,NA,NA
NA,NA,NA,NA,NA,NA,NA,NA,NA,NA,NA,NA,NA,NA,NA,NA,356,2026-03-03,21:33:21,4,9,"Thomas, Ethan",1000458110,Right,TCU_HFG,"Thompson, JT",1000270096,Left,ABI_WIL,Undefined,9,Top,2,3,2,Fastball,Four-Seam,FoulBallNotFieldable,Undefined,Undefined,Undefined,0,0,NA,94.86375,-2.058005,-2.648378,2430.202637,194.105509,12:30:00,6.03593,1.40386,7.03033,-10.39001,19.68336,4.68193,3.29724,-0.6142,85.77752,-4.142503,-1.791308,0.394696,68.19393,59.301272,-140.079176,3900.531209,NA,NA,NA,NA,23.09145,NA,NA,-3.3354,11.47946,-1.24415,50,5.90662,6.19182,-137.73677,-5.12984,-6.32842,34.11469,-10.39338,TCU_HFG,ABI_WIL,TCU,D1,BIG12,20260303-TCU-2,e4dec650-177a-11f1-89da-3b5d2295cb78,95.49749,36.42759,NA,9.08622,NA,NA,NA,0.88076,3.24372,0.69116,5cabaece-df46-4300-b3c7-55df33123daa,2026-03-04,03:33:21,2026-03-04T03:33:21Z,2026-03-04T03:33:21Z,NA,v3,5045,471223,5b1f43e35ca0421ba59ea357c474eb40,"Dallimore, Brady",834396,Right,TCU_HFG,59a03030-5ac2-4303-a8fa-cc68ac711a48,53.47083,-138.59376,17.05735,6.0322,-4.86875,-5.19669,-1.40169,6.35079,-3.16421,21.665601,0.90348,-39.8165,-3.78645,NA,NA,NA,NA,NA,NA,3.27837,85.02129,-32.90018,NA,NA,NA,NA,NA,NA,0.67943,-32.43633,7.28857,NA,NA,NA,NA,NA,NA,NA,NA,NA,NA,NA,NA,NA,NA,NA,NA,NA,NA,NA,NA,NA,NA,NA,NA,NA,NA,NA,NA,High,High,High,High,Undefined,NA,NA,NA,NA,NA,NA,NA,NA,NA,NA,NA,NA,NA,NA,NA,NA,NA,NA,NA,NA,NA,NA,NA,NA,NA,NA,NA,NA,NA,NA,NA,NA,NA,NA,NA,NA,NA,NA,NA,NA,NA,NA,NA,NA,NA,NA,NA,NA,NA,NA,NA,NA,NA,NA,NA
NA,NA,NA,NA,NA,NA,NA,NA,NA,NA,NA,NA,NA,NA,NA,NA,357,2026-03-03,21:33:43,4,10,"Thomas, Ethan",1000458110,Right,TCU_HFG,"Thompson, JT",1000270096,Left,ABI_WIL,Undefined,9,Top,2,3,2,Fastball,Four-Seam,FoulBallNotFieldable,Undefined,Undefined,Undefined,0,0,NA,94.39423,-2.54337,-2.640977,2380.929484,203.822013,12:45:00,6.06846,1.44382,6.96135,-9.22548,21.16446,8.88205,2.98154,-0.22067,85.54992,-4.410357,-1.016874,0.396768,NA,NA,NA,NA,NA,NA,NA,NA,NA,NA,NA,-5.54359,12.37229,-1.28266,50,5.90675,5.97949,-137.03447,-6.22836,-10.44254,32.92735,-8.86811,TCU_HFG,ABI_WIL,TCU,D1,BIG12,20260303-TCU-2,f25769e0-177a-11f1-89da-3b5d2295cb78,94.99878,NA,NA,8.84431,NA,NA,NA,NA,NA,NA,5cabaece-df46-4300-b3c7-55df33123daa,2026-03-04,03:33:43,2026-03-04T03:33:43Z,2026-03-04T03:33:43Z,NA,v3,5045,471223,5b1f43e35ca0421ba59ea357c474eb40,"Dallimore, Brady",834396,Right,TCU_HFG,b030e455-b178-4347-af27-afe3cdec8d90,53.54039,-137.88255,16.46367,6.06423,-5.99995,-4.43406,-1.44014,6.24845,-5.22127,NA,NA,NA,NA,NA,NA,NA,NA,NA,NA,NA,NA,NA,NA,NA,NA,NA,NA,NA,NA,NA,NA,NA,NA,NA,NA,NA,NA,NA,NA,NA,NA,NA,NA,NA,NA,NA,NA,NA,NA,NA,NA,NA,NA,NA,NA,NA,NA,NA,NA,High,High,High,NA,NA,NA,NA,NA,NA,NA,NA,NA,NA,NA,NA,NA,NA,NA,NA,NA,NA,NA,NA,NA,NA,NA,NA,NA,NA,NA,NA,NA,NA,NA,NA,NA,NA,NA,NA,NA,NA,NA,NA,NA,NA,NA,NA,NA,NA,NA,NA,NA,NA,NA,NA,NA,NA,NA,NA,NA
NA,NA,NA,NA,NA,NA,NA,NA,NA,NA,NA,NA,NA,NA,NA,NA,358,2026-03-03,21:34:09,4,11,"Thomas, Ethan",1000458110,Right,TCU_HFG,"Thompson, JT",1000270096,Left,ABI_WIL,Undefined,9,Top,2,3,2,Slider,Curveball,InPlay,Undefined,FlyBall,Out,1,0,NA,80.60776,0.446447,-1.603453,2171.929952,73.558857,08:30:00,5.83117,1.67747,6.05064,-46.70278,-3.1311,-15.97332,2.35275,-1.13845,72.88608,-8.187293,-4.479765,0.475088,93.93077,35.408021,35.040681,3256.13256,85.87413,75.13069,68.74306,321.76154,158.29779,45.394674,5.517423,7.72241,-1.36122,-1.54397,50,5.84097,3.86883,-116.94957,-0.56482,10.45167,26.73719,-34.01638,TCU_HFG,ABI_WIL,TCU,D1,BIG12,20260303-TCU-2,01738440-177b-11f1-89da-3b5d2295cb78,79.33788,101.76146,NA,7.72169,NA,NA,NA,2.41358,2.62656,1.0763,5cabaece-df46-4300-b3c7-55df33123daa,2026-03-04,03:34:09,2026-03-04T03:34:09Z,2026-03-04T03:34:09Z,FlyBall,v3,5045,471223,5b1f43e35ca0421ba59ea357c474eb40,"Dallimore, Brady",834396,Right,TCU_HFG,53ceada9-3f9b-4fee-a481-d370f5304dd7,54.45212,-117.96303,13.3686,5.83794,0.72455,-17.00819,-1.68311,3.47266,5.22584,NA,2.41898,91.83099,-25.65723,6.55616,-1.1439,0.10215,0.00221,-0.00117,6e-5,2.62381,79.85882,-17.05755,0.00558,0.34959,-0.14045,0.03367,-0.00425,2.1e-4,1.07783,64.4412,-8.95452,1.48478,-0.11103,-0.02078,0.00688,-7.2e-4,3e-5,NA,NA,NA,NA,NA,NA,NA,NA,NA,NA,NA,NA,NA,NA,NA,NA,NA,NA,NA,NA,NA,NA,High,High,High,High,Low,NA,NA,NA,NA,NA,NA,NA,NA,NA,NA,NA,NA,NA,NA,NA,NA,NA,NA,NA,NA,NA,NA,NA,NA,NA,NA,NA,NA,NA,NA,NA,NA,NA,NA,NA,NA,NA,NA,NA,NA,NA,NA,NA,NA,NA,NA,NA,NA,NA,NA,NA,NA,NA,NA,NA
NA,NA,NA,NA,NA,NA,NA,NA,NA,NA,NA,NA,NA,NA,NA,NA,359,2026-03-03,21:36:37,1,1,"Whiteaker, Evan",804867,Right,ABI_WIL,"Gargett, Kyuss",812291,Right,TCU_HFG,Undefined,9,Bottom,0,0,0,Curveball,Curveball,BallCalled,Undefined,Undefined,Undefined,0,0,NA,70.35317,1.061136,-1.027055,2101.544241,30.865653,07:00:00,6.54373,0.57519,4.86221,-71.13634,-12.25453,-8.43796,1.62036,-1.1002,65.05837,-11.662719,-2.518494,0.552283,NA,NA,NA,NA,NA,NA,NA,NA,NA,NA,NA,3.88508,-5.89426,-0.4663,50,6.58702,2.14212,-102.10018,-0.47351,4.07745,17.71293,-38.36013,TCU_HFG,ABI_WIL,TCU,D1,BIG12,20260303-TCU-2,59d5dc00-177b-11f1-89da-3b5d2295cb78,68.24838,NA,NA,5.2948,NA,NA,NA,NA,NA,NA,5cabaece-df46-4300-b3c7-55df33123daa,2026-03-04,03:36:37,2026-03-04T03:36:37Z,2026-03-04T03:36:37Z,NA,v3,5045,471223,5b1f43e35ca0421ba59ea357c474eb40,"Gray, Brady",830795,Right,ABI_WIL,96984817-3966-4b28-a1f3-c1367a31111a,55.64476,-103.07482,8.85647,6.555,1.6372,-19.18007,-0.578,1.91777,2.03873,NA,NA,NA,NA,NA,NA,NA,NA,NA,NA,NA,NA,NA,NA,NA,NA,NA,NA,NA,NA,NA,NA,NA,NA,NA,NA,NA,NA,NA,NA,NA,NA,NA,NA,NA,NA,NA,NA,NA,NA,NA,NA,NA,NA,NA,NA,NA,NA,NA,NA,High,High,High,NA,NA,NA,NA,NA,NA,NA,NA,NA,NA,NA,NA,NA,NA,NA,NA,NA,NA,NA,NA,NA,NA,NA,NA,NA,NA,NA,NA,NA,NA,NA,NA,NA,NA,NA,NA,NA,NA,NA,NA,NA,NA,NA,NA,NA,NA,NA,NA,NA,NA,NA,NA,NA,NA,NA,NA,NA
NA,NA,NA,NA,NA,NA,NA,NA,NA,NA,NA,NA,NA,NA,NA,NA,360,2026-03-03,21:36:56,1,2,"Whiteaker, Evan",804867,Right,ABI_WIL,"Gargett, Kyuss",812291,Right,TCU_HFG,Undefined,9,Bottom,0,1,0,Fastball,Four-Seam,StrikeCalled,Undefined,Undefined,Undefined,0,0,NA,88.8483,-2.593287,-1.987139,2140.587578,182.140129,12:00:00,6.4396,0.68914,6.23408,-18.00143,16.76147,0.58764,2.54392,-1.0959,81.89381,-5.996995,-1.881066,0.424355,NA,NA,NA,NA,NA,NA,NA,NA,NA,NA,NA,-0.81579,9.68567,-0.54106,50,6.23664,4.4531,-129.02598,-6.35532,-1.38506,25.04397,-15.72938,TCU_HFG,ABI_WIL,TCU,D1,BIG12,20260303-TCU-2,65052bd0-177b-11f1-89da-3b5d2295cb78,88.82289,NA,NA,6.95449,NA,NA,NA,NA,NA,NA,5cabaece-df46-4300-b3c7-55df33123daa,2026-03-04,03:36:56,2026-03-04T03:36:56Z,2026-03-04T03:36:56Z,NA,v3,5045,471223,5b1f43e35ca0421ba59ea357c474eb40,"Gray, Brady",830795,Right,ABI_WIL,77ee84f3-d4e6-4c82-8dc9-67f1d7b7c670,54.26756,-129.85167,12.52199,6.43762,-5.83672,-7.86469,-0.68863,4.49877,-0.69253,NA,NA,NA,NA,NA,NA,NA,NA,NA,NA,NA,NA,NA,NA,NA,NA,NA,NA,NA,NA,NA,NA,NA,NA,NA,NA,NA,NA,NA,NA,NA,NA,NA,NA,NA,NA,NA,NA,NA,NA,NA,NA,NA,NA,NA,NA,NA,NA,NA,NA,High,High,High,NA,NA,NA,NA,NA,NA,NA,NA,NA,NA,NA,NA,NA,NA,NA,NA,NA,NA,NA,NA,NA,NA,NA,NA,NA,NA,NA,NA,NA,NA,NA,NA,NA,NA,NA,NA,NA,NA,NA,NA,NA,NA,NA,NA,NA,NA,NA,NA,NA,NA,NA,NA,NA,NA,NA,NA,NA
NA,NA,NA,NA,NA,NA,NA,NA,NA,NA,NA,NA,NA,NA,NA,NA,361,2026-03-03,21:37:17,1,3,"Whiteaker, Evan",804867,Right,ABI_WIL,"Gargett, Kyuss",812291,Right,TCU_HFG,Undefined,9,Bottom,0,1,1,Curveball,Curveball,FoulBallNotFieldable,Undefined,Undefined,Undefined,0,0,NA,72.28318,2.104947,-0.294561,2094.843167,32.392477,07:00:00,6.53242,0.56626,4.89347,-63.47405,-8.33044,-6.2904,3.23506,-0.23658,67.04308,-9.289226,-1.404743,0.534465,67.6542,71.927239,-142.225612,6004.849185,NA,NA,NA,NA,10.70728,NA,NA,3.05079,-4.26784,-0.53173,50,6.68446,0.77644,-104.97011,1.70779,3.42591,16.69603,-36.96664,TCU_HFG,ABI_WIL,TCU,D1,BIG12,20260303-TCU-2,71e008c0-177b-11f1-89da-3b5d2295cb78,70.52373,32.27741,NA,5.2401,NA,NA,NA,1.15311,3.41515,-0.02426,5cabaece-df46-4300-b3c7-55df33123daa,2026-03-04,03:37:17,2026-03-04T03:37:17Z,2026-03-04T03:37:17Z,NA,v3,5045,471223,5b1f43e35ca0421ba59ea357c474eb40,"Gray, Brady",830795,Right,ABI_WIL,5f071e59-2dee-4d08-99da-c649f4997bfc,55.61329,-105.85917,8.34802,6.54111,3.67624,-18.48332,-0.56822,0.59402,1.71295,NA,1.16486,-24.78321,-7.24433,NA,NA,NA,NA,NA,NA,3.43004,93.76545,-34.31406,NA,NA,NA,NA,NA,NA,-0.02347,-18.88721,1.24414,NA,NA,NA,NA,NA,NA,NA,NA,NA,NA,NA,NA,NA,NA,NA,NA,NA,NA,NA,NA,NA,NA,NA,NA,NA,NA,NA,NA,High,High,High,Medium,Undefined,NA,NA,NA,NA,NA,NA,NA,NA,NA,NA,NA,NA,NA,NA,NA,NA,NA,NA,NA,NA,NA,NA,NA,NA,NA,NA,NA,NA,NA,NA,NA,NA,NA,NA,NA,NA,NA,NA,NA,NA,NA,NA,NA,NA,NA,NA,NA,NA,NA,NA,NA,NA,NA,NA,NA
NA,NA,NA,NA,NA,NA,NA,NA,NA,NA,NA,NA,NA,NA,NA,NA,362,2026-03-03,21:37:42,1,4,"Whiteaker, Evan",804867,Right,ABI_WIL,"Gargett, Kyuss",812291,Right,TCU_HFG,Undefined,9,Bottom,0,1,2,Curveball,Curveball,StrikeSwinging,Strikeout,Undefined,Undefined,0,0,NA,75.68423,-0.205172,0.18397,2213.881031,47.639312,07:30:00,6.51689,0.5035,5.28531,-58.88102,-9.21016,-11.69957,1.41745,-0.29869,70.34579,-10.806993,-1.900989,0.50725,NA,NA,NA,NA,NA,NA,NA,NA,NA,NA,NA,5.96087,-4.2078,-0.51124,50,6.45431,0.08529,-110.01508,-2.38087,7.32068,19.13921,-37.34172,TCU_HFG,ABI_WIL,TCU,D1,BIG12,20260303-TCU-2,80e3e030-177b-11f1-89da-3b5d2295cb78,74.30739,NA,NA,5.33844,NA,NA,NA,NA,NA,NA,5cabaece-df46-4300-b3c7-55df33123daa,2026-03-04,03:37:42,2026-03-04T03:37:42Z,2026-03-04T03:37:42Z,NA,v3,5045,471223,5b1f43e35ca0421ba59ea357c474eb40,"Gray, Brady",830795,Right,ABI_WIL,06a22c67-dc56-4436-a9e3-dd40b3d3cdb8,55.22164,-110.91976,9.56961,6.52514,-0.61578,-18.67086,-0.50709,-0.26075,3.66034,NA,NA,NA,NA,NA,NA,NA,NA,NA,NA,NA,NA,NA,NA,NA,NA,NA,NA,NA,NA,NA,NA,NA,NA,NA,NA,NA,NA,NA,NA,NA,NA,NA,NA,NA,NA,NA,NA,NA,NA,NA,NA,NA,NA,NA,NA,NA,NA,NA,NA,High,High,High,NA,NA,NA,NA,NA,NA,NA,NA,NA,NA,NA,NA,NA,NA,NA,NA,NA,NA,NA,NA,NA,NA,NA,NA,NA,NA,NA,NA,NA,NA,NA,NA,NA,NA,NA,NA,NA,NA,NA,NA,NA,NA,NA,NA,NA,NA,NA,NA,NA,NA,NA,NA,NA,NA,NA,NA,NA
NA,NA,NA,NA,NA,NA,NA,NA,NA,NA,NA,NA,NA,NA,NA,NA,363,2026-03-03,21:38:15,2,1,"Whiteaker, Evan",804867,Right,ABI_WIL,"Dallimore, Brady",834396,Right,TCU_HFG,Undefined,9,Bottom,1,0,0,Fastball,Four-Seam,InPlay,Undefined,FlyBall,HomeRun,0,1,NA,89.65332,-1.377341,-1.193861,2159.762368,193.876292,12:30:00,6.44175,0.62089,5.77953,-15.95611,19.13745,4.43697,3.82993,-0.12041,81.4605,-4.428931,-0.399393,0.426368,105.57721,24.008777,12.553025,3287.727495,105.80723,47.20815,30.07819,358.84756,340.62004,26.514713,4.594036,-2.62571,10.52831,-0.52507,50,6.31861,2.52194,-130.10929,-3.59243,-4.47325,28.86697,-14.23768,TCU_HFG,ABI_WIL,TCU,D1,BIG12,20260303-TCU-2,93f306b0-177b-11f1-89da-3b5d2295cb78,88.40346,66.93313,NA,8.19282,NA,NA,NA,0.21486,3.74067,0.09312,5cabaece-df46-4300-b3c7-55df33123daa,2026-03-04,03:38:15,2026-03-04T03:38:15Z,2026-03-04T03:38:15Z,FlyBall,v3,5045,471223,5b1f43e35ca0421ba59ea357c474eb40,"Gray, Brady",830795,Right,ABI_WIL,0acef05b-980c-46f6-a8b2-d7fc70ec474d,54.72192,-131.15274,14.43348,6.43917,-3.07778,-7.11884,-0.61915,2.68363,-2.23663,220.181049,0.21416,138.07733,-29.85346,6.64779,-1.3901,0.23999,-0.03109,0.00256,-9e-5,3.74252,62.96755,-18.41603,2.13913,-0.67904,0.20289,-0.04116,0.00499,-2.7e-4,0.09458,30.71701,2.85555,-0.64367,-0.09948,0.10498,-0.02912,0.00377,-1.9e-4,NA,NA,NA,NA,NA,NA,NA,NA,NA,NA,NA,NA,NA,NA,NA,NA,NA,NA,NA,NA,NA,NA,High,High,High,High,Medium,NA,NA,NA,NA,NA,NA,NA,NA,NA,NA,NA,NA,NA,NA,NA,NA,NA,NA,NA,NA,NA,NA,NA,NA,NA,NA,NA,NA,NA,NA,NA,NA,NA,NA,NA,NA,NA,NA,NA,NA,NA,NA,NA,NA,NA,NA,NA,NA,NA,NA,NA,NA,NA,NA,NA
