player_name,display_name,active,notes,id,pitcher,date,rel_speed,horz_break,induced_vert_break,original_pitch_type,new_pitch_type,new_pitcher,modified_at,pitch_key,created_at,PitchNo,Date,Time,PAofInning,PitchofPA,Pitcher,PitcherId,PitcherThrows,PitcherTeam,Batter,BatterId,BatterSide,BatterTeam,PitcherSet,Inning,Top/Bottom,Outs,Balls,Strikes,TaggedPitchType,AutoPitchType,PitchCall,KorBB,TaggedHitType,PlayResult,OutsOnPlay,RunsScored,Notes,RelSpeed,VertRelAngle,HorzRelAngle,SpinRate,SpinAxis,Tilt,RelHeight,RelSide,Extension,VertBreak,InducedVertBreak,HorzBreak,PlateLocHeight,PlateLocSide,ZoneSpeed,VertApprAngle,HorzApprAngle,ZoneTime,ExitSpeed,Angle,Direction,HitSpinRate,PositionAt110X,PositionAt110Y,PositionAt110Z,Distance,LastTrackedDistance,Bearing,HangTime,pfxx,pfxz,x0,y0,z0,vx0,vy0,vz0,ax0,ay0,az0,HomeTeam,AwayTeam,Stadium,Level,League,GameID,PitchUID,EffectiveVelo,MaxHeight,MeasuredDuration,SpeedDrop,PitchLastMeasuredX,PitchLastMeasuredY,PitchLastMeasuredZ,ContactPositionX,ContactPositionY,ContactPositionZ,GameUID,UTCDate,UTCTime,LocalDateTime,UTCDateTime,AutoHitType,System,HomeTeamForeignID,AwayTeamForeignID,GameForeignID,Catcher,CatcherId,CatcherThrows,CatcherTeam,PlayID,PitchTrajectoryXc0,PitchTrajectoryXc1,PitchTrajectoryXc2,PitchTrajectoryYc0,PitchTrajectoryYc1,PitchTrajectoryYc2,PitchTrajectoryZc0,PitchTrajectoryZc1,PitchTrajectoryZc2,HitSpinAxis,HitTrajectoryXc0,HitTrajectoryXc1,HitTrajectoryXc2,HitTrajectoryXc3,HitTrajectoryXc4,HitTrajectoryXc5,HitTrajectoryXc6,HitTrajectoryXc7,HitTrajectoryXc8,HitTrajectoryYc0,HitTrajectoryYc1,HitTrajectoryYc2,HitTrajectoryYc3,HitTrajectoryYc4,HitTrajectoryYc5,HitTrajectoryYc6,HitTrajectoryYc7,HitTrajectoryYc8,HitTrajectoryZc0,HitTrajectoryZc1,HitTrajectoryZc2,HitTrajectoryZc3,HitTrajectoryZc4,HitTrajectoryZc5,HitTrajectoryZc6,HitTrajectoryZc7,HitTrajectoryZc8,ThrowSpeed,PopTime,ExchangeTime,TimeToBase,CatchPositionX,CatchPositionY,CatchPositionZ,ThrowPositionX,ThrowPositionY,ThrowPositionZ,BasePositionX,BasePositionY,BasePositionZ,ThrowTrajectoryXc0,ThrowTrajectoryXc1,ThrowTrajectoryXc2,ThrowTrajectoryYc0,ThrowTrajectoryYc1,ThrowTrajectoryYc2,ThrowTrajectoryZc0,ThrowTrajectoryZc1,ThrowTrajectoryZc2,PitchReleaseConfidence,PitchLocationConfidence,PitchMovementConfidence,HitLaunchConfidence,HitLandingConfidence,CatcherThrowCatchConfidence,CatcherThrowReleaseConfidence,CatcherThrowLocationConfidence,SpinAxis3dTransverseAngle,SpinAxis3dLongitudinalAngle,SpinAxis3dActiveSpinRate,SpinAxis3dSpinEfficiency,SpinAxis3dTilt,SpinAxis3dVectorX,SpinAxis3dVectorY,SpinAxis3dVectorZ,SpinAxis3dSeamOrientationRotationX,SpinAxis3dSeamOrientationRotationY,SpinAxis3dSeamOrientationRotationZ,SpinAxis3dSeamOrientationBallYAmb1,SpinAxis3dSeamOrientationBallAngleHorizontalAmb1,SpinAxis3dSeamOrientationBallZAmb1,SpinAxis3dSeamOrientationBallAngleVerticalAmb2,SpinAxis3dSeamOrientationBallZAmb2,SpinAxis3dSeamOrientationBallXAmb4,SpinAxis3dSeamOrientationBallYAmb4,SpinAxis3dSeamOrientationBallAngleHorizontalAmb2,SpinAxis3dSeamOrientationBallAngleVerticalAmb1,SpinAxis3dSeamOrientationBallXAmb1,SpinAxis3dSeamOrientationBallYAmb2,SpinAxis3dSeamOrientationBallAngleHorizontalAmb4,SpinAxis3dSeamOrientationBallAngleVerticalAmb4,SpinAxis3dSeamOrientationBallXAmb2,SpinAxis3dSeamOrientationBallAngleVerticalAmb3,SpinAxis3dSeamOrientationBallAngleHorizontalAmb3,SpinAxis3dSeamOrientationBallXAmb3,SpinAxis3dSeamOrientationBallYAmb3,SpinAxis3dSeamOrientationBallZAmb3,SpinAxis3dSeamOrientationBallZAmb4,session_id,play_id,camera_slot,camera_name,camera_target,video_type,azure_blob,azure_md5,cloudinary_url,cloudinary_public_id,uploaded_at,PitchSession,Flag,CalibrationId,EffVelocity,PracticeType,Device,HitType,BatSpeed,VerticalAttackAngle,HorizontalAttackAngle
NA,NA,NA,NA,NA,NA,NA,NA,NA,NA,NA,NA,NA,NA,NA,NA,1,2025-10-10,14:34:16,1,1,"Rumberg, Logan",1000216384,Right,GEO_PAT,"Bagnerise , Julius",1000469309,Right,GEO_PAT,Undefined,1,Top,0,0,0,Fastball,Four-Seam,FoulBallNotFieldable,Undefined,Undefined,Undefined,0,0,NA,90.93447,-1.796233,-2.955481,2271.726861,191.908294,12:30:00,5.90304,2.25709,6.07963,-13.16639,21.08178,4.17319,3.1411,-0.13215,81.54713,-4.38322,-2.205616,0.421202,40.19097,9.971547,174.848746,1474.73477,NA,NA,NA,46.25963,45.32802,175.669302,0.800729,-3.11528,11.7832,-2.03045,50,5.7568,6.61395,-131.6464,-4.43554,-5.36351,32.88353,-11.88707,GEO_PAT,GEO_PAT,SpuhlerFieldMain,TeamExclusive,Team,20251010-SpuhlerFieldMain-Private-2,ba85fb10-a607-11f0-9d1c-cb0542a47c13,89.48788,4.53693,NA,9.38733,NA,NA,NA,NA,NA,NA,e373a8f3-b551-4f4e-929b-9412fc5d6156,2025-10-10,18:34:16,2025-10-10T18:34:16Z,2025-10-10T18:34:16Z,GroundBall,v3,471300,471300,NA,"Cowdrey, Vincent",1000469295,Right,GEO_PAT,b55d6efa-0b2a-4e4a-8c78-f01fdafab15b,54.41743,-132.74522,16.441770000000002,5.89838,-4.03832,-5.94353,-2.25445,6.79318,-2.68176,337.335337,-1.7449,-57.8217,3.42776,-0.72367,0.19528,0.10304,-0.17424,0.14743,-0.05194,3.09729,10.20715,-18.3961,1.19579,-0.24355,0.02578,0.01614,-0.01292,0.00413,0.09785,5.21258,-1.01943,-0.32522,0.16038,-0.11511,0.10749,-0.09151,0.02972,NA,NA,NA,NA,NA,NA,NA,NA,NA,NA,NA,NA,NA,NA,NA,NA,NA,NA,NA,NA,NA,NA,High,High,High,High,High,NA,NA,NA,NA,NA,NA,NA,NA,NA,NA,NA,NA,NA,NA,NA,NA,NA,NA,NA,NA,NA,NA,NA,NA,NA,NA,NA,NA,NA,NA,NA,NA,NA,NA,NA,NA,NA,NA,NA,NA,NA,NA,NA,NA,NA,NA,NA,NA,NA,NA,NA,NA,NA,NA,NA
NA,NA,NA,NA,NA,NA,NA,NA,NA,NA,NA,NA,NA,NA,NA,NA,2,2025-10-10,14:34:37,1,2,"Rumberg, Logan",1000216384,Right,GEO_PAT,"Bagnerise , Julius",1000469309,Right,GEO_PAT,Undefined,1,Top,0,0,1,Fastball,Four-Seam,BallCalled,Undefined,Undefined,Undefined,0,0,NA,92.00877,-2.866586,-3.943735,2352.563635,201.394712,12:45:00,5.96149,2.24993,6.19862,-12.39855,20.168,7.51559,2.2734,-0.77031,84.61754,-5.257452,-2.592364,0.410731,NA,NA,NA,NA,NA,NA,NA,NA,NA,NA,NA,-4.89225,11.47575,-1.95634,50,5.73853,8.88,-133.36385,-7.0022,-8.87902,26.60694,-11.3465,GEO_PAT,GEO_PAT,SpuhlerFieldMain,TeamExclusive,Team,20251010-SpuhlerFieldMain-Private-2,c6c50d30-a607-11f0-9d1c-cb0542a47c13,91.76923,NA,NA,7.39123,NA,NA,NA,NA,NA,NA,e373a8f3-b551-4f4e-929b-9412fc5d6156,2025-10-10,18:34:37,2025-10-10T18:34:37Z,2025-10-10T18:34:37Z,NA,v3,471300,471300,NA,"Cowdrey, Vincent",1000469295,Right,GEO_PAT,4502ba3d-4357-43f6-9699-5adb35678a70,54.30333,-134.21964,13.30347,5.95788,-6.63724,-5.67325,-2.24655,9.16559,-4.43951,NA,NA,NA,NA,NA,NA,NA,NA,NA,NA,NA,NA,NA,NA,NA,NA,NA,NA,NA,NA,NA,NA,NA,NA,NA,NA,NA,NA,NA,NA,NA,NA,NA,NA,NA,NA,NA,NA,NA,NA,NA,NA,NA,NA,NA,NA,NA,NA,NA,NA,High,High,High,NA,NA,NA,NA,NA,NA,NA,NA,NA,NA,NA,NA,NA,NA,NA,NA,NA,NA,NA,NA,NA,NA,NA,NA,NA,NA,NA,NA,NA,NA,NA,NA,NA,NA,NA,NA,NA,NA,NA,NA,NA,NA,NA,NA,NA,NA,NA,NA,NA,NA,NA,NA,NA,NA,NA,NA,NA
NA,NA,NA,NA,NA,NA,NA,NA,NA,NA,NA,NA,NA,NA,NA,NA,3,2025-10-10,14:34:53,1,3,"Rumberg, Logan",1000216384,Right,GEO_PAT,"Bagnerise , Julius",1000469309,Right,GEO_PAT,Undefined,1,Top,0,1,1,Fastball,Four-Seam,FoulBallNotFieldable,Undefined,Undefined,Undefined,0,0,NA,91.71145,-2.564818,-3.064204,2295.887436,194.581739,12:30:00,5.93835,2.16313,5.9503,-11.91619,21.25422,5.25713,2.56143,-0.24358,83.96172,-4.871536,-2.121992,0.414521,75.41926,16.2015,-167.84638,1102.968159,-108.46461,13.32602,-18.31405,164.85239,51.31773,-171.804364,1.800711,-3.53634,11.93572,-1.92205,50,5.72717,6.89546,-132.9909,-6.2701,-6.34931,27.85257,-10.74411,GEO_PAT,GEO_PAT,SpuhlerFieldMain,TeamExclusive,Team,20251010-SpuhlerFieldMain-Private-2,d0aa29c0-a607-11f0-9d1c-cb0542a47c13,90.93003,14.94888,NA,7.74973,NA,NA,NA,1.16679,2.50284,0.26731,e373a8f3-b551-4f4e-929b-9412fc5d6156,2025-10-10,18:34:53,2025-10-10T18:34:53Z,2025-10-10T18:34:53Z,LineDrive,v3,471300,471300,NA,"Cowdrey, Vincent",1000469295,Right,GEO_PAT,331b36f7-2634-471b-98f6-a701b8f4ca25,54.55184,-133.9408,13.92628,5.93476,-5.90367,-5.37206,-2.16092,7.112,-3.17466,64.36037,1.16681,-103.84344,7.30659,-0.53025,0.76589,-1.01373,0.8107,-0.32708,0.05097,2.50285,30.86196,-20.35222,1.59985,-0.01214,-0.30165,0.26492,-0.1019,0.0148,0.26731,-22.36431,6.00604,-0.80297,0.46757,-0.51305,0.40096,-0.16271,0.0256,NA,NA,NA,NA,NA,NA,NA,NA,NA,NA,NA,NA,NA,NA,NA,NA,NA,NA,NA,NA,NA,NA,High,High,High,High,Low,NA,NA,NA,NA,NA,NA,NA,NA,NA,NA,NA,NA,NA,NA,NA,NA,NA,NA,NA,NA,NA,NA,NA,NA,NA,NA,NA,NA,NA,NA,NA,NA,NA,NA,NA,NA,NA,NA,NA,NA,NA,NA,NA,NA,NA,NA,NA,NA,NA,NA,NA,NA,NA,NA,NA
NA,NA,NA,NA,NA,NA,NA,NA,NA,NA,NA,NA,NA,NA,NA,NA,4,2025-10-10,14:35:13,1,4,"Rumberg, Logan",1000216384,Right,GEO_PAT,"Bagnerise , Julius",1000469309,Right,GEO_PAT,Undefined,1,Top,0,1,2,Slider,Curveball,BallCalled,Undefined,Undefined,Undefined,0,0,NA,77.88989,3.236959,-0.182928,2448.378898,40.847965,07:15:00,5.77973,2.26719,4.92273,-63.58425,-15.50343,-14.74639,3.54471,0.86537,71.14187,-8.203608,-2.783897,0.499065,NA,NA,NA,NA,NA,NA,NA,NA,NA,NA,NA,7.18048,-8.0678,-2.23651,50,6.04232,0.98166,-112.89988,4.00114,9.20815,21.79106,-42.52012,GEO_PAT,GEO_PAT,SpuhlerFieldMain,TeamExclusive,Team,20251010-SpuhlerFieldMain-Private-2,dc8019d0-a607-11f0-9d1c-cb0542a47c13,75.5261,NA,NA,6.74802,NA,NA,NA,NA,NA,NA,e373a8f3-b551-4f4e-929b-9412fc5d6156,2025-10-10,18:35:13,2025-10-10T18:35:13Z,2025-10-10T18:35:13Z,NA,v3,471300,471300,NA,"Cowdrey, Vincent",1000469295,Right,GEO_PAT,1301575a-c8a7-4b25-a3a5-e6fedfe5b882,55.58373,-113.97251,10.89553,5.79386,6.09413,-21.26006,-2.27368,0.52841,4.60407,NA,NA,NA,NA,NA,NA,NA,NA,NA,NA,NA,NA,NA,NA,NA,NA,NA,NA,NA,NA,NA,NA,NA,NA,NA,NA,NA,NA,NA,NA,NA,NA,NA,NA,NA,NA,NA,NA,NA,NA,NA,NA,NA,NA,NA,NA,NA,NA,NA,NA,High,High,High,NA,NA,NA,NA,NA,NA,NA,NA,NA,NA,NA,NA,NA,NA,NA,NA,NA,NA,NA,NA,NA,NA,NA,NA,NA,NA,NA,NA,NA,NA,NA,NA,NA,NA,NA,NA,NA,NA,NA,NA,NA,NA,NA,NA,NA,NA,NA,NA,NA,NA,NA,NA,NA,NA,NA,NA,NA
NA,NA,NA,NA,NA,NA,NA,NA,NA,NA,NA,NA,NA,NA,NA,NA,5,2025-10-10,14:35:30,1,5,"Rumberg, Logan",1000216384,Right,GEO_PAT,"Bagnerise , Julius",1000469309,Right,GEO_PAT,Undefined,1,Top,0,2,2,Curveball,Curveball,BallCalled,Undefined,Undefined,Undefined,0,0,NA,76.35555,2.93004,-0.48173,2466.921636,31.560384,07:00:00,5.81568,2.25649,5.11042,-66.34897,-16.77753,-11.2682,3.04972,0.8636,70.00959,-9.030448,-2.477532,0.506742,NA,NA,NA,NA,NA,NA,NA,NA,NA,NA,NA,5.4552,-8.72024,-2.20188,50,6.03962,1.38119,-110.77006,3.29947,6.74298,20.73861,-42.95281,GEO_PAT,GEO_PAT,SpuhlerFieldMain,TeamExclusive,Team,20251010-SpuhlerFieldMain-Private-2,e6714450-a607-11f0-9d1c-cb0542a47c13,74.38187,NA,NA,6.34596,NA,NA,NA,NA,NA,NA,e373a8f3-b551-4f4e-929b-9412fc5d6156,2025-10-10,18:35:30,2025-10-10T18:35:30Z,2025-10-10T18:35:30Z,NA,v3,471300,471300,NA,"Cowdrey, Vincent",1000469295,Right,GEO_PAT,e0cd0356-ee88-4a02-9e0b-e5ad90427ed7,55.39692,-111.77591,10.3693,5.82907,5.38275,-21.4764,-2.26094,1.05414,3.37149,NA,NA,NA,NA,NA,NA,NA,NA,NA,NA,NA,NA,NA,NA,NA,NA,NA,NA,NA,NA,NA,NA,NA,NA,NA,NA,NA,NA,NA,NA,NA,NA,NA,NA,NA,NA,NA,NA,NA,NA,NA,NA,NA,NA,NA,NA,NA,NA,NA,NA,High,High,High,NA,NA,NA,NA,NA,NA,NA,NA,NA,NA,NA,NA,NA,NA,NA,NA,NA,NA,NA,NA,NA,NA,NA,NA,NA,NA,NA,NA,NA,NA,NA,NA,NA,NA,NA,NA,NA,NA,NA,NA,NA,NA,NA,NA,NA,NA,NA,NA,NA,NA,NA,NA,NA,NA,NA,NA,NA
NA,NA,NA,NA,NA,NA,NA,NA,NA,NA,NA,NA,NA,NA,NA,NA,6,2025-10-10,14:35:52,1,6,"Rumberg, Logan",1000216384,Right,GEO_PAT,"Bagnerise , Julius",1000469309,Right,GEO_PAT,Undefined,1,Top,0,3,2,Cutter,Slider,InPlay,Undefined,Popup,Out,1,0,NA,83.4938,-1.263993,-3.039396,2261.067788,181.399783,12:00:00,5.71133,2.34501,5.68511,-35.46742,5.58067,0.10055,1.57563,-0.48243,75.69698,-7.806541,-3.021437,0.461124,64.98774,67.496594,8.111348,NA,NA,NA,NA,93.83867,48.31579,-4.832885,4.879204,-1.03287,3.64406,-2.0889,50,5.58258,6.41656,-120.92151,-3.85601,-1.50589,26.94949,-26.8612,GEO_PAT,GEO_PAT,SpuhlerFieldMain,TeamExclusive,Team,20251010-SpuhlerFieldMain-Private-2,f3842130-a607-11f0-9d1c-cb0542a47c13,81.74032,97.86037,NA,7.79682,NA,NA,NA,2.62485,2.16491,0.37671,e373a8f3-b551-4f4e-929b-9412fc5d6156,2025-10-10,18:35:52,2025-10-10T18:35:52Z,2025-10-10T18:35:52Z,Popup,v3,471300,471300,NA,"Cowdrey, Vincent",1000469295,Right,GEO_PAT,7a48489b-6582-419a-9e68-8dac2ed97dbe,54.81573,-121.99006,13.47475,5.71436,-2.79096,-13.4306,-2.3445,6.47627,-0.75295,168.65191,2.62498,36.09442,-11.11088,3.20835,-0.3718,-0.11252,0.05847,-0.00997,6.1e-4,2.15074,88.35578,-25.35348,4.40115,-2.01847,0.75672,-0.17001,0.0196,-8.9e-4,0.37289,5.21762,-5.77693,2.45306,-0.75904,0.16799,-0.02062,7.5e-4,4e-5,NA,NA,NA,NA,NA,NA,NA,NA,NA,NA,NA,NA,NA,NA,NA,NA,NA,NA,NA,NA,NA,NA,High,High,High,High,Low,NA,NA,NA,NA,NA,NA,NA,NA,NA,NA,NA,NA,NA,NA,NA,NA,NA,NA,NA,NA,NA,NA,NA,NA,NA,NA,NA,NA,NA,NA,NA,NA,NA,NA,NA,NA,NA,NA,NA,NA,NA,NA,NA,NA,NA,NA,NA,NA,NA,NA,NA,NA,NA,NA,NA
NA,NA,NA,NA,NA,NA,NA,NA,NA,NA,NA,NA,NA,NA,NA,NA,7,2025-10-10,14:36:27,2,1,"Rumberg, Logan",1000216384,Right,GEO_PAT,"Butler, Jake",1000136500,Right,GEO_PAT,Undefined,1,Top,1,0,0,Cutter,Slider,BallCalled,Undefined,Undefined,Undefined,0,0,NA,82.62604,0.516022,-2.675775,2330.146671,180.827458,12:00:00,5.7338,2.28225,5.73174,-29.62403,11.28568,0.14591,3.74625,-0.19944,76.13108,-4.972428,-2.649723,0.460346,NA,NA,NA,NA,NA,NA,NA,NA,NA,NA,NA,-0.75453,5.98697,-2.05904,50,5.75863,5.60093,-119.96877,0.1335,-1.10884,21.3966,-23.37591,GEO_PAT,GEO_PAT,SpuhlerFieldMain,TeamExclusive,Team,20251010-SpuhlerFieldMain-Private-2,082fb9a0-a608-11f0-9d1c-cb0542a47c13,81.87848,NA,NA,6.49496,NA,NA,NA,NA,NA,NA,e373a8f3-b551-4f4e-929b-9412fc5d6156,2025-10-10,18:36:27,2025-10-10T18:36:27Z,2025-10-10T18:36:27Z,NA,v3,471300,471300,NA,"Cowdrey, Vincent",1000469295,Right,GEO_PAT,58a8d740-96fe-4be9-b697-51f6048d49ff,54.76952,-120.81643,10.6983,5.735,1.05957,-11.68796,-2.2818,5.64485,-0.55442,NA,NA,NA,NA,NA,NA,NA,NA,NA,NA,NA,NA,NA,NA,NA,NA,NA,NA,NA,NA,NA,NA,NA,NA,NA,NA,NA,NA,NA,NA,NA,NA,NA,NA,NA,NA,NA,NA,NA,NA,NA,NA,NA,NA,NA,NA,NA,NA,NA,NA,High,High,High,NA,NA,NA,NA,NA,NA,NA,NA,NA,NA,NA,NA,NA,NA,NA,NA,NA,NA,NA,NA,NA,NA,NA,NA,NA,NA,NA,NA,NA,NA,NA,NA,NA,NA,NA,NA,NA,NA,NA,NA,NA,NA,NA,NA,NA,NA,NA,NA,NA,NA,NA,NA,NA,NA,NA,NA,NA
NA,NA,NA,NA,NA,NA,NA,NA,NA,NA,NA,NA,NA,NA,NA,NA,8,2025-10-10,14:36:47,2,2,"Rumberg, Logan",1000216384,Right,GEO_PAT,"Butler, Jake",1000136500,Right,GEO_PAT,Undefined,1,Top,1,1,0,Cutter,Slider,StrikeCalled,Undefined,Undefined,Undefined,0,0,NA,83.99242,-0.157662,-2.199413,2276.970985,234.263623,01:45:00,5.73951,2.38226,5.80862,-36.00841,4.17252,3.85788,2.59208,0.65731,76.19095,-6.824193,-1.508171,0.456227,NA,NA,NA,NA,NA,NA,NA,NA,NA,NA,NA,-2.64543,2.6115,-2.20399,50,5.70539,4.51945,-121.79564,-1.54315,-3.92727,26.53402,-28.29717,GEO_PAT,GEO_PAT,SpuhlerFieldMain,TeamExclusive,Team,20251010-SpuhlerFieldMain-Private-2,1430d860-a608-11f0-9d1c-cb0542a47c13,82.61764,NA,NA,7.80147,NA,NA,NA,NA,NA,NA,e373a8f3-b551-4f4e-929b-9412fc5d6156,2025-10-10,18:36:47,2025-10-10T18:36:47Z,2025-10-10T18:36:47Z,NA,v3,471300,471300,NA,"Cowdrey, Vincent",1000469295,Right,GEO_PAT,ee8d4512-84c1-458b-acf1-07b1cdcab00c,54.69103,-122.81336,13.26701,5.74376,-0.45781,-14.14859,-2.38022,4.67009,-1.96364,NA,NA,NA,NA,NA,NA,NA,NA,NA,NA,NA,NA,NA,NA,NA,NA,NA,NA,NA,NA,NA,NA,NA,NA,NA,NA,NA,NA,NA,NA,NA,NA,NA,NA,NA,NA,NA,NA,NA,NA,NA,NA,NA,NA,NA,NA,NA,NA,NA,NA,High,High,High,NA,NA,NA,NA,NA,NA,NA,NA,NA,NA,NA,NA,NA,NA,NA,NA,NA,NA,NA,NA,NA,NA,NA,NA,NA,NA,NA,NA,NA,NA,NA,NA,NA,NA,NA,NA,NA,NA,NA,NA,NA,NA,NA,NA,NA,NA,NA,NA,NA,NA,NA,NA,NA,NA,NA,NA,NA
NA,NA,NA,NA,NA,NA,NA,NA,NA,NA,NA,NA,NA,NA,NA,NA,9,2025-10-10,14:37:06,2,3,"Rumberg, Logan",1000216384,Right,GEO_PAT,"Butler, Jake",1000136500,Right,GEO_PAT,Undefined,1,Top,1,1,1,Slider,Curveball,StrikeCalled,Undefined,Undefined,Undefined,0,0,NA,77.66607,1.983777,-1.086531,2553.1695,26.596624,07:00:00,5.71874,2.04884,5.35077,-63.54295,-15.59851,-8.6426,2.28532,0.30935,70.62914,-9.539875,-2.625022,0.498357,NA,NA,NA,NA,NA,NA,NA,NA,NA,NA,NA,3.96193,-7.91575,-1.94466,50,5.8521,2.48232,-112.61988,1.65551,5.00568,23.55228,-42.17518,GEO_PAT,GEO_PAT,SpuhlerFieldMain,TeamExclusive,Team,20251010-SpuhlerFieldMain-Private-2,1fb1a390-a608-11f0-9d1c-cb0542a47c13,75.63342,NA,NA,7.03693,NA,NA,NA,NA,NA,NA,e373a8f3-b551-4f4e-929b-9412fc5d6156,2025-10-10,18:37:06,2025-10-10T18:37:06Z,2025-10-10T18:37:06Z,NA,v3,471300,471300,NA,"Cowdrey, Vincent",1000469295,Right,GEO_PAT,f3ddb61a-9c53-49e6-893a-103c38e807f3,55.154,-113.69263,11.77614,5.73295,3.57648,-21.08759,-2.05253,2.25432,2.50284,NA,NA,NA,NA,NA,NA,NA,NA,NA,NA,NA,NA,NA,NA,NA,NA,NA,NA,NA,NA,NA,NA,NA,NA,NA,NA,NA,NA,NA,NA,NA,NA,NA,NA,NA,NA,NA,NA,NA,NA,NA,NA,NA,NA,NA,NA,NA,NA,NA,NA,High,High,High,NA,NA,NA,NA,NA,NA,NA,NA,NA,NA,NA,NA,NA,NA,NA,NA,NA,NA,NA,NA,NA,NA,NA,NA,NA,NA,NA,NA,NA,NA,NA,NA,NA,NA,NA,NA,NA,NA,NA,NA,NA,NA,NA,NA,NA,NA,NA,NA,NA,NA,NA,NA,NA,NA,NA,NA,NA
NA,NA,NA,NA,NA,NA,NA,NA,NA,NA,NA,NA,NA,NA,NA,NA,10,2025-10-10,14:37:26,2,4,"Rumberg, Logan",1000216384,Right,GEO_PAT,"Butler, Jake",1000136500,Right,GEO_PAT,Undefined,1,Top,1,1,2,Fastball,Four-Seam,BallCalled,Undefined,Undefined,Undefined,0,0,NA,93.36021,-1.977695,-1.302549,2351.627955,194.723266,12:30:00,5.86519,2.1959,6.10306,-13.00513,18.81001,4.67575,2.95116,1.38067,85.26424,-4.487301,-0.460279,0.405965,NA,NA,NA,NA,NA,NA,NA,NA,NA,NA,NA,-2.83205,10.66024,-2.09832,50,5.70637,2.89366,-135.63096,-5.04881,-5.26468,30.23018,-12.35713,GEO_PAT,GEO_PAT,SpuhlerFieldMain,TeamExclusive,Team,20251010-SpuhlerFieldMain-Private-2,2b603580-a608-11f0-9d1c-cb0542a47c13,92.84661,NA,NA,8.09597,NA,NA,NA,NA,NA,NA,e373a8f3-b551-4f4e-929b-9412fc5d6156,2025-10-10,18:37:26,2025-10-10T18:37:26Z,2025-10-10T18:37:26Z,NA,v3,471300,471300,NA,"Cowdrey, Vincent",1000469295,Right,GEO_PAT,cf3a0438-8d9e-48c7-b7b1-8a6dd456555c,54.4012,-136.60841,15.11509,5.86316,-4.64926,-6.17857,-2.19463,3.06388,-2.63234,NA,NA,NA,NA,NA,NA,NA,NA,NA,NA,NA,NA,NA,NA,NA,NA,NA,NA,NA,NA,NA,NA,NA,NA,NA,NA,NA,NA,NA,NA,NA,NA,NA,NA,NA,NA,NA,NA,NA,NA,NA,NA,NA,NA,NA,NA,NA,NA,NA,NA,High,High,High,NA,NA,NA,NA,NA,NA,NA,NA,NA,NA,NA,NA,NA,NA,NA,NA,NA,NA,NA,NA,NA,NA,NA,NA,NA,NA,NA,NA,NA,NA,NA,NA,NA,NA,NA,NA,NA,NA,NA,NA,NA,NA,NA,NA,NA,NA,NA,NA,NA,NA,NA,NA,NA,NA,NA,NA,NA
NA,NA,NA,NA,NA,NA,NA,NA,NA,NA,NA,NA,NA,NA,NA,NA,11,2025-10-10,14:37:45,2,5,"Rumberg, Logan",1000216384,Right,GEO_PAT,"Butler, Jake",1000136500,Right,GEO_PAT,Undefined,1,Top,1,2,2,Fastball,Four-Seam,FoulBallNotFieldable,Undefined,Undefined,Undefined,0,0,NA,91.01407,-1.792631,-2.587478,2302.031421,182.846884,12:00:00,5.86817,2.02073,6.10222,-13.55194,20.23308,0.94843,3.07866,-0.29492,82.49951,-4.424477,-2.416919,0.418344,NA,NA,NA,NA,NA,NA,NA,NA,NA,NA,NA,-1.28008,11.34772,-1.82206,50,5.72302,5.9252,-131.98922,-4.47996,-2.23742,30.49907,-12.33944,GEO_PAT,GEO_PAT,SpuhlerFieldMain,TeamExclusive,Team,20251010-SpuhlerFieldMain-Private-2,36d2f6f0-a608-11f0-9d1c-cb0542a47c13,90.09912,NA,NA,8.51456,NA,NA,NA,NA,NA,NA,e373a8f3-b551-4f4e-929b-9412fc5d6156,2025-10-10,18:37:45,2025-10-10T18:37:45Z,2025-10-10T18:37:45Z,NA,v3,471300,471300,NA,"Cowdrey, Vincent",1000469295,Right,GEO_PAT,dfcf33ef-22db-4024-83c8-ce073c385e89,54.39876,-133.00177,15.24954,5.86495,-4.0703,-6.16972,-2.02,5.99948,-1.11871,NA,NA,NA,NA,NA,NA,NA,NA,NA,NA,NA,NA,NA,NA,NA,NA,NA,NA,NA,NA,NA,NA,NA,NA,NA,NA,NA,NA,NA,NA,NA,NA,NA,NA,NA,NA,NA,NA,NA,NA,NA,NA,NA,NA,NA,NA,NA,NA,NA,NA,High,High,High,NA,NA,NA,NA,NA,NA,NA,NA,NA,NA,NA,NA,NA,NA,NA,NA,NA,NA,NA,NA,NA,NA,NA,NA,NA,NA,NA,NA,NA,NA,NA,NA,NA,NA,NA,NA,NA,NA,NA,NA,NA,NA,NA,NA,NA,NA,NA,NA,NA,NA,NA,NA,NA,NA,NA,NA,NA
NA,NA,NA,NA,NA,NA,NA,NA,NA,NA,NA,NA,NA,NA,NA,NA,12,2025-10-10,14:38:08,2,6,"Rumberg, Logan",1000216384,Right,GEO_PAT,"Butler, Jake",1000136500,Right,GEO_PAT,Undefined,1,Top,1,2,2,Cutter,Slider,FoulBallNotFieldable,Undefined,Undefined,Undefined,0,0,NA,84.69448,-1.291037,-2.251717,2297.649732,143.265422,10:45:00,5.63392,2.4227,5.82407,-31.33281,7.68969,-4.84366,1.82142,-0.07548,77.90511,-7.072417,-3.119435,0.449603,67.67287,-34.881034,-67.776911,NA,NA,NA,NA,4.68461,3.49257,-33.236886,0.03502,1.87929,4.6261,-2.23546,50,5.50953,5.02468,-122.97096,-3.80095,2.87972,24.22221,-25.08528,GEO_PAT,GEO_PAT,SpuhlerFieldMain,TeamExclusive,Team,20251010-SpuhlerFieldMain-Private-2,449e7570-a608-11f0-9d1c-cb0542a47c13,83.83501,1.99396,NA,6.78937,NA,NA,NA,2.83646,1.99396,0.08018,e373a8f3-b551-4f4e-929b-9412fc5d6156,2025-10-10,18:38:08,2025-10-10T18:38:08Z,2025-10-10T18:38:08Z,GroundBall,v3,471300,471300,NA,"Cowdrey, Vincent",1000469295,Right,GEO_PAT,8caf1240-1245-4aa5-b773-7550738ec4cd,54.67913,-123.88921,12.11111,5.6356,-2.84998,-12.54264,-2.42387,4.91551,1.43986,NA,2.83592,30.89086,NA,NA,NA,NA,NA,NA,NA,1.99496,-56.93753,NA,NA,NA,NA,NA,NA,NA,0.08151,-75.60863,NA,NA,NA,NA,NA,NA,NA,NA,NA,NA,NA,NA,NA,NA,NA,NA,NA,NA,NA,NA,NA,NA,NA,NA,NA,NA,NA,NA,NA,High,High,High,Low,Low,NA,NA,NA,NA,NA,NA,NA,NA,NA,NA,NA,NA,NA,NA,NA,NA,NA,NA,NA,NA,NA,NA,NA,NA,NA,NA,NA,NA,NA,NA,NA,NA,NA,NA,NA,NA,NA,NA,NA,NA,NA,NA,NA,NA,NA,NA,NA,NA,NA,NA,NA,NA,NA,NA,NA
NA,NA,NA,NA,NA,NA,NA,NA,NA,NA,NA,NA,NA,NA,NA,NA,13,2025-10-10,14:38:35,2,7,"Rumberg, Logan",1000216384,Right,GEO_PAT,"Butler, Jake",1000136500,Right,GEO_PAT,Undefined,1,Top,1,2,2,Curveball,Curveball,BallCalled,Undefined,Undefined,Undefined,0,0,NA,77.62585,3.245549,-0.853758,2543.101933,31.514436,07:00:00,5.66122,2.34841,5.18328,-65.33362,-17.21072,-11.5367,3.27411,0.58365,70.7117,-8.563896,-2.898497,0.499283,NA,NA,NA,NA,NA,NA,NA,NA,NA,NA,NA,5.45819,-9.03749,-2.25993,50,5.91333,2.14708,-112.51117,4.01407,6.92179,22.44778,-43.63491,GEO_PAT,GEO_PAT,SpuhlerFieldMain,TeamExclusive,Team,20251010-SpuhlerFieldMain-Private-2,54a60140-a608-11f0-9d1c-cb0542a47c13,75.49307,NA,NA,6.91414,NA,NA,NA,NA,NA,NA,e373a8f3-b551-4f4e-929b-9412fc5d6156,2025-10-10,18:38:35,2025-10-10T18:38:35Z,2025-10-10T18:38:35Z,NA,v3,471300,471300,NA,"Cowdrey, Vincent",1000469295,Right,GEO_PAT,f51583f6-b65f-46b7-b219-82a01c46eecf,55.32305,-113.56824,11.22389,5.67593,6.06885,-21.81746,-2.35336,1.82114,3.4609,NA,NA,NA,NA,NA,NA,NA,NA,NA,NA,NA,NA,NA,NA,NA,NA,NA,NA,NA,NA,NA,NA,NA,NA,NA,NA,NA,NA,NA,NA,NA,NA,NA,NA,NA,NA,NA,NA,NA,NA,NA,NA,NA,NA,NA,NA,NA,NA,NA,NA,High,High,High,NA,NA,NA,NA,NA,NA,NA,NA,NA,NA,NA,NA,NA,NA,NA,NA,NA,NA,NA,NA,NA,NA,NA,NA,NA,NA,NA,NA,NA,NA,NA,NA,NA,NA,NA,NA,NA,NA,NA,NA,NA,NA,NA,NA,NA,NA,NA,NA,NA,NA,NA,NA,NA,NA,NA,NA,NA
NA,NA,NA,NA,NA,NA,NA,NA,NA,NA,NA,NA,NA,NA,NA,NA,14,2025-10-10,14:38:56,2,8,"Rumberg, Logan",1000216384,Right,GEO_PAT,"Butler, Jake",1000136500,Right,GEO_PAT,Undefined,1,Top,1,3,2,Fastball,Four-Seam,FoulBallNotFieldable,Undefined,Undefined,Undefined,0,0,NA,92.91066,-3.226838,-2.261153,2452.528522,202.84078,12:45:00,5.80711,2.19164,5.89865,-11.54351,21.16131,8.4326,1.84379,0.79397,84.25177,-5.479366,-0.749209,0.411602,NA,NA,NA,NA,NA,NA,NA,NA,NA,NA,NA,-5.02323,12.17068,-2.01454,50,5.54055,4.94726,-134.60174,-7.88558,-9.13857,31.49685,-10.03242,GEO_PAT,GEO_PAT,SpuhlerFieldMain,TeamExclusive,Team,20251010-SpuhlerFieldMain-Private-2,615adfa0-a608-11f0-9d1c-cb0542a47c13,91.57499,NA,NA,8.65889,NA,NA,NA,NA,NA,NA,e373a8f3-b551-4f4e-929b-9412fc5d6156,2025-10-10,18:38:56,2025-10-10T18:38:56Z,2025-10-10T18:38:56Z,NA,v3,471300,471300,NA,"Cowdrey, Vincent",1000469295,Right,GEO_PAT,b1aec578-b427-4cd6-87df-5a057de548df,54.60286,-135.67453,15.74842,5.80332,-7.54387,-5.01621,-2.18835,5.25852,-4.56929,NA,NA,NA,NA,NA,NA,NA,NA,NA,NA,NA,NA,NA,NA,NA,NA,NA,NA,NA,NA,NA,NA,NA,NA,NA,NA,NA,NA,NA,NA,NA,NA,NA,NA,NA,NA,NA,NA,NA,NA,NA,NA,NA,NA,NA,NA,NA,NA,NA,NA,High,High,High,NA,NA,NA,NA,NA,NA,NA,NA,NA,NA,NA,NA,NA,NA,NA,NA,NA,NA,NA,NA,NA,NA,NA,NA,NA,NA,NA,NA,NA,NA,NA,NA,NA,NA,NA,NA,NA,NA,NA,NA,NA,NA,NA,NA,NA,NA,NA,NA,NA,NA,NA,NA,NA,NA,NA,NA,NA
NA,NA,NA,NA,NA,NA,NA,NA,NA,NA,NA,NA,NA,NA,NA,NA,15,2025-10-10,14:39:20,2,9,"Rumberg, Logan",1000216384,Right,GEO_PAT,"Butler, Jake",1000136500,Right,GEO_PAT,Undefined,1,Top,1,3,2,Fastball,Four-Seam,InPlay,Undefined,GroundBall,Single,0,0,NA,92.86377,-2.816234,-3.499593,2353.459383,202.367672,12:45:00,5.74303,2.0487,6.24556,-13.36316,18.82521,7.308,2.02489,-0.57421,84.63255,-5.398325,-2.183047,0.408339,93.69432,4.066241,23.531397,3689.209688,NA,NA,NA,105.68217,103.40409,27.908806,0.869309,-4.80807,10.90772,-1.79147,50,5.52617,7.92604,-134.57412,-6.97887,-8.7892,30.0721,-12.23463,GEO_PAT,GEO_PAT,SpuhlerFieldMain,TeamExclusive,Team,20251010-SpuhlerFieldMain-Private-2,6fbafd00-a608-11f0-9d1c-cb0542a47c13,92.30673,3.593,NA,8.23122,NA,NA,NA,1.08352,1.92182,0.53194,e373a8f3-b551-4f4e-929b-9412fc5d6156,2025-10-10,18:39:20,2025-10-10T18:39:20Z,2025-10-10T18:39:20Z,GroundBall,v3,471300,471300,NA,"Cowdrey, Vincent",1000469295,Right,GEO_PAT,6ef8b8e4-1515-460c-9e6f-efad2673387a,54.25622,-135.52188,15.03605,5.74004,-6.59327,-6.11732,-2.04563,8.20304,-4.3946,256.475963,1.21051,123.67222,-20.43646,NA,NA,NA,NA,NA,NA,1.94516,9.38189,-13.39533,NA,NA,NA,NA,NA,NA,0.48749,55.44313,1.08443,NA,NA,NA,NA,NA,NA,NA,NA,NA,NA,NA,NA,NA,NA,NA,NA,NA,NA,NA,NA,NA,NA,NA,NA,NA,NA,NA,NA,High,High,High,High,High,NA,NA,NA,NA,NA,NA,NA,NA,NA,NA,NA,NA,NA,NA,NA,NA,NA,NA,NA,NA,NA,NA,NA,NA,NA,NA,NA,NA,NA,NA,NA,NA,NA,NA,NA,NA,NA,NA,NA,NA,NA,NA,NA,NA,NA,NA,NA,NA,NA,NA,NA,NA,NA,NA,NA
NA,NA,NA,NA,NA,NA,NA,NA,NA,NA,NA,NA,NA,NA,NA,NA,16,2025-10-10,14:39:53,3,1,"Rumberg, Logan",1000216384,Right,GEO_PAT,"Terilli, Lucas",1000469290,Left,GEO_PAT,Undefined,1,Top,1,0,0,Slider,Curveball,StrikeCalled,Undefined,Undefined,Undefined,0,0,NA,76.94558,2.239233,-1.719627,2565.823927,34.989912,07:15:00,5.76042,2.42842,5.02106,-68.81878,-19.10312,-14.60957,2.14079,-0.4124,69.82837,-10.147558,-4.302817,0.507479,NA,NA,NA,NA,NA,NA,NA,NA,NA,NA,NA,6.63941,-9.68422,-2.2513,50,5.91933,3.94455,-111.44894,1.84544,8.17404,23.98005,-44.09663,GEO_PAT,GEO_PAT,SpuhlerFieldMain,TeamExclusive,Team,20251010-SpuhlerFieldMain-Private-2,8397fad0-a608-11f0-9d1c-cb0542a47c13,74.27389,NA,NA,7.11722,NA,NA,NA,NA,NA,NA,e373a8f3-b551-4f4e-929b-9412fc5d6156,2025-10-10,18:39:53,2025-10-10T18:39:53Z,2025-10-10T18:39:53Z,NA,v3,471300,471300,NA,"Cowdrey, Vincent",1000469295,Right,GEO_PAT,ef974000-4b7f-4fdf-a0cd-5fa74fdca9f9,55.48506,-112.62296,11.99002,5.77613,4.00432,-22.04831,-2.43462,3.54436,4.08702,NA,NA,NA,NA,NA,NA,NA,NA,NA,NA,NA,NA,NA,NA,NA,NA,NA,NA,NA,NA,NA,NA,NA,NA,NA,NA,NA,NA,NA,NA,NA,NA,NA,NA,NA,NA,NA,NA,NA,NA,NA,NA,NA,NA,NA,NA,NA,NA,NA,NA,High,High,High,NA,NA,NA,NA,NA,NA,NA,NA,NA,NA,NA,NA,NA,NA,NA,NA,NA,NA,NA,NA,NA,NA,NA,NA,NA,NA,NA,NA,NA,NA,NA,NA,NA,NA,NA,NA,NA,NA,NA,NA,NA,NA,NA,NA,NA,NA,NA,NA,NA,NA,NA,NA,NA,NA,NA,NA,NA
NA,NA,NA,NA,NA,NA,NA,NA,NA,NA,NA,NA,NA,NA,NA,NA,17,2025-10-10,14:40:25,3,2,"Rumberg, Logan",1000216384,Right,GEO_PAT,"Terilli, Lucas",1000469290,Left,GEO_PAT,Undefined,1,Top,1,0,1,Fastball,Four-Seam,FoulBallNotFieldable,Undefined,Undefined,Undefined,0,0,NA,92.25514,-2.23204,-3.285969,2324.769727,197.366612,12:30:00,5.8757,2.39804,6.0179,-12.61575,20.61867,6.0687,2.75232,-0.14349,83.09729,-4.700814,-2.197218,0.414921,73.41064,41.255811,-136.29902,3533.442395,NA,NA,NA,NA,58.9937,NA,NA,-4.17874,11.67134,-2.14345,50,5.69357,7.40555,-133.5681,-5.5249,-7.43714,32.74788,-11.40192,GEO_PAT,GEO_PAT,SpuhlerFieldMain,TeamExclusive,Team,20251010-SpuhlerFieldMain-Private-2,9691c490-a608-11f0-9d1c-cb0542a47c13,90.84246,41.34722,NA,9.15785,NA,NA,NA,0.72572,2.68572,0.20439,e373a8f3-b551-4f4e-929b-9412fc5d6156,2025-10-10,18:40:25,2025-10-10T18:40:25Z,2025-10-10T18:40:25Z,NA,v3,471300,471300,NA,"Cowdrey, Vincent",1000469295,Right,GEO_PAT,bf95b422-ff3c-41bb-9666-d79dbbbb7015,54.48192,-134.66248,16.37394,5.87184,-5.14387,-5.70096,-2.39509,7.65409,-3.71857,35.566449,0.72572,-58.51779,-0.46688,1.65108,-0.66015,0.78607,-1.34689,1.32317,-0.5025,2.68572,70.9992,-31.04215,4.54364,-1.29833,1.32619,-2.23514,2.1435,-0.79648,0.20439,-55.92275,10.65056,-0.9922,0.19379,-0.28538,0.55052,-0.51093,0.18163,NA,NA,NA,NA,NA,NA,NA,NA,NA,NA,NA,NA,NA,NA,NA,NA,NA,NA,NA,NA,NA,NA,High,High,High,High,Undefined,NA,NA,NA,NA,NA,NA,NA,NA,NA,NA,NA,NA,NA,NA,NA,NA,NA,NA,NA,NA,NA,NA,NA,NA,NA,NA,NA,NA,NA,NA,NA,NA,NA,NA,NA,NA,NA,NA,NA,NA,NA,NA,NA,NA,NA,NA,NA,NA,NA,NA,NA,NA,NA,NA,NA
NA,NA,NA,NA,NA,NA,NA,NA,NA,NA,NA,NA,NA,NA,NA,NA,18,2025-10-10,14:40:44,3,3,"Rumberg, Logan",1000216384,Right,GEO_PAT,"Terilli, Lucas",1000469290,Left,GEO_PAT,Undefined,1,Top,1,0,2,Fastball,Four-Seam,BallCalled,Undefined,Undefined,Undefined,0,0,NA,91.42783,-0.10694,-2.404169,2336.663907,200.341365,12:45:00,5.87127,2.56322,5.97042,-13.36442,20.74918,7.20367,4.65833,0.93316,81.49977,-2.741598,-1.11131,0.420373,NA,NA,NA,NA,NA,NA,NA,NA,NA,NA,NA,-4.48146,10.99024,-2.37639,50,5.8553,5.2325,-132.38706,-0.55908,-7.76782,34.40836,-13.12441,GEO_PAT,GEO_PAT,SpuhlerFieldMain,TeamExclusive,Team,20251010-SpuhlerFieldMain-Private-2,a1ce5ad0-a608-11f0-9d1c-cb0542a47c13,89.6642,NA,NA,9.92807,NA,NA,NA,NA,NA,NA,e373a8f3-b551-4f4e-929b-9412fc5d6156,2025-10-10,18:40:44,2025-10-10T18:40:44Z,2025-10-10T18:40:44Z,NA,v3,471300,471300,NA,"Cowdrey, Vincent",1000469295,Right,GEO_PAT,a2461812-67db-4d17-b504-23e0ed9a228f,54.52538,-133.55806,17.20418,5.8667299999999996,-0.11243,-6.5622,-2.55897,5.49685,-3.88391,NA,NA,NA,NA,NA,NA,NA,NA,NA,NA,NA,NA,NA,NA,NA,NA,NA,NA,NA,NA,NA,NA,NA,NA,NA,NA,NA,NA,NA,NA,NA,NA,NA,NA,NA,NA,NA,NA,NA,NA,NA,NA,NA,NA,NA,NA,NA,NA,NA,NA,High,High,High,NA,NA,NA,NA,NA,NA,NA,NA,NA,NA,NA,NA,NA,NA,NA,NA,NA,NA,NA,NA,NA,NA,NA,NA,NA,NA,NA,NA,NA,NA,NA,NA,NA,NA,NA,NA,NA,NA,NA,NA,NA,NA,NA,NA,NA,NA,NA,NA,NA,NA,NA,NA,NA,NA,NA,NA,NA
NA,NA,NA,NA,NA,NA,NA,NA,NA,NA,NA,NA,NA,NA,NA,NA,19,2025-10-10,14:41:03,3,4,"Rumberg, Logan",1000216384,Right,GEO_PAT,"Terilli, Lucas",1000469290,Left,GEO_PAT,Undefined,1,Top,1,1,2,Fastball,Four-Seam,InPlay,Undefined,GroundBall,Out,1,0,NA,91.27257,-1.68682,-3.814511,2353.80211,201.512903,12:45:00,5.8544,2.33687,5.99308,-15.88091,18.22403,6.68185,2.96378,-0.64671,81.98174,-4.750702,-2.617352,0.42032,79.8612,-10.379023,3.060706,NA,NA,NA,NA,14.85552,13.69391,5.684452,0.12117700000000001,-4.68705,10.27567,-2.03938,50,5.71249,8.51515,-132.05842,-4.33628,-8.13016,32.77684,-14.34991,GEO_PAT,GEO_PAT,SpuhlerFieldMain,TeamExclusive,Team,20251010-SpuhlerFieldMain-Private-2,acdcb520-a608-11f0-9d1c-cb0542a47c13,89.67558,2.9022,NA,9.29083,NA,NA,NA,1.08351,2.9022,0.67055,e373a8f3-b551-4f4e-929b-9412fc5d6156,2025-10-10,18:41:03,2025-10-10T18:41:03Z,2025-10-10T18:41:03Z,GroundBall,v3,471300,471300,NA,"Cowdrey, Vincent",1000469295,Right,GEO_PAT,b2b4eb56-9a00-4fe2-85ac-76258710a27a,54.50591,-133.17209,16.38842,5.85154,-3.84871,-7.17496,-2.3334,8.7914,-4.06508,336.309603,1.08358,115.04077,-16.4449,NA,NA,NA,NA,NA,NA,2.90248,-21.13155,-23.29706,NA,NA,NA,NA,NA,NA,0.67047,6.15989,3.71839,NA,NA,NA,NA,NA,NA,NA,NA,NA,NA,NA,NA,NA,NA,NA,NA,NA,NA,NA,NA,NA,NA,NA,NA,NA,NA,NA,NA,High,High,High,High,High,NA,NA,NA,NA,NA,NA,NA,NA,NA,NA,NA,NA,NA,NA,NA,NA,NA,NA,NA,NA,NA,NA,NA,NA,NA,NA,NA,NA,NA,NA,NA,NA,NA,NA,NA,NA,NA,NA,NA,NA,NA,NA,NA,NA,NA,NA,NA,NA,NA,NA,NA,NA,NA,NA,NA
NA,NA,NA,NA,NA,NA,NA,NA,NA,NA,NA,NA,NA,NA,NA,NA,20,2025-10-10,14:41:40,4,1,"Rumberg, Logan",1000216384,Right,GEO_PAT,"Tignor, Laken",1000091229,Right,GEO_PAT,Undefined,1,Top,2,0,0,Cutter,Slider,BallCalled,Undefined,Undefined,Undefined,0,0,NA,81.67603,0.601876,-3.292233,2283.629095,92.99638,09:00:00,5.68289,2.46511,5.78986,-40.89754,1.97492,-8.28248,2.83565,-1.29129,73.79355,-6.950923,-4.771469,0.47126,NA,NA,NA,NA,NA,NA,NA,NA,NA,NA,NA,3.10882,1.2861,-2.18868,50,5.70842,7.13414,-118.25291,-0.10587,4.32091,26.42794,-30.38653,GEO_PAT,GEO_PAT,SpuhlerFieldMain,TeamExclusive,Team,20251010-SpuhlerFieldMain-Private-2,c31dbaa0-a608-11f0-9d1c-cb0542a47c13,79.98225,NA,NA,7.88248,NA,NA,NA,NA,NA,NA,e373a8f3-b551-4f4e-929b-9412fc5d6156,2025-10-10,18:41:40,2025-10-10T18:41:40Z,2025-10-10T18:41:40Z,NA,v3,471300,471300,NA,"Cowdrey, Vincent",1000469295,Right,GEO_PAT,3aeebb0a-e8c5-4ce8-9b77-b4505e7dd53a,54.70945,-119.30077,13.21397,5.68873,1.09894,-15.19326,-2.46815,6.96282,2.16046,NA,NA,NA,NA,NA,NA,NA,NA,NA,NA,NA,NA,NA,NA,NA,NA,NA,NA,NA,NA,NA,NA,NA,NA,NA,NA,NA,NA,NA,NA,NA,NA,NA,NA,NA,NA,NA,NA,NA,NA,NA,NA,NA,NA,NA,NA,NA,NA,NA,NA,High,High,High,NA,NA,NA,NA,NA,NA,NA,NA,NA,NA,NA,NA,NA,NA,NA,NA,NA,NA,NA,NA,NA,NA,NA,NA,NA,NA,NA,NA,NA,NA,NA,NA,NA,NA,NA,NA,NA,NA,NA,NA,NA,NA,NA,NA,NA,NA,NA,NA,NA,NA,NA,NA,NA,NA,NA,NA,NA
NA,NA,NA,NA,NA,NA,NA,NA,NA,NA,NA,NA,NA,NA,NA,NA,21,2025-10-10,14:41:59,4,2,"Rumberg, Logan",1000216384,Right,GEO_PAT,"Tignor, Laken",1000091229,Right,GEO_PAT,Undefined,1,Top,2,1,0,Cutter,Slider,StrikeCalled,Undefined,Undefined,Undefined,0,0,NA,81.92228,0.294661,-3.266938,2330.81103,159.783943,11:15:00,5.67033,2.34401,5.56364,-35.53553,7.18729,-2.10063,2.98478,-0.88654,74.26879,-6.268975,-3.640602,0.470437,NA,NA,NA,NA,NA,NA,NA,NA,NA,NA,NA,0.0385,3.9974,-2.06029,50,5.67277,6.85751,-118.6183,-0.57517,0.05424,25.10252,-26.5436,GEO_PAT,GEO_PAT,SpuhlerFieldMain,TeamExclusive,Team,20251010-SpuhlerFieldMain-Private-2,ce347960-a608-11f0-9d1c-cb0542a47c13,80.1222,NA,NA,7.65349,NA,NA,NA,NA,NA,NA,e373a8f3-b551-4f4e-929b-9412fc5d6156,2025-10-10,18:41:59,2025-10-10T18:41:59Z,2025-10-10T18:41:59Z,NA,v3,471300,471300,NA,"Cowdrey, Vincent",1000469295,Right,GEO_PAT,3835fb46-0f5c-4931-ad62-3a1a8caed5a6,54.93512,-119.65813,12.55126,5.67382,0.52436,-13.2718,-2.3443,6.85526,0.02712,NA,NA,NA,NA,NA,NA,NA,NA,NA,NA,NA,NA,NA,NA,NA,NA,NA,NA,NA,NA,NA,NA,NA,NA,NA,NA,NA,NA,NA,NA,NA,NA,NA,NA,NA,NA,NA,NA,NA,NA,NA,NA,NA,NA,NA,NA,NA,NA,NA,NA,High,High,High,NA,NA,NA,NA,NA,NA,NA,NA,NA,NA,NA,NA,NA,NA,NA,NA,NA,NA,NA,NA,NA,NA,NA,NA,NA,NA,NA,NA,NA,NA,NA,NA,NA,NA,NA,NA,NA,NA,NA,NA,NA,NA,NA,NA,NA,NA,NA,NA,NA,NA,NA,NA,NA,NA,NA,NA,NA
NA,NA,NA,NA,NA,NA,NA,NA,NA,NA,NA,NA,NA,NA,NA,NA,22,2025-10-10,14:42:18,4,3,"Rumberg, Logan",1000216384,Right,GEO_PAT,"Tignor, Laken",1000091229,Right,GEO_PAT,Undefined,1,Top,2,1,1,Curveball,Curveball,BallCalled,Undefined,Undefined,Undefined,0,0,NA,77.00073,1.11126,-2.722032,2541.154646,19.946144,06:45:00,5.79015,2.28061,5.7283,-64.60126,-15.99899,-6.46347,1.44303,-0.79519,69.66057,-10.672473,-3.880024,0.501764,NA,NA,NA,NA,NA,NA,NA,NA,NA,NA,NA,2.32252,-8.05934,-2.04921,50,5.84328,5.54653,-111.56456,0.03992,2.84804,25.12788,-42.05699,GEO_PAT,GEO_PAT,SpuhlerFieldMain,TeamExclusive,Team,20251010-SpuhlerFieldMain-Private-2,d97c8150-a608-11f0-9d1c-cb0542a47c13,75.11981,NA,NA,7.34016,NA,NA,NA,NA,NA,NA,e373a8f3-b551-4f4e-929b-9412fc5d6156,2025-10-10,18:42:18,2025-10-10T18:42:18Z,2025-10-10T18:42:18Z,NA,v3,471300,471300,NA,"Cowdrey, Vincent",1000469295,Right,GEO_PAT,0321ace3-4738-4c50-8e57-b9fed3c77827,54.77589,-112.63511,12.56394,5.80341,1.83171,-21.02849,-2.28293,5.42519,1.42402,NA,NA,NA,NA,NA,NA,NA,NA,NA,NA,NA,NA,NA,NA,NA,NA,NA,NA,NA,NA,NA,NA,NA,NA,NA,NA,NA,NA,NA,NA,NA,NA,NA,NA,NA,NA,NA,NA,NA,NA,NA,NA,NA,NA,NA,NA,NA,NA,NA,NA,High,High,High,NA,NA,NA,NA,NA,NA,NA,NA,NA,NA,NA,NA,NA,NA,NA,NA,NA,NA,NA,NA,NA,NA,NA,NA,NA,NA,NA,NA,NA,NA,NA,NA,NA,NA,NA,NA,NA,NA,NA,NA,NA,NA,NA,NA,NA,NA,NA,NA,NA,NA,NA,NA,NA,NA,NA,NA,NA
NA,NA,NA,NA,NA,NA,NA,NA,NA,NA,NA,NA,NA,NA,NA,NA,23,2025-10-10,14:42:36,4,4,"Rumberg, Logan",1000216384,Right,GEO_PAT,"Tignor, Laken",1000091229,Right,GEO_PAT,Undefined,1,Top,2,2,1,Fastball,Four-Seam,FoulBallNotFieldable,Undefined,Undefined,Undefined,0,0,NA,91.61807,-1.791759,-2.286072,2402.087643,208.170605,01:00:00,5.87594,2.34179,5.86987,-13.27335,20.44918,10.30906,3.10356,1.07617,82.7235,-4.372937,-0.438536,0.417957,57.65419,52.920975,103.451252,4772.341887,NA,NA,NA,NA,54.46502,NA,NA,-5.98221,11.36036,-2.1626,50,5.72315,4.84808,-132.79961,-4.50408,-10.55719,31.57015,-12.12573,GEO_PAT,GEO_PAT,SpuhlerFieldMain,TeamExclusive,Team,20251010-SpuhlerFieldMain-Private-2,e4a23430-a608-11f0-9d1c-cb0542a47c13,90.18262,64.93957,NA,8.89456,NA,NA,NA,0.71035,2.98258,-1.10375,e373a8f3-b551-4f4e-929b-9412fc5d6156,2025-10-10,18:42:36,2025-10-10T18:42:36Z,2025-10-10T18:42:36Z,NA,v3,471300,471300,NA,"Cowdrey, Vincent",1000469295,Right,GEO_PAT,58c2dbf8-2ce9-479e-8740-3530e142fcb1,54.63023,-133.89582,15.78508,5.87223,-4.08303,-6.06286,-2.3373,5.21466,-5.27859,315.434356,0.71035,-11.85909,-5.907,1.5142,-0.52826,0.18102,-0.06595,0.00199,0.00684,2.98258,67.46166,-15.83447,1.19246,-0.11005,0.03194,-0.05055,0.05587,-0.01978,-1.10375,49.58409,-8.15197,1.0736,-0.27694,0.13643,-0.0509,-0.01962,0.01594,NA,NA,NA,NA,NA,NA,NA,NA,NA,NA,NA,NA,NA,NA,NA,NA,NA,NA,NA,NA,NA,NA,High,High,High,Medium,Undefined,NA,NA,NA,NA,NA,NA,NA,NA,NA,NA,NA,NA,NA,NA,NA,NA,NA,NA,NA,NA,NA,NA,NA,NA,NA,NA,NA,NA,NA,NA,NA,NA,NA,NA,NA,NA,NA,NA,NA,NA,NA,NA,NA,NA,NA,NA,NA,NA,NA,NA,NA,NA,NA,NA,NA
NA,NA,NA,NA,NA,NA,NA,NA,NA,NA,NA,NA,NA,NA,NA,NA,24,2025-10-10,14:42:58,4,5,"Rumberg, Logan",1000216384,Right,GEO_PAT,"Tignor, Laken",1000091229,Right,GEO_PAT,Undefined,1,Top,2,2,2,Fastball,Four-Seam,StrikeSwinging,Strikeout,Undefined,Undefined,0,0,NA,93.19398,-1.842623,-2.548343,2347.608407,207.997682,01:00:00,5.86906,2.31756,6.01699,-13.29225,18.63308,9.38548,3.05218,0.73747,85.43625,-4.393983,-0.862151,0.406667,NA,NA,NA,NA,NA,NA,NA,NA,NA,NA,NA,-5.4967,10.36926,-2.12265,50,5.717,5.6144,-135.29931,-4.72479,-10.23535,28.26346,-12.86558,GEO_PAT,GEO_PAT,SpuhlerFieldMain,TeamExclusive,Team,20251010-SpuhlerFieldMain-Private-2,f1988860-a608-11f0-9d1c-cb0542a47c13,92.68624,NA,NA,7.75773,NA,NA,NA,NA,NA,NA,e373a8f3-b551-4f4e-929b-9412fc5d6156,2025-10-10,18:42:58,2025-10-10T18:42:58Z,2025-10-10T18:42:58Z,NA,v3,471300,471300,NA,"Cowdrey, Vincent",1000469295,Right,GEO_PAT,e9d1b768-7a7c-4230-bc29-49deb6d45add,54.48492,-136.23297,14.13173,5.86606,-4.29979,-6.43279,-2.3137,5.95252,-5.11767,NA,NA,NA,NA,NA,NA,NA,NA,NA,NA,NA,NA,NA,NA,NA,NA,NA,NA,NA,NA,NA,NA,NA,NA,NA,NA,NA,NA,60.18194,NA,NA,1.143481,NA,NA,NA,-1.28164,5.74106,1.33367,67.63999,5.29698,57.14228,-1.20398,67.62268,-6.51818,5.80168,16.60129,-14.93053,1.36278,52.52236,-3.28432,High,High,High,NA,NA,High,High,High,NA,NA,NA,NA,NA,NA,NA,NA,NA,NA,NA,NA,NA,NA,NA,NA,NA,NA,NA,NA,NA,NA,NA,NA,NA,NA,NA,NA,NA,NA,NA,NA,NA,NA,NA,NA,NA,NA,NA,NA,NA,NA,NA,NA,NA,NA,NA,NA,NA,NA,NA,NA
NA,NA,NA,NA,NA,NA,NA,NA,NA,NA,NA,NA,NA,NA,NA,NA,25,2025-10-10,14:45:37,1,1,"Drumm, Jake",1000077041,Right,GEO_PAT,"Clyne , Owen",1000230336,Left,GEO_PAT,Undefined,1,Bottom,0,0,0,Fastball,Sinker,StrikeCalled,Undefined,Undefined,Undefined,0,0,NA,89.19445,-2.562995,-3.811591,1869.555222,220.668408,01:15:00,5.82574,2.6352,5.9229,-22.39576,12.39162,9.80567,1.57411,-0.09002,82.7117,-6.717929,-2.055192,0.424504,NA,NA,NA,NA,NA,NA,NA,NA,NA,NA,NA,-5.98201,7.28481,-2.33538,50,5.60708,8.22329,-129.39192,-6.53638,-10.27991,23.54627,-19.65539,GEO_PAT,GEO_PAT,SpuhlerFieldMain,TeamExclusive,Team,20251010-SpuhlerFieldMain-Private-2,50042210-a609-11f0-9d1c-cb0542a47c13,88.79166,NA,NA,6.48275,NA,NA,NA,NA,NA,NA,e373a8f3-b551-4f4e-929b-9412fc5d6156,2025-10-10,18:45:37,2025-10-10T18:45:37Z,2025-10-10T18:45:37Z,NA,v3,471300,471300,NA,"Vaughan, Logan",1000232024,Right,GEO_PAT,8a6bab94-d2e5-473f-98b3-00ec9064f907,54.5813,-130.22294,11.77313,5.82552,-5.84268,-9.8277,-2.632,8.5861,-5.13995,NA,NA,NA,NA,NA,NA,NA,NA,NA,NA,NA,NA,NA,NA,NA,NA,NA,NA,NA,NA,NA,NA,NA,NA,NA,NA,NA,NA,NA,NA,NA,NA,NA,NA,NA,NA,NA,NA,NA,NA,NA,NA,NA,NA,NA,NA,NA,NA,NA,NA,High,High,High,NA,NA,NA,NA,NA,NA,NA,NA,NA,NA,NA,NA,NA,NA,NA,NA,NA,NA,NA,NA,NA,NA,NA,NA,NA,NA,NA,NA,NA,NA,NA,NA,NA,NA,NA,NA,NA,NA,NA,NA,NA,NA,NA,NA,NA,NA,NA,NA,NA,NA,NA,NA,NA,NA,NA,NA,NA
NA,NA,NA,NA,NA,NA,NA,NA,NA,NA,NA,NA,NA,NA,NA,NA,26,2025-10-10,14:45:52,1,2,"Drumm, Jake",1000077041,Right,GEO_PAT,"Clyne , Owen",1000230336,Left,GEO_PAT,Undefined,1,Bottom,0,0,1,Fastball,Four-Seam,InPlay,Undefined,GroundBall,Out,1,0,NA,88.19111,-2.139147,-3.667633,1905.720067,220.01283,01:15:00,5.73741,2.74927,5.84531,-23.47619,12.19434,9.39434,1.78804,0.11896,81.7426,-6.488541,-1.986975,0.429859,94.39223,-30.664721,-4.593317,NA,NA,NA,NA,4.2244,4.2244,-4.773225,0.025001,-5.7176,7.07071,-2.45599,50,5.5489,7.82118,-127.97305,-5.56252,-9.60856,23.10145,-20.29155,GEO_PAT,GEO_PAT,SpuhlerFieldMain,TeamExclusive,Team,20251010-SpuhlerFieldMain-Private-2,596827c0-a609-11f0-9d1c-cb0542a47c13,87.68554,1.76769,NA,6.44851,NA,NA,NA,1.23802,1.76769,-0.11277,e373a8f3-b551-4f4e-929b-9412fc5d6156,2025-10-10,18:45:52,2025-10-10T18:45:52Z,2025-10-10T18:45:52Z,GroundBall,v3,471300,471300,NA,"Vaughan, Logan",1000232024,Right,GEO_PAT,d917c02d-8b84-4d2c-b757-9554d6ea6107,54.65859,-128.81126,11.55073,5.73737,-4.82626,-10.14577,-2.7461,8.16982,-4.80428,NA,1.23736,118.86562,NA,NA,NA,NA,NA,NA,NA,1.76808,-70.70537,NA,NA,NA,NA,NA,NA,NA,-0.11272,-9.54975,NA,NA,NA,NA,NA,NA,NA,NA,NA,NA,NA,NA,NA,NA,NA,NA,NA,NA,NA,NA,NA,NA,NA,NA,NA,NA,NA,NA,NA,High,High,High,Estimated,Estimated,NA,NA,NA,NA,NA,NA,NA,NA,NA,NA,NA,NA,NA,NA,NA,NA,NA,NA,NA,NA,NA,NA,NA,NA,NA,NA,NA,NA,NA,NA,NA,NA,NA,NA,NA,NA,NA,NA,NA,NA,NA,NA,NA,NA,NA,NA,NA,NA,NA,NA,NA,NA,NA,NA,NA
NA,NA,NA,NA,NA,NA,NA,NA,NA,NA,NA,NA,NA,NA,NA,NA,27,2025-10-10,14:46:25,2,1,"Drumm, Jake",1000077041,Right,GEO_PAT,"Alberti, Lucas",1000145512,Right,GEO_PAT,Undefined,1,Bottom,1,0,0,Slider,Curveball,BallCalled,Undefined,Undefined,Undefined,0,0,NA,78.0214,2.327892,-1.156095,2133.245281,55.641242,07:45:00,5.75534,2.7013,5.24664,-49.61845,-3.00851,-6.30079,3.80987,1.08959,72.17651,-6.670309,-2.273032,0.491372,NA,NA,NA,NA,NA,NA,NA,NA,NA,NA,NA,2.85319,-1.6524,-2.59026,50,5.93226,2.53846,-113.30361,2.87219,3.7469,18.7214,-34.34404,GEO_PAT,GEO_PAT,SpuhlerFieldMain,TeamExclusive,Team,20251010-SpuhlerFieldMain-Private-2,6d086ab0-a609-11f0-9d1c-cb0542a47c13,76.70852,NA,NA,5.84489,NA,NA,NA,NA,NA,NA,e373a8f3-b551-4f4e-929b-9412fc5d6156,2025-10-10,18:46:25,2025-10-10T18:46:25Z,2025-10-10T18:46:25Z,NA,v3,471300,471300,NA,"Vaughan, Logan",1000232024,Right,GEO_PAT,8168eedb-2a23-4c51-8cd4-a551305d64a6,55.25741,-114.16899,9.3607,5.7628,4.45973,-17.17202,-2.70359,2.36527,1.87345,NA,NA,NA,NA,NA,NA,NA,NA,NA,NA,NA,NA,NA,NA,NA,NA,NA,NA,NA,NA,NA,NA,NA,NA,NA,NA,NA,NA,NA,NA,NA,NA,NA,NA,NA,NA,NA,NA,NA,NA,NA,NA,NA,NA,NA,NA,NA,NA,NA,NA,High,High,High,NA,NA,NA,NA,NA,NA,NA,NA,NA,NA,NA,NA,NA,NA,NA,NA,NA,NA,NA,NA,NA,NA,NA,NA,NA,NA,NA,NA,NA,NA,NA,NA,NA,NA,NA,NA,NA,NA,NA,NA,NA,NA,NA,NA,NA,NA,NA,NA,NA,NA,NA,NA,NA,NA,NA,NA,NA
NA,NA,NA,NA,NA,NA,NA,NA,NA,NA,NA,NA,NA,NA,NA,NA,28,2025-10-10,14:46:40,2,2,"Drumm, Jake",1000077041,Right,GEO_PAT,"Alberti, Lucas",1000145512,Right,GEO_PAT,Undefined,1,Bottom,1,1,0,Slider,Slider,StrikeCalled,Undefined,Undefined,Undefined,0,0,NA,79.49989,-0.786065,-2.552,2100.285984,109.932909,09:45:00,5.71797,2.79053,5.30516,-41.86262,3.22933,-5.1765,1.4907,-0.03819,73.46687,-8.383769,-3.470718,0.483305,NA,NA,NA,NA,NA,NA,NA,NA,NA,NA,NA,1.92413,2.21791,-2.55462,50,5.61588,5.34629,-115.35635,-3.02154,2.60142,20.78715,-29.17546,GEO_PAT,GEO_PAT,SpuhlerFieldMain,TeamExclusive,Team,20251010-SpuhlerFieldMain-Private-2,75cf9420-a609-11f0-9d1c-cb0542a47c13,77.98898,NA,NA,6.03302,NA,NA,NA,NA,NA,NA,e373a8f3-b551-4f4e-929b-9412fc5d6156,2025-10-10,18:46:40,2025-10-10T18:46:40Z,2025-10-10T18:46:40Z,NA,v3,471300,471300,NA,"Vaughan, Logan",1000232024,Right,GEO_PAT,ab6f212f-48ed-4969-a305-bcd3cf1f4d07,55.19788,-116.28923,10.39358,5.7221,-1.71221,-14.58773,-2.79193,5.22954,1.30071,NA,NA,NA,NA,NA,NA,NA,NA,NA,NA,NA,NA,NA,NA,NA,NA,NA,NA,NA,NA,NA,NA,NA,NA,NA,NA,NA,NA,NA,NA,NA,NA,NA,NA,NA,NA,NA,NA,NA,NA,NA,NA,NA,NA,NA,NA,NA,NA,NA,NA,High,High,High,NA,NA,NA,NA,NA,NA,NA,NA,NA,NA,NA,NA,NA,NA,NA,NA,NA,NA,NA,NA,NA,NA,NA,NA,NA,NA,NA,NA,NA,NA,NA,NA,NA,NA,NA,NA,NA,NA,NA,NA,NA,NA,NA,NA,NA,NA,NA,NA,NA,NA,NA,NA,NA,NA,NA,NA,NA
NA,NA,NA,NA,NA,NA,NA,NA,NA,NA,NA,NA,NA,NA,NA,NA,29,2025-10-10,14:46:55,2,3,"Drumm, Jake",1000077041,Right,GEO_PAT,"Alberti, Lucas",1000145512,Right,GEO_PAT,Undefined,1,Bottom,1,1,1,Slider,Slider,BallCalled,Undefined,Undefined,Undefined,0,0,NA,79.3294,-0.800495,-3.658584,2116.855344,104.373837,09:30:00,5.7434,2.75247,5.33407,-42.58526,2.61575,-5.10016,1.44197,-1.10996,73.56236,-8.510883,-4.562222,0.483889,NA,NA,NA,NA,NA,NA,NA,NA,NA,NA,NA,1.63138,1.86969,-2.41765,50,5.63995,7.55352,-115.04065,-3.06031,2.19952,20.12899,-29.65323,GEO_PAT,GEO_PAT,SpuhlerFieldMain,TeamExclusive,Team,20251010-SpuhlerFieldMain-Private-2,7ea0a8a0-a609-11f0-9d1c-cb0542a47c13,77.89485,NA,NA,5.76704,NA,NA,NA,NA,NA,NA,e373a8f3-b551-4f4e-929b-9412fc5d6156,2025-10-10,18:46:55,2025-10-10T18:46:55Z,2025-10-10T18:46:55Z,NA,v3,471300,471300,NA,"Vaughan, Logan",1000232024,Right,GEO_PAT,155916e0-545b-4d69-83fa-1bc7687a75da,55.17003,-115.94174,10.06449,5.74723,-1.73287,-14.82661,-2.75358,7.45506,1.09976,NA,NA,NA,NA,NA,NA,NA,NA,NA,NA,NA,NA,NA,NA,NA,NA,NA,NA,NA,NA,NA,NA,NA,NA,NA,NA,NA,NA,NA,NA,NA,NA,NA,NA,NA,NA,NA,NA,NA,NA,NA,NA,NA,NA,NA,NA,NA,NA,NA,NA,High,High,High,NA,NA,NA,NA,NA,NA,NA,NA,NA,NA,NA,NA,NA,NA,NA,NA,NA,NA,NA,NA,NA,NA,NA,NA,NA,NA,NA,NA,NA,NA,NA,NA,NA,NA,NA,NA,NA,NA,NA,NA,NA,NA,NA,NA,NA,NA,NA,NA,NA,NA,NA,NA,NA,NA,NA,NA,NA
NA,NA,NA,NA,NA,NA,NA,NA,NA,NA,NA,NA,NA,NA,NA,NA,30,2025-10-10,14:47:15,2,4,"Drumm, Jake",1000077041,Right,GEO_PAT,"Alberti, Lucas",1000145512,Right,GEO_PAT,Undefined,1,Bottom,1,2,1,Fastball,Sinker,StrikeCalled,Undefined,Undefined,Undefined,0,0,NA,87.56061,-2.413381,-3.764594,1933.349065,218.787258,01:15:00,5.85825,2.54582,5.97508,-23.56982,12.41934,9.17512,1.65053,-0.18471,81.28506,-6.78526,-2.119389,0.431775,NA,NA,NA,NA,NA,NA,NA,NA,NA,NA,NA,-5.63083,7.27819,-2.25263,50,5.65344,7.99504,-127.05173,-6.11908,-9.33806,22.47614,-20.10407,GEO_PAT,GEO_PAT,SpuhlerFieldMain,TeamExclusive,Team,20251010-SpuhlerFieldMain-Private-2,8aa41150-a609-11f0-9d1c-cb0542a47c13,87.29655,NA,NA,6.27555,NA,NA,NA,NA,NA,NA,e373a8f3-b551-4f4e-929b-9412fc5d6156,2025-10-10,18:47:15,2025-10-10T18:47:15Z,2025-10-10T18:47:15Z,NA,v3,471300,471300,NA,"Vaughan, Logan",1000232024,Right,GEO_PAT,9f158188-3265-4928-a3c3-881540782de0,54.5287,-127.85037,11.23807,5.85817,-5.40472,-10.05204,-2.54261,8.32685,-4.66903,NA,NA,NA,NA,NA,NA,NA,NA,NA,NA,NA,NA,NA,NA,NA,NA,NA,NA,NA,NA,NA,NA,NA,NA,NA,NA,NA,NA,NA,NA,NA,NA,NA,NA,NA,NA,NA,NA,NA,NA,NA,NA,NA,NA,NA,NA,NA,NA,NA,NA,High,High,High,NA,NA,NA,NA,NA,NA,NA,NA,NA,NA,NA,NA,NA,NA,NA,NA,NA,NA,NA,NA,NA,NA,NA,NA,NA,NA,NA,NA,NA,NA,NA,NA,NA,NA,NA,NA,NA,NA,NA,NA,NA,NA,NA,NA,NA,NA,NA,NA,NA,NA,NA,NA,NA,NA,NA,NA,NA
NA,NA,NA,NA,NA,NA,NA,NA,NA,NA,NA,NA,NA,NA,NA,NA,31,2025-10-10,14:47:31,2,5,"Drumm, Jake",1000077041,Right,GEO_PAT,"Alberti, Lucas",1000145512,Right,GEO_PAT,Undefined,1,Bottom,1,2,2,Fastball,Four-Seam,FoulBallNotFieldable,Undefined,Undefined,Undefined,0,0,NA,87.40746,-1.355039,-2.26411,1945.403326,215.576961,01:15:00,5.89711,2.56642,5.83289,-21.01159,15.35363,10.22178,2.88532,1.3125,80.58963,-5.287585,-0.432795,0.434025,61.90076,43.738942,168.361763,4068.188757,-109.30124,42.53886,12.37781,171.04312,64.24789,175.098347,3.061761,-5.8365,8.53296,-2.38778,50,5.77397,4.60661,-126.99079,-3.66698,-9.61361,23.89314,-18.11891,GEO_PAT,GEO_PAT,SpuhlerFieldMain,TeamExclusive,Team,20251010-SpuhlerFieldMain-Private-2,945880f0-a609-11f0-9d1c-cb0542a47c13,86.84398,45.48655,NA,6.81783,NA,NA,NA,1.52554,2.96305,-1.30125,e373a8f3-b551-4f4e-929b-9412fc5d6156,2025-10-10,18:47:31,2025-10-10T18:47:31Z,2025-10-10T18:47:31Z,Popup,v3,471300,471300,NA,"Vaughan, Logan",1000232024,Right,GEO_PAT,3101d062-6174-4b44-9b73-5d3618e9b2e0,54.67057,-127.86653,11.94657,5.8962,-3.00288,-9.05946,-2.56308,4.95897,-4.8068,335.06561,1.52538,-64.24261,1.06431,0.84224,-0.00861,-0.21814,0.13654,-0.0344,0.00315,2.96333,62.75583,-26.31682,2.6948,-0.16927,-0.18931,0.08317,-0.01362,7.6e-4,-1.30112,13.22665,-4.4954,0.91939,-0.03802,-0.06552,0.01872,-7.3e-4,-1.9e-4,NA,NA,NA,NA,NA,NA,NA,NA,NA,NA,NA,NA,NA,NA,NA,NA,NA,NA,NA,NA,NA,NA,High,High,High,High,Medium,NA,NA,NA,NA,NA,NA,NA,NA,NA,NA,NA,NA,NA,NA,NA,NA,NA,NA,NA,NA,NA,NA,NA,NA,NA,NA,NA,NA,NA,NA,NA,NA,NA,NA,NA,NA,NA,NA,NA,NA,NA,NA,NA,NA,NA,NA,NA,NA,NA,NA,NA,NA,NA,NA,NA
NA,NA,NA,NA,NA,NA,NA,NA,NA,NA,NA,NA,NA,NA,NA,NA,32,2025-10-10,14:47:50,2,6,"Drumm, Jake",1000077041,Right,GEO_PAT,"Alberti, Lucas",1000145512,Right,GEO_PAT,Undefined,1,Bottom,1,2,2,ChangeUp,Changeup,BallCalled,Undefined,Undefined,Undefined,0,0,NA,78.86218,-2.311177,-3.906404,1641.267313,233.843742,01:45:00,5.78343,2.58748,6.20277,-32.34632,12.05146,14.60757,0.9483,0.19314,72.76545,-8.323515,-1.273549,0.47957,NA,NA,NA,NA,NA,NA,NA,NA,NA,NA,NA,-8.69678,7.27122,-2.30092,50,5.59272,7.30724,-114.37105,-5.53448,-11.56314,20.34417,-22.5063,GEO_PAT,GEO_PAT,SpuhlerFieldMain,TeamExclusive,Team,20251010-SpuhlerFieldMain-Private-2,9fd50660-a609-11f0-9d1c-cb0542a47c13,78.59632,NA,NA,6.09673,NA,NA,NA,NA,NA,NA,e373a8f3-b551-4f4e-929b-9412fc5d6156,2025-10-10,18:47:50,2025-10-10T18:47:50Z,2025-10-10T18:47:50Z,NA,v3,471300,471300,NA,"Vaughan, Logan",1000232024,Right,GEO_PAT,f959e2ba-6662-4ace-a4c1-be5f42fcbec8,54.3012,-115.1336,10.17209,5.78436,-4.69089,-11.25315,-2.58294,7.74066,-5.78157,NA,NA,NA,NA,NA,NA,NA,NA,NA,NA,NA,NA,NA,NA,NA,NA,NA,NA,NA,NA,NA,NA,NA,NA,NA,NA,NA,NA,NA,NA,NA,NA,NA,NA,NA,NA,NA,NA,NA,NA,NA,NA,NA,NA,NA,NA,NA,NA,NA,NA,High,High,High,NA,NA,NA,NA,NA,NA,NA,NA,NA,NA,NA,NA,NA,NA,NA,NA,NA,NA,NA,NA,NA,NA,NA,NA,NA,NA,NA,NA,NA,NA,NA,NA,NA,NA,NA,NA,NA,NA,NA,NA,NA,NA,NA,NA,NA,NA,NA,NA,NA,NA,NA,NA,NA,NA,NA,NA,NA
NA,NA,NA,NA,NA,NA,NA,NA,NA,NA,NA,NA,NA,NA,NA,NA,33,2025-10-10,14:48:08,2,7,"Drumm, Jake",1000077041,Right,GEO_PAT,"Alberti, Lucas",1000145512,Right,GEO_PAT,Undefined,1,Bottom,1,3,2,Slider,Curveball,StrikeSwinging,Strikeout,Undefined,Undefined,0,0,NA,79.36009,-0.329574,-1.789882,2080.611566,53.793058,07:45:00,5.6808,2.78293,5.19826,-48.9864,-3.71095,-6.85646,1.28844,0.52737,73.62241,-9.162564,-3.006362,0.484287,NA,NA,NA,NA,NA,NA,NA,NA,NA,NA,NA,2.96126,-1.3711,-2.61156,50,5.6129,3.8781,-115.25943,-2.41146,4.00537,20.32315,-34.0286,GEO_PAT,GEO_PAT,SpuhlerFieldMain,TeamExclusive,Team,20251010-SpuhlerFieldMain-Private-2,aa13b4a0-a609-11f0-9d1c-cb0542a47c13,77.83078,NA,NA,5.73768,NA,NA,NA,NA,NA,NA,e373a8f3-b551-4f4e-929b-9412fc5d6156,2025-10-10,18:48:08,2025-10-10T18:48:08Z,2025-10-10T18:48:08Z,NA,v3,471300,471300,NA,"Vaughan, Logan",1000232024,Right,GEO_PAT,642547fa-2257-43c2-bc08-b2c92a5d193c,55.30602,-116.19125,10.16158,5.6877,-0.85124,-17.0143,-2.78515,3.69446,2.00268,NA,NA,NA,NA,NA,NA,NA,NA,NA,NA,NA,NA,NA,NA,NA,NA,NA,NA,NA,NA,NA,NA,NA,NA,NA,NA,NA,NA,66.37175,2.910061,1.87305,1.037012,-0.35899,0.99668,-0.43349,0.92136,5.51828,1.38573,69.86281,6.43777,-54.91868,0.98334,72.04941,-5.4203,5.56762,15.14481,-13.78829,1.28658,-61.55616,7.08312,High,High,High,NA,NA,High,High,High,NA,NA,NA,NA,NA,NA,NA,NA,NA,NA,NA,NA,NA,NA,NA,NA,NA,NA,NA,NA,NA,NA,NA,NA,NA,NA,NA,NA,NA,NA,NA,NA,NA,NA,NA,NA,NA,NA,NA,NA,NA,NA,NA,NA,NA,NA,NA,NA,NA,NA,NA,NA
NA,NA,NA,NA,NA,NA,NA,NA,NA,NA,NA,NA,NA,NA,NA,NA,34,2025-10-10,14:48:33,3,1,"Drumm, Jake",1000077041,Right,GEO_PAT,"Westley, Matthew",824016,Right,GEO_PAT,Undefined,1,Bottom,2,0,0,ChangeUp,Changeup,FoulBallNotFieldable,Undefined,Undefined,Undefined,0,0,NA,79.62095,-0.611543,-4.011491,1710.383709,210.545647,01:00:00,5.798,2.55415,6.07667,-28.51624,14.93473,8.0789,2.85437,-0.49056,73.63915,-5.929815,-2.561796,0.474429,95.73538,46.685957,39.52658,4366.773756,74.30705,106.23843,81.10718,295.79788,130.41523,57.846435,5.849868,-5.18642,8.2467,-2.24765,50,5.7352,7.81646,-115.56273,-2.04549,-7.09103,19.31008,-20.89892,GEO_PAT,GEO_PAT,SpuhlerFieldMain,TeamExclusive,Team,20251010-SpuhlerFieldMain-Private-2,b95f4370-a609-11f0-9d1c-cb0542a47c13,79.44806,129.18962,NA,5.9818,NA,NA,NA,1.48219,1.97828,-0.58857,e373a8f3-b551-4f4e-929b-9412fc5d6156,2025-10-10,18:48:33,2025-10-10T18:48:33Z,2025-10-10T18:48:33Z,FlyBall,v3,471300,471300,NA,"Vaughan, Logan",1000232024,Right,GEO_PAT,5eaf9c99-3261-4fda-90bb-6e1f9b37cc99,54.42656,-116.30004,9.65504,5.79807,-1.24751,-10.44946,-2.55128,8.08721,-3.54552,210.376142,1.50867,73.80822,-23.79923,4.68011,0.46229,-0.57688,0.15044,-0.01728,7.5e-4,1.96466,102.35907,-25.34603,2.79566,-0.51442,0.03992,0.01302,-0.0033,2.1e-4,-0.59153,61.33718,-5.66181,0.48333,0.08716,-0.05666,0.01439,-0.00181,9e-5,NA,NA,NA,NA,NA,NA,NA,NA,NA,NA,NA,NA,NA,NA,NA,NA,NA,NA,NA,NA,NA,NA,High,High,High,Medium,Low,NA,NA,NA,NA,NA,NA,NA,NA,NA,NA,NA,NA,NA,NA,NA,NA,NA,NA,NA,NA,NA,NA,NA,NA,NA,NA,NA,NA,NA,NA,NA,NA,NA,NA,NA,NA,NA,NA,NA,NA,NA,NA,NA,NA,NA,NA,NA,NA,NA,NA,NA,NA,NA,NA,NA
NA,NA,NA,NA,NA,NA,NA,NA,NA,NA,NA,NA,NA,NA,NA,NA,35,2025-10-10,14:48:52,3,2,"Drumm, Jake",1000077041,Right,GEO_PAT,"Westley, Matthew",824016,Right,GEO_PAT,Undefined,1,Bottom,2,0,1,Fastball,Four-Seam,InPlay,Undefined,Bunt,Out,1,0,NA,87.86481,-2.380354,-2.828975,2122.154944,200.569177,12:45:00,5.89273,2.57969,5.79763,-17.38359,19.43135,6.79886,2.22596,0.51266,79.49398,-5.69968,-1.612942,0.4367,30.62681,15.648422,-23.709127,1559.923834,NA,NA,NA,43.51794,42.21785,-24.745862,1.012816,-4.3854,11.06898,-2.35111,50,5.68657,6.00689,-127.2609,-5.79682,-7.10562,29.03746,-14.23906,GEO_PAT,GEO_PAT,SpuhlerFieldMain,TeamExclusive,Team,20251010-SpuhlerFieldMain-Private-2,c43c5490-a609-11f0-9d1c-cb0542a47c13,86.3119,4.86404,NA,8.37084,NA,NA,NA,3.07343,2.37885,-0.54578,e373a8f3-b551-4f4e-929b-9412fc5d6156,2025-10-10,18:48:52,2025-10-10T18:48:52Z,2025-10-10T18:48:52Z,GroundBall,v3,471300,471300,NA,"Vaughan, Logan",1000232024,Right,GEO_PAT,1ed87890-7c0e-4f0d-9703-49e70b31cf60,54.70369,-128.32966,14.51873,5.89029,-5.27273,-7.11953,-2.57701,6.26842,-3.55281,140.569398,3.07343,39.60318,-4.31004,0.76396,0.50614,-1.90744,2.61766,-1.65842,0.40772,2.37885,12.11665,-15.11195,0.92415,-0.57784,1.44033,-1.74987,1.02428,-0.23998,-0.54578,-17.3923,-0.00161,0.02898,-0.06634,-0.05168,0.05862,-0.02592,0.00545,NA,NA,NA,NA,NA,NA,NA,NA,NA,NA,NA,NA,NA,NA,NA,NA,NA,NA,NA,NA,NA,NA,High,High,High,High,High,NA,NA,NA,NA,NA,NA,NA,NA,NA,NA,NA,NA,NA,NA,NA,NA,NA,NA,NA,NA,NA,NA,NA,NA,NA,NA,NA,NA,NA,NA,NA,NA,NA,NA,NA,NA,NA,NA,NA,NA,NA,NA,NA,NA,NA,NA,NA,NA,NA,NA,NA,NA,NA,NA,NA
NA,NA,NA,NA,NA,NA,NA,NA,NA,NA,NA,NA,NA,NA,NA,NA,36,2025-10-10,14:51:57,1,1,"Rumberg, Logan",1000216384,Right,GEO_PAT,"Blanchard, Evan",10073877,Right,GEO_PAT,Undefined,2,Top,0,0,0,Fastball,Four-Seam,BallCalled,Undefined,Undefined,Undefined,0,0,NA,89.38022,-3.54679,-5.084317,1996.259693,218.340545,01:15:00,5.80572,2.39532,5.44586,-19.43296,16.7078,12.21528,0.84799,-1.35982,81.25098,-7.182225,-2.922239,0.432683,NA,NA,NA,NA,NA,NA,NA,NA,NA,NA,NA,-7.63559,9.82213,-1.95348,50,5.47758,10.92419,-128.94885,-8.6621,-12.78619,28.18042,-15.72642,GEO_PAT,GEO_PAT,SpuhlerFieldMain,TeamExclusive,Team,20251010-SpuhlerFieldMain-Private-2,32deee80-a60a-11f0-9d1c-cb0542a47c13,87.11323,NA,NA,8.12924,NA,NA,NA,NA,NA,NA,e373a8f3-b551-4f4e-929b-9412fc5d6156,2025-10-10,18:51:57,2025-10-10T18:51:57Z,2025-10-10T18:51:57Z,NA,v3,471300,471300,NA,"Cowdrey, Vincent",1000469295,Right,GEO_PAT,7a810fc1-894a-4c2f-9127-e211dc7c519f,55.05468,-130.0488,14.09021,5.8037,-8.04826,-7.86321,-2.38962,11.42327,-6.39309,NA,NA,NA,NA,NA,NA,NA,NA,NA,NA,NA,NA,NA,NA,NA,NA,NA,NA,NA,NA,NA,NA,NA,NA,NA,NA,NA,NA,NA,NA,NA,NA,NA,NA,NA,NA,NA,NA,NA,NA,NA,NA,NA,NA,NA,NA,NA,NA,NA,NA,High,High,High,NA,NA,NA,NA,NA,NA,NA,NA,NA,NA,NA,NA,NA,NA,NA,NA,NA,NA,NA,NA,NA,NA,NA,NA,NA,NA,NA,NA,NA,NA,NA,NA,NA,NA,NA,NA,NA,NA,NA,NA,NA,NA,NA,NA,NA,NA,NA,NA,NA,NA,NA,NA,NA,NA,NA,NA,NA
NA,NA,NA,NA,NA,NA,NA,NA,NA,NA,NA,NA,NA,NA,NA,NA,37,2025-10-10,14:52:21,1,2,"Rumberg, Logan",1000216384,Right,GEO_PAT,"Blanchard, Evan",10073877,Right,GEO_PAT,Undefined,2,Top,0,1,0,Fastball,Four-Seam,BallCalled,Undefined,Undefined,Undefined,0,0,NA,90.25952,-1.769845,-5.090643,2112.458827,215.73281,01:15:00,5.88177,2.48414,5.09255,-18.61347,17.22906,11.49918,2.65545,-1.36812,81.79987,-5.253502,-3.06983,0.430894,NA,NA,NA,NA,NA,NA,NA,NA,NA,NA,NA,-7.15981,9.41741,-2.01088,50,5.69969,11.05393,-130.29552,-4.68185,-12.24263,28.74167,-16.07111,GEO_PAT,GEO_PAT,SpuhlerFieldMain,TeamExclusive,Team,20251010-SpuhlerFieldMain-Private-2,4123e2c0-a60a-11f0-9d1c-cb0542a47c13,87.4749,NA,NA,8.45965,NA,NA,NA,NA,NA,NA,e373a8f3-b551-4f4e-929b-9412fc5d6156,2025-10-10,18:52:21,2025-10-10T18:52:21Z,2025-10-10T18:52:21Z,NA,v3,471300,471300,NA,"Cowdrey, Vincent",1000469295,Right,GEO_PAT,ee395e5a-ab88-470e-947a-9ab4a873e09d,55.40637,-131.48269,14.37084,5.87937,-4.01804,-8.03555,-2.4779,11.55961,-6.12132,NA,NA,NA,NA,NA,NA,NA,NA,NA,NA,NA,NA,NA,NA,NA,NA,NA,NA,NA,NA,NA,NA,NA,NA,NA,NA,NA,NA,NA,NA,NA,NA,NA,NA,NA,NA,NA,NA,NA,NA,NA,NA,NA,NA,NA,NA,NA,NA,NA,NA,High,High,High,NA,NA,NA,NA,NA,NA,NA,NA,NA,NA,NA,NA,NA,NA,NA,NA,NA,NA,NA,NA,NA,NA,NA,NA,NA,NA,NA,NA,NA,NA,NA,NA,NA,NA,NA,NA,NA,NA,NA,NA,NA,NA,NA,NA,NA,NA,NA,NA,NA,NA,NA,NA,NA,NA,NA,NA,NA
NA,NA,NA,NA,NA,NA,NA,NA,NA,NA,NA,NA,NA,NA,NA,NA,38,2025-10-10,14:52:39,1,3,"Rumberg, Logan",1000216384,Right,GEO_PAT,"Blanchard, Evan",10073877,Right,GEO_PAT,Undefined,2,Top,0,2,0,Fastball,Sinker,InPlay,Undefined,FlyBall,Out,1,0,NA,89.22995,-1.93617,-3.555574,2023.296207,223.621125,01:30:00,5.86171,2.54484,5.31091,-19.86753,16.27032,14.34418,2.38445,0.39836,81.18381,-5.652275,-1.014547,0.432666,92.33533,20.296894,-5.884235,1500.435191,109.87108,33.75272,-5.32359,277.27552,274.10994,1.41879,3.295008,-8.23323,9.07201,-2.23275,50,5.67166,7.37926,-129.17986,-5.04988,-13.85987,27.85784,-16.9022,GEO_PAT,GEO_PAT,SpuhlerFieldMain,TeamExclusive,Team,20251010-SpuhlerFieldMain-Private-2,4bb98aa0-a60a-11f0-9d1c-cb0542a47c13,87.11679,37.86558,NA,8.04613,NA,NA,NA,1.31738,2.40779,-0.40654,e373a8f3-b551-4f4e-929b-9412fc5d6156,2025-10-10,18:52:39,2025-10-10T18:52:39Z,2025-10-10T18:52:39Z,LineDrive,v3,471300,471300,NA,"Cowdrey, Vincent",1000469295,Right,GEO_PAT,19f817dd-4f84-4ed2-a82f-822ef39a9ba1,55.19071,-130.29444,13.92892,5.86018,-4.37364,-8.4511,-2.53908,7.93378,-6.92993,225.712617,1.31732,126.34865,-23.59354,5.61081,-1.18813,0.2205,-0.03432,0.00357,-1.2e-4,2.40772,46.98014,-16.19063,0.1825,0.21544,-0.03964,-0.00849,0.00518,-6.4e-4,-0.40654,-13.02115,11.33831,-4.23672,1.2407,-0.2973,0.05562,-0.00668,3.5e-4,NA,NA,NA,NA,NA,NA,NA,NA,NA,NA,NA,NA,NA,NA,NA,NA,NA,NA,NA,NA,NA,NA,High,High,High,High,High,NA,NA,NA,NA,NA,NA,NA,NA,NA,NA,NA,NA,NA,NA,NA,NA,NA,NA,NA,NA,NA,NA,NA,NA,NA,NA,NA,NA,NA,NA,NA,NA,NA,NA,NA,NA,NA,NA,NA,NA,NA,NA,NA,NA,NA,NA,NA,NA,NA,NA,NA,NA,NA,NA,NA
NA,NA,NA,NA,NA,NA,NA,NA,NA,NA,NA,NA,NA,NA,NA,NA,39,2025-10-10,14:53:15,2,1,"Rumberg, Logan",1000216384,Right,GEO_PAT,"Vaughan, Logan",1000232024,Left,GEO_PAT,Undefined,2,Top,1,0,0,ChangeUp,Changeup,StrikeCalled,Undefined,Undefined,Undefined,0,0,NA,81.54425,-1.008968,-2.629836,1778.722736,228.01538,01:30:00,5.70732,2.67471,5.2308,-29.91462,13.90028,13.64371,2.26483,1.33771,73.52892,-6.560665,-0.21246,0.476411,NA,NA,NA,NA,NA,NA,NA,NA,NA,NA,NA,-7.61745,7.73111,-2.44276,50,5.59255,4.83469,-117.99779,-3.07266,-10.57449,25.6772,-21.44178,GEO_PAT,GEO_PAT,SpuhlerFieldMain,TeamExclusive,Team,20251010-SpuhlerFieldMain-Private-2,615bb810-a60a-11f0-9d1c-cb0542a47c13,79.11741,NA,NA,8.01534,NA,NA,NA,NA,NA,NA,e373a8f3-b551-4f4e-929b-9412fc5d6156,2025-10-10,18:53:15,2025-10-10T18:53:15Z,2025-10-10T18:53:15Z,NA,v3,471300,471300,NA,"Cowdrey, Vincent",1000469295,Right,GEO_PAT,928c9c1b-c4ff-45ab-a5ff-47a3788d367d,55.26722,-119.13847,12.8386,5.70789,-2.12014,-10.72089,-2.66796,5.30445,-5.28725,NA,NA,NA,NA,NA,NA,NA,NA,NA,NA,NA,NA,NA,NA,NA,NA,NA,NA,NA,NA,NA,NA,NA,NA,NA,NA,NA,NA,NA,NA,NA,NA,NA,NA,NA,NA,NA,NA,NA,NA,NA,NA,NA,NA,NA,NA,NA,NA,NA,NA,High,High,High,NA,NA,NA,NA,NA,NA,NA,NA,NA,NA,NA,NA,NA,NA,NA,NA,NA,NA,NA,NA,NA,NA,NA,NA,NA,NA,NA,NA,NA,NA,NA,NA,NA,NA,NA,NA,NA,NA,NA,NA,NA,NA,NA,NA,NA,NA,NA,NA,NA,NA,NA,NA,NA,NA,NA,NA,NA
NA,NA,NA,NA,NA,NA,NA,NA,NA,NA,NA,NA,NA,NA,NA,NA,40,2025-10-10,14:53:31,2,2,"Rumberg, Logan",1000216384,Right,GEO_PAT,"Vaughan, Logan",1000232024,Left,GEO_PAT,Undefined,2,Top,1,0,1,Fastball,Four-Seam,StrikeCalled,Undefined,Undefined,Undefined,0,0,NA,90.8216,-2.005649,-2.716042,2097.986815,219.379868,01:15:00,5.90735,2.53698,4.89849,-19.4567,15.94343,12.10572,2.38596,0.97484,82.60656,-5.617912,-0.585374,0.428227,NA,NA,NA,NA,NA,NA,NA,NA,NA,NA,NA,-6.76681,8.79756,-2.28158,50,5.695,5.65307,-131.47857,-5.32633,-11.79913,28.88394,-16.83397,GEO_PAT,GEO_PAT,SpuhlerFieldMain,TeamExclusive,Team,20251010-SpuhlerFieldMain-Private-2,6ad78b80-a60a-11f0-9d1c-cb0542a47c13,88.01982,NA,NA,8.21504,NA,NA,NA,NA,NA,NA,e373a8f3-b551-4f4e-929b-9412fc5d6156,2025-10-10,18:53:31,2025-10-10T18:53:31Z,2025-10-10T18:53:31Z,NA,v3,471300,471300,NA,"Cowdrey, Vincent",1000469295,Right,GEO_PAT,a1903e29-9d07-48e4-8fcf-a93ae858b8da,55.60245,-132.70364,14.44197,5.90576,-4.61234,-8.41698,-2.53197,6.15351,-5.89957,NA,NA,NA,NA,NA,NA,NA,NA,NA,NA,NA,NA,NA,NA,NA,NA,NA,NA,NA,NA,NA,NA,NA,NA,NA,NA,NA,NA,NA,NA,NA,NA,NA,NA,NA,NA,NA,NA,NA,NA,NA,NA,NA,NA,NA,NA,NA,NA,NA,NA,High,High,High,NA,NA,NA,NA,NA,NA,NA,NA,NA,NA,NA,NA,NA,NA,NA,NA,NA,NA,NA,NA,NA,NA,NA,NA,NA,NA,NA,NA,NA,NA,NA,NA,NA,NA,NA,NA,NA,NA,NA,NA,NA,NA,NA,NA,NA,NA,NA,NA,NA,NA,NA,NA,NA,NA,NA,NA,NA
NA,NA,NA,NA,NA,NA,NA,NA,NA,NA,NA,NA,NA,NA,NA,NA,41,2025-10-10,14:53:51,2,3,"Rumberg, Logan",1000216384,Right,GEO_PAT,"Vaughan, Logan",1000232024,Left,GEO_PAT,Undefined,2,Top,1,0,2,Slider,Slider,BallCalled,Undefined,Undefined,Undefined,0,0,NA,81.40948,-1.433914,-3.282493,2394.662971,131.809086,10:30:00,5.54479,2.5787,5.02799,-40.88431,2.21059,-1.16862,0.78219,-0.61948,75.97944,-8.776,-3.488695,0.472481,NA,NA,NA,NA,NA,NA,NA,NA,NA,NA,NA,-0.19634,1.73858,-2.2633,50,5.37399,6.82252,-118.12483,-4.45557,-0.28124,19.57655,-29.68345,GEO_PAT,GEO_PAT,SpuhlerFieldMain,TeamExclusive,Team,20251010-SpuhlerFieldMain-Private-2,7705adb0-a60a-11f0-9d1c-cb0542a47c13,79.77558,NA,NA,5.43004,NA,NA,NA,NA,NA,NA,e373a8f3-b551-4f4e-929b-9412fc5d6156,2025-10-10,18:53:51,2025-10-10T18:53:51Z,2025-10-10T18:53:51Z,NA,v3,471300,471300,NA,"Cowdrey, Vincent",1000469295,Right,GEO_PAT,8ede00ba-b0b0-4026-be7a-877820c80921,55.47701,-119.02906,9.78827,5.54813,-3.08451,-14.84173,-2.57873,6.83551,-0.14062,NA,NA,NA,NA,NA,NA,NA,NA,NA,NA,NA,NA,NA,NA,NA,NA,NA,NA,NA,NA,NA,NA,NA,NA,NA,NA,NA,NA,NA,NA,NA,NA,NA,NA,NA,NA,NA,NA,NA,NA,NA,NA,NA,NA,NA,NA,NA,NA,NA,NA,High,High,High,NA,NA,NA,NA,NA,NA,NA,NA,NA,NA,NA,NA,NA,NA,NA,NA,NA,NA,NA,NA,NA,NA,NA,NA,NA,NA,NA,NA,NA,NA,NA,NA,NA,NA,NA,NA,NA,NA,NA,NA,NA,NA,NA,NA,NA,NA,NA,NA,NA,NA,NA,NA,NA,NA,NA,NA,NA
NA,NA,NA,NA,NA,NA,NA,NA,NA,NA,NA,NA,NA,NA,NA,NA,42,2025-10-10,14:54:06,2,4,"Rumberg, Logan",1000216384,Right,GEO_PAT,"Vaughan, Logan",1000232024,Left,GEO_PAT,Undefined,2,Top,1,1,2,Fastball,Sinker,InPlay,Undefined,GroundBall,Single,0,0,NA,89.75017,-2.079185,-2.693644,2010.015753,230.924658,01:45:00,5.8199,2.3676,5.22522,-24.2736,11.23906,12.48843,1.83928,0.87395,82.44877,-6.540135,-0.481024,0.428907,92.45833,-7.177854,-2.511017,NA,NA,NA,NA,14.66695,13.02632,-5.51016,0.098097,-6.9991,6.49929,-2.12889,50,5.60983,5.55911,-130.13222,-5.62962,-12.05104,26.26162,-20.98353,GEO_PAT,GEO_PAT,SpuhlerFieldMain,TeamExclusive,Team,20251010-SpuhlerFieldMain-Private-2,7fb668f0-a60a-11f0-9d1c-cb0542a47c13,87.88029,1.84902,NA,7.30139,NA,NA,NA,1.62965,1.84902,-0.85802,e373a8f3-b551-4f4e-929b-9412fc5d6156,2025-10-10,18:54:06,2025-10-10T18:54:06Z,2025-10-10T18:54:06Z,GroundBall,v3,471300,471300,NA,"Cowdrey, Vincent",1000469295,Right,GEO_PAT,508c0f43-026c-4d2a-a32e-de5d4d4ade1e,55.27788,-131.19301,13.13081,5.82012,-4.78203,-10.49177,-2.36327,6.0459,-6.02552,343.205721,1.62982,134.39084,-22.25547,NA,NA,NA,NA,NA,NA,1.84915,-16.96164,-19.26572,NA,NA,NA,NA,NA,NA,-0.85805,-5.89021,2.86189,NA,NA,NA,NA,NA,NA,NA,NA,NA,NA,NA,NA,NA,NA,NA,NA,NA,NA,NA,NA,NA,NA,NA,NA,NA,NA,NA,NA,High,High,High,High,High,NA,NA,NA,NA,NA,NA,NA,NA,NA,NA,NA,NA,NA,NA,NA,NA,NA,NA,NA,NA,NA,NA,NA,NA,NA,NA,NA,NA,NA,NA,NA,NA,NA,NA,NA,NA,NA,NA,NA,NA,NA,NA,NA,NA,NA,NA,NA,NA,NA,NA,NA,NA,NA,NA,NA
NA,NA,NA,NA,NA,NA,NA,NA,NA,NA,NA,NA,NA,NA,NA,NA,43,2025-10-10,14:54:42,3,1,"Rumberg, Logan",1000216384,Right,GEO_PAT,"McCarthy, Jack",1000469298,Right,GEO_PAT,Undefined,2,Top,1,0,0,Slider,Slider,BallCalled,Undefined,Undefined,Undefined,0,0,NA,81.66413,-1.959749,-5.140644,2248.539627,84.513763,08:45:00,5.71873,2.35965,5.16966,-42.65605,1.3535,-2.10784,0.31149,-2.6671,74.38726,-9.664995,-5.511978,0.477469,NA,NA,NA,NA,NA,NA,NA,NA,NA,NA,NA,-0.59689,1.75547,-1.87756,50,5.50287,10.68805,-117.82136,-5.58368,-0.82693,25.39797,-29.74198,GEO_PAT,GEO_PAT,SpuhlerFieldMain,TeamExclusive,Team,20251010-SpuhlerFieldMain-Private-2,9540efb0-a60a-11f0-9d1c-cb0542a47c13,78.94224,NA,NA,7.27686,NA,NA,NA,NA,NA,NA,e373a8f3-b551-4f4e-929b-9412fc5d6156,2025-10-10,18:54:42,2025-10-10T18:54:42Z,2025-10-10T18:54:42Z,NA,v3,471300,471300,NA,"Cowdrey, Vincent",1000469295,Right,GEO_PAT,1c9388c4-8508-47ab-8620-aa6612707a5d,55.33076,-118.96493,12.69899,5.72413,-4.24452,-14.87099,-2.35964,10.72528,-0.41346,NA,NA,NA,NA,NA,NA,NA,NA,NA,NA,NA,NA,NA,NA,NA,NA,NA,NA,NA,NA,NA,NA,NA,NA,NA,NA,NA,NA,NA,NA,NA,NA,NA,NA,NA,NA,NA,NA,NA,NA,NA,NA,NA,NA,NA,NA,NA,NA,NA,NA,High,High,High,NA,NA,NA,NA,NA,NA,NA,NA,NA,NA,NA,NA,NA,NA,NA,NA,NA,NA,NA,NA,NA,NA,NA,NA,NA,NA,NA,NA,NA,NA,NA,NA,NA,NA,NA,NA,NA,NA,NA,NA,NA,NA,NA,NA,NA,NA,NA,NA,NA,NA,NA,NA,NA,NA,NA,NA,NA
NA,NA,NA,NA,NA,NA,NA,NA,NA,NA,NA,NA,NA,NA,NA,NA,44,2025-10-10,14:55:07,3,2,"Rumberg, Logan",1000216384,Right,GEO_PAT,"McCarthy, Jack",1000469298,Right,GEO_PAT,Undefined,2,Top,1,1,0,Fastball,Sinker,StrikeCalled,Undefined,Undefined,Undefined,0,0,NA,90.13246,-1.491065,-4.066323,2099.350442,235.293828,01:45:00,5.88835,2.22887,5.04659,-22.73308,12.94981,17.00977,2.58356,-0.19582,82.21486,-5.686666,-1.069673,0.429934,NA,NA,NA,NA,NA,NA,NA,NA,NA,NA,NA,-9.56756,7.18248,-1.8548,50,5.72806,8.46953,-130.438,-4.25359,-16.48218,27.456,-19.80068,GEO_PAT,GEO_PAT,SpuhlerFieldMain,TeamExclusive,Team,20251010-SpuhlerFieldMain-Private-2,a3eff060-a60a-11f0-9d1c-cb0542a47c13,87.67037,NA,NA,7.9176,NA,NA,NA,NA,NA,NA,e373a8f3-b551-4f4e-929b-9412fc5d6156,2025-10-10,18:55:07,2025-10-10T18:55:07Z,2025-10-10T18:55:07Z,NA,v3,471300,471300,NA,"Cowdrey, Vincent",1000469295,Right,GEO_PAT,e3fb7a32-845f-4863-b7f2-c3a939c2be5a,55.45534,-131.58129,13.728,5.88802,-3.42908,-9.90034,-2.22177,9.15586,-8.24109,NA,NA,NA,NA,NA,NA,NA,NA,NA,NA,NA,NA,NA,NA,NA,NA,NA,NA,NA,NA,NA,NA,NA,NA,NA,NA,NA,NA,NA,NA,NA,NA,NA,NA,NA,NA,NA,NA,NA,NA,NA,NA,NA,NA,NA,NA,NA,NA,NA,NA,High,High,High,NA,NA,NA,NA,NA,NA,NA,NA,NA,NA,NA,NA,NA,NA,NA,NA,NA,NA,NA,NA,NA,NA,NA,NA,NA,NA,NA,NA,NA,NA,NA,NA,NA,NA,NA,NA,NA,NA,NA,NA,NA,NA,NA,NA,NA,NA,NA,NA,NA,NA,NA,NA,NA,NA,NA,NA,NA
NA,NA,NA,NA,NA,NA,NA,NA,NA,NA,NA,NA,NA,NA,NA,NA,45,2025-10-10,14:55:26,3,3,"Rumberg, Logan",1000216384,Right,GEO_PAT,"McCarthy, Jack",1000469298,Right,GEO_PAT,Undefined,2,Top,1,1,1,Fastball,Sinker,BallCalled,Undefined,Undefined,Undefined,0,0,NA,90.33495,-3.343848,-3.621856,2047.303251,226.651516,01:30:00,5.90898,2.22148,5.27372,-21.96257,13.27768,12.85253,0.92794,-0.11411,82.73543,-7.394956,-1.345602,0.427259,NA,NA,NA,NA,NA,NA,NA,NA,NA,NA,NA,-7.48028,7.91729,-1.90009,50,5.58657,7.69222,-130.68898,-8.44491,-12.94446,27.39391,-18.47336,GEO_PAT,GEO_PAT,SpuhlerFieldMain,TeamExclusive,Team,20251010-SpuhlerFieldMain-Private-2,af975660-a60a-11f0-9d1c-cb0542a47c13,88.21926,NA,NA,7.59952,NA,NA,NA,NA,NA,NA,e373a8f3-b551-4f4e-929b-9412fc5d6156,2025-10-10,18:55:26,2025-10-10T18:55:26Z,2025-10-10T18:55:26Z,NA,v3,471300,471300,NA,"Cowdrey, Vincent",1000469295,Right,GEO_PAT,f16141d6-ac7b-45f2-b149-9dec8205ab79,55.22907,-131.7805,13.69696,5.9084,-7.70884,-9.23668,-2.21686,8.20799,-6.47223,NA,NA,NA,NA,NA,NA,NA,NA,NA,NA,NA,NA,NA,NA,NA,NA,NA,NA,NA,NA,NA,NA,NA,NA,NA,NA,NA,NA,NA,NA,NA,NA,NA,NA,NA,NA,NA,NA,NA,NA,NA,NA,NA,NA,NA,NA,NA,NA,NA,NA,High,High,High,NA,NA,NA,NA,NA,NA,NA,NA,NA,NA,NA,NA,NA,NA,NA,NA,NA,NA,NA,NA,NA,NA,NA,NA,NA,NA,NA,NA,NA,NA,NA,NA,NA,NA,NA,NA,NA,NA,NA,NA,NA,NA,NA,NA,NA,NA,NA,NA,NA,NA,NA,NA,NA,NA,NA,NA,NA
NA,NA,NA,NA,NA,NA,NA,NA,NA,NA,NA,NA,NA,NA,NA,NA,46,2025-10-10,14:55:46,3,4,"Rumberg, Logan",1000216384,Right,GEO_PAT,"McCarthy, Jack",1000469298,Right,GEO_PAT,Undefined,2,Top,1,2,1,Slider,Slider,BallCalled,Undefined,Undefined,Undefined,0,0,NA,79.88153,-1.128205,-5.328129,2293.374378,231.30043,01:45:00,5.58992,2.47876,4.92971,-44.78294,2.0298,0.29335,0.78672,-2.5482,72.02034,-9.228122,-5.276715,0.49244,NA,NA,NA,NA,NA,NA,NA,NA,NA,NA,NA,-1.98795,1.91776,-1.95861,50,5.44281,10.72018,-115.08102,-3.90018,-2.6051,25.9012,-29.66092,GEO_PAT,GEO_PAT,SpuhlerFieldMain,TeamExclusive,Team,20251010-SpuhlerFieldMain-Private-2,bb090660-a60a-11f0-9d1c-cb0542a47c13,76.54216,NA,NA,7.86119,NA,NA,NA,NA,NA,NA,e373a8f3-b551-4f4e-929b-9412fc5d6156,2025-10-10,18:55:46,2025-10-10T18:55:46Z,2025-10-10T18:55:46Z,NA,v3,471300,471300,NA,"Cowdrey, Vincent",1000469295,Right,GEO_PAT,29efaf24-73da-4a86-a87d-4f1aae75c9c6,55.56869,-116.32761,12.9506,5.59617,-2.47264,-14.83046,-2.47758,10.84555,-1.30255,NA,NA,NA,NA,NA,NA,NA,NA,NA,NA,NA,NA,NA,NA,NA,NA,NA,NA,NA,NA,NA,NA,NA,NA,NA,NA,NA,NA,NA,NA,NA,NA,NA,NA,NA,NA,NA,NA,NA,NA,NA,NA,NA,NA,NA,NA,NA,NA,NA,NA,High,High,High,NA,NA,NA,NA,NA,NA,NA,NA,NA,NA,NA,NA,NA,NA,NA,NA,NA,NA,NA,NA,NA,NA,NA,NA,NA,NA,NA,NA,NA,NA,NA,NA,NA,NA,NA,NA,NA,NA,NA,NA,NA,NA,NA,NA,NA,NA,NA,NA,NA,NA,NA,NA,NA,NA,NA,NA,NA
NA,NA,NA,NA,NA,NA,NA,NA,NA,NA,NA,NA,NA,NA,NA,NA,47,2025-10-10,14:56:21,3,5,"Rumberg, Logan",1000216384,Right,GEO_PAT,"McCarthy, Jack",1000469298,Right,GEO_PAT,Undefined,2,Top,1,3,1,Fastball,Sinker,InPlay,Undefined,LineDrive,Single,0,1,NA,89.60072,-1.715872,-4.165546,2068.956045,230.50435,01:45:00,5.8296,2.28123,5.12538,-21.24001,14.8132,16.52119,2.43864,-0.27252,81.64164,-5.657926,-1.251653,0.432159,103.23132,7.560532,17.274641,2859.177866,102.5218,11.25526,39.86576,204.03749,204.03749,25.090758,1.803796,-9.44182,8.21111,-1.90275,50,5.65188,8.68329,-129.64818,-4.65769,-16.04614,27.48817,-18.21947,GEO_PAT,GEO_PAT,SpuhlerFieldMain,TeamExclusive,Team,20251010-SpuhlerFieldMain-Private-2,cfd93dd0-a60a-11f0-9d1c-cb0542a47c13,87.21894,11.2531,NA,7.95909,NA,NA,NA,1.32998,2.45373,0.27193,e373a8f3-b551-4f4e-929b-9412fc5d6156,2025-10-10,18:56:21,2025-10-10T18:56:21Z,2025-10-10T18:56:21Z,LineDrive,v3,471300,471300,NA,"Cowdrey, Vincent",1000469295,Right,GEO_PAT,059e06b9-8afd-480b-8a09-e5faacfe8d7c,55.37716,-130.78329,13.74409,5.82868,-3.90533,-9.10973,-2.275,9.34591,-8.02307,233.919631,1.32994,143.3234,-33.9668,8.74973,-2.4629,0.95836,-0.35916,0.08249,-0.00793,2.45381,19.91328,-10.08232,-2.29727,1.84777,-1.30451,0.61419,-0.15621,0.01618,0.27197,44.56567,4.07883,-2.27587,1.18129,-0.69827,0.31094,-0.0777,0.00799,NA,NA,NA,NA,NA,NA,NA,NA,NA,NA,NA,NA,NA,NA,NA,NA,NA,NA,NA,NA,NA,NA,High,High,High,High,High,NA,NA,NA,NA,NA,NA,NA,NA,NA,NA,NA,NA,NA,NA,NA,NA,NA,NA,NA,NA,NA,NA,NA,NA,NA,NA,NA,NA,NA,NA,NA,NA,NA,NA,NA,NA,NA,NA,NA,NA,NA,NA,NA,NA,NA,NA,NA,NA,NA,NA,NA,NA,NA,NA,NA
NA,NA,NA,NA,NA,NA,NA,NA,NA,NA,NA,NA,NA,NA,NA,NA,48,2025-10-10,14:57:08,4,1,"Rumberg, Logan",1000216384,Right,GEO_PAT,"Ramsey, Caleb",1000469291,Right,GEO_PAT,Undefined,2,Top,1,0,0,Slider,Slider,BallCalled,Undefined,Undefined,Undefined,0,0,NA,80.66434,0.352826,-3.441436,2318.074525,132.851735,10:30:00,5.56553,2.4599,4.83646,-40.58219,4.27717,-3.08185,2.5184,-1.05973,73.92571,-6.986839,-3.982237,0.482057,NA,NA,NA,NA,NA,NA,NA,NA,NA,NA,NA,0.55331,2.42693,-2.11593,50,5.56584,7.15628,-116.79621,-0.77993,0.76367,22.16239,-28.82436,GEO_PAT,GEO_PAT,SpuhlerFieldMain,TeamExclusive,Team,20251010-SpuhlerFieldMain-Private-2,ec56ca40-a60a-11f0-9d1c-cb0542a47c13,78.19091,NA,NA,6.73863,NA,NA,NA,NA,NA,NA,e373a8f3-b551-4f4e-929b-9412fc5d6156,2025-10-10,18:57:08,2025-10-10T18:57:08Z,2025-10-10T18:57:08Z,NA,v3,471300,471300,NA,"Cowdrey, Vincent",1000469295,Right,GEO_PAT,1f138fa5-047b-4778-a16e-14bc1697f6be,55.6649,-117.86624,11.0812,5.5699,0.61175,-14.41218,-2.46056,7.11941,0.38183,NA,NA,NA,NA,NA,NA,NA,NA,NA,NA,NA,NA,NA,NA,NA,NA,NA,NA,NA,NA,NA,NA,NA,NA,NA,NA,NA,NA,NA,NA,NA,NA,NA,NA,NA,NA,NA,NA,NA,NA,NA,NA,NA,NA,NA,NA,NA,NA,NA,NA,High,High,High,NA,NA,NA,NA,NA,NA,NA,NA,NA,NA,NA,NA,NA,NA,NA,NA,NA,NA,NA,NA,NA,NA,NA,NA,NA,NA,NA,NA,NA,NA,NA,NA,NA,NA,NA,NA,NA,NA,NA,NA,NA,NA,NA,NA,NA,NA,NA,NA,NA,NA,NA,NA,NA,NA,NA,NA,NA
NA,NA,NA,NA,NA,NA,NA,NA,NA,NA,NA,NA,NA,NA,NA,NA,49,2025-10-10,14:57:27,4,2,"Rumberg, Logan",1000216384,Right,GEO_PAT,"Ramsey, Caleb",1000469291,Right,GEO_PAT,Undefined,2,Top,1,1,0,Slider,Slider,BallCalled,Undefined,Undefined,Undefined,0,0,NA,79.94034,-0.909971,-3.732974,2246.176503,103.117069,09:30:00,5.55196,2.56211,5.03232,-42.39884,1.89142,-3.58579,1.15823,-1.2639,75.31162,-8.499721,-4.364829,0.478989,NA,NA,NA,NA,NA,NA,NA,NA,NA,NA,NA,1.01953,1.40347,-2.20167,50,5.43004,7.71622,-116.08586,-3.37229,1.4247,16.82666,-30.21286,GEO_PAT,GEO_PAT,SpuhlerFieldMain,TeamExclusive,Team,20251010-SpuhlerFieldMain-Private-2,f7c7b6f0-a60a-11f0-9d1c-cb0542a47c13,78.69167,NA,NA,4.62872,NA,NA,NA,NA,NA,NA,e373a8f3-b551-4f4e-929b-9412fc5d6156,2025-10-10,18:57:27,2025-10-10T18:57:27Z,2025-10-10T18:57:27Z,NA,v3,471300,471300,NA,"Cowdrey, Vincent",1000469295,Right,GEO_PAT,583b8923-e8f2-498e-ac9e-736f69d37105,55.47372,-116.87659,8.41333,5.55515,-1.95252,-15.10643,-2.5627,7.64928,0.71235,NA,NA,NA,NA,NA,NA,NA,NA,NA,NA,NA,NA,NA,NA,NA,NA,NA,NA,NA,NA,NA,NA,NA,NA,NA,NA,NA,NA,NA,NA,NA,NA,NA,NA,NA,NA,NA,NA,NA,NA,NA,NA,NA,NA,NA,NA,NA,NA,NA,NA,High,High,High,NA,NA,NA,NA,NA,NA,NA,NA,NA,NA,NA,NA,NA,NA,NA,NA,NA,NA,NA,NA,NA,NA,NA,NA,NA,NA,NA,NA,NA,NA,NA,NA,NA,NA,NA,NA,NA,NA,NA,NA,NA,NA,NA,NA,NA,NA,NA,NA,NA,NA,NA,NA,NA,NA,NA,NA,NA
NA,NA,NA,NA,NA,NA,NA,NA,NA,NA,NA,NA,NA,NA,NA,NA,50,2025-10-10,14:58:17,4,3,"Rumberg, Logan",1000216384,Right,GEO_PAT,"Ramsey, Caleb",1000469291,Right,GEO_PAT,Undefined,2,Top,1,2,0,Fastball,Four-Seam,StrikeSwinging,Undefined,Undefined,Undefined,0,0,NA,89.37921,-1.597192,-3.477704,2003.862453,207.074284,01:00:00,6.01977,2.51999,5.28076,-15.43709,20.85785,9.99812,3.2301,0.08288,80.67621,-4.547962,-1.70862,0.433605,NA,NA,NA,NA,NA,NA,NA,NA,NA,NA,NA,-6.0467,11.27469,-2.20979,50,5.86302,7.39214,-129.287,-4.07351,-10.12869,29.55633,-13.28806,GEO_PAT,GEO_PAT,SpuhlerFieldMain,TeamExclusive,Team,20251010-SpuhlerFieldMain-Private-2,1546add0-a60b-11f0-9d1c-cb0542a47c13,86.92802,NA,NA,8.70299,NA,NA,NA,NA,NA,NA,e373a8f3-b551-4f4e-929b-9412fc5d6156,2025-10-10,18:58:17,2025-10-10T18:58:17Z,2025-10-10T18:58:17Z,NA,v3,471300,471300,NA,"Cowdrey, Vincent",1000469295,Right,GEO_PAT,f2174e26-299d-4404-a8c8-294fddbe299a,55.21805,-130.47444,14.77816,6.01595,-3.53965,-6.64403,-2.51494,7.79907,-5.06434,NA,NA,NA,NA,NA,NA,NA,NA,NA,NA,NA,NA,NA,NA,NA,NA,NA,NA,NA,NA,NA,NA,NA,NA,NA,NA,NA,NA,NA,NA,NA,NA,NA,NA,NA,NA,NA,NA,NA,NA,NA,NA,NA,NA,NA,NA,NA,NA,NA,NA,High,High,High,NA,NA,NA,NA,NA,NA,NA,NA,NA,NA,NA,NA,NA,NA,NA,NA,NA,NA,NA,NA,NA,NA,NA,NA,NA,NA,NA,NA,NA,NA,NA,NA,NA,NA,NA,NA,NA,NA,NA,NA,NA,NA,NA,NA,NA,NA,NA,NA,NA,NA,NA,NA,NA,NA,NA,NA,NA
NA,NA,NA,NA,NA,NA,NA,NA,NA,NA,NA,NA,NA,NA,NA,NA,51,2025-10-10,14:58:29,4,4,"Rumberg, Logan",1000216384,Right,GEO_PAT,"Ramsey, Caleb",1000469291,Right,GEO_PAT,Undefined,2,Top,1,2,1,Fastball,Sinker,BallCalled,Undefined,Undefined,Undefined,0,0,NA,90.566,-0.225558,-2.398072,2033.771183,223.547017,01:30:00,6.04818,2.13651,4.92944,-20.43135,15.36343,13.38418,4.13216,0.98355,81.57829,-4.042435,-0.04085,0.430607,NA,NA,NA,NA,NA,NA,NA,NA,NA,NA,NA,-7.308,8.00717,-1.91442,50,6.01,4.8298,-131.07541,-1.25982,-12.56228,30.79096,-18.40993,GEO_PAT,GEO_PAT,SpuhlerFieldMain,TeamExclusive,Team,20251010-SpuhlerFieldMain-Private-2,1c153b90-a60b-11f0-9d1c-cb0542a47c13,87.53321,NA,NA,8.98771,NA,NA,NA,NA,NA,NA,e373a8f3-b551-4f4e-929b-9412fc5d6156,2025-10-10,18:58:29,2025-10-10T18:58:29Z,2025-10-10T18:58:29Z,NA,v3,471300,471300,NA,"Cowdrey, Vincent",1000469295,Right,GEO_PAT,9b0f8908-f8fe-46ec-8ef7-9e474694c0ea,55.56888,-132.37713,15.39548,6.04681,-0.48152,-9.20497,-2.12983,5.36089,-6.28114,NA,NA,NA,NA,NA,NA,NA,NA,NA,NA,NA,NA,NA,NA,NA,NA,NA,NA,NA,NA,NA,NA,NA,NA,NA,NA,NA,NA,NA,NA,NA,NA,NA,NA,NA,NA,NA,NA,NA,NA,NA,NA,NA,NA,NA,NA,NA,NA,NA,NA,High,High,High,NA,NA,NA,NA,NA,NA,NA,NA,NA,NA,NA,NA,NA,NA,NA,NA,NA,NA,NA,NA,NA,NA,NA,NA,NA,NA,NA,NA,NA,NA,NA,NA,NA,NA,NA,NA,NA,NA,NA,NA,NA,NA,NA,NA,NA,NA,NA,NA,NA,NA,NA,NA,NA,NA,NA,NA,NA
NA,NA,NA,NA,NA,NA,NA,NA,NA,NA,NA,NA,NA,NA,NA,NA,52,2025-10-10,14:58:42,4,5,"Rumberg, Logan",1000216384,Right,GEO_PAT,"Ramsey, Caleb",1000469291,Right,GEO_PAT,Undefined,2,Top,1,3,1,Fastball,Sinker,InPlay,Undefined,LineDrive,Single,0,0,NA,89.07902,-1.959453,-3.402536,2059.879572,228.270504,01:30:00,5.8093,2.34907,5.01123,-23.68533,13.29572,13.40249,1.98199,0.25049,80.45639,-6.344001,-1.040203,0.437684,95.06325,13.840581,24.008167,4248.274195,96.38763,20.87369,53.00329,251.2643,246.98604,36.51916,2.614107,-7.75178,7.58697,-2.03375,50,5.60236,7.03435,-128.7962,-5.28621,-12.85554,29.92451,-19.59185,GEO_PAT,GEO_PAT,SpuhlerFieldMain,TeamExclusive,Team,20251010-SpuhlerFieldMain-Private-2,24174040-a60b-11f0-9d1c-cb0542a47c13,86.11786,22.09375,NA,8.62263,NA,NA,NA,1.61003,2.01251,-0.26346,e373a8f3-b551-4f4e-929b-9412fc5d6156,2025-10-10,18:58:42,2025-10-10T18:58:42Z,2025-10-10T18:58:42Z,LineDrive,v3,471300,471300,NA,"Cowdrey, Vincent",1000469295,Right,GEO_PAT,aadbf666-07f2-4d4b-9471-48cfa3fca597,55.48967,-130.06542,14.96225,5.80894,-4.45524,-9.79593,-2.34367,7.5796,-6.42777,242.265816,1.61,123.66863,-27.41708,5.68101,-1.15434,0.18779,-0.02356,0.00181,-5e-5,2.01253,33.35146,-14.57591,0.60962,-0.00763,-0.0026,-1.5e-4,4.9e-4,-8e-5,-0.26341,55.07542,4.7417,-3.00049,0.98503,-0.23261,0.03805,-0.00362,1.3e-4,NA,NA,NA,NA,NA,NA,NA,NA,NA,NA,NA,NA,NA,NA,NA,NA,NA,NA,NA,NA,NA,NA,High,High,High,High,High,NA,NA,NA,NA,NA,NA,NA,NA,NA,NA,NA,NA,NA,NA,NA,NA,NA,NA,NA,NA,NA,NA,NA,NA,NA,NA,NA,NA,NA,NA,NA,NA,NA,NA,NA,NA,NA,NA,NA,NA,NA,NA,NA,NA,NA,NA,NA,NA,NA,NA,NA,NA,NA,NA,NA
NA,NA,NA,NA,NA,NA,NA,NA,NA,NA,NA,NA,NA,NA,NA,NA,53,2025-10-10,14:59:16,5,1,"Rumberg, Logan",1000216384,Right,GEO_PAT,"Bagnerise , Julius",1000469309,Right,GEO_PAT,Undefined,2,Top,1,0,0,Slider,Slider,BallCalled,Undefined,Undefined,Undefined,0,0,NA,81.10539,-0.728287,-4.74168,2280.110679,218.115066,01:15:00,5.67138,2.59996,5.02388,-42.15034,2.69646,0.83996,1.46919,-1.81494,73.464340000000007,-8.375225,-4.594041,0.481989,NA,NA,NA,NA,NA,NA,NA,NA,NA,NA,NA,-1.9552,2.05555,-2.14563,50,5.56784,9.67499,-117.07503,-3.02671,-2.67087,25.35806,-29.3661,GEO_PAT,GEO_PAT,SpuhlerFieldMain,TeamExclusive,Team,20251010-SpuhlerFieldMain-Private-2,389a6920-a60b-11f0-9d1c-cb0542a47c13,78.20189,NA,NA,7.64105,NA,NA,NA,NA,NA,NA,e373a8f3-b551-4f4e-929b-9412fc5d6156,2025-10-10,18:59:16,2025-10-10T18:59:16Z,2025-10-10T18:59:16Z,NA,v3,471300,471300,NA,"Cowdrey, Vincent",1000469295,Right,GEO_PAT,8dc8006d-ffc0-427d-9712-36f5857ac495,55.47542,-118.25504,12.67903,5.67689,-1.66019,-14.68305,-2.59873,9.79928,-1.33543,NA,NA,NA,NA,NA,NA,NA,NA,NA,NA,NA,NA,NA,NA,NA,NA,NA,NA,NA,NA,NA,NA,NA,NA,NA,NA,NA,NA,NA,NA,NA,NA,NA,NA,NA,NA,NA,NA,NA,NA,NA,NA,NA,NA,NA,NA,NA,NA,NA,NA,High,High,High,NA,NA,NA,NA,NA,NA,NA,NA,NA,NA,NA,NA,NA,NA,NA,NA,NA,NA,NA,NA,NA,NA,NA,NA,NA,NA,NA,NA,NA,NA,NA,NA,NA,NA,NA,NA,NA,NA,NA,NA,NA,NA,NA,NA,NA,NA,NA,NA,NA,NA,NA,NA,NA,NA,NA,NA,NA
NA,NA,NA,NA,NA,NA,NA,NA,NA,NA,NA,NA,NA,NA,NA,NA,54,2025-10-10,14:59:40,5,2,"Rumberg, Logan",1000216384,Right,GEO_PAT,"Bagnerise , Julius",1000469309,Right,GEO_PAT,Undefined,2,Top,1,1,0,Fastball,Sinker,BallCalled,Undefined,Undefined,Undefined,0,0,NA,89.94705,-2.617918,-2.486138,2071.26588,227.898851,01:30:00,5.82317,2.51884,5.15984,-22.26848,13.18642,13.37363,1.49915,1.2916,82.64737,-6.716096,-0.118985,0.428558,NA,NA,NA,NA,NA,NA,NA,NA,NA,NA,NA,-7.32965,7.60083,-2.29729,50,5.56154,5.04288,-130.36526,-6.78648,-12.67307,26.20049,-19.03209,GEO_PAT,GEO_PAT,SpuhlerFieldMain,TeamExclusive,Team,20251010-SpuhlerFieldMain-Private-2,469f2010-a60b-11f0-9d1c-cb0542a47c13,87.95177,NA,NA,7.29968,NA,NA,NA,NA,NA,NA,e373a8f3-b551-4f4e-929b-9412fc5d6156,2025-10-10,18:59:40,2025-10-10T18:59:40Z,2025-10-10T18:59:40Z,NA,v3,471300,471300,NA,"Cowdrey, Vincent",1000469295,Right,GEO_PAT,29dd07cc-a721-478d-a24c-ab1b928d2cf5,55.34239,-131.43458,13.10024,5.82267,-6.00973,-9.51605,-2.51365,5.56011,-6.33654,NA,NA,NA,NA,NA,NA,NA,NA,NA,NA,NA,NA,NA,NA,NA,NA,NA,NA,NA,NA,NA,NA,NA,NA,NA,NA,NA,NA,NA,NA,NA,NA,NA,NA,NA,NA,NA,NA,NA,NA,NA,NA,NA,NA,NA,NA,NA,NA,NA,NA,High,High,High,NA,NA,NA,NA,NA,NA,NA,NA,NA,NA,NA,NA,NA,NA,NA,NA,NA,NA,NA,NA,NA,NA,NA,NA,NA,NA,NA,NA,NA,NA,NA,NA,NA,NA,NA,NA,NA,NA,NA,NA,NA,NA,NA,NA,NA,NA,NA,NA,NA,NA,NA,NA,NA,NA,NA,NA,NA
NA,NA,NA,NA,NA,NA,NA,NA,NA,NA,NA,NA,NA,NA,NA,NA,55,2025-10-10,15:00:06,5,3,"Rumberg, Logan",1000216384,Right,GEO_PAT,"Bagnerise , Julius",1000469309,Right,GEO_PAT,Undefined,2,Top,1,2,0,Fastball,Sinker,StrikeCalled,Undefined,Undefined,Undefined,0,0,NA,87.64964,-1.7489,-3.192046,1977.127064,231.131579,01:45:00,5.73923,2.70738,5.19997,-25.23025,12.35839,13.76717,1.9886,0.84905,79.85032,-6.406932,-0.755797,0.441265,NA,NA,NA,NA,NA,NA,NA,NA,NA,NA,NA,-7.8013,7.04311,-2.42218,50,5.55815,6.45814,-126.9219,-4.78858,-12.67541,26.9356,-20.73054,GEO_PAT,GEO_PAT,SpuhlerFieldMain,TeamExclusive,Team,20251010-SpuhlerFieldMain-Private-2,56504e80-a60b-11f0-9d1c-cb0542a47c13,85.41897,NA,NA,7.79932,NA,NA,NA,NA,NA,NA,e373a8f3-b551-4f4e-929b-9412fc5d6156,2025-10-10,19:00:06,2025-10-10T19:00:06Z,2025-10-10T19:00:06Z,NA,v3,471300,471300,NA,"Cowdrey, Vincent",1000469295,Right,GEO_PAT,5a914ea1-da3f-4467-bb01-9c434e8fa272,55.30133,-128.04202,13.4678,5.73936,-3.9265,-10.36527,-2.7017,6.98524,-6.3377,NA,NA,NA,NA,NA,NA,NA,NA,NA,NA,NA,NA,NA,NA,NA,NA,NA,NA,NA,NA,NA,NA,NA,NA,NA,NA,NA,NA,NA,NA,NA,NA,NA,NA,NA,NA,NA,NA,NA,NA,NA,NA,NA,NA,NA,NA,NA,NA,NA,NA,High,High,High,NA,NA,NA,NA,NA,NA,NA,NA,NA,NA,NA,NA,NA,NA,NA,NA,NA,NA,NA,NA,NA,NA,NA,NA,NA,NA,NA,NA,NA,NA,NA,NA,NA,NA,NA,NA,NA,NA,NA,NA,NA,NA,NA,NA,NA,NA,NA,NA,NA,NA,NA,NA,NA,NA,NA,NA,NA
NA,NA,NA,NA,NA,NA,NA,NA,NA,NA,NA,NA,NA,NA,NA,NA,56,2025-10-10,15:00:26,5,4,"Rumberg, Logan",1000216384,Right,GEO_PAT,"Bagnerise , Julius",1000469309,Right,GEO_PAT,Undefined,2,Top,1,2,1,ChangeUp,Changeup,InPlay,Undefined,GroundBall,Error,0,0,NA,82.18275,-0.782,-3.423147,1773.265284,246.533318,02:15:00,5.5981,2.54629,5.12069,-34.05309,9.62418,18.2154,2.02234,0.8358,73.59379,-7.067181,-0.203925,0.475663,73.2716,-29.280413,18.195267,NA,NA,NA,NA,5.58438,5.58438,3.383649,0.039787,-10.27182,5.52347,-2.23901,50,5.49853,6.3206,-118.76883,-2.81069,-14.32633,27.74348,-24.47034,GEO_PAT,GEO_PAT,SpuhlerFieldMain,TeamExclusive,Team,20251010-SpuhlerFieldMain-Private-2,6206cfb0-a60b-11f0-9d1c-cb0542a47c13,79.24194,2.09695,NA,8.58896,NA,NA,NA,2.02193,2.09695,-0.83815,e373a8f3-b551-4f4e-929b-9412fc5d6156,2025-10-10,19:00:26,2025-10-10T19:00:26Z,2025-10-10T19:00:26Z,GroundBall,v3,471300,471300,NA,"Cowdrey, Vincent",1000469295,Right,GEO_PAT,ff7da84e-c63a-41a4-9456-b3c717518453,55.37897,-120.01874,13.87174,5.60032,-1.70824,-12.23517,-2.5383,6.96604,-7.16316,NA,2.02034,89.29441,NA,NA,NA,NA,NA,NA,NA,2.09788,-52.70492,NA,NA,NA,NA,NA,NA,NA,-0.83867,29.35034,NA,NA,NA,NA,NA,NA,NA,NA,NA,NA,NA,NA,NA,NA,NA,NA,NA,NA,NA,NA,NA,NA,NA,NA,NA,NA,NA,NA,NA,High,High,High,Estimated,Estimated,NA,NA,NA,NA,NA,NA,NA,NA,NA,NA,NA,NA,NA,NA,NA,NA,NA,NA,NA,NA,NA,NA,NA,NA,NA,NA,NA,NA,NA,NA,NA,NA,NA,NA,NA,NA,NA,NA,NA,NA,NA,NA,NA,NA,NA,NA,NA,NA,NA,NA,NA,NA,NA,NA,NA
NA,NA,NA,NA,NA,NA,NA,NA,NA,NA,NA,NA,NA,NA,NA,NA,57,2025-10-10,15:01:37,6,1,"Rumberg, Logan",1000216384,Right,GEO_PAT,"Bagnerise , Julius",1000469309,Right,GEO_PAT,Undefined,2,Top,1,0,0,Fastball,Sinker,StrikeCalled,Undefined,Undefined,Undefined,0,0,NA,88.12383,-1.792113,-3.697625,1924.476851,236.121535,01:45:00,5.81209,2.59592,5.12234,-23.73978,13.66103,18.42686,2.14159,0.6436,80.04242,-6.187894,-0.443807,0.440161,NA,NA,NA,NA,NA,NA,NA,NA,NA,NA,NA,-10.22674,7.69512,-2.26272,50,5.62522,7.38772,-127.50021,-4.85084,-16.73908,27.6011,-19.57871,GEO_PAT,GEO_PAT,SpuhlerFieldMain,TeamExclusive,Team,20251010-SpuhlerFieldMain-Private-2,8c2f8160-a60b-11f0-9d1c-cb0542a47c13,85.63321,NA,NA,8.08141,NA,NA,NA,NA,NA,NA,e373a8f3-b551-4f4e-929b-9412fc5d6156,2025-10-10,19:01:37,2025-10-10T19:01:37Z,2025-10-10T19:01:37Z,NA,v3,471300,471300,NA,"Cowdrey, Vincent",1000469295,Right,GEO_PAT,95aaedde-afcd-49a2-b87f-f4d9a2290bca,55.37861,-128.6593,13.80055,5.81167,-4.02865,-9.78936,-2.58772,8.09066,-8.36954,NA,NA,NA,NA,NA,NA,NA,NA,NA,NA,NA,NA,NA,NA,NA,NA,NA,NA,NA,NA,NA,NA,NA,NA,NA,NA,NA,NA,NA,NA,NA,NA,NA,NA,NA,NA,NA,NA,NA,NA,NA,NA,NA,NA,NA,NA,NA,NA,NA,NA,High,High,High,NA,NA,NA,NA,NA,NA,NA,NA,NA,NA,NA,NA,NA,NA,NA,NA,NA,NA,NA,NA,NA,NA,NA,NA,NA,NA,NA,NA,NA,NA,NA,NA,NA,NA,NA,NA,NA,NA,NA,NA,NA,NA,NA,NA,NA,NA,NA,NA,NA,NA,NA,NA,NA,NA,NA,NA,NA
NA,NA,NA,NA,NA,NA,NA,NA,NA,NA,NA,NA,NA,NA,NA,NA,58,2025-10-10,15:02:13,6,2,"Rumberg, Logan",1000216384,Right,GEO_PAT,"Terilli, Lucas",1000469290,Left,GEO_PAT,Undefined,2,Top,1,0,1,Fastball,Changeup,BallCalled,Undefined,Undefined,Undefined,0,0,NA,87.30322,-0.839356,-2.735815,1928.776814,233.830468,01:45:00,5.81248,2.61992,5.13292,-25.63627,12.36162,15.14493,2.88467,1.30349,79.31173,-5.579082,-0.058058,0.443661,NA,NA,NA,NA,NA,NA,NA,NA,NA,NA,NA,-8.29473,6.77536,-2.37511,50,5.71423,5.34475,-126.46168,-2.78195,-13.35944,27.10096,-21.26174,GEO_PAT,GEO_PAT,SpuhlerFieldMain,TeamExclusive,Team,20251010-SpuhlerFieldMain-Private-2,a1f674e0-a60b-11f0-9d1c-cb0542a47c13,84.95773,NA,NA,7.99148,NA,NA,NA,NA,NA,NA,e373a8f3-b551-4f4e-929b-9412fc5d6156,2025-10-10,19:02:13,2025-10-10T19:02:13Z,2025-10-10T19:02:13Z,NA,v3,471300,471300,NA,"Cowdrey, Vincent",1000469295,Right,GEO_PAT,7455115f-b584-45c5-b40c-684e2c0ab1b2,55.36702,-127.60665,13.55048,5.81279,-1.88367,-10.63087,-2.61284,5.90916,-6.67972,NA,NA,NA,NA,NA,NA,NA,NA,NA,NA,NA,NA,NA,NA,NA,NA,NA,NA,NA,NA,NA,NA,NA,NA,NA,NA,NA,NA,NA,NA,NA,NA,NA,NA,NA,NA,NA,NA,NA,NA,NA,NA,NA,NA,NA,NA,NA,NA,NA,NA,High,High,High,NA,NA,NA,NA,NA,NA,NA,NA,NA,NA,NA,NA,NA,NA,NA,NA,NA,NA,NA,NA,NA,NA,NA,NA,NA,NA,NA,NA,NA,NA,NA,NA,NA,NA,NA,NA,NA,NA,NA,NA,NA,NA,NA,NA,NA,NA,NA,NA,NA,NA,NA,NA,NA,NA,NA,NA,NA
NA,NA,NA,NA,NA,NA,NA,NA,NA,NA,NA,NA,NA,NA,NA,NA,59,2025-10-10,15:02:32,6,3,"Rumberg, Logan",1000216384,Right,GEO_PAT,"Terilli, Lucas",1000469290,Left,GEO_PAT,Undefined,2,Top,1,1,1,ChangeUp,Changeup,BallCalled,Undefined,Undefined,Undefined,0,0,NA,82.59356,-1.672738,-4.698268,1830.781734,249.320378,02:15:00,5.71,2.69865,5.0615,-35.65026,7.53599,15.69493,1.15594,-0.434,74.59368,-8.189904,-1.933268,0.472981,NA,NA,NA,NA,NA,NA,NA,NA,NA,NA,NA,-9.31288,4.73764,-2.26407,50,5.52247,9.11584,-119.2172,-4.77456,-13.19331,26.26574,-25.46238,GEO_PAT,GEO_PAT,SpuhlerFieldMain,TeamExclusive,Team,20251010-SpuhlerFieldMain-Private-2,ad4a3ca0-a60b-11f0-9d1c-cb0542a47c13,79.69118,NA,NA,7.99988,NA,NA,NA,NA,NA,NA,e373a8f3-b551-4f4e-929b-9412fc5d6156,2025-10-10,19:02:32,2025-10-10T19:02:32Z,2025-10-10T19:02:32Z,NA,v3,471300,471300,NA,"Cowdrey, Vincent",1000469295,Right,GEO_PAT,a021db61-fc47-47d5-9978-3a8ff805b136,55.43868,-120.40947,13.13287,5.71297,-3.61875,-12.73119,-2.69146,9.71472,-6.59665,NA,NA,NA,NA,NA,NA,NA,NA,NA,NA,NA,NA,NA,NA,NA,NA,NA,NA,NA,NA,NA,NA,NA,NA,NA,NA,NA,NA,73.28947,2.263243,1.405235,0.858008,0.71859,1.05482,0.45734,5.21312,5.53514,-3.50729,65.47093,5.92556,-59.30834,5.23996,75.29082,-5.96853,5.54147,10.52176,-11.75056,-3.5765,-74.45308,11.1548,High,High,High,NA,NA,High,High,High,NA,NA,NA,NA,NA,NA,NA,NA,NA,NA,NA,NA,NA,NA,NA,NA,NA,NA,NA,NA,NA,NA,NA,NA,NA,NA,NA,NA,NA,NA,NA,NA,NA,NA,NA,NA,NA,NA,NA,NA,NA,NA,NA,NA,NA,NA,NA,NA,NA,NA,NA,NA
NA,NA,NA,NA,NA,NA,NA,NA,NA,NA,NA,NA,NA,NA,NA,NA,60,2025-10-10,15:02:58,6,4,"Rumberg, Logan",1000216384,Right,GEO_PAT,"Terilli, Lucas",1000469290,Left,GEO_PAT,Undefined,2,Top,1,2,1,Fastball,Sinker,FoulBallNotFieldable,Undefined,Undefined,Undefined,0,0,NA,89.43768,-0.966037,-4.609201,1970.678734,241.42998,02:00:00,5.88052,2.47683,5.20515,-24.69029,11.83934,19.26966,2.91138,-0.26179,80.4927,-5.553784,-1.207792,0.435005,68.69919,41.24283,-140.382506,3800.851954,-91.34686,44.92494,-61.28416,179.25089,60.23575,-151.4719,3.034636,-11.09257,6.59024,-2.06455,50,5.77265,9.52476,-129.21782,-3.08266,-18.49235,30.44389,-21.18748,GEO_PAT,GEO_PAT,SpuhlerFieldMain,TeamExclusive,Team,20251010-SpuhlerFieldMain-Private-2,bceb1760-a60b-11f0-9d1c-cb0542a47c13,86.64836,46.11938,NA,8.94498,NA,NA,NA,1.29657,2.84723,0.3387,e373a8f3-b551-4f4e-929b-9412fc5d6156,2025-10-10,19:02:58,2025-10-10T19:02:58Z,2025-10-10T19:02:58Z,Popup,v3,471300,471300,NA,"Cowdrey, Vincent",1000469295,Right,GEO_PAT,d1a64ffc-0328-4325-a607-0a6bc5c6ca04,55.29573,-130.45953,15.22195,5.88076,-2.21849,-10.59374,-2.46842,10.27901,-9.24617,26.541894,1.29638,-58.35674,0.18698,1.03559,-0.23384,-0.00124,0.03485,-0.01216,0.0013,2.84764,66.40619,-29.50358,3.5053,-0.20998,-0.2697,0.13729,-0.02764,0.00207,0.33816,-48.29154,6.71117,0.21266,-0.34876,0.15726,-0.01359,-0.00692,0.00124,NA,NA,NA,NA,NA,NA,NA,NA,NA,NA,NA,NA,NA,NA,NA,NA,NA,NA,NA,NA,NA,NA,High,High,High,High,Low,NA,NA,NA,NA,NA,NA,NA,NA,NA,NA,NA,NA,NA,NA,NA,NA,NA,NA,NA,NA,NA,NA,NA,NA,NA,NA,NA,NA,NA,NA,NA,NA,NA,NA,NA,NA,NA,NA,NA,NA,NA,NA,NA,NA,NA,NA,NA,NA,NA,NA,NA,NA,NA,NA,NA
NA,NA,NA,NA,NA,NA,NA,NA,NA,NA,NA,NA,NA,NA,NA,NA,61,2025-10-10,15:03:28,6,5,"Rumberg, Logan",1000216384,Right,GEO_PAT,"Terilli, Lucas",1000469290,Left,GEO_PAT,Undefined,2,Top,1,2,2,Slider,Changeup,InPlay,Undefined,FlyBall,Out,2,0,NA,81.79114,-1.549374,-4.083591,1774.205722,232.123905,01:45:00,5.64979,2.73618,5.20843,-31.03435,12.16355,13.77375,1.6024,0.03701,74.66157,-7.251581,-1.649141,0.473045,89.52146,24.830588,-16.582314,3754.453534,103.21164,43.14534,-38.04415,294.69123,293.50108,-26.909475,3.98681,-8.08772,6.93642,-2.36872,50,5.48295,7.87708,-118.34964,-4.26563,-11.43187,23.3057,-22.36954,GEO_PAT,GEO_PAT,SpuhlerFieldMain,TeamExclusive,Team,20251010-SpuhlerFieldMain-Private-2,ce7831c0-a60b-11f0-9d1c-cb0542a47c13,79.6804,51.85691,NA,7.12957,NA,NA,NA,1.53969,1.63808,-0.04163,e373a8f3-b551-4f4e-929b-9412fc5d6156,2025-10-10,19:03:28,2025-10-10T19:03:28Z,2025-10-10T19:03:28Z,LineDrive,v3,471300,471300,NA,"Cowdrey, Vincent",1000469295,Right,GEO_PAT,89611b3d-6e07-4681-b758-e09e24ebcb4f,55.29345,-119.38748,11.65285,5.65073,-3.26947,-11.18477,-2.73083,8.38617,-5.71594,140.876012,1.53887,114.22365,-23.74184,5.59407,-1.32517,0.33606,-0.0799,0.01223,-7.8e-4,1.6391,55.11153,-16.05387,0.33102,0.26182,-0.16324,0.0525,-0.00812,4.8e-4,-0.04144,-34.01713,-2.09986,1.37648,-0.29408,0.00283,0.01326,-0.00293,2.1e-4,NA,NA,NA,NA,NA,NA,NA,NA,NA,NA,NA,NA,NA,NA,NA,NA,NA,NA,NA,NA,NA,NA,High,High,High,High,Medium,NA,NA,NA,NA,NA,NA,NA,NA,NA,NA,NA,NA,NA,NA,NA,NA,NA,NA,NA,NA,NA,NA,NA,NA,NA,NA,NA,NA,NA,NA,NA,NA,NA,NA,NA,NA,NA,NA,NA,NA,NA,NA,NA,NA,NA,NA,NA,NA,NA,NA,NA,NA,NA,NA,NA
NA,NA,NA,NA,NA,NA,NA,NA,NA,NA,NA,NA,NA,NA,NA,NA,62,2025-10-10,15:05:47,1,1,"Drumm, Jake",1000077041,Right,GEO_PAT,"Cowdrey, Vincent",1000469295,Right,GEO_PAT,Undefined,2,Bottom,0,0,0,Slider,Curveball,BallCalled,Undefined,Undefined,Undefined,0,0,NA,75.67833,2.342824,-1.371797,2087.424647,130.262191,10:15:00,5.92727,2.66576,5.49489,-42.93077,5.82162,-5.3941,4.54319,0.93274,70.38741,-5.503947,-2.331571,0.502538,NA,NA,NA,NA,NA,NA,NA,NA,NA,NA,NA,2.41063,2.81099,-2.54192,50,6.10321,2.83417,-109.97288,3.13798,3.00553,16.1975,-28.66934,GEO_PAT,GEO_PAT,SpuhlerFieldMain,TeamExclusive,Team,20251010-SpuhlerFieldMain-Private-2,214c9210-a60c-11f0-9d1c-cb0542a47c13,75.00409,NA,NA,5.29092,NA,NA,NA,NA,NA,NA,e373a8f3-b551-4f4e-929b-9412fc5d6156,2025-10-10,19:05:47,2025-10-10T19:05:47Z,2025-10-10T19:05:47Z,NA,v3,471300,471300,NA,"Vaughan, Logan",1000232024,Right,GEO_PAT,20585a48-8371-4c50-b917-3b6ce9d2cccb,55.00836,-110.70808,8.09875,5.93124,4.43928,-14.33467,-2.66747,2.69775,1.50277,NA,NA,NA,NA,NA,NA,NA,NA,NA,NA,NA,NA,NA,NA,NA,NA,NA,NA,NA,NA,NA,NA,NA,NA,NA,NA,NA,NA,NA,NA,NA,NA,NA,NA,NA,NA,NA,NA,NA,NA,NA,NA,NA,NA,NA,NA,NA,NA,NA,NA,High,High,High,NA,NA,NA,NA,NA,NA,NA,NA,NA,NA,NA,NA,NA,NA,NA,NA,NA,NA,NA,NA,NA,NA,NA,NA,NA,NA,NA,NA,NA,NA,NA,NA,NA,NA,NA,NA,NA,NA,NA,NA,NA,NA,NA,NA,NA,NA,NA,NA,NA,NA,NA,NA,NA,NA,NA,NA,NA
NA,NA,NA,NA,NA,NA,NA,NA,NA,NA,NA,NA,NA,NA,NA,NA,63,2025-10-10,15:06:02,1,2,"Drumm, Jake",1000077041,Right,GEO_PAT,"Cowdrey, Vincent",1000469295,Right,GEO_PAT,Undefined,2,Bottom,0,1,0,Slider,Curveball,StrikeCalled,Undefined,Undefined,Undefined,0,0,NA,77.59042,-0.252906,-2.938156,2080.677681,144.767131,10:45:00,5.86145,2.62318,5.30549,-40.24585,6.67276,-3.81118,2.2699,-0.45509,72.23813,-7.560081,-3.61359,0.492997,NA,NA,NA,NA,NA,NA,NA,NA,NA,NA,NA,1.21799,3.79299,-2.35317,50,5.80895,5.92873,-112.66065,-1.8349,1.58679,17.84737,-27.23254,GEO_PAT,GEO_PAT,SpuhlerFieldMain,TeamExclusive,Team,20251010-SpuhlerFieldMain-Private-2,2a396bf0-a60c-11f0-9d1c-cb0542a47c13,76.45576,NA,NA,5.3523,NA,NA,NA,NA,NA,NA,e373a8f3-b551-4f4e-929b-9412fc5d6156,2025-10-10,19:06:02,2025-10-10T19:06:02Z,2025-10-10T19:06:02Z,NA,v3,471300,471300,NA,"Vaughan, Logan",1000232024,Right,GEO_PAT,546e82f4-6ab3-43ea-8143-701464385072,55.19793,-113.4811,8.92368,5.86453,-0.583,-13.61627,-2.62404,5.85578,0.79339,NA,NA,NA,NA,NA,NA,NA,NA,NA,NA,NA,NA,NA,NA,NA,NA,NA,NA,NA,NA,NA,NA,NA,NA,NA,NA,NA,NA,NA,NA,NA,NA,NA,NA,NA,NA,NA,NA,NA,NA,NA,NA,NA,NA,NA,NA,NA,NA,NA,NA,High,High,High,NA,NA,NA,NA,NA,NA,NA,NA,NA,NA,NA,NA,NA,NA,NA,NA,NA,NA,NA,NA,NA,NA,NA,NA,NA,NA,NA,NA,NA,NA,NA,NA,NA,NA,NA,NA,NA,NA,NA,NA,NA,NA,NA,NA,NA,NA,NA,NA,NA,NA,NA,NA,NA,NA,NA,NA,NA
NA,NA,NA,NA,NA,NA,NA,NA,NA,NA,NA,NA,NA,NA,NA,NA,64,2025-10-10,15:06:23,1,3,"Drumm, Jake",1000077041,Right,GEO_PAT,"Cowdrey, Vincent",1000469295,Right,GEO_PAT,Undefined,2,Bottom,0,1,1,ChangeUp,Four-Seam,FoulBallNotFieldable,Undefined,Undefined,Undefined,0,0,NA,83.70247,-0.951092,-2.945511,1981.556743,187.743504,12:15:00,5.96686,2.46726,5.89457,-25.17749,14.67127,1.82732,2.98441,-0.11775,76.80023,-5.657729,-2.618234,0.454338,72.38307,15.852919,160.242341,2823.907262,-105.82884,10.64554,30.003,148.91716,52.27191,165.695303,1.684333,-1.73898,8.15248,-2.23086,50,5.87566,6.17855,-121.46727,-2.78204,-2.60399,23.2891,-19.96631,GEO_PAT,GEO_PAT,SpuhlerFieldMain,TeamExclusive,Team,20251010-SpuhlerFieldMain-Private-2,36c5dac0-a60c-11f0-9d1c-cb0542a47c13,82.96127,13.74522,NA,6.90224,NA,NA,NA,0.57433,2.87627,0.17254,e373a8f3-b551-4f4e-929b-9412fc5d6156,2025-10-10,19:06:23,2025-10-10T19:06:23Z,2025-10-10T19:06:23Z,LineDrive,v3,471300,471300,NA,"Vaughan, Logan",1000232024,Right,GEO_PAT,983ba5bb-e54b-4fca-8077-a73384ca9a85,54.60701,-122.34739,11.64455,5.96653,-2.02749,-9.98316,-2.46621,6.27696,-1.30199,288.426636,0.57433,-96.11197,6.74652,-0.59316,0.08969,-0.0014,2.3e-4,-9e-5,1e-5,2.87627,29.00006,-20.53755,1.80231,-0.35224,0.0708,-0.01076,0.00159,-1.5e-4,0.17254,34.52223,-9.66587,1.72647,-0.37836,0.06634,-0.01195,0.00198,-1.6e-4,NA,NA,NA,NA,NA,NA,NA,NA,NA,NA,NA,NA,NA,NA,NA,NA,NA,NA,NA,NA,NA,NA,High,High,High,High,Medium,NA,NA,NA,NA,NA,NA,NA,NA,NA,NA,NA,NA,NA,NA,NA,NA,NA,NA,NA,NA,NA,NA,NA,NA,NA,NA,NA,NA,NA,NA,NA,NA,NA,NA,NA,NA,NA,NA,NA,NA,NA,NA,NA,NA,NA,NA,NA,NA,NA,NA,NA,NA,NA,NA,NA
NA,NA,NA,NA,NA,NA,NA,NA,NA,NA,NA,NA,NA,NA,NA,NA,65,2025-10-10,15:06:42,1,4,"Drumm, Jake",1000077041,Right,GEO_PAT,"Cowdrey, Vincent",1000469295,Right,GEO_PAT,Undefined,2,Bottom,0,1,2,Fastball,Four-Seam,InPlay,Undefined,GroundBall,Single,0,0,NA,85.72541,-2.045257,-3.825716,2130.830668,204.20388,12:45:00,6.00516,2.47993,5.98124,-18.20048,19.99269,8.41016,2.5875,-0.37085,78.05956,-5.516296,-2.318909,0.444799,97.90734,4.306607,0.451823,1387.968248,NA,NA,NA,78.75271,78.07272,1.271882,0.596126,-5.44323,11.25398,-2.18182,50,5.83306,7.96862,-124.17723,-4.94066,-8.46371,25.83629,-14.67514,GEO_PAT,GEO_PAT,SpuhlerFieldMain,TeamExclusive,Team,20251010-SpuhlerFieldMain-Private-2,422429d0-a60c-11f0-9d1c-cb0542a47c13,84.7403,3.67354,NA,7.66585,NA,NA,NA,1.45693,2.61394,0.32979,e373a8f3-b551-4f4e-929b-9412fc5d6156,2025-10-10,19:06:42,2025-10-10T19:06:42Z,2025-10-10T19:06:42Z,GroundBall,v3,471300,471300,NA,"Vaughan, Logan",1000232024,Right,GEO_PAT,8e0b9a48-335a-462c-9956-5512c5d0fa14,54.51997,-125.11412,12.91815,6.00258,-4.4085,-7.33757,-2.47635,8.27554,-4.23185,345.265069,1.49225,142.38504,-21.5865,NA,NA,NA,NA,NA,NA,2.65798,9.77782,-23.99545,NA,NA,NA,NA,NA,NA,0.32294,1.28629,1.87003,NA,NA,NA,NA,NA,NA,NA,NA,NA,NA,NA,NA,NA,NA,NA,NA,NA,NA,NA,NA,NA,NA,NA,NA,NA,NA,NA,NA,High,High,High,High,High,NA,NA,NA,NA,NA,NA,NA,NA,NA,NA,NA,NA,NA,NA,NA,NA,NA,NA,NA,NA,NA,NA,NA,NA,NA,NA,NA,NA,NA,NA,NA,NA,NA,NA,NA,NA,NA,NA,NA,NA,NA,NA,NA,NA,NA,NA,NA,NA,NA,NA,NA,NA,NA,NA,NA
NA,NA,NA,NA,NA,NA,NA,NA,NA,NA,NA,NA,NA,NA,NA,NA,66,2025-10-10,15:07:19,2,1,"Drumm, Jake",1000077041,Right,GEO_PAT,"Canody, Andrew",1000415298,Right,GEO_PAT,Undefined,2,Bottom,0,0,0,Slider,Slider,BallCalled,Undefined,Undefined,Undefined,0,0,NA,78.85458,-1.765993,-4.318792,2262.914024,127.161354,10:15:00,5.88834,2.83148,5.29596,-41.23081,4.71559,-4.44484,0.78904,-1.6017,73.2012,-9.20995,-5.104825,0.487862,NA,NA,NA,NA,NA,NA,NA,NA,NA,NA,NA,1.12567,3.16937,-2.43426,50,5.69669,8.79454,-114.20638,-4.91835,1.49465,19.98299,-27.96581,GEO_PAT,GEO_PAT,SpuhlerFieldMain,TeamExclusive,Team,20251010-SpuhlerFieldMain-Private-2,58873640-a60c-11f0-9d1c-cb0542a47c13,77.26043,NA,NA,5.65338,NA,NA,NA,NA,NA,NA,e373a8f3-b551-4f4e-929b-9412fc5d6156,2025-10-10,19:07:19,2025-10-10T19:07:19Z,2025-10-10T19:07:19Z,NA,v3,471300,471300,NA,"Vaughan, Logan",1000232024,Right,GEO_PAT,5e24ffc4-c784-42d3-9753-a1c79e35879b,55.20842,-115.1141,9.9915,5.89125,-3.64801,-13.9829,-2.83221,8.72665,0.74733,NA,NA,NA,NA,NA,NA,NA,NA,NA,NA,NA,NA,NA,NA,NA,NA,NA,NA,NA,NA,NA,NA,NA,NA,NA,NA,NA,NA,NA,NA,NA,NA,NA,NA,NA,NA,NA,NA,NA,NA,NA,NA,NA,NA,NA,NA,NA,NA,NA,NA,High,High,High,NA,NA,NA,NA,NA,NA,NA,NA,NA,NA,NA,NA,NA,NA,NA,NA,NA,NA,NA,NA,NA,NA,NA,NA,NA,NA,NA,NA,NA,NA,NA,NA,NA,NA,NA,NA,NA,NA,NA,NA,NA,NA,NA,NA,NA,NA,NA,NA,NA,NA,NA,NA,NA,NA,NA,NA,NA
NA,NA,NA,NA,NA,NA,NA,NA,NA,NA,NA,NA,NA,NA,NA,NA,67,2025-10-10,15:07:47,2,2,"Drumm, Jake",1000077041,Right,GEO_PAT,"Canody, Andrew",1000415298,Right,GEO_PAT,Undefined,2,Bottom,0,1,0,Slider,Curveball,InPlay,Undefined,Bunt,Out,2,0,NA,76.55388,1.190883,-1.380025,2359.586159,64.169133,08:15:00,5.88742,2.85259,5.07773,-52.51684,-3.30717,-9.99221,2.63421,0.71864,70.38346,-8.306115,-3.147419,0.50489,NA,NA,NA,NA,NA,NA,NA,NA,NA,NA,NA,4.62575,-1.62673,-2.71328,50,5.95834,3.06525,-111.09436,0.49594,5.76903,20.2889,-34.20282,GEO_PAT,GEO_PAT,SpuhlerFieldMain,TeamExclusive,Team,20251010-SpuhlerFieldMain-Private-2,68dd7e50-a60c-11f0-9d1c-cb0542a47c13,74.65476,NA,NA,6.17043,NA,NA,NA,NA,NA,NA,e373a8f3-b551-4f4e-929b-9412fc5d6156,2025-10-10,19:07:47,2025-10-10T19:07:47Z,2025-10-10T19:07:47Z,NA,v3,471300,471300,NA,"Vaughan, Logan",1000232024,Right,GEO_PAT,a103a622-8b2a-46b6-8266-4af85f3cf72b,55.4269,-112.08108,10.14445,5.89377,2.15934,-17.10141,-2.85553,2.78468,2.88451,NA,NA,NA,NA,NA,NA,NA,NA,NA,NA,NA,NA,NA,NA,NA,NA,NA,NA,NA,NA,NA,NA,NA,NA,NA,NA,NA,NA,NA,NA,NA,NA,NA,NA,NA,NA,NA,NA,NA,NA,NA,NA,NA,NA,NA,NA,NA,NA,NA,NA,High,High,High,NA,NA,NA,NA,NA,NA,NA,NA,NA,NA,NA,NA,NA,NA,NA,NA,NA,NA,NA,NA,NA,NA,NA,NA,NA,NA,NA,NA,NA,NA,NA,NA,NA,NA,NA,NA,NA,NA,NA,NA,NA,NA,NA,NA,NA,NA,NA,NA,NA,NA,NA,NA,NA,NA,NA,NA,NA
NA,NA,NA,NA,NA,NA,NA,NA,NA,NA,NA,NA,NA,NA,NA,NA,68,2025-10-10,15:08:19,3,1,"Drumm, Jake",1000077041,Right,GEO_PAT,"Smith, Cooper",1000469293,Right,GEO_PAT,Undefined,2,Bottom,2,0,0,Fastball,Changeup,InPlay,Undefined,FlyBall,Out,1,0,NA,85.28865,-1.421877,-3.237093,2064.506064,215.093804,01:15:00,5.95097,2.6566,6.02839,-20.98985,17.22816,11.25894,2.88257,0.59361,78.11559,-5.387477,-1.215226,0.444944,85.56168,55.090815,8.675642,NA,102.31931,124.06072,40.38238,175.74593,89.44504,25.420759,5.603389,-6.73981,9.6427600000000009,-2.40949,50,5.82817,6.56681,-123.76823,-3.68299,-10.46922,24.37723,-17.19554,GEO_PAT,GEO_PAT,SpuhlerFieldMain,TeamExclusive,Team,20251010-SpuhlerFieldMain-Private-2,7bcebc90-a60c-11f0-9d1c-cb0542a47c13,84.71278,124.45142,NA,7.17306,NA,NA,NA,1.6014,2.3052,-0.96914,e373a8f3-b551-4f4e-929b-9412fc5d6156,2025-10-10,19:08:19,2025-10-10T19:08:19Z,2025-10-10T19:08:19Z,FlyBall,v3,471300,471300,NA,"Vaughan, Logan",1000232024,Right,GEO_PAT,f4ff46fd-cbb2-450a-a63a-c131d10f5eb5,54.47479,-124.64646,12.18862,5.9497,-3.06349,-8.59777,-2.65286,6.94398,-5.23461,198.309527,1.60347,70.91494,-25.0054,7.29279,-1.21158,-0.00445,0.0475,-0.00824,4.5e-4,2.29114,103.16026,-27.35507,3.56573,-0.89974,0.19942,-0.02121,-1.2e-4,1.2e-4,-0.96778,10.83032,4.82268,-2.3096,0.53729,-0.03451,-0.01357,0.00312,-1.9e-4,NA,NA,NA,NA,NA,NA,NA,NA,NA,NA,NA,NA,NA,NA,NA,NA,NA,NA,NA,NA,NA,NA,High,High,High,Medium,Low,NA,NA,NA,NA,NA,NA,NA,NA,NA,NA,NA,NA,NA,NA,NA,NA,NA,NA,NA,NA,NA,NA,NA,NA,NA,NA,NA,NA,NA,NA,NA,NA,NA,NA,NA,NA,NA,NA,NA,NA,NA,NA,NA,NA,NA,NA,NA,NA,NA,NA,NA,NA,NA,NA,NA
NA,NA,NA,NA,NA,NA,NA,NA,NA,NA,NA,NA,NA,NA,NA,NA,69,2025-10-10,15:11:35,1,1,"Willis, Tyson",1000469267,Right,GEO_PAT,"Butler, Jake",1000136500,Right,GEO_PAT,Undefined,3,Top,0,0,0,Fastball,Changeup,BallinDirt,Undefined,Undefined,Undefined,0,0,NA,85.35127,-4.671684,-4.648194,2198.869836,232.501707,01:45:00,5.86688,1.57675,6.1448,-23.40856,15.03587,17.91359,-0.42491,-1.2354,78.23282,-9.046742,-1.427426,0.44626,NA,NA,NA,NA,NA,NA,NA,NA,NA,NA,NA,-10.70571,9.50103,-1.2315,50,5.49688,9.3543,-123.29853,-10.79189,-16.44909,24.95194,-17.57595,GEO_PAT,GEO_PAT,SpuhlerFieldMain,TeamExclusive,Team,20251010-SpuhlerFieldMain-Private-2,f0ff58d0-a60c-11f0-9d1c-cb0542a47c13,84.46294,NA,NA,7.11845,NA,NA,NA,NA,NA,NA,e373a8f3-b551-4f4e-929b-9412fc5d6156,2025-10-10,19:11:35,2025-10-10T19:11:35Z,2025-10-10T19:11:35Z,NA,v3,471300,471300,NA,"Cowdrey, Vincent",1000469295,Right,GEO_PAT,8916dd4a-f0cc-4411-b882-bea84a2a98ad,54.3594,-124.17761,12.47597,5.86618,-10.17267,-8.78798,-1.57127,9.93382,-8.22454,NA,NA,NA,NA,NA,NA,NA,NA,NA,NA,NA,NA,NA,NA,NA,NA,NA,NA,NA,NA,NA,NA,NA,NA,NA,NA,NA,NA,NA,NA,NA,NA,NA,NA,NA,NA,NA,NA,NA,NA,NA,NA,NA,NA,NA,NA,NA,NA,NA,NA,High,High,High,NA,NA,NA,NA,NA,NA,NA,NA,NA,NA,NA,NA,NA,NA,NA,NA,NA,NA,NA,NA,NA,NA,NA,NA,NA,NA,NA,NA,NA,NA,NA,NA,NA,NA,NA,NA,NA,NA,NA,NA,NA,NA,NA,NA,NA,NA,NA,NA,NA,NA,NA,NA,NA,NA,NA,NA,NA
NA,NA,NA,NA,NA,NA,NA,NA,NA,NA,NA,NA,NA,NA,NA,NA,70,2025-10-10,15:11:59,1,2,"Willis, Tyson",1000469267,Right,GEO_PAT,"Butler, Jake",1000136500,Right,GEO_PAT,Undefined,3,Top,0,1,0,Slider,Slider,StrikeCalled,Undefined,Undefined,Undefined,0,0,NA,78.70085,0.706354,-1.335254,2214.265143,76.5029,08:30:00,5.73526,1.73716,5.83318,-46.99743,-0.81815,-10.60827,2.47562,-0.38829,70.90273,-7.978325,-3.238277,0.489097,NA,NA,NA,NA,NA,NA,NA,NA,NA,NA,NA,4.92244,-0.11787,-1.622,50,5.7658,3.0693,-114.07138,-0.1011,6.33409,25.56278,-32.32571,GEO_PAT,GEO_PAT,SpuhlerFieldMain,TeamExclusive,Team,20251010-SpuhlerFieldMain-Private-2,ff7d3760-a60c-11f0-9d1c-cb0542a47c13,77.06538,NA,NA,7.79812,NA,NA,NA,NA,NA,NA,e373a8f3-b551-4f4e-929b-9412fc5d6156,2025-10-10,19:11:59,2025-10-10T19:11:59Z,2025-10-10T19:11:59Z,NA,v3,471300,471300,NA,"Cowdrey, Vincent",1000469295,Right,GEO_PAT,7e5c136d-5dcd-4b1a-a6f7-7aefae76847f,54.66619,-115.11229,12.78139,5.74312,1.21521,-16.16286,-1.74174,2.81137,3.16705,NA,NA,NA,NA,NA,NA,NA,NA,NA,NA,NA,NA,NA,NA,NA,NA,NA,NA,NA,NA,NA,NA,NA,NA,NA,NA,NA,NA,NA,NA,NA,NA,NA,NA,NA,NA,NA,NA,NA,NA,NA,NA,NA,NA,NA,NA,NA,NA,NA,NA,High,High,High,NA,NA,NA,NA,NA,NA,NA,NA,NA,NA,NA,NA,NA,NA,NA,NA,NA,NA,NA,NA,NA,NA,NA,NA,NA,NA,NA,NA,NA,NA,NA,NA,NA,NA,NA,NA,NA,NA,NA,NA,NA,NA,NA,NA,NA,NA,NA,NA,NA,NA,NA,NA,NA,NA,NA,NA,NA
NA,NA,NA,NA,NA,NA,NA,NA,NA,NA,NA,NA,NA,NA,NA,NA,71,2025-10-10,15:12:17,1,3,"Willis, Tyson",1000469267,Right,GEO_PAT,"Butler, Jake",1000136500,Right,GEO_PAT,Undefined,3,Top,0,1,1,Slider,Slider,FoulBallNotFieldable,Undefined,Undefined,Undefined,0,0,NA,78.05289,0.01352,-1.662613,2218.220114,78.261844,08:30:00,5.76427,1.62791,5.893,-46.68132,-0.52559,-9.8076,1.88672,-0.73359,71.47877,-8.568269,-3.424322,0.488972,NA,NA,NA,NA,NA,NA,NA,NA,NA,NA,NA,4.56756,0.10157,-1.48805,50,5.73826,3.64338,-113.34352,-1.42188,5.88906,22.43362,-32.04309,GEO_PAT,GEO_PAT,SpuhlerFieldMain,TeamExclusive,Team,20251010-SpuhlerFieldMain-Private-2,09e42e20-a60d-11f0-9d1c-cb0542a47c13,77.08502,NA,NA,6.57411,NA,NA,NA,NA,NA,NA,e373a8f3-b551-4f4e-929b-9412fc5d6156,2025-10-10,19:12:17,2025-10-10T19:12:17Z,2025-10-10T19:12:17Z,NA,v3,471300,471300,NA,"Cowdrey, Vincent",1000469295,Right,GEO_PAT,d434c321-a507-4005-bab0-0a85d61ebdd3,54.61055,-114.25242,11.21681,5.76957,-0.12365,-16.02155,-1.63083,3.40479,2.94453,NA,NA,NA,NA,NA,NA,NA,NA,NA,NA,NA,NA,NA,NA,NA,NA,NA,NA,NA,NA,NA,NA,NA,NA,NA,NA,NA,NA,NA,NA,NA,NA,NA,NA,NA,NA,NA,NA,NA,NA,NA,NA,NA,NA,NA,NA,NA,NA,NA,NA,High,High,High,NA,NA,NA,NA,NA,NA,NA,NA,NA,NA,NA,NA,NA,NA,NA,NA,NA,NA,NA,NA,NA,NA,NA,NA,NA,NA,NA,NA,NA,NA,NA,NA,NA,NA,NA,NA,NA,NA,NA,NA,NA,NA,NA,NA,NA,NA,NA,NA,NA,NA,NA,NA,NA,NA,NA,NA,NA
NA,NA,NA,NA,NA,NA,NA,NA,NA,NA,NA,NA,NA,NA,NA,NA,72,2025-10-10,15:12:40,1,4,"Willis, Tyson",1000469267,Right,GEO_PAT,"Butler, Jake",1000136500,Right,GEO_PAT,Undefined,3,Top,0,1,2,Fastball,Sinker,FoulBallNotFieldable,Undefined,Undefined,Undefined,0,0,NA,87.00469,-0.755617,-2.246993,2146.950907,223.443898,01:30:00,6.23453,1.32633,5.8799,-23.57013,13.52371,11.64631,3.568,0.2089,79.21029,-5.183585,-0.158396,0.438351,75.32957,54.548895,43.442649,5473.169929,60.30093,98.99295,91.99878,174.54216,86.4395,60.016814,5.069407,-6.62914,7.50603,-1.15151,50,6.15986,4.47532,-126.26627,-2.40673,-10.65068,26.86544,-20.11455,GEO_PAT,GEO_PAT,SpuhlerFieldMain,TeamExclusive,Team,20251010-SpuhlerFieldMain-Private-2,177785a0-a60d-11f0-9d1c-cb0542a47c13,85.98683,100.83014,NA,7.79439,NA,NA,NA,1.47655,3.1674,-0.60334,e373a8f3-b551-4f4e-929b-9412fc5d6156,2025-10-10,19:12:40,2025-10-10T19:12:40Z,2025-10-10T19:12:40Z,Popup,v3,471300,471300,NA,"Cowdrey, Vincent",1000469295,Right,GEO_PAT,93fe0cca-30fa-489d-a81b-c078230cf162,54.62154,-127.24578,13.43272,6.23424,-1.67335,-10.05728,-1.32177,4.86365,-5.32534,204.096461,1.47917,46.41642,-17.95542,4.61735,-0.01048,-0.49788,0.17584,-0.02565,0.00139,3.15386,90.2725,-25.90795,3.98069,-1.45139,0.44246,-0.07537,0.00586,-1.4e-4,-0.60762,44.14771,-5.76413,1.30992,-0.43664,0.14762,-0.03233,0.00383,-1.9e-4,NA,NA,NA,NA,NA,NA,NA,NA,NA,NA,NA,NA,NA,NA,NA,NA,NA,NA,NA,NA,NA,NA,High,High,High,Medium,Low,NA,NA,NA,NA,NA,NA,NA,NA,NA,NA,NA,NA,NA,NA,NA,NA,NA,NA,NA,NA,NA,NA,NA,NA,NA,NA,NA,NA,NA,NA,NA,NA,NA,NA,NA,NA,NA,NA,NA,NA,NA,NA,NA,NA,NA,NA,NA,NA,NA,NA,NA,NA,NA,NA,NA
NA,NA,NA,NA,NA,NA,NA,NA,NA,NA,NA,NA,NA,NA,NA,NA,73,2025-10-10,15:13:15,1,5,"Willis, Tyson",1000469267,Right,GEO_PAT,"Butler, Jake",1000136500,Right,GEO_PAT,Undefined,3,Top,0,1,2,Slider,Curveball,BallCalled,Undefined,Undefined,Undefined,0,0,NA,77.14934,-1.610288,-2.087735,2095.038592,5.20386,06:15:00,6.4152,1.11157,5.87747,-57.63964,-10.50418,-1.08961,0.1149,-0.91915,71.54554,-12.062596,-2.284149,0.494135,NA,NA,NA,NA,NA,NA,NA,NA,NA,NA,NA,-0.04732,-4.64386,-0.94204,50,6.25084,4.12296,-112.05768,-4.95866,-0.05985,21.28321,-38.04649,GEO_PAT,GEO_PAT,SpuhlerFieldMain,TeamExclusive,Team,20251010-SpuhlerFieldMain-Private-2,2c73d620-a60d-11f0-9d1c-cb0542a47c13,76.27971,NA,NA,5.60381,NA,NA,NA,NA,NA,NA,e373a8f3-b551-4f4e-929b-9412fc5d6156,2025-10-10,19:13:15,2025-10-10T19:13:15Z,2025-10-10T19:13:15Z,NA,v3,471300,471300,NA,"Cowdrey, Vincent",1000469295,Right,GEO_PAT,07fc203a-0010-4f72-b698-69af3c7bee16,54.62883,-112.93341,10.6416,6.42266,-3.39317,-19.02325,-1.11174,4.12542,-0.02992,NA,NA,NA,NA,NA,NA,NA,NA,NA,NA,NA,NA,NA,NA,NA,NA,NA,NA,NA,NA,NA,NA,NA,NA,NA,NA,NA,NA,NA,NA,NA,NA,NA,NA,NA,NA,NA,NA,NA,NA,NA,NA,NA,NA,NA,NA,NA,NA,NA,NA,High,High,High,NA,NA,NA,NA,NA,NA,NA,NA,NA,NA,NA,NA,NA,NA,NA,NA,NA,NA,NA,NA,NA,NA,NA,NA,NA,NA,NA,NA,NA,NA,NA,NA,NA,NA,NA,NA,NA,NA,NA,NA,NA,NA,NA,NA,NA,NA,NA,NA,NA,NA,NA,NA,NA,NA,NA,NA,NA
NA,NA,NA,NA,NA,NA,NA,NA,NA,NA,NA,NA,NA,NA,NA,NA,74,2025-10-10,15:13:34,1,6,"Willis, Tyson",1000469267,Right,GEO_PAT,"Butler, Jake",1000136500,Right,GEO_PAT,Undefined,3,Top,0,2,2,Slider,Curveball,FoulBallNotFieldable,Undefined,Undefined,Undefined,0,0,NA,78.67337,0.771387,-0.618003,2155.429678,65.708383,08:15:00,5.73292,1.69235,5.88466,-47.32955,-1.87555,-7.49882,2.50523,0.4935,71.81395,-7.94624,-1.965459,0.485241,93.65636,31.203548,-39.331831,3107.180946,81.10483,61.72526,-74.30981,348.84608,226.48247,-50.198956,5.063219,3.68677,-0.83402,-1.63795,50,5.76759,1.50631,-114.26645,0.04885,4.82717,22.96027,-33.26607,GEO_PAT,GEO_PAT,SpuhlerFieldMain,TeamExclusive,Team,20251010-SpuhlerFieldMain-Private-2,37a23b90-a60d-11f0-9d1c-cb0542a47c13,77.67778,84.74012,NA,6.85942,NA,NA,NA,2.73228,3.20934,-1.16106,e373a8f3-b551-4f4e-929b-9412fc5d6156,2025-10-10,19:13:34,2025-10-10T19:13:34Z,2025-10-10T19:13:34Z,FlyBall,v3,471300,471300,NA,"Cowdrey, Vincent",1000469295,Right,GEO_PAT,09d88dd2-758d-449d-8c8d-9448e6eeb906,54.61888,-115.19081,11.48014,5.73866,1.38812,-16.63303,-1.69468,1.31197,2.41359,NA,2.73535,90.813,-22.50389,5.30562,-0.91558,0.10608,-0.00936,0.00101,-7e-5,3.20946,71.15602,-16.91288,0.52836,0.18977,-0.14252,0.04441,-0.00643,3.5e-4,-1.16229,-74.44323,8.40445,-1.35053,0.11878,0.01078,-0.00426,3.4e-4,-0,NA,NA,NA,NA,NA,NA,NA,NA,NA,NA,NA,NA,NA,NA,NA,NA,NA,NA,NA,NA,NA,NA,High,High,High,Medium,Medium,NA,NA,NA,NA,NA,NA,NA,NA,NA,NA,NA,NA,NA,NA,NA,NA,NA,NA,NA,NA,NA,NA,NA,NA,NA,NA,NA,NA,NA,NA,NA,NA,NA,NA,NA,NA,NA,NA,NA,NA,NA,NA,NA,NA,NA,NA,NA,NA,NA,NA,NA,NA,NA,NA,NA
NA,NA,NA,NA,NA,NA,NA,NA,NA,NA,NA,NA,NA,NA,NA,NA,75,2025-10-10,15:13:59,1,7,"Willis, Tyson",1000469267,Right,GEO_PAT,"Butler, Jake",1000136500,Right,GEO_PAT,Undefined,3,Top,0,2,2,Fastball,Sinker,InPlay,Undefined,FlyBall,Out,1,0,NA,86.82326,-2.199844,-2.533887,2007.27635,222.804966,01:30:00,6.14957,1.50036,6.02747,-19.12871,17.98261,15.49469,2.51509,0.44324,79.04531,-5.836774,0.25214,0.438455,91.87517,41.550978,-8.240104,4508.143735,109.40435,92.93835,-11.43125,278.77728,278.77728,0.087058,5.724119,-8.79264,10.29725,-1.3107,50,5.96694,4.96101,-125.94625,-5.38716,-14.04049,26.97658,-15.73095,GEO_PAT,GEO_PAT,SpuhlerFieldMain,TeamExclusive,Team,20251010-SpuhlerFieldMain-Private-2,46cbea80-a60d-11f0-9d1c-cb0542a47c13,85.96657,117.03805,NA,7.77794,NA,NA,NA,2.23703,2.68097,-0.44734,e373a8f3-b551-4f4e-929b-9412fc5d6156,2025-10-10,19:13:59,2025-10-10T19:13:59Z,2025-10-10T19:13:59Z,FlyBall,v3,471300,471300,NA,"Cowdrey, Vincent",1000469295,Right,GEO_PAT,3d454840-fc9f-4b2d-bf25-c8de8c44a9ff,54.47531,-126.9012,13.48829,6.14779,-4.83029,-7.86547,-1.49511,5.45803,-7.02025,189.176771,2.24146,99.72898,-24.29119,6.08893,-1.21088,0.19511,-0.02493,0.00221,-1e-4,2.68227,89.33999,-20.0762,1.10781,0.10012,-0.10823,0.02836,-0.00338,1.5e-4,-0.44861,-14.43216,6.3467,-1.43147,0.26136,-0.04197,0.00614,-6.5e-4,3e-5,NA,NA,NA,NA,NA,NA,NA,NA,NA,NA,NA,NA,NA,NA,NA,NA,NA,NA,NA,NA,NA,NA,High,High,High,High,Medium,NA,NA,NA,NA,NA,NA,NA,NA,NA,NA,NA,NA,NA,NA,NA,NA,NA,NA,NA,NA,NA,NA,NA,NA,NA,NA,NA,NA,NA,NA,NA,NA,NA,NA,NA,NA,NA,NA,NA,NA,NA,NA,NA,NA,NA,NA,NA,NA,NA,NA,NA,NA,NA,NA,NA
NA,NA,NA,NA,NA,NA,NA,NA,NA,NA,NA,NA,NA,NA,NA,NA,76,2025-10-10,15:14:35,2,1,"Willis, Tyson",1000469267,Right,GEO_PAT,"Tignor, Laken",1000091229,Right,GEO_PAT,Undefined,3,Top,1,0,0,Slider,Slider,InPlay,Undefined,Popup,Out,1,0,NA,78.38032,0.103643,-0.828954,2091.023675,148.179597,11:00:00,5.84197,1.76918,5.84262,-40.33545,5.90024,-2.62665,2.57702,0.77981,70.9114,-7.383785,-1.30038,0.489396,83.76168,79.317102,-4.984929,NA,NA,NA,NA,NA,11.12879,NA,NA,1.07476,3.44626,-1.70007,50,5.82688,1.74336,-113.69398,-1.03239,1.3828,24.16353,-27.74015,GEO_PAT,GEO_PAT,SpuhlerFieldMain,TeamExclusive,Team,20251010-SpuhlerFieldMain-Private-2,5c0df690-a60d-11f0-9d1c-cb0542a47c13,77.01834,120.14667,NA,7.46892,NA,NA,NA,2.23363,2.29265,-1.72834,e373a8f3-b551-4f4e-929b-9412fc5d6156,2025-10-10,19:14:35,2025-10-10T19:14:35Z,2025-10-10T19:14:35Z,NA,v3,471300,471300,NA,"Cowdrey, Vincent",1000469295,Right,GEO_PAT,b26bed02-76b3-4dc6-a077-d86c477ce932,54.65755,-114.67958,12.08177,5.84592,0.0991,-13.87008,-1.77003,1.68696,0.6914,NA,2.23364,22.68601,-15.32333,5.52889,-2.3091,2.23156,-1.85445,0.81689,-0.14409,2.29265,120.72141,-30.53826,3.91497,-0.63686,-0.0388,0.14682,-0.07917,0.01513,-1.72834,-1.97884,0.41802,-0.11277,0.0362,-0.03036,0.02444,-0.01065,0.00187,NA,NA,NA,NA,NA,NA,NA,NA,NA,NA,NA,NA,NA,NA,NA,NA,NA,NA,NA,NA,NA,NA,High,High,High,Medium,Undefined,NA,NA,NA,NA,NA,NA,NA,NA,NA,NA,NA,NA,NA,NA,NA,NA,NA,NA,NA,NA,NA,NA,NA,NA,NA,NA,NA,NA,NA,NA,NA,NA,NA,NA,NA,NA,NA,NA,NA,NA,NA,NA,NA,NA,NA,NA,NA,NA,NA,NA,NA,NA,NA,NA,NA
NA,NA,NA,NA,NA,NA,NA,NA,NA,NA,NA,NA,NA,NA,NA,NA,77,2025-10-10,15:15:14,3,1,"Willis, Tyson",1000469267,Right,GEO_PAT,"Blanchard, Evan",10073877,Right,GEO_PAT,Undefined,3,Top,2,0,0,Slider,Curveball,StrikeCalled,Undefined,Undefined,Undefined,0,0,NA,77.11608,1.011575,-0.743273,2048.043562,12.407899,06:30:00,6.3991,1.2348,5.82661,-57.177,-10.21646,-2.55803,2.57496,0.33059,71.26228,-9.424426,-1.203113,0.493217,NA,NA,NA,NA,NA,NA,NA,NA,NA,NA,NA,1.10232,-5.06981,-1.17252,50,6.4479,1.54819,-112.12738,0.13644,1.40388,20.20298,-38.63082,GEO_PAT,GEO_PAT,SpuhlerFieldMain,TeamExclusive,Team,20251010-SpuhlerFieldMain-Private-2,737ddf20-a60d-11f0-9d1c-cb0542a47c13,76.42166,NA,NA,5.8538,NA,NA,NA,NA,NA,NA,e373a8f3-b551-4f4e-929b-9412fc5d6156,2025-10-10,19:15:14,2025-10-10T19:15:14Z,2025-10-10T19:15:14Z,NA,v3,471300,471300,NA,"Cowdrey, Vincent",1000469295,Right,GEO_PAT,91c20d88-5b66-42fc-b461-f585e1b23de4,54.67898,-112.96729,10.10149,6.40884,1.74246,-19.31541,-1.23567,1.48983,0.70194,NA,NA,NA,NA,NA,NA,NA,NA,NA,NA,NA,NA,NA,NA,NA,NA,NA,NA,NA,NA,NA,NA,NA,NA,NA,NA,NA,NA,NA,NA,NA,NA,NA,NA,NA,NA,NA,NA,NA,NA,NA,NA,NA,NA,NA,NA,NA,NA,NA,NA,High,High,High,NA,NA,NA,NA,NA,NA,NA,NA,NA,NA,NA,NA,NA,NA,NA,NA,NA,NA,NA,NA,NA,NA,NA,NA,NA,NA,NA,NA,NA,NA,NA,NA,NA,NA,NA,NA,NA,NA,NA,NA,NA,NA,NA,NA,NA,NA,NA,NA,NA,NA,NA,NA,NA,NA,NA,NA,NA
NA,NA,NA,NA,NA,NA,NA,NA,NA,NA,NA,NA,NA,NA,NA,NA,78,2025-10-10,15:15:36,3,2,"Willis, Tyson",1000469267,Right,GEO_PAT,"Blanchard, Evan",10073877,Right,GEO_PAT,Undefined,3,Top,2,0,1,Fastball,Sinker,InPlay,Undefined,GroundBall,Double,0,0,NA,87.22375,-2.526539,-1.911525,2047.21461,225.763998,01:30:00,6.25006,1.46298,5.87543,-21.43832,15.19863,14.45288,2.114,0.89126,80.24298,-6.535574,0.682115,0.435643,96.66996,1.122071,-38.036965,3708.372435,NA,NA,NA,53.64824,48.40242,-40.133423,0.381245,-7.97193,8.81115,-1.31703,50,6.03304,3.64607,-126.63589,-6.25934,-12.99887,24.86128,-17.80681,GEO_PAT,GEO_PAT,SpuhlerFieldMain,TeamExclusive,Team,20251010-SpuhlerFieldMain-Private-2,80bd4a40-a60d-11f0-9d1c-cb0542a47c13,86.52131,2.21126,NA,6.98077,NA,NA,NA,2.09047,2.12755,-1.01651,e373a8f3-b551-4f4e-929b-9412fc5d6156,2025-10-10,19:15:36,2025-10-10T19:15:36Z,2025-10-10T19:15:36Z,GroundBall,v3,471300,471300,NA,"Cowdrey, Vincent",1000469295,Right,GEO_PAT,0482a088-b89c-491d-8049-d78ac1c6280b,54.62822,-127.54127,12.43064,6.24918,-5.61087,-8.90341,-1.45843,4.11945,-6.49943,NA,2.09936,111.33816,-24.3455,NA,NA,NA,NA,NA,NA,2.13466,2.52767,-21.3636,NA,NA,NA,NA,NA,NA,-1.0097,-87.58502,-1.27546,NA,NA,NA,NA,NA,NA,NA,NA,NA,NA,NA,NA,NA,NA,NA,NA,NA,NA,NA,NA,NA,NA,NA,NA,NA,NA,NA,NA,High,High,High,High,High,NA,NA,NA,NA,NA,NA,NA,NA,NA,NA,NA,NA,NA,NA,NA,NA,NA,NA,NA,NA,NA,NA,NA,NA,NA,NA,NA,NA,NA,NA,NA,NA,NA,NA,NA,NA,NA,NA,NA,NA,NA,NA,NA,NA,NA,NA,NA,NA,NA,NA,NA,NA,NA,NA,NA
NA,NA,NA,NA,NA,NA,NA,NA,NA,NA,NA,NA,NA,NA,NA,NA,79,2025-10-10,15:16:25,4,1,"Willis, Tyson",1000469267,Right,GEO_PAT,"Vaughan, Logan",1000232024,Left,GEO_PAT,Undefined,3,Top,2,0,0,Curveball,Curveball,BallCalled,Undefined,Undefined,Undefined,0,0,NA,74.451,2.232155,0.908347,2021.101963,28.740124,07:00:00,6.25551,1.38786,5.90996,-60.98208,-11.02426,-6.81508,3.24692,1.66316,69.07985,-8.913494,-0.317157,0.508713,NA,NA,NA,NA,NA,NA,NA,NA,NA,NA,NA,3.72047,-5.75878,-1.45693,50,6.39999,-1.47757,-108.28081,2.34029,4.44837,17.65589,-39.05949,GEO_PAT,GEO_PAT,SpuhlerFieldMain,TeamExclusive,Team,20251010-SpuhlerFieldMain-Private-2,9dbd4d20-a60d-11f0-9d1c-cb0542a47c13,74.09367,NA,NA,5.37115,NA,NA,NA,NA,NA,NA,e373a8f3-b551-4f4e-929b-9412fc5d6156,2025-10-10,19:16:25,2025-10-10T19:16:25Z,2025-10-10T19:16:25Z,NA,v3,471300,471300,NA,"Cowdrey, Vincent",1000469295,Right,GEO_PAT,d6c6f3bf-4de0-4b70-96d8-8ded7f7f7029,54.59698,-109.02781,8.82794,6.26601,3.99283,-19.52975,-1.39043,-1.66577,2.22419,NA,NA,NA,NA,NA,NA,NA,NA,NA,NA,NA,NA,NA,NA,NA,NA,NA,NA,NA,NA,NA,NA,NA,NA,NA,NA,NA,NA,NA,NA,NA,NA,NA,NA,NA,NA,NA,NA,NA,NA,NA,NA,NA,NA,NA,NA,NA,NA,NA,NA,High,High,High,NA,NA,NA,NA,NA,NA,NA,NA,NA,NA,NA,NA,NA,NA,NA,NA,NA,NA,NA,NA,NA,NA,NA,NA,NA,NA,NA,NA,NA,NA,NA,NA,NA,NA,NA,NA,NA,NA,NA,NA,NA,NA,NA,NA,NA,NA,NA,NA,NA,NA,NA,NA,NA,NA,NA,NA,NA
NA,NA,NA,NA,NA,NA,NA,NA,NA,NA,NA,NA,NA,NA,NA,NA,80,2025-10-10,15:16:47,4,2,"Willis, Tyson",1000469267,Right,GEO_PAT,"Vaughan, Logan",1000232024,Left,GEO_PAT,Undefined,3,Top,2,1,0,Slider,Changeup,BallCalled,Undefined,Undefined,Undefined,0,0,NA,82.75108,-2.814162,-3.5183,2017.711071,249.899318,02:15:00,5.78189,1.9597,6.02494,-33.03411,7.21733,16.63261,0.41551,0.08295,77.06222,-8.881864,-0.525795,0.456628,NA,NA,NA,NA,NA,NA,NA,NA,NA,NA,NA,-9.53103,4.71744,-1.69344,50,5.54265,6.77894,-120.10848,-6.94698,-14.10045,20.48251,-25.19496,GEO_PAT,GEO_PAT,SpuhlerFieldMain,TeamExclusive,Team,20251010-SpuhlerFieldMain-Private-2,aaf73a00-a60d-11f0-9d1c-cb0542a47c13,82.54525,NA,NA,5.68886,NA,NA,NA,NA,NA,NA,e373a8f3-b551-4f4e-929b-9412fc5d6156,2025-10-10,19:16:47,2025-10-10T19:16:47Z,2025-10-10T19:16:47Z,NA,v3,471300,471300,NA,"Cowdrey, Vincent",1000469295,Right,GEO_PAT,5d47852b-81a2-425e-809d-127d0cfc7c40,54.48079,-120.87019,10.24126,5.78357,-6.01002,-12.59748,-1.95529,7.30331,-7.05022,NA,NA,NA,NA,NA,NA,NA,NA,NA,NA,NA,NA,NA,NA,NA,NA,NA,NA,NA,NA,NA,NA,NA,NA,NA,NA,NA,NA,NA,NA,NA,NA,NA,NA,NA,NA,NA,NA,NA,NA,NA,NA,NA,NA,NA,NA,NA,NA,NA,NA,High,High,High,NA,NA,NA,NA,NA,NA,NA,NA,NA,NA,NA,NA,NA,NA,NA,NA,NA,NA,NA,NA,NA,NA,NA,NA,NA,NA,NA,NA,NA,NA,NA,NA,NA,NA,NA,NA,NA,NA,NA,NA,NA,NA,NA,NA,NA,NA,NA,NA,NA,NA,NA,NA,NA,NA,NA,NA,NA
NA,NA,NA,NA,NA,NA,NA,NA,NA,NA,NA,NA,NA,NA,NA,NA,81,2025-10-10,15:17:29,4,3,"Willis, Tyson",1000469267,Right,GEO_PAT,"Vaughan, Logan",1000232024,Left,GEO_PAT,Undefined,3,Top,2,2,0,Curveball,Curveball,BallCalled,Undefined,Undefined,Undefined,0,0,NA,74.46731,3.17649,1.297775,1986.74265,21.636408,06:45:00,6.32645,1.31641,5.67072,-61.90062,-11.31603,-5.07055,4.13362,2.10411,68.74606,-8.104395,0.391208,0.511895,NA,NA,NA,NA,NA,NA,NA,NA,NA,NA,NA,2.90709,-6.08709,-1.4228,50,6.55587,-2.26499,-108.14305,4.01989,3.46085,17.92674,-39.42061,GEO_PAT,GEO_PAT,SpuhlerFieldMain,TeamExclusive,Team,20251010-SpuhlerFieldMain-Private-2,c39fc9a0-a60d-11f0-9d1c-cb0542a47c13,73.6332,NA,NA,5.72125,NA,NA,NA,NA,NA,NA,e373a8f3-b551-4f4e-929b-9412fc5d6156,2025-10-10,19:17:29,2025-10-10T19:17:29Z,2025-10-10T19:17:29Z,NA,v3,471300,471300,NA,"Cowdrey, Vincent",1000469295,Right,GEO_PAT,57cb7071-f9f2-48a3-afc8-15f820127a58,54.83577,-108.94172,8.96337,6.33766,5.77615,-19.71031,-1.31846,-2.41918,1.73043,NA,NA,NA,NA,NA,NA,NA,NA,NA,NA,NA,NA,NA,NA,NA,NA,NA,NA,NA,NA,NA,NA,NA,NA,NA,NA,NA,NA,NA,NA,NA,NA,NA,NA,NA,NA,NA,NA,NA,NA,NA,NA,NA,NA,NA,NA,NA,NA,NA,NA,High,High,High,NA,NA,NA,NA,NA,NA,NA,NA,NA,NA,NA,NA,NA,NA,NA,NA,NA,NA,NA,NA,NA,NA,NA,NA,NA,NA,NA,NA,NA,NA,NA,NA,NA,NA,NA,NA,NA,NA,NA,NA,NA,NA,NA,NA,NA,NA,NA,NA,NA,NA,NA,NA,NA,NA,NA,NA,NA
NA,NA,NA,NA,NA,NA,NA,NA,NA,NA,NA,NA,NA,NA,NA,NA,82,2025-10-10,15:17:50,4,4,"Willis, Tyson",1000469267,Right,GEO_PAT,"Vaughan, Logan",1000232024,Left,GEO_PAT,Undefined,3,Top,2,3,0,Fastball,Changeup,BallCalled,Walk,Undefined,Undefined,0,0,NA,86.59651,-0.409574,-3.012577,2100.903147,236.429004,02:00:00,6.05239,1.72392,5.69019,-22.49332,14.95938,20.79848,3.79566,0.64665,79.32386,-4.620577,0.701496,0.440467,NA,NA,NA,NA,NA,NA,NA,NA,NA,NA,NA,-11.34005,8.05607,-1.48341,50,6.00387,5.73444,-125.69128,-1.61819,-18.21077,24.5606,-19.23699,GEO_PAT,GEO_PAT,SpuhlerFieldMain,TeamExclusive,Team,20251010-SpuhlerFieldMain-Private-2,d03f2430-a60d-11f0-9d1c-cb0542a47c13,85.5739,NA,NA,7.27264,NA,NA,NA,NA,NA,NA,e373a8f3-b551-4f4e-929b-9412fc5d6156,2025-10-10,19:17:50,2025-10-10T19:17:50Z,2025-10-10T19:17:50Z,NA,v3,471300,471300,NA,"Cowdrey, Vincent",1000469295,Right,GEO_PAT,407dd457-978b-4401-89f5-c294c17fb864,54.81254,-126.62817,12.2803,6.05159,-0.88436,-9.61849,-1.71541,6.42911,-9.10538,NA,NA,NA,NA,NA,NA,NA,NA,NA,NA,NA,NA,NA,NA,NA,NA,NA,NA,NA,NA,NA,NA,NA,NA,NA,NA,NA,NA,72.24588,1.631691,0.73943,0.892261,-1.80502,3.52702,-0.69239,-1.19197,5.69597,-3.53729,62.38499,1.15057,-62.3945,-1.16571,76.50042,-5.95272,5.70977,6.35917,-12.87618,-3.57017,-72.07787,6.94269,High,High,High,NA,NA,High,High,High,NA,NA,NA,NA,NA,NA,NA,NA,NA,NA,NA,NA,NA,NA,NA,NA,NA,NA,NA,NA,NA,NA,NA,NA,NA,NA,NA,NA,NA,NA,NA,NA,NA,NA,NA,NA,NA,NA,NA,NA,NA,NA,NA,NA,NA,NA,NA,NA,NA,NA,NA,NA
NA,NA,NA,NA,NA,NA,NA,NA,NA,NA,NA,NA,NA,NA,NA,NA,83,2025-10-10,15:18:31,5,1,"Willis, Tyson",1000469267,Right,GEO_PAT,"McCarthy, Jack",1000469298,Right,GEO_PAT,Undefined,3,Top,2,0,0,Slider,Curveball,StrikeCalled,Undefined,Undefined,Undefined,0,0,NA,77.40975,0.79413,-2.196328,2124.546993,92.905447,09:00:00,5.77087,1.87698,5.77288,-45.41715,2.02303,-7.50189,2.72573,-0.79311,70.33056,-7.581201,-3.538735,0.495729,NA,NA,NA,NA,NA,NA,NA,NA,NA,NA,NA,3.11477,1.28453,-1.69078,50,5.80942,4.58785,-112.23442,0.12974,3.91982,22.85063,-30.55754,GEO_PAT,GEO_PAT,SpuhlerFieldMain,TeamExclusive,Team,20251010-SpuhlerFieldMain-Private-2,e8deda30-a60d-11f0-9d1c-cb0542a47c13,76.03431,NA,NA,7.07919,NA,NA,NA,NA,NA,NA,e373a8f3-b551-4f4e-929b-9412fc5d6156,2025-10-10,19:18:31,2025-10-10T19:18:31Z,2025-10-10T19:18:31Z,NA,v3,471300,471300,NA,"Cowdrey, Vincent",1000469295,Right,GEO_PAT,08fe10b1-ebe1-43d9-b778-9608e9c7887c,54.72742,-113.19282,11.42532,5.7771,1.41138,-15.27877,-1.87975,4.42345,1.95991,NA,NA,NA,NA,NA,NA,NA,NA,NA,NA,NA,NA,NA,NA,NA,NA,NA,NA,NA,NA,NA,NA,NA,NA,NA,NA,NA,NA,NA,NA,NA,NA,NA,NA,NA,NA,NA,NA,NA,NA,NA,NA,NA,NA,NA,NA,NA,NA,NA,NA,High,High,High,NA,NA,NA,NA,NA,NA,NA,NA,NA,NA,NA,NA,NA,NA,NA,NA,NA,NA,NA,NA,NA,NA,NA,NA,NA,NA,NA,NA,NA,NA,NA,NA,NA,NA,NA,NA,NA,NA,NA,NA,NA,NA,NA,NA,NA,NA,NA,NA,NA,NA,NA,NA,NA,NA,NA,NA,NA
NA,NA,NA,NA,NA,NA,NA,NA,NA,NA,NA,NA,NA,NA,NA,NA,84,2025-10-10,15:18:53,5,2,"Willis, Tyson",1000469267,Right,GEO_PAT,"McCarthy, Jack",1000469298,Right,GEO_PAT,Undefined,3,Top,2,0,1,Slider,Slider,BallCalled,Undefined,Undefined,Undefined,0,0,NA,77.71532,-0.653921,-3.415383,2266.072995,128.846927,10:15:00,5.79879,1.78464,5.94759,-39.72341,7.36453,-7.02087,1.88085,-1.97218,70.39014,-8.020849,-4.673394,0.493885,NA,NA,NA,NA,NA,NA,NA,NA,NA,NA,NA,2.45008,4.5191,-1.50854,50,5.72475,6.97689,-112.51312,-2.4713,3.08302,23.90967,-26.48746,GEO_PAT,GEO_PAT,SpuhlerFieldMain,TeamExclusive,Team,20251010-SpuhlerFieldMain-Private-2,f61a26a0-a60d-11f0-9d1c-cb0542a47c13,76.31818,NA,NA,7.32518,NA,NA,NA,NA,NA,NA,e373a8f3-b551-4f4e-929b-9412fc5d6156,2025-10-10,19:18:53,2025-10-10T19:18:53Z,2025-10-10T19:18:53Z,NA,v3,471300,471300,NA,"Cowdrey, Vincent",1000469295,Right,GEO_PAT,15a019a1-8b70-4d13-979b-a5ae8216b5b3,54.55082,-113.47607000000001,11.95483,5.8028,-1.40453,-13.24373,-1.78703,6.85272,1.54151,NA,NA,NA,NA,NA,NA,NA,NA,NA,NA,NA,NA,NA,NA,NA,NA,NA,NA,NA,NA,NA,NA,NA,NA,NA,NA,NA,NA,NA,NA,NA,NA,NA,NA,NA,NA,NA,NA,NA,NA,NA,NA,NA,NA,NA,NA,NA,NA,NA,NA,High,High,High,NA,NA,NA,NA,NA,NA,NA,NA,NA,NA,NA,NA,NA,NA,NA,NA,NA,NA,NA,NA,NA,NA,NA,NA,NA,NA,NA,NA,NA,NA,NA,NA,NA,NA,NA,NA,NA,NA,NA,NA,NA,NA,NA,NA,NA,NA,NA,NA,NA,NA,NA,NA,NA,NA,NA,NA,NA
NA,NA,NA,NA,NA,NA,NA,NA,NA,NA,NA,NA,NA,NA,NA,NA,85,2025-10-10,15:19:35,5,3,"Willis, Tyson",1000469267,Right,GEO_PAT,"McCarthy, Jack",1000469298,Right,GEO_PAT,Undefined,3,Top,2,1,1,Fastball,Changeup,InPlay,Undefined,GroundBall,Single,0,1,NA,85.60815,-2.792747,-3.732102,2111.694691,231.073355,01:45:00,6.04283,1.67658,5.77052,-22.99395,15.57906,17.69139,1.52,-0.32735,78.18747,-7.094613,-0.569853,0.447006,87.04875,-0.612896,-27.593222,NA,NA,NA,NA,32.3508,30.37195,-26.261743,0.248187,-10.15638,9.13245,-1.37865,50,5.79737,7.37327,-123.97101,-6.77462,-15.76095,25.4412,-18.00206,GEO_PAT,GEO_PAT,SpuhlerFieldMain,TeamExclusive,Team,20251010-SpuhlerFieldMain-Private-2,0ed79dd0-a60e-11f0-9d1c-cb0542a47c13,84.32202,1.6096,NA,7.42068,NA,NA,NA,2.21188,1.6096,0.38209,e373a8f3-b551-4f4e-929b-9412fc5d6156,2025-10-10,19:19:35,2025-10-10T19:19:35Z,2025-10-10T19:19:35Z,GroundBall,v3,471300,471300,NA,"Cowdrey, Vincent",1000469295,Right,GEO_PAT,e5100366-848c-4980-b665-becabab4ff9a,54.73256,-124.93845,12.7206,6.04197,-6.09007,-9.00103,-1.67042,7.97261,-7.88048,65.178809,2.21415,113.02196000000001,-20.37997,NA,NA,NA,NA,NA,NA,1.61156,-1.47073,-20.26804,NA,NA,NA,NA,NA,NA,0.38304,-59.18397,-0.15565,NA,NA,NA,NA,NA,NA,NA,NA,NA,NA,NA,NA,NA,NA,NA,NA,NA,NA,NA,NA,NA,NA,NA,NA,NA,NA,NA,NA,High,High,High,High,High,NA,NA,NA,NA,NA,NA,NA,NA,NA,NA,NA,NA,NA,NA,NA,NA,NA,NA,NA,NA,NA,NA,NA,NA,NA,NA,NA,NA,NA,NA,NA,NA,NA,NA,NA,NA,NA,NA,NA,NA,NA,NA,NA,NA,NA,NA,NA,NA,NA,NA,NA,NA,NA,NA,NA
NA,NA,NA,NA,NA,NA,NA,NA,NA,NA,NA,NA,NA,NA,NA,NA,86,2025-10-10,15:20:12,6,1,"Willis, Tyson",1000469267,Right,GEO_PAT,"Ramsey, Caleb",1000469291,Right,GEO_PAT,Undefined,3,Top,2,0,0,Slider,Slider,BallCalled,Undefined,Undefined,Undefined,0,0,NA,78.16879,-0.194007,-2.49383,2220.852709,101.985059,09:30:00,5.85076,1.65725,5.63122,-44.25691,3.4237,-7.02111,1.98149,-1.25627,69.85143,-8.374688,-3.747173,0.496984,NA,NA,NA,NA,NA,NA,NA,NA,NA,NA,NA,2.61327,2.36662,-1.44021,50,5.80648,5.1994,-113.05336,-1.80074,3.27168,26.87776,-29.21116,GEO_PAT,GEO_PAT,SpuhlerFieldMain,TeamExclusive,Team,20251010-SpuhlerFieldMain-Private-2,251b1450-a60e-11f0-9d1c-cb0542a47c13,75.84235,NA,NA,8.31735,NA,NA,NA,NA,NA,NA,e373a8f3-b551-4f4e-929b-9412fc5d6156,2025-10-10,19:20:12,2025-10-10T19:20:12Z,2025-10-10T19:20:12Z,NA,v3,471300,471300,NA,"Cowdrey, Vincent",1000469295,Right,GEO_PAT,79e8ba00-9f14-4fe3-81e1-7f95f39c6002,54.8661,-114.20438,13.43888,5.85681,-0.54979,-14.60558,-1.65987,5.05929,1.63584,NA,NA,NA,NA,NA,NA,NA,NA,NA,NA,NA,NA,NA,NA,NA,NA,NA,NA,NA,NA,NA,NA,NA,NA,NA,NA,NA,NA,NA,NA,NA,NA,NA,NA,NA,NA,NA,NA,NA,NA,NA,NA,NA,NA,NA,NA,NA,NA,NA,NA,High,High,High,NA,NA,NA,NA,NA,NA,NA,NA,NA,NA,NA,NA,NA,NA,NA,NA,NA,NA,NA,NA,NA,NA,NA,NA,NA,NA,NA,NA,NA,NA,NA,NA,NA,NA,NA,NA,NA,NA,NA,NA,NA,NA,NA,NA,NA,NA,NA,NA,NA,NA,NA,NA,NA,NA,NA,NA,NA
NA,NA,NA,NA,NA,NA,NA,NA,NA,NA,NA,NA,NA,NA,NA,NA,87,2025-10-10,15:20:31,6,2,"Willis, Tyson",1000469267,Right,GEO_PAT,"Ramsey, Caleb",1000469291,Right,GEO_PAT,Undefined,3,Top,2,1,0,Sinker,Changeup,InPlay,Undefined,GroundBall,Out,1,0,NA,84.02514,-0.825704,-3.434944,2208.795854,256.845736,02:30:00,5.93297,1.70194,6.32395,-33.35462,6.34859,20.81296,2.39153,0.26899,75.6649,-7.089393,0.328581,0.453507,67.94594,-63.676643,-88.861606,NA,NA,NA,NA,3.09847,2.68628,-29.49602,0.028433,-12.01579,3.99292,-1.46031,50,5.85687,6.52315,-121.79066,-2.75868,-17.68357,28.41849,-26.2977,GEO_PAT,GEO_PAT,SpuhlerFieldMain,TeamExclusive,Team,20251010-SpuhlerFieldMain-Private-2,303862c0-a60e-11f0-9d1c-cb0542a47c13,83.11322,2.54981,NA,8.36024,NA,NA,NA,2.67181,2.54981,-0.26433,e373a8f3-b551-4f4e-929b-9412fc5d6156,2025-10-10,19:20:31,2025-10-10T19:20:31Z,2025-10-10T19:20:31Z,GroundBall,v3,471300,471300,NA,"Cowdrey, Vincent",1000469295,Right,GEO_PAT,e18e6972-3591-4567-89b8-b3997f3cbe65,54.17781,-122.76163,14.20925,5.93577,-1.86017,-13.14885,-1.69351,7.12734,-8.84179,NA,2.6718,0.88147,NA,NA,NA,NA,NA,NA,NA,2.55145,-89.67862,NA,NA,NA,NA,NA,NA,NA,-0.26352,-44.35868,NA,NA,NA,NA,NA,NA,NA,NA,NA,NA,NA,NA,NA,NA,NA,NA,NA,NA,NA,NA,NA,NA,NA,NA,NA,NA,NA,NA,NA,High,High,High,Low,Low,NA,NA,NA,NA,NA,NA,NA,NA,NA,NA,NA,NA,NA,NA,NA,NA,NA,NA,NA,NA,NA,NA,NA,NA,NA,NA,NA,NA,NA,NA,NA,NA,NA,NA,NA,NA,NA,NA,NA,NA,NA,NA,NA,NA,NA,NA,NA,NA,NA,NA,NA,NA,NA,NA,NA
NA,NA,NA,NA,NA,NA,NA,NA,NA,NA,NA,NA,NA,NA,NA,NA,88,NA,NA,1,1,"Rozich , Landen",1000469268,Right,GEO_PAT,"Morse, Jackson",1000469270,Right,GEO_PAT,Undefined,3,Bottom,0,0,0,Fastball,NA,BallCalled,Undefined,Undefined,Undefined,0,0,NA,NA,NA,NA,NA,NA,NA,NA,NA,NA,NA,NA,NA,NA,NA,NA,NA,NA,NA,NA,NA,NA,NA,NA,NA,NA,NA,NA,NA,NA,NA,NA,NA,NA,NA,NA,NA,NA,NA,NA,NA,GEO_PAT,GEO_PAT,SpuhlerFieldMain,TeamExclusive,Team,20251010-SpuhlerFieldMain-Private-2,b46a3e60-a60e-11f0-9d1c-cb0542a47c13,NA,NA,NA,NA,NA,NA,NA,NA,NA,NA,e373a8f3-b551-4f4e-929b-9412fc5d6156,NA,NA,NA,NA,NA,v3,471300,471300,NA,"Vaughan, Logan",1000232024,Right,GEO_PAT,1a1a39c0-3314-4024-a4b3-01a591f84042,NA,NA,NA,NA,NA,NA,NA,NA,NA,NA,NA,NA,NA,NA,NA,NA,NA,NA,NA,NA,NA,NA,NA,NA,NA,NA,NA,NA,NA,NA,NA,NA,NA,NA,NA,NA,NA,NA,NA,NA,NA,NA,NA,NA,NA,NA,NA,NA,NA,NA,NA,NA,NA,NA,NA,NA,NA,NA,NA,NA,NA,NA,NA,NA,NA,NA,NA,NA,NA,NA,NA,NA,NA,NA,NA,NA,NA,NA,NA,NA,NA,NA,NA,NA,NA,NA,NA,NA,NA,NA,NA,NA,NA,NA,NA,NA,NA,NA,NA,NA,NA,NA,NA,NA,NA,NA,NA,NA,NA,NA,NA,NA,NA,NA,NA,NA,NA,NA,NA
NA,NA,NA,NA,NA,NA,NA,NA,NA,NA,NA,NA,NA,NA,NA,NA,89,2025-10-10,15:23:52,1,2,"Rozich , Landen",1000469268,Right,GEO_PAT,"Morse, Jackson",1000469270,Right,GEO_PAT,Undefined,3,Bottom,0,0,0,Fastball,Sinker,BallCalled,Undefined,Undefined,Undefined,0,0,NA,89.07685,-0.747291,-1.847754,2105.705357,229.994894,01:45:00,5.82605,0.99987,5.39223,-20.9982,14.5754,16.13336,3.3754,0.6119,82.05357,-4.647444,1.020255,0.429275,NA,NA,NA,NA,NA,NA,NA,NA,NA,NA,NA,-8.55276,7.83221,-0.84641,50,5.74463,3.4501,-129.38944,-2.41577,-14.63587,24.61353,-18.77119,GEO_PAT,GEO_PAT,SpuhlerFieldMain,TeamExclusive,Team,20251010-SpuhlerFieldMain-Private-2,a83e8d30-a60e-11f0-9d1c-cb0542a47c13,87.8049,NA,NA,7.02328,NA,NA,NA,NA,NA,NA,e373a8f3-b551-4f4e-929b-9412fc5d6156,2025-10-10,19:23:52,2025-10-10T19:23:52Z,2025-10-10T19:23:52Z,NA,v3,471300,471300,NA,"Vaughan, Logan",1000232024,Right,GEO_PAT,468ebfaa-dcb4-4bba-9fea-44fde8f5154b,55.11031,-130.35794,12.30676,5.82516,-1.67715,-9.38559,-0.99349,4.026,-7.31794,NA,NA,NA,NA,NA,NA,NA,NA,NA,NA,NA,NA,NA,NA,NA,NA,NA,NA,NA,NA,NA,NA,NA,NA,NA,NA,NA,NA,NA,NA,NA,NA,NA,NA,NA,NA,NA,NA,NA,NA,NA,NA,NA,NA,NA,NA,NA,NA,NA,NA,High,High,High,NA,NA,NA,NA,NA,NA,NA,NA,NA,NA,NA,NA,NA,NA,NA,NA,NA,NA,NA,NA,NA,NA,NA,NA,NA,NA,NA,NA,NA,NA,NA,NA,NA,NA,NA,NA,NA,NA,NA,NA,NA,NA,NA,NA,NA,NA,NA,NA,NA,NA,NA,NA,NA,NA,NA,NA,NA
NA,NA,NA,NA,NA,NA,NA,NA,NA,NA,NA,NA,NA,NA,NA,NA,90,2025-10-10,15:24:07,1,3,"Rozich , Landen",1000469268,Right,GEO_PAT,"Morse, Jackson",1000469270,Right,GEO_PAT,Undefined,3,Bottom,0,2,0,Fastball,Sinker,StrikeCalled,Undefined,Undefined,Undefined,0,0,NA,90.30226,-2.171068,-3.144129,2219.539352,229.249438,01:45:00,5.8091,0.71105,5.27543,-18.72403,15.88918,17.33635,2.20544,-0.80049,83.78623,-5.634666,-0.0725,0.42344,NA,NA,NA,NA,NA,NA,NA,NA,NA,NA,NA,-9.42961,8.76115,-0.43689,50,5.59676,6.41723,-131.0662,-5.63879,-16.68691,23.20239,-16.67009,GEO_PAT,GEO_PAT,SpuhlerFieldMain,TeamExclusive,Team,20251010-SpuhlerFieldMain-Private-2,b0f27cc0-a60e-11f0-9d1c-cb0542a47c13,89.01475,NA,NA,6.51603,NA,NA,NA,NA,NA,NA,e373a8f3-b551-4f4e-929b-9412fc5d6156,2025-10-10,19:24:07,2025-10-10T19:24:07Z,2025-10-10T19:24:07Z,NA,v3,471300,471300,NA,"Vaughan, Logan",1000232024,Right,GEO_PAT,03c122e2-d2a4-42f9-8d84-165281ac32a8,55.22903,-131.98864,11.60119,5.80776,-4.97605,-8.33505,-0.7052,7.08064,-8.34345,NA,NA,NA,NA,NA,NA,NA,NA,NA,NA,NA,NA,NA,NA,NA,NA,NA,NA,NA,NA,NA,NA,NA,NA,NA,NA,NA,NA,NA,NA,NA,NA,NA,NA,NA,NA,NA,NA,NA,NA,NA,NA,NA,NA,NA,NA,NA,NA,NA,NA,High,High,High,NA,NA,NA,NA,NA,NA,NA,NA,NA,NA,NA,NA,NA,NA,NA,NA,NA,NA,NA,NA,NA,NA,NA,NA,NA,NA,NA,NA,NA,NA,NA,NA,NA,NA,NA,NA,NA,NA,NA,NA,NA,NA,NA,NA,NA,NA,NA,NA,NA,NA,NA,NA,NA,NA,NA,NA,NA
NA,NA,NA,NA,NA,NA,NA,NA,NA,NA,NA,NA,NA,NA,NA,NA,91,2025-10-10,15:24:22,1,4,"Rozich , Landen",1000469268,Right,GEO_PAT,"Morse, Jackson",1000469270,Right,GEO_PAT,Undefined,3,Bottom,0,2,1,ChangeUp,Changeup,BallCalled,Undefined,Undefined,Undefined,0,0,NA,78.6458,1.45168,-3.267175,2301.651625,287.143317,03:30:00,5.82173,0.73439,5.31981,-50.49223,-4.63803,19.31473,2.97898,-0.72569,72.71188,-7.70161,0.160561,0.487372,NA,NA,NA,NA,NA,NA,NA,NA,NA,NA,NA,-10.47186,-2.24831,-0.45247,50,5.91673,5.74163,-114.15239,1.12454,-13.93811,19.2971,-35.16657,GEO_PAT,GEO_PAT,SpuhlerFieldMain,TeamExclusive,Team,20251010-SpuhlerFieldMain-Private-2,ba026f00-a60e-11f0-9d1c-cb0542a47c13,77.33806,NA,NA,5.93392,NA,NA,NA,NA,NA,NA,e373a8f3-b551-4f4e-929b-9412fc5d6156,2025-10-10,19:24:22,2025-10-10T19:24:22Z,2025-10-10T19:24:22Z,NA,v3,471300,471300,NA,"Vaughan, Logan",1000232024,Right,GEO_PAT,f32eab78-804c-42c9-9de3-5e7e942d7f47,55.18614,-115.02575,9.64855,5.82982,2.71613,-17.58329,-0.72661,6.37245,-6.96906,NA,NA,NA,NA,NA,NA,NA,NA,NA,NA,NA,NA,NA,NA,NA,NA,NA,NA,NA,NA,NA,NA,NA,NA,NA,NA,NA,NA,NA,NA,NA,NA,NA,NA,NA,NA,NA,NA,NA,NA,NA,NA,NA,NA,NA,NA,NA,NA,NA,NA,High,High,High,NA,NA,NA,NA,NA,NA,NA,NA,NA,NA,NA,NA,NA,NA,NA,NA,NA,NA,NA,NA,NA,NA,NA,NA,NA,NA,NA,NA,NA,NA,NA,NA,NA,NA,NA,NA,NA,NA,NA,NA,NA,NA,NA,NA,NA,NA,NA,NA,NA,NA,NA,NA,NA,NA,NA,NA,NA
NA,NA,NA,NA,NA,NA,NA,NA,NA,NA,NA,NA,NA,NA,NA,NA,92,2025-10-10,15:24:36,1,5,"Rozich , Landen",1000469268,Right,GEO_PAT,"Morse, Jackson",1000469270,Right,GEO_PAT,Undefined,3,Bottom,0,3,1,Fastball,Sinker,BallCalled,Walk,Undefined,Undefined,0,0,NA,89.45624,-3.368388,-3.121017,2177.475226,229.083672,01:45:00,5.79306,0.70281,5.52181,-19.60477,15.89497,17.02572,1.00159,-0.79941,82.02994,-7.022625,-0.089362,0.428829,NA,NA,NA,NA,NA,NA,NA,NA,NA,NA,NA,-9.52441,9.30504,-0.4429,50,5.48617,6.32926,-129.56922,-8.29136,-16.22366,26.56556,-16.3241,GEO_PAT,GEO_PAT,SpuhlerFieldMain,TeamExclusive,Team,20251010-SpuhlerFieldMain-Private-2,c24b40b0-a60e-11f0-9d1c-cb0542a47c13,87.89623,NA,NA,7.42631,NA,NA,NA,NA,NA,NA,e373a8f3-b551-4f4e-929b-9412fc5d6156,2025-10-10,19:24:36,2025-10-10T19:24:36Z,2025-10-10T19:24:36Z,NA,v3,471300,471300,NA,"Vaughan, Logan",1000232024,Right,GEO_PAT,7ae4b304-d194-4bf0-abfc-7d455580e769,54.98184,-130.58665,13.28278,5.79175,-7.66616,-8.16205,-0.6972,6.9506,-8.11183,NA,NA,NA,NA,NA,NA,NA,NA,NA,NA,NA,NA,NA,NA,NA,NA,NA,NA,NA,NA,NA,NA,NA,NA,NA,NA,NA,NA,NA,NA,NA,NA,NA,NA,NA,NA,NA,NA,NA,NA,NA,NA,NA,NA,NA,NA,NA,NA,NA,NA,High,High,High,NA,NA,NA,NA,NA,NA,NA,NA,NA,NA,NA,NA,NA,NA,NA,NA,NA,NA,NA,NA,NA,NA,NA,NA,NA,NA,NA,NA,NA,NA,NA,NA,NA,NA,NA,NA,NA,NA,NA,NA,NA,NA,NA,NA,NA,NA,NA,NA,NA,NA,NA,NA,NA,NA,NA,NA,NA
NA,NA,NA,NA,NA,NA,NA,NA,NA,NA,NA,NA,NA,NA,NA,NA,93,2025-10-10,15:25:12,2,1,"Rozich , Landen",1000469268,Right,GEO_PAT,"O'Hara, Austin",10144739,Right,GEO_PAT,Undefined,3,Bottom,0,0,0,Fastball,Four-Seam,StrikeCalled,Undefined,Undefined,Undefined,0,0,NA,88.67027,-2.128934,-3.034494,2149.707238,220.848245,01:15:00,5.77371,0.56548,5.40303,-18.2421,17.88501,14.49513,2.25486,-1.07279,81.37267,-5.545192,-0.460435,0.432601,NA,NA,NA,NA,NA,NA,NA,NA,NA,NA,NA,-8.0952,9.89575,-0.30533,50,5.57112,6.17357,-128.55829,-5.38177,-13.61997,25.32156,-15.52469,GEO_PAT,GEO_PAT,SpuhlerFieldMain,TeamExclusive,Team,20251010-SpuhlerFieldMain-Private-2,d7eecdb0-a60e-11f0-9d1c-cb0542a47c13,87.12971,NA,NA,7.2976,NA,NA,NA,NA,NA,NA,e373a8f3-b551-4f4e-929b-9412fc5d6156,2025-10-10,19:25:12,2025-10-10T19:25:12Z,2025-10-10T19:25:12Z,NA,v3,471300,471300,NA,"Vaughan, Logan",1000232024,Right,GEO_PAT,3e77c13b-5f79-4b64-9d0a-9d08c691a015,55.0994,-129.55881,12.66078,5.77164,-4.76836,-7.76235,-0.5599,6.71173,-6.80999,NA,NA,NA,NA,NA,NA,NA,NA,NA,NA,NA,NA,NA,NA,NA,NA,NA,NA,NA,NA,NA,NA,NA,NA,NA,NA,NA,NA,NA,NA,NA,NA,NA,NA,NA,NA,NA,NA,NA,NA,NA,NA,NA,NA,NA,NA,NA,NA,NA,NA,High,High,High,NA,NA,NA,NA,NA,NA,NA,NA,NA,NA,NA,NA,NA,NA,NA,NA,NA,NA,NA,NA,NA,NA,NA,NA,NA,NA,NA,NA,NA,NA,NA,NA,NA,NA,NA,NA,NA,NA,NA,NA,NA,NA,NA,NA,NA,NA,NA,NA,NA,NA,NA,NA,NA,NA,NA,NA,NA
NA,NA,NA,NA,NA,NA,NA,NA,NA,NA,NA,NA,NA,NA,NA,NA,94,2025-10-10,15:25:27,2,2,"Rozich , Landen",1000469268,Right,GEO_PAT,"O'Hara, Austin",10144739,Right,GEO_PAT,Undefined,3,Bottom,0,0,1,Fastball,Sinker,FoulBallNotFieldable,Undefined,Undefined,Undefined,0,0,NA,89.60029,-1.869863,-2.006682,2205.833777,236.191657,01:45:00,5.68968,0.70529,5.34571,-21.89493,13.40713,18.45214,2.10934,0.35979,82.55194,-5.916195,1.271826,0.427633,NA,NA,NA,NA,NA,NA,NA,NA,NA,NA,NA,-9.84831,7.53784,-0.53834,50,5.50548,3.74215,-130.08623,-5.03008,-17.00031,25.40352,-19.16213,GEO_PAT,GEO_PAT,SpuhlerFieldMain,TeamExclusive,Team,20251010-SpuhlerFieldMain-Private-2,e0c4eb40-a60e-11f0-9d1c-cb0542a47c13,88.14197,NA,NA,7.04835,NA,NA,NA,NA,NA,NA,e373a8f3-b551-4f4e-929b-9412fc5d6156,2025-10-10,19:25:27,2025-10-10T19:25:27Z,2025-10-10T19:25:27Z,NA,v3,471300,471300,NA,"Vaughan, Logan",1000232024,Right,GEO_PAT,86f71703-a812-48e0-96da-30d965a6aefb,55.15853,-131.08973,12.70176,5.68923,-4.27313,-9.58106,-0.69943,4.4137,-8.50015,NA,NA,NA,NA,NA,NA,NA,NA,NA,NA,NA,NA,NA,NA,NA,NA,NA,NA,NA,NA,NA,NA,NA,NA,NA,NA,NA,NA,NA,NA,NA,NA,NA,NA,NA,NA,NA,NA,NA,NA,NA,NA,NA,NA,NA,NA,NA,NA,NA,NA,High,High,High,NA,NA,NA,NA,NA,NA,NA,NA,NA,NA,NA,NA,NA,NA,NA,NA,NA,NA,NA,NA,NA,NA,NA,NA,NA,NA,NA,NA,NA,NA,NA,NA,NA,NA,NA,NA,NA,NA,NA,NA,NA,NA,NA,NA,NA,NA,NA,NA,NA,NA,NA,NA,NA,NA,NA,NA,NA
NA,NA,NA,NA,NA,NA,NA,NA,NA,NA,NA,NA,NA,NA,NA,NA,95,2025-10-10,15:26:05,2,3,"Rozich , Landen",1000469268,Right,GEO_PAT,"O'Hara, Austin",10144739,Right,GEO_PAT,Undefined,3,Bottom,0,0,2,Fastball,Sinker,BallCalled,Undefined,Undefined,Undefined,0,0,NA,88.64466,-0.219018,-2.9767,2170.050973,236.465285,02:00:00,5.78073,0.68951,5.25347,-21.79186,14.80757,20.51261,3.75866,-0.40076,80.56798,-4.285067,0.65655,0.43542,NA,NA,NA,NA,NA,NA,NA,NA,NA,NA,NA,-11.03749,7.80922,-0.43179,50,5.74487,5.73138,-128.47222,-1.24856,-18.38987,27.38707,-19.16289,GEO_PAT,GEO_PAT,SpuhlerFieldMain,TeamExclusive,Team,20251010-SpuhlerFieldMain-Private-2,f73fec80-a60e-11f0-9d1c-cb0542a47c13,86.56568,NA,NA,8.07668,NA,NA,NA,NA,NA,NA,e373a8f3-b551-4f4e-929b-9412fc5d6156,2025-10-10,19:26:05,2025-10-10T19:26:05Z,2025-10-10T19:26:05Z,NA,v3,471300,471300,NA,"Vaughan, Logan",1000232024,Right,GEO_PAT,f38bc06e-1e58-423e-ad7f-b6e5bd624b34,55.24758,-129.58604,13.69354,5.7798,-0.46921,-9.58145,-0.6801,6.47929,-9.19493,NA,NA,NA,NA,NA,NA,NA,NA,NA,NA,NA,NA,NA,NA,NA,NA,NA,NA,NA,NA,NA,NA,NA,NA,NA,NA,NA,NA,NA,NA,NA,NA,NA,NA,NA,NA,NA,NA,NA,NA,NA,NA,NA,NA,NA,NA,NA,NA,NA,NA,High,High,High,NA,NA,NA,NA,NA,NA,NA,NA,NA,NA,NA,NA,NA,NA,NA,NA,NA,NA,NA,NA,NA,NA,NA,NA,NA,NA,NA,NA,NA,NA,NA,NA,NA,NA,NA,NA,NA,NA,NA,NA,NA,NA,NA,NA,NA,NA,NA,NA,NA,NA,NA,NA,NA,NA,NA,NA,NA
NA,NA,NA,NA,NA,NA,NA,NA,NA,NA,NA,NA,NA,NA,NA,NA,96,2025-10-10,15:26:23,2,4,"Rozich , Landen",1000469268,Right,GEO_PAT,"O'Hara, Austin",10144739,Right,GEO_PAT,Undefined,3,Bottom,0,1,2,ChangeUp,Changeup,BallCalled,Undefined,Undefined,Undefined,0,0,NA,77.79461,-1.038466,-3.547859,2180.294053,283.791715,03:30:00,5.82785,0.49186,5.04866,-51.21467,-3.39043,20.02143,0.57844,-1.1905,71.70957,-10.253805,-0.005374,0.497732,NA,NA,NA,NA,NA,NA,NA,NA,NA,NA,NA,-11.02201,-1.00681,-0.17028,50,5.6873,6.19262,-112.74297,-3.85935,-14.16206,20.82888,-33.4677,GEO_PAT,GEO_PAT,SpuhlerFieldMain,TeamExclusive,Team,20251010-SpuhlerFieldMain-Private-2,01ec77c0-a60f-11f0-9d1c-cb0542a47c13,75.72843,NA,NA,6.08504,NA,NA,NA,NA,NA,NA,e373a8f3-b551-4f4e-929b-9412fc5d6156,2025-10-10,19:26:23,2025-10-10T19:26:23Z,2025-10-10T19:26:23Z,NA,v3,471300,471300,NA,"Vaughan, Logan",1000232024,Right,GEO_PAT,670fb894-bdf3-48f0-9db6-9c94d2559205,55.45688,-113.74664,10.41444,5.83442,-2.24666,-16.73385,-0.48512,6.87504,-7.08103,NA,NA,NA,NA,NA,NA,NA,NA,NA,NA,NA,NA,NA,NA,NA,NA,NA,NA,NA,NA,NA,NA,NA,NA,NA,NA,NA,NA,NA,NA,NA,NA,NA,NA,NA,NA,NA,NA,NA,NA,NA,NA,NA,NA,NA,NA,NA,NA,NA,NA,High,High,High,NA,NA,NA,NA,NA,NA,NA,NA,NA,NA,NA,NA,NA,NA,NA,NA,NA,NA,NA,NA,NA,NA,NA,NA,NA,NA,NA,NA,NA,NA,NA,NA,NA,NA,NA,NA,NA,NA,NA,NA,NA,NA,NA,NA,NA,NA,NA,NA,NA,NA,NA,NA,NA,NA,NA,NA,NA
NA,NA,NA,NA,NA,NA,NA,NA,NA,NA,NA,NA,NA,NA,NA,NA,97,2025-10-10,15:26:59,2,5,"Rozich , Landen",1000469268,Right,GEO_PAT,"O'Hara, Austin",10144739,Right,GEO_PAT,Undefined,3,Bottom,0,2,2,Fastball,Sinker,FoulBallNotFieldable,Undefined,Undefined,Undefined,0,0,NA,88.19359,-1.949524,-1.844866,2194.333906,232.153282,01:45:00,5.77073,0.69329,5.54381,-21.04576,15.37993,18.29127,2.19322,0.49274,80.69205,-5.879849,1.417049,0.434385,92.1171,-9.775843,-57.351132,NA,NA,NA,NA,14.70907,14.19363,-51.883498,0.098559,-9.89977,8.69276,-0.54635,50,5.58791,3.35406,-127.9974,-5.05663,-16.4074,26.66176,-17.76708,GEO_PAT,GEO_PAT,SpuhlerFieldMain,TeamExclusive,Team,20251010-SpuhlerFieldMain-Private-2,17b4cad0-a60f-11f0-9d1c-cb0542a47c13,86.77189,2.26465,NA,7.50154,NA,NA,NA,1.98834,2.26465,-0.50537,e373a8f3-b551-4f4e-929b-9412fc5d6156,2025-10-10,19:26:59,2025-10-10T19:26:59Z,2025-10-10T19:26:59Z,GroundBall,v3,471300,471300,NA,"Vaughan, Logan",1000232024,Right,GEO_PAT,f80cac95-76bb-47c0-b419-8000e5da0fcd,54.96042,-129.02651,13.33088,5.76985,-4.37084,-8.88354,-0.68803,3.98737,-8.2037,180,1.98648,71.94684,NA,NA,NA,NA,NA,NA,NA,2.26524,-22.97755,NA,NA,NA,NA,NA,NA,NA,-0.50246,-112.28901,NA,NA,NA,NA,NA,NA,NA,NA,NA,NA,NA,NA,NA,NA,NA,NA,NA,NA,NA,NA,NA,NA,NA,NA,NA,NA,NA,NA,NA,High,High,High,High,High,NA,NA,NA,NA,NA,NA,NA,NA,NA,NA,NA,NA,NA,NA,NA,NA,NA,NA,NA,NA,NA,NA,NA,NA,NA,NA,NA,NA,NA,NA,NA,NA,NA,NA,NA,NA,NA,NA,NA,NA,NA,NA,NA,NA,NA,NA,NA,NA,NA,NA,NA,NA,NA,NA,NA
NA,NA,NA,NA,NA,NA,NA,NA,NA,NA,NA,NA,NA,NA,NA,NA,98,2025-10-10,15:27:34,2,6,"Rozich , Landen",1000469268,Right,GEO_PAT,"O'Hara, Austin",10144739,Right,GEO_PAT,Undefined,3,Bottom,0,2,2,ChangeUp,Changeup,BallCalled,Undefined,Undefined,Undefined,0,0,NA,79.40858,-0.784609,-3.483636,2228.994651,275.050172,03:15:00,5.76298,0.50456,5.24679,-45.96743,-0.25673,20.07202,1.19358,-1.10072,72.73441,-9.12809,0.07791,0.486609,NA,NA,NA,NA,NA,NA,NA,NA,NA,NA,NA,-11.09276,0.52299,-0.19988,50,5.65644,6.19547,-115.0645,-3.18704,-14.79349,22.39947,-31.47657,GEO_PAT,GEO_PAT,SpuhlerFieldMain,TeamExclusive,Team,20251010-SpuhlerFieldMain-Private-2,2c8ec640-a60f-11f0-9d1c-cb0542a47c13,77.45936,NA,NA,6.67417,NA,NA,NA,NA,NA,NA,e373a8f3-b551-4f4e-929b-9412fc5d6156,2025-10-10,19:27:34,2025-10-10T19:27:34Z,2025-10-10T19:27:34Z,NA,v3,471300,471300,NA,"Vaughan, Logan",1000232024,Right,GEO_PAT,479a3ebf-f859-48e7-b22f-d45cfdbf92d9,55.25725,-116.08341,11.19973,5.76885,-1.75523,-15.73829,-0.497,6.8684,-7.39675,NA,NA,NA,NA,NA,NA,NA,NA,NA,NA,NA,NA,NA,NA,NA,NA,NA,NA,NA,NA,NA,NA,NA,NA,NA,NA,NA,NA,NA,NA,NA,NA,NA,NA,NA,NA,NA,NA,NA,NA,NA,NA,NA,NA,NA,NA,NA,NA,NA,NA,High,High,High,NA,NA,NA,NA,NA,NA,NA,NA,NA,NA,NA,NA,NA,NA,NA,NA,NA,NA,NA,NA,NA,NA,NA,NA,NA,NA,NA,NA,NA,NA,NA,NA,NA,NA,NA,NA,NA,NA,NA,NA,NA,NA,NA,NA,NA,NA,NA,NA,NA,NA,NA,NA,NA,NA,NA,NA,NA
NA,NA,NA,NA,NA,NA,NA,NA,NA,NA,NA,NA,NA,NA,NA,NA,99,2025-10-10,15:27:51,2,7,"Rozich , Landen",1000469268,Right,GEO_PAT,"O'Hara, Austin",10144739,Right,GEO_PAT,Undefined,3,Bottom,0,3,2,Fastball,Sinker,BallCalled,Walk,Undefined,Undefined,0,0,NA,89.52371,-1.225115,-3.482622,2185.473231,224.238689,01:30:00,5.86814,0.57193,5.323,-18.14753,17.80509,16.13213,3.20382,-1.35608,81.12628,-4.649914,-0.624328,0.431556,NA,NA,NA,NA,NA,NA,NA,NA,NA,NA,NA,-9.05843,9.62288,-0.2682,50,5.74437,7.13845,-129.60332,-3.36631,-15.31344,28.62654,-15.90637,GEO_PAT,GEO_PAT,SpuhlerFieldMain,TeamExclusive,Team,20251010-SpuhlerFieldMain-Private-2,36972240-a60f-11f0-9d1c-cb0542a47c13,87.34088,NA,NA,8.39744,NA,NA,NA,NA,NA,NA,e373a8f3-b551-4f4e-929b-9412fc5d6156,2025-10-10,19:27:51,2025-10-10T19:27:51Z,2025-10-10T19:27:51Z,NA,v3,471300,471300,NA,"Vaughan, Logan",1000232024,Right,GEO_PAT,65bb1d2a-684c-4355-9073-d90988b927b2,55.17691,-130.74179,14.31327,5.86566,-2.73372,-7.95319,-0.56421,7.74747,-7.65672,NA,NA,NA,NA,NA,NA,NA,NA,NA,NA,NA,NA,NA,NA,NA,NA,NA,NA,NA,NA,NA,NA,NA,NA,NA,NA,NA,NA,75.62226,2.079361,0.714957,1.364404,-2.54075,2.87147,1.39194,-1.57877,6.22151,2.40281,127.28493,1.31878,4.54883,-1.40354,108.13234,-10.28305,6.26314,13.48015,-12.57977,2.36447,-0.5153,1.58498,High,High,High,NA,NA,High,High,High,NA,NA,NA,NA,NA,NA,NA,NA,NA,NA,NA,NA,NA,NA,NA,NA,NA,NA,NA,NA,NA,NA,NA,NA,NA,NA,NA,NA,NA,NA,NA,NA,NA,NA,NA,NA,NA,NA,NA,NA,NA,NA,NA,NA,NA,NA,NA,NA,NA,NA,NA,NA
NA,NA,NA,NA,NA,NA,NA,NA,NA,NA,NA,NA,NA,NA,NA,NA,100,2025-10-10,15:28:27,3,1,"Rozich , Landen",1000469268,Right,GEO_PAT,"Clyne , Owen",1000230336,Left,GEO_PAT,Undefined,3,Bottom,0,0,0,ChangeUp,Changeup,StrikeCalled,Undefined,Undefined,Undefined,0,0,NA,77.27341,1.680972,-2.896049,2190.670702,289.702828,03:45:00,5.73026,0.89702,5.27244,-52.63101,-4.52213,16.96363,2.92583,-0.41206,70.69097,-7.884041,0.112919,0.499211,NA,NA,NA,NA,NA,NA,NA,NA,NA,NA,NA,-9.31288,-2.28351,-0.64512,50,5.84518,4.99567,-112.02999,1.47683,-11.79689,20.85802,-35.06662,GEO_PAT,GEO_PAT,SpuhlerFieldMain,TeamExclusive,Team,20251010-SpuhlerFieldMain-Private-2,4c24b640-a60f-11f0-9d1c-cb0542a47c13,75.50405,NA,NA,6.58244,NA,NA,NA,NA,NA,NA,e373a8f3-b551-4f4e-929b-9412fc5d6156,2025-10-10,19:28:27,2025-10-10T19:28:27Z,2025-10-10T19:28:27Z,NA,v3,471300,471300,NA,"Vaughan, Logan",1000232024,Right,GEO_PAT,844618cb-2323-4be3-88bb-48982993e233,55.23191,-112.99988,10.42901,5.7386,3.10742,-17.53331,-0.89017,5.54422,-5.89845,NA,NA,NA,NA,NA,NA,NA,NA,NA,NA,NA,NA,NA,NA,NA,NA,NA,NA,NA,NA,NA,NA,NA,NA,NA,NA,NA,NA,NA,NA,NA,NA,NA,NA,NA,NA,NA,NA,NA,NA,NA,NA,NA,NA,NA,NA,NA,NA,NA,NA,High,High,High,NA,NA,NA,NA,NA,NA,NA,NA,NA,NA,NA,NA,NA,NA,NA,NA,NA,NA,NA,NA,NA,NA,NA,NA,NA,NA,NA,NA,NA,NA,NA,NA,NA,NA,NA,NA,NA,NA,NA,NA,NA,NA,NA,NA,NA,NA,NA,NA,NA,NA,NA,NA,NA,NA,NA,NA,NA
NA,NA,NA,NA,NA,NA,NA,NA,NA,NA,NA,NA,NA,NA,NA,NA,101,2025-10-10,15:28:46,3,2,"Rozich , Landen",1000469268,Right,GEO_PAT,"Clyne , Owen",1000230336,Left,GEO_PAT,Undefined,3,Bottom,0,0,1,Curveball,Changeup,InPlay,Undefined,Bunt,Out,2,0,NA,76.33439,0.954319,-1.848714,2317.707541,298.448596,04:00:00,5.63949,0.81601,5.01111,-57.01476,-7.07205,16.13836,1.7896,0.41525,69.79279,-9.33923,1.006689,0.508636,NA,NA,NA,NA,NA,NA,NA,NA,NA,NA,NA,-8.64319,-3.43162,-0.65255,50,5.68434,2.93826,-110.69969,-0.15234,-10.62715,21.44846,-36.39334,GEO_PAT,GEO_PAT,SpuhlerFieldMain,TeamExclusive,Team,20251010-SpuhlerFieldMain-Private-2,576e1dc0-a60f-11f0-9d1c-cb0542a47c13,74.10489,NA,NA,6.5416,NA,NA,NA,NA,NA,NA,e373a8f3-b551-4f4e-929b-9412fc5d6156,2025-10-10,19:28:46,2025-10-10T19:28:46Z,2025-10-10T19:28:46Z,NA,v3,471300,471300,NA,"Vaughan, Logan",1000232024,Right,GEO_PAT,6de25ffb-1b4e-47ae-857b-52651798c283,55.49414,-111.75912,10.72423,5.64747,1.6453,-18.19667,-0.81065,3.46318,-5.31358,NA,NA,NA,NA,NA,NA,NA,NA,NA,NA,NA,NA,NA,NA,NA,NA,NA,NA,NA,NA,NA,NA,NA,NA,NA,NA,NA,NA,NA,NA,NA,NA,NA,NA,NA,NA,NA,NA,NA,NA,NA,NA,NA,NA,NA,NA,NA,NA,NA,NA,High,High,High,NA,NA,NA,NA,NA,NA,NA,NA,NA,NA,NA,NA,NA,NA,NA,NA,NA,NA,NA,NA,NA,NA,NA,NA,NA,NA,NA,NA,NA,NA,NA,NA,NA,NA,NA,NA,NA,NA,NA,NA,NA,NA,NA,NA,NA,NA,NA,NA,NA,NA,NA,NA,NA,NA,NA,NA,NA
NA,NA,NA,NA,NA,NA,NA,NA,NA,NA,NA,NA,NA,NA,NA,NA,102,2025-10-10,15:29:32,4,1,"Rozich , Landen",1000469268,Right,GEO_PAT,"Alberti, Lucas",1000145512,Right,GEO_PAT,Undefined,3,Bottom,2,0,0,Fastball,Sinker,BallCalled,Undefined,Undefined,Undefined,0,0,NA,89.30938,-0.704749,-4.457643,2058.005868,233.062022,01:45:00,5.8466,0.61708,5.57796,-20.51785,15.07906,18.52371,3.47651,-2.0112,81.42001,-4.552484,-1.165502,0.429415,NA,NA,NA,NA,NA,NA,NA,NA,NA,NA,NA,-10.53662,8.15209,-0.24481,50,5.77247,9.25248,-129.32643,-2.27076,-17.86094,26.74464,-18.35521,GEO_PAT,GEO_PAT,SpuhlerFieldMain,TeamExclusive,Team,20251010-SpuhlerFieldMain-Private-2,72b266e0-a60f-11f0-9d1c-cb0542a47c13,87.77619,NA,NA,7.88937,NA,NA,NA,NA,NA,NA,e373a8f3-b551-4f4e-929b-9412fc5d6156,2025-10-10,19:29:32,2025-10-10T19:29:32Z,2025-10-10T19:29:32Z,NA,v3,471300,471300,NA,"Vaughan, Logan",1000232024,Right,GEO_PAT,910dde89-6ef3-409c-a760-e3814863a7ef,54.92351,-130.34063,13.37232,5.84538,-1.5747,-9.17761,-0.60852,9.9298,-8.93047,NA,NA,NA,NA,NA,NA,NA,NA,NA,NA,NA,NA,NA,NA,NA,NA,NA,NA,NA,NA,NA,NA,NA,NA,NA,NA,NA,NA,NA,NA,NA,NA,NA,NA,NA,NA,NA,NA,NA,NA,NA,NA,NA,NA,NA,NA,NA,NA,NA,NA,High,High,High,NA,NA,NA,NA,NA,NA,NA,NA,NA,NA,NA,NA,NA,NA,NA,NA,NA,NA,NA,NA,NA,NA,NA,NA,NA,NA,NA,NA,NA,NA,NA,NA,NA,NA,NA,NA,NA,NA,NA,NA,NA,NA,NA,NA,NA,NA,NA,NA,NA,NA,NA,NA,NA,NA,NA,NA,NA
NA,NA,NA,NA,NA,NA,NA,NA,NA,NA,NA,NA,NA,NA,NA,NA,103,2025-10-10,15:29:49,4,2,"Rozich , Landen",1000469268,Right,GEO_PAT,"Alberti, Lucas",1000145512,Right,GEO_PAT,Undefined,3,Bottom,2,1,0,Fastball,Sinker,BallCalled,Undefined,Undefined,Undefined,0,0,NA,90.11728,0.163336,-2.985796,2192.247527,228.014736,01:30:00,5.8265,0.76316,5.26983,-17.03993,18.5693,19.25273,4.56015,-0.43983,81.30914,-3.073808,0.424169,0.42949,NA,NA,NA,NA,NA,NA,NA,NA,NA,NA,NA,-10.44548,9.5578,-0.50432,50,5.82944,5.89317,-130.50392,-0.16968,-17.84813,29.82878,-15.8427,GEO_PAT,GEO_PAT,SpuhlerFieldMain,TeamExclusive,Team,20251010-SpuhlerFieldMain-Private-2,7cd1a640-a60f-11f0-9d1c-cb0542a47c13,87.76096,NA,NA,8.80813,NA,NA,NA,NA,NA,NA,e373a8f3-b551-4f4e-929b-9412fc5d6156,2025-10-10,19:29:49,2025-10-10T19:29:49Z,2025-10-10T19:29:49Z,NA,v3,471300,471300,NA,"Vaughan, Logan",1000232024,Right,GEO_PAT,2b11c0b7-3343-473d-9c86-3fd8d5dd159d,55.22965,-131.69381,14.91439,5.8236,0.4623,-7.92135,-0.7536,6.60514,-8.92406,NA,NA,NA,NA,NA,NA,NA,NA,NA,NA,NA,NA,NA,NA,NA,NA,NA,NA,NA,NA,NA,NA,NA,NA,NA,NA,NA,NA,NA,NA,NA,NA,NA,NA,NA,NA,NA,NA,NA,NA,NA,NA,NA,NA,NA,NA,NA,NA,NA,NA,High,High,High,NA,NA,NA,NA,NA,NA,NA,NA,NA,NA,NA,NA,NA,NA,NA,NA,NA,NA,NA,NA,NA,NA,NA,NA,NA,NA,NA,NA,NA,NA,NA,NA,NA,NA,NA,NA,NA,NA,NA,NA,NA,NA,NA,NA,NA,NA,NA,NA,NA,NA,NA,NA,NA,NA,NA,NA,NA
NA,NA,NA,NA,NA,NA,NA,NA,NA,NA,NA,NA,NA,NA,NA,NA,104,2025-10-10,15:30:07,4,3,"Rozich , Landen",1000469268,Right,GEO_PAT,"Alberti, Lucas",1000145512,Right,GEO_PAT,Undefined,3,Bottom,2,2,0,ChangeUp,Changeup,StrikeCalled,Undefined,Undefined,Undefined,0,0,NA,77.64938,0.338703,-3.854432,2298.479851,281.603328,03:30:00,5.79037,0.77325,5.33463,-50.18952,-2.82858,20.95245,1.92643,-1.10264,71.48505,-8.768465,-0.134577,0.495315,NA,NA,NA,NA,NA,NA,NA,NA,NA,NA,NA,-11.55989,-1.06398,-0.44024,50,5.7847,6.76226,-112.58812,-1.05138,-14.86079,20.14844,-33.54182,GEO_PAT,GEO_PAT,SpuhlerFieldMain,TeamExclusive,Team,20251010-SpuhlerFieldMain-Private-2,87a56890-a60f-11f0-9d1c-cb0542a47c13,76.0979,NA,NA,6.16433,NA,NA,NA,NA,NA,NA,e373a8f3-b551-4f4e-929b-9412fc5d6156,2025-10-10,19:30:07,2025-10-10T19:30:07Z,2025-10-10T19:30:07Z,NA,v3,471300,471300,NA,"Vaughan, Logan",1000232024,Right,GEO_PAT,4157633c-2335-4a4f-ba58-b8a8e0fe728d,55.17064,-113.50968,10.07422,5.7977,0.48275,-16.77091,-0.76508,7.44196,-7.4304,NA,NA,NA,NA,NA,NA,NA,NA,NA,NA,NA,NA,NA,NA,NA,NA,NA,NA,NA,NA,NA,NA,NA,NA,NA,NA,NA,NA,NA,NA,NA,NA,NA,NA,NA,NA,NA,NA,NA,NA,NA,NA,NA,NA,NA,NA,NA,NA,NA,NA,High,High,High,NA,NA,NA,NA,NA,NA,NA,NA,NA,NA,NA,NA,NA,NA,NA,NA,NA,NA,NA,NA,NA,NA,NA,NA,NA,NA,NA,NA,NA,NA,NA,NA,NA,NA,NA,NA,NA,NA,NA,NA,NA,NA,NA,NA,NA,NA,NA,NA,NA,NA,NA,NA,NA,NA,NA,NA,NA
NA,NA,NA,NA,NA,NA,NA,NA,NA,NA,NA,NA,NA,NA,NA,NA,105,2025-10-10,15:30:21,4,4,"Rozich , Landen",1000469268,Right,GEO_PAT,"Alberti, Lucas",1000145512,Right,GEO_PAT,Undefined,3,Bottom,2,2,1,ChangeUp,Changeup,StrikeSwinging,Undefined,Undefined,Undefined,0,0,NA,76.97958,-0.566475,-2.40045,2231.632933,286.574963,03:30:00,5.76312,0.83971,5.2054,-51.86015,-3.70059,17.23284,0.90818,0.01679,71.39882,-9.917649,0.660847,0.499474,NA,NA,NA,NA,NA,NA,NA,NA,NA,NA,NA,-9.3354,-1.36,-0.63119,50,5.67082,4.02606,-111.7879,-2.88306,-11.8642,19.33496,-33.90243,GEO_PAT,GEO_PAT,SpuhlerFieldMain,TeamExclusive,Team,20251010-SpuhlerFieldMain-Private-2,90379f50-a60f-11f0-9d1c-cb0542a47c13,75.46432,NA,NA,5.58076,NA,NA,NA,NA,NA,NA,e373a8f3-b551-4f4e-929b-9412fc5d6156,2025-10-10,19:30:21,2025-10-10T19:30:21Z,2025-10-10T19:30:21Z,NA,v3,471300,471300,NA,"Vaughan, Logan",1000232024,Right,GEO_PAT,99df8acf-b634-4318-9281-9b5ab9f79dad,55.3008,-112.701,9.66748,5.76917,-1.282,-16.95121,-0.83455,4.58635,-5.9321,NA,NA,NA,NA,NA,NA,NA,NA,NA,NA,NA,NA,NA,NA,NA,NA,NA,NA,NA,NA,NA,NA,NA,NA,NA,NA,NA,NA,NA,NA,NA,NA,NA,NA,NA,NA,NA,NA,NA,NA,NA,NA,NA,NA,NA,NA,NA,NA,NA,NA,High,High,High,NA,NA,NA,NA,NA,NA,NA,NA,NA,NA,NA,NA,NA,NA,NA,NA,NA,NA,NA,NA,NA,NA,NA,NA,NA,NA,NA,NA,NA,NA,NA,NA,NA,NA,NA,NA,NA,NA,NA,NA,NA,NA,NA,NA,NA,NA,NA,NA,NA,NA,NA,NA,NA,NA,NA,NA,NA
NA,NA,NA,NA,NA,NA,NA,NA,NA,NA,NA,NA,NA,NA,NA,NA,106,2025-10-10,15:30:39,4,5,"Rozich , Landen",1000469268,Right,GEO_PAT,"Alberti, Lucas",1000145512,Right,GEO_PAT,Undefined,3,Bottom,2,2,2,Fastball,Sinker,FoulBallNotFieldable,Undefined,Undefined,Undefined,0,0,NA,89.70762,-1.679461,-2.173931,2183.236005,222.951509,01:30:00,5.78729,0.69042,5.46228,-18.34257,17.1091,14.82851,2.68512,-0.10972,81.65837,-5.133465,0.464842,0.428538,73.92385,21.357639,169.512187,3363.827839,-109.41097,19.38533,11.36244,177.57255,50.76575,178.222237,2.147761,-8.14134,9.46768,-0.5095,50,5.62703,4.28107,-130.08731,-4.4161,-13.89402,28.33065,-16.01656,GEO_PAT,GEO_PAT,SpuhlerFieldMain,TeamExclusive,Team,20251010-SpuhlerFieldMain-Private-2,9aff0590-a60f-11f0-9d1c-cb0542a47c13,87.95583,20.54015,NA,8.04925,NA,NA,NA,1.51105,2.68227,0.11325,e373a8f3-b551-4f4e-929b-9412fc5d6156,2025-10-10,19:30:39,2025-10-10T19:30:39Z,2025-10-10T19:30:39Z,LineDrive,v3,471300,471300,NA,"Vaughan, Logan",1000232024,Right,GEO_PAT,2ba48ade-29d0-45bd-9517-152ca925c08c,55.03987,-131.18031,14.16533,5.78548,-3.79818,-8.00828,-0.685,4.8171,-6.94701,312.714214,1.51103,-99.28463,7.42513,0.40294,-0.89614,1.06672,-0.66156,0.1977,-0.02308,2.68221,39.48936,-24.77718,3.76918,-0.89414,0.32052,-0.07074,4.4e-4,0.0015,0.11327,18.37624,-7.47159,-0.34133,0.87108,-1.04977,0.65317,-0.19552,0.02285,NA,NA,NA,NA,NA,NA,NA,NA,NA,NA,NA,NA,NA,NA,NA,NA,NA,NA,NA,NA,NA,NA,High,High,High,High,Low,NA,NA,NA,NA,NA,NA,NA,NA,NA,NA,NA,NA,NA,NA,NA,NA,NA,NA,NA,NA,NA,NA,NA,NA,NA,NA,NA,NA,NA,NA,NA,NA,NA,NA,NA,NA,NA,NA,NA,NA,NA,NA,NA,NA,NA,NA,NA,NA,NA,NA,NA,NA,NA,NA,NA
NA,NA,NA,NA,NA,NA,NA,NA,NA,NA,NA,NA,NA,NA,NA,NA,107,2025-10-10,15:31:01,4,6,"Rozich , Landen",1000469268,Right,GEO_PAT,"Alberti, Lucas",1000145512,Right,GEO_PAT,Undefined,3,Bottom,2,2,2,Fastball,Sinker,BallCalled,Undefined,Undefined,Undefined,0,0,NA,90.85604,-3.349968,-4.994304,2102.896307,225.340697,01:30:00,5.62523,0.98377,5.40624,-17.59615,17.19009,16.22761,1.00437,-2.35554,82.96921,-6.648466,-2.12279,0.424498,NA,NA,NA,NA,NA,NA,NA,NA,NA,NA,NA,-9.61855,9.93709,-0.54989,50,5.31346,10.74587,-131.24373,-8.2995,-16.78088,27.71118,-14.83741,GEO_PAT,GEO_PAT,SpuhlerFieldMain,TeamExclusive,Team,20251010-SpuhlerFieldMain-Private-2,a7a31b10-a60f-11f0-9d1c-cb0542a47c13,88.79307,NA,NA,7.88684,NA,NA,NA,NA,NA,NA,e373a8f3-b551-4f4e-929b-9412fc5d6156,2025-10-10,19:31:01,2025-10-10T19:31:01Z,2025-10-10T19:31:01Z,NA,v3,471300,471300,NA,"Vaughan, Logan",1000232024,Right,GEO_PAT,c0542b00-77b6-446e-9131-7aee72977cf2,55.09714,-132.31558,13.85559,5.62338,-7.7256,-7.41871,-0.97808,11.39494,-8.39044,NA,NA,NA,NA,NA,NA,NA,NA,NA,NA,NA,NA,NA,NA,NA,NA,NA,NA,NA,NA,NA,NA,NA,NA,NA,NA,NA,NA,NA,NA,NA,NA,NA,NA,NA,NA,NA,NA,NA,NA,NA,NA,NA,NA,NA,NA,NA,NA,NA,NA,High,High,High,NA,NA,NA,NA,NA,NA,NA,NA,NA,NA,NA,NA,NA,NA,NA,NA,NA,NA,NA,NA,NA,NA,NA,NA,NA,NA,NA,NA,NA,NA,NA,NA,NA,NA,NA,NA,NA,NA,NA,NA,NA,NA,NA,NA,NA,NA,NA,NA,NA,NA,NA,NA,NA,NA,NA,NA,NA
NA,NA,NA,NA,NA,NA,NA,NA,NA,NA,NA,NA,NA,NA,NA,NA,108,2025-10-10,15:31:15,4,7,"Rozich , Landen",1000469268,Right,GEO_PAT,"Alberti, Lucas",1000145512,Right,GEO_PAT,Undefined,3,Bottom,2,3,2,ChangeUp,Changeup,InPlay,Undefined,GroundBall,Out,1,0,NA,78.66878,-0.808783,-2.067177,2330.888421,268.841483,03:00:00,5.73852,0.80363,5.07499,-44.80518,1.9013,19.10198,1.2417,0.44569,72.21806,-8.923789,1.315672,0.491881,87.32797,-17.794454000000002,-44.435163,NA,NA,NA,NA,6.94997,6.94997,-30.937871,0.036926,-10.17934,1.56315,-0.6236,50,5.62611,3.3522,-114.11114,-3.18355,-13.37066,21.74725,-30.12084,GEO_PAT,GEO_PAT,SpuhlerFieldMain,TeamExclusive,Team,20251010-SpuhlerFieldMain-Private-2,b06366b0-a60f-11f0-9d1c-cb0542a47c13,76.62918,1.44722,NA,6.45071,NA,NA,NA,2.7415,1.44722,-0.41623,e373a8f3-b551-4f4e-929b-9412fc5d6156,2025-10-10,19:31:15,2025-10-10T19:31:15Z,2025-10-10T19:31:15Z,GroundBall,v3,471300,471300,NA,"Vaughan, Logan",1000232024,Right,GEO_PAT,cae95522-c396-4182-b6be-7f083e7abcc0,55.4293,-115.1412,10.87363,5.74311,-1.75687,-15.06042,-0.79738,3.98551,-6.68533,NA,2.74083,87.19175,NA,NA,NA,NA,NA,NA,NA,1.44752,-39.19217,NA,NA,NA,NA,NA,NA,NA,-0.41558,-85.48936,NA,NA,NA,NA,NA,NA,NA,NA,NA,NA,NA,NA,NA,NA,NA,NA,NA,NA,NA,NA,NA,NA,NA,NA,NA,NA,NA,NA,NA,High,High,High,Estimated,Estimated,NA,NA,NA,NA,NA,NA,NA,NA,NA,NA,NA,NA,NA,NA,NA,NA,NA,NA,NA,NA,NA,NA,NA,NA,NA,NA,NA,NA,NA,NA,NA,NA,NA,NA,NA,NA,NA,NA,NA,NA,NA,NA,NA,NA,NA,NA,NA,NA,NA,NA,NA,NA,NA,NA,NA
NA,NA,NA,NA,NA,NA,NA,NA,NA,NA,NA,NA,NA,NA,NA,NA,109,2025-10-10,15:33:57,1,1,"Willis, Tyson",1000469267,Right,GEO_PAT,"Butler, Jake",1000136500,Right,GEO_PAT,Undefined,4,Top,0,0,0,Fastball,Changeup,InPlay,Undefined,GroundBall,Out,1,0,NA,84.51415,-2.095173,-3.059899,2160.383099,230.254005,01:45:00,5.91135,1.62429,6.14684,-24.6721,14.2719,15.61099,1.91559,0.0949,77.19347,-6.73522,-0.247113,0.44915,89.70641,-16.017257,-34.152194,NA,NA,NA,NA,9.78596,8.75235,-24.707277,0.058942,-9.01544,8.37363,-1.39924,50,5.73876,5.96179,-122.59444,-5.20954,-13.66735,25.11169,-19.47965,GEO_PAT,GEO_PAT,SpuhlerFieldMain,TeamExclusive,Team,20251010-SpuhlerFieldMain-Private-2,1073fdd0-a610-11f0-9d1c-cb0542a47c13,83.91942,2.14361,NA,7.32068,NA,NA,NA,2.71066,2.14361,0.10166,e373a8f3-b551-4f4e-929b-9412fc5d6156,2025-10-10,19:33:57,2025-10-10T19:33:57Z,2025-10-10T19:33:57Z,GroundBall,v3,471300,471300,NA,"Cowdrey, Vincent",1000469295,Right,GEO_PAT,be3667bc-d9a8-4840-95e3-9e6209a07aff,54.35601,-123.48348,12.55584,5.91099,-4.51989,-9.73982,-1.61888,6.44566,-6.83367,180,2.70889,104.83897,NA,NA,NA,NA,NA,NA,NA,2.14422,-36.36794,NA,NA,NA,NA,NA,NA,NA,0.10285,-71.12069,NA,NA,NA,NA,NA,NA,NA,NA,NA,NA,NA,NA,NA,NA,NA,NA,NA,NA,NA,NA,NA,NA,NA,NA,NA,NA,NA,NA,NA,High,High,High,Low,Low,NA,NA,NA,NA,NA,NA,NA,NA,NA,NA,NA,NA,NA,NA,NA,NA,NA,NA,NA,NA,NA,NA,NA,NA,NA,NA,NA,NA,NA,NA,NA,NA,NA,NA,NA,NA,NA,NA,NA,NA,NA,NA,NA,NA,NA,NA,NA,NA,NA,NA,NA,NA,NA,NA,NA
NA,NA,NA,NA,NA,NA,NA,NA,NA,NA,NA,NA,NA,NA,NA,NA,110,2025-10-10,15:34:35,2,1,"Willis, Tyson",1000469267,Right,GEO_PAT,"Bagnerise , Julius",1000469309,Right,GEO_PAT,Undefined,4,Top,1,0,0,Fastball,Changeup,StrikeCalled,Undefined,Undefined,Undefined,0,0,NA,85.90956,-3.124957,-2.881068,2101.132829,222.543686,01:30:00,6.20881,1.55016,5.87642,-21.41556,16.72025,14.17198,1.51514,0.05295,78.47112,-7.148281,-0.340276,0.444465,NA,NA,NA,NA,NA,NA,NA,NA,NA,NA,NA,-8.07808,9.83595,-1.32524,50,5.94319,5.68617,-124.45836,-7.44408,-12.63184,25.6918,-16.79343,GEO_PAT,GEO_PAT,SpuhlerFieldMain,TeamExclusive,Team,20251010-SpuhlerFieldMain-Private-2,2747f480-a610-11f0-9d1c-cb0542a47c13,84.80401,NA,NA,7.43844,NA,NA,NA,NA,NA,NA,e373a8f3-b551-4f4e-929b-9412fc5d6156,2025-10-10,19:34:35,2025-10-10T19:34:35Z,2025-10-10T19:34:35Z,NA,v3,471300,471300,NA,"Cowdrey, Vincent",1000469295,Right,GEO_PAT,fb0285f8-7a22-44f8-8689-756db1ef87f7,54.62498,-125.40945,12.8459,6.20726,-6.8224,-8.39672,-1.54439,6.15379,-6.31592,NA,NA,NA,NA,NA,NA,NA,NA,NA,NA,NA,NA,NA,NA,NA,NA,NA,NA,NA,NA,NA,NA,NA,NA,NA,NA,NA,NA,NA,NA,NA,NA,NA,NA,NA,NA,NA,NA,NA,NA,NA,NA,NA,NA,NA,NA,NA,NA,NA,NA,High,High,High,NA,NA,NA,NA,NA,NA,NA,NA,NA,NA,NA,NA,NA,NA,NA,NA,NA,NA,NA,NA,NA,NA,NA,NA,NA,NA,NA,NA,NA,NA,NA,NA,NA,NA,NA,NA,NA,NA,NA,NA,NA,NA,NA,NA,NA,NA,NA,NA,NA,NA,NA,NA,NA,NA,NA,NA,NA
NA,NA,NA,NA,NA,NA,NA,NA,NA,NA,NA,NA,NA,NA,NA,NA,111,2025-10-10,15:34:50,2,2,"Willis, Tyson",1000469267,Right,GEO_PAT,"Bagnerise , Julius",1000469309,Right,GEO_PAT,Undefined,4,Top,1,0,1,Fastball,Changeup,InPlay,Undefined,GroundBall,Out,1,0,NA,86.02553,-2.089317,-2.427474,2224.415377,229.842514,01:45:00,6.25089,1.53687,5.8717,-24.20927,13.7869,14.83611,2.29011,0.51701,78.48036,-6.620936,0.233907,0.443651,100.5756,-7.312977,-16.903932,NA,NA,NA,NA,18.97381,17.11552,-17.581296,0.125912,-8.31162,8.0415,-1.34899,50,6.06756,4.6856,-124.767,-5.31118,-13.0418,26.17502,-19.55612,GEO_PAT,GEO_PAT,SpuhlerFieldMain,TeamExclusive,Team,20251010-SpuhlerFieldMain-Private-2,302f7730-a610-11f0-9d1c-cb0542a47c13,84.95969,2.3186,NA,7.54516,NA,NA,NA,0.87275,2.3186,-0.46493,e373a8f3-b551-4f4e-929b-9412fc5d6156,2025-10-10,19:34:50,2025-10-10T19:34:50Z,2025-10-10T19:34:50Z,GroundBall,v3,471300,471300,NA,"Cowdrey, Vincent",1000469295,Right,GEO_PAT,81d0c6c7-d9cf-4a45-83bd-0acb52cffeb6,54.63003,-125.73459,13.08751,6.25053,-4.58827,-9.77806,-1.53111,5.16771,-6.5209,171.80366,0.87332,139.92924,-25.55043,NA,NA,NA,NA,NA,NA,2.3182,-18.73419,2.58995,NA,NA,NA,NA,NA,NA,-0.46503,-42.53192,5.62589,NA,NA,NA,NA,NA,NA,NA,NA,NA,NA,NA,NA,NA,NA,NA,NA,NA,NA,NA,NA,NA,NA,NA,NA,NA,NA,NA,NA,High,High,High,High,High,NA,NA,NA,NA,NA,NA,NA,NA,NA,NA,NA,NA,NA,NA,NA,NA,NA,NA,NA,NA,NA,NA,NA,NA,NA,NA,NA,NA,NA,NA,NA,NA,NA,NA,NA,NA,NA,NA,NA,NA,NA,NA,NA,NA,NA,NA,NA,NA,NA,NA,NA,NA,NA,NA,NA
NA,NA,NA,NA,NA,NA,NA,NA,NA,NA,NA,NA,NA,NA,NA,NA,112,2025-10-10,15:35:22,3,1,"Willis, Tyson",1000469267,Right,GEO_PAT,"Terilli, Lucas",1000469290,Left,GEO_PAT,Undefined,4,Top,2,0,0,Fastball,Sinker,StrikeCalled,Undefined,Undefined,Undefined,0,0,NA,86.59482,-1.552855,-2.369375,2075.909496,231.081698,01:45:00,6.1758,1.61728,5.87051,-23.61588,13.41942,15.26446,2.76376,0.68712,79.84684,-5.954864,0.368306,0.438005,NA,NA,NA,NA,NA,NA,NA,NA,NA,NA,NA,-8.41146,7.60508,-1.4342,50,6.03613,4.58104,-125.78482,-4.16298,-13.58589,23.56891,-19.8906,GEO_PAT,GEO_PAT,SpuhlerFieldMain,TeamExclusive,Team,20251010-SpuhlerFieldMain-Private-2,435e81c0-a610-11f0-9d1c-cb0542a47c13,86.05475,NA,NA,6.74797,NA,NA,NA,NA,NA,NA,e373a8f3-b551-4f4e-929b-9412fc5d6156,2025-10-10,19:35:22,2025-10-10T19:35:22Z,2025-10-10T19:35:22Z,NA,v3,471300,471300,NA,"Cowdrey, Vincent",1000469295,Right,GEO_PAT,38620c9f-54d5-46cd-98a1-7cc9e4518413,54.63232,-126.64982,11.78446,6.17552,-3.43298,-9.9453,-1.61148,5.07965,-6.79294,NA,NA,NA,NA,NA,NA,NA,NA,NA,NA,NA,NA,NA,NA,NA,NA,NA,NA,NA,NA,NA,NA,NA,NA,NA,NA,NA,NA,NA,NA,NA,NA,NA,NA,NA,NA,NA,NA,NA,NA,NA,NA,NA,NA,NA,NA,NA,NA,NA,NA,High,High,High,NA,NA,NA,NA,NA,NA,NA,NA,NA,NA,NA,NA,NA,NA,NA,NA,NA,NA,NA,NA,NA,NA,NA,NA,NA,NA,NA,NA,NA,NA,NA,NA,NA,NA,NA,NA,NA,NA,NA,NA,NA,NA,NA,NA,NA,NA,NA,NA,NA,NA,NA,NA,NA,NA,NA,NA,NA
NA,NA,NA,NA,NA,NA,NA,NA,NA,NA,NA,NA,NA,NA,NA,NA,113,2025-10-10,15:35:37,3,2,"Willis, Tyson",1000469267,Right,GEO_PAT,"Terilli, Lucas",1000469290,Left,GEO_PAT,Undefined,4,Top,2,0,1,Fastball,Changeup,BallCalled,Undefined,Undefined,Undefined,0,0,NA,86.04629,-0.739427,-1.997928,2071.262866,227.188756,01:30:00,6.25018,1.69133,5.77894,-23.63112,14.11225,13.99146,3.59242,0.99745,78.98412,-5.155567,0.507206,0.442172,NA,NA,NA,NA,NA,NA,NA,NA,NA,NA,NA,-7.64969,7.74382,-1.53477,50,6.17483,3.78031,-124.9784,-2.3641200000000002,-12.15214,24.15401,-19.87238,GEO_PAT,GEO_PAT,SpuhlerFieldMain,TeamExclusive,Team,20251010-SpuhlerFieldMain-Private-2,4c7ccbe0-a610-11f0-9d1c-cb0542a47c13,85.24375,NA,NA,7.06217,NA,NA,NA,NA,NA,NA,e373a8f3-b551-4f4e-929b-9412fc5d6156,2025-10-10,19:35:37,2025-10-10T19:35:37Z,2025-10-10T19:35:37Z,NA,v3,471300,471300,NA,"Cowdrey, Vincent",1000469295,Right,GEO_PAT,69434d90-925c-4b62-b702-da718e71416e,54.72292,-125.88787,12.077,6.24976,-1.61587,-9.93619,-1.68573,4.23787,-6.07607,NA,NA,NA,NA,NA,NA,NA,NA,NA,NA,NA,NA,NA,NA,NA,NA,NA,NA,NA,NA,NA,NA,NA,NA,NA,NA,NA,NA,NA,NA,NA,NA,NA,NA,NA,NA,NA,NA,NA,NA,NA,NA,NA,NA,NA,NA,NA,NA,NA,NA,High,High,High,NA,NA,NA,NA,NA,NA,NA,NA,NA,NA,NA,NA,NA,NA,NA,NA,NA,NA,NA,NA,NA,NA,NA,NA,NA,NA,NA,NA,NA,NA,NA,NA,NA,NA,NA,NA,NA,NA,NA,NA,NA,NA,NA,NA,NA,NA,NA,NA,NA,NA,NA,NA,NA,NA,NA,NA,NA
NA,NA,NA,NA,NA,NA,NA,NA,NA,NA,NA,NA,NA,NA,NA,NA,114,2025-10-10,15:35:54,3,3,"Willis, Tyson",1000469267,Right,GEO_PAT,"Terilli, Lucas",1000469290,Left,GEO_PAT,Undefined,4,Top,2,1,1,Fastball,Sinker,InPlay,Undefined,GroundBall,Out,1,0,NA,86.54968,-2.155345,-2.642479,2112.734475,231.187475,01:45:00,6.16234,1.47475,5.82949,-22.66234,14.74879,16.85462,2.26707,0.42104,79.31993,-6.394771,0.377739,0.440222,78.50149,1.096786,20.896028,2864.966792,NA,NA,NA,40.74921,38.98256,21.120582,0.355841,-9.44378,8.50276,-1.26925,50,5.97267,5.12315,-125.59026,-5.44269,-15.0905,25.32133,-18.58722,GEO_PAT,GEO_PAT,SpuhlerFieldMain,TeamExclusive,Team,20251010-SpuhlerFieldMain-Private-2,56ad9770-a610-11f0-9d1c-cb0542a47c13,85.62142,2.34435,NA,7.22975,NA,NA,NA,2.11507,2.29774,-0.3758,e373a8f3-b551-4f4e-929b-9412fc5d6156,2025-10-10,19:35:54,2025-10-10T19:35:54Z,2025-10-10T19:35:54Z,GroundBall,v3,471300,471300,NA,"Cowdrey, Vincent",1000469295,Right,GEO_PAT,d30e7c43-a4c8-45e5-a4f7-dcf2845841d0,54.67445,-126.5292,12.66067,6.16171,-4.75345,-9.29361,-1.46959,5.68273,-7.54525,308.145322,2.11913,107.39095,-18.36382,NA,NA,NA,NA,NA,NA,2.30533,1.91866,-23.65578,NA,NA,NA,NA,NA,NA,-0.38025,41.22581,3.14244,NA,NA,NA,NA,NA,NA,NA,NA,NA,NA,NA,NA,NA,NA,NA,NA,NA,NA,NA,NA,NA,NA,NA,NA,NA,NA,NA,NA,High,High,High,High,High,NA,NA,NA,NA,NA,NA,NA,NA,NA,NA,NA,NA,NA,NA,NA,NA,NA,NA,NA,NA,NA,NA,NA,NA,NA,NA,NA,NA,NA,NA,NA,NA,NA,NA,NA,NA,NA,NA,NA,NA,NA,NA,NA,NA,NA,NA,NA,NA,NA,NA,NA,NA,NA,NA,NA
NA,NA,NA,NA,NA,NA,NA,NA,NA,NA,NA,NA,NA,NA,NA,NA,115,2025-10-10,15:38:35,1,1,"Rozich , Landen",1000469268,Right,GEO_PAT,"Westley, Matthew",824016,Right,GEO_PAT,Undefined,4,Bottom,0,0,0,Fastball,Sinker,InPlay,Undefined,LineDrive,Double,0,0,NA,86.63606,-1.790501,-3.042296,2065.559115,231.31136,01:45:00,5.91446,0.84612,5.44042,-21.85682,16.16993,18.62253,2.41349,-0.45354,79.03317,-5.873685,0.268364,0.443829,104.60859,18.381573,13.755838,2972.429942,104.93732,34.4333,32.9859,343.28038,342.04934,26.000523,3.929936,-10.29052,9.02882,-0.59024,50,5.74101,5.87581,-125.57004,-4.64914,-16.39378,25.9563,-17.79029,GEO_PAT,GEO_PAT,SpuhlerFieldMain,TeamExclusive,Team,20251010-SpuhlerFieldMain-Private-2,b6575670-a610-11f0-9d1c-cb0542a47c13,84.92554,46.96774,NA,7.60289,NA,NA,NA,1.29392,2.428,0.4614,e373a8f3-b551-4f4e-929b-9412fc5d6156,2025-10-10,19:38:35,2025-10-10T19:38:35Z,2025-10-10T19:38:35Z,LineDrive,v3,471300,471300,NA,"Vaughan, Logan",1000232024,Right,GEO_PAT,91c4ba16-6896-497c-9f3a-7080140c32cf,55.06231,-126.61214,12.97815,5.91332,-3.9349,-8.89514,-0.83936,6.53399,-8.19689,223.055097,1.2937,141.42395,-30.7062,6.94652,-1.41601,0.23102,-0.02524,0.00105,6e-5,2.42831,48.37686,-13.34898,-0.03253,0.07143,0.02685,-0.01958,0.00473,-4e-4,0.46194,34.6094,4.89322,-2.48797,0.74668,-0.16356,0.02509,-0.00225,9e-5,NA,NA,NA,NA,NA,NA,NA,NA,NA,NA,NA,NA,NA,NA,NA,NA,NA,NA,NA,NA,NA,NA,High,High,High,High,High,NA,NA,NA,NA,NA,NA,NA,NA,NA,NA,NA,NA,NA,NA,NA,NA,NA,NA,NA,NA,NA,NA,NA,NA,NA,NA,NA,NA,NA,NA,NA,NA,NA,NA,NA,NA,NA,NA,NA,NA,NA,NA,NA,NA,NA,NA,NA,NA,NA,NA,NA,NA,NA,NA,NA
NA,NA,NA,NA,NA,NA,NA,NA,NA,NA,NA,NA,NA,NA,NA,NA,116,2025-10-10,15:39:12,2,1,"Rozich , Landen",1000469268,Right,GEO_PAT,"Cowdrey, Vincent",1000469295,Right,GEO_PAT,Undefined,4,Bottom,0,0,0,ChangeUp,Changeup,StrikeCalled,Undefined,Undefined,Undefined,0,0,NA,77.30635,1.017508,-3.045304,2180.325071,284.246044,03:30:00,5.88482,0.75565,5.12161,-52.40145,-3.95748,21.89808,2.47796,-0.29083,70.65189,-8.479405,0.830335,0.500946,NA,NA,NA,NA,NA,NA,NA,NA,NA,NA,NA,-11.76697,-1.77882,-0.48681,50,5.93978,5.07439,-112.04865,0.14826,-14.87239,21.3469,-34.42232,GEO_PAT,GEO_PAT,SpuhlerFieldMain,TeamExclusive,Team,20251010-SpuhlerFieldMain-Private-2,cc49c6c0-a610-11f0-9d1c-cb0542a47c13,75.24247,NA,NA,6.65446,NA,NA,NA,NA,NA,NA,e373a8f3-b551-4f4e-929b-9412fc5d6156,2025-10-10,19:39:12,2025-10-10T19:39:12Z,2025-10-10T19:39:12Z,NA,v3,471300,471300,NA,"Vaughan, Logan",1000232024,Right,GEO_PAT,39578bb1-d483-43d5-9086-f8238cf641f6,55.3829,-113.06951,10.67345,5.89333,1.79443,-17.21116,-0.74649,5.78563,-7.43619,NA,NA,NA,NA,NA,NA,NA,NA,NA,NA,NA,NA,NA,NA,NA,NA,NA,NA,NA,NA,NA,NA,NA,NA,NA,NA,NA,NA,NA,NA,NA,NA,NA,NA,NA,NA,NA,NA,NA,NA,NA,NA,NA,NA,NA,NA,NA,NA,NA,NA,High,High,High,NA,NA,NA,NA,NA,NA,NA,NA,NA,NA,NA,NA,NA,NA,NA,NA,NA,NA,NA,NA,NA,NA,NA,NA,NA,NA,NA,NA,NA,NA,NA,NA,NA,NA,NA,NA,NA,NA,NA,NA,NA,NA,NA,NA,NA,NA,NA,NA,NA,NA,NA,NA,NA,NA,NA,NA,NA
NA,NA,NA,NA,NA,NA,NA,NA,NA,NA,NA,NA,NA,NA,NA,NA,117,2025-10-10,15:39:29,2,2,"Rozich , Landen",1000469268,Right,GEO_PAT,"Cowdrey, Vincent",1000469295,Right,GEO_PAT,Undefined,4,Bottom,0,0,1,Fastball,Four-Seam,FoulBallNotFieldable,Undefined,Undefined,Undefined,0,0,NA,87.65355,-2.148636,-2.640252,2203.752326,221.093985,01:15:00,5.96113,0.70492,5.49544,-18.25942,19.10446,15.50288,2.42648,-0.47476,79.31509,-5.611037,0.119008,0.439944,NA,NA,NA,NA,NA,NA,NA,NA,NA,NA,NA,-8.68146,10.70075,-0.48474,50,5.761,5.18324,-126.95103,-5.32972,-14.01591,28.59104,-14.89799,GEO_PAT,GEO_PAT,SpuhlerFieldMain,TeamExclusive,Team,20251010-SpuhlerFieldMain-Private-2,d6934a70-a610-11f0-9d1c-cb0542a47c13,85.67556,NA,NA,8.33847,NA,NA,NA,NA,NA,NA,e373a8f3-b551-4f4e-929b-9412fc5d6156,2025-10-10,19:39:29,2025-10-10T19:39:29Z,2025-10-10T19:39:29Z,NA,v3,471300,471300,NA,"Vaughan, Logan",1000232024,Right,GEO_PAT,3d497ad5-7872-45b8-b751-ece4aaabcf94,55.00601,-128.07349,14.29552,5.95876,-4.74484,-7.449,-0.69904,5.73349,-7.00796,NA,NA,NA,NA,NA,NA,NA,NA,NA,NA,NA,NA,NA,NA,NA,NA,NA,NA,NA,NA,NA,NA,NA,NA,NA,NA,NA,NA,NA,NA,NA,NA,NA,NA,NA,NA,NA,NA,NA,NA,NA,NA,NA,NA,NA,NA,NA,NA,NA,NA,High,High,High,NA,NA,NA,NA,NA,NA,NA,NA,NA,NA,NA,NA,NA,NA,NA,NA,NA,NA,NA,NA,NA,NA,NA,NA,NA,NA,NA,NA,NA,NA,NA,NA,NA,NA,NA,NA,NA,NA,NA,NA,NA,NA,NA,NA,NA,NA,NA,NA,NA,NA,NA,NA,NA,NA,NA,NA,NA
NA,NA,NA,NA,NA,NA,NA,NA,NA,NA,NA,NA,NA,NA,NA,NA,118,2025-10-10,15:39:51,2,3,"Rozich , Landen",1000469268,Right,GEO_PAT,"Cowdrey, Vincent",1000469295,Right,GEO_PAT,Undefined,4,Bottom,0,0,2,Fastball,Sinker,BallCalled,Undefined,Undefined,Undefined,0,0,NA,86.85715,1.327871,-1.680141,2108.028021,231.902883,01:45:00,5.88543,0.74943,5.67345,-22.19505,15.42985,18.07092,5.27464,0.68842,78.6113,-2.86176,1.547748,0.441478,NA,NA,NA,NA,NA,NA,NA,NA,NA,NA,NA,-9.47359,7.77402,-0.61805,50,5.98371,2.8785,-125.93885,2.22879,-15.114,27.16339,-19.77156,GEO_PAT,GEO_PAT,SpuhlerFieldMain,TeamExclusive,Team,20251010-SpuhlerFieldMain-Private-2,e3a5d930-a610-11f0-9d1c-cb0542a47c13,85.3778,NA,NA,8.24584,NA,NA,NA,NA,NA,NA,e373a8f3-b551-4f4e-929b-9412fc5d6156,2025-10-10,19:39:51,2025-10-10T19:39:51Z,2025-10-10T19:39:51Z,NA,v3,471300,471300,NA,"Vaughan, Logan",1000232024,Right,GEO_PAT,3429fb2a-69a6-471a-bc5a-85ea476a81f7,54.82384,-126.97503,13.58169,5.8843,2.98299,-9.88578,-0.73886,3.45504,-7.557,NA,NA,NA,NA,NA,NA,NA,NA,NA,NA,NA,NA,NA,NA,NA,NA,NA,NA,NA,NA,NA,NA,NA,NA,NA,NA,NA,NA,NA,NA,NA,NA,NA,NA,NA,NA,NA,NA,NA,NA,NA,NA,NA,NA,NA,NA,NA,NA,NA,NA,High,High,High,NA,NA,NA,NA,NA,NA,NA,NA,NA,NA,NA,NA,NA,NA,NA,NA,NA,NA,NA,NA,NA,NA,NA,NA,NA,NA,NA,NA,NA,NA,NA,NA,NA,NA,NA,NA,NA,NA,NA,NA,NA,NA,NA,NA,NA,NA,NA,NA,NA,NA,NA,NA,NA,NA,NA,NA,NA
NA,NA,NA,NA,NA,NA,NA,NA,NA,NA,NA,NA,NA,NA,NA,NA,119,2025-10-10,15:40:15,2,4,"Rozich , Landen",1000469268,Right,GEO_PAT,"Cowdrey, Vincent",1000469295,Right,GEO_PAT,Undefined,4,Bottom,0,1,2,Fastball,Sinker,BallCalled,Undefined,Undefined,Undefined,0,0,NA,86.36871,-1.295485,-4.141345,2064.814681,231.291792,01:45:00,5.9184,0.68475,5.56345,-23.39741,14.81989,16.88977,2.75491,-1.78365,78.59326,-5.668918,-1.137836,0.44494,NA,NA,NA,NA,NA,NA,NA,NA,NA,NA,NA,-9.68815,8.23823,-0.33788,50,5.79107,8.32279,-125.03525,-3.59597,-15.28765,25.97076,-19.1743,GEO_PAT,GEO_PAT,SpuhlerFieldMain,TeamExclusive,Team,20251010-SpuhlerFieldMain-Private-2,f1df0da0-a610-11f0-9d1c-cb0542a47c13,84.71352,NA,NA,7.77545,NA,NA,NA,NA,NA,NA,e373a8f3-b551-4f4e-929b-9412fc5d6156,2025-10-10,19:40:15,2025-10-10T19:40:15Z,2025-10-10T19:40:15Z,NA,v3,471300,471300,NA,"Vaughan, Logan",1000232024,Right,GEO_PAT,3da5e7aa-125f-41a5-8769-521cbfd36d7b,54.93738,-126.05661,12.98538,5.91766,-2.8419,-9.58715,-0.67701,8.9240100000000009,-7.64383,NA,NA,NA,NA,NA,NA,NA,NA,NA,NA,NA,NA,NA,NA,NA,NA,NA,NA,NA,NA,NA,NA,NA,NA,NA,NA,NA,NA,NA,NA,NA,NA,NA,NA,NA,NA,NA,NA,NA,NA,NA,NA,NA,NA,NA,NA,NA,NA,NA,NA,High,High,High,NA,NA,NA,NA,NA,NA,NA,NA,NA,NA,NA,NA,NA,NA,NA,NA,NA,NA,NA,NA,NA,NA,NA,NA,NA,NA,NA,NA,NA,NA,NA,NA,NA,NA,NA,NA,NA,NA,NA,NA,NA,NA,NA,NA,NA,NA,NA,NA,NA,NA,NA,NA,NA,NA,NA,NA,NA
NA,NA,NA,NA,NA,NA,NA,NA,NA,NA,NA,NA,NA,NA,NA,NA,120,2025-10-10,15:40:39,2,5,"Rozich , Landen",1000469268,Right,GEO_PAT,"Cowdrey, Vincent",1000469295,Right,GEO_PAT,Undefined,4,Bottom,0,2,2,ChangeUp,Changeup,InPlay,Undefined,GroundBall,FieldersChoice,1,0,NA,77.12477,0.268219,-2.82792,2148.541533,280.651743,03:15:00,5.89902,0.66724000000000006,5.22111,-49.49436,-1.46445,15.50643,2.02699,-0.70165,71.20816,-8.695618,-0.077511,0.498801,90.84516,-14.402927,10.58693,NA,NA,NA,NA,9.18652,8.55662,13.358759,0.063709,-8.55024,-0.41465,-0.41831,50,5.88623,4.92683,-111.93193,-1.16825,-10.88735,19.50718,-32.70205,GEO_PAT,GEO_PAT,SpuhlerFieldMain,TeamExclusive,Team,20251010-SpuhlerFieldMain-Private-2,0085d0f0-a611-11f0-9d1c-cb0542a47c13,75.56608,2.11501,NA,5.91662,NA,NA,NA,0.84249,2.11501,0.60941,e373a8f3-b551-4f4e-929b-9412fc5d6156,2025-10-10,19:40:39,2025-10-10T19:40:39Z,2025-10-10T19:40:39Z,GroundBall,v3,471300,471300,NA,"Vaughan, Logan",1000232024,Right,GEO_PAT,cb7be4c6-80f6-4acf-ae3b-0333dda0bae6,55.28387,-112.84903,9.75359,5.90501,0.36918,-16.35102,-0.66197,5.43868,-5.44367,180,0.8403,127.06846,NA,NA,NA,NA,NA,NA,NA,2.11558,-33.19767,NA,NA,NA,NA,NA,NA,NA,0.609,23.75022,NA,NA,NA,NA,NA,NA,NA,NA,NA,NA,NA,NA,NA,NA,NA,NA,NA,NA,NA,NA,NA,NA,NA,NA,NA,NA,NA,NA,NA,High,High,High,High,High,NA,NA,NA,NA,NA,NA,NA,NA,NA,NA,NA,NA,NA,NA,NA,NA,NA,NA,NA,NA,NA,NA,NA,NA,NA,NA,NA,NA,NA,NA,NA,NA,NA,NA,NA,NA,NA,NA,NA,NA,NA,NA,NA,NA,NA,NA,NA,NA,NA,NA,NA,NA,NA,NA,NA
NA,NA,NA,NA,NA,NA,NA,NA,NA,NA,NA,NA,NA,NA,NA,NA,121,2025-10-10,15:41:18,3,1,"Rozich , Landen",1000469268,Right,GEO_PAT,"Canody, Andrew",1000415298,Right,GEO_PAT,Undefined,4,Bottom,1,0,0,Curveball,Curveball,BallCalled,Undefined,Undefined,Undefined,0,0,NA,73.7628,1.00808,-1.99554,2141.966761,53.130776,07:45:00,5.76363,0.64762,5.17579,-54.73743,-2.34051,-5.11862,2.15149,-1.65756,68.46373,-8.877427,-2.902344,0.520984,NA,NA,NA,NA,NA,NA,NA,NA,NA,NA,NA,2.0463,-0.9828,-0.45769,50,5.81542,3.92427,-107.11386,0.07442,2.39454,17.25008,-33.32411,GEO_PAT,GEO_PAT,SpuhlerFieldMain,TeamExclusive,Team,20251010-SpuhlerFieldMain-Private-2,179745d0-a611-11f0-9d1c-cb0542a47c13,72.34857,NA,NA,5.29907,NA,NA,NA,NA,NA,NA,e373a8f3-b551-4f4e-929b-9412fc5d6156,2025-10-10,19:41:18,2025-10-10T19:41:18Z,2025-10-10T19:41:18Z,NA,v3,471300,471300,NA,"Vaughan, Logan",1000232024,Right,GEO_PAT,4fa3cd96-0b1d-4801-a703-b426afe46fe9,55.32855,-107.96858,8.62504,5.77083,1.72559,-16.66206,-0.64919,3.80563,1.19727,NA,NA,NA,NA,NA,NA,NA,NA,NA,NA,NA,NA,NA,NA,NA,NA,NA,NA,NA,NA,NA,NA,NA,NA,NA,NA,NA,NA,NA,NA,NA,NA,NA,NA,NA,NA,NA,NA,NA,NA,NA,NA,NA,NA,NA,NA,NA,NA,NA,NA,High,High,High,NA,NA,NA,NA,NA,NA,NA,NA,NA,NA,NA,NA,NA,NA,NA,NA,NA,NA,NA,NA,NA,NA,NA,NA,NA,NA,NA,NA,NA,NA,NA,NA,NA,NA,NA,NA,NA,NA,NA,NA,NA,NA,NA,NA,NA,NA,NA,NA,NA,NA,NA,NA,NA,NA,NA,NA,NA
NA,NA,NA,NA,NA,NA,NA,NA,NA,NA,NA,NA,NA,NA,NA,NA,122,2025-10-10,15:41:46,3,2,"Rozich , Landen",1000469268,Right,GEO_PAT,"Canody, Andrew",1000415298,Right,GEO_PAT,Undefined,4,Bottom,1,1,0,Curveball,Curveball,InPlay,Undefined,FlyBall,Out,1,0,NA,75.25217,0.575939,-0.51498,2110.346246,33.793393,07:15:00,5.74238,0.61196,4.83466,-55.0496,-3.87008,-3.62764,1.70037,-0.17803,69.53541,-9.311768,-1.154838,0.514896,77.38197,49.701568,-25.931853,NA,98.50594,103.17461,-48.9548,202.55111,118.9688,-27.438854,5.271834,1.67126,-1.74071,-0.5576,50,5.7514,1.12322,-109.2546,-0.82956,2.02329,18.96145,-34.28142,GEO_PAT,GEO_PAT,SpuhlerFieldMain,TeamExclusive,Team,20251010-SpuhlerFieldMain-Private-2,2847e2e0-a611-11f0-9d1c-cb0542a47c13,73.204,104.33708,NA,5.71676,NA,NA,NA,3.45994,1.73339,0.18413,e373a8f3-b551-4f4e-929b-9412fc5d6156,2025-10-10,19:41:46,2025-10-10T19:41:46Z,2025-10-10T19:41:46Z,FlyBall,v3,471300,471300,NA,"Vaughan, Logan",1000232024,Right,GEO_PAT,024d9cd3-1613-4bab-8f13-89482a8f20c2,55.67054,-110.23434,9.48073,5.7485,0.94178,-17.14071,-0.61293,1.01867,1.01164,176.436779,3.46357,65.93513,-18.10523,4.9154,-0.82178,0.05515,0.0062,-0.00127,6e-5,1.73374,86.54462,-20.67967,0.89443,0.32003,-0.22409,0.06366,-0.0088,4.7e-4,0.18247,-32.06456,7.60522,-1.94687,0.29695,-0.01258,-0.00364,5.3e-4,-2e-5,NA,NA,NA,NA,NA,NA,NA,NA,NA,NA,NA,NA,NA,NA,NA,NA,NA,NA,NA,NA,NA,NA,High,High,High,High,Low,NA,NA,NA,NA,NA,NA,NA,NA,NA,NA,NA,NA,NA,NA,NA,NA,NA,NA,NA,NA,NA,NA,NA,NA,NA,NA,NA,NA,NA,NA,NA,NA,NA,NA,NA,NA,NA,NA,NA,NA,NA,NA,NA,NA,NA,NA,NA,NA,NA,NA,NA,NA,NA,NA,NA
NA,NA,NA,NA,NA,NA,NA,NA,NA,NA,NA,NA,NA,NA,NA,NA,123,2025-10-10,15:42:29,4,1,"Rozich , Landen",1000469268,Right,GEO_PAT,"Smith, Cooper",1000469293,Right,GEO_PAT,Undefined,4,Bottom,2,0,0,Fastball,Sinker,StrikeCalled,Undefined,Undefined,Undefined,0,0,NA,88.05053,-2.295273,-2.330397,2116.880947,229.759996,01:45:00,5.89591,0.61884,5.51192,-21.33521,15.81304,17.07469,1.96858,-0.13878,79.45719,-6.306262,0.711833,0.438673,NA,NA,NA,NA,NA,NA,NA,NA,NA,NA,NA,-9.31099,9.09532,-0.42709,50,5.6815,4.42321,-127.46605,-5.80432,-15.09919,29.70589,-17.4246,GEO_PAT,GEO_PAT,SpuhlerFieldMain,TeamExclusive,Team,20251010-SpuhlerFieldMain-Private-2,420a46f0-a611-11f0-9d1c-cb0542a47c13,85.92381,NA,NA,8.59334,NA,NA,NA,NA,NA,NA,e373a8f3-b551-4f4e-929b-9412fc5d6156,2025-10-10,19:42:29,2025-10-10T19:42:29Z,2025-10-10T19:42:29Z,NA,v3,471300,471300,NA,"Vaughan, Logan",1000232024,Right,GEO_PAT,648bae6e-5c61-4695-a23c-01e1fc817136,54.98731,-128.62309,14.85294,5.89436,-5.12564,-8.7123,-0.61083,5.01132,-7.5496,NA,NA,NA,NA,NA,NA,NA,NA,NA,NA,NA,NA,NA,NA,NA,NA,NA,NA,NA,NA,NA,NA,NA,NA,NA,NA,NA,NA,NA,NA,NA,NA,NA,NA,NA,NA,NA,NA,NA,NA,NA,NA,NA,NA,NA,NA,NA,NA,NA,NA,High,High,High,NA,NA,NA,NA,NA,NA,NA,NA,NA,NA,NA,NA,NA,NA,NA,NA,NA,NA,NA,NA,NA,NA,NA,NA,NA,NA,NA,NA,NA,NA,NA,NA,NA,NA,NA,NA,NA,NA,NA,NA,NA,NA,NA,NA,NA,NA,NA,NA,NA,NA,NA,NA,NA,NA,NA,NA,NA
NA,NA,NA,NA,NA,NA,NA,NA,NA,NA,NA,NA,NA,NA,NA,NA,124,2025-10-10,15:42:49,4,2,"Rozich , Landen",1000469268,Right,GEO_PAT,"Smith, Cooper",1000469293,Right,GEO_PAT,Undefined,4,Bottom,2,0,1,Fastball,Sinker,StrikeCalled,Undefined,Undefined,Undefined,0,0,NA,87.12721,-1.73396,-2.338944,2115.971086,233.143159,01:45:00,5.79321,0.72192,5.59319,-24.611,12.45158,15.11158,2.12136,-0.20399,80.18602,-6.292362,0.357803,0.438167,NA,NA,NA,NA,NA,NA,NA,NA,NA,NA,NA,-8.26638,7.10563,-0.53117,50,5.62828,4.52268,-126.47086,-4.6643,-13.46759,24.36908,-20.59756,GEO_PAT,GEO_PAT,SpuhlerFieldMain,TeamExclusive,Team,20251010-SpuhlerFieldMain-Private-2,4d787480-a611-11f0-9d1c-cb0542a47c13,86.02306,NA,NA,6.94119,NA,NA,NA,NA,NA,NA,e373a8f3-b551-4f4e-929b-9412fc5d6156,2025-10-10,19:42:49,2025-10-10T19:42:49Z,2025-10-10T19:42:49Z,NA,v3,471300,471300,NA,"Vaughan, Logan",1000232024,Right,GEO_PAT,bcaa3653-68fa-4a71-ab4e-23a5fc592662,54.90944,-127.41332,12.18454,5.79327,-3.8677,-10.29878,-0.71616,5.04353,-6.7338,NA,NA,NA,NA,NA,NA,NA,NA,NA,NA,NA,NA,NA,NA,NA,NA,NA,NA,NA,NA,NA,NA,NA,NA,NA,NA,NA,NA,NA,NA,NA,NA,NA,NA,NA,NA,NA,NA,NA,NA,NA,NA,NA,NA,NA,NA,NA,NA,NA,NA,High,High,High,NA,NA,NA,NA,NA,NA,NA,NA,NA,NA,NA,NA,NA,NA,NA,NA,NA,NA,NA,NA,NA,NA,NA,NA,NA,NA,NA,NA,NA,NA,NA,NA,NA,NA,NA,NA,NA,NA,NA,NA,NA,NA,NA,NA,NA,NA,NA,NA,NA,NA,NA,NA,NA,NA,NA,NA,NA
NA,NA,NA,NA,NA,NA,NA,NA,NA,NA,NA,NA,NA,NA,NA,NA,125,2025-10-10,15:43:08,4,3,"Rozich , Landen",1000469268,Right,GEO_PAT,"Smith, Cooper",1000469293,Right,GEO_PAT,Undefined,4,Bottom,2,0,2,Fastball,Sinker,BallCalled,Undefined,Undefined,Undefined,0,0,NA,87.52736,-0.192048,-2.414114,2098.029224,222.491348,01:30:00,5.71326,0.65661,5.43454,-18.65749,18.67832,15.96024,3.97845,-0.27557,79.3838,-3.724831,0.423053,0.439779,NA,NA,NA,NA,NA,NA,NA,NA,NA,NA,NA,-8.69434,9.80304,-0.45391,50,5.6837,4.63639,-126.89605,-1.00485,-14.09977,27.28118,-16.2763,GEO_PAT,GEO_PAT,SpuhlerFieldMain,TeamExclusive,Team,20251010-SpuhlerFieldMain-Private-2,58cba000-a611-11f0-9d1c-cb0542a47c13,85.70772,NA,NA,8.14357,NA,NA,NA,NA,NA,NA,e373a8f3-b551-4f4e-929b-9412fc5d6156,2025-10-10,19:43:08,2025-10-10T19:43:08Z,2025-10-10T19:43:08Z,NA,v3,471300,471300,NA,"Vaughan, Logan",1000232024,Right,GEO_PAT,bdac34c9-042b-48ad-8d74-38a6348838d0,55.06553,-127.98045,13.64059,5.71078,-0.35789,-8.13815,-0.64934,5.19684,-7.04989,NA,NA,NA,NA,NA,NA,NA,NA,NA,NA,NA,NA,NA,NA,NA,NA,NA,NA,NA,NA,NA,NA,NA,NA,NA,NA,NA,NA,NA,NA,NA,NA,NA,NA,NA,NA,NA,NA,NA,NA,NA,NA,NA,NA,NA,NA,NA,NA,NA,NA,High,High,High,NA,NA,NA,NA,NA,NA,NA,NA,NA,NA,NA,NA,NA,NA,NA,NA,NA,NA,NA,NA,NA,NA,NA,NA,NA,NA,NA,NA,NA,NA,NA,NA,NA,NA,NA,NA,NA,NA,NA,NA,NA,NA,NA,NA,NA,NA,NA,NA,NA,NA,NA,NA,NA,NA,NA,NA,NA
NA,NA,NA,NA,NA,NA,NA,NA,NA,NA,NA,NA,NA,NA,NA,NA,126,2025-10-10,15:43:40,4,4,"Rozich , Landen",1000469268,Right,GEO_PAT,"Smith, Cooper",1000469293,Right,GEO_PAT,Undefined,4,Bottom,2,1,2,Fastball,Sinker,BallCalled,Undefined,Undefined,Undefined,0,0,NA,87.67434,-2.750919,-0.91279,2087.682081,229.230849,01:45:00,5.8536,0.645,5.45012,-21.51556,15.54859,16.63359,1.48279,1.17647,80.23562,-6.750563,2.050068,0.438176,NA,NA,NA,NA,NA,NA,NA,NA,NA,NA,NA,-8.61469,8.96914,-0.57609,50,5.59591,1.29271,-127.13548,-6.82668,-14.08024,26.40258,-17.51452,GEO_PAT,GEO_PAT,SpuhlerFieldMain,TeamExclusive,Team,20251010-SpuhlerFieldMain-Private-2,6c412970-a611-11f0-9d1c-cb0542a47c13,86.02128,NA,NA,7.43872,NA,NA,NA,NA,NA,NA,e373a8f3-b551-4f4e-929b-9412fc5d6156,2025-10-10,19:43:40,2025-10-10T19:43:40Z,2025-10-10T19:43:40Z,NA,v3,471300,471300,NA,"Vaughan, Logan",1000232024,Right,GEO_PAT,6507330d-4626-4cbc-b0f5-39bb091ce92c,55.05119,-128.18018,13.20129,5.85232,-6.13366,-8.75726,-0.63826,1.84984,-7.04012,NA,NA,NA,NA,NA,NA,NA,NA,NA,NA,NA,NA,NA,NA,NA,NA,NA,NA,NA,NA,NA,NA,NA,NA,NA,NA,NA,NA,74.33295,NA,0.820941,NA,-0.61201,1.23938,-1.25108,-1.87631,6.15009,0.80872,NA,NA,NA,-1.76586,107.4186,-9.78167,6.16149,7.26048,-11.2693,0.78744,-1.10312,1.45466,High,High,High,NA,NA,High,High,Medium,NA,NA,NA,NA,NA,NA,NA,NA,NA,NA,NA,NA,NA,NA,NA,NA,NA,NA,NA,NA,NA,NA,NA,NA,NA,NA,NA,NA,NA,NA,NA,NA,NA,NA,NA,NA,NA,NA,NA,NA,NA,NA,NA,NA,NA,NA,NA,NA,NA,NA,NA,NA
NA,NA,NA,NA,NA,NA,NA,NA,NA,NA,NA,NA,NA,NA,NA,NA,127,2025-10-10,15:44:04,4,5,"Rozich , Landen",1000469268,Right,GEO_PAT,"Smith, Cooper",1000469293,Right,GEO_PAT,Undefined,4,Bottom,2,2,2,ChangeUp,Changeup,BallCalled,Undefined,Undefined,Undefined,0,0,NA,75.85563,1.989623,-2.50427,2215.913228,275.909776,03:15:00,5.93541,0.59185,5.09842,-50.312,-0.38224,18.34344,3.62029,-0.24102,69.72656,-7.136393,0.738241,0.50857,NA,NA,NA,NA,NA,NA,NA,NA,NA,NA,NA,-9.73977,-0.22508,-0.3701,50,6.08409,4.07913,-110.0166,2.09328,-11.98383,18.80524,-32.45097,GEO_PAT,GEO_PAT,SpuhlerFieldMain,TeamExclusive,Team,20251010-SpuhlerFieldMain-Private-2,7a46cac0-a611-11f0-9d1c-cb0542a47c13,74.11452,NA,NA,6.12907,NA,NA,NA,NA,NA,NA,e373a8f3-b551-4f4e-929b-9412fc5d6156,2025-10-10,19:44:04,2025-10-10T19:44:04Z,2025-10-10T19:44:04Z,NA,v3,471300,471300,NA,"Vaughan, Logan",1000232024,Right,GEO_PAT,f63d0b88-8edf-4928-aa55-a5e191848604,55.40543,-110.93671,9.40262,5.94283,3.68105,-16.22549,-0.58403,4.66548,-5.99191,NA,NA,NA,NA,NA,NA,NA,NA,NA,NA,NA,NA,NA,NA,NA,NA,NA,NA,NA,NA,NA,NA,NA,NA,NA,NA,NA,NA,NA,NA,NA,NA,NA,NA,NA,NA,NA,NA,NA,NA,NA,NA,NA,NA,NA,NA,NA,NA,NA,NA,High,High,High,NA,NA,NA,NA,NA,NA,NA,NA,NA,NA,NA,NA,NA,NA,NA,NA,NA,NA,NA,NA,NA,NA,NA,NA,NA,NA,NA,NA,NA,NA,NA,NA,NA,NA,NA,NA,NA,NA,NA,NA,NA,NA,NA,NA,NA,NA,NA,NA,NA,NA,NA,NA,NA,NA,NA,NA,NA
NA,NA,NA,NA,NA,NA,NA,NA,NA,NA,NA,NA,NA,NA,NA,NA,128,2025-10-10,15:44:22,4,6,"Rozich , Landen",1000469268,Right,GEO_PAT,"Smith, Cooper",1000469293,Right,GEO_PAT,Undefined,4,Bottom,2,3,2,ChangeUp,Changeup,BallCalled,Walk,Undefined,Undefined,0,0,NA,76.45294,0.955972,-3.961389,2152.16693,294.680011,03:45:00,5.88285,0.74906,5.24739,-54.12629,-5.34335,14.73103,2.27298,-1.75215,70.76672,-8.822614,-1.352526,0.502696,NA,NA,NA,NA,NA,NA,NA,NA,NA,NA,NA,-8.37142,-2.45953,-0.39598,50,5.93033,7.1022,-110.86968,-0.00766,-10.49658,18.45683,-35.25795,GEO_PAT,GEO_PAT,SpuhlerFieldMain,TeamExclusive,Team,20251010-SpuhlerFieldMain-Private-2,857a3940-a611-11f0-9d1c-cb0542a47c13,74.98061,NA,NA,5.68622,NA,NA,NA,NA,NA,NA,e373a8f3-b551-4f4e-929b-9412fc5d6156,2025-10-10,19:44:22,2025-10-10T19:44:22Z,2025-10-10T19:44:22Z,NA,v3,471300,471300,NA,"Vaughan, Logan",1000232024,Right,GEO_PAT,84f830d2-dfc2-433a-bde6-ff83161f0a78,55.25815,-111.74159,9.22842,5.89135,1.65795,-17.62897,-0.74321,7.59807,-5.24829,NA,NA,NA,NA,NA,NA,NA,NA,NA,NA,NA,NA,NA,NA,NA,NA,NA,NA,NA,NA,NA,NA,NA,NA,NA,NA,NA,NA,NA,NA,NA,NA,NA,NA,NA,NA,NA,NA,NA,NA,NA,NA,NA,NA,NA,NA,NA,NA,NA,NA,High,High,High,NA,NA,NA,NA,NA,NA,NA,NA,NA,NA,NA,NA,NA,NA,NA,NA,NA,NA,NA,NA,NA,NA,NA,NA,NA,NA,NA,NA,NA,NA,NA,NA,NA,NA,NA,NA,NA,NA,NA,NA,NA,NA,NA,NA,NA,NA,NA,NA,NA,NA,NA,NA,NA,NA,NA,NA,NA
NA,NA,NA,NA,NA,NA,NA,NA,NA,NA,NA,NA,NA,NA,NA,NA,129,2025-10-10,15:45:23,5,1,"Rozich , Landen",1000469268,Right,GEO_PAT,"Clyne , Owen",1000230336,Left,GEO_PAT,Undefined,4,Bottom,2,0,0,Fastball,Four-Seam,BallCalled,Undefined,Undefined,Undefined,0,0,NA,87.00023,-2.33788,-1.046318,2144.700372,222.714371,01:30:00,5.83723,0.88448,5.48054,-18.79017,19.41123,16.58942,2.08222,1.28776,78.23234,-5.908298,1.908953,0.444847,NA,NA,NA,NA,NA,NA,NA,NA,NA,NA,NA,-8.64457,10.94386,-0.80403,50,5.61962,1.5592,-125.95125,-5.70483,-13.63315,29.93212,-14.91475,GEO_PAT,GEO_PAT,SpuhlerFieldMain,TeamExclusive,Team,20251010-SpuhlerFieldMain-Private-2,a964b650-a611-11f0-9d1c-cb0542a47c13,84.73117,NA,NA,8.76789,NA,NA,NA,NA,NA,NA,e373a8f3-b551-4f4e-929b-9412fc5d6156,2025-10-10,19:45:23,2025-10-10T19:45:23Z,2025-10-10T19:45:23Z,NA,v3,471300,471300,NA,"Vaughan, Logan",1000232024,Right,GEO_PAT,81a318e4-0f5a-44d9-be6b-30aef5e5ad7c,55.01753,-127.13807,14.96606,5.83409,-5.11346,-7.45737,-0.87656,2.09975,-6.81658,NA,NA,NA,NA,NA,NA,NA,NA,NA,NA,NA,NA,NA,NA,NA,NA,NA,NA,NA,NA,NA,NA,NA,NA,NA,NA,NA,NA,NA,NA,NA,NA,NA,NA,NA,NA,NA,NA,NA,NA,NA,NA,NA,NA,NA,NA,NA,NA,NA,NA,High,High,High,NA,NA,NA,NA,NA,NA,NA,NA,NA,NA,NA,NA,NA,NA,NA,NA,NA,NA,NA,NA,NA,NA,NA,NA,NA,NA,NA,NA,NA,NA,NA,NA,NA,NA,NA,NA,NA,NA,NA,NA,NA,NA,NA,NA,NA,NA,NA,NA,NA,NA,NA,NA,NA,NA,NA,NA,NA
NA,NA,NA,NA,NA,NA,NA,NA,NA,NA,NA,NA,NA,NA,NA,NA,130,2025-10-10,15:45:40,5,2,"Rozich , Landen",1000469268,Right,GEO_PAT,"Clyne , Owen",1000230336,Left,GEO_PAT,Undefined,4,Bottom,2,1,0,Fastball,Sinker,StrikeSwinging,Undefined,Undefined,Undefined,0,0,NA,87.9784,-0.931051,-1.39286,2178.25387,222.819302,01:30:00,5.89802,0.69223,5.62005,-18.7154,18.35942,15.74095,3.46914,0.70379,79.05887,-4.502314,1.417642,0.438239,NA,NA,NA,NA,NA,NA,NA,NA,NA,NA,NA,-8.35162,9.96678,-0.58337,50,5.80682,2.39502,-127.47953,-2.62801,-13.50908,30.37288,-16.0524,GEO_PAT,GEO_PAT,SpuhlerFieldMain,TeamExclusive,Team,20251010-SpuhlerFieldMain-Private-2,b38fdc90-a611-11f0-9d1c-cb0542a47c13,86.00891,NA,NA,8.91953,NA,NA,NA,NA,NA,NA,e373a8f3-b551-4f4e-929b-9412fc5d6156,2025-10-10,19:45:40,2025-10-10T19:45:40Z,2025-10-10T19:45:40Z,NA,v3,471300,471300,NA,"Vaughan, Logan",1000232024,Right,GEO_PAT,14326bc3-097e-4801-9b16-b0dd32b02148,54.87776,-128.63644,15.18644,5.89528,-2.01657,-8.0262,-0.6844,2.90959,-6.75454,NA,NA,NA,NA,NA,NA,NA,NA,NA,NA,NA,NA,NA,NA,NA,NA,NA,NA,NA,NA,NA,NA,NA,NA,NA,NA,NA,NA,NA,NA,NA,NA,NA,NA,NA,NA,NA,NA,NA,NA,NA,NA,NA,NA,NA,NA,NA,NA,NA,NA,High,High,High,NA,NA,NA,NA,NA,NA,NA,NA,NA,NA,NA,NA,NA,NA,NA,NA,NA,NA,NA,NA,NA,NA,NA,NA,NA,NA,NA,NA,NA,NA,NA,NA,NA,NA,NA,NA,NA,NA,NA,NA,NA,NA,NA,NA,NA,NA,NA,NA,NA,NA,NA,NA,NA,NA,NA,NA,NA
NA,NA,NA,NA,NA,NA,NA,NA,NA,NA,NA,NA,NA,NA,NA,NA,131,2025-10-10,15:45:56,5,3,"Rozich , Landen",1000469268,Right,GEO_PAT,"Clyne , Owen",1000230336,Left,GEO_PAT,Undefined,4,Bottom,2,1,1,Fastball,Four-Seam,BallCalled,Undefined,Undefined,Undefined,0,0,NA,87.60473,-3.273901,-2.969334,2147.485186,221.030215,01:15:00,5.93788,0.71309,5.44099,-18.00245,19.77222,15.96615,1.36451,-0.73938,78.91654,-6.691834,-0.13122,0.442356,NA,NA,NA,NA,NA,NA,NA,NA,NA,NA,NA,-9.00217,11.41843,-0.46167,50,5.63574,5.86236,-126.62828,-7.7986,-14.38487,29.68327,-13.92819,GEO_PAT,GEO_PAT,SpuhlerFieldMain,TeamExclusive,Team,20251010-SpuhlerFieldMain-Private-2,bd8ffb30-a611-11f0-9d1c-cb0542a47c13,85.20843,NA,NA,8.68819,NA,NA,NA,NA,NA,NA,e373a8f3-b551-4f4e-929b-9412fc5d6156,2025-10-10,19:45:56,2025-10-10T19:45:56Z,2025-10-10T19:45:56Z,NA,v3,471300,471300,NA,"Vaughan, Logan",1000232024,Right,GEO_PAT,9bf95bb8-7b39-4f06-a152-c079de401202,55.05894,-127.80866,14.84164,5.93484,-7.24473,-6.96409,-0.70616,6.43439,-7.19243,NA,NA,NA,NA,NA,NA,NA,NA,NA,NA,NA,NA,NA,NA,NA,NA,NA,NA,NA,NA,NA,NA,NA,NA,NA,NA,NA,NA,NA,NA,NA,NA,NA,NA,NA,NA,NA,NA,NA,NA,NA,NA,NA,NA,NA,NA,NA,NA,NA,NA,High,High,High,NA,NA,NA,NA,NA,NA,NA,NA,NA,NA,NA,NA,NA,NA,NA,NA,NA,NA,NA,NA,NA,NA,NA,NA,NA,NA,NA,NA,NA,NA,NA,NA,NA,NA,NA,NA,NA,NA,NA,NA,NA,NA,NA,NA,NA,NA,NA,NA,NA,NA,NA,NA,NA,NA,NA,NA,NA
NA,NA,NA,NA,NA,NA,NA,NA,NA,NA,NA,NA,NA,NA,NA,NA,132,2025-10-10,15:46:33,5,4,"Rozich , Landen",1000469268,Right,GEO_PAT,"Clyne , Owen",1000230336,Left,GEO_PAT,Undefined,4,Bottom,2,2,1,ChangeUp,Changeup,BallCalled,Undefined,Undefined,Undefined,0,0,NA,76.81446,0.239948,-2.345634,2299.359297,292.428246,03:45:00,5.85743,0.76738,5.11767,-55.04783,-5.72988,18.02434,1.49635,0.05847,70.0523,-9.721415,0.850077,0.505445,NA,NA,NA,NA,NA,NA,NA,NA,NA,NA,NA,-9.7302,-2.46071,-0.56133,50,5.83694,3.8424,-111.33739,-1.45623,-12.05926,22.34686,-35.22378,GEO_PAT,GEO_PAT,SpuhlerFieldMain,TeamExclusive,Team,20251010-SpuhlerFieldMain-Private-2,d33ab420-a611-11f0-9d1c-cb0542a47c13,74.57276,NA,NA,6.76215,NA,NA,NA,NA,NA,NA,e373a8f3-b551-4f4e-929b-9412fc5d6156,2025-10-10,19:46:33,2025-10-10T19:46:33Z,2025-10-10T19:46:33Z,NA,v3,471300,471300,NA,"Vaughan, Logan",1000232024,Right,GEO_PAT,d3f81db4-8974-4059-a78c-c1208e63a24e,55.38632,-112.4133,11.17343,5.86622,0.23965,-17.61189,-0.7603,4.423,-6.02963,NA,NA,NA,NA,NA,NA,NA,NA,NA,NA,NA,NA,NA,NA,NA,NA,NA,NA,NA,NA,NA,NA,NA,NA,NA,NA,NA,NA,NA,NA,NA,NA,NA,NA,NA,NA,NA,NA,NA,NA,NA,NA,NA,NA,NA,NA,NA,NA,NA,NA,High,High,High,NA,NA,NA,NA,NA,NA,NA,NA,NA,NA,NA,NA,NA,NA,NA,NA,NA,NA,NA,NA,NA,NA,NA,NA,NA,NA,NA,NA,NA,NA,NA,NA,NA,NA,NA,NA,NA,NA,NA,NA,NA,NA,NA,NA,NA,NA,NA,NA,NA,NA,NA,NA,NA,NA,NA,NA,NA
NA,NA,NA,NA,NA,NA,NA,NA,NA,NA,NA,NA,NA,NA,NA,NA,133,NA,NA,5,5,"Rozich , Landen",1000469268,Right,GEO_PAT,"Clyne , Owen",1000230336,Left,GEO_PAT,Undefined,4,Bottom,2,2,1,Fastball,NA,BallCalled,Undefined,Undefined,Undefined,0,0,NA,NA,NA,NA,NA,NA,NA,NA,NA,NA,NA,NA,NA,NA,NA,NA,NA,NA,NA,NA,NA,NA,NA,NA,NA,NA,NA,NA,NA,NA,NA,NA,NA,NA,NA,NA,NA,NA,NA,NA,NA,GEO_PAT,GEO_PAT,SpuhlerFieldMain,TeamExclusive,Team,20251010-SpuhlerFieldMain-Private-2,e62bf260-a611-11f0-9d1c-cb0542a47c13,NA,NA,NA,NA,NA,NA,NA,NA,NA,NA,e373a8f3-b551-4f4e-929b-9412fc5d6156,NA,NA,NA,NA,NA,v3,471300,471300,NA,"Vaughan, Logan",1000232024,Right,GEO_PAT,9ec463a5-b9ad-49e3-89d7-b32289843beb,NA,NA,NA,NA,NA,NA,NA,NA,NA,NA,NA,NA,NA,NA,NA,NA,NA,NA,NA,NA,NA,NA,NA,NA,NA,NA,NA,NA,NA,NA,NA,NA,NA,NA,NA,NA,NA,NA,NA,NA,NA,NA,NA,NA,NA,NA,NA,NA,NA,NA,NA,NA,NA,NA,NA,NA,NA,NA,NA,NA,NA,NA,NA,NA,NA,NA,NA,NA,NA,NA,NA,NA,NA,NA,NA,NA,NA,NA,NA,NA,NA,NA,NA,NA,NA,NA,NA,NA,NA,NA,NA,NA,NA,NA,NA,NA,NA,NA,NA,NA,NA,NA,NA,NA,NA,NA,NA,NA,NA,NA,NA,NA,NA,NA,NA,NA,NA,NA,NA
NA,NA,NA,NA,NA,NA,NA,NA,NA,NA,NA,NA,NA,NA,NA,NA,134,2025-10-10,15:47:06,5,6,"Rozich , Landen",1000469268,Right,GEO_PAT,"O'Hara, Austin",10144739,Right,GEO_PAT,Undefined,4,Bottom,2,3,1,Fastball,Four-Seam,InPlay,Undefined,GroundBall,Out,1,0,NA,86.6872,-2.338068,-2.697692,2174.736984,219.667901,01:15:00,5.97139,0.37013,5.54134,-17.67966,20.581,15.90497,2.30916,-0.82773,78.21721,-5.711338,0.135218,0.445192,74.90486,6.05192,-13.287515,933.826853,NA,NA,NA,98.2044,95.58519,-14.931846,0.988841,-8.96374,11.57383,-0.14722,50,5.75719,5.23905,-125.50507,-5.64961,-14.09622,28.73297,-13.97326,GEO_PAT,GEO_PAT,SpuhlerFieldMain,TeamExclusive,Team,20251010-SpuhlerFieldMain-Private-2,e6da33c0-a611-11f0-9d1c-cb0542a47c13,84.66554,4.62069,NA,8.46999,NA,NA,NA,1.87077,2.32008,0.85284,e373a8f3-b551-4f4e-929b-9412fc5d6156,2025-10-10,19:47:06,2025-10-10T19:47:06Z,2025-10-10T19:47:06Z,GroundBall,v3,471300,471300,NA,"Vaughan, Logan",1000232024,Right,GEO_PAT,e0d89899-c461-4ba7-9e5d-1ab4b1af94fd,54.96016,-126.63555,14.36649,5.96866,-5.09984,-6.98663,-0.36426,5.79366,-7.04811,118.349844,1.87077,106.32332,-14.13911,2.11097,-0.41354,0.07501,-0.01337,0.00225,-2.3e-4,2.32008,11.58253,-14.94986,0.99647,-0.15585,0.03736,-0.00628,9.7e-4,-1.1e-4,0.85284,-25.10931,-1.6266,0.32581,-0.06576,0.01291,-0.00243,4.7e-4,-6e-5,NA,NA,NA,NA,NA,NA,NA,NA,NA,NA,NA,NA,NA,NA,NA,NA,NA,NA,NA,NA,NA,NA,High,High,High,High,High,NA,NA,NA,NA,NA,NA,NA,NA,NA,NA,NA,NA,NA,NA,NA,NA,NA,NA,NA,NA,NA,NA,NA,NA,NA,NA,NA,NA,NA,NA,NA,NA,NA,NA,NA,NA,NA,NA,NA,NA,NA,NA,NA,NA,NA,NA,NA,NA,NA,NA,NA,NA,NA,NA,NA
NA,NA,NA,NA,NA,NA,NA,NA,NA,NA,NA,NA,NA,NA,NA,NA,135,2025-10-10,15:49:51,1,1,"Parker, Aiden",10285505,Right,GEO_PAT,"Tignor, Laken",1000091229,Right,GEO_PAT,Undefined,5,Top,0,0,0,Fastball,Four-Seam,HitByPitch,Undefined,Undefined,Undefined,0,0,NA,87.10022,-0.582857,-0.106575,2122.730503,211.473696,01:00:00,6.28587,1.95106,6.38076,-18.48036,17.69674,10.12508,4.20959,2.69677,79.46565,-4.125329,1.727406,0.432901,NA,NA,NA,NA,NA,NA,NA,NA,NA,NA,NA,-5.31272,9.74823,-1.94782,50,6.2351,-0.15512,-126.62274,-1.77153,-8.59948,26.58074,-16.39495,GEO_PAT,GEO_PAT,SpuhlerFieldMain,TeamExclusive,Team,20251010-SpuhlerFieldMain-Private-2,49835010-a612-11f0-9d1c-cb0542a47c13,87.06946,NA,NA,7.63457,NA,NA,NA,NA,NA,NA,e373a8f3-b551-4f4e-929b-9412fc5d6156,2025-10-10,19:49:51,2025-10-10T19:49:51Z,2025-10-10T19:49:51Z,NA,v3,471300,471300,NA,"Cowdrey, Vincent",1000469295,Right,GEO_PAT,8e9bf3e0-91cd-41fe-9b3c-101c78824f37,54.12054,-127.48479,13.29037,6.28393,-1.23982,-8.19748,-1.94731,0.12377,-4.29974,NA,NA,NA,NA,NA,NA,NA,NA,NA,NA,NA,NA,NA,NA,NA,NA,NA,NA,NA,NA,NA,NA,NA,NA,NA,NA,NA,NA,NA,NA,NA,NA,NA,NA,NA,NA,NA,NA,NA,NA,NA,NA,NA,NA,NA,NA,NA,NA,NA,NA,High,High,High,NA,NA,NA,NA,NA,NA,NA,NA,NA,NA,NA,NA,NA,NA,NA,NA,NA,NA,NA,NA,NA,NA,NA,NA,NA,NA,NA,NA,NA,NA,NA,NA,NA,NA,NA,NA,NA,NA,NA,NA,NA,NA,NA,NA,NA,NA,NA,NA,NA,NA,NA,NA,NA,NA,NA,NA,NA
NA,NA,NA,NA,NA,NA,NA,NA,NA,NA,NA,NA,NA,NA,NA,NA,136,2025-10-10,15:50:24,2,1,"Parker, Aiden",10285505,Right,GEO_PAT,"Blanchard, Evan",10073877,Right,GEO_PAT,Undefined,5,Top,0,0,0,Fastball,Four-Seam,BallCalled,Undefined,Undefined,Undefined,0,0,NA,86.29884,-3.336683,-4.132824,2066.356466,203.950736,12:45:00,6.21832,2.25674,6.72617,-20.721,15.50178,6.41528,1.43052,-0.99252,79.88677,-7.252291,-2.967346,0.433174,NA,NA,NA,NA,NA,NA,NA,NA,NA,NA,NA,-4.43658,9.37768,-1.98564,50,5.98873,8.81575,-125.1371,-7.84886,-7.10451,22.91234,-17.15709,GEO_PAT,GEO_PAT,SpuhlerFieldMain,TeamExclusive,Team,20251010-SpuhlerFieldMain-Private-2,5cca4f70-a612-11f0-9d1c-cb0542a47c13,87.01456,NA,NA,6.41207,NA,NA,NA,NA,NA,NA,e373a8f3-b551-4f4e-929b-9412fc5d6156,2025-10-10,19:50:24,2025-10-10T19:50:24Z,2025-10-10T19:50:24Z,NA,v3,471300,471300,NA,"Cowdrey, Vincent",1000469295,Right,GEO_PAT,f07ec989-eadf-4dec-83fc-063b31ed868a,53.77689,-125.82674,11.45617,6.2172,-7.33245,-8.57855,-2.2542,9.02959,-3.55226,NA,NA,NA,NA,NA,NA,NA,NA,NA,NA,NA,NA,NA,NA,NA,NA,NA,NA,NA,NA,NA,NA,NA,NA,NA,NA,NA,NA,NA,NA,NA,NA,NA,NA,NA,NA,NA,NA,NA,NA,NA,NA,NA,NA,NA,NA,NA,NA,NA,NA,High,High,High,NA,NA,NA,NA,NA,NA,NA,NA,NA,NA,NA,NA,NA,NA,NA,NA,NA,NA,NA,NA,NA,NA,NA,NA,NA,NA,NA,NA,NA,NA,NA,NA,NA,NA,NA,NA,NA,NA,NA,NA,NA,NA,NA,NA,NA,NA,NA,NA,NA,NA,NA,NA,NA,NA,NA,NA,NA
NA,NA,NA,NA,NA,NA,NA,NA,NA,NA,NA,NA,NA,NA,NA,NA,137,2025-10-10,15:50:44,2,2,"Parker, Aiden",10285505,Right,GEO_PAT,"Blanchard, Evan",10073877,Right,GEO_PAT,Undefined,5,Top,0,1,0,Fastball,Four-Seam,StrikeCalled,Undefined,Undefined,Undefined,0,0,NA,85.89127,-3.12112,-2.687585,2096.342884,201.069049,12:45:00,6.34211,2.13225,6.79746,-19.75903,16.793,6.03465,1.84082,0.1803,79.05988,-6.887552,-1.586974,0.435138,NA,NA,NA,NA,NA,NA,NA,NA,NA,NA,NA,-3.92697,10.09835,-1.96002,50,6.13167,5.64238,-124.7061,-7.29055,-6.20617,24.24167,-16.21464,GEO_PAT,GEO_PAT,SpuhlerFieldMain,TeamExclusive,Team,20251010-SpuhlerFieldMain-Private-2,68aee580-a612-11f0-9d1c-cb0542a47c13,86.62181,NA,NA,6.83139,NA,NA,NA,NA,NA,NA,e373a8f3-b551-4f4e-929b-9412fc5d6156,2025-10-10,19:50:44,2025-10-10T19:50:44Z,2025-10-10T19:50:44Z,NA,v3,471300,471300,NA,"Cowdrey, Vincent",1000469295,Right,GEO_PAT,72e81956-695b-4c18-b316-7de801a58973,53.70487,-125.42422,12.12083,6.34053,-6.81022,-8.10732,-2.12989,5.82622,-3.10308,NA,NA,NA,NA,NA,NA,NA,NA,NA,NA,NA,NA,NA,NA,NA,NA,NA,NA,NA,NA,NA,NA,NA,NA,NA,NA,NA,NA,NA,NA,NA,NA,NA,NA,NA,NA,NA,NA,NA,NA,NA,NA,NA,NA,NA,NA,NA,NA,NA,NA,High,High,High,NA,NA,NA,NA,NA,NA,NA,NA,NA,NA,NA,NA,NA,NA,NA,NA,NA,NA,NA,NA,NA,NA,NA,NA,NA,NA,NA,NA,NA,NA,NA,NA,NA,NA,NA,NA,NA,NA,NA,NA,NA,NA,NA,NA,NA,NA,NA,NA,NA,NA,NA,NA,NA,NA,NA,NA,NA
NA,NA,NA,NA,NA,NA,NA,NA,NA,NA,NA,NA,NA,NA,NA,NA,138,2025-10-10,15:50:59,2,3,"Parker, Aiden",10285505,Right,GEO_PAT,"Blanchard, Evan",10073877,Right,GEO_PAT,Undefined,5,Top,0,1,1,Fastball,Four-Seam,InPlay,Undefined,GroundBall,Single,0,0,NA,86.14461,-2.81241,-2.740331,2118.815715,204.782931,12:45:00,6.39474,2.07261,6.57734,-20.7293,15.83418,6.80008,2.08449,0.12566,79.41766,-6.737597,-1.505307,0.435206,97.43786,-3.033186,-21.937099,NA,NA,NA,NA,27.29339,25.12474,-20.99096,0.184347,-4.3241,9.42434,-1.88718,50,6.19237,5.74494,-125.0986,-6.70141,-6.88939,23.96046,-17.15872,GEO_PAT,GEO_PAT,SpuhlerFieldMain,TeamExclusive,Team,20251010-SpuhlerFieldMain-Private-2,71a9f030-a612-11f0-9d1c-cb0542a47c13,86.60821,2.20381,NA,6.72695,NA,NA,NA,1.88887,2.20381,-0.13615,e373a8f3-b551-4f4e-929b-9412fc5d6156,2025-10-10,19:50:59,2025-10-10T19:50:59Z,2025-10-10T19:50:59Z,GroundBall,v3,471300,471300,NA,"Cowdrey, Vincent",1000469295,Right,GEO_PAT,4da85f38-e490-4ba7-980a-dc9ae35b85cc,53.92602,-125.84832,11.98023,6.39366,-6.1645200000000004,-8.57936,-2.07031,5.96051,-3.44469,23.386746,1.89005,132.29059,-23.43616,NA,NA,NA,NA,NA,NA,2.20507,-7.65284,-23.40884,NA,NA,NA,NA,NA,NA,-0.13625,-53.30648,5.47881,NA,NA,NA,NA,NA,NA,NA,NA,NA,NA,NA,NA,NA,NA,NA,NA,NA,NA,NA,NA,NA,NA,NA,NA,NA,NA,NA,NA,High,High,High,High,High,NA,NA,NA,NA,NA,NA,NA,NA,NA,NA,NA,NA,NA,NA,NA,NA,NA,NA,NA,NA,NA,NA,NA,NA,NA,NA,NA,NA,NA,NA,NA,NA,NA,NA,NA,NA,NA,NA,NA,NA,NA,NA,NA,NA,NA,NA,NA,NA,NA,NA,NA,NA,NA,NA,NA
NA,NA,NA,NA,NA,NA,NA,NA,NA,NA,NA,NA,NA,NA,NA,NA,139,2025-10-10,15:51:59,3,1,"Parker, Aiden",10285505,Right,GEO_PAT,"Vaughan, Logan",1000232024,Left,GEO_PAT,Undefined,5,Top,0,0,0,ChangeUp,Slider,StrikeCalled,Undefined,Undefined,Undefined,0,0,NA,81.48902,-0.344694,-1.544932,2000.760587,169.950002,11:45:00,6.20411,2.657,6.04468,-35.34325,6.39166,-0.90595,2.93958,1.15075,74.92753,-6.895712,-1.708051,0.464966,NA,NA,NA,NA,NA,NA,NA,NA,NA,NA,NA,0.04402,3.77295,-2.53608,50,6.15814,3.22769,-118.41828,-1.8047,0.06257,22.34165,-26.80974,GEO_PAT,GEO_PAT,SpuhlerFieldMain,TeamExclusive,Team,20251010-SpuhlerFieldMain-Private-2,9589e5f0-a612-11f0-9d1c-cb0542a47c13,81.06497,NA,NA,6.56149,NA,NA,NA,NA,NA,NA,e373a8f3-b551-4f4e-929b-9412fc5d6156,2025-10-10,19:51:59,2025-10-10T19:51:59Z,2025-10-10T19:51:59Z,NA,v3,471300,471300,NA,"Cowdrey, Vincent",1000469295,Right,GEO_PAT,8d956e1a-46d0-470b-8ba5-811585ecc735,54.45746,-119.2563,11.17083,6.20697,-0.7991,-13.40487,-2.65711,3.22534,0.03129,NA,NA,NA,NA,NA,NA,NA,NA,NA,NA,NA,NA,NA,NA,NA,NA,NA,NA,NA,NA,NA,NA,NA,NA,NA,NA,NA,NA,NA,NA,NA,NA,NA,NA,NA,NA,NA,NA,NA,NA,NA,NA,NA,NA,NA,NA,NA,NA,NA,NA,High,High,High,NA,NA,NA,NA,NA,NA,NA,NA,NA,NA,NA,NA,NA,NA,NA,NA,NA,NA,NA,NA,NA,NA,NA,NA,NA,NA,NA,NA,NA,NA,NA,NA,NA,NA,NA,NA,NA,NA,NA,NA,NA,NA,NA,NA,NA,NA,NA,NA,NA,NA,NA,NA,NA,NA,NA,NA,NA
NA,NA,NA,NA,NA,NA,NA,NA,NA,NA,NA,NA,NA,NA,NA,NA,140,2025-10-10,15:52:16,3,2,"Parker, Aiden",10285505,Right,GEO_PAT,"Vaughan, Logan",1000232024,Left,GEO_PAT,Undefined,5,Top,0,0,1,Fastball,Four-Seam,InPlay,Undefined,Bunt,Sacrifice,1,0,NA,85.92376,-2.271864,-2.192842,2073.287683,206.045231,12:45:00,6.15453,2.27766,6.87427,-21.06903,15.34808,6.94477,2.32562,0.85688,78.89203,-6.294834,-0.923578,0.434334,NA,NA,NA,NA,NA,NA,NA,NA,NA,NA,NA,-4.32941,9.15256,-2.14077,50,6.00231,4.5457,-124.89493,-5.47777,-6.84281,25.00422,-17.7081,GEO_PAT,GEO_PAT,SpuhlerFieldMain,TeamExclusive,Team,20251010-SpuhlerFieldMain-Private-2,9fbe33f0-a612-11f0-9d1c-cb0542a47c13,86.78209,NA,NA,7.03172,NA,NA,NA,NA,NA,NA,e373a8f3-b551-4f4e-929b-9412fc5d6156,2025-10-10,19:52:16,2025-10-10T19:52:16Z,2025-10-10T19:52:16Z,NA,v3,471300,471300,NA,"Cowdrey, Vincent",1000469295,Right,GEO_PAT,e62809db-fa72-42d7-b298-8934633ab9fb,53.62886,-125.61933,12.50211,6.15358,-4.96475,-8.85405,-2.27534,4.74395,-3.42141,NA,NA,NA,NA,NA,NA,NA,NA,NA,NA,NA,NA,NA,NA,NA,NA,NA,NA,NA,NA,NA,NA,NA,NA,NA,NA,NA,NA,NA,NA,NA,NA,NA,NA,NA,NA,NA,NA,NA,NA,NA,NA,NA,NA,NA,NA,NA,NA,NA,NA,High,High,High,NA,NA,NA,NA,NA,NA,NA,NA,NA,NA,NA,NA,NA,NA,NA,NA,NA,NA,NA,NA,NA,NA,NA,NA,NA,NA,NA,NA,NA,NA,NA,NA,NA,NA,NA,NA,NA,NA,NA,NA,NA,NA,NA,NA,NA,NA,NA,NA,NA,NA,NA,NA,NA,NA,NA,NA,NA
NA,NA,NA,NA,NA,NA,NA,NA,NA,NA,NA,NA,NA,NA,NA,NA,141,2025-10-10,15:53:10,4,1,"Parker, Aiden",10285505,Right,GEO_PAT,"McCarthy, Jack",1000469298,Right,GEO_PAT,Undefined,5,Top,1,0,0,Fastball,Slider,InPlay,Undefined,LineDrive,Single,0,2,NA,83.65729,-0.884406,-2.27589,2039.86603,194.93069,12:30:00,6.2364,2.39069,6.22429,-28.2775,10.81532,2.58429,3.06316,0.5049,77.32889,-6.15863,-1.809469,0.450008,87.19129,12.802046,3.217018,2056.744428,109.18652,15.86068,13.35107,200.92553,200.92553,10.535576,2.039063,-1.92764,6.18221,-2.22167,50,6.15592,4.73888,-121.62284,-2.7183,-2.91194,21.94791,-22.83503,GEO_PAT,GEO_PAT,SpuhlerFieldMain,TeamExclusive,Team,20251010-SpuhlerFieldMain-Private-2,bfd2a2c0-a612-11f0-9d1c-cb0542a47c13,83.75954,15.89712,NA,6.3284,NA,NA,NA,1.17145,3.02374,-0.49879,e373a8f3-b551-4f4e-929b-9412fc5d6156,2025-10-10,19:53:10,2025-10-10T19:53:10Z,2025-10-10T19:53:10Z,LineDrive,v3,471300,471300,NA,"Cowdrey, Vincent",1000469295,Right,GEO_PAT,453e7a5d-3cb9-4e1e-995a-abd031e39654,54.27899,-122.39259,10.97396,6.23721,-1.91744,-11.41751,-2.38966,4.84101,-1.45597,250.748216,1.17145,124.50492,-18.09979,2.90982,-0.50268,0.06081,-0.00622,5.7e-4,-4e-5,3.02374,28.33615,-16.5636,1.18857,-0.16461,0.02814,-0.00246,1.7e-4,-2e-5,-0.49879,6.99804,9.41764,-3.09659,0.86895,-0.20117,0.03968,-0.00576,4.2e-4,NA,NA,NA,NA,NA,NA,NA,NA,NA,NA,NA,NA,NA,NA,NA,NA,NA,NA,NA,NA,NA,NA,High,High,High,High,High,NA,NA,NA,NA,NA,NA,NA,NA,NA,NA,NA,NA,NA,NA,NA,NA,NA,NA,NA,NA,NA,NA,NA,NA,NA,NA,NA,NA,NA,NA,NA,NA,NA,NA,NA,NA,NA,NA,NA,NA,NA,NA,NA,NA,NA,NA,NA,NA,NA,NA,NA,NA,NA,NA,NA
NA,NA,NA,NA,NA,NA,NA,NA,NA,NA,NA,NA,NA,NA,NA,NA,142,2025-10-10,15:53:48,5,1,"Parker, Aiden",10285505,Right,GEO_PAT,"Ramsey, Caleb",1000469291,Right,GEO_PAT,Undefined,5,Top,1,0,0,Fastball,Four-Seam,InPlay,Undefined,Bunt,Single,0,0,NA,86.90035,-2.235374,-2.19506,2085.1489,193.817859,12:30:00,6.27786,1.98291,6.83858,-19.97718,15.75233,3.59477,2.57187,0.27957,79.60277,-6.058403,-1.538662,0.430214,36.56746,-79.42708,-86.247033,NA,NA,NA,NA,3.90252,3.79626,-12.37542,0.052867,-2.54492,9.35957,-1.84342,50,6.12683,4.71529,-126.28236,-5.42684,-4.10284,26.11137,-17.08492,GEO_PAT,GEO_PAT,SpuhlerFieldMain,TeamExclusive,Team,20251010-SpuhlerFieldMain-Private-2,d6ce6cc0-a612-11f0-9d1c-cb0542a47c13,87.61319,2.83015,NA,7.29759,NA,NA,NA,3.77726,2.83015,-0.30924,e373a8f3-b551-4f4e-929b-9412fc5d6156,2025-10-10,19:53:48,2025-10-10T19:53:48Z,2025-10-10T19:53:48Z,GroundBall,v3,471300,471300,NA,"Cowdrey, Vincent",1000469295,Right,GEO_PAT,eb0b5c57-4dc1-47a5-b479-90dc48d8d4bc,53.66415,-127.03773,13.05568,6.27668,-4.93259,-8.54246,-1.98155,4.83398,-2.05142,NA,3.77718,0.65405,NA,NA,NA,NA,NA,NA,NA,2.83706,-53.53328,NA,NA,NA,NA,NA,NA,NA,-0.30795,-9.97087,NA,NA,NA,NA,NA,NA,NA,NA,NA,NA,NA,NA,NA,NA,NA,NA,NA,NA,NA,NA,NA,NA,NA,NA,NA,NA,NA,NA,NA,High,High,High,Low,Low,NA,NA,NA,NA,NA,NA,NA,NA,NA,NA,NA,NA,NA,NA,NA,NA,NA,NA,NA,NA,NA,NA,NA,NA,NA,NA,NA,NA,NA,NA,NA,NA,NA,NA,NA,NA,NA,NA,NA,NA,NA,NA,NA,NA,NA,NA,NA,NA,NA,NA,NA,NA,NA,NA,NA
NA,NA,NA,NA,NA,NA,NA,NA,NA,NA,NA,NA,NA,NA,NA,NA,143,2025-10-10,15:54:34,6,1,"Parker, Aiden",10285505,Right,GEO_PAT,"Bagnerise , Julius",1000469309,Right,GEO_PAT,Undefined,5,Top,1,0,0,ChangeUp,Changeup,BallCalled,Undefined,Undefined,Undefined,0,0,NA,81.70408,-1.950486,-3.991708,1660.354185,274.812139,03:15:00,6.1958,2.53509,6.83947,-40.92459,-0.18709,18.28312,1.00157,0.41236,74.88808,-9.588199,-0.650387,0.459376,NA,NA,NA,NA,NA,NA,NA,NA,NA,NA,NA,-10.94879,0.86819,-2.28495,50,6.0559,7.66547,-118.56231,-5.17503,-15.46235,24.32974,-30.94793,GEO_PAT,GEO_PAT,SpuhlerFieldMain,TeamExclusive,Team,20251010-SpuhlerFieldMain-Private-2,f1f20e80-a612-11f0-9d1c-cb0542a47c13,82.05135,NA,NA,6.816,NA,NA,NA,NA,NA,NA,e373a8f3-b551-4f4e-929b-9412fc5d6156,2025-10-10,19:54:34,2025-10-10T19:54:34Z,2025-10-10T19:54:34Z,NA,v3,471300,471300,NA,"Cowdrey, Vincent",1000469295,Right,GEO_PAT,b428dce5-deb2-4ab8-8121-84df1b740070,53.66482,-119.31199,12.16487,6.20067,-4.22143,-15.47397,-2.52849,8.14191,-7.73117,NA,NA,NA,NA,NA,NA,NA,NA,NA,NA,NA,NA,NA,NA,NA,NA,NA,NA,NA,NA,NA,NA,NA,NA,NA,NA,NA,NA,NA,NA,NA,NA,NA,NA,NA,NA,NA,NA,NA,NA,NA,NA,NA,NA,NA,NA,NA,NA,NA,NA,High,High,High,NA,NA,NA,NA,NA,NA,NA,NA,NA,NA,NA,NA,NA,NA,NA,NA,NA,NA,NA,NA,NA,NA,NA,NA,NA,NA,NA,NA,NA,NA,NA,NA,NA,NA,NA,NA,NA,NA,NA,NA,NA,NA,NA,NA,NA,NA,NA,NA,NA,NA,NA,NA,NA,NA,NA,NA,NA
NA,NA,NA,NA,NA,NA,NA,NA,NA,NA,NA,NA,NA,NA,NA,NA,144,2025-10-10,15:54:52,6,2,"Parker, Aiden",10285505,Right,GEO_PAT,"Bagnerise , Julius",1000469309,Right,GEO_PAT,Undefined,5,Top,1,1,0,ChangeUp,Changeup,BallCalled,Undefined,Undefined,Undefined,0,0,NA,81.19214,-0.83453,-2.700063,1591.984719,238.516464,02:00:00,6.2078,2.43505,6.72418,-31.0701,9.98835,14.19898,2.85495,1.14859,74.48253,-6.69508,-0.112092,0.461182,NA,NA,NA,NA,NA,NA,NA,NA,NA,NA,NA,-8.24245,5.91406,-2.26134,50,6.1405,5.07853,-118.00446,-2.53963,-11.61802,22.53262,-23.83802,GEO_PAT,GEO_PAT,SpuhlerFieldMain,TeamExclusive,Team,20251010-SpuhlerFieldMain-Private-2,fcf06340-a612-11f0-9d1c-cb0542a47c13,81.73,NA,NA,6.70961,NA,NA,NA,NA,NA,NA,e373a8f3-b551-4f4e-929b-9412fc5d6156,2025-10-10,19:54:52,2025-10-10T19:54:52Z,2025-10-10T19:54:52Z,NA,v3,471300,471300,NA,"Cowdrey, Vincent",1000469295,Right,GEO_PAT,6028c3ca-1a5c-4819-b4a0-ae351219470c,53.77793,-118.72365,11.26631,6.20942,-1.77877,-11.91901,-2.42935,5.44935,-5.80901,NA,NA,NA,NA,NA,NA,NA,NA,NA,NA,NA,NA,NA,NA,NA,NA,NA,NA,NA,NA,NA,NA,NA,NA,NA,NA,NA,NA,NA,NA,NA,NA,NA,NA,NA,NA,NA,NA,NA,NA,NA,NA,NA,NA,NA,NA,NA,NA,NA,NA,High,High,High,NA,NA,NA,NA,NA,NA,NA,NA,NA,NA,NA,NA,NA,NA,NA,NA,NA,NA,NA,NA,NA,NA,NA,NA,NA,NA,NA,NA,NA,NA,NA,NA,NA,NA,NA,NA,NA,NA,NA,NA,NA,NA,NA,NA,NA,NA,NA,NA,NA,NA,NA,NA,NA,NA,NA,NA,NA
NA,NA,NA,NA,NA,NA,NA,NA,NA,NA,NA,NA,NA,NA,NA,NA,145,2025-10-10,15:55:11,6,3,"Parker, Aiden",10285505,Right,GEO_PAT,"Bagnerise , Julius",1000469309,Right,GEO_PAT,Undefined,5,Top,1,2,0,Fastball,Four-Seam,InPlay,Undefined,LineDrive,Out,1,0,NA,85.73566,-1.43433,-2.638566,2085.909471,208.054416,01:00:00,6.35523,2.15404,6.59513,-21.17135,16.06796,7.89871,3.27506,0.39294,78.03983,-5.484148,-1.203715,0.43921,95.49077,16.467113,-15.182071,2718.352232,104.61313,29.28503,-34.00061,287.51219,278.34398,-24.02139,3.219891,-4.93819,9.2478,-1.97665,50,6.24807,5.44551,-124.47967,-3.66346,-7.69841,26.4912,-17.75719,GEO_PAT,GEO_PAT,SpuhlerFieldMain,TeamExclusive,Team,20251010-SpuhlerFieldMain-Private-2,081f64f0-a613-11f0-9d1c-cb0542a47c13,85.81871,33.70515,NA,7.69583,NA,NA,NA,1.01206,3.23477,-0.39466,e373a8f3-b551-4f4e-929b-9412fc5d6156,2025-10-10,19:55:11,2025-10-10T19:55:11Z,2025-10-10T19:55:11Z,LineDrive,v3,471300,471300,NA,"Cowdrey, Vincent",1000469295,Right,GEO_PAT,32a99f4a-c0b2-460f-bbfe-5891b06b7a5d,53.90583,-125.30813,13.2456,6.35396,-3.10814,-8.8786,-2.15071,5.68627,-3.84921,147.996904,1.01207,129.62134,-26.94431,6.39122,-1.40698,0.28535,-0.04802,0.00547,-3e-4,3.23478,39.69711,-12.85897,-0.29374,0.24845,-0.07565,0.01461,-0.00156,7e-5,-0.39466,-35.17449,0.18562,-0.42697,0.16668,-0.04373,0.00803,-9.4e-4,5e-5,NA,NA,NA,NA,NA,NA,NA,NA,NA,NA,NA,NA,NA,NA,NA,NA,NA,NA,NA,NA,NA,NA,High,High,High,High,High,NA,NA,NA,NA,NA,NA,NA,NA,NA,NA,NA,NA,NA,NA,NA,NA,NA,NA,NA,NA,NA,NA,NA,NA,NA,NA,NA,NA,NA,NA,NA,NA,NA,NA,NA,NA,NA,NA,NA,NA,NA,NA,NA,NA,NA,NA,NA,NA,NA,NA,NA,NA,NA,NA,NA
NA,NA,NA,NA,NA,NA,NA,NA,NA,NA,NA,NA,NA,NA,NA,NA,146,2025-10-10,15:55:48,7,1,"Parker, Aiden",10285505,Right,GEO_PAT,"Butler, Jake",1000136500,Right,GEO_PAT,Undefined,5,Top,2,0,0,Fastball,Changeup,StrikeCalled,Undefined,Undefined,Undefined,0,0,NA,86.59524,-1.725109,-2.406013,2058.602828,217.700961,01:15:00,6.32344,1.98677,6.74206,-21.52966,14.58831,10.3828,2.9512,0.65234,79.23369,-5.832487,-0.513447,0.432547,NA,NA,NA,NA,NA,NA,NA,NA,NA,NA,NA,-6.16307,8.55371,-1.83196,50,6.20127,4.909,-125.82182,-4.34651,-9.86599,25.86283,-18.48109,GEO_PAT,GEO_PAT,SpuhlerFieldMain,TeamExclusive,Team,20251010-SpuhlerFieldMain-Private-2,1e4ba9f0-a613-11f0-9d1c-cb0542a47c13,87.14075,NA,NA,7.36155,NA,NA,NA,NA,NA,NA,e373a8f3-b551-4f4e-929b-9412fc5d6156,2025-10-10,19:55:48,2025-10-10T19:55:48Z,2025-10-10T19:55:48Z,NA,v3,471300,471300,NA,"Cowdrey, Vincent",1000469295,Right,GEO_PAT,e8babd33-a86a-4a4f-8a52-cc22fb551046,53.75953,-126.59223,12.93141,6.32255,-3.79598,-9.24054,-1.98257,5.2029,-4.933,NA,NA,NA,NA,NA,NA,NA,NA,NA,NA,NA,NA,NA,NA,NA,NA,NA,NA,NA,NA,NA,NA,NA,NA,NA,NA,NA,NA,NA,NA,NA,NA,NA,NA,NA,NA,NA,NA,NA,NA,NA,NA,NA,NA,NA,NA,NA,NA,NA,NA,High,High,High,NA,NA,NA,NA,NA,NA,NA,NA,NA,NA,NA,NA,NA,NA,NA,NA,NA,NA,NA,NA,NA,NA,NA,NA,NA,NA,NA,NA,NA,NA,NA,NA,NA,NA,NA,NA,NA,NA,NA,NA,NA,NA,NA,NA,NA,NA,NA,NA,NA,NA,NA,NA,NA,NA,NA,NA,NA
NA,NA,NA,NA,NA,NA,NA,NA,NA,NA,NA,NA,NA,NA,NA,NA,147,2025-10-10,15:56:09,7,2,"Parker, Aiden",10285505,Right,GEO_PAT,"Butler, Jake",1000136500,Right,GEO_PAT,Undefined,5,Top,2,0,1,Fastball,Four-Seam,BallCalled,Undefined,Undefined,Undefined,0,0,NA,86.7188,-3.0237,-3.457604,2143.989775,211.951966,01:00:00,6.19831,2.15743,6.76971,-22.65245,13.19698,7.56016,1.54171,-0.37393,80.05856,-7.300957,-2.080588,0.430936,NA,NA,NA,NA,NA,NA,NA,NA,NA,NA,NA,-4.91307,8.1193,-1.93405,50,5.99151,7.33645,-125.85776,-7.25948,-7.93018,24.03492,-19.0687,GEO_PAT,GEO_PAT,SpuhlerFieldMain,TeamExclusive,Team,20251010-SpuhlerFieldMain-Private-2,2abe2820-a613-11f0-9d1c-cb0542a47c13,87.46647,NA,NA,6.66024,NA,NA,NA,NA,NA,NA,e373a8f3-b551-4f4e-929b-9412fc5d6156,2025-10-10,19:56:09,2025-10-10T19:56:09Z,2025-10-10T19:56:09Z,NA,v3,471300,471300,NA,"Cowdrey, Vincent",1000469295,Right,GEO_PAT,72d6886e-07e2-4de4-aba8-a66bc6fce80a,53.73309,-126.56866,12.01746,6.19789,-6.69547,-9.53435,-2.15451,7.57101,-3.96509,NA,NA,NA,NA,NA,NA,NA,NA,NA,NA,NA,NA,NA,NA,NA,NA,NA,NA,NA,NA,NA,NA,NA,NA,NA,NA,NA,NA,NA,NA,NA,NA,NA,NA,NA,NA,NA,NA,NA,NA,NA,NA,NA,NA,NA,NA,NA,NA,NA,NA,High,High,High,NA,NA,NA,NA,NA,NA,NA,NA,NA,NA,NA,NA,NA,NA,NA,NA,NA,NA,NA,NA,NA,NA,NA,NA,NA,NA,NA,NA,NA,NA,NA,NA,NA,NA,NA,NA,NA,NA,NA,NA,NA,NA,NA,NA,NA,NA,NA,NA,NA,NA,NA,NA,NA,NA,NA,NA,NA
NA,NA,NA,NA,NA,NA,NA,NA,NA,NA,NA,NA,NA,NA,NA,NA,148,2025-10-10,15:56:28,7,3,"Parker, Aiden",10285505,Right,GEO_PAT,"Butler, Jake",1000136500,Right,GEO_PAT,Undefined,5,Top,2,1,1,ChangeUp,Changeup,BallinDirt,Undefined,Undefined,Undefined,0,0,NA,81.61519,-3.131798,-4.94532,1648.97378,261.150538,02:45:00,5.99656,2.35671,7.02024,-36.37183,3.81067,16.83572,0.10578,-0.74602,75.77123,-9.914346,-1.864894,0.456236,NA,NA,NA,NA,NA,NA,NA,NA,NA,NA,NA,-10.36682,3.18921,-2.05982,50,5.79288,9.7147,-118.32776,-7.43665,-14.79362,21.20286,-27.62296,GEO_PAT,GEO_PAT,SpuhlerFieldMain,TeamExclusive,Team,20251010-SpuhlerFieldMain-Private-2,363863a0-a613-11f0-9d1c-cb0542a47c13,82.61603,NA,NA,5.84395,NA,NA,NA,NA,NA,NA,e373a8f3-b551-4f4e-929b-9412fc5d6156,2025-10-10,19:56:28,2025-10-10T19:56:28Z,2025-10-10T19:56:28Z,NA,v3,471300,471300,NA,"Cowdrey, Vincent",1000469295,Right,GEO_PAT,b329d416-181f-4799-b76c-a5bb43701d0e,53.48525,-118.95063,10.60143,5.99943,-6.62517,-13.81148,-2.35159,10.14929,-7.39681,NA,NA,NA,NA,NA,NA,NA,NA,NA,NA,NA,NA,NA,NA,NA,NA,NA,NA,NA,NA,NA,NA,NA,NA,NA,NA,NA,NA,NA,NA,NA,NA,NA,NA,NA,NA,NA,NA,NA,NA,NA,NA,NA,NA,NA,NA,NA,NA,NA,NA,High,High,High,NA,NA,NA,NA,NA,NA,NA,NA,NA,NA,NA,NA,NA,NA,NA,NA,NA,NA,NA,NA,NA,NA,NA,NA,NA,NA,NA,NA,NA,NA,NA,NA,NA,NA,NA,NA,NA,NA,NA,NA,NA,NA,NA,NA,NA,NA,NA,NA,NA,NA,NA,NA,NA,NA,NA,NA,NA
NA,NA,NA,NA,NA,NA,NA,NA,NA,NA,NA,NA,NA,NA,NA,NA,149,2025-10-10,15:56:59,7,4,"Parker, Aiden",10285505,Right,GEO_PAT,"Terilli, Lucas",1000469290,Left,GEO_PAT,Undefined,5,Top,2,2,1,Fastball,Sinker,InPlay,Undefined,GroundBall,Out,1,0,NA,86.89518,-1.683388,-3.575063,2174.260186,222.001254,01:30:00,6.30445,2.14457,6.58371,-21.03253,15.04068,12.51981,3.00553,-0.09278,79.6093,-5.685031,-1.303684,0.432279,98.14815,2.103144,11.914294,2078.131449,NA,NA,NA,64.85988,62.44894,13.244304,0.468673,-7.62363,8.72945,-1.9044,50,6.17982,7.42813,-126.15215,-4.27596,-12.2949,25.47796,-18.09575,GEO_PAT,GEO_PAT,SpuhlerFieldMain,TeamExclusive,Team,20251010-SpuhlerFieldMain-Private-2,48a8d920-a613-11f0-9d1c-cb0542a47c13,87.1948,3.31483,NA,7.28588,NA,NA,NA,1.90205,3.05427,0.10049,e373a8f3-b551-4f4e-929b-9412fc5d6156,2025-10-10,19:56:59,2025-10-10T19:56:59Z,2025-10-10T19:56:59Z,GroundBall,v3,471300,471300,NA,"Cowdrey, Vincent",1000469295,Right,GEO_PAT,87fcfbaf-f5ea-4781-bd81-e4720ad43400,53.91973,-126.94131,12.73898,6.30358,-3.71545,-9.04788,-2.14038,7.80896,-6.14745,317.011218,1.91475,140.39167,-20.89603,NA,NA,NA,NA,NA,NA,3.07288,4.74901,-24.20242,NA,NA,NA,NA,NA,NA,0.09218,29.93775,3.388,NA,NA,NA,NA,NA,NA,NA,NA,NA,NA,NA,NA,NA,NA,NA,NA,NA,NA,NA,NA,NA,NA,NA,NA,NA,NA,NA,NA,High,High,High,High,High,NA,NA,NA,NA,NA,NA,NA,NA,NA,NA,NA,NA,NA,NA,NA,NA,NA,NA,NA,NA,NA,NA,NA,NA,NA,NA,NA,NA,NA,NA,NA,NA,NA,NA,NA,NA,NA,NA,NA,NA,NA,NA,NA,NA,NA,NA,NA,NA,NA,NA,NA,NA,NA,NA,NA
NA,NA,NA,NA,NA,NA,NA,NA,NA,NA,NA,NA,NA,NA,NA,NA,150,2025-10-10,15:59:54,1,1,"Kaler, Tanner",822634,Left,GEO_PAT,"Morse, Jackson",1000469270,Right,GEO_PAT,Undefined,5,Bottom,0,0,0,ChangeUp,Changeup,StrikeSwinging,Undefined,Undefined,Undefined,0,0,NA,79.7841,-1.242293,2.553442,1574.023147,93.992687,09:15:00,5.87787,-1.64332,5.33773,-42.09353,2.30484,-15.01446,1.2032,-0.49728,74.19519,-8.868154,-0.117229,0.479573,NA,NA,NA,NA,NA,NA,NA,NA,NA,NA,NA,8.25642,1.78984,1.42415,50,5.73485,-4.58481,-115.88336,-3.96081,11.34511,19.52585,-29.71466,GEO_PAT,GEO_PAT,SpuhlerFieldMain,TeamExclusive,Team,20251010-SpuhlerFieldMain-Private-2,b08808e0-a613-11f0-9d1c-cb0542a47c13,78.59579,NA,NA,5.58892,NA,NA,NA,NA,NA,NA,e373a8f3-b551-4f4e-929b-9412fc5d6156,2025-10-10,19:59:54,2025-10-10T19:59:54Z,2025-10-10T19:59:54Z,NA,v3,471300,471300,NA,"Vaughan, Logan",1000232024,Right,GEO_PAT,b618b57c-dac7-4510-a589-95e2be48933a,55.16776,-116.75086,9.76292,5.8815,-2.64064,-14.85733,1.63904,-5.08886,5.67255,NA,NA,NA,NA,NA,NA,NA,NA,NA,NA,NA,NA,NA,NA,NA,NA,NA,NA,NA,NA,NA,NA,NA,NA,NA,NA,NA,NA,NA,NA,NA,NA,NA,NA,NA,NA,NA,NA,NA,NA,NA,NA,NA,NA,NA,NA,NA,NA,NA,NA,High,High,High,NA,NA,NA,NA,NA,NA,NA,NA,NA,NA,NA,NA,NA,NA,NA,NA,NA,NA,NA,NA,NA,NA,NA,NA,NA,NA,NA,NA,NA,NA,NA,NA,NA,NA,NA,NA,NA,NA,NA,NA,NA,NA,NA,NA,NA,NA,NA,NA,NA,NA,NA,NA,NA,NA,NA,NA,NA
NA,NA,NA,NA,NA,NA,NA,NA,NA,NA,NA,NA,NA,NA,NA,NA,151,2025-10-10,16:00:12,1,2,"Kaler, Tanner",822634,Left,GEO_PAT,"Morse, Jackson",1000469270,Right,GEO_PAT,Undefined,5,Bottom,0,0,1,Fastball,Sinker,BallCalled,Undefined,Undefined,Undefined,0,0,NA,87.36029,-2.60357,2.105629,1961.142694,116.017928,09:45:00,5.74411,-1.58463,5.32794,-27.43568,9.98725,-18.03572,1.01134,-1.11084,80.24924,-7.632949,-1.100277,0.440291,NA,NA,NA,NA,NA,NA,NA,NA,NA,NA,NA,9.71969,6.06977,1.40796,50,5.48863,-3.88157,-126.68474,-6.75174,15.81011,25.65947,-22.30093,GEO_PAT,GEO_PAT,SpuhlerFieldMain,TeamExclusive,Team,20251010-SpuhlerFieldMain-Private-2,bb678b00-a613-11f0-9d1c-cb0542a47c13,85.60792,NA,NA,7.11105,NA,NA,NA,NA,NA,NA,e373a8f3-b551-4f4e-929b-9412fc5d6156,2025-10-10,20:00:12,2025-10-10T20:00:12Z,2025-10-10T20:00:12Z,NA,v3,471300,471300,NA,"Vaughan, Logan",1000232024,Right,GEO_PAT,53d2cecd-4f3e-4a6d-8b46-718f927c0a65,55.17604,-127.72882,12.82973,5.7449,-5.84431,-11.15047,1.57899,-4.52489,7.90506,NA,NA,NA,NA,NA,NA,NA,NA,NA,NA,NA,NA,NA,NA,NA,NA,NA,NA,NA,NA,NA,NA,NA,NA,NA,NA,NA,NA,NA,NA,NA,NA,NA,NA,NA,NA,NA,NA,NA,NA,NA,NA,NA,NA,NA,NA,NA,NA,NA,NA,High,High,High,NA,NA,NA,NA,NA,NA,NA,NA,NA,NA,NA,NA,NA,NA,NA,NA,NA,NA,NA,NA,NA,NA,NA,NA,NA,NA,NA,NA,NA,NA,NA,NA,NA,NA,NA,NA,NA,NA,NA,NA,NA,NA,NA,NA,NA,NA,NA,NA,NA,NA,NA,NA,NA,NA,NA,NA,NA
NA,NA,NA,NA,NA,NA,NA,NA,NA,NA,NA,NA,NA,NA,NA,NA,152,2025-10-10,16:00:30,1,3,"Kaler, Tanner",822634,Left,GEO_PAT,"Morse, Jackson",1000469270,Right,GEO_PAT,Undefined,5,Bottom,0,1,1,Fastball,Four-Seam,InPlay,Undefined,Bunt,Out,1,0,NA,86.56652,-1.632237,3.278596,1901.131761,141.182432,10:45:00,5.71895,-1.59458,5.89326,-24.17596,13.25158,-9.68394,2.18584,0.64597,79.11751,-6.154255,1.543568,0.440319,34.36173,17.889093,38.482799,2291.762758,NA,NA,NA,56.01756,54.57454,38.218075,1.209906,5.94575,7.61685,1.33597,50,5.5733,-6.80634,-125.53977,-4.34328,9.46806,25.93213,-20.04494,GEO_PAT,GEO_PAT,SpuhlerFieldMain,TeamExclusive,Team,20251010-SpuhlerFieldMain-Private-2,c621aad0-a613-11f0-9d1c-cb0542a47c13,85.60261,6.49755,NA,7.44901,NA,NA,NA,3.89446,2.45845,-0.57665,e373a8f3-b551-4f4e-929b-9412fc5d6156,2025-10-10,20:00:30,2025-10-10T20:00:30Z,2025-10-10T20:00:30Z,GroundBall,v3,471300,471300,NA,"Vaughan, Logan",1000232024,Right,GEO_PAT,7ca2b5f5-c18b-4666-bc46-58513522931f,54.60969,-126.48839,12.96607,5.71876,-3.61002,-10.02247,1.59128,-7.15268,4.73403,223.35402,3.89445,37.54562,-4.12287,0.79647,-1.19942,1.68054,-1.29376,0.52231,-0.08656,2.45846,15.47978,-15.08597,0.41249,0.37382,-0.526,0.36733,-0.13609,0.0204,-0.57665,29.84556,-0.73789,0.17521,-0.29667,0.47365,-0.36338,0.14416,-0.02353,NA,NA,NA,NA,NA,NA,NA,NA,NA,NA,NA,NA,NA,NA,NA,NA,NA,NA,NA,NA,NA,NA,High,High,High,High,High,NA,NA,NA,NA,NA,NA,NA,NA,NA,NA,NA,NA,NA,NA,NA,NA,NA,NA,NA,NA,NA,NA,NA,NA,NA,NA,NA,NA,NA,NA,NA,NA,NA,NA,NA,NA,NA,NA,NA,NA,NA,NA,NA,NA,NA,NA,NA,NA,NA,NA,NA,NA,NA,NA,NA
NA,NA,NA,NA,NA,NA,NA,NA,NA,NA,NA,NA,NA,NA,NA,NA,153,2025-10-10,16:01:23,2,1,"Kaler, Tanner",822634,Left,GEO_PAT,"Morse, Jackson",1000469270,Right,GEO_PAT,Undefined,5,Bottom,1,0,0,Fastball,Sinker,BallCalled,Undefined,Undefined,Undefined,0,0,NA,88.14779,-2.473451,0.962385,1997.00557,124.795605,10:15:00,5.81713,-1.2502,5.65329,-23.65159,12.54701,-16.44989,1.53741,-1.72332,81.08154,-6.854334,-1.979534,0.43303,NA,NA,NA,NA,NA,NA,NA,NA,NA,NA,NA,8.58398,7.37926,1.17911,50,5.59236,-1.44008,-127.95672,-6.32562,14.27948,25.57082,-19.8986,GEO_PAT,GEO_PAT,SpuhlerFieldMain,TeamExclusive,Team,20251010-SpuhlerFieldMain-Private-2,e5bfd830-a613-11f0-9d1c-cb0542a47c13,87.04358,NA,NA,7.06625,NA,NA,NA,NA,NA,NA,e373a8f3-b551-4f4e-929b-9412fc5d6156,2025-10-10,20:01:23,2025-10-10T20:01:23Z,2025-10-10T20:01:23Z,NA,v3,471300,471300,NA,"Vaughan, Logan",1000232024,Right,GEO_PAT,722ddc3b-5e53-4ba6-95ed-656dafdc0c64,54.84876,-128.92205,12.78541,5.81698,-5.57443,-9.9493,1.24365,-1.97915,7.13974,NA,NA,NA,NA,NA,NA,NA,NA,NA,NA,NA,NA,NA,NA,NA,NA,NA,NA,NA,NA,NA,NA,NA,NA,NA,NA,NA,NA,NA,NA,NA,NA,NA,NA,NA,NA,NA,NA,NA,NA,NA,NA,NA,NA,NA,NA,NA,NA,NA,NA,High,High,High,NA,NA,NA,NA,NA,NA,NA,NA,NA,NA,NA,NA,NA,NA,NA,NA,NA,NA,NA,NA,NA,NA,NA,NA,NA,NA,NA,NA,NA,NA,NA,NA,NA,NA,NA,NA,NA,NA,NA,NA,NA,NA,NA,NA,NA,NA,NA,NA,NA,NA,NA,NA,NA,NA,NA,NA,NA
NA,NA,NA,NA,NA,NA,NA,NA,NA,NA,NA,NA,NA,NA,NA,NA,154,2025-10-10,16:01:41,2,2,"Kaler, Tanner",822634,Left,GEO_PAT,"Morse, Jackson",1000469270,Right,GEO_PAT,Undefined,5,Bottom,1,1,0,Fastball,Sinker,InPlay,Undefined,LineDrive,Out,1,0,NA,88.15807,-1.164002,2.46629,2077.333417,122.768031,10:00:00,5.81384,-1.47472,5.39741,-24.46277,12.03808,-16.96603,2.68325,-0.5758,80.95079,-5.686358,-0.549694,0.434833,94.29443,12.744505,-4.462285,2723.038232,109.69795,20.94553,-8.14595,258.13484,258.13484,-4.067162,2.651175,9.28355,6.69867,1.26724,50,5.69281,-4.7823,-127.96469,-3.46563,15.45607,25.39921,-21.02151,GEO_PAT,GEO_PAT,SpuhlerFieldMain,TeamExclusive,Team,20251010-SpuhlerFieldMain-Private-2,f0a4ffa0-a613-11f0-9d1c-cb0542a47c13,86.68251,22.44672,NA,7.20728,NA,NA,NA,2.38306,2.79774,0.55012,e373a8f3-b551-4f4e-929b-9412fc5d6156,2025-10-10,20:01:41,2025-10-10T20:01:41Z,2025-10-10T20:01:41Z,LineDrive,v3,471300,471300,NA,"Vaughan, Logan",1000232024,Right,GEO_PAT,fb2444e8-8b0d-4f4c-a82d-95c118c4c829,55.10679,-128.97433,12.6996,5.81396,-2.63001,-10.51075,1.46956,-5.3967,7.72804,174.30911,2.38303,134.48469,-23.96435,5.66724,-1.17471,0.21273,-0.03269,0.00373,-2.1e-4,2.79779,30.50462,-11.15199,-0.96985,0.45973,-0.1184,0.02051,-0.00178,4e-5,0.5501,-10.49294,0.81552,0.55644,-0.26885,0.07274,-0.01281,0.00129,-5e-5,NA,NA,NA,NA,NA,NA,NA,NA,NA,NA,NA,NA,NA,NA,NA,NA,NA,NA,NA,NA,NA,NA,High,High,High,High,High,NA,NA,NA,NA,NA,NA,NA,NA,NA,NA,NA,NA,NA,NA,NA,NA,NA,NA,NA,NA,NA,NA,NA,NA,NA,NA,NA,NA,NA,NA,NA,NA,NA,NA,NA,NA,NA,NA,NA,NA,NA,NA,NA,NA,NA,NA,NA,NA,NA,NA,NA,NA,NA,NA,NA
NA,NA,NA,NA,NA,NA,NA,NA,NA,NA,NA,NA,NA,NA,NA,NA,155,2025-10-10,16:02:16,3,1,"Kaler, Tanner",822634,Left,GEO_PAT,"Clyne , Owen",1000230336,Left,GEO_PAT,Undefined,5,Bottom,2,0,0,Fastball,Sinker,BallCalled,Undefined,Undefined,Undefined,0,0,NA,88.29253,-1.864694,0.728783,1980.706512,119.018049,10:00:00,5.8087,-1.3034,5.66579,-26.57387,9.46571,-15.07536,1.85467,-1.88006,81.2144,-6.770337,-1.968435,0.432077,NA,NA,NA,NA,NA,NA,NA,NA,NA,NA,NA,7.84056,5.65477,1.25139,50,5.63424,-0.98312,-128.22838,-5.09801,13.09301,25.77867,-22.7311,GEO_PAT,GEO_PAT,SpuhlerFieldMain,TeamExclusive,Team,20251010-SpuhlerFieldMain-Private-2,0546ad00-a614-11f0-9d1c-cb0542a47c13,87.23542,NA,NA,7.07812,NA,NA,NA,NA,NA,NA,e373a8f3-b551-4f4e-929b-9412fc5d6156,2025-10-10,20:02:16,2025-10-10T20:02:16Z,2025-10-10T20:02:16Z,NA,v3,471300,471300,NA,"Vaughan, Logan",1000232024,Right,GEO_PAT,d0b02148-29b5-40c6-a3d9-4551bb506991,54.83646,-129.19703,12.88933,5.80975,-4.24388,-11.36555,1.29757,-1.47509,6.54651,NA,NA,NA,NA,NA,NA,NA,NA,NA,NA,NA,NA,NA,NA,NA,NA,NA,NA,NA,NA,NA,NA,NA,NA,NA,NA,NA,NA,NA,NA,NA,NA,NA,NA,NA,NA,NA,NA,NA,NA,NA,NA,NA,NA,NA,NA,NA,NA,NA,NA,High,High,High,NA,NA,NA,NA,NA,NA,NA,NA,NA,NA,NA,NA,NA,NA,NA,NA,NA,NA,NA,NA,NA,NA,NA,NA,NA,NA,NA,NA,NA,NA,NA,NA,NA,NA,NA,NA,NA,NA,NA,NA,NA,NA,NA,NA,NA,NA,NA,NA,NA,NA,NA,NA,NA,NA,NA,NA,NA
NA,NA,NA,NA,NA,NA,NA,NA,NA,NA,NA,NA,NA,NA,NA,NA,156,2025-10-10,16:02:34,3,2,"Kaler, Tanner",822634,Left,GEO_PAT,"Clyne , Owen",1000230336,Left,GEO_PAT,Undefined,5,Bottom,2,1,0,Fastball,Sinker,BallCalled,Undefined,Undefined,Undefined,0,0,NA,86.3334,-2.29023,3.061843,1934.405619,121.354746,10:00:00,5.79844,-1.21643,5.62841,-28.03112,9.46997,-13.80662,1.32123,0.49285,80.13126,-7.43414,0.597184,0.440751,NA,NA,NA,NA,NA,NA,NA,NA,NA,NA,NA,7.79768,5.68059,0.96461,50,5.58477,-6.13953,-125.31835,-5.98177,12.56157,22.24105,-23.02298,GEO_PAT,GEO_PAT,SpuhlerFieldMain,TeamExclusive,Team,20251010-SpuhlerFieldMain-Private-2,10379440-a614-11f0-9d1c-cb0542a47c13,85.51869,NA,NA,6.20214,NA,NA,NA,NA,NA,NA,e373a8f3-b551-4f4e-929b-9412fc5d6156,2025-10-10,20:02:34,2025-10-10T20:02:34Z,2025-10-10T20:02:34Z,NA,v3,471300,471300,NA,"Vaughan, Logan",1000232024,Right,GEO_PAT,d1fc844e-4d81-4e22-92a1-04a9415f886d,54.87607,-126.18078,11.12052,5.79941,-5.08903,-11.51149,1.21212,-6.62662,6.28079,NA,NA,NA,NA,NA,NA,NA,NA,NA,NA,NA,NA,NA,NA,NA,NA,NA,NA,NA,NA,NA,NA,NA,NA,NA,NA,NA,NA,NA,NA,NA,NA,NA,NA,NA,NA,NA,NA,NA,NA,NA,NA,NA,NA,NA,NA,NA,NA,NA,NA,High,High,High,NA,NA,NA,NA,NA,NA,NA,NA,NA,NA,NA,NA,NA,NA,NA,NA,NA,NA,NA,NA,NA,NA,NA,NA,NA,NA,NA,NA,NA,NA,NA,NA,NA,NA,NA,NA,NA,NA,NA,NA,NA,NA,NA,NA,NA,NA,NA,NA,NA,NA,NA,NA,NA,NA,NA,NA,NA
NA,NA,NA,NA,NA,NA,NA,NA,NA,NA,NA,NA,NA,NA,NA,NA,157,2025-10-10,16:02:52,3,3,"Kaler, Tanner",822634,Left,GEO_PAT,"Clyne , Owen",1000230336,Left,GEO_PAT,Undefined,5,Bottom,2,2,0,ChangeUp,Changeup,BallCalled,Undefined,Undefined,Undefined,0,0,NA,80.0773,-2.051004,2.963072,1883.662896,107.102762,09:30:00,5.91848,-1.30882,5.14867,-38.59506,6.09485,-15.39635,0.76779,0.2004,74.07036,-9.039528,0.235627,0.481145,NA,NA,NA,NA,NA,NA,NA,NA,NA,NA,NA,8.54237,3.94107,1.044,50,5.69631,-5.39434,-116.11285,-5.50986,11.72334,20.67277,-26.76544,GEO_PAT,GEO_PAT,SpuhlerFieldMain,TeamExclusive,Team,20251010-SpuhlerFieldMain-Private-2,1a8e1040-a614-11f0-9d1c-cb0542a47c13,78.33902,NA,NA,6.00694,NA,NA,NA,NA,NA,NA,e373a8f3-b551-4f4e-929b-9412fc5d6156,2025-10-10,20:02:52,2025-10-10T20:02:52Z,2025-10-10T20:02:52Z,NA,v3,471300,471300,NA,"Vaughan, Logan",1000232024,Right,GEO_PAT,f851531f-0155-4962-bed5-55f22a74e196,55.35581,-117.06252,10.33638,5.92117,-4.28031,-13.38272,1.30417,-5.93289,5.86167,NA,NA,NA,NA,NA,NA,NA,NA,NA,NA,NA,NA,NA,NA,NA,NA,NA,NA,NA,NA,NA,NA,NA,NA,NA,NA,NA,NA,NA,NA,NA,NA,NA,NA,NA,NA,NA,NA,NA,NA,NA,NA,NA,NA,NA,NA,NA,NA,NA,NA,High,High,High,NA,NA,NA,NA,NA,NA,NA,NA,NA,NA,NA,NA,NA,NA,NA,NA,NA,NA,NA,NA,NA,NA,NA,NA,NA,NA,NA,NA,NA,NA,NA,NA,NA,NA,NA,NA,NA,NA,NA,NA,NA,NA,NA,NA,NA,NA,NA,NA,NA,NA,NA,NA,NA,NA,NA,NA,NA
NA,NA,NA,NA,NA,NA,NA,NA,NA,NA,NA,NA,NA,NA,NA,NA,158,2025-10-10,16:03:13,3,4,"Kaler, Tanner",822634,Left,GEO_PAT,"Clyne , Owen",1000230336,Left,GEO_PAT,Undefined,5,Bottom,2,3,0,Fastball,Changeup,BallCalled,Walk,Undefined,Undefined,0,0,NA,87.11646,-0.762168,1.356982,1815.245936,127.20697,10:15:00,5.83741,-1.30158,5.49376,-25.39848,11.95717,-14.19178,3.00764,-1.21456,79.69664,-5.47361,-1.171993,0.439895,NA,NA,NA,NA,NA,NA,NA,NA,NA,NA,NA,7.51717,6.60122,1.19257,50,5.75366,-2.37687,-126.46513,-2.55647,12.17639,25.7438,-21.48133,GEO_PAT,GEO_PAT,SpuhlerFieldMain,TeamExclusive,Team,20251010-SpuhlerFieldMain-Private-2,2716ae80-a614-11f0-9d1c-cb0542a47c13,85.685,NA,NA,7.41982,NA,NA,NA,NA,NA,NA,e373a8f3-b551-4f4e-929b-9412fc5d6156,2025-10-10,20:03:13,2025-10-10T20:03:13Z,2025-10-10T20:03:13Z,NA,v3,471300,471300,NA,"Vaughan, Logan",1000232024,Right,GEO_PAT,448d8e57-9b69-498a-bc59-453c710f127f,55.00756,-127.48041,12.8719,5.83778,-1.70929,-10.74066,1.29577,-2.85709,6.0882,NA,NA,NA,NA,NA,NA,NA,NA,NA,NA,NA,NA,NA,NA,NA,NA,NA,NA,NA,NA,NA,NA,NA,NA,NA,NA,NA,NA,NA,NA,NA,NA,NA,NA,NA,NA,NA,NA,NA,NA,NA,NA,NA,NA,NA,NA,NA,NA,NA,NA,High,High,High,NA,NA,NA,NA,NA,NA,NA,NA,NA,NA,NA,NA,NA,NA,NA,NA,NA,NA,NA,NA,NA,NA,NA,NA,NA,NA,NA,NA,NA,NA,NA,NA,NA,NA,NA,NA,NA,NA,NA,NA,NA,NA,NA,NA,NA,NA,NA,NA,NA,NA,NA,NA,NA,NA,NA,NA,NA
NA,NA,NA,NA,NA,NA,NA,NA,NA,NA,NA,NA,NA,NA,NA,NA,159,2025-10-10,16:04:02,4,1,"Kaler, Tanner",822634,Left,GEO_PAT,"Alberti, Lucas",1000145512,Right,GEO_PAT,Undefined,5,Bottom,2,0,0,Fastball,Changeup,StrikeCalled,Undefined,Undefined,Undefined,0,0,NA,85.40577,-1.983199,3.060165,2002.101914,120.822661,10:00:00,5.74366,-1.33176,5.23528,-25.93616,13.46615,-20.40792,1.71471,-0.15314,78.10018,-6.768606,-0.5559,0.451785,NA,NA,NA,NA,NA,NA,NA,NA,NA,NA,NA,11.0617,7.66709,1.06573,50,5.54174,-5.72415,-123.74528,-5.19375,17.13989,24.85735,-20.294,GEO_PAT,GEO_PAT,SpuhlerFieldMain,TeamExclusive,Team,20251010-SpuhlerFieldMain-Private-2,446df920-a614-11f0-9d1c-cb0542a47c13,83.42996,NA,NA,7.3056,NA,NA,NA,NA,NA,NA,e373a8f3-b551-4f4e-929b-9412fc5d6156,2025-10-10,20:04:02,2025-10-10T20:04:02Z,2025-10-10T20:04:02Z,NA,v3,471300,471300,NA,"Vaughan, Logan",1000232024,Right,GEO_PAT,cf8d6901-b585-4bfc-9470-76d8cb9cd6b5,55.2672,-124.79885,12.42867,5.74365,-4.3336,-10.147,1.32374,-6.45061,8.56994,NA,NA,NA,NA,NA,NA,NA,NA,NA,NA,NA,NA,NA,NA,NA,NA,NA,NA,NA,NA,NA,NA,NA,NA,NA,NA,NA,NA,NA,NA,NA,NA,NA,NA,NA,NA,NA,NA,NA,NA,NA,NA,NA,NA,NA,NA,NA,NA,NA,NA,High,High,High,NA,NA,NA,NA,NA,NA,NA,NA,NA,NA,NA,NA,NA,NA,NA,NA,NA,NA,NA,NA,NA,NA,NA,NA,NA,NA,NA,NA,NA,NA,NA,NA,NA,NA,NA,NA,NA,NA,NA,NA,NA,NA,NA,NA,NA,NA,NA,NA,NA,NA,NA,NA,NA,NA,NA,NA,NA
NA,NA,NA,NA,NA,NA,NA,NA,NA,NA,NA,NA,NA,NA,NA,NA,160,2025-10-10,16:04:19,4,2,"Kaler, Tanner",822634,Left,GEO_PAT,"Alberti, Lucas",1000145512,Right,GEO_PAT,Undefined,5,Bottom,2,0,1,ChangeUp,Changeup,InPlay,Undefined,GroundBall,Single,0,0,NA,79.27076,-0.299858,1.820491,1595.226961,98.140078,09:15:00,5.88871,-1.60865,5.27072,-41.87632,3.48118,-14.68139,2.1172,-1.1214,73.06993,-7.920352,-0.787186,0.484726,55.83065,-42.0352,34.503041,NA,NA,NA,NA,4.00542,4.00542,37.533398,0.038033,7.87445,2.21516,1.45352,50,5.83026,-3.07384,-115.09921,-2.04363,10.59671,20.73311,-29.19306,GEO_PAT,GEO_PAT,SpuhlerFieldMain,TeamExclusive,Team,20251010-SpuhlerFieldMain-Private-2,4e8cea60-a614-11f0-9d1c-cb0542a47c13,77.76036,2.09547,NA,6.20083,NA,NA,NA,1.26078,2.09547,1.12355,e373a8f3-b551-4f4e-929b-9412fc5d6156,2025-10-10,20:04:19,2025-10-10T20:04:19Z,2025-10-10T20:04:19Z,GroundBall,v3,471300,471300,NA,"Vaughan, Logan",1000232024,Right,GEO_PAT,cdf4387c-72ae-4526-8ff3-61962371d955,55.23299,-116.03801,10.36656,5.89287,-0.72176,-14.59653,1.60357,-3.55366,5.29836,NA,1.25928,50.36424,NA,NA,NA,NA,NA,NA,NA,2.0971,-55.09579,NA,NA,NA,NA,NA,NA,NA,1.12253,34.61832,NA,NA,NA,NA,NA,NA,NA,NA,NA,NA,NA,NA,NA,NA,NA,NA,NA,NA,NA,NA,NA,NA,NA,NA,NA,NA,NA,NA,NA,High,High,High,Estimated,Estimated,NA,NA,NA,NA,NA,NA,NA,NA,NA,NA,NA,NA,NA,NA,NA,NA,NA,NA,NA,NA,NA,NA,NA,NA,NA,NA,NA,NA,NA,NA,NA,NA,NA,NA,NA,NA,NA,NA,NA,NA,NA,NA,NA,NA,NA,NA,NA,NA,NA,NA,NA,NA,NA,NA,NA
NA,NA,NA,NA,NA,NA,NA,NA,NA,NA,NA,NA,NA,NA,NA,NA,161,2025-10-10,16:05:00,5,1,"Kaler, Tanner",822634,Left,GEO_PAT,"Westley, Matthew",824016,Right,GEO_PAT,Undefined,5,Bottom,2,0,0,ChangeUp,Changeup,FoulBallNotFieldable,Undefined,Undefined,Undefined,0,0,NA,78.39554,-0.554528,3.934704,1645.03297,99.879735,09:15:00,5.91584,-1.41191,5.4724,-41.82361,3.98083,-15.40509,1.91033,0.99245,72.80147,-8.166328,1.195358,0.487108,105.97282,24.041809,-38.541535,3114.367714,79.40404,47.64729,-76.12433,364.40614,225.28911,-56.313711,4.623653,8.82367,2.48213,1.07663,50,5.8379,-7.24679,-113.76309,-2.47881,11.69922,18.57612,-28.88301,GEO_PAT,GEO_PAT,SpuhlerFieldMain,TeamExclusive,Team,20251010-SpuhlerFieldMain-Private-2,67762c80-a614-11f0-9d1c-cb0542a47c13,77.38007,69.52133,NA,5.59407,NA,NA,NA,1.78755,3.36792,-2.05596,e373a8f3-b551-4f4e-929b-9412fc5d6156,2025-10-10,20:05:00,2025-10-10T20:05:00Z,2025-10-10T20:05:00Z,FlyBall,v3,471300,471300,NA,"Vaughan, Logan",1000232024,Right,GEO_PAT,88c36526-12b7-401f-badb-f1451d5f50f9,55.03308,-114.58198,9.28806,5.91911,-1.20556,-14.44151,1.40746,-7.76253,5.84961,NA,1.78604,111.06459,-34.41092,9.70453,-2.53228,0.58976,-0.10893,0.01266,-6.4e-4,3.37004,63.26578,-15.332,-0.7114,0.78938,-0.30922,0.07154,-0.00866,4.2e-4,-2.0551,-88.45896,6.66082,0.12399,-0.2571,0.03812,0.00492,-0.00202,1.6e-4,NA,NA,NA,NA,NA,NA,NA,NA,NA,NA,NA,NA,NA,NA,NA,NA,NA,NA,NA,NA,NA,NA,High,High,High,Medium,Low,NA,NA,NA,NA,NA,NA,NA,NA,NA,NA,NA,NA,NA,NA,NA,NA,NA,NA,NA,NA,NA,NA,NA,NA,NA,NA,NA,NA,NA,NA,NA,NA,NA,NA,NA,NA,NA,NA,NA,NA,NA,NA,NA,NA,NA,NA,NA,NA,NA,NA,NA,NA,NA,NA,NA
NA,NA,NA,NA,NA,NA,NA,NA,NA,NA,NA,NA,NA,NA,NA,NA,162,2025-10-10,16:05:23,5,2,"Kaler, Tanner",822634,Left,GEO_PAT,"Westley, Matthew",824016,Right,GEO_PAT,Undefined,5,Bottom,2,0,1,ChangeUp,Changeup,InPlay,Undefined,GroundBall,Out,1,0,NA,80.45465,-0.623381,3.475042,1598.835642,81.610826,08:45:00,5.8297,-1.39359,5.48205,-45.20601,-1.27154,-18.04977,1.47815,0.35781,73.98091,-8.852541,0.259092,0.477061,92.27175,-11.046697,-42.42573,NA,NA,NA,NA,9.84917,5.47749,-33.531841,0.059028,10.14879,-0.1085,1.10122,50,5.74378,-6.37818,-116.6894,-2.82236,13.97992,22.15131,-32.32352,GEO_PAT,GEO_PAT,SpuhlerFieldMain,TeamExclusive,Team,20251010-SpuhlerFieldMain-Private-2,74b2d880-a614-11f0-9d1c-cb0542a47c13,79.00966,1.53237,NA,6.47374,NA,NA,NA,2.41617,1.53237,-0.14536,e373a8f3-b551-4f4e-929b-9412fc5d6156,2025-10-10,20:05:23,2025-10-10T20:05:23Z,2025-10-10T20:05:23Z,GroundBall,v3,471300,471300,NA,"Vaughan, Logan",1000232024,Right,GEO_PAT,65767690-ae12-4934-b5c5-024c6b0d57ff,55.02289,-117.63904,11.07565,5.83507,-1.43664,-16.16176,1.3875,-6.9775,6.98996,180,2.41511,98.15545,NA,NA,NA,NA,NA,NA,NA,1.53264,-25.96011,NA,NA,NA,NA,NA,NA,NA,-0.1444,-89.7091,NA,NA,NA,NA,NA,NA,NA,NA,NA,NA,NA,NA,NA,NA,NA,NA,NA,NA,NA,NA,NA,NA,NA,NA,NA,NA,NA,NA,NA,High,High,High,Low,Low,NA,NA,NA,NA,NA,NA,NA,NA,NA,NA,NA,NA,NA,NA,NA,NA,NA,NA,NA,NA,NA,NA,NA,NA,NA,NA,NA,NA,NA,NA,NA,NA,NA,NA,NA,NA,NA,NA,NA,NA,NA,NA,NA,NA,NA,NA,NA,NA,NA,NA,NA,NA,NA,NA,NA
NA,NA,NA,NA,NA,NA,NA,NA,NA,NA,NA,NA,NA,NA,NA,NA,163,2025-10-10,16:08:30,1,1,"Parker, Aiden",10285505,Right,GEO_PAT,"Butler, Jake",1000136500,Right,GEO_PAT,Undefined,6,Top,0,0,0,Fastball,Four-Seam,BallCalled,Undefined,Undefined,Undefined,0,0,NA,85.08999,-0.382255,-1.438571,2044.737043,194.069052,12:30:00,6.2691,1.96673,6.45682,-19.86509,18.08903,4.21713,4.2624,0.9963,77.33023,-4.199756,-0.673949,0.443405,NA,NA,NA,NA,NA,NA,NA,NA,NA,NA,NA,-2.61091,9.92564,-1.86658,50,6.23284,2.94169,-123.59955,-1.32114,-4.0145,26.02457,-16.9124,GEO_PAT,GEO_PAT,SpuhlerFieldMain,TeamExclusive,Team,20251010-SpuhlerFieldMain-Private-2,e4053a70-a614-11f0-9d1c-cb0542a47c13,85.00679,NA,NA,7.75976,NA,NA,NA,NA,NA,NA,e373a8f3-b551-4f4e-929b-9412fc5d6156,2025-10-10,20:08:30,2025-10-10T20:08:30Z,2025-10-10T20:08:30Z,NA,v3,471300,471300,NA,"Cowdrey, Vincent",1000469295,Right,GEO_PAT,0f125287-34bc-45d0-bedb-f7f6ea316048,54.04193,-124.44769,13.01228,6.26692,-0.76996,-8.4562,-1.96459,3.07253,-2.00725,NA,NA,NA,NA,NA,NA,NA,NA,NA,NA,NA,NA,NA,NA,NA,NA,NA,NA,NA,NA,NA,NA,NA,NA,NA,NA,NA,NA,NA,NA,NA,NA,NA,NA,NA,NA,NA,NA,NA,NA,NA,NA,NA,NA,NA,NA,NA,NA,NA,NA,High,High,High,NA,NA,NA,NA,NA,NA,NA,NA,NA,NA,NA,NA,NA,NA,NA,NA,NA,NA,NA,NA,NA,NA,NA,NA,NA,NA,NA,NA,NA,NA,NA,NA,NA,NA,NA,NA,NA,NA,NA,NA,NA,NA,NA,NA,NA,NA,NA,NA,NA,NA,NA,NA,NA,NA,NA,NA,NA
NA,NA,NA,NA,NA,NA,NA,NA,NA,NA,NA,NA,NA,NA,NA,NA,164,2025-10-10,16:08:45,1,2,"Parker, Aiden",10285505,Right,GEO_PAT,"Butler, Jake",1000136500,Right,GEO_PAT,Undefined,6,Top,0,1,0,Fastball,Four-Seam,InPlay,Undefined,LineDrive,Single,0,0,NA,85.03945,-2.193598,-2.728344,2102.334732,197.574795,12:30:00,6.19122,2.13843,6.58264,-19.66914,18.35572,5.39622,2.53848,0.08575,77.22392,-5.974319,-1.748581,0.443818,98.15104,5.093554,-2.048753,893.031928,NA,NA,NA,96.55974,96.55974,-1.591852,0.729253,-3.67721,10.71453,-1.95338,50,6.03215,5.68181,-123.36822,-5.21063,-5.61188,26.77752,-15.8223,GEO_PAT,GEO_PAT,SpuhlerFieldMain,TeamExclusive,Team,20251010-SpuhlerFieldMain-Private-2,ed272e10-a614-11f0-9d1c-cb0542a47c13,84.92763,4.21505,NA,7.81553,NA,NA,NA,1.46094,2.48157,-0.13096,e373a8f3-b551-4f4e-929b-9412fc5d6156,2025-10-10,20:08:45,2025-10-10T20:08:45Z,2025-10-10T20:08:45Z,GroundBall,v3,471300,471300,NA,"Cowdrey, Vincent",1000469295,Right,GEO_PAT,fe7779ba-bd59-48f8-a639-aa06e02ad3d9,53.91796,-124.21572,13.38876,6.18914,-4.70986,-7.91115,-2.13602,5.85943,-2.80594,343.789378,1.50167,142.5369,-16.85234,NA,NA,NA,NA,NA,NA,2.53073,11.86483,-21.11372,NA,NA,NA,NA,NA,NA,-0.13967,-4.96322,2.03957,NA,NA,NA,NA,NA,NA,NA,NA,NA,NA,NA,NA,NA,NA,NA,NA,NA,NA,NA,NA,NA,NA,NA,NA,NA,NA,NA,NA,High,High,High,High,High,NA,NA,NA,NA,NA,NA,NA,NA,NA,NA,NA,NA,NA,NA,NA,NA,NA,NA,NA,NA,NA,NA,NA,NA,NA,NA,NA,NA,NA,NA,NA,NA,NA,NA,NA,NA,NA,NA,NA,NA,NA,NA,NA,NA,NA,NA,NA,NA,NA,NA,NA,NA,NA,NA,NA
NA,NA,NA,NA,NA,NA,NA,NA,NA,NA,NA,NA,NA,NA,NA,NA,165,2025-10-10,16:09:20,2,1,"Parker, Aiden",10285505,Right,GEO_PAT,"Tignor, Laken",1000091229,Right,GEO_PAT,Undefined,6,Top,0,0,0,Curveball,Curveball,BallCalled,Undefined,Undefined,Undefined,0,0,NA,73.60511,0.406378,-2.43091,1968.025218,100.6623,09:15:00,6.39583,1.92035,5.49108,-49.06652,2.67071,-6.79008,2.68749,-0.92105,68.69246,-8.504345,-3.639743,0.517694,NA,NA,NA,NA,NA,NA,NA,NA,NA,NA,NA,2.85606,1.67461,-1.70253,50,6.39787,4.78329,-106.95697,-0.76987,3.35175,16.18714,-30.20881,GEO_PAT,GEO_PAT,SpuhlerFieldMain,TeamExclusive,Team,20251010-SpuhlerFieldMain-Private-2,0252a4e0-a615-11f0-9d1c-cb0542a47c13,72.80836,NA,NA,4.91265,NA,NA,NA,NA,NA,NA,e373a8f3-b551-4f4e-929b-9412fc5d6156,2025-10-10,20:09:20,2025-10-10T20:09:20Z,2025-10-10T20:09:20Z,NA,v3,471300,471300,NA,"Cowdrey, Vincent",1000469295,Right,GEO_PAT,7c52f606-8b24-4ed4-8727-86ee7338b05a,55.01301,-107.71298,8.09357,6.40088,0.64101,-15.10441,-1.92227,4.62675,1.67588,NA,NA,NA,NA,NA,NA,NA,NA,NA,NA,NA,NA,NA,NA,NA,NA,NA,NA,NA,NA,NA,NA,NA,NA,NA,NA,NA,NA,NA,NA,NA,NA,NA,NA,NA,NA,NA,NA,NA,NA,NA,NA,NA,NA,NA,NA,NA,NA,NA,NA,High,High,High,NA,NA,NA,NA,NA,NA,NA,NA,NA,NA,NA,NA,NA,NA,NA,NA,NA,NA,NA,NA,NA,NA,NA,NA,NA,NA,NA,NA,NA,NA,NA,NA,NA,NA,NA,NA,NA,NA,NA,NA,NA,NA,NA,NA,NA,NA,NA,NA,NA,NA,NA,NA,NA,NA,NA,NA,NA
NA,NA,NA,NA,NA,NA,NA,NA,NA,NA,NA,NA,NA,NA,NA,NA,166,2025-10-10,16:09:47,2,2,"Parker, Aiden",10285505,Right,GEO_PAT,"Tignor, Laken",1000091229,Right,GEO_PAT,Undefined,6,Top,0,1,0,Fastball,Changeup,BallCalled,Undefined,Undefined,Undefined,0,0,NA,84.47582,-3.365506,-3.405603,2067.50077,212.168588,01:00:00,6.26526,2.25104,6.61095,-22.43989,15.35328,8.98327,1.3035,-0.12351,78.48524,-7.58347,-1.774062,0.442464,NA,NA,NA,NA,NA,NA,NA,NA,NA,NA,NA,-5.57197,9.24855,-2.02255,50,6.02597,6.98342,-122.61265,-7.81594,-8.595,21.23239,-17.90781,GEO_PAT,GEO_PAT,SpuhlerFieldMain,TeamExclusive,Team,20251010-SpuhlerFieldMain-Private-2,12532bd0-a615-11f0-9d1c-cb0542a47c13,85.18754,NA,NA,5.99059,NA,NA,NA,NA,NA,NA,e373a8f3-b551-4f4e-929b-9412fc5d6156,2025-10-10,20:09:47,2025-10-10T20:09:47Z,2025-10-10T20:09:47Z,NA,v3,471300,471300,NA,"Cowdrey, Vincent",1000469295,Right,GEO_PAT,5d38cfd9-91e6-40aa-95ca-a7059ec7623b,53.89271,-123.2849,10.61619,6.26446,-7.24895,-8.9539,-2.24797,7.25554,-4.2975,NA,NA,NA,NA,NA,NA,NA,NA,NA,NA,NA,NA,NA,NA,NA,NA,NA,NA,NA,NA,NA,NA,NA,NA,NA,NA,NA,NA,NA,NA,NA,NA,NA,NA,NA,NA,NA,NA,NA,NA,NA,NA,NA,NA,NA,NA,NA,NA,NA,NA,High,High,High,NA,NA,NA,NA,NA,NA,NA,NA,NA,NA,NA,NA,NA,NA,NA,NA,NA,NA,NA,NA,NA,NA,NA,NA,NA,NA,NA,NA,NA,NA,NA,NA,NA,NA,NA,NA,NA,NA,NA,NA,NA,NA,NA,NA,NA,NA,NA,NA,NA,NA,NA,NA,NA,NA,NA,NA,NA
NA,NA,NA,NA,NA,NA,NA,NA,NA,NA,NA,NA,NA,NA,NA,NA,167,2025-10-10,16:10:06,2,3,"Parker, Aiden",10285505,Right,GEO_PAT,"Tignor, Laken",1000091229,Right,GEO_PAT,Undefined,6,Top,0,2,0,Fastball,Four-Seam,StrikeCalled,Undefined,Undefined,Undefined,0,0,NA,86.41427,-3.104791,-2.138912,2113.291319,194.813811,12:30:00,6.15588,2.19826,6.53985,-16.37548,20.07635,5.00981,1.93868,0.65297,79.43195,-6.246881,-1.229456,0.434541,NA,NA,NA,NA,NA,NA,NA,NA,NA,NA,NA,-3.20591,11.72749,-2.05199,50,5.93299,4.50094,-125.46223,-7.20197,-5.12872,24.51026,-13.41278,GEO_PAT,GEO_PAT,SpuhlerFieldMain,TeamExclusive,Team,20251010-SpuhlerFieldMain-Private-2,1dcfff60-a615-11f0-9d1c-cb0542a47c13,86.74078,NA,NA,6.98233,NA,NA,NA,NA,NA,NA,e373a8f3-b551-4f4e-929b-9412fc5d6156,2025-10-10,20:10:06,2025-10-10T20:10:06Z,2025-10-10T20:10:06Z,NA,v3,471300,471300,NA,"Cowdrey, Vincent",1000469295,Right,GEO_PAT,ed02645d-bae3-40cd-8807-5c1bd5b41d60,53.96216,-126.23391,12.25513,6.15309,-6.77969,-6.70639,-2.19624,4.66241,-2.56436,NA,NA,NA,NA,NA,NA,NA,NA,NA,NA,NA,NA,NA,NA,NA,NA,NA,NA,NA,NA,NA,NA,NA,NA,NA,NA,NA,NA,NA,NA,NA,NA,NA,NA,NA,NA,NA,NA,NA,NA,NA,NA,NA,NA,NA,NA,NA,NA,NA,NA,High,High,High,NA,NA,NA,NA,NA,NA,NA,NA,NA,NA,NA,NA,NA,NA,NA,NA,NA,NA,NA,NA,NA,NA,NA,NA,NA,NA,NA,NA,NA,NA,NA,NA,NA,NA,NA,NA,NA,NA,NA,NA,NA,NA,NA,NA,NA,NA,NA,NA,NA,NA,NA,NA,NA,NA,NA,NA,NA
NA,NA,NA,NA,NA,NA,NA,NA,NA,NA,NA,NA,NA,NA,NA,NA,168,2025-10-10,16:10:24,2,4,"Parker, Aiden",10285505,Right,GEO_PAT,"Tignor, Laken",1000091229,Right,GEO_PAT,Undefined,6,Top,0,2,1,Fastball,Four-Seam,InPlay,Undefined,Bunt,Sacrifice,1,0,NA,85.86642,-2.336799,-2.149268,2004.331894,198.720316,12:30:00,6.22737,2.5029,6.45787,-18.88718,17.90481,5.70437,2.50402,1.00289,79.33923,-5.922408,-1.115225,0.436564,85.91934,-19.346459,10.349593,NA,NA,NA,NA,7.36426,7.16196,0.645627,0.056588,-3.53855,10.31071,-2.35329,50,6.05318,4.47477,-124.79838,-5.59055,-5.63298,22.91092,-15.76053,GEO_PAT,GEO_PAT,SpuhlerFieldMain,TeamExclusive,Team,20251010-SpuhlerFieldMain-Private-2,2877f6c0-a615-11f0-9d1c-cb0542a47c13,86.33887,2.36749,NA,6.52719,NA,NA,NA,0.73053,2.36749,-1.12842,e373a8f3-b551-4f4e-929b-9412fc5d6156,2025-10-10,20:10:24,2025-10-10T20:10:24Z,2025-10-10T20:10:24Z,GroundBall,v3,471300,471300,NA,"Cowdrey, Vincent",1000469295,Right,GEO_PAT,88e40aa3-cc20-4a79-8a17-a10d65f6de54,54.04508,-125.53879,11.45546,6.22562,-5.08121,-7.88026,-2.50084,4.65681,-2.81649,180,0.7282,117.22063,NA,NA,NA,NA,NA,NA,NA,2.36833,-41.83752,NA,NA,NA,NA,NA,NA,NA,-1.12885,21.40743,NA,NA,NA,NA,NA,NA,NA,NA,NA,NA,NA,NA,NA,NA,NA,NA,NA,NA,NA,NA,NA,NA,NA,NA,NA,NA,NA,NA,NA,High,High,High,High,High,NA,NA,NA,NA,NA,NA,NA,NA,NA,NA,NA,NA,NA,NA,NA,NA,NA,NA,NA,NA,NA,NA,NA,NA,NA,NA,NA,NA,NA,NA,NA,NA,NA,NA,NA,NA,NA,NA,NA,NA,NA,NA,NA,NA,NA,NA,NA,NA,NA,NA,NA,NA,NA,NA,NA
NA,NA,NA,NA,NA,NA,NA,NA,NA,NA,NA,NA,NA,NA,NA,NA,169,2025-10-10,16:10:59,3,1,"Parker, Aiden",10285505,Right,GEO_PAT,"Blanchard, Evan",10073877,Right,GEO_PAT,Undefined,6,Top,1,0,0,Curveball,Curveball,BallCalled,Undefined,Undefined,Undefined,0,0,NA,75.55589,-2.16776,-2.774162,1979.015744,51.816423,07:45:00,6.33467,2.06117,5.96349,-53.29912,-4.49965,-7.53973,-0.12038,-1.14159,70.49322,-11.830762,-4.13232,0.502781,NA,NA,NA,NA,NA,NA,NA,NA,NA,NA,NA,3.18528,-1.46874,-1.83642,50,6.1318,5.56506,-109.70894,-5.73767,3.88382,19.32965,-33.9649,GEO_PAT,GEO_PAT,SpuhlerFieldMain,TeamExclusive,Team,20251010-SpuhlerFieldMain-Private-2,3d5b8f20-a615-11f0-9d1c-cb0542a47c13,74.96788,NA,NA,5.06268,NA,NA,NA,NA,NA,NA,e373a8f3-b551-4f4e-929b-9412fc5d6156,2025-10-10,20:10:59,2025-10-10T20:10:59Z,2025-10-10T20:10:59Z,NA,v3,471300,471300,NA,"Cowdrey, Vincent",1000469295,Right,GEO_PAT,6a8c9818-72f6-45b5-bc0e-7327c2f36fd1,54.54286,-110.50645,9.66482,6.33962,-4.33634,-16.98245,-2.06272,5.40482,1.94191,NA,NA,NA,NA,NA,NA,NA,NA,NA,NA,NA,NA,NA,NA,NA,NA,NA,NA,NA,NA,NA,NA,NA,NA,NA,NA,NA,NA,NA,NA,NA,NA,NA,NA,NA,NA,NA,NA,NA,NA,NA,NA,NA,NA,NA,NA,NA,NA,NA,NA,High,High,High,NA,NA,NA,NA,NA,NA,NA,NA,NA,NA,NA,NA,NA,NA,NA,NA,NA,NA,NA,NA,NA,NA,NA,NA,NA,NA,NA,NA,NA,NA,NA,NA,NA,NA,NA,NA,NA,NA,NA,NA,NA,NA,NA,NA,NA,NA,NA,NA,NA,NA,NA,NA,NA,NA,NA,NA,NA
NA,NA,NA,NA,NA,NA,NA,NA,NA,NA,NA,NA,NA,NA,NA,NA,170,2025-10-10,16:11:24,3,2,"Parker, Aiden",10285505,Right,GEO_PAT,"Blanchard, Evan",10073877,Right,GEO_PAT,Undefined,6,Top,1,1,0,ChangeUp,Changeup,BallCalled,Undefined,Undefined,Undefined,0,0,NA,82.28001,-3.442725,-4.533746,1601.468642,266.689112,03:00:00,6.05567,2.24554,6.96125,-37.74018,2.14465,15.36473,-0.2354,-0.60783,75.99875,-10.468399,-1.721747,0.454543,NA,NA,NA,NA,NA,NA,NA,NA,NA,NA,NA,-9.59351,2.42595,-1.96916,50,5.82853,8.97387,-119.25473,-8.19207,-13.79533,23.24639,-28.68557,GEO_PAT,GEO_PAT,SpuhlerFieldMain,TeamExclusive,Team,20251010-SpuhlerFieldMain-Private-2,4bec8080-a615-11f0-9d1c-cb0542a47c13,82.92374,NA,NA,6.28126,NA,NA,NA,NA,NA,NA,e373a8f3-b551-4f4e-929b-9412fc5d6156,2025-10-10,20:11:24,2025-10-10T20:11:24Z,2025-10-10T20:11:24Z,NA,v3,471300,471300,NA,"Cowdrey, Vincent",1000469295,Right,GEO_PAT,871c9a23-2868-402c-af77-e147f16dc672,53.5441,-119.9436,11.6232,6.05869,-7.34202,-14.34279,-2.24115,9.38267,-6.89767,NA,NA,NA,NA,NA,NA,NA,NA,NA,NA,NA,NA,NA,NA,NA,NA,NA,NA,NA,NA,NA,NA,NA,NA,NA,NA,NA,NA,NA,NA,NA,NA,NA,NA,NA,NA,NA,NA,NA,NA,NA,NA,NA,NA,NA,NA,NA,NA,NA,NA,High,High,High,NA,NA,NA,NA,NA,NA,NA,NA,NA,NA,NA,NA,NA,NA,NA,NA,NA,NA,NA,NA,NA,NA,NA,NA,NA,NA,NA,NA,NA,NA,NA,NA,NA,NA,NA,NA,NA,NA,NA,NA,NA,NA,NA,NA,NA,NA,NA,NA,NA,NA,NA,NA,NA,NA,NA,NA,NA
NA,NA,NA,NA,NA,NA,NA,NA,NA,NA,NA,NA,NA,NA,NA,NA,171,2025-10-10,16:11:44,3,3,"Parker, Aiden",10285505,Right,GEO_PAT,"Blanchard, Evan",10073877,Right,GEO_PAT,Undefined,6,Top,1,2,0,Fastball,Four-Seam,StrikeCalled,Undefined,Undefined,Undefined,0,0,NA,87.58618,-2.362861,-1.820882,1990.150737,208.654203,01:00:00,6.03979,2.13201,6.48009,-17.56088,18.23052,9.31048,2.40431,1.23526,79.83919,-5.736259,-0.13172,0.430587,NA,NA,NA,NA,NA,NA,NA,NA,NA,NA,NA,-5.37925,10.57512,-2.00758,50,5.86533,3.6801,-127.14986,-5.68884,-8.76673,27.16495,-14.93949,GEO_PAT,GEO_PAT,SpuhlerFieldMain,TeamExclusive,Team,20251010-SpuhlerFieldMain-Private-2,57c94e60-a615-11f0-9d1c-cb0542a47c13,87.53738,NA,NA,7.74699,NA,NA,NA,NA,NA,NA,e373a8f3-b551-4f4e-929b-9412fc5d6156,2025-10-10,20:11:44,2025-10-10T20:11:44Z,2025-10-10T20:11:44Z,NA,v3,471300,471300,NA,"Cowdrey, Vincent",1000469295,Right,GEO_PAT,100fedee-d338-44ba-a873-00275d5c0a23,54.02017,-128.00586,13.58248,6.03718,-5.21807,-7.46975,-2.12789,3.95635,-4.38337,NA,NA,NA,NA,NA,NA,NA,NA,NA,NA,NA,NA,NA,NA,NA,NA,NA,NA,NA,NA,NA,NA,NA,NA,NA,NA,NA,NA,NA,NA,NA,NA,NA,NA,NA,NA,NA,NA,NA,NA,NA,NA,NA,NA,NA,NA,NA,NA,NA,NA,High,High,High,NA,NA,NA,NA,NA,NA,NA,NA,NA,NA,NA,NA,NA,NA,NA,NA,NA,NA,NA,NA,NA,NA,NA,NA,NA,NA,NA,NA,NA,NA,NA,NA,NA,NA,NA,NA,NA,NA,NA,NA,NA,NA,NA,NA,NA,NA,NA,NA,NA,NA,NA,NA,NA,NA,NA,NA,NA
NA,NA,NA,NA,NA,NA,NA,NA,NA,NA,NA,NA,NA,NA,NA,NA,172,2025-10-10,16:12:02,3,4,"Parker, Aiden",10285505,Right,GEO_PAT,"Blanchard, Evan",10073877,Right,GEO_PAT,Undefined,6,Top,1,2,1,Fastball,Sinker,FoulBallNotFieldable,Undefined,Undefined,Undefined,0,0,NA,87.35144,-1.571583,-1.96391,2007.498313,218.641928,01:15:00,6.16955,1.9975,6.7583,-20.70907,14.86969,10.94843,3.00708,1.1153,79.61744,-5.538379,0.033109,0.429306,52.31795,44.305011,104.480845,4678.720344,NA,NA,NA,NA,15.37525,NA,NA,-6.37713,8.68595,-1.87258,50,6.05837,3.95299,-126.93632,-4.0122,-10.34631,27.35042,-18.08195,GEO_PAT,GEO_PAT,SpuhlerFieldMain,TeamExclusive,Team,20251010-SpuhlerFieldMain-Private-2,626e3880-a615-11f0-9d1c-cb0542a47c13,87.79858,18.66959,NA,7.73399,NA,NA,NA,0.76325,2.96697,-1.16983,e373a8f3-b551-4f4e-929b-9412fc5d6156,2025-10-10,20:12:02,2025-10-10T20:12:02Z,2025-10-10T20:12:02Z,NA,v3,471300,471300,NA,"Cowdrey, Vincent",1000469295,Right,GEO_PAT,a7a810d7-ed52-44b6-8ff8-8a639151b2ef,53.74331,-127.74033,13.67521,6.1685,-3.48065,-9.04097,-1.99325,4.25713,-5.17316,292.228365,0.76468,-13.79045,-1.93739,NA,NA,NA,NA,NA,NA,2.96696,53.59729,-15.27679,NA,NA,NA,NA,NA,NA,-1.16488,52.96355,-10.10606,NA,NA,NA,NA,NA,NA,NA,NA,NA,NA,NA,NA,NA,NA,NA,NA,NA,NA,NA,NA,NA,NA,NA,NA,NA,NA,NA,NA,High,High,High,Medium,Undefined,NA,NA,NA,NA,NA,NA,NA,NA,NA,NA,NA,NA,NA,NA,NA,NA,NA,NA,NA,NA,NA,NA,NA,NA,NA,NA,NA,NA,NA,NA,NA,NA,NA,NA,NA,NA,NA,NA,NA,NA,NA,NA,NA,NA,NA,NA,NA,NA,NA,NA,NA,NA,NA,NA,NA
NA,NA,NA,NA,NA,NA,NA,NA,NA,NA,NA,NA,NA,NA,NA,NA,173,2025-10-10,16:12:25,3,5,"Parker, Aiden",10285505,Right,GEO_PAT,"Blanchard, Evan",10073877,Right,GEO_PAT,Undefined,6,Top,1,2,2,Fastball,Sinker,InPlay,Undefined,Bunt,Sacrifice,1,1,NA,88.7635,-2.227934,-1.856797,2074.854006,227.109162,01:30:00,6.1479799999999996,2.03049,6.41815,-20.63749,14.58375,14.34296,2.37783,1.51809,80.29759,-6.165331,0.743582,0.427143,43.95869,-38.10862,-172.963908,NA,NA,NA,NA,3.41059,3.41059,-34.205582,0.072281,-8.22138,8.72457,-1.90457,50,5.97935,3.63685,-128.82594,-5.59142,-13.60452,30.58958,-17.73682,GEO_PAT,GEO_PAT,SpuhlerFieldMain,TeamExclusive,Team,20251010-SpuhlerFieldMain-Private-2,704e7780-a615-11f0-9d1c-cb0542a47c13,88.24308,2.90729,NA,8.46592,NA,NA,NA,NA,NA,NA,e373a8f3-b551-4f4e-929b-9412fc5d6156,2025-10-10,20:12:25,2025-10-10T20:12:25Z,2025-10-10T20:12:25Z,GroundBall,v3,471300,471300,NA,"Cowdrey, Vincent",1000469295,Right,GEO_PAT,460e7fcc-76cc-48c6-8b3a-357f918ab78c,54.08508,-129.79231,15.29479,6.14714,-5.03108,-8.86841,-2.02625,4.06664,-6.80226,NA,6.50575,-50.89491,NA,NA,NA,NA,NA,NA,NA,2.91232,-40.22197,NA,NA,NA,NA,NA,NA,NA,-1.46248,-6.28165,NA,NA,NA,NA,NA,NA,NA,NA,NA,NA,NA,NA,NA,NA,NA,NA,NA,NA,NA,NA,NA,NA,NA,NA,NA,NA,NA,NA,NA,High,High,High,Estimated,Estimated,NA,NA,NA,NA,NA,NA,NA,NA,NA,NA,NA,NA,NA,NA,NA,NA,NA,NA,NA,NA,NA,NA,NA,NA,NA,NA,NA,NA,NA,NA,NA,NA,NA,NA,NA,NA,NA,NA,NA,NA,NA,NA,NA,NA,NA,NA,NA,NA,NA,NA,NA,NA,NA,NA,NA
NA,NA,NA,NA,NA,NA,NA,NA,NA,NA,NA,NA,NA,NA,NA,NA,174,2025-10-10,16:13:15,4,1,"Parker, Aiden",10285505,Right,GEO_PAT,"Vaughan, Logan",1000232024,Left,GEO_PAT,Undefined,6,Top,2,0,0,ChangeUp,Changeup,StrikeSwinging,Undefined,Undefined,Undefined,0,0,NA,81.13733,-2.107006,-3.802587,1735.162793,230.676934,01:45:00,6.09309,2.25657,6.81513,-28.34474,12.55453,13.80276,1.80344,-0.06787,74.83152,-7.454724,-1.286406,0.460288,NA,NA,NA,NA,NA,NA,NA,NA,NA,NA,NA,-8.36126,7.60528,-2.01567,50,5.94612,7.37749,-117.80668,-5.05751,-11.80517,21.40234,-21.43624,GEO_PAT,GEO_PAT,SpuhlerFieldMain,TeamExclusive,Team,20251010-SpuhlerFieldMain-Private-2,8e6baa30-a615-11f0-9d1c-cb0542a47c13,81.88889,NA,NA,6.30581,NA,NA,NA,NA,NA,NA,e373a8f3-b551-4f4e-929b-9412fc5d6156,2025-10-10,20:13:15,2025-10-10T20:13:15Z,2025-10-10T20:13:15Z,NA,v3,471300,471300,NA,"Cowdrey, Vincent",1000469295,Right,GEO_PAT,bfb377c0-edd6-4fcf-bcff-937642fd94ab,53.68827,-118.47485,10.70117,6.09356,-4.38828,-10.71812,-2.25174,7.74604,-5.90259,NA,NA,NA,NA,NA,NA,NA,NA,NA,NA,NA,NA,NA,NA,NA,NA,NA,NA,NA,NA,NA,NA,NA,NA,NA,NA,NA,NA,NA,NA,NA,NA,NA,NA,NA,NA,NA,NA,NA,NA,NA,NA,NA,NA,NA,NA,NA,NA,NA,NA,High,High,High,NA,NA,NA,NA,NA,NA,NA,NA,NA,NA,NA,NA,NA,NA,NA,NA,NA,NA,NA,NA,NA,NA,NA,NA,NA,NA,NA,NA,NA,NA,NA,NA,NA,NA,NA,NA,NA,NA,NA,NA,NA,NA,NA,NA,NA,NA,NA,NA,NA,NA,NA,NA,NA,NA,NA,NA,NA
NA,NA,NA,NA,NA,NA,NA,NA,NA,NA,NA,NA,NA,NA,NA,NA,175,2025-10-10,16:13:33,4,2,"Parker, Aiden",10285505,Right,GEO_PAT,"Vaughan, Logan",1000232024,Left,GEO_PAT,Undefined,6,Top,2,0,1,ChangeUp,Changeup,BallCalled,Undefined,Undefined,Undefined,0,0,NA,82.45018,-0.562243,-1.393938,1683.237867,236.371271,02:00:00,5.99191,2.20413,6.73616,-30.9925,8.51717,11.06225,2.89526,1.85195,76.07641,-6.392056,0.624784,0.452401,NA,NA,NA,NA,NA,NA,NA,NA,NA,NA,NA,-6.19744,5.02811,-2.11597,50,5.94291,2.53679,-119.99206,-2.01699,-9.08734,21.9735,-24.8013,GEO_PAT,GEO_PAT,SpuhlerFieldMain,TeamExclusive,Team,20251010-SpuhlerFieldMain-Private-2,987edba0-a615-11f0-9d1c-cb0542a47c13,83.31652,NA,NA,6.37376,NA,NA,NA,NA,NA,NA,e373a8f3-b551-4f4e-929b-9412fc5d6156,2025-10-10,20:13:33,2025-10-10T20:13:33Z,2025-10-10T20:13:33Z,NA,v3,471300,471300,NA,"Cowdrey, Vincent",1000469295,Right,GEO_PAT,23c43a3e-7cbd-49f9-8af9-99ee24609fe0,53.7662,-120.67977,10.98675,5.99388,-1.24077,-12.40065,-2.19982,2.8212,-4.54367,NA,NA,NA,NA,NA,NA,NA,NA,NA,NA,NA,NA,NA,NA,NA,NA,NA,NA,NA,NA,NA,NA,NA,NA,NA,NA,NA,NA,NA,NA,NA,NA,NA,NA,NA,NA,NA,NA,NA,NA,NA,NA,NA,NA,NA,NA,NA,NA,NA,NA,High,High,High,NA,NA,NA,NA,NA,NA,NA,NA,NA,NA,NA,NA,NA,NA,NA,NA,NA,NA,NA,NA,NA,NA,NA,NA,NA,NA,NA,NA,NA,NA,NA,NA,NA,NA,NA,NA,NA,NA,NA,NA,NA,NA,NA,NA,NA,NA,NA,NA,NA,NA,NA,NA,NA,NA,NA,NA,NA
NA,NA,NA,NA,NA,NA,NA,NA,NA,NA,NA,NA,NA,NA,NA,NA,176,2025-10-10,16:13:52,4,3,"Parker, Aiden",10285505,Right,GEO_PAT,"Vaughan, Logan",1000232024,Left,GEO_PAT,Undefined,6,Top,2,1,1,Fastball,Four-Seam,StrikeSwinging,Undefined,Undefined,Undefined,0,0,NA,88.27468,-1.437362,-2.609931,2110.472918,212.285547,01:00:00,6.183,2.00744,6.64887,-16.70733,18.34922,10.8491,3.47342,0.52095,80.22611,-4.674878,-0.63721,0.426144,NA,NA,NA,NA,NA,NA,NA,NA,NA,NA,NA,-6.46008,10.42666,-1.83524,50,6.07879,5.4265,-128.17241,-3.61332,-10.67833,28.06083,-14.93906,GEO_PAT,GEO_PAT,SpuhlerFieldMain,TeamExclusive,Team,20251010-SpuhlerFieldMain-Private-2,a425a560-a615-11f0-9d1c-cb0542a47c13,88.45007,NA,NA,8.04857,NA,NA,NA,NA,NA,NA,e373a8f3-b551-4f4e-929b-9412fc5d6156,2025-10-10,20:13:52,2025-10-10T20:13:52Z,2025-10-10T20:13:52Z,NA,v3,471300,471300,NA,"Cowdrey, Vincent",1000469295,Right,GEO_PAT,d12c21d3-dac8-4d2d-8dc1-cc31096be59b,53.8515,-129.01287,14.03041,6.18031,-3.16588,-7.46953,-2.00256,5.74632,-5.33917,NA,NA,NA,NA,NA,NA,NA,NA,NA,NA,NA,NA,NA,NA,NA,NA,NA,NA,NA,NA,NA,NA,NA,NA,NA,NA,NA,NA,NA,NA,NA,NA,NA,NA,NA,NA,NA,NA,NA,NA,NA,NA,NA,NA,NA,NA,NA,NA,NA,NA,High,High,High,NA,NA,NA,NA,NA,NA,NA,NA,NA,NA,NA,NA,NA,NA,NA,NA,NA,NA,NA,NA,NA,NA,NA,NA,NA,NA,NA,NA,NA,NA,NA,NA,NA,NA,NA,NA,NA,NA,NA,NA,NA,NA,NA,NA,NA,NA,NA,NA,NA,NA,NA,NA,NA,NA,NA,NA,NA
NA,NA,NA,NA,NA,NA,NA,NA,NA,NA,NA,NA,NA,NA,NA,NA,177,2025-10-10,16:14:11,4,4,"Parker, Aiden",10285505,Right,GEO_PAT,"Vaughan, Logan",1000232024,Left,GEO_PAT,Undefined,6,Top,2,1,2,Fastball,Sinker,BallCalled,Undefined,Undefined,Undefined,0,0,NA,88.59514,-0.463172,-1.31647,2139.111103,227.910773,01:30:00,6.06014,2.05077,6.64602,-22.25249,12.10505,12.27713,3.78167,1.86859,81.46594,-4.682875,0.918868,0.421874,NA,NA,NA,NA,NA,NA,NA,NA,NA,NA,NA,-6.78764,6.8189,-1.96629,50,6.01965,2.49614,-128.91266,-1.66248,-11.48166,25.49255,-20.63953,GEO_PAT,GEO_PAT,SpuhlerFieldMain,TeamExclusive,Team,20251010-SpuhlerFieldMain-Private-2,afb4a160-a615-11f0-9d1c-cb0542a47c13,89.34532,NA,NA,7.1292,NA,NA,NA,NA,NA,NA,e373a8f3-b551-4f4e-929b-9412fc5d6156,2025-10-10,20:14:11,2025-10-10T20:14:11Z,2025-10-10T20:14:11Z,NA,v3,471300,471300,NA,"Cowdrey, Vincent",1000469295,Right,GEO_PAT,6fdc7c16-8ef4-4484-8f8b-00e82f2bb6ce,53.85603,-129.67295,12.74628,6.06005,-1.04693,-10.31976,-2.04584,2.83857,-5.74083,NA,NA,NA,NA,NA,NA,NA,NA,NA,NA,NA,NA,NA,NA,NA,NA,NA,NA,NA,NA,NA,NA,NA,NA,NA,NA,NA,NA,NA,NA,NA,NA,NA,NA,NA,NA,NA,NA,NA,NA,NA,NA,NA,NA,NA,NA,NA,NA,NA,NA,High,High,High,NA,NA,NA,NA,NA,NA,NA,NA,NA,NA,NA,NA,NA,NA,NA,NA,NA,NA,NA,NA,NA,NA,NA,NA,NA,NA,NA,NA,NA,NA,NA,NA,NA,NA,NA,NA,NA,NA,NA,NA,NA,NA,NA,NA,NA,NA,NA,NA,NA,NA,NA,NA,NA,NA,NA,NA,NA
NA,NA,NA,NA,NA,NA,NA,NA,NA,NA,NA,NA,NA,NA,NA,NA,178,2025-10-10,16:14:30,4,5,"Parker, Aiden",10285505,Right,GEO_PAT,"Vaughan, Logan",1000232024,Left,GEO_PAT,Undefined,6,Top,2,2,2,ChangeUp,Changeup,BallCalled,Undefined,Undefined,Undefined,0,0,NA,82.04828,-0.322126,-1.168631,1649.913377,260.718725,02:45:00,6.00975,2.12479,6.70899,-36.11856,3.44421,14.73674,2.7053,2.28425,76.50172,-7.054579,1.52082,0.452704,NA,NA,NA,NA,NA,NA,NA,NA,NA,NA,NA,-8.07591,2.23445,-2.05249,50,5.97423,1.94211,-119.55205,-1.68544,-11.86429,19.79274,-28.89144,GEO_PAT,GEO_PAT,SpuhlerFieldMain,TeamExclusive,Team,20251010-SpuhlerFieldMain-Private-2,baf5a470-a615-11f0-9d1c-cb0542a47c13,83.26059,NA,NA,5.54657,NA,NA,NA,NA,NA,NA,e373a8f3-b551-4f4e-929b-9412fc5d6156,2025-10-10,20:14:30,2025-10-10T20:14:30Z,2025-10-10T20:14:30Z,NA,v3,471300,471300,NA,"Cowdrey, Vincent",1000469295,Right,GEO_PAT,7b734b7a-3d87-48c3-be09-be4d9df79078,53.79606,-120.17887,9.89637,6.01312,-0.77046,-14.44572,-2.11994,2.31784,-5.93215,NA,NA,NA,NA,NA,NA,NA,NA,NA,NA,NA,NA,NA,NA,NA,NA,NA,NA,NA,NA,NA,NA,NA,NA,NA,NA,NA,NA,NA,NA,NA,NA,NA,NA,NA,NA,NA,NA,NA,NA,NA,NA,NA,NA,NA,NA,NA,NA,NA,NA,High,High,High,NA,NA,NA,NA,NA,NA,NA,NA,NA,NA,NA,NA,NA,NA,NA,NA,NA,NA,NA,NA,NA,NA,NA,NA,NA,NA,NA,NA,NA,NA,NA,NA,NA,NA,NA,NA,NA,NA,NA,NA,NA,NA,NA,NA,NA,NA,NA,NA,NA,NA,NA,NA,NA,NA,NA,NA,NA
NA,NA,NA,NA,NA,NA,NA,NA,NA,NA,NA,NA,NA,NA,NA,NA,179,2025-10-10,16:14:49,4,6,"Parker, Aiden",10285505,Right,GEO_PAT,"Vaughan, Logan",1000232024,Left,GEO_PAT,Undefined,6,Top,2,3,2,Fastball,Four-Seam,FoulBallNotFieldable,Undefined,Undefined,Undefined,0,0,NA,86.72214,-1.529332,-2.396105,2076.952155,194.634554,12:30:00,6.04032,1.80962,6.66622,-18.718,17.59324,4.27536,3.07956,-0.02787,78.8746,-5.135635,-1.618429,0.433703,68.58174,65.224597,-131.522145,5009.857539,NA,NA,NA,NA,22.77532,NA,NA,-2.98642,10.11504,-1.6504,50,5.92986,5.11501,-125.94735,-3.82384,-4.76053,27.39647,-16.05014,GEO_PAT,GEO_PAT,SpuhlerFieldMain,TeamExclusive,Team,20251010-SpuhlerFieldMain-Private-2,c6193470-a615-11f0-9d1c-cb0542a47c13,86.90847,45.93681,NA,7.84753,NA,NA,NA,2.55328,3.25694,-0.01105,e373a8f3-b551-4f4e-929b-9412fc5d6156,2025-10-10,20:14:49,2025-10-10T20:14:49Z,2025-10-10T20:14:49Z,NA,v3,471300,471300,NA,"Cowdrey, Vincent",1000469295,Right,GEO_PAT,fe0f121d-551a-4988-92c1-a52cdc79be0e,53.83541,-126.7789,13.69824,6.03852,-3.33668,-8.02507,-1.80785,5.25951,-2.38027,14.51309,2.55328,-27.94294,-6.66982,3.10714,-0.91263,0.23113,-0.05565,0.01186,-0.00152,3.25694,91.32816,-29.9572,3.99972,-0.76594,0.12037,-0.01693,-8e-5,0.00093000000000000005,-0.01105,-31.55916,1.70003,0.41323,-0.24091,0.07975,-0.02148,0.00485,-5.2e-4,NA,NA,NA,NA,NA,NA,NA,NA,NA,NA,NA,NA,NA,NA,NA,NA,NA,NA,NA,NA,NA,NA,High,High,High,High,Undefined,NA,NA,NA,NA,NA,NA,NA,NA,NA,NA,NA,NA,NA,NA,NA,NA,NA,NA,NA,NA,NA,NA,NA,NA,NA,NA,NA,NA,NA,NA,NA,NA,NA,NA,NA,NA,NA,NA,NA,NA,NA,NA,NA,NA,NA,NA,NA,NA,NA,NA,NA,NA,NA,NA,NA
NA,NA,NA,NA,NA,NA,NA,NA,NA,NA,NA,NA,NA,NA,NA,NA,180,2025-10-10,16:15:13,4,7,"Parker, Aiden",10285505,Right,GEO_PAT,"Vaughan, Logan",1000232024,Left,GEO_PAT,Undefined,6,Top,2,3,2,Fastball,Sinker,InPlay,Undefined,LineDrive,Out,1,0,NA,86.65566,-2.046682,-3.144983,2054.154757,231.704976,01:45:00,6.09436,2.07275,6.92241,-23.90856,12.23863,13.91898,2.23477,0.36612,78.74522,-6.613107,-0.600194,0.432722,69.76357,23.682125,10.753603,2189.422146,108.42708,32.81604,18.53333,203.56061,197.29421,9.972947,3.18805,-8.4167,7.51748,-1.87993,50,5.95745,6.42463,-125.78875,-5.1114,-13.34425,28.00954,-20.25544,GEO_PAT,GEO_PAT,SpuhlerFieldMain,TeamExclusive,Team,20251010-SpuhlerFieldMain-Private-2,d4bc0020-a615-11f0-9d1c-cb0542a47c13,87.10551,32.91761,NA,7.91044,NA,NA,NA,2.55085,2.38468,-0.39011,e373a8f3-b551-4f4e-929b-9412fc5d6156,2025-10-10,20:15:13,2025-10-10T20:15:13Z,2025-10-10T20:15:13Z,LineDrive,v3,471300,471300,NA,"Cowdrey, Vincent",1000469295,Right,GEO_PAT,96e5a2f0-9032-49a5-a9c0-b0ad5ecd6bb5,53.5798,-126.58336,14.00477,6.09431,-4.53678,-10.12772,-2.06756,6.8032,-6.67212,171.443258,2.55059,92.06746,-16.79514,4.01721,-1.01578,0.31387,-0.09218,0.01724,-0.00135,2.38504,41.08462,-14.11245,-0.15729,0.48546,-0.27814,0.09732,-0.01747,0.00121,-0.39014,17.48465,-4.59089,1.63706,-0.47566,0.12371,-0.02835,0.00454,-3.3e-4,NA,NA,NA,NA,NA,NA,NA,NA,NA,NA,NA,NA,NA,NA,NA,NA,NA,NA,NA,NA,NA,NA,High,High,High,High,High,NA,NA,NA,NA,NA,NA,NA,NA,NA,NA,NA,NA,NA,NA,NA,NA,NA,NA,NA,NA,NA,NA,NA,NA,NA,NA,NA,NA,NA,NA,NA,NA,NA,NA,NA,NA,NA,NA,NA,NA,NA,NA,NA,NA,NA,NA,NA,NA,NA,NA,NA,NA,NA,NA,NA
NA,NA,NA,NA,NA,NA,NA,NA,NA,NA,NA,NA,NA,NA,NA,NA,181,2025-10-10,16:18:42,1,1,"Kaler, Tanner",822634,Left,GEO_PAT,"Cowdrey, Vincent",1000469295,Right,GEO_PAT,Undefined,6,Bottom,0,0,0,ChangeUp,Changeup,BallCalled,Undefined,Undefined,Undefined,0,0,NA,79.12574,0.134322,1.681829,1400.594862,97.363049,09:15:00,5.91675,-1.49054,5.36536,-42.18195,3.24902,-14.27772,2.5276,-1.10281,72.76519,-7.565348,-0.858146,0.485118,NA,NA,NA,NA,NA,NA,NA,NA,NA,NA,NA,7.62343,2.02728,1.34998,50,5.89883,-2.8027,-114.88187,-1.1674,10.20432,20.96512,-29.46042,GEO_PAT,GEO_PAT,SpuhlerFieldMain,TeamExclusive,Team,20251010-SpuhlerFieldMain-Private-2,50cf2750-a616-11f0-9d1c-cb0542a47c13,77.69747,NA,NA,6.36055,NA,NA,NA,NA,NA,NA,e373a8f3-b551-4f4e-929b-9412fc5d6156,2025-10-10,20:18:42,2025-10-10T20:18:42Z,2025-10-10T20:18:42Z,NA,v3,471300,471300,NA,"Vaughan, Logan",1000232024,Right,GEO_PAT,00739da6-d052-4336-aa1e-b595721280a5,55.13737,-115.81561,10.48256,5.9216,0.1447,-14.73021,1.48492,-3.25718,5.10216,NA,NA,NA,NA,NA,NA,NA,NA,NA,NA,NA,NA,NA,NA,NA,NA,NA,NA,NA,NA,NA,NA,NA,NA,NA,NA,NA,NA,NA,NA,NA,NA,NA,NA,NA,NA,NA,NA,NA,NA,NA,NA,NA,NA,NA,NA,NA,NA,NA,NA,High,High,High,NA,NA,NA,NA,NA,NA,NA,NA,NA,NA,NA,NA,NA,NA,NA,NA,NA,NA,NA,NA,NA,NA,NA,NA,NA,NA,NA,NA,NA,NA,NA,NA,NA,NA,NA,NA,NA,NA,NA,NA,NA,NA,NA,NA,NA,NA,NA,NA,NA,NA,NA,NA,NA,NA,NA,NA,NA
NA,NA,NA,NA,NA,NA,NA,NA,NA,NA,NA,NA,NA,NA,NA,NA,182,2025-10-10,16:18:59,1,2,"Kaler, Tanner",822634,Left,GEO_PAT,"Cowdrey, Vincent",1000469295,Right,GEO_PAT,Undefined,6,Bottom,0,1,0,Fastball,Changeup,InPlay,Undefined,GroundBall,Error,0,0,NA,86.05418,-2.012761,2.391535,1810.192617,125.526817,10:15:00,5.85828,-1.56331,5.42879,-26.34494,11.99839,-15.12922,1.77526,-0.58282,79.0667,-6.870476,-0.300617,0.445673,77.92928,-8.16937,-14.508969,NA,NA,NA,NA,14.0426,12.32617,-10.552403,0.109688,8.31343,6.94221,1.36217,50,5.66139,-4.57499,-124.83803,-5.29981,13.15769,24.44386,-21.18656,GEO_PAT,GEO_PAT,SpuhlerFieldMain,TeamExclusive,Team,20251010-SpuhlerFieldMain-Private-2,5b24b8f0-a616-11f0-9d1c-cb0542a47c13,84.57422,1.86479,NA,6.98747,NA,NA,NA,2.00596,1.86479,0.58603,e373a8f3-b551-4f4e-929b-9412fc5d6156,2025-10-10,20:18:59,2025-10-10T20:18:59Z,2025-10-10T20:18:59Z,GroundBall,v3,471300,471300,NA,"Vaughan, Logan",1000232024,Right,GEO_PAT,d3328d3c-da4f-4218-8c73-9ded7ec00072,55.07444,-125.8277,12.22193,5.8586,-4.44201,-10.59328,1.55819,-5.10772,6.57884,126.060047,2.00616,109.50374,-17.65974,NA,NA,NA,NA,NA,NA,1.86475,-16.23672,-6.97639,NA,NA,NA,NA,NA,NA,0.58612,-28.35504,-3.96427,NA,NA,NA,NA,NA,NA,NA,NA,NA,NA,NA,NA,NA,NA,NA,NA,NA,NA,NA,NA,NA,NA,NA,NA,NA,NA,NA,NA,High,High,High,High,High,NA,NA,NA,NA,NA,NA,NA,NA,NA,NA,NA,NA,NA,NA,NA,NA,NA,NA,NA,NA,NA,NA,NA,NA,NA,NA,NA,NA,NA,NA,NA,NA,NA,NA,NA,NA,NA,NA,NA,NA,NA,NA,NA,NA,NA,NA,NA,NA,NA,NA,NA,NA,NA,NA,NA
NA,NA,NA,NA,NA,NA,NA,NA,NA,NA,NA,NA,NA,NA,NA,NA,183,2025-10-10,16:20:08,2,1,"Kaler, Tanner",822634,Left,GEO_PAT,"Canody, Andrew",1000415298,Right,GEO_PAT,Undefined,6,Bottom,0,0,0,Slider,Slider,StrikeSwinging,Undefined,Undefined,Undefined,0,0,NA,76.7223,0.410588,1.699433,2180.432981,241.224132,02:00:00,5.92558,-1.52436,4.88903,-42.81349,6.62721,9.18087,2.7464,0.84891,70.298330000000007,-7.358194,3.316169,0.506074,NA,NA,NA,NA,NA,NA,NA,NA,NA,NA,NA,-4.03441,3.63984,1.34949,50,5.93013,-3.67671,-111.21672,-0.69151,-5.04106,20.39025,-27.62598,GEO_PAT,GEO_PAT,SpuhlerFieldMain,TeamExclusive,Team,20251010-SpuhlerFieldMain-Private-2,84862300-a616-11f0-9d1c-cb0542a47c13,74.48014,NA,NA,6.42397,NA,NA,NA,NA,NA,NA,e373a8f3-b551-4f4e-929b-9412fc5d6156,2025-10-10,20:20:08,2025-10-10T20:20:08Z,2025-10-10T20:20:08Z,NA,v3,471300,471300,NA,"Vaughan, Logan",1000232024,Right,GEO_PAT,89afe7b0-fbc7-4084-b55b-2163d1fab42f,55.61145,-112.2408,10.19512,5.93002,0.69597,-13.81299,1.5278,-3.42353,-2.52053,NA,NA,NA,NA,NA,NA,NA,NA,NA,NA,NA,NA,NA,NA,NA,NA,NA,NA,NA,NA,NA,NA,NA,NA,NA,NA,NA,NA,NA,NA,NA,NA,NA,NA,NA,NA,NA,NA,NA,NA,NA,NA,NA,NA,NA,NA,NA,NA,NA,NA,High,High,High,NA,NA,NA,NA,NA,NA,NA,NA,NA,NA,NA,NA,NA,NA,NA,NA,NA,NA,NA,NA,NA,NA,NA,NA,NA,NA,NA,NA,NA,NA,NA,NA,NA,NA,NA,NA,NA,NA,NA,NA,NA,NA,NA,NA,NA,NA,NA,NA,NA,NA,NA,NA,NA,NA,NA,NA,NA
NA,NA,NA,NA,NA,NA,NA,NA,NA,NA,NA,NA,NA,NA,NA,NA,184,2025-10-10,16:20:43,2,2,"Kaler, Tanner",822634,Left,GEO_PAT,"Canody, Andrew",1000415298,Right,GEO_PAT,Undefined,6,Bottom,0,0,1,Slider,Slider,InPlay,Undefined,Bunt,Sacrifice,1,0,NA,77.16693,-0.351942,1.28531,2293.630101,271.499721,03:00:00,5.87022,-1.50916,4.89164,-47.92337,1.24764,15.67438,1.54359,1.01314,70.56121,-9.003684,4.049726,0.504692,40.47722,-74.919167,12.70891,NA,NA,NA,NA,5.49692,5.49692,-6.769018,0.035949,-7.44142,1.11146,1.3689,50,5.7952,-3.13609,-111.86269,-2.36994,-9.32572,22.24174,-30.78117,GEO_PAT,GEO_PAT,SpuhlerFieldMain,TeamExclusive,Team,20251010-SpuhlerFieldMain-Private-2,99177cb0-a616-11f0-9d1c-cb0542a47c13,74.6841,2.07978,NA,6.60572,NA,NA,NA,4.91191,2.07978,-0.7712,e373a8f3-b551-4f4e-929b-9412fc5d6156,2025-10-10,20:20:43,2025-10-10T20:20:43Z,2025-10-10T20:20:43Z,GroundBall,v3,471300,471300,NA,"Vaughan, Logan",1000232024,Right,GEO_PAT,ef79896d-b4f3-45dc-b887-7303bab63b8f,55.6119,-112.973,11.12087,5.87515,-0.83335,-15.39058,1.51384,-2.67055,-4.66286,NA,4.9111,15.2074,NA,NA,NA,NA,NA,NA,NA,2.08286,-57.85357,NA,NA,NA,NA,NA,NA,NA,-0.77138,3.42962,NA,NA,NA,NA,NA,NA,NA,NA,NA,NA,NA,NA,NA,NA,NA,NA,NA,NA,NA,NA,NA,NA,NA,NA,NA,NA,NA,NA,NA,High,High,High,Estimated,Estimated,NA,NA,NA,NA,NA,NA,NA,NA,NA,NA,NA,NA,NA,NA,NA,NA,NA,NA,NA,NA,NA,NA,NA,NA,NA,NA,NA,NA,NA,NA,NA,NA,NA,NA,NA,NA,NA,NA,NA,NA,NA,NA,NA,NA,NA,NA,NA,NA,NA,NA,NA,NA,NA,NA,NA
NA,NA,NA,NA,NA,NA,NA,NA,NA,NA,NA,NA,NA,NA,NA,NA,185,2025-10-10,16:21:20,3,1,"Kaler, Tanner",822634,Left,GEO_PAT,"Smith, Cooper",1000469293,Right,GEO_PAT,Undefined,6,Bottom,1,0,0,Fastball,Sinker,BallCalled,Undefined,Undefined,Undefined,0,0,NA,87.18639,-2.187171,1.144518,1886.647166,125.838747,10:15:00,5.82183,-1.32397,5.32746,-26.35226,11.16812,-13.8302,1.57199,-1.40235,80.0581,-7.031442,-1.314151,0.440864,NA,NA,NA,NA,NA,NA,NA,NA,NA,NA,NA,7.23146,6.55996,1.23069,50,5.60508,-1.91382,-126.48509,-5.77339,11.73663,25.35385,-21.52723,GEO_PAT,GEO_PAT,SpuhlerFieldMain,TeamExclusive,Team,20251010-SpuhlerFieldMain-Private-2,af4ce970-a616-11f0-9d1c-cb0542a47c13,85.49668,NA,NA,7.1283,NA,NA,NA,NA,NA,NA,e373a8f3-b551-4f4e-929b-9412fc5d6156,2025-10-10,20:21:20,2025-10-10T20:21:20Z,2025-10-10T20:21:20Z,NA,v3,471300,471300,NA,"Vaughan, Logan",1000232024,Right,GEO_PAT,59db8f69-6e1a-4540-a64c-ac82eef28923,55.17401,-127.518,12.67693,5.82242,-4.89637,-10.76362,1.3184,-2.39197,5.86831,NA,NA,NA,NA,NA,NA,NA,NA,NA,NA,NA,NA,NA,NA,NA,NA,NA,NA,NA,NA,NA,NA,NA,NA,NA,NA,NA,NA,NA,NA,NA,NA,NA,NA,NA,NA,NA,NA,NA,NA,NA,NA,NA,NA,NA,NA,NA,NA,NA,NA,High,High,High,NA,NA,NA,NA,NA,NA,NA,NA,NA,NA,NA,NA,NA,NA,NA,NA,NA,NA,NA,NA,NA,NA,NA,NA,NA,NA,NA,NA,NA,NA,NA,NA,NA,NA,NA,NA,NA,NA,NA,NA,NA,NA,NA,NA,NA,NA,NA,NA,NA,NA,NA,NA,NA,NA,NA,NA,NA
NA,NA,NA,NA,NA,NA,NA,NA,NA,NA,NA,NA,NA,NA,NA,NA,186,2025-10-10,16:21:38,3,2,"Kaler, Tanner",822634,Left,GEO_PAT,"Smith, Cooper",1000469293,Right,GEO_PAT,Undefined,6,Bottom,1,1,0,Fastball,Changeup,InPlay,Undefined,FlyBall,Single,0,0,NA,84.0597,-1.272784,2.390017,2007.920517,125.205701,10:15:00,5.8504,-1.35762,5.09794,-27.5736,13.29855,-16.94639,2.3519,-0.51618,76.77315,-6.350196,-0.60629,0.460135,72.17441,28.748085,-13.398563,2485.405655,106.85369,46.58176,-26.12038,232.97199,232.97199,-15.067605,3.848733,9.193,7.36571,1.146,50,5.70884,-4.36138,-121.86479,-3.67732,13.79013,24.50657,-21.12496,GEO_PAT,GEO_PAT,SpuhlerFieldMain,TeamExclusive,Team,20251010-SpuhlerFieldMain-Private-2,ba029c70-a616-11f0-9d1c-cb0542a47c13,81.91606,48.72732,NA,7.28656,NA,NA,NA,2.0004,2.47338,0.49702,e373a8f3-b551-4f4e-929b-9412fc5d6156,2025-10-10,20:21:38,2025-10-10T20:21:38Z,2025-10-10T20:21:38Z,FlyBall,v3,471300,471300,NA,"Vaughan, Logan",1000232024,Right,GEO_PAT,1253d62f-80f0-4b4c-ad30-e045758fa6a0,55.40509,-122.94693,12.25328,5.85062,-2.7445,-10.56248,1.35203,-4.97031,6.89507,174.513845,1.99994,90.29465,-16.7598,3.98807,-0.92468,0.25424,-0.06556,0.01049,-7e-4,2.47442,50.88466,-14.47986,0.0519,0.33561,-0.2142,0.06942,-0.01099,6.7e-4,0.4971,-21.50796,2.94201,-0.70593,0.16312,-0.04416,0.01125,-0.00179,1.2e-4,NA,NA,NA,NA,NA,NA,NA,NA,NA,NA,NA,NA,NA,NA,NA,NA,NA,NA,NA,NA,NA,NA,High,High,High,High,High,NA,NA,NA,NA,NA,NA,NA,NA,NA,NA,NA,NA,NA,NA,NA,NA,NA,NA,NA,NA,NA,NA,NA,NA,NA,NA,NA,NA,NA,NA,NA,NA,NA,NA,NA,NA,NA,NA,NA,NA,NA,NA,NA,NA,NA,NA,NA,NA,NA,NA,NA,NA,NA,NA,NA
NA,NA,NA,NA,NA,NA,NA,NA,NA,NA,NA,NA,NA,NA,NA,NA,187,2025-10-10,16:22:18,4,1,"Kaler, Tanner",822634,Left,GEO_PAT,"Morse, Jackson",1000469270,Right,GEO_PAT,Undefined,6,Bottom,1,0,0,ChangeUp,Changeup,BallCalled,Undefined,Undefined,Undefined,0,0,NA,79.22242,-1.442278,3.136001,1479.625374,86.158074,08:45:00,5.84964,-1.45942,5.33824,-45.30636,0.24059,-17.85088,0.71865,-0.00185,73.02691,-9.655165,-0.03941,0.485737,NA,NA,NA,NA,NA,NA,NA,NA,NA,NA,NA,9.94953,0.86528,1.18977,50,5.68623,-5.60269,-114.88927,-4.44471,13.28761,21.4468,-31.01849,GEO_PAT,GEO_PAT,SpuhlerFieldMain,TeamExclusive,Team,20251010-SpuhlerFieldMain-Private-2,d1d3b7d0-a616-11f0-9d1c-cb0542a47c13,77.59845,NA,NA,6.19551,NA,NA,NA,NA,NA,NA,e373a8f3-b551-4f4e-929b-9412fc5d6156,2025-10-10,20:22:18,2025-10-10T20:22:18Z,2025-10-10T20:22:18Z,NA,v3,471300,471300,NA,"Vaughan, Logan",1000232024,Right,GEO_PAT,20b6e9df-e03b-4ff2-8e7a-2a5305a2dca7,55.16694,-115.84978,10.7234,5.85418,-3.05552,-15.50925,1.45402,-6.19779,6.6438,NA,NA,NA,NA,NA,NA,NA,NA,NA,NA,NA,NA,NA,NA,NA,NA,NA,NA,NA,NA,NA,NA,NA,NA,NA,NA,NA,NA,NA,NA,NA,NA,NA,NA,NA,NA,NA,NA,NA,NA,NA,NA,NA,NA,NA,NA,NA,NA,NA,NA,High,High,High,NA,NA,NA,NA,NA,NA,NA,NA,NA,NA,NA,NA,NA,NA,NA,NA,NA,NA,NA,NA,NA,NA,NA,NA,NA,NA,NA,NA,NA,NA,NA,NA,NA,NA,NA,NA,NA,NA,NA,NA,NA,NA,NA,NA,NA,NA,NA,NA,NA,NA,NA,NA,NA,NA,NA,NA,NA
NA,NA,NA,NA,NA,NA,NA,NA,NA,NA,NA,NA,NA,NA,NA,NA,188,2025-10-10,16:22:42,4,2,"Kaler, Tanner",822634,Left,GEO_PAT,"Morse, Jackson",1000469270,Right,GEO_PAT,Undefined,6,Bottom,1,1,0,Slider,Curveball,StrikeCalled,Undefined,Undefined,Undefined,0,0,NA,76.81567,0.916823,0.179751,2154.910016,291.800141,03:45:00,5.84662,-1.58557,4.78758,-51.87771,-2.38933,9.9454,2.39254,-0.58642,70.43808,-8.428802,1.931352,0.506318,NA,NA,NA,NA,NA,NA,NA,NA,NA,NA,NA,-4.82969,-0.95181,1.55848,50,5.89288,-0.76227,-111.41107,-0.10187,-6.04932,20.66357,-33.36624,GEO_PAT,GEO_PAT,SpuhlerFieldMain,TeamExclusive,Team,20251010-SpuhlerFieldMain-Private-2,e017e8c0-a616-11f0-9d1c-cb0542a47c13,74.44425,NA,NA,6.37759,NA,NA,NA,NA,NA,NA,e373a8f3-b551-4f4e-929b-9412fc5d6156,2025-10-10,20:22:42,2025-10-10T20:22:42Z,2025-10-10T20:22:42Z,NA,v3,471300,471300,NA,"Vaughan, Logan",1000232024,Right,GEO_PAT,7e04ce1c-0e8f-4a0a-8bcf-ff5e1c460177,55.715,-112.46604,10.33179,5.8546,1.60164,-16.68312,1.58951,-0.45342,-3.02466,NA,NA,NA,NA,NA,NA,NA,NA,NA,NA,NA,NA,NA,NA,NA,NA,NA,NA,NA,NA,NA,NA,NA,NA,NA,NA,NA,NA,NA,NA,NA,NA,NA,NA,NA,NA,NA,NA,NA,NA,NA,NA,NA,NA,NA,NA,NA,NA,NA,NA,High,High,High,NA,NA,NA,NA,NA,NA,NA,NA,NA,NA,NA,NA,NA,NA,NA,NA,NA,NA,NA,NA,NA,NA,NA,NA,NA,NA,NA,NA,NA,NA,NA,NA,NA,NA,NA,NA,NA,NA,NA,NA,NA,NA,NA,NA,NA,NA,NA,NA,NA,NA,NA,NA,NA,NA,NA,NA,NA
NA,NA,NA,NA,NA,NA,NA,NA,NA,NA,NA,NA,NA,NA,NA,NA,189,2025-10-10,16:22:59,4,3,"Kaler, Tanner",822634,Left,GEO_PAT,"Morse, Jackson",1000469270,Right,GEO_PAT,Undefined,6,Bottom,1,1,1,Slider,Slider,StrikeSwinging,Undefined,Undefined,Undefined,0,0,NA,77.92145,-0.15029,2.023198,2220.884826,285.545315,03:30:00,5.85102,-1.56691,5.20499,-48.0116,-0.14614,6.55126,1.70861,0.88269,70.91001,-8.879582,3.184851,0.497946,NA,NA,NA,NA,NA,NA,NA,NA,NA,NA,NA,-2.62335,0.46961,1.37437,50,5.80107,-4.25209,-112.89131,-1.95509,-3.33799,23.24008,-31.57653,GEO_PAT,GEO_PAT,SpuhlerFieldMain,TeamExclusive,Team,20251010-SpuhlerFieldMain-Private-2,ea3e5410-a616-11f0-9d1c-cb0542a47c13,75.69579,NA,NA,7.01144,NA,NA,NA,NA,NA,NA,e373a8f3-b551-4f4e-929b-9412fc5d6156,2025-10-10,20:22:59,2025-10-10T20:22:59Z,2025-10-10T20:22:59Z,NA,v3,471300,471300,NA,"Vaughan, Logan",1000232024,Right,GEO_PAT,e75943ac-15b5-4be0-bf7f-58c905bb9421,55.29577,-113.97629,11.62004,5.85793,-0.48091,-15.78826,1.56924,-4.09625,-1.669,NA,NA,NA,NA,NA,NA,NA,NA,NA,NA,NA,NA,NA,NA,NA,NA,NA,NA,NA,NA,NA,NA,NA,NA,NA,NA,NA,NA,NA,NA,NA,NA,NA,NA,NA,NA,NA,NA,NA,NA,NA,NA,NA,NA,NA,NA,NA,NA,NA,NA,High,High,High,NA,NA,NA,NA,NA,NA,NA,NA,NA,NA,NA,NA,NA,NA,NA,NA,NA,NA,NA,NA,NA,NA,NA,NA,NA,NA,NA,NA,NA,NA,NA,NA,NA,NA,NA,NA,NA,NA,NA,NA,NA,NA,NA,NA,NA,NA,NA,NA,NA,NA,NA,NA,NA,NA,NA,NA,NA
NA,NA,NA,NA,NA,NA,NA,NA,NA,NA,NA,NA,NA,NA,NA,NA,190,2025-10-10,16:23:20,4,4,"Kaler, Tanner",822634,Left,GEO_PAT,"Morse, Jackson",1000469270,Right,GEO_PAT,Undefined,6,Bottom,1,1,2,Slider,Slider,StrikeSwinging,Strikeout,Undefined,Undefined,0,0,NA,77.35142,1.509289,0.227617,2251.8776,269.572956,03:00:00,5.88929,-1.60708,5.21432,-46.23668,1.51382,9.83516,3.45586,-0.57344,71.14534,-6.905908,1.971517,0.497348,NA,NA,NA,NA,NA,NA,NA,NA,NA,NA,NA,-4.83126,0.81551,1.57842,50,5.9941,-0.83979,-112.29395,1.37217,-6.1885,19.73131,-31.12941,GEO_PAT,GEO_PAT,SpuhlerFieldMain,TeamExclusive,Team,20251010-SpuhlerFieldMain-Private-2,f6eb4330-a616-11f0-9d1c-cb0542a47c13,75.78685,NA,NA,6.20608,NA,NA,NA,NA,NA,NA,e373a8f3-b551-4f4e-929b-9412fc5d6156,2025-10-10,20:23:20,2025-10-10T20:23:20Z,2025-10-10T20:23:20Z,NA,v3,471300,471300,NA,"Vaughan, Logan",1000232024,Right,GEO_PAT,18ef8ec6-cf62-457b-96c0-c0353e972527,55.28793,-113.21929,9.86565,5.89552,2.83204,-15.56471,1.611,-0.54956,-3.09425,NA,NA,NA,NA,NA,NA,NA,NA,NA,NA,NA,NA,NA,NA,NA,NA,NA,NA,NA,NA,NA,NA,NA,NA,NA,NA,NA,NA,NA,NA,NA,NA,NA,NA,NA,NA,NA,NA,NA,NA,NA,NA,NA,NA,NA,NA,NA,NA,NA,NA,High,High,High,NA,NA,NA,NA,NA,NA,NA,NA,NA,NA,NA,NA,NA,NA,NA,NA,NA,NA,NA,NA,NA,NA,NA,NA,NA,NA,NA,NA,NA,NA,NA,NA,NA,NA,NA,NA,NA,NA,NA,NA,NA,NA,NA,NA,NA,NA,NA,NA,NA,NA,NA,NA,NA,NA,NA,NA,NA
NA,NA,NA,NA,NA,NA,NA,NA,NA,NA,NA,NA,NA,NA,NA,NA,191,2025-10-10,16:23:50,5,1,"Kaler, Tanner",822634,Left,GEO_PAT,"O'Hara, Austin",10144739,Right,GEO_PAT,Undefined,6,Bottom,2,0,0,ChangeUp,Changeup,BallCalled,Undefined,Undefined,Undefined,0,0,NA,80.38521,-2.086288,3.930151,1484.585336,95.906589,09:15:00,5.7805,-1.42629,5.38475,-40.82593,3.06331,-17.16851,0.4172,0.83286,74.63162,-9.48083,0.878427,0.476816,NA,NA,NA,NA,NA,NA,NA,NA,NA,NA,NA,9.76465,2.3798,1.0872,50,5.564,-7.345,-116.54356,-5.64821,13.5425,20.18346,-28.87355,GEO_PAT,GEO_PAT,SpuhlerFieldMain,TeamExclusive,Team,20251010-SpuhlerFieldMain-Private-2,08710a90-a617-11f0-9d1c-cb0542a47c13,79.05034,NA,NA,5.75358,NA,NA,NA,NA,NA,NA,e373a8f3-b551-4f4e-929b-9412fc5d6156,2025-10-10,20:23:50,2025-10-10T20:23:50Z,2025-10-10T20:23:50Z,NA,v3,471300,471300,NA,"Vaughan, Logan",1000232024,Right,GEO_PAT,cbffc2fe-8e6d-4afd-bc7e-7337161dd462,55.12112,-117.42711,10.09173,5.78359,-4.38425,-14.43678,1.42171,-7.93784,6.77125,NA,NA,NA,NA,NA,NA,NA,NA,NA,NA,NA,NA,NA,NA,NA,NA,NA,NA,NA,NA,NA,NA,NA,NA,NA,NA,NA,NA,NA,NA,NA,NA,NA,NA,NA,NA,NA,NA,NA,NA,NA,NA,NA,NA,NA,NA,NA,NA,NA,NA,High,High,High,NA,NA,NA,NA,NA,NA,NA,NA,NA,NA,NA,NA,NA,NA,NA,NA,NA,NA,NA,NA,NA,NA,NA,NA,NA,NA,NA,NA,NA,NA,NA,NA,NA,NA,NA,NA,NA,NA,NA,NA,NA,NA,NA,NA,NA,NA,NA,NA,NA,NA,NA,NA,NA,NA,NA,NA,NA
NA,NA,NA,NA,NA,NA,NA,NA,NA,NA,NA,NA,NA,NA,NA,NA,192,2025-10-10,16:24:31,5,2,"Kaler, Tanner",822634,Left,GEO_PAT,"O'Hara, Austin",10144739,Right,GEO_PAT,Undefined,6,Bottom,2,1,0,Slider,Curveball,FoulBallNotFieldable,Undefined,Undefined,Undefined,0,0,NA,76.97079,0.024621,0.656337,2194.678485,276.640342,03:15:00,5.90844,-1.47775,4.89737,-49.3855,0.26059,12.91733,1.81627,0.21955,69.9444,-8.915461,2.936249,0.507124,NA,NA,NA,NA,NA,NA,NA,NA,NA,NA,NA,-6.23264,0.53721,1.40177,50,5.86926,-1.79712,-111.52846,-1.68647,-7.7235,23.07896,-31.50835,GEO_PAT,GEO_PAT,SpuhlerFieldMain,TeamExclusive,Team,20251010-SpuhlerFieldMain-Private-2,20fdfbe0-a617-11f0-9d1c-cb0542a47c13,74.32593,NA,NA,7.02639,NA,NA,NA,NA,NA,NA,e373a8f3-b551-4f4e-929b-9412fc5d6156,2025-10-10,20:24:31,2025-10-10T20:24:31Z,2025-10-10T20:24:31Z,NA,v3,471300,471300,NA,"Vaughan, Logan",1000232024,Right,GEO_PAT,ce53706c-3407-40fa-a071-e64e52a0eef4,55.60517,-112.68239,11.53948,5.9142,-0.11108,-15.75418,1.48197,-1.41095,-3.86175,NA,NA,NA,NA,NA,NA,NA,NA,NA,NA,NA,NA,NA,NA,NA,NA,NA,NA,NA,NA,NA,NA,NA,NA,NA,NA,NA,NA,NA,NA,NA,NA,NA,NA,NA,NA,NA,NA,NA,NA,NA,NA,NA,NA,NA,NA,NA,NA,NA,NA,High,High,High,NA,NA,NA,NA,NA,NA,NA,NA,NA,NA,NA,NA,NA,NA,NA,NA,NA,NA,NA,NA,NA,NA,NA,NA,NA,NA,NA,NA,NA,NA,NA,NA,NA,NA,NA,NA,NA,NA,NA,NA,NA,NA,NA,NA,NA,NA,NA,NA,NA,NA,NA,NA,NA,NA,NA,NA,NA
NA,NA,NA,NA,NA,NA,NA,NA,NA,NA,NA,NA,NA,NA,NA,NA,193,2025-10-10,16:24:55,5,3,"Kaler, Tanner",822634,Left,GEO_PAT,"O'Hara, Austin",10144739,Right,GEO_PAT,Undefined,6,Bottom,2,1,1,Slider,Slider,InPlay,Undefined,FlyBall,Out,1,0,NA,77.24029,0.446221,0.614562,2308.019859,270.526609,03:00:00,5.84946,-1.60851,5.08523,-46.6727,1.29272,11.87709,2.38071,-0.03943,71.45369,-7.99781,2.716915,0.498466,70.15304,44.860292,13.705721,4967.395564,101.19612,77.17675,43.12012,208.3652,196.72895,29.466003,4.63022,-5.8078,0.87866,1.54032,50,5.85451,-1.66683,-112.20665,-0.73594,-7.44326,19.30432,-31.04798,GEO_PAT,GEO_PAT,SpuhlerFieldMain,TeamExclusive,Team,20251010-SpuhlerFieldMain-Private-2,2f23a850-a617-11f0-9d1c-cb0542a47c13,75.61687,77.66332,NA,5.7866,NA,NA,NA,2.15265,2.54996,0.07396,e373a8f3-b551-4f4e-929b-9412fc5d6156,2025-10-10,20:24:55,2025-10-10T20:24:55Z,2025-10-10T20:24:55Z,Popup,v3,471300,471300,NA,"Vaughan, Logan",1000232024,Right,GEO_PAT,2b2002f1-15ab-42ed-8fdc-2ef8ee87eaff,55.41944,-113.13518,9.65216,5.85399,0.75746,-15.52399,1.61189,-1.30881,-3.72163,211.728815,2.1569,70.75323,-16.15997,3.42697,-0.09223,-0.24539,0.08362,-0.01155,5.9e-4,2.54789,72.61677,-19.74723,1.29968,-0.10371,-0.05517,0.03336,-0.00664,4.5e-4,0.07256,17.31398,4.14742,-1.49295,0.23657,0.02227,-0.01648,0.00252,-1.3e-4,NA,NA,NA,NA,NA,NA,NA,NA,NA,NA,NA,NA,NA,NA,NA,NA,NA,NA,NA,NA,NA,NA,High,High,High,High,Medium,NA,NA,NA,NA,NA,NA,NA,NA,NA,NA,NA,NA,NA,NA,NA,NA,NA,NA,NA,NA,NA,NA,NA,NA,NA,NA,NA,NA,NA,NA,NA,NA,NA,NA,NA,NA,NA,NA,NA,NA,NA,NA,NA,NA,NA,NA,NA,NA,NA,NA,NA,NA,NA,NA,NA
NA,NA,NA,NA,NA,NA,NA,NA,NA,NA,NA,NA,NA,NA,NA,NA,194,2025-10-10,16:27:59,1,1,"Okeeffe, Shaun",1000297082,Left,GEO_PAT,"Ramsey, Caleb",1000469291,Right,GEO_PAT,Undefined,7,Top,0,0,0,Slider,Slider,BallCalled,Undefined,Undefined,Undefined,0,0,NA,78.40927,0.269219,0.287963,2353.823538,297.082503,04:00:00,5.46489,-1.95673,4.42438,-51.06184,-3.24626,9.15599,1.46661,-0.91897,72.43844,-8.835936,1.890673,0.497687,NA,NA,NA,NA,NA,NA,NA,NA,NA,NA,NA,-4.36441,-1.20425,1.91664,50,5.44321,-0.97128,-113.7685,-1.44986,-5.74167,20.13711,-33.75833,GEO_PAT,GEO_PAT,SpuhlerFieldMain,TeamExclusive,Team,20251010-SpuhlerFieldMain-Private-2,9cddde10-a617-11f0-9d1c-cb0542a47c13,75.73527,NA,NA,5.97083,NA,NA,NA,NA,NA,NA,e373a8f3-b551-4f4e-929b-9412fc5d6156,2025-10-10,20:27:59,2025-10-10T20:27:59Z,2025-10-10T20:27:59Z,NA,v3,471300,471300,NA,"Cowdrey, Vincent",1000469295,Right,GEO_PAT,1192561a-cf52-450d-89e4-0273eeddf8f2,56.07916,-114.83948,10.06856,5.47258,0.34555,-16.87917,1.96018,-0.66591,-2.87083,NA,NA,NA,NA,NA,NA,NA,NA,NA,NA,NA,NA,NA,NA,NA,NA,NA,NA,NA,NA,NA,NA,NA,NA,NA,NA,NA,NA,NA,NA,NA,NA,NA,NA,NA,NA,NA,NA,NA,NA,NA,NA,NA,NA,NA,NA,NA,NA,NA,NA,High,High,High,NA,NA,NA,NA,NA,NA,NA,NA,NA,NA,NA,NA,NA,NA,NA,NA,NA,NA,NA,NA,NA,NA,NA,NA,NA,NA,NA,NA,NA,NA,NA,NA,NA,NA,NA,NA,NA,NA,NA,NA,NA,NA,NA,NA,NA,NA,NA,NA,NA,NA,NA,NA,NA,NA,NA,NA,NA
NA,NA,NA,NA,NA,NA,NA,NA,NA,NA,NA,NA,NA,NA,NA,NA,195,2025-10-10,16:28:13,1,2,"Okeeffe, Shaun",1000297082,Left,GEO_PAT,"Ramsey, Caleb",1000469291,Right,GEO_PAT,Undefined,7,Top,0,1,0,Fastball,Changeup,StrikeCalled,Undefined,Undefined,Undefined,0,0,NA,81.88046,0.264259,4.286543,2126.684237,100.287024,09:15:00,5.6109,-1.74329,5.388,-38.28136,4.31323,-16.33359,2.66919,0.921,74.99422,-6.738681,1.390981,0.46973,NA,NA,NA,NA,NA,NA,NA,NA,NA,NA,NA,9.35402,2.51268,1.37125,50,5.60765,-8.21137,-118.59924,-0.7888,13.34374,22.35076,-28.58965,GEO_PAT,GEO_PAT,SpuhlerFieldMain,TeamExclusive,Team,20251010-SpuhlerFieldMain-Private-2,a5812bd0-a617-11f0-9d1c-cb0542a47c13,80.24271,NA,NA,6.88623,NA,NA,NA,NA,NA,NA,e373a8f3-b551-4f4e-929b-9412fc5d6156,2025-10-10,20:28:13,2025-10-10T20:28:13Z,2025-10-10T20:28:13Z,NA,v3,471300,471300,NA,"Cowdrey, Vincent",1000469295,Right,GEO_PAT,6e774991-8728-4673-a306-ac05765fdb47,55.11455,-119.55922,11.17538,5.61516,0.43914,-14.29482,1.73624,-8.7845,6.67187,NA,NA,NA,NA,NA,NA,NA,NA,NA,NA,NA,NA,NA,NA,NA,NA,NA,NA,NA,NA,NA,NA,NA,NA,NA,NA,NA,NA,NA,NA,NA,NA,NA,NA,NA,NA,NA,NA,NA,NA,NA,NA,NA,NA,NA,NA,NA,NA,NA,NA,High,High,High,NA,NA,NA,NA,NA,NA,NA,NA,NA,NA,NA,NA,NA,NA,NA,NA,NA,NA,NA,NA,NA,NA,NA,NA,NA,NA,NA,NA,NA,NA,NA,NA,NA,NA,NA,NA,NA,NA,NA,NA,NA,NA,NA,NA,NA,NA,NA,NA,NA,NA,NA,NA,NA,NA,NA,NA,NA
NA,NA,NA,NA,NA,NA,NA,NA,NA,NA,NA,NA,NA,NA,NA,NA,196,2025-10-10,16:28:30,1,3,"Okeeffe, Shaun",1000297082,Left,GEO_PAT,"Ramsey, Caleb",1000469291,Right,GEO_PAT,Undefined,7,Top,0,1,1,Slider,Curveball,InPlay,Undefined,GroundBall,Out,1,0,NA,79.34678,0.992226,2.050699,2447.845604,313.448054,04:30:00,5.43175,-1.87186,4.48778,-51.9844,-5.15146,6.97248,2.04605,0.66442,72.94323,-8.294759,3.270126,0.492546,61.79051,-68.291611,-63.309813,NA,NA,NA,NA,3.05977,3.05977,-26.957473,0.025774,-2.84461,-2.43784,1.64904,50,5.48558,-4.41911,-115.01577,-0.02305,-3.80717,21.50367,-35.43679,GEO_PAT,GEO_PAT,SpuhlerFieldMain,TeamExclusive,Team,20251010-SpuhlerFieldMain-Private-2,afd3d740-a617-11f0-9d1c-cb0542a47c13,76.52565,2.17916,NA,6.40355,NA,NA,NA,2.33763,2.17916,-0.61196,e373a8f3-b551-4f4e-929b-9412fc5d6156,2025-10-10,20:28:30,2025-10-10T20:28:30Z,2025-10-10T20:28:30Z,GroundBall,v3,471300,471300,NA,"Cowdrey, Vincent",1000469295,Right,GEO_PAT,35b80c38-4387-4ac3-be3e-243aa6e8f1bb,56.01663,-116.13521,10.75183,5.43877,1.82172,-17.7184,1.87393,-4.22092,-1.90359,NA,2.33737,15.11908,NA,NA,NA,NA,NA,NA,NA,2.18061,-84.54866,NA,NA,NA,NA,NA,NA,NA,-0.61145,-30.07377,NA,NA,NA,NA,NA,NA,NA,NA,NA,NA,NA,NA,NA,NA,NA,NA,NA,NA,NA,NA,NA,NA,NA,NA,NA,NA,NA,NA,NA,High,High,High,Estimated,Estimated,NA,NA,NA,NA,NA,NA,NA,NA,NA,NA,NA,NA,NA,NA,NA,NA,NA,NA,NA,NA,NA,NA,NA,NA,NA,NA,NA,NA,NA,NA,NA,NA,NA,NA,NA,NA,NA,NA,NA,NA,NA,NA,NA,NA,NA,NA,NA,NA,NA,NA,NA,NA,NA,NA,NA
NA,NA,NA,NA,NA,NA,NA,NA,NA,NA,NA,NA,NA,NA,NA,NA,197,2025-10-10,16:29:10,2,1,"Okeeffe, Shaun",1000297082,Left,GEO_PAT,"Bagnerise , Julius",1000469309,Right,GEO_PAT,Undefined,7,Top,1,0,0,Fastball,Changeup,StrikeCalled,Undefined,Undefined,Undefined,0,0,NA,83.30949,-0.676552,3.478359,2266.981703,92.154829,09:00:00,5.60564,-1.7459,5.38171,-39.15982,1.85823,-15.72229,1.7069,0.20868,76.64156,-7.810494,0.68492,0.460955,NA,NA,NA,NA,NA,NA,NA,NA,NA,NA,NA,8.8556,1.48976,1.44577,50,5.51716,-6.68931,-120.81514,-2.83316,13.12529,22.92347,-29.96597,GEO_PAT,GEO_PAT,SpuhlerFieldMain,TeamExclusive,Team,20251010-SpuhlerFieldMain-Private-2,c7403d60-a617-11f0-9d1c-cb0542a47c13,81.77026,NA,NA,6.66793,NA,NA,NA,NA,NA,NA,e373a8f3-b551-4f4e-929b-9412fc5d6156,2025-10-10,20:29:10,2025-10-10T20:29:10Z,2025-10-10T20:29:10Z,NA,v3,471300,471300,NA,"Cowdrey, Vincent",1000469295,Right,GEO_PAT,1eb3c7ef-2368-4efc-8708-38e804bd3ee3,55.12201,-121.78311,11.46174,5.61008,-1.56781,-14.98299,1.73993,-7.24354,6.56264,NA,NA,NA,NA,NA,NA,NA,NA,NA,NA,NA,NA,NA,NA,NA,NA,NA,NA,NA,NA,NA,NA,NA,NA,NA,NA,NA,NA,NA,NA,NA,NA,NA,NA,NA,NA,NA,NA,NA,NA,NA,NA,NA,NA,NA,NA,NA,NA,NA,NA,High,High,High,NA,NA,NA,NA,NA,NA,NA,NA,NA,NA,NA,NA,NA,NA,NA,NA,NA,NA,NA,NA,NA,NA,NA,NA,NA,NA,NA,NA,NA,NA,NA,NA,NA,NA,NA,NA,NA,NA,NA,NA,NA,NA,NA,NA,NA,NA,NA,NA,NA,NA,NA,NA,NA,NA,NA,NA,NA
NA,NA,NA,NA,NA,NA,NA,NA,NA,NA,NA,NA,NA,NA,NA,NA,198,2025-10-10,16:29:59,2,2,"Okeeffe, Shaun",1000297082,Left,GEO_PAT,"Bagnerise , Julius",1000469309,Right,GEO_PAT,Undefined,7,Top,1,0,1,Fastball,Changeup,BallCalled,Undefined,Undefined,Undefined,0,0,NA,83.23847,0.858438,3.855736,2270.430838,95.093245,09:15:00,5.56084,-1.89552,5.22992,-38.9651,2.03236,-9.93969,3.12265,0.90639,77.01206,-6.215664,2.098695,0.46084,NA,NA,NA,NA,NA,NA,NA,NA,NA,NA,NA,5.9,1.16437,1.54742,50,5.61077,-7.71627,-120.7285,0.38365,8.81929,20.68694,-30.43356,GEO_PAT,GEO_PAT,SpuhlerFieldMain,TeamExclusive,Team,20251010-SpuhlerFieldMain-Private-2,e439feb0-a617-11f0-9d1c-cb0542a47c13,81.79077,NA,NA,6.2264,NA,NA,NA,NA,NA,NA,e373a8f3-b551-4f4e-929b-9412fc5d6156,2025-10-10,20:29:59,2025-10-10T20:29:59Z,2025-10-10T20:29:59Z,NA,v3,471300,471300,NA,"Cowdrey, Vincent",1000469295,Right,GEO_PAT,8b23f050-2389-46e3-a8a4-9f96484fbf4f,55.27387,-121.62883,10.34347,5.56525,1.70816,-15.21678,1.89159,-8.10009,4.40965,NA,NA,NA,NA,NA,NA,NA,NA,NA,NA,NA,NA,NA,NA,NA,NA,NA,NA,NA,NA,NA,NA,NA,NA,NA,NA,NA,NA,NA,NA,NA,NA,NA,NA,NA,NA,NA,NA,NA,NA,NA,NA,NA,NA,NA,NA,NA,NA,NA,NA,High,High,High,NA,NA,NA,NA,NA,NA,NA,NA,NA,NA,NA,NA,NA,NA,NA,NA,NA,NA,NA,NA,NA,NA,NA,NA,NA,NA,NA,NA,NA,NA,NA,NA,NA,NA,NA,NA,NA,NA,NA,NA,NA,NA,NA,NA,NA,NA,NA,NA,NA,NA,NA,NA,NA,NA,NA,NA,NA
NA,NA,NA,NA,NA,NA,NA,NA,NA,NA,NA,NA,NA,NA,NA,NA,199,2025-10-10,16:30:12,2,3,"Okeeffe, Shaun",1000297082,Left,GEO_PAT,"Bagnerise , Julius",1000469309,Right,GEO_PAT,Undefined,7,Top,1,1,1,Fastball,Changeup,FoulBallNotFieldable,Undefined,Undefined,Undefined,0,0,NA,83.50741,-0.071311,2.580718,2274.208458,94.344614000000007,09:15:00,5.62919,-1.77245,5.35171,-38.69687,1.9726,-10.14071,2.3375,-0.19525,77.02791,-7.119806,0.778947,0.458993,81.70306,35.963559,-41.02964,5915.561844,72.61795,64.08801,-82.62327,251.25002,161.57091,-58.171936,4.399172,5.79272,1.34413,1.5476,50,5.59483,-5.04508,-121.23942,-1.54333,8.67555,22.32541,-30.16099,GEO_PAT,GEO_PAT,SpuhlerFieldMain,TeamExclusive,Team,20251010-SpuhlerFieldMain-Private-2,ec053bf0-a617-11f0-9d1c-cb0542a47c13,82.11993,69.37809,NA,6.4795,NA,NA,NA,1.03008,2.36853,-0.19388,e373a8f3-b551-4f4e-929b-9412fc5d6156,2025-10-10,20:30:12,2025-10-10T20:30:12Z,2025-10-10T20:30:12Z,FlyBall,v3,471300,471300,NA,"Cowdrey, Vincent",1000469295,Right,GEO_PAT,382a56d1-84ba-44b6-b9dd-dae25cc8c10f,55.15224,-122.18448,11.1627,5.63314,-0.26657,-15.0805,1.76893,-5.41233,4.33778,137.889414,1.02942,73.19111,-23.32454,7.01909,-2.12773,0.66437,-0.17289,0.027,-0.00173,2.37055,70.3208,-20.6928,0.87383,0.51683,-0.34498,0.1026,-0.01456,7.8e-4,-0.19617,-63.6173,4.19168,0.67154,-0.6828,0.26466,-0.05584,0.00562,-1.9e-4,NA,NA,NA,NA,NA,NA,NA,NA,NA,NA,NA,NA,NA,NA,NA,NA,NA,NA,NA,NA,NA,NA,High,High,High,High,Medium,NA,NA,NA,NA,NA,NA,NA,NA,NA,NA,NA,NA,NA,NA,NA,NA,NA,NA,NA,NA,NA,NA,NA,NA,NA,NA,NA,NA,NA,NA,NA,NA,NA,NA,NA,NA,NA,NA,NA,NA,NA,NA,NA,NA,NA,NA,NA,NA,NA,NA,NA,NA,NA,NA,NA
NA,NA,NA,NA,NA,NA,NA,NA,NA,NA,NA,NA,NA,NA,NA,NA,200,2025-10-10,16:30:35,2,4,"Okeeffe, Shaun",1000297082,Left,GEO_PAT,"Bagnerise , Julius",1000469309,Right,GEO_PAT,Undefined,7,Top,1,1,2,Fastball,Changeup,InPlay,Undefined,GroundBall,Single,0,0,NA,82.38444,-0.361567,2.934335,2157.514948,117.394166,10:00:00,5.60029,-1.79212,5.43539,-34.98801,7.75056,-11.85012,2.34557,-0.02921,74.09387,-6.835416,0.827223,0.470524,97.99905,1.652831,6.178777,960.973187,NA,NA,NA,58.43399,53.52205,6.305559,0.42029300000000003,6.98178,4.45607,1.54067,50,5.54431,-5.62285,-119.24061,-1.93522,9.85092,27.20585,-25.88675,GEO_PAT,GEO_PAT,SpuhlerFieldMain,TeamExclusive,Team,20251010-SpuhlerFieldMain-Private-2,f9d6ade0-a617-11f0-9d1c-cb0542a47c13,80.10744,2.62649,NA,8.29058,NA,NA,NA,2.22883,2.45731,0.03539,e373a8f3-b551-4f4e-929b-9412fc5d6156,2025-10-10,20:30:35,2025-10-10T20:30:35Z,2025-10-10T20:30:35Z,GroundBall,v3,471300,471300,NA,"Cowdrey, Vincent",1000469295,Right,GEO_PAT,19aeeb2d-8c36-4e50-878d-e9fb50e6204d,55.06485,-120.39066,13.60293,5.60299,-0.84093,-12.94338,1.78717,-6.03927,4.92546,346.193179,2.24297,142.38548,-22.75448,NA,NA,NA,NA,NA,NA,2.4716,3.68791,-22.84308,NA,NA,NA,NA,NA,NA,0.03482,15.48215,-0.69909,NA,NA,NA,NA,NA,NA,NA,NA,NA,NA,NA,NA,NA,NA,NA,NA,NA,NA,NA,NA,NA,NA,NA,NA,NA,NA,NA,NA,High,High,High,High,High,NA,NA,NA,NA,NA,NA,NA,NA,NA,NA,NA,NA,NA,NA,NA,NA,NA,NA,NA,NA,NA,NA,NA,NA,NA,NA,NA,NA,NA,NA,NA,NA,NA,NA,NA,NA,NA,NA,NA,NA,NA,NA,NA,NA,NA,NA,NA,NA,NA,NA,NA,NA,NA,NA,NA
NA,NA,NA,NA,NA,NA,NA,NA,NA,NA,NA,NA,NA,NA,NA,NA,201,2025-10-10,16:31:12,3,1,"Okeeffe, Shaun",1000297082,Left,GEO_PAT,"Butler, Jake",1000136500,Right,GEO_PAT,Undefined,7,Top,1,0,0,Fastball,Changeup,BallCalled,Undefined,Undefined,Undefined,0,0,NA,84.20369,1.496687,1.565806,2246.330293,101.855186,09:30:00,5.6347,-1.83218,5.31609,-35.97837,4.74622,-15.86946,4.04212,-1.68462,76.10959,-5.128554,-1.251298,0.459303,NA,NA,NA,NA,NA,NA,NA,NA,NA,NA,NA,8.33221,2.37618,1.70175,50,5.74489,-2.62884,-122.00765,1.88493,12.4241,26.4208,-28.63092,GEO_PAT,GEO_PAT,SpuhlerFieldMain,TeamExclusive,Team,20251010-SpuhlerFieldMain-Private-2,0fb17780-a618-11f0-9d1c-cb0542a47c13,82.06436,NA,NA,8.09409,NA,NA,NA,NA,NA,NA,e373a8f3-b551-4f4e-929b-9412fc5d6156,2025-10-10,20:31:12,2025-10-10T20:31:12Z,2025-10-10T20:31:12Z,NA,v3,471300,471300,NA,"Cowdrey, Vincent",1000469295,Right,GEO_PAT,ac4a3ce7-16eb-41a5-ab1f-c1f14a018333,55.18299,-123.12491,13.2104,5.63958,3.09565,-14.31546,1.82402,-3.15422,6.21205,NA,NA,NA,NA,NA,NA,NA,NA,NA,NA,NA,NA,NA,NA,NA,NA,NA,NA,NA,NA,NA,NA,NA,NA,NA,NA,NA,NA,NA,NA,NA,NA,NA,NA,NA,NA,NA,NA,NA,NA,NA,NA,NA,NA,NA,NA,NA,NA,NA,NA,High,High,High,NA,NA,NA,NA,NA,NA,NA,NA,NA,NA,NA,NA,NA,NA,NA,NA,NA,NA,NA,NA,NA,NA,NA,NA,NA,NA,NA,NA,NA,NA,NA,NA,NA,NA,NA,NA,NA,NA,NA,NA,NA,NA,NA,NA,NA,NA,NA,NA,NA,NA,NA,NA,NA,NA,NA,NA,NA
NA,NA,NA,NA,NA,NA,NA,NA,NA,NA,NA,NA,NA,NA,NA,NA,202,2025-10-10,16:31:48,3,2,"Okeeffe, Shaun",1000297082,Left,GEO_PAT,"Butler, Jake",1000136500,Right,GEO_PAT,Undefined,7,Top,1,1,0,Fastball,Changeup,StrikeSwinging,Undefined,Undefined,Undefined,0,0,NA,83.12111,1.947494,3.016706,2227.82649,97.719161,09:15:00,5.62066,-1.82563,5.32086,-38.45557,3.28933,-13.79954,4.24699,-0.14178,75.28011,-5.113456,0.570935,0.465021,NA,NA,NA,NA,NA,NA,NA,NA,NA,NA,NA,7.75225,1.52,1.56233,50,5.76987,-5.7424,-120.34392,2.71377,11.28448,24.97198,-29.96149,GEO_PAT,GEO_PAT,SpuhlerFieldMain,TeamExclusive,Team,20251010-SpuhlerFieldMain-Private-2,2593e240-a618-11f0-9d1c-cb0542a47c13,81.05527,NA,NA,7.841,NA,NA,NA,NA,NA,NA,e373a8f3-b551-4f4e-929b-9412fc5d6156,2025-10-10,20:31:48,2025-10-10T20:31:48Z,2025-10-10T20:31:48Z,NA,v3,471300,471300,NA,"Cowdrey, Vincent",1000469295,Right,GEO_PAT,2858a02e-e5a5-40e3-84d3-772288c27ff3,55.17931,-121.4139,12.48599,5.62609,3.99753,-14.98075,1.81873,-6.22591,5.64224,NA,NA,NA,NA,NA,NA,NA,NA,NA,NA,NA,NA,NA,NA,NA,NA,NA,NA,NA,NA,NA,NA,NA,NA,NA,NA,NA,NA,77.54249,NA,0.702106,NA,-1.87545,3.93851,0.11328,-0.53356,6.14313,1.43607,NA,NA,NA,-0.40042,111.97613,-11.68368,6.13018,4.56621,-9.54724,1.39327,1.20258,2.68762,High,High,High,NA,NA,High,High,Medium,NA,NA,NA,NA,NA,NA,NA,NA,NA,NA,NA,NA,NA,NA,NA,NA,NA,NA,NA,NA,NA,NA,NA,NA,NA,NA,NA,NA,NA,NA,NA,NA,NA,NA,NA,NA,NA,NA,NA,NA,NA,NA,NA,NA,NA,NA,NA,NA,NA,NA,NA,NA
NA,NA,NA,NA,NA,NA,NA,NA,NA,NA,NA,NA,NA,NA,NA,NA,203,2025-10-10,16:32:19,3,3,"Okeeffe, Shaun",1000297082,Left,GEO_PAT,"Butler, Jake",1000136500,Right,GEO_PAT,Undefined,7,Top,1,1,1,Slider,Curveball,StrikeSwinging,Undefined,Undefined,Undefined,0,0,NA,79.08631,1.885121,1.129411,2432.608039,319.575877,04:45:00,5.43785,-1.91734,4.70403,-51.98668,-5.0754,5.61122,2.89611,-0.37748,72.27503,-7.469735,2.114875,0.492958,NA,NA,NA,NA,NA,NA,NA,NA,NA,NA,NA,-2.3991,-2.4963,1.79763,50,5.58245,-2.50569,-114.6063,1.78004,-3.17946,21.88702,-35.48229,GEO_PAT,GEO_PAT,SpuhlerFieldMain,TeamExclusive,Team,20251010-SpuhlerFieldMain-Private-2,3825e980-a618-11f0-9d1c-cb0542a47c13,76.46173,NA,NA,6.81128,NA,NA,NA,NA,NA,NA,e373a8f3-b551-4f4e-929b-9412fc5d6156,2025-10-10,20:32:19,2025-10-10T20:32:19Z,2025-10-10T20:32:19Z,NA,v3,471300,471300,NA,"Cowdrey, Vincent",1000469295,Right,GEO_PAT,5397f837-d28f-4206-a4f8-9d33011d64b4,55.79773,-115.70823,10.94351,5.44787,3.56644,-17.74115,1.91975,-2.34562,-1.58973,NA,NA,NA,NA,NA,NA,NA,NA,NA,NA,NA,NA,NA,NA,NA,NA,NA,NA,NA,NA,NA,NA,NA,NA,NA,NA,NA,NA,NA,NA,NA,NA,NA,NA,NA,NA,NA,NA,NA,NA,NA,NA,NA,NA,NA,NA,NA,NA,NA,NA,High,High,High,NA,NA,NA,NA,NA,NA,NA,NA,NA,NA,NA,NA,NA,NA,NA,NA,NA,NA,NA,NA,NA,NA,NA,NA,NA,NA,NA,NA,NA,NA,NA,NA,NA,NA,NA,NA,NA,NA,NA,NA,NA,NA,NA,NA,NA,NA,NA,NA,NA,NA,NA,NA,NA,NA,NA,NA,NA
NA,NA,NA,NA,NA,NA,NA,NA,NA,NA,NA,NA,NA,NA,NA,NA,204,2025-10-10,16:33:03,3,4,"Okeeffe, Shaun",1000297082,Left,GEO_PAT,"Butler, Jake",1000136500,Right,GEO_PAT,Undefined,7,Top,1,1,2,Fastball,Changeup,InPlay,Undefined,LineDrive,Single,0,1,NA,81.25247,0.171678,2.397133,2186.685072,114.676103,09:45:00,5.49272,-1.85599,5.63081,-35.65396,7.31185,-12.81729,2.68189,-0.68604,74.06162,-6.417544,0.10867,0.471773,93.97457,13.174937,-3.253345,1178.753506,109.99915,19.78232,0.3192,238.14578,238.14578,3.365159,2.410388,7.263,4.0424,1.66041,50,5.48444,-4.43489,-117.88594,-0.80771,10.16109,23.6298,-26.51865,GEO_PAT,GEO_PAT,SpuhlerFieldMain,TeamExclusive,Team,20251010-SpuhlerFieldMain-Private-2,52275260-a618-11f0-9d1c-cb0542a47c13,79.89535,20.40124,NA,7.19085,NA,NA,NA,2.87645,2.82617,0.69409,e373a8f3-b551-4f4e-929b-9412fc5d6156,2025-10-10,20:33:03,2025-10-10T20:33:03Z,2025-10-10T20:33:03Z,LineDrive,v3,471300,471300,NA,"Cowdrey, Vincent",1000469295,Right,GEO_PAT,7e9f5bbf-7cca-4345-ae16-c2665ef136fb,54.87192,-118.85848,11.8149,5.49522,0.28373,-13.25932,1.85155,-4.85309,5.08054,232.492368,2.87648,133.98268,-22.57269,4.46339,-0.7209,0.04302,0.01683,-0.00535,5.4e-4,2.82613,31.41864,-14.454650000000001,0.45511,-0.21665,0.19764,-0.086,0.01945,-0.00179,0.69403,-7.60989,10.30536,-3.17035,0.46243,0.13905,-0.10172,0.02515,-0.00238,NA,NA,NA,NA,NA,NA,NA,NA,NA,NA,NA,NA,NA,NA,NA,NA,NA,NA,NA,NA,NA,NA,High,High,High,High,High,NA,NA,NA,NA,NA,NA,NA,NA,NA,NA,NA,NA,NA,NA,NA,NA,NA,NA,NA,NA,NA,NA,NA,NA,NA,NA,NA,NA,NA,NA,NA,NA,NA,NA,NA,NA,NA,NA,NA,NA,NA,NA,NA,NA,NA,NA,NA,NA,NA,NA,NA,NA,NA,NA,NA
NA,NA,NA,NA,NA,NA,NA,NA,NA,NA,NA,NA,NA,NA,NA,NA,205,2025-10-10,16:33:43,4,1,"Okeeffe, Shaun",1000297082,Left,GEO_PAT,"Terilli, Lucas",1000469290,Left,GEO_PAT,Undefined,7,Top,1,0,0,Slider,Curveball,StrikeCalled,Undefined,Undefined,Undefined,0,0,NA,78.80588,2.573428,1.419152,2427.616197,313.544864,04:30:00,5.49905,-1.94973,4.69239,-52.74385,-4.91347,6.96008,3.54952,-0.022,71.1669,-6.951388,2.640159,0.497764,NA,NA,NA,NA,NA,NA,NA,NA,NA,NA,NA,-2.9304,-2.69012,1.79899,50,5.71322,-3.12857,-113.98633,3.12145,-3.79865,23.83004,-35.66124,GEO_PAT,GEO_PAT,SpuhlerFieldMain,TeamExclusive,Team,20251010-SpuhlerFieldMain-Private-2,69cffe30-a618-11f0-9d1c-cb0542a47c13,75.72355,NA,NA,7.63898,NA,NA,NA,NA,NA,NA,e373a8f3-b551-4f4e-929b-9412fc5d6156,2025-10-10,20:33:43,2025-10-10T20:33:43Z,2025-10-10T20:33:43Z,NA,v3,471300,471300,NA,"Cowdrey, Vincent",1000469295,Right,GEO_PAT,3ecac9a3-dd53-4e35-9f05-a6b8604ac534,55.80821,-115.19419,11.91502,5.5092,4.92901,-17.83062,1.95269,-2.93603,-1.89933,NA,NA,NA,NA,NA,NA,NA,NA,NA,NA,NA,NA,NA,NA,NA,NA,NA,NA,NA,NA,NA,NA,NA,NA,NA,NA,NA,NA,78.17724,NA,0.724941,NA,-1.08371,3.23373,-0.09452,0.8246,5.93069,-0.76843,NA,NA,NA,0.95694,112.83025,-10.73073,5.91933,5.87749,-9.7199,-0.79744,-4.31623,1.88528,High,High,High,NA,NA,High,High,Medium,NA,NA,NA,NA,NA,NA,NA,NA,NA,NA,NA,NA,NA,NA,NA,NA,NA,NA,NA,NA,NA,NA,NA,NA,NA,NA,NA,NA,NA,NA,NA,NA,NA,NA,NA,NA,NA,NA,NA,NA,NA,NA,NA,NA,NA,NA,NA,NA,NA,NA,NA,NA
NA,NA,NA,NA,NA,NA,NA,NA,NA,NA,NA,NA,NA,NA,NA,NA,206,2025-10-10,16:34:11,4,2,"Okeeffe, Shaun",1000297082,Left,GEO_PAT,"Terilli, Lucas",1000469290,Left,GEO_PAT,Undefined,7,Top,1,0,1,Slider,Curveball,StrikeSwinging,Undefined,Undefined,Undefined,0,0,NA,78.6828,-0.107892,2.614097,2497.756018,307.313661,04:15:00,5.3622,-2.04404,4.59505,-52.65463,-4.59886,8.21871,0.87158,1.12903,71.73661,-9.534589,4.054453,0.498935,NA,NA,NA,NA,NA,NA,NA,NA,NA,NA,NA,-3.215,-1.8189,1.7658,50,5.30185,-5.54805,-113.87243,-2.20402,-4.16251,23.63371,-34.52898,GEO_PAT,GEO_PAT,SpuhlerFieldMain,TeamExclusive,Team,20251010-SpuhlerFieldMain-Private-2,7a83cf90-a618-11f0-9d1c-cb0542a47c13,75.54576,NA,NA,6.94619,NA,NA,NA,NA,NA,NA,e373a8f3-b551-4f4e-929b-9412fc5d6156,2025-10-10,20:34:11,2025-10-10T20:34:11Z,2025-10-10T20:34:11Z,NA,v3,471300,471300,NA,"Cowdrey, Vincent",1000469295,Right,GEO_PAT,9404b422-0b9f-487e-b190-33fed6ab609c,55.90788,-115.09205,11.81685,5.36961,-0.42215,-17.26449,2.04656,-5.33325,-2.08126,NA,NA,NA,NA,NA,NA,NA,NA,NA,NA,NA,NA,NA,NA,NA,NA,NA,NA,NA,NA,NA,NA,NA,NA,NA,NA,NA,NA,NA,NA,NA,NA,NA,NA,NA,NA,NA,NA,NA,NA,NA,NA,NA,NA,NA,NA,NA,NA,NA,NA,High,High,High,NA,NA,NA,NA,NA,NA,NA,NA,NA,NA,NA,NA,NA,NA,NA,NA,NA,NA,NA,NA,NA,NA,NA,NA,NA,NA,NA,NA,NA,NA,NA,NA,NA,NA,NA,NA,NA,NA,NA,NA,NA,NA,NA,NA,NA,NA,NA,NA,NA,NA,NA,NA,NA,NA,NA,NA,NA
NA,NA,NA,NA,NA,NA,NA,NA,NA,NA,NA,NA,NA,NA,NA,NA,207,2025-10-10,16:34:34,4,3,"Okeeffe, Shaun",1000297082,Left,GEO_PAT,"Terilli, Lucas",1000469290,Left,GEO_PAT,Undefined,7,Top,1,0,2,Slider,Curveball,BallCalled,Undefined,Undefined,Undefined,1,0,NA,79.53587,1.538531,2.660437,2417.234104,314.009494,04:30:00,5.40735,-1.95747,4.71096,-51.7794,-4.86087,6.74359,2.55462,1.13146,72.06343,-7.791822,3.842954,0.492996,NA,NA,NA,NA,NA,NA,NA,NA,NA,NA,NA,-2.43705,-2.35579,1.68165,50,5.51704,-5.6411,-115.03963,1.11572,-3.21873,24.21714,-35.28543,GEO_PAT,GEO_PAT,SpuhlerFieldMain,TeamExclusive,Team,20251010-SpuhlerFieldMain-Private-2,885b8310-a618-11f0-9d1c-cb0542a47c13,76.45586,NA,NA,7.47244,NA,NA,NA,NA,NA,NA,e373a8f3-b551-4f4e-929b-9412fc5d6156,2025-10-10,20:34:34,2025-10-10T20:34:34Z,2025-10-10T20:34:34Z,NA,v3,471300,471300,NA,"Cowdrey, Vincent",1000469295,Right,GEO_PAT,234c57fb-4e0d-4b7c-b813-6c51dffdf69e,55.78986,-116.25207,12.10857,5.41696,2.88229,-17.64271,1.96004,-5.47995,-1.60936,NA,NA,NA,NA,NA,NA,NA,NA,NA,NA,NA,NA,NA,NA,NA,NA,NA,NA,NA,NA,NA,NA,NA,NA,NA,NA,NA,NA,79.60181,1.54613,0.721203,0.824927,-0.28774,2.31603,-1.24651,-0.99162,5.49285,-4.47299,63.52007,-0.16742,-61.25729,-0.98099,83.48036,-6.46225,5.51275,5.07592,-14.59114,-4.52396,-80.27952,14.17174,High,High,High,NA,NA,High,High,High,NA,NA,NA,NA,NA,NA,NA,NA,NA,NA,NA,NA,NA,NA,NA,NA,NA,NA,NA,NA,NA,NA,NA,NA,NA,NA,NA,NA,NA,NA,NA,NA,NA,NA,NA,NA,NA,NA,NA,NA,NA,NA,NA,NA,NA,NA,NA,NA,NA,NA,NA,NA
NA,NA,NA,NA,NA,NA,NA,NA,NA,NA,NA,NA,NA,NA,NA,NA,208,2025-10-10,16:35:03,4,4,"Okeeffe, Shaun",1000297082,Left,GEO_PAT,"Terilli, Lucas",1000469290,Left,GEO_PAT,Undefined,7,Top,2,1,2,Fastball,Changeup,BallCalled,Undefined,Undefined,Undefined,0,0,NA,84.52949,1.470763,3.072138,2339.768263,99.530922,09:15:00,5.65113,-1.71418,5.26805,-36.68175,3.86583,-14.58583,3.97828,-0.04086,76.36683,-5.268056,0.489133,0.458304,NA,NA,NA,NA,NA,NA,NA,NA,NA,NA,NA,8.16894,1.92858,1.44384,50,5.75924,-5.91697,-122.35538,1.79924,12.25554,26.47461,-29.28067,GEO_PAT,GEO_PAT,SpuhlerFieldMain,TeamExclusive,Team,20251010-SpuhlerFieldMain-Private-2,99a5c810-a618-11f0-9d1c-cb0542a47c13,82.24327,NA,NA,8.16267,NA,NA,NA,NA,NA,NA,e373a8f3-b551-4f4e-929b-9412fc5d6156,2025-10-10,20:35:03,2025-10-10T20:35:03Z,2025-10-10T20:35:03Z,NA,v3,471300,471300,NA,"Cowdrey, Vincent",1000469295,Right,GEO_PAT,7b166dc9-fb70-40c8-9a18-ae94ed314926,55.23164,-123.48219,13.2373,5.65614,3.04547,-14.64034,1.70677,-6.43859,6.12777,NA,NA,NA,NA,NA,NA,NA,NA,NA,NA,NA,NA,NA,NA,NA,NA,NA,NA,NA,NA,NA,NA,NA,NA,NA,NA,NA,NA,NA,NA,NA,NA,NA,NA,NA,NA,NA,NA,NA,NA,NA,NA,NA,NA,NA,NA,NA,NA,NA,NA,High,High,High,NA,NA,NA,NA,NA,NA,NA,NA,NA,NA,NA,NA,NA,NA,NA,NA,NA,NA,NA,NA,NA,NA,NA,NA,NA,NA,NA,NA,NA,NA,NA,NA,NA,NA,NA,NA,NA,NA,NA,NA,NA,NA,NA,NA,NA,NA,NA,NA,NA,NA,NA,NA,NA,NA,NA,NA,NA
NA,NA,NA,NA,NA,NA,NA,NA,NA,NA,NA,NA,NA,NA,NA,NA,209,2025-10-10,16:35:19,4,5,"Okeeffe, Shaun",1000297082,Left,GEO_PAT,"Terilli, Lucas",1000469290,Left,GEO_PAT,Undefined,7,Top,2,2,2,Slider,Curveball,InPlay,Undefined,GroundBall,Out,1,0,NA,79.97044,0.96595,1.864507,2481.882694,313.047907,04:30:00,5.50097,-1.95867,4.61175,-50.97574,-4.54536,6.59485,2.17207,0.36444,72.6438,-8.198123,3.020826,0.490425,94.96071,1.411978,-27.895078,3258.399839,NA,NA,NA,65.83486,59.28488,-30.528646,0.501417,-2.64225,-2.09394,1.76015,50,5.55318,-4.05717,-115.77506,-0.01312,-3.53973,24.23182,-34.97922,GEO_PAT,GEO_PAT,SpuhlerFieldMain,TeamExclusive,Team,20251010-SpuhlerFieldMain-Private-2,a3062440-a618-11f0-9d1c-cb0542a47c13,76.8567,2.26456,NA,7.32664,NA,NA,NA,1.02768,2.07684,-0.3539,e373a8f3-b551-4f4e-929b-9412fc5d6156,2025-10-10,20:35:19,2025-10-10T20:35:19Z,2025-10-10T20:35:19Z,GroundBall,v3,471300,471300,NA,"Cowdrey, Vincent",1000469295,Right,GEO_PAT,0176f38e-f9d3-40e2-a1cc-2bfc3a2047a0,55.89033,-117.00142,12.11591,5.50905,1.75716,-17.48961,1.96095,-3.87803,-1.76987,93.491856,1.05325,122.36981,-22.77931,NA,NA,NA,NA,NA,NA,2.08401,3.2401,-14.77891,NA,NA,NA,NA,NA,NA,-0.34368,-65.41836,-1.21658,NA,NA,NA,NA,NA,NA,NA,NA,NA,NA,NA,NA,NA,NA,NA,NA,NA,NA,NA,NA,NA,NA,NA,NA,NA,NA,NA,NA,High,High,High,High,High,NA,NA,NA,NA,NA,NA,NA,NA,NA,NA,NA,NA,NA,NA,NA,NA,NA,NA,NA,NA,NA,NA,NA,NA,NA,NA,NA,NA,NA,NA,NA,NA,NA,NA,NA,NA,NA,NA,NA,NA,NA,NA,NA,NA,NA,NA,NA,NA,NA,NA,NA,NA,NA,NA,NA
NA,NA,NA,NA,NA,NA,NA,NA,NA,NA,NA,NA,NA,NA,NA,NA,210,2025-10-10,16:38:41,1,1,"Thomas, Parker",814826,Right,GEO_PAT,"Clyne , Owen",1000230336,Left,GEO_PAT,Undefined,7,Bottom,0,0,0,Sinker,Changeup,StrikeCalled,Undefined,Undefined,Undefined,0,0,NA,86.28817,-1.264644,-3.462045,1834.608822,243.596689,02:00:00,5.67066,2.70703,6.60965,-26.60734,9.69949,17.37966,2.29265,0.98021,79.57915,-6.266564,-0.304356,0.433676,NA,NA,NA,NA,NA,NA,NA,NA,NA,NA,NA,-10.04686,5.76516,-2.47771,50,5.57326,6.95254,-125.38889,-3.53114,-16.1116,23.62528,-22.92881,GEO_PAT,GEO_PAT,SpuhlerFieldMain,TeamExclusive,Team,20251010-SpuhlerFieldMain-Private-2,1b7fd100-a619-11f0-9d1c-cb0542a47c13,86.91376,NA,NA,6.70901,NA,NA,NA,NA,NA,NA,e373a8f3-b551-4f4e-929b-9412fc5d6156,2025-10-10,20:38:41,2025-10-10T20:38:41Z,2025-10-10T20:38:41Z,NA,v3,471300,471300,NA,"Vaughan, Logan",1000232024,Right,GEO_PAT,f824f79f-06e5-4f6c-a54d-30370019f013,53.89428,-126.1205,11.81264,5.67162,-2.8211,-11.4644,-2.70073,7.45148,-8.0558,NA,NA,NA,NA,NA,NA,NA,NA,NA,NA,NA,NA,NA,NA,NA,NA,NA,NA,NA,NA,NA,NA,NA,NA,NA,NA,NA,NA,NA,NA,NA,NA,NA,NA,NA,NA,NA,NA,NA,NA,NA,NA,NA,NA,NA,NA,NA,NA,NA,NA,High,High,High,NA,NA,NA,NA,NA,NA,NA,NA,NA,NA,NA,NA,NA,NA,NA,NA,NA,NA,NA,NA,NA,NA,NA,NA,NA,NA,NA,NA,NA,NA,NA,NA,NA,NA,NA,NA,NA,NA,NA,NA,NA,NA,NA,NA,NA,NA,NA,NA,NA,NA,NA,NA,NA,NA,NA,NA,NA
NA,NA,NA,NA,NA,NA,NA,NA,NA,NA,NA,NA,NA,NA,NA,NA,211,2025-10-10,16:38:54,1,2,"Thomas, Parker",814826,Right,GEO_PAT,"Clyne , Owen",1000230336,Left,GEO_PAT,Undefined,7,Bottom,0,0,1,Fastball,Sinker,BallCalled,Undefined,Undefined,Undefined,0,0,NA,89.93315,-0.810972,-3.006509,1856.280951,258.277972,02:30:00,5.73592,2.58711,6.11649,-29.10261,4.85638,18.72214,2.55978,1.36487,83.09002,-6.202809,0.366527,0.41942,NA,NA,NA,NA,NA,NA,NA,NA,NA,NA,NA,-10.43418,3.01563,-2.36601,50,5.65833,6.10135,-130.71248,-2.83922,-18.22454,25.08995,-26.906860000000002,GEO_PAT,GEO_PAT,SpuhlerFieldMain,TeamExclusive,Team,20251010-SpuhlerFieldMain-Private-2,23966f20-a619-11f0-9d1c-cb0542a47c13,89.86806,NA,NA,6.84313,NA,NA,NA,NA,NA,NA,e373a8f3-b551-4f4e-929b-9412fc5d6156,2025-10-10,20:38:54,2025-10-10T20:38:54Z,2025-10-10T20:38:54Z,NA,v3,471300,471300,NA,"Vaughan, Logan",1000232024,Right,GEO_PAT,1ba37be6-6167-42c5-8c34-f5992c32004b,54.38818,-131.55208,12.54497,5.73828,-1.93882,-13.453430000000001,-2.58039,6.71121,-9.11227,NA,NA,NA,NA,NA,NA,NA,NA,NA,NA,NA,NA,NA,NA,NA,NA,NA,NA,NA,NA,NA,NA,NA,NA,NA,NA,NA,NA,NA,NA,NA,NA,NA,NA,NA,NA,NA,NA,NA,NA,NA,NA,NA,NA,NA,NA,NA,NA,NA,NA,High,High,High,NA,NA,NA,NA,NA,NA,NA,NA,NA,NA,NA,NA,NA,NA,NA,NA,NA,NA,NA,NA,NA,NA,NA,NA,NA,NA,NA,NA,NA,NA,NA,NA,NA,NA,NA,NA,NA,NA,NA,NA,NA,NA,NA,NA,NA,NA,NA,NA,NA,NA,NA,NA,NA,NA,NA,NA,NA
NA,NA,NA,NA,NA,NA,NA,NA,NA,NA,NA,NA,NA,NA,NA,NA,212,2025-10-10,16:39:11,1,3,"Thomas, Parker",814826,Right,GEO_PAT,"Clyne , Owen",1000230336,Left,GEO_PAT,Undefined,7,Bottom,0,1,1,Fastball,Sinker,FoulBallNotFieldable,Undefined,Undefined,Undefined,0,0,NA,89.53704,-0.707276,-3.571247,1878.126735,244.329406,02:15:00,5.74395,2.54635,6.20691,-25.40659,8.67583,16.07009,2.9726,0.58485,82.83172,-5.441947,-0.675403,0.420181,75.28538,12.283607,-164.915465,1342.288687,NA,NA,NA,125.57048,50.4298,-166.343236,1.313634,-9.22225,4.96508,-2.28581,50,5.67779,7.48167,-130.10287,-2.42666,-16.00818,24.04152,-23.55557,GEO_PAT,GEO_PAT,SpuhlerFieldMain,TeamExclusive,Team,20251010-SpuhlerFieldMain-Private-2,2d4eaf50-a619-11f0-9d1c-cb0542a47c13,89.70523,9.4646,NA,6.70532,NA,NA,NA,0.49569,2.78624,-0.45961,e373a8f3-b551-4f4e-929b-9412fc5d6156,2025-10-10,20:39:11,2025-10-10T20:39:11Z,2025-10-10T20:39:11Z,LineDrive,v3,471300,471300,NA,"Vaughan, Logan",1000232024,Right,GEO_PAT,3810d2c2-50a1-4ed5-94ff-b1548addc138,54.29764,-130.89461,12.02076,5.74493,-1.65092,-11.77779,-2.54088,8.00886,-8.00409,39.051467,0.43782,-103.55661,7.8964,NA,NA,NA,NA,NA,NA,2.93576,21.92674,-18.4711,NA,NA,NA,NA,NA,NA,-0.52045,-27.4321,4.03385,NA,NA,NA,NA,NA,NA,NA,NA,NA,NA,NA,NA,NA,NA,NA,NA,NA,NA,NA,NA,NA,NA,NA,NA,NA,NA,NA,NA,High,High,High,High,Medium,NA,NA,NA,NA,NA,NA,NA,NA,NA,NA,NA,NA,NA,NA,NA,NA,NA,NA,NA,NA,NA,NA,NA,NA,NA,NA,NA,NA,NA,NA,NA,NA,NA,NA,NA,NA,NA,NA,NA,NA,NA,NA,NA,NA,NA,NA,NA,NA,NA,NA,NA,NA,NA,NA,NA
NA,NA,NA,NA,NA,NA,NA,NA,NA,NA,NA,NA,NA,NA,NA,NA,213,2025-10-10,16:39:39,1,4,"Thomas, Parker",814826,Right,GEO_PAT,"Clyne , Owen",1000230336,Left,GEO_PAT,Undefined,7,Bottom,0,1,2,ChangeUp,Changeup,BallCalled,Undefined,Undefined,Undefined,0,0,NA,83.37479,0.834552,-1.033919,1500.757751,249.100056,02:15:00,5.78426,2.5306,6.70304,-31.68439,7.3641,16.01414,3.90717,2.91962,76.07251,-5.150964,1.885268,0.449752,NA,NA,NA,NA,NA,NA,NA,NA,NA,NA,NA,-8.68926,4.04713,-2.46708,50,5.8275,1.60861,-121.24373,0.88757,-12.87658,24.69141,-26.17658,GEO_PAT,GEO_PAT,SpuhlerFieldMain,TeamExclusive,Team,20251010-SpuhlerFieldMain-Private-2,3e0280b0-a619-11f0-9d1c-cb0542a47c13,83.80709,NA,NA,7.30228,NA,NA,NA,NA,NA,NA,e373a8f3-b551-4f4e-929b-9412fc5d6156,2025-10-10,20:39:39,2025-10-10T20:39:39Z,2025-10-10T20:39:39Z,NA,v3,471300,471300,NA,"Vaughan, Logan",1000232024,Right,GEO_PAT,3b91b17a-18d5-4ab1-9d87-b50896626c37,53.79824,-122.01479,12.34571,5.78702,1.70501,-13.08829,-2.5236,2.01072,-6.43829,NA,NA,NA,NA,NA,NA,NA,NA,NA,NA,NA,NA,NA,NA,NA,NA,NA,NA,NA,NA,NA,NA,NA,NA,NA,NA,NA,NA,NA,NA,NA,NA,NA,NA,NA,NA,NA,NA,NA,NA,NA,NA,NA,NA,NA,NA,NA,NA,NA,NA,High,High,High,NA,NA,NA,NA,NA,NA,NA,NA,NA,NA,NA,NA,NA,NA,NA,NA,NA,NA,NA,NA,NA,NA,NA,NA,NA,NA,NA,NA,NA,NA,NA,NA,NA,NA,NA,NA,NA,NA,NA,NA,NA,NA,NA,NA,NA,NA,NA,NA,NA,NA,NA,NA,NA,NA,NA,NA,NA
NA,NA,NA,NA,NA,NA,NA,NA,NA,NA,NA,NA,NA,NA,NA,NA,214,2025-10-10,16:39:56,1,5,"Thomas, Parker",814826,Right,GEO_PAT,"Clyne , Owen",1000230336,Left,GEO_PAT,Undefined,7,Bottom,0,2,2,Cutter,Slider,BallCalled,Undefined,Undefined,Undefined,0,0,NA,81.51734,-1.445128,-4.901952,2133.188756,122.27112,10:00:00,5.67439,2.74528,5.76201,-36.34951,6.51701,-8.07512,1.29492,-2.50156,74.59622,-8.110725,-6.338153,0.471227,NA,NA,NA,NA,NA,NA,NA,NA,NA,NA,NA,2.62906,4.19595,-2.33318,50,5.53229,10.42491,-117.86439,-4.15695,3.66767,24.13444,-26.32045,GEO_PAT,GEO_PAT,SpuhlerFieldMain,TeamExclusive,Team,20251010-SpuhlerFieldMain-Private-2,487c6330-a619-11f0-9d1c-cb0542a47c13,79.98781,NA,NA,6.92111,NA,NA,NA,NA,NA,NA,e373a8f3-b551-4f4e-929b-9412fc5d6156,2025-10-10,20:39:56,2025-10-10T20:39:56Z,2025-10-10T20:39:56Z,NA,v3,471300,471300,NA,"Vaughan, Logan",1000232024,Right,GEO_PAT,a1cbed59-5b3c-4c53-be69-549ff9c8023f,54.73852,-118.83071,12.06722,5.67763,-3.1031,-13.16022,-2.74764,10.27806,1.83384,NA,NA,NA,NA,NA,NA,NA,NA,NA,NA,NA,NA,NA,NA,NA,NA,NA,NA,NA,NA,NA,NA,NA,NA,NA,NA,NA,NA,NA,NA,NA,NA,NA,NA,NA,NA,NA,NA,NA,NA,NA,NA,NA,NA,NA,NA,NA,NA,NA,NA,High,High,High,NA,NA,NA,NA,NA,NA,NA,NA,NA,NA,NA,NA,NA,NA,NA,NA,NA,NA,NA,NA,NA,NA,NA,NA,NA,NA,NA,NA,NA,NA,NA,NA,NA,NA,NA,NA,NA,NA,NA,NA,NA,NA,NA,NA,NA,NA,NA,NA,NA,NA,NA,NA,NA,NA,NA,NA,NA
NA,NA,NA,NA,NA,NA,NA,NA,NA,NA,NA,NA,NA,NA,NA,NA,215,2025-10-10,16:40:21,1,6,"Thomas, Parker",814826,Right,GEO_PAT,"Clyne , Owen",1000230336,Left,GEO_PAT,Undefined,7,Bottom,0,3,2,Fastball,Changeup,InPlay,Undefined,GroundBall,Out,1,0,NA,87.66282,-1.469787,-3.556015,1653.4453,246.262846,02:15:00,5.75502,2.50962,6.29695,-26.88072,9.19406,18.15292,2.15769,0.7414,79.84001,-6.51571,-0.277307,0.432288,80.86241,3.870974,-9.081506,1184.498516,NA,NA,NA,85.88932,82.96125,-11.910851,0.779086,-10.57245,5.56197,-2.25661,50,5.63371,7.20385,-127.16748,-4.09121,-17.19791,27.69415,-23.12656,GEO_PAT,GEO_PAT,SpuhlerFieldMain,TeamExclusive,Team,20251010-SpuhlerFieldMain-Private-2,577d2d60-a619-11f0-9d1c-cb0542a47c13,87.19289,3.34002,NA,7.82281,NA,NA,NA,1.62938,2.22196,-0.7953,e373a8f3-b551-4f4e-929b-9412fc5d6156,2025-10-10,20:40:21,2025-10-10T20:40:21Z,2025-10-10T20:40:21Z,GroundBall,v3,471300,471300,NA,"Vaughan, Logan",1000232024,Right,GEO_PAT,d64ff26a-e203-474a-b6ac-c313b3de6fce,54.20652,-128.08028,13.84707,5.75599,-3.32895,-11.56328,-2.5034,7.7707,-8.59896,109.508145,1.67497,116.05042,-13.32869,NA,NA,NA,NA,NA,NA,2.23694,7.7491,-13.65539,NA,NA,NA,NA,NA,NA,-0.77222,-19.08186,-3.47448,NA,NA,NA,NA,NA,NA,NA,NA,NA,NA,NA,NA,NA,NA,NA,NA,NA,NA,NA,NA,NA,NA,NA,NA,NA,NA,NA,NA,High,High,High,High,High,NA,NA,NA,NA,NA,NA,NA,NA,NA,NA,NA,NA,NA,NA,NA,NA,NA,NA,NA,NA,NA,NA,NA,NA,NA,NA,NA,NA,NA,NA,NA,NA,NA,NA,NA,NA,NA,NA,NA,NA,NA,NA,NA,NA,NA,NA,NA,NA,NA,NA,NA,NA,NA,NA,NA
NA,NA,NA,NA,NA,NA,NA,NA,NA,NA,NA,NA,NA,NA,NA,NA,216,2025-10-10,16:40:54,2,1,"Thomas, Parker",814826,Right,GEO_PAT,"Alberti, Lucas",1000145512,Right,GEO_PAT,Undefined,7,Bottom,1,0,0,Sweeper,Curveball,BallCalled,Undefined,Undefined,Undefined,0,0,NA,76.63121,-1.361167,-2.210432,2305.221408,75.893,08:30:00,5.70263,2.74273,5.54649,-51.53109,-3.05799,-18.2117,0.1351,-0.84173,70.85475,-10.680172,-5.462159,0.501097,NA,NA,NA,NA,NA,NA,NA,NA,NA,NA,NA,8.70197,-0.82532,-2.53835,50,5.54992,4.9508,-111.21637,-4.29976,10.82248,21.25734,-33.20049,GEO_PAT,GEO_PAT,SpuhlerFieldMain,TeamExclusive,Team,20251010-SpuhlerFieldMain-Private-2,6b3df0a0-a619-11f0-9d1c-cb0542a47c13,75.21985,NA,NA,5.77646,NA,NA,NA,NA,NA,NA,e373a8f3-b551-4f4e-929b-9412fc5d6156,2025-10-10,20:40:54,2025-10-10T20:40:54Z,2025-10-10T20:40:54Z,NA,v3,471300,471300,NA,"Vaughan, Logan",1000232024,Right,GEO_PAT,28e69298-648d-4a53-988a-da8fd3c1acd9,54.95917,-112.16023,10.62867,5.70811,-2.82559,-16.60024,-2.7475,4.47027,5.41124,NA,NA,NA,NA,NA,NA,NA,NA,NA,NA,NA,NA,NA,NA,NA,NA,NA,NA,NA,NA,NA,NA,NA,NA,NA,NA,NA,NA,NA,NA,NA,NA,NA,NA,NA,NA,NA,NA,NA,NA,NA,NA,NA,NA,NA,NA,NA,NA,NA,NA,High,High,High,NA,NA,NA,NA,NA,NA,NA,NA,NA,NA,NA,NA,NA,NA,NA,NA,NA,NA,NA,NA,NA,NA,NA,NA,NA,NA,NA,NA,NA,NA,NA,NA,NA,NA,NA,NA,NA,NA,NA,NA,NA,NA,NA,NA,NA,NA,NA,NA,NA,NA,NA,NA,NA,NA,NA,NA,NA
NA,NA,NA,NA,NA,NA,NA,NA,NA,NA,NA,NA,NA,NA,NA,NA,217,2025-10-10,16:41:13,2,2,"Thomas, Parker",814826,Right,GEO_PAT,"Alberti, Lucas",1000145512,Right,GEO_PAT,Undefined,7,Bottom,1,1,0,Sweeper,Slider,StrikeCalled,Undefined,Undefined,Undefined,0,0,NA,77.04407,-0.155615,-2.22878,2311.377844,81.893743,08:45:00,5.67975,2.78119,5.27384,-48.81912,-0.8278,-15.55099,1.46521,-0.60933,71.49007,-8.974187,-4.987107,0.498601,NA,NA,NA,NA,NA,NA,NA,NA,NA,NA,NA,7.26823,-0.01878,-2.56531,50,5.62916,4.9453,-111.87944,-1.94847,9.24437,19.52675,-32.19795,GEO_PAT,GEO_PAT,SpuhlerFieldMain,TeamExclusive,Team,20251010-SpuhlerFieldMain-Private-2,75ffffb0-a619-11f0-9d1c-cb0542a47c13,75.59647,NA,NA,5.554,NA,NA,NA,NA,NA,NA,e373a8f3-b551-4f4e-929b-9412fc5d6156,2025-10-10,20:41:13,2025-10-10T20:41:13Z,2025-10-10T20:41:13Z,NA,v3,471300,471300,NA,"Vaughan, Logan",1000232024,Right,GEO_PAT,431d72da-3bda-4b79-9f14-2dc23ce2f3d9,55.23139,-112.78879,9.76337,5.68498,-0.44902,-16.09897,-2.78559,4.51478,4.62219,NA,NA,NA,NA,NA,NA,NA,NA,NA,NA,NA,NA,NA,NA,NA,NA,NA,NA,NA,NA,NA,NA,NA,NA,NA,NA,NA,NA,NA,NA,NA,NA,NA,NA,NA,NA,NA,NA,NA,NA,NA,NA,NA,NA,NA,NA,NA,NA,NA,NA,High,High,High,NA,NA,NA,NA,NA,NA,NA,NA,NA,NA,NA,NA,NA,NA,NA,NA,NA,NA,NA,NA,NA,NA,NA,NA,NA,NA,NA,NA,NA,NA,NA,NA,NA,NA,NA,NA,NA,NA,NA,NA,NA,NA,NA,NA,NA,NA,NA,NA,NA,NA,NA,NA,NA,NA,NA,NA,NA
NA,NA,NA,NA,NA,NA,NA,NA,NA,NA,NA,NA,NA,NA,NA,NA,218,2025-10-10,16:41:29,2,3,"Thomas, Parker",814826,Right,GEO_PAT,"Alberti, Lucas",1000145512,Right,GEO_PAT,Undefined,7,Bottom,1,1,1,Cutter,Slider,InPlay,Undefined,GroundBall,Out,1,0,NA,83.11912,-0.592165,-2.259329,2139.578744,179.462902,12:00:00,5.67906,2.57861,6.21598,-32.46632,6.89067,-0.05484,2.42659,0.48787,77.39695,-6.602441,-2.269225,0.451526,96.65211,-3.868676,-1.257483,NA,NA,NA,NA,27.98389,26.09092,-2.218052,0.191992,-0.50205,4.02551,-2.40918,50,5.6181,4.77319,-120.93369,-2.23846,-0.75482,20.22583,-26.12194,GEO_PAT,GEO_PAT,SpuhlerFieldMain,TeamExclusive,Team,20251010-SpuhlerFieldMain-Private-2,7fee4400-a619-11f0-9d1c-cb0542a47c13,83.47797,2.501,NA,5.72217,NA,NA,NA,1.55552,2.501,-0.53639,e373a8f3-b551-4f4e-929b-9412fc5d6156,2025-10-10,20:41:29,2025-10-10T20:41:29Z,2025-10-10T20:41:29Z,GroundBall,v3,471300,471300,NA,"Vaughan, Logan",1000232024,Right,GEO_PAT,1d397072-f30c-4e31-b746-82e4939f5237,54.28849,-121.64881,10.11292,5.68092,-1.31487,-13.06097,-2.57842,4.79988,-0.37741,346.078477,1.55657,141.32668,-19.75804,NA,NA,NA,NA,NA,NA,2.5017,-9.61253,-17.82854,NA,NA,NA,NA,NA,NA,-0.53649,-3.09694,1.30565,NA,NA,NA,NA,NA,NA,NA,NA,NA,NA,NA,NA,NA,NA,NA,NA,NA,NA,NA,NA,NA,NA,NA,NA,NA,NA,NA,NA,High,High,High,High,High,NA,NA,NA,NA,NA,NA,NA,NA,NA,NA,NA,NA,NA,NA,NA,NA,NA,NA,NA,NA,NA,NA,NA,NA,NA,NA,NA,NA,NA,NA,NA,NA,NA,NA,NA,NA,NA,NA,NA,NA,NA,NA,NA,NA,NA,NA,NA,NA,NA,NA,NA,NA,NA,NA,NA
NA,NA,NA,NA,NA,NA,NA,NA,NA,NA,NA,NA,NA,NA,NA,NA,219,2025-10-10,16:42:00,3,1,"Thomas, Parker",814826,Right,GEO_PAT,"Westley, Matthew",824016,Right,GEO_PAT,Undefined,7,Bottom,2,0,0,Fastball,Sinker,BallCalled,Undefined,Undefined,Undefined,0,0,NA,90.90543,-2.301443,-5.528338,1829.412295,232.291408,01:45:00,5.7459,2.45683,6.25408,-20.28273,13.1002,15.63635,1.92218,-1.35433,83.6363,-6.115341,-2.720977,0.415847,NA,NA,NA,NA,NA,NA,NA,NA,NA,NA,NA,-9.50634,7.69827,-2.05226,50,5.56392,12.09493,-131.56788,-5.92943,-16.80012,25.76239,-18.56922,GEO_PAT,GEO_PAT,SpuhlerFieldMain,TeamExclusive,Team,20251010-SpuhlerFieldMain-Private-2,92416d80-a619-11f0-9d1c-cb0542a47c13,90.64015,NA,NA,7.26913,NA,NA,NA,NA,NA,NA,e373a8f3-b551-4f4e-929b-9412fc5d6156,2025-10-10,20:42:00,2025-10-10T20:42:00Z,2025-10-10T20:42:00Z,NA,v3,471300,471300,NA,"Vaughan, Logan",1000232024,Right,GEO_PAT,24aae9e7-ca6c-4441-96e9-dc68b0f59f22,54.24898,-132.39726,12.88119,5.74518,-5.33162,-9.28461,-2.45035,12.63578,-8.40006,NA,NA,NA,NA,NA,NA,NA,NA,NA,NA,NA,NA,NA,NA,NA,NA,NA,NA,NA,NA,NA,NA,NA,NA,NA,NA,NA,NA,NA,NA,NA,NA,NA,NA,NA,NA,NA,NA,NA,NA,NA,NA,NA,NA,NA,NA,NA,NA,NA,NA,High,High,High,NA,NA,NA,NA,NA,NA,NA,NA,NA,NA,NA,NA,NA,NA,NA,NA,NA,NA,NA,NA,NA,NA,NA,NA,NA,NA,NA,NA,NA,NA,NA,NA,NA,NA,NA,NA,NA,NA,NA,NA,NA,NA,NA,NA,NA,NA,NA,NA,NA,NA,NA,NA,NA,NA,NA,NA,NA
NA,NA,NA,NA,NA,NA,NA,NA,NA,NA,NA,NA,NA,NA,NA,NA,220,2025-10-10,16:42:13,3,2,"Thomas, Parker",814826,Right,GEO_PAT,"Westley, Matthew",824016,Right,GEO_PAT,Undefined,7,Bottom,2,1,0,Sweeper,Slider,BallCalled,Undefined,Undefined,Undefined,0,0,NA,77.90656,-0.815354,-3.014977,2282.334852,92.838977,09:00:00,5.55541,2.69471,5.71613,-44.09947,2.29937,-18.53769,1.11976,-1.66146,72.12889,-8.846918,-6.323964,0.490258,NA,NA,NA,NA,NA,NA,NA,NA,NA,NA,NA,8.61367,1.82795,-2.43064,50,5.45981,6.64331,-113.06243,-3.01343,11.1433,20.72386,-29.80927,GEO_PAT,GEO_PAT,SpuhlerFieldMain,TeamExclusive,Team,20251010-SpuhlerFieldMain-Private-2,9a3baa00-a619-11f0-9d1c-cb0542a47c13,76.8828,NA,NA,5.77767,NA,NA,NA,NA,NA,NA,e373a8f3-b551-4f4e-929b-9412fc5d6156,2025-10-10,20:42:13,2025-10-10T20:42:13Z,2025-10-10T20:42:13Z,NA,v3,471300,471300,NA,"Vaughan, Logan",1000232024,Right,GEO_PAT,0fd12464-0c9a-40a1-aac8-37e47d2b26c5,54.78764,-113.9366,10.36193,5.5604,-1.75601,-14.90464,-2.70095,6.17326,5.57165,NA,NA,NA,NA,NA,NA,NA,NA,NA,NA,NA,NA,NA,NA,NA,NA,NA,NA,NA,NA,NA,NA,NA,NA,NA,NA,NA,NA,NA,NA,NA,NA,NA,NA,NA,NA,NA,NA,NA,NA,NA,NA,NA,NA,NA,NA,NA,NA,NA,NA,High,High,High,NA,NA,NA,NA,NA,NA,NA,NA,NA,NA,NA,NA,NA,NA,NA,NA,NA,NA,NA,NA,NA,NA,NA,NA,NA,NA,NA,NA,NA,NA,NA,NA,NA,NA,NA,NA,NA,NA,NA,NA,NA,NA,NA,NA,NA,NA,NA,NA,NA,NA,NA,NA,NA,NA,NA,NA,NA
NA,NA,NA,NA,NA,NA,NA,NA,NA,NA,NA,NA,NA,NA,NA,NA,221,2025-10-10,16:42:31,3,3,"Thomas, Parker",814826,Right,GEO_PAT,"Westley, Matthew",824016,Right,GEO_PAT,Undefined,7,Bottom,2,2,0,Fastball,Changeup,BallCalled,Undefined,Undefined,Undefined,0,0,NA,89.88841,-0.1409,-6.011922,1786.430009,241.442487,02:00:00,5.79407,2.51198,6.27994,-23.71257,10.56599,17.42422,3.68742,-1.598,82.10121,-4.596536,-2.88709,0.421388,NA,NA,NA,NA,NA,NA,NA,NA,NA,NA,NA,-10.6115,5.85311,-2.07435,50,5.77203,12.97833,-130.03135,-1.05597,-18.22368,26.48663,-22.12223,GEO_PAT,GEO_PAT,SpuhlerFieldMain,TeamExclusive,Team,20251010-SpuhlerFieldMain-Private-2,a4757640-a619-11f0-9d1c-cb0542a47c13,89.4482,NA,NA,7.7872,NA,NA,NA,NA,NA,NA,e373a8f3-b551-4f4e-929b-9412fc5d6156,2025-10-10,20:42:31,2025-10-10T20:42:31Z,2025-10-10T20:42:31Z,NA,v3,471300,471300,NA,"Vaughan, Logan",1000232024,Right,GEO_PAT,76a93fae-3a2c-4ad2-8be1-4f3e8bd3c5fa,54.22231,-130.88858,13.24331,5.79462,-0.33999,-11.06112,-2.50394,13.56814,-9.11184,NA,NA,NA,NA,NA,NA,NA,NA,NA,NA,NA,NA,NA,NA,NA,NA,NA,NA,NA,NA,NA,NA,NA,NA,NA,NA,NA,NA,NA,NA,NA,NA,NA,NA,NA,NA,NA,NA,NA,NA,NA,NA,NA,NA,NA,NA,NA,NA,NA,NA,High,High,High,NA,NA,NA,NA,NA,NA,NA,NA,NA,NA,NA,NA,NA,NA,NA,NA,NA,NA,NA,NA,NA,NA,NA,NA,NA,NA,NA,NA,NA,NA,NA,NA,NA,NA,NA,NA,NA,NA,NA,NA,NA,NA,NA,NA,NA,NA,NA,NA,NA,NA,NA,NA,NA,NA,NA,NA,NA
NA,NA,NA,NA,NA,NA,NA,NA,NA,NA,NA,NA,NA,NA,NA,NA,222,2025-10-10,16:42:51,3,4,"Thomas, Parker",814826,Right,GEO_PAT,"Westley, Matthew",824016,Right,GEO_PAT,Undefined,7,Bottom,2,3,0,Fastball,Sinker,BallCalled,Walk,Undefined,Undefined,0,0,NA,90.10658,-0.085601,-2.417505,1819.618202,240.925395,02:00:00,5.70658,2.69024,6.06881,-24.36663,9.72461,15.60946,3.59674,1.75242,82.53453,-4.646625,0.391647,0.420236,NA,NA,NA,NA,NA,NA,NA,NA,NA,NA,NA,-8.65737,5.35949,-2.51073,50,5.68692,4.86772,-130.90078,-0.99343,-15.06293,26.91615,-22.84909,GEO_PAT,GEO_PAT,SpuhlerFieldMain,TeamExclusive,Team,20251010-SpuhlerFieldMain-Private-2,b0b01b90-a619-11f0-9d1c-cb0542a47c13,89.69361,NA,NA,7.57206,NA,NA,NA,NA,NA,NA,e373a8f3-b551-4f4e-929b-9412fc5d6156,2025-10-10,20:42:51,2025-10-10T20:42:51Z,2025-10-10T20:42:51Z,NA,v3,471300,471300,NA,"Vaughan, Logan",1000232024,Right,GEO_PAT,685816af-9c07-4ccf-98cb-7669ed855558,54.43322,-131.80919,13.45807,5.70744,-0.22228,-11.42454,-2.6836,5.37609,-7.53147,NA,NA,NA,NA,NA,NA,NA,NA,NA,NA,NA,NA,NA,NA,NA,NA,NA,NA,NA,NA,NA,NA,NA,NA,NA,NA,NA,NA,NA,NA,NA,NA,NA,NA,NA,NA,NA,NA,NA,NA,NA,NA,NA,NA,NA,NA,NA,NA,NA,NA,High,High,High,NA,NA,NA,NA,NA,NA,NA,NA,NA,NA,NA,NA,NA,NA,NA,NA,NA,NA,NA,NA,NA,NA,NA,NA,NA,NA,NA,NA,NA,NA,NA,NA,NA,NA,NA,NA,NA,NA,NA,NA,NA,NA,NA,NA,NA,NA,NA,NA,NA,NA,NA,NA,NA,NA,NA,NA,NA
NA,NA,NA,NA,NA,NA,NA,NA,NA,NA,NA,NA,NA,NA,NA,NA,223,2025-10-10,16:43:18,4,1,"Thomas, Parker",814826,Right,GEO_PAT,"Cowdrey, Vincent",1000469295,Right,GEO_PAT,Undefined,7,Bottom,2,0,0,Cutter,Slider,StrikeCalled,Undefined,Undefined,Undefined,0,0,NA,83.59317,-0.575045,-1.961931,2206.973876,171.000787,11:45:00,5.7871,2.54514,5.98147,-28.65084,10.81607,-1.53575,2.86615,0.59779,77.32223,-5.894137,-2.237854,0.452156,NA,NA,NA,NA,NA,NA,NA,NA,NA,NA,NA,0.30079,6.05957,-2.38918,50,5.72562,4.22183,-121.51256,-2.1122,0.45429,21.55431,-23.02247,GEO_PAT,GEO_PAT,SpuhlerFieldMain,TeamExclusive,Team,20251010-SpuhlerFieldMain-Private-2,c0b843a0-a619-11f0-9d1c-cb0542a47c13,83.36165,NA,NA,6.27094,NA,NA,NA,NA,NA,NA,e373a8f3-b551-4f4e-929b-9412fc5d6156,2025-10-10,20:43:18,2025-10-10T20:43:18Z,2025-10-10T20:43:18Z,NA,v3,471300,471300,NA,"Vaughan, Logan",1000232024,Right,GEO_PAT,90aceaf9-5a0d-4b95-a210-425162144693,54.52069,-122.31183,10.77716,5.78812,-1.2585,-11.51124,-2.54542,4.20498,0.22715,NA,NA,NA,NA,NA,NA,NA,NA,NA,NA,NA,NA,NA,NA,NA,NA,NA,NA,NA,NA,NA,NA,NA,NA,NA,NA,NA,NA,NA,NA,NA,NA,NA,NA,NA,NA,NA,NA,NA,NA,NA,NA,NA,NA,NA,NA,NA,NA,NA,NA,High,High,High,NA,NA,NA,NA,NA,NA,NA,NA,NA,NA,NA,NA,NA,NA,NA,NA,NA,NA,NA,NA,NA,NA,NA,NA,NA,NA,NA,NA,NA,NA,NA,NA,NA,NA,NA,NA,NA,NA,NA,NA,NA,NA,NA,NA,NA,NA,NA,NA,NA,NA,NA,NA,NA,NA,NA,NA,NA
NA,NA,NA,NA,NA,NA,NA,NA,NA,NA,NA,NA,NA,NA,NA,NA,224,2025-10-10,16:43:51,4,2,"Thomas, Parker",814826,Right,GEO_PAT,"Cowdrey, Vincent",1000469295,Right,GEO_PAT,Undefined,7,Bottom,2,0,1,Sweeper,Curveball,BallinDirt,Undefined,Undefined,Undefined,0,0,NA,76.02668,-1.274761,-1.311585,2412.764668,64.748069,08:15:00,6.00698,2.4247,5.95246,-54.78369,-6.53185,-16.92328,0.25885,-0.20225,70.61796,-11.238104,-4.362699,0.499952,NA,NA,NA,NA,NA,NA,NA,NA,NA,NA,NA,8.44402,-2.69937,-2.31045,50,5.87422,3.10513,-110.52582,-4.11647,10.40816,20.35106,-35.50134,GEO_PAT,GEO_PAT,SpuhlerFieldMain,TeamExclusive,Team,20251010-SpuhlerFieldMain-Private-2,d439b3f0-a619-11f0-9d1c-cb0542a47c13,75.39211,NA,NA,5.40872,NA,NA,NA,NA,NA,NA,e373a8f3-b551-4f4e-929b-9412fc5d6156,2025-10-10,20:43:51,2025-10-10T20:43:51Z,2025-10-10T20:43:51Z,NA,v3,471300,471300,NA,"Vaughan, Logan",1000232024,Right,GEO_PAT,f76406ef-4618-4283-bb0f-7287d0f59567,54.5542,-111.36123,10.17553,6.01329,-2.65915,-17.75067,-2.42914,2.67788,5.20408,NA,NA,NA,NA,NA,NA,NA,NA,NA,NA,NA,NA,NA,NA,NA,NA,NA,NA,NA,NA,NA,NA,NA,NA,NA,NA,NA,NA,NA,NA,NA,NA,NA,NA,NA,NA,NA,NA,NA,NA,NA,NA,NA,NA,NA,NA,NA,NA,NA,NA,High,High,High,NA,NA,NA,NA,NA,NA,NA,NA,NA,NA,NA,NA,NA,NA,NA,NA,NA,NA,NA,NA,NA,NA,NA,NA,NA,NA,NA,NA,NA,NA,NA,NA,NA,NA,NA,NA,NA,NA,NA,NA,NA,NA,NA,NA,NA,NA,NA,NA,NA,NA,NA,NA,NA,NA,NA,NA,NA
NA,NA,NA,NA,NA,NA,NA,NA,NA,NA,NA,NA,NA,NA,NA,NA,225,2025-10-10,16:44:18,4,3,"Thomas, Parker",814826,Right,GEO_PAT,"Cowdrey, Vincent",1000469295,Right,GEO_PAT,Undefined,7,Bottom,2,1,1,Cutter,Slider,BallCalled,Undefined,Undefined,Undefined,0,0,NA,83.53492,-0.059259,-4.009703,2245.156316,178.856961,12:00:00,5.67693,2.65877,5.75557,-33.32199,6.22264,-0.10476,2.8448,-1.08876,78.16997,-6.153776,-4.028385,0.452601,NA,NA,NA,NA,NA,NA,NA,NA,NA,NA,NA,-0.80626,3.50236,-2.32545,50,5.65137,8.50908,-121.3317,-1.23905,-1.2291,18.6999,-26.83492,GEO_PAT,GEO_PAT,SpuhlerFieldMain,TeamExclusive,Team,20251010-SpuhlerFieldMain-Private-2,e46d31c0-a619-11f0-9d1c-cb0542a47c13,83.27967,NA,NA,5.36495,NA,NA,NA,NA,NA,NA,e373a8f3-b551-4f4e-929b-9412fc5d6156,2025-10-10,20:44:18,2025-10-10T20:44:18Z,2025-10-10T20:44:18Z,NA,v3,471300,471300,NA,"Vaughan, Logan",1000232024,Right,GEO_PAT,beed3677-344a-4737-9e57-aa792b8e2702,54.74856,-122.06136,9.34995,5.67929,-0.19196,-13.41746,-2.65841,8.55704,-0.61455,NA,NA,NA,NA,NA,NA,NA,NA,NA,NA,NA,NA,NA,NA,NA,NA,NA,NA,NA,NA,NA,NA,NA,NA,NA,NA,NA,NA,NA,NA,NA,NA,NA,NA,NA,NA,NA,NA,NA,NA,NA,NA,NA,NA,NA,NA,NA,NA,NA,NA,High,High,High,NA,NA,NA,NA,NA,NA,NA,NA,NA,NA,NA,NA,NA,NA,NA,NA,NA,NA,NA,NA,NA,NA,NA,NA,NA,NA,NA,NA,NA,NA,NA,NA,NA,NA,NA,NA,NA,NA,NA,NA,NA,NA,NA,NA,NA,NA,NA,NA,NA,NA,NA,NA,NA,NA,NA,NA,NA
NA,NA,NA,NA,NA,NA,NA,NA,NA,NA,NA,NA,NA,NA,NA,NA,226,2025-10-10,16:44:36,4,4,"Thomas, Parker",814826,Right,GEO_PAT,"Cowdrey, Vincent",1000469295,Right,GEO_PAT,Undefined,7,Bottom,2,2,1,Cutter,Slider,InPlay,Undefined,GroundBall,Out,1,0,NA,82.51682,-1.263411,-3.166323,2204.513851,170.660027,11:45:00,5.63863,2.66062,5.86414,-33.075920000000004,7.26059,-1.0289,1.70658,-0.36969,77.34193,-7.318173,-3.35057,0.45711,90.78088,7.040346,-20.000224,2494.566497,NA,NA,NA,90.72026,88.33118,-22.053098,0.745599,-0.15803,4.29551,-2.403,50,5.51628,6.67394,-119.95544,-3.71215,-0.23513,18.58881,-25.78243,GEO_PAT,GEO_PAT,SpuhlerFieldMain,TeamExclusive,Team,20251010-SpuhlerFieldMain-Private-2,ef5873b0-a619-11f0-9d1c-cb0542a47c13,82.45815,4.35034,NA,5.17489,NA,NA,NA,2.39517,1.86158,0.31381,e373a8f3-b551-4f4e-929b-9412fc5d6156,2025-10-10,20:44:36,2025-10-10T20:44:36Z,2025-10-10T20:44:36Z,GroundBall,v3,471300,471300,NA,"Vaughan, Logan",1000232024,Right,GEO_PAT,f8e9b3df-7173-4905-acbe-9f4af099d4b5,54.64097,-120.67248,9.2944,5.6403,-2.71762,-12.89122,-2.66062,6.68302,-0.11757,49.828264,2.39517,124.17191,-21.80869,3.40782,-0.65979,0.09812,-0.01368,0.00121,1.8e-4,1.86158,16.31935,-28.00231,4.35645,-1.02289,0.24316,-0.05373,0.01136,-0.00153,0.31381,-45.19543,-2.7788,2.59217,-0.82578,0.24358,-0.06231,0.01443,-0.0021,NA,NA,NA,NA,NA,NA,NA,NA,NA,NA,NA,NA,NA,NA,NA,NA,NA,NA,NA,NA,NA,NA,High,High,High,High,High,NA,NA,NA,NA,NA,NA,NA,NA,NA,NA,NA,NA,NA,NA,NA,NA,NA,NA,NA,NA,NA,NA,NA,NA,NA,NA,NA,NA,NA,NA,NA,NA,NA,NA,NA,NA,NA,NA,NA,NA,NA,NA,NA,NA,NA,NA,NA,NA,NA,NA,NA,NA,NA,NA,NA
NA,NA,NA,NA,NA,NA,NA,NA,NA,NA,NA,NA,NA,NA,NA,NA,227,2025-10-10,16:46:55,1,1,"Okeeffe, Shaun",1000297082,Left,GEO_PAT,"Tignor, Laken",1000091229,Right,GEO_PAT,Undefined,8,Top,0,0,0,Slider,Curveball,BallCalled,Undefined,Undefined,Undefined,0,0,NA,77.60029,-0.127461,2.172331,2330.123054,310.467323,04:15:00,5.46019,-2.02164,4.43652,-53.51652,-4.19709,6.80788,0.87881,0.61894,71.23344,-9.667317,3.363058,0.505453,NA,NA,NA,NA,NA,NA,NA,NA,NA,NA,NA,-2.68189,-1.585,1.78415,50,5.39411,-4.55401,-112.40212,-2.28932,-3.40945,21.5724,-34.18905,GEO_PAT,GEO_PAT,SpuhlerFieldMain,TeamExclusive,Team,20251010-SpuhlerFieldMain-Private-2,41e51ca0-a61a-11f0-9d1c-cb0542a47c13,74.57165,NA,NA,6.36685,NA,NA,NA,NA,NA,NA,e373a8f3-b551-4f4e-929b-9412fc5d6156,2025-10-10,20:46:55,2025-10-10T20:46:55Z,2025-10-10T20:46:55Z,NA,v3,471300,471300,NA,"Cowdrey, Vincent",1000469295,Right,GEO_PAT,82f799bd-c14a-4b66-b7aa-37cb3e091011,56.06679,-113.5605,10.7862,5.46775,-0.45346,-17.09452,2.02377,-4.37093,-1.70472,NA,NA,NA,NA,NA,NA,NA,NA,NA,NA,NA,NA,NA,NA,NA,NA,NA,NA,NA,NA,NA,NA,NA,NA,NA,NA,NA,NA,NA,NA,NA,NA,NA,NA,NA,NA,NA,NA,NA,NA,NA,NA,NA,NA,NA,NA,NA,NA,NA,NA,High,High,High,NA,NA,NA,NA,NA,NA,NA,NA,NA,NA,NA,NA,NA,NA,NA,NA,NA,NA,NA,NA,NA,NA,NA,NA,NA,NA,NA,NA,NA,NA,NA,NA,NA,NA,NA,NA,NA,NA,NA,NA,NA,NA,NA,NA,NA,NA,NA,NA,NA,NA,NA,NA,NA,NA,NA,NA,NA
NA,NA,NA,NA,NA,NA,NA,NA,NA,NA,NA,NA,NA,NA,NA,NA,228,2025-10-10,16:47:09,1,2,"Okeeffe, Shaun",1000297082,Left,GEO_PAT,"Tignor, Laken",1000091229,Right,GEO_PAT,Undefined,8,Top,0,1,0,Slider,Curveball,StrikeCalled,Undefined,Undefined,Undefined,0,0,NA,77.53009,2.58918,0.903585,2339.390095,306.505692,04:15:00,5.49662,-1.99948,4.58937,-53.62975,-4.6254,8.36221,3.49247,-0.443,70.84685,-7.047243,2.368333,0.503835,NA,NA,NA,NA,NA,NA,NA,NA,NA,NA,NA,-3.79595,-2.47378,1.8979,50,5.71441,-2.1331,-112.30782,3.04632,-4.83662,20.79288,-35.32604,GEO_PAT,GEO_PAT,SpuhlerFieldMain,TeamExclusive,Team,20251010-SpuhlerFieldMain-Private-2,4a186a80-a61a-11f0-9d1c-cb0542a47c13,74.811,NA,NA,6.68323,NA,NA,NA,NA,NA,NA,e373a8f3-b551-4f4e-929b-9412fc5d6156,2025-10-10,20:47:09,2025-10-10T20:47:09Z,2025-10-10T20:47:09Z,NA,v3,471300,471300,NA,"Cowdrey, Vincent",1000469295,Right,GEO_PAT,37d0a4b5-d4b9-49d7-bf82-330c3591f03f,55.91301,-113.39728,10.39644,5.50631,4.89726,-17.66302,2.00302,-1.87969,-2.41831,NA,NA,NA,NA,NA,NA,NA,NA,NA,NA,NA,NA,NA,NA,NA,NA,NA,NA,NA,NA,NA,NA,NA,NA,NA,NA,NA,NA,NA,NA,NA,NA,NA,NA,NA,NA,NA,NA,NA,NA,NA,NA,NA,NA,NA,NA,NA,NA,NA,NA,High,High,High,NA,NA,NA,NA,NA,NA,NA,NA,NA,NA,NA,NA,NA,NA,NA,NA,NA,NA,NA,NA,NA,NA,NA,NA,NA,NA,NA,NA,NA,NA,NA,NA,NA,NA,NA,NA,NA,NA,NA,NA,NA,NA,NA,NA,NA,NA,NA,NA,NA,NA,NA,NA,NA,NA,NA,NA,NA
NA,NA,NA,NA,NA,NA,NA,NA,NA,NA,NA,NA,NA,NA,NA,NA,229,2025-10-10,16:47:21,1,3,"Okeeffe, Shaun",1000297082,Left,GEO_PAT,"Tignor, Laken",1000091229,Right,GEO_PAT,Undefined,8,Top,0,1,1,Fastball,Changeup,InPlay,Undefined,FlyBall,Out,1,0,NA,82.06437,-0.710944,4.06119,2174.261546,80.922698,08:45:00,5.62232,-1.80834,5.45631,-43.10731,-1.17937,-14.92103,1.3628,0.75646,76.09014,-8.531653,1.408044,0.46604,92.41175,29.020074,-1.675239,2900.666883,109.97146,57.39462,2.48309,323.44325,319.02859,7.679303,5.021028,8.59941,-0.0976,1.46034,50,5.52933,-7.85865,-119.04851,-2.99644,12.45708,20.84452,-32.31543,GEO_PAT,GEO_PAT,SpuhlerFieldMain,TeamExclusive,Team,20251010-SpuhlerFieldMain-Private-2,51eb6ff0-a61a-11f0-9d1c-cb0542a47c13,80.87812,78.20333,NA,5.97423,NA,NA,NA,1.7384,1.48527,-0.76611,e373a8f3-b551-4f4e-929b-9412fc5d6156,2025-10-10,20:47:21,2025-10-10T20:47:21Z,2025-10-10T20:47:21Z,FlyBall,v3,471300,471300,NA,"Cowdrey, Vincent",1000469295,Right,GEO_PAT,acb228a9-c19c-4cfd-ba47-f31d65cb3379,55.04928,-119.92934,10.42226,5.6271,-1.63088,-16.15772,1.80355,-8.38505,6.22854,204.596208,1.74042,118.43005,-25.25914,5.71848,-0.96451,0.10301,-0.00641,5.2e-4,-4e-5,1.48625,65.72197,-14.15118,-0.49324,0.46685,-0.18291,0.04672,-0.00635,3.4e-4,-0.76612,-3.46485,8.0122,-2.71074,0.62848,-0.09827,0.01002,-6.7e-4,3e-5,NA,NA,NA,NA,NA,NA,NA,NA,NA,NA,NA,NA,NA,NA,NA,NA,NA,NA,NA,NA,NA,NA,High,High,High,High,High,NA,NA,NA,NA,NA,NA,NA,NA,NA,NA,NA,NA,NA,NA,NA,NA,NA,NA,NA,NA,NA,NA,NA,NA,NA,NA,NA,NA,NA,NA,NA,NA,NA,NA,NA,NA,NA,NA,NA,NA,NA,NA,NA,NA,NA,NA,NA,NA,NA,NA,NA,NA,NA,NA,NA
NA,NA,NA,NA,NA,NA,NA,NA,NA,NA,NA,NA,NA,NA,NA,NA,230,2025-10-10,16:47:57,2,1,"Okeeffe, Shaun",1000297082,Left,GEO_PAT,"Blanchard, Evan",10073877,Right,GEO_PAT,Undefined,8,Top,1,0,0,Slider,Curveball,StrikeCalled,Undefined,Undefined,Undefined,0,0,NA,77.84179,1.397533,0.166155,2354.341888,300.56488,04:00:00,5.43866,-1.96489,4.59271,-52.37676,-4.27162,9.60796,2.40355,-1.00618,71.93285,-7.979118,1.851594,0.499191,NA,NA,NA,NA,NA,NA,NA,NA,NA,NA,NA,-4.64004,-2.00457,1.9383,50,5.53399,-0.73805,-112.98431,0.76792,-6.03631,19.35044,-34.78181,GEO_PAT,GEO_PAT,SpuhlerFieldMain,TeamExclusive,Team,20251010-SpuhlerFieldMain-Private-2,66d37520-a61a-11f0-9d1c-cb0542a47c13,75.50698,NA,NA,5.90894,NA,NA,NA,NA,NA,NA,e373a8f3-b551-4f4e-929b-9412fc5d6156,2025-10-10,20:47:57,2025-10-10T20:47:57Z,2025-10-10T20:47:57Z,NA,v3,471300,471300,NA,"Cowdrey, Vincent",1000469295,Right,GEO_PAT,b6b78f5b-bb2b-42d6-8e99-3abc6744ccc6,55.91145,-113.99225,9.67522,5.44681,2.57966,-17.39091,1.96856,-0.42363,-3.01815,NA,NA,NA,NA,NA,NA,NA,NA,NA,NA,NA,NA,NA,NA,NA,NA,NA,NA,NA,NA,NA,NA,NA,NA,NA,NA,NA,NA,NA,NA,NA,NA,NA,NA,NA,NA,NA,NA,NA,NA,NA,NA,NA,NA,NA,NA,NA,NA,NA,NA,High,High,High,NA,NA,NA,NA,NA,NA,NA,NA,NA,NA,NA,NA,NA,NA,NA,NA,NA,NA,NA,NA,NA,NA,NA,NA,NA,NA,NA,NA,NA,NA,NA,NA,NA,NA,NA,NA,NA,NA,NA,NA,NA,NA,NA,NA,NA,NA,NA,NA,NA,NA,NA,NA,NA,NA,NA,NA,NA
NA,NA,NA,NA,NA,NA,NA,NA,NA,NA,NA,NA,NA,NA,NA,NA,231,2025-10-10,16:48:10,2,2,"Okeeffe, Shaun",1000297082,Left,GEO_PAT,"Blanchard, Evan",10073877,Right,GEO_PAT,Undefined,8,Top,1,0,1,Slider,Curveball,StrikeCalled,Undefined,Undefined,Undefined,0,0,NA,78.49384,1.843082,0.211657,2452.803806,298.66659,04:00:00,5.46749,-1.8903,4.7971,-51.66519,-4.15323,10.44119,2.90927,-0.81962,71.63566,-7.479839,2.049337,0.496104,NA,NA,NA,NA,NA,NA,NA,NA,NA,NA,NA,-5.03674,-2.0641,1.8597,50,5.60646,-0.86899,-113.77343,1.72779,-6.56561,21.94573,-34.8647,GEO_PAT,GEO_PAT,SpuhlerFieldMain,TeamExclusive,Team,20251010-SpuhlerFieldMain-Private-2,6efa3fe0-a61a-11f0-9d1c-cb0542a47c13,75.97687,NA,NA,6.85818,NA,NA,NA,NA,NA,NA,e373a8f3-b551-4f4e-929b-9412fc5d6156,2025-10-10,20:48:10,2025-10-10T20:48:10Z,2025-10-10T20:48:10Z,NA,v3,471300,471300,NA,"Cowdrey, Vincent",1000469295,Right,GEO_PAT,3414ff90-dc51-48d6-be37-d3a99f37480f,55.70492,-114.86858,10.97287,5.47683,3.46763,-17.43235,1.89489,-0.54135,-3.28281,NA,NA,NA,NA,NA,NA,NA,NA,NA,NA,NA,NA,NA,NA,NA,NA,NA,NA,NA,NA,NA,NA,NA,NA,NA,NA,NA,NA,NA,NA,NA,NA,NA,NA,NA,NA,NA,NA,NA,NA,NA,NA,NA,NA,NA,NA,NA,NA,NA,NA,High,High,High,NA,NA,NA,NA,NA,NA,NA,NA,NA,NA,NA,NA,NA,NA,NA,NA,NA,NA,NA,NA,NA,NA,NA,NA,NA,NA,NA,NA,NA,NA,NA,NA,NA,NA,NA,NA,NA,NA,NA,NA,NA,NA,NA,NA,NA,NA,NA,NA,NA,NA,NA,NA,NA,NA,NA,NA,NA
NA,NA,NA,NA,NA,NA,NA,NA,NA,NA,NA,NA,NA,NA,NA,NA,232,2025-10-10,16:48:26,2,3,"Okeeffe, Shaun",1000297082,Left,GEO_PAT,"Blanchard, Evan",10073877,Right,GEO_PAT,Undefined,8,Top,1,0,2,Slider,Slider,BallCalled,Undefined,Undefined,Undefined,0,0,NA,78.6383,2.642631,1.842787,2462.789555,293.857312,03:45:00,5.45945,-1.86671,4.54523,-51.62156,-4.02547,12.391540000000001,3.67663,0.92093,72.10545,-6.614297,4.008337,0.496543,NA,NA,NA,NA,NA,NA,NA,NA,NA,NA,NA,-5.51244,-2.2341,1.66242,50,5.68597,-4.20512,-113.91135,3.27543,-7.24898,20.76201,-35.11193,GEO_PAT,GEO_PAT,SpuhlerFieldMain,TeamExclusive,Team,20251010-SpuhlerFieldMain-Private-2,781332d0-a61a-11f0-9d1c-cb0542a47c13,75.90969,NA,NA,6.53284,NA,NA,NA,NA,NA,NA,e373a8f3-b551-4f4e-929b-9412fc5d6156,2025-10-10,20:48:26,2025-10-10T20:48:26Z,2025-10-10T20:48:26Z,NA,v3,471300,471300,NA,"Cowdrey, Vincent",1000469295,Right,GEO_PAT,5c900ca8-3f9b-4a38-8e60-fdc0e3336c00,55.95819,-114.99219,10.381,5.46787,5.10331,-17.55597,1.87151,-3.82775,-3.62449,NA,NA,NA,NA,NA,NA,NA,NA,NA,NA,NA,NA,NA,NA,NA,NA,NA,NA,NA,NA,NA,NA,NA,NA,NA,NA,NA,NA,NA,NA,NA,NA,NA,NA,NA,NA,NA,NA,NA,NA,NA,NA,NA,NA,NA,NA,NA,NA,NA,NA,High,High,High,NA,NA,NA,NA,NA,NA,NA,NA,NA,NA,NA,NA,NA,NA,NA,NA,NA,NA,NA,NA,NA,NA,NA,NA,NA,NA,NA,NA,NA,NA,NA,NA,NA,NA,NA,NA,NA,NA,NA,NA,NA,NA,NA,NA,NA,NA,NA,NA,NA,NA,NA,NA,NA,NA,NA,NA,NA
NA,NA,NA,NA,NA,NA,NA,NA,NA,NA,NA,NA,NA,NA,NA,NA,233,2025-10-10,16:48:46,2,4,"Okeeffe, Shaun",1000297082,Left,GEO_PAT,"Blanchard, Evan",10073877,Right,GEO_PAT,Undefined,8,Top,1,1,2,Fastball,Changeup,StrikeSwinging,Strikeout,Undefined,Undefined,0,0,NA,82.54981,0.467082,1.782232,2216.337639,97.815225,09:15:00,5.60111,-1.79815,5.16493,-39.37144,2.48606,-9.16497,2.76001,-0.88387,76.12796,-6.688613,0.158829,0.465648,NA,NA,NA,NA,NA,NA,NA,NA,NA,NA,NA,5.03575,1.48724,1.63919,50,5.61441,-3.34245,-119.86884,-0.46305,7.37859,21.6374,-29.99489,GEO_PAT,GEO_PAT,SpuhlerFieldMain,TeamExclusive,Team,20251010-SpuhlerFieldMain-Private-2,841514e0-a61a-11f0-9d1c-cb0542a47c13,80.94615,NA,NA,6.42185,NA,NA,NA,NA,NA,NA,e373a8f3-b551-4f4e-929b-9412fc5d6156,2025-10-10,20:48:46,2025-10-10T20:48:46Z,2025-10-10T20:48:46Z,NA,v3,471300,471300,NA,"Cowdrey, Vincent",1000469295,Right,GEO_PAT,ff4de54e-07dd-4550-982e-cb2fa4e9502c,55.33826,-120.8286,10.8187,5.60545,0.86742,-14.99744,1.7947,-3.66973,3.6893,NA,NA,NA,NA,NA,NA,NA,NA,NA,NA,NA,NA,NA,NA,NA,NA,NA,NA,NA,NA,NA,NA,NA,NA,NA,NA,NA,NA,NA,NA,NA,NA,NA,NA,NA,NA,NA,NA,NA,NA,NA,NA,NA,NA,NA,NA,NA,NA,NA,NA,High,High,High,NA,NA,NA,NA,NA,NA,NA,NA,NA,NA,NA,NA,NA,NA,NA,NA,NA,NA,NA,NA,NA,NA,NA,NA,NA,NA,NA,NA,NA,NA,NA,NA,NA,NA,NA,NA,NA,NA,NA,NA,NA,NA,NA,NA,NA,NA,NA,NA,NA,NA,NA,NA,NA,NA,NA,NA,NA
NA,NA,NA,NA,NA,NA,NA,NA,NA,NA,NA,NA,NA,NA,NA,NA,234,2025-10-10,16:49:19,3,1,"Okeeffe, Shaun",1000297082,Left,GEO_PAT,"Vaughan, Logan",1000232024,Right,GEO_PAT,Undefined,8,Top,2,0,0,Slider,Slider,StrikeCalled,Undefined,Undefined,Undefined,0,0,NA,78.03919,0.782857,1.041824,2443.029974,299.372973,04:00:00,5.46579,-1.92381,4.57694,-53.9394,-5.80996,12.92253,1.71589,0.14445,71.9801,-8.855509,3.308676,0.499317,NA,NA,NA,NA,NA,NA,NA,NA,NA,NA,NA,-6.06036,-2.68103,1.80302,50,5.49591,-2.60367,-113.22974,-0.49606,-7.87148,20.58595,-35.6563,GEO_PAT,GEO_PAT,SpuhlerFieldMain,TeamExclusive,Team,20251010-SpuhlerFieldMain-Private-2,98109730-a61a-11f0-9d1c-cb0542a47c13,75.48793,NA,NA,6.05909,NA,NA,NA,NA,NA,NA,e373a8f3-b551-4f4e-929b-9412fc5d6156,2025-10-10,20:49:19,2025-10-10T20:49:19Z,2025-10-10T20:49:19Z,NA,v3,471300,471300,NA,"Cowdrey, Vincent",1000469295,Right,GEO_PAT,526ea66c-2cab-45f2-bebc-988a5f4a7df0,55.92814,-114.30243,10.29298,5.47335,1.36192,-17.82815,1.92801,-2.1935,-3.93574,NA,NA,NA,NA,NA,NA,NA,NA,NA,NA,NA,NA,NA,NA,NA,NA,NA,NA,NA,NA,NA,NA,NA,NA,NA,NA,NA,NA,NA,NA,NA,NA,NA,NA,NA,NA,NA,NA,NA,NA,NA,NA,NA,NA,NA,NA,NA,NA,NA,NA,High,High,High,NA,NA,NA,NA,NA,NA,NA,NA,NA,NA,NA,NA,NA,NA,NA,NA,NA,NA,NA,NA,NA,NA,NA,NA,NA,NA,NA,NA,NA,NA,NA,NA,NA,NA,NA,NA,NA,NA,NA,NA,NA,NA,NA,NA,NA,NA,NA,NA,NA,NA,NA,NA,NA,NA,NA,NA,NA
NA,NA,NA,NA,NA,NA,NA,NA,NA,NA,NA,NA,NA,NA,NA,NA,235,2025-10-10,16:49:35,3,2,"Okeeffe, Shaun",1000297082,Left,GEO_PAT,"Vaughan, Logan",1000232024,Right,GEO_PAT,Undefined,8,Top,2,0,1,Slider,Curveball,BallCalled,Undefined,Undefined,Undefined,0,0,NA,78.41474,1.366889,0.020731,2397.522573,302.52895,04:00:00,5.47155,-1.89969,4.6983,-52.14133,-4.4324,9.37315,2.42437,-1.09891,71.72816,-8.013335,1.668315,0.497131,NA,NA,NA,NA,NA,NA,NA,NA,NA,NA,NA,-4.56248,-2.06335,1.88873,50,5.56336,-0.4457,-113.68617,0.74059,-5.94525,21.68496,-34.86275,GEO_PAT,GEO_PAT,SpuhlerFieldMain,TeamExclusive,Team,20251010-SpuhlerFieldMain-Private-2,a19f2f50-a61a-11f0-9d1c-cb0542a47c13,75.81989,NA,NA,6.68658,NA,NA,NA,NA,NA,NA,e373a8f3-b551-4f4e-929b-9412fc5d6156,2025-10-10,20:49:35,2025-10-10T20:49:35Z,2025-10-10T20:49:35Z,NA,v3,471300,471300,NA,"Cowdrey, Vincent",1000469295,Right,GEO_PAT,e328f3b7-fd33-4e08-9c01-b2ff32a51854,55.80405,-114.78792,10.84248,5.48073,2.51187,-17.43138,1.9037,-0.14364,-2.97262,NA,NA,NA,NA,NA,NA,NA,NA,NA,NA,NA,NA,NA,NA,NA,NA,NA,NA,NA,NA,NA,NA,NA,NA,NA,NA,NA,NA,NA,NA,NA,NA,NA,NA,NA,NA,NA,NA,NA,NA,NA,NA,NA,NA,NA,NA,NA,NA,NA,NA,High,High,High,NA,NA,NA,NA,NA,NA,NA,NA,NA,NA,NA,NA,NA,NA,NA,NA,NA,NA,NA,NA,NA,NA,NA,NA,NA,NA,NA,NA,NA,NA,NA,NA,NA,NA,NA,NA,NA,NA,NA,NA,NA,NA,NA,NA,NA,NA,NA,NA,NA,NA,NA,NA,NA,NA,NA,NA,NA
NA,NA,NA,NA,NA,NA,NA,NA,NA,NA,NA,NA,NA,NA,NA,NA,236,2025-10-10,16:49:52,3,3,"Okeeffe, Shaun",1000297082,Left,GEO_PAT,"Vaughan, Logan",1000232024,Right,GEO_PAT,Undefined,8,Top,2,1,1,ChangeUp,Changeup,BallCalled,Undefined,Undefined,Undefined,0,0,NA,81.87197,1.626493,3.074548,2262.743429,100.340817,09:15:00,5.62901,-1.7441,5.03244,-38.4612,5.27988,-20.30261,3.96119,-0.53225,73.74216,-5.424017,-0.506121,0.47601,NA,NA,NA,NA,NA,NA,NA,NA,NA,NA,NA,10.92599,2.59197,1.46675,50,5.75443,-5.45826,-118.42387,1.9645,15.31034,25.4124,-28.54198,GEO_PAT,GEO_PAT,SpuhlerFieldMain,TeamExclusive,Team,20251010-SpuhlerFieldMain-Private-2,ab735bf0-a61a-11f0-9d1c-cb0542a47c13,79.18411,NA,NA,8.1298,NA,NA,NA,NA,NA,NA,e373a8f3-b551-4f4e-929b-9412fc5d6156,2025-10-10,20:49:52,2025-10-10T20:49:52Z,2025-10-10T20:49:52Z,NA,v3,471300,471300,NA,"Cowdrey, Vincent",1000469295,Right,GEO_PAT,6079d5b4-ff2d-4001-be96-d1ef46f809ea,55.46718,-119.5913,12.7062,5.63407,3.27572,-14.27099,1.73365,-6.16161,7.65517,NA,NA,NA,NA,NA,NA,NA,NA,NA,NA,NA,NA,NA,NA,NA,NA,NA,NA,NA,NA,NA,NA,NA,NA,NA,NA,NA,NA,NA,NA,NA,NA,NA,NA,NA,NA,NA,NA,NA,NA,NA,NA,NA,NA,NA,NA,NA,NA,NA,NA,High,High,High,NA,NA,NA,NA,NA,NA,NA,NA,NA,NA,NA,NA,NA,NA,NA,NA,NA,NA,NA,NA,NA,NA,NA,NA,NA,NA,NA,NA,NA,NA,NA,NA,NA,NA,NA,NA,NA,NA,NA,NA,NA,NA,NA,NA,NA,NA,NA,NA,NA,NA,NA,NA,NA,NA,NA,NA,NA
NA,NA,NA,NA,NA,NA,NA,NA,NA,NA,NA,NA,NA,NA,NA,NA,237,2025-10-10,16:50:11,3,4,"Okeeffe, Shaun",1000297082,Left,GEO_PAT,"Vaughan, Logan",1000232024,Right,GEO_PAT,Undefined,8,Top,2,2,1,Slider,Curveball,StrikeCalled,Undefined,Undefined,Undefined,0,0,NA,79.16577,0.553522,0.783912,2358.539641,313.412914,04:30:00,5.44312,-1.87364,4.53996,-52.07987,-4.85922,6.79835,1.63023,-0.56068,72.34804,-8.777777,1.976181,0.494581,NA,NA,NA,NA,NA,NA,NA,NA,NA,NA,NA,-3.07516,-2.0678,1.78513,50,5.45142,-1.86759,-114.72417,-0.9095,-4.06722,22.7322,-34.90896,GEO_PAT,GEO_PAT,SpuhlerFieldMain,TeamExclusive,Team,20251010-SpuhlerFieldMain-Private-2,b6b60cb0-a61a-11f0-9d1c-cb0542a47c13,76.21088,NA,NA,6.81773,NA,NA,NA,NA,NA,NA,e373a8f3-b551-4f4e-929b-9412fc5d6156,2025-10-10,20:50:11,2025-10-10T20:50:11Z,2025-10-10T20:50:11Z,NA,v3,471300,471300,NA,"Cowdrey, Vincent",1000469295,Right,GEO_PAT,ba33f6c0-9ad9-4e03-9201-15dc4b81e3e9,55.9624,-115.89958,11.3661,5.45178,0.89553,-17.45448,1.87626,-1.65729,-2.03361,NA,NA,NA,NA,NA,NA,NA,NA,NA,NA,NA,NA,NA,NA,NA,NA,NA,NA,NA,NA,NA,NA,NA,NA,NA,NA,NA,NA,NA,NA,NA,NA,NA,NA,NA,NA,NA,NA,NA,NA,NA,NA,NA,NA,NA,NA,NA,NA,NA,NA,High,High,High,NA,NA,NA,NA,NA,NA,NA,NA,NA,NA,NA,NA,NA,NA,NA,NA,NA,NA,NA,NA,NA,NA,NA,NA,NA,NA,NA,NA,NA,NA,NA,NA,NA,NA,NA,NA,NA,NA,NA,NA,NA,NA,NA,NA,NA,NA,NA,NA,NA,NA,NA,NA,NA,NA,NA,NA,NA
NA,NA,NA,NA,NA,NA,NA,NA,NA,NA,NA,NA,NA,NA,NA,NA,238,2025-10-10,16:50:28,3,5,"Okeeffe, Shaun",1000297082,Left,GEO_PAT,"Vaughan, Logan",1000232024,Right,GEO_PAT,Undefined,8,Top,2,2,2,Slider,Slider,InPlay,Undefined,GroundBall,Out,1,0,NA,80.88309,2.181714,0.8845,2546.307017,300.238794,04:00:00,5.49481,-1.85717,4.66949,-50.37983,-5.85091,12.28127,3.37009,0.0065,74.48287,-6.856281,3.039173,0.480278,74.64881,-18.36306,31.935033,NA,NA,NA,NA,11.41476,11.41476,28.070011,0.097407,-5.81855,-3.1187,1.75507,50,5.67094,-2.34316,-117.35256,2.51261,-8.1508,21.26738,-36.54279,GEO_PAT,GEO_PAT,SpuhlerFieldMain,TeamExclusive,Team,20251010-SpuhlerFieldMain-Private-2,c0e551a0-a61a-11f0-9d1c-cb0542a47c13,78.4805,3.37371,NA,6.40023,NA,NA,NA,1.44675,3.37371,-0.0049,e373a8f3-b551-4f4e-929b-9412fc5d6156,2025-10-10,20:50:28,2025-10-10T20:50:28Z,2025-10-10T20:50:28Z,GroundBall,v3,471300,471300,NA,"Cowdrey, Vincent",1000469295,Right,GEO_PAT,61f9c087-a755-4c41-a49f-761854eb9600,55.83587,-118.40545,10.63369,5.50177,4.32175,-18.27139,1.86108,-1.93964,-4.0754,NA,1.441,88.54937,NA,NA,NA,NA,NA,NA,NA,3.37595,-34.63514,NA,NA,NA,NA,NA,NA,NA,-0.00848,55.19227,NA,NA,NA,NA,NA,NA,NA,NA,NA,NA,NA,NA,NA,NA,NA,NA,NA,NA,NA,NA,NA,NA,NA,NA,NA,NA,NA,NA,NA,High,High,High,Estimated,Estimated,NA,NA,NA,NA,NA,NA,NA,NA,NA,NA,NA,NA,NA,NA,NA,NA,NA,NA,NA,NA,NA,NA,NA,NA,NA,NA,NA,NA,NA,NA,NA,NA,NA,NA,NA,NA,NA,NA,NA,NA,NA,NA,NA,NA,NA,NA,NA,NA,NA,NA,NA,NA,NA,NA,NA
NA,NA,NA,NA,NA,NA,NA,NA,NA,NA,NA,NA,NA,NA,NA,NA,239,2025-10-10,16:52:57,1,1,"Thomas, Parker",814826,Right,GEO_PAT,"Canody, Andrew",1000415298,Right,GEO_PAT,Undefined,8,Bottom,0,0,0,Sweeper,Curveball,BallCalled,Undefined,Undefined,Undefined,0,0,NA,75.59101,-0.809903,-1.457865,2312.005097,80.181261,08:45:00,5.57468,3.01289,5.54583,-51.76137,-1.9374,-20.38485,0.50402,-0.04862,69.69366,-10.203504,-5.099011,0.508031,NA,NA,NA,NA,NA,NA,NA,NA,NA,NA,NA,9.9739,-0.33984,-2.8724,50,5.46988,3.53321,-109.75095,-3.19855,12.06539,20.91301,-32.58517,GEO_PAT,GEO_PAT,SpuhlerFieldMain,TeamExclusive,Team,20251010-SpuhlerFieldMain-Private-2,1a07ec20-a61b-11f0-9d1c-cb0542a47c13,74.19314,NA,NA,5.89734,NA,NA,NA,NA,NA,NA,e373a8f3-b551-4f4e-929b-9412fc5d6156,2025-10-10,20:52:57,2025-10-10T20:52:57Z,2025-10-10T20:52:57Z,NA,v3,471300,471300,NA,"Vaughan, Logan",1000232024,Right,GEO_PAT,eeccf5fc-57d1-4a36-9295-5785f48275ed,54.9592,-110.69189,10.45651,5.5808,-1.73245,-16.29259,-3.01915,2.99035,6.03269,NA,NA,NA,NA,NA,NA,NA,NA,NA,NA,NA,NA,NA,NA,NA,NA,NA,NA,NA,NA,NA,NA,NA,NA,NA,NA,NA,NA,NA,NA,NA,NA,NA,NA,NA,NA,NA,NA,NA,NA,NA,NA,NA,NA,NA,NA,NA,NA,NA,NA,High,High,High,NA,NA,NA,NA,NA,NA,NA,NA,NA,NA,NA,NA,NA,NA,NA,NA,NA,NA,NA,NA,NA,NA,NA,NA,NA,NA,NA,NA,NA,NA,NA,NA,NA,NA,NA,NA,NA,NA,NA,NA,NA,NA,NA,NA,NA,NA,NA,NA,NA,NA,NA,NA,NA,NA,NA,NA,NA
NA,NA,NA,NA,NA,NA,NA,NA,NA,NA,NA,NA,NA,NA,NA,NA,240,2025-10-10,16:53:10,1,2,"Thomas, Parker",814826,Right,GEO_PAT,"Canody, Andrew",1000415298,Right,GEO_PAT,Undefined,8,Bottom,0,1,0,Sweeper,Slider,StrikeCalled,Undefined,Undefined,Undefined,0,0,NA,77.53853,1.244677,-1.977542,2331.743066,92.738977,09:00:00,5.57453,2.91084,5.85373,-44.34168,2.32839,-18.54324,3.03682,-0.47269,71.1783,-6.919446,-5.297497,0.491689,NA,NA,NA,NA,NA,NA,NA,NA,NA,NA,NA,8.86174,1.3139,-2.73952,50,5.65013,4.58035,-112.57669,1.06603,11.33375,21.08675,-30.49365,GEO_PAT,GEO_PAT,SpuhlerFieldMain,TeamExclusive,Team,20251010-SpuhlerFieldMain-Private-2,21bbf7e0-a61b-11f0-9d1c-cb0542a47c13,76.6591,NA,NA,6.36023,NA,NA,NA,NA,NA,NA,e373a8f3-b551-4f4e-929b-9412fc5d6156,2025-10-10,20:53:10,2025-10-10T20:53:10Z,2025-10-10T20:53:10Z,NA,v3,471300,471300,NA,"Vaughan, Logan",1000232024,Right,GEO_PAT,cf2bf622-6016-405d-8948-753d5dce2986,54.64874,-113.4441,10.54338,5.58048,2.3204,-15.24682,-2.91834,4.11414,5.66688,NA,NA,NA,NA,NA,NA,NA,NA,NA,NA,NA,NA,NA,NA,NA,NA,NA,NA,NA,NA,NA,NA,NA,NA,NA,NA,NA,NA,NA,NA,NA,NA,NA,NA,NA,NA,NA,NA,NA,NA,NA,NA,NA,NA,NA,NA,NA,NA,NA,NA,High,High,High,NA,NA,NA,NA,NA,NA,NA,NA,NA,NA,NA,NA,NA,NA,NA,NA,NA,NA,NA,NA,NA,NA,NA,NA,NA,NA,NA,NA,NA,NA,NA,NA,NA,NA,NA,NA,NA,NA,NA,NA,NA,NA,NA,NA,NA,NA,NA,NA,NA,NA,NA,NA,NA,NA,NA,NA,NA
NA,NA,NA,NA,NA,NA,NA,NA,NA,NA,NA,NA,NA,NA,NA,NA,241,2025-10-10,16:53:25,1,3,"Thomas, Parker",814826,Right,GEO_PAT,"Canody, Andrew",1000415298,Right,GEO_PAT,Undefined,8,Bottom,0,1,1,Sweeper,Curveball,BallCalled,Undefined,Undefined,Undefined,0,0,NA,78.94147,-1.95667,-3.860606,2149.36917,83.947723,08:45:00,5.64796,2.82226,5.92335,-45.74739,-0.31335,-16.96383,0.01508,-2.17941,72.61781,-10.285605,-6.89825,0.485134,NA,NA,NA,NA,NA,NA,NA,NA,NA,NA,NA,7.55363,0.85898,-2.50299,50,5.46496,8.33108,-114.33768,-5.34134,9.87545,23.52051,-31.05106,GEO_PAT,GEO_PAT,SpuhlerFieldMain,TeamExclusive,Team,20251010-SpuhlerFieldMain-Private-2,2ad3b250-a61b-11f0-9d1c-cb0542a47c13,77.69484,NA,NA,6.32366,NA,NA,NA,NA,NA,NA,e373a8f3-b551-4f4e-929b-9412fc5d6156,2025-10-10,20:53:25,2025-10-10T20:53:25Z,2025-10-10T20:53:25Z,NA,v3,471300,471300,NA,"Vaughan, Logan",1000232024,Right,GEO_PAT,3119aec0-43af-43c8-8ba1-deed20602438,54.58014,-115.27601,11.76025,5.65334,-4.10258,-15.52553,-2.82749,7.9371,4.93772,NA,NA,NA,NA,NA,NA,NA,NA,NA,NA,NA,NA,NA,NA,NA,NA,NA,NA,NA,NA,NA,NA,NA,NA,NA,NA,NA,NA,NA,NA,NA,NA,NA,NA,NA,NA,NA,NA,NA,NA,NA,NA,NA,NA,NA,NA,NA,NA,NA,NA,High,High,High,NA,NA,NA,NA,NA,NA,NA,NA,NA,NA,NA,NA,NA,NA,NA,NA,NA,NA,NA,NA,NA,NA,NA,NA,NA,NA,NA,NA,NA,NA,NA,NA,NA,NA,NA,NA,NA,NA,NA,NA,NA,NA,NA,NA,NA,NA,NA,NA,NA,NA,NA,NA,NA,NA,NA,NA,NA
NA,NA,NA,NA,NA,NA,NA,NA,NA,NA,NA,NA,NA,NA,NA,NA,242,2025-10-10,16:53:45,1,4,"Thomas, Parker",814826,Right,GEO_PAT,"Canody, Andrew",1000415298,Right,GEO_PAT,Undefined,8,Bottom,0,2,1,Cutter,Slider,FoulBallNotFieldable,Undefined,Undefined,Undefined,0,0,NA,80.31205,0.462864,-2.532448,2148.756585,124.778532,10:15:00,5.65757,2.70156,5.95589,-39.26293,3.85634,-3.68788,2.81535,0.04406,73.92932,-6.782658,-3.194346,0.472615,64.21099,27.738149,168.712712,3334.829516,-108.63062,18.01535,17.30252,147.9667,49.91561,172.022679,2.085615,1.22595,2.18362,-2.49798,50,5.67204,5.29332,-116.66204,-0.2749,1.69248,21.59189,-29.15945,GEO_PAT,GEO_PAT,SpuhlerFieldMain,TeamExclusive,Team,20251010-SpuhlerFieldMain-Private-2,36aa65b0-a61b-11f0-9d1c-cb0542a47c13,79.75302,23.32564,NA,6.38273,NA,NA,NA,2.53087,3.00526,-0.09244,e373a8f3-b551-4f4e-929b-9412fc5d6156,2025-10-10,20:53:45,2025-10-10T20:53:45Z,2025-10-10T20:53:45Z,LineDrive,v3,471300,471300,NA,"Vaughan, Logan",1000232024,Right,GEO_PAT,0f177bfa-8bca-4fce-856f-efb68b032c84,54.54814,-117.5008,10.79595,5.66072,0.85783,-14.57972,-2.70233,5.22757,0.84624,341.846131,2.53094,-81.74642,4.67229,-0.03839,0.34623,-0.38787,0.23004,-0.06513,0.00684,3.00525,43.83332,-25.87709,2.8512,-0.6668,0.22552,-0.09008,0.02728,-0.00358,-0.09248,16.31733,-3.34394,0.29159,-0.24331,0.22123,-0.1266,0.03587,-0.00382,NA,NA,NA,NA,NA,NA,NA,NA,NA,NA,NA,NA,NA,NA,NA,NA,NA,NA,NA,NA,NA,NA,High,High,High,High,Medium,NA,NA,NA,NA,NA,NA,NA,NA,NA,NA,NA,NA,NA,NA,NA,NA,NA,NA,NA,NA,NA,NA,NA,NA,NA,NA,NA,NA,NA,NA,NA,NA,NA,NA,NA,NA,NA,NA,NA,NA,NA,NA,NA,NA,NA,NA,NA,NA,NA,NA,NA,NA,NA,NA,NA
NA,NA,NA,NA,NA,NA,NA,NA,NA,NA,NA,NA,NA,NA,NA,NA,243,2025-10-10,16:54:07,1,5,"Thomas, Parker",814826,Right,GEO_PAT,"Canody, Andrew",1000415298,Right,GEO_PAT,Undefined,8,Bottom,0,2,2,Fastball,Changeup,FoulBallNotFieldable,Undefined,Undefined,Undefined,0,0,NA,86.62271,-0.623361,-3.205829,1643.546953,239.308787,02:00:00,5.60583,2.65258,6.26724,-26.33564,10.56768,15.75123,2.83554,1.00636,78.90247,-5.578827,-0.362731,0.437224,65.65251,20.689153,166.998218,3051.289828,NA,NA,NA,136.47065,50.40777,172.898967,1.776066,-9.13768,6.02863,-2.42249,50,5.54671,6.4304500000000004,-125.72024,-2.16274,-14.55273,26.65882,-22.57285,GEO_PAT,GEO_PAT,SpuhlerFieldMain,TeamExclusive,Team,20251010-SpuhlerFieldMain-Private-2,43507700-a61b-11f0-9d1c-cb0542a47c13,86.20853,16.28987,NA,7.72024,NA,NA,NA,1.62337,2.84529,-1.0082,e373a8f3-b551-4f4e-929b-9412fc5d6156,2025-10-10,20:54:07,2025-10-10T20:54:07Z,2025-10-10T20:54:07Z,LineDrive,v3,471300,471300,NA,"Vaughan, Logan",1000232024,Right,GEO_PAT,de005a01-98b9-4edc-9af6-dc78ffb23dca,54.23515,-126.61511,13.32941,5.60659,-1.40503,-11.28642,-2.64655,6.91895,-7.27636,309.843449,1.62336,-87.77032,5.97694,0.0148,-0.20277,0.32134,-0.24818,0.10397,-0.01785,2.84529,34.0194,-23.10879,2.30224,-0.50254,0.16404,-0.06743,0.02359,-0.00371,-1.0082,20.266,-7.00188,0.97045,-0.102,-0.13832,0.13689,-0.05979,0.01042,NA,NA,NA,NA,NA,NA,NA,NA,NA,NA,NA,NA,NA,NA,NA,NA,NA,NA,NA,NA,NA,NA,High,High,High,High,Medium,NA,NA,NA,NA,NA,NA,NA,NA,NA,NA,NA,NA,NA,NA,NA,NA,NA,NA,NA,NA,NA,NA,NA,NA,NA,NA,NA,NA,NA,NA,NA,NA,NA,NA,NA,NA,NA,NA,NA,NA,NA,NA,NA,NA,NA,NA,NA,NA,NA,NA,NA,NA,NA,NA,NA
NA,NA,NA,NA,NA,NA,NA,NA,NA,NA,NA,NA,NA,NA,NA,NA,244,2025-10-10,16:54:25,1,6,"Thomas, Parker",814826,Right,GEO_PAT,"Canody, Andrew",1000415298,Right,GEO_PAT,Undefined,8,Bottom,0,2,2,Sweeper,Curveball,InPlay,Undefined,LineDrive,Single,0,0,NA,75.14765,-0.225539,-1.386321,2119.350083,74.057709,08:30:00,5.91172,2.70613,5.69915,-52.38271,-2.81945,-14.86611,1.33625,0.17512,69.87219,-9.749852,-4.049437,0.5067,93.10247,8.68215,-29.662522,1558.937514,94.22264,5.30148,-56.76325,143.56765,141.80572,-32.058681,1.239141,7.29654,-1.05713,-2.57991,50,5.85943,3.16129,-109.26554,-2.0493,8.85026,18.65673,-33.4563,GEO_PAT,GEO_PAT,SpuhlerFieldMain,TeamExclusive,Team,20251010-SpuhlerFieldMain-Private-2,4e98f420-a61b-11f0-9d1c-cb0542a47c13,74.38802,7.14891,NA,5.27546,NA,NA,NA,3.08894,1.43018,0.16156,e373a8f3-b551-4f4e-929b-9412fc5d6156,2025-10-10,20:54:25,2025-10-10T20:54:25Z,2025-10-10T20:54:25Z,LineDrive,v3,471300,471300,NA,"Vaughan, Logan",1000232024,Right,GEO_PAT,0dfc5b5c-26d5-43d1-9f4f-e37b54c68be1,54.80699,-110.08326,9.32837,5.91711,-0.58292,-16.72815,-2.70997,2.77339,4.42513,NA,3.08894,117.29623,-22.35314,5.08664,-1.16007,0.27512,-0.06444,0.01225,-0.0013,1.43018,20.61262,-19.6316,2.15283,-0.5073,0.12041,-0.02805,0.00547,-5.8e-4,0.16156,-66.80295,5.37898,-1.24418,0.28578,-0.06793,0.01576,-0.00297,3.1e-4,NA,NA,NA,NA,NA,NA,NA,NA,NA,NA,NA,NA,NA,NA,NA,NA,NA,NA,NA,NA,NA,NA,High,High,High,Medium,High,NA,NA,NA,NA,NA,NA,NA,NA,NA,NA,NA,NA,NA,NA,NA,NA,NA,NA,NA,NA,NA,NA,NA,NA,NA,NA,NA,NA,NA,NA,NA,NA,NA,NA,NA,NA,NA,NA,NA,NA,NA,NA,NA,NA,NA,NA,NA,NA,NA,NA,NA,NA,NA,NA,NA
NA,NA,NA,NA,NA,NA,NA,NA,NA,NA,NA,NA,NA,NA,NA,NA,245,2025-10-10,16:55:07,2,1,"Thomas, Parker",814826,Right,GEO_PAT,"Smith, Cooper",1000469293,Right,GEO_PAT,Undefined,8,Bottom,0,0,0,Fastball,Changeup,BallCalled,Undefined,Undefined,Undefined,0,0,NA,88.25326,-1.219919,-2.34859,1624.406202,257.004591,02:30:00,5.68047,2.44542,6.09634,-30.84663,4.61803,15.36958,1.98041,1.55263,81.24353,-6.933047,0.422072,0.428617,NA,NA,NA,NA,NA,NA,NA,NA,NA,NA,NA,-8.53497,3.05551,-2.27221,50,5.57021,4.63211,-128.22627,-3.76799,-14.2649,25.5558,-27.06724,GEO_PAT,GEO_PAT,SpuhlerFieldMain,TeamExclusive,Team,20251010-SpuhlerFieldMain-Private-2,6731a540-a61b-11f0-9d1c-cb0542a47c13,87.93966,NA,NA,7.00974,NA,NA,NA,NA,NA,NA,e373a8f3-b551-4f4e-929b-9412fc5d6156,2025-10-10,20:55:07,2025-10-10T20:55:07Z,2025-10-10T20:55:07Z,NA,v3,471300,471300,NA,"Vaughan, Logan",1000232024,Right,GEO_PAT,6b7a5dff-d4e9-425c-b9bd-e00d87f45d81,54.40663,-129.10154,12.7779,5.68339,-2.84096,-13.53362,-2.43922,5.12068,-7.13245,NA,NA,NA,NA,NA,NA,NA,NA,NA,NA,NA,NA,NA,NA,NA,NA,NA,NA,NA,NA,NA,NA,NA,NA,NA,NA,NA,NA,NA,NA,NA,NA,NA,NA,NA,NA,NA,NA,NA,NA,NA,NA,NA,NA,NA,NA,NA,NA,NA,NA,High,High,High,NA,NA,NA,NA,NA,NA,NA,NA,NA,NA,NA,NA,NA,NA,NA,NA,NA,NA,NA,NA,NA,NA,NA,NA,NA,NA,NA,NA,NA,NA,NA,NA,NA,NA,NA,NA,NA,NA,NA,NA,NA,NA,NA,NA,NA,NA,NA,NA,NA,NA,NA,NA,NA,NA,NA,NA,NA
NA,NA,NA,NA,NA,NA,NA,NA,NA,NA,NA,NA,NA,NA,NA,NA,246,2025-10-10,16:55:25,2,2,"Thomas, Parker",814826,Right,GEO_PAT,"Smith, Cooper",1000469293,Right,GEO_PAT,Undefined,8,Bottom,0,1,0,Fastball,Changeup,InPlay,Undefined,LineDrive,Triple,0,1,NA,88.23297,-1.268226,-4.203647,1744.939961,244.541566,02:15:00,5.74396,2.62109,6.35615,-26.95557,8.25646,15.09686,2.327,0.00303,81.13284,-6.307201,-1.478019,0.427088,98.47252,12.328422,13.760525,2284.166584,105.43053,19.37173,31.37301,262.77904,262.77904,20.908934,2.52444,-9.01863,4.95898,-2.32276,50,5.639,8.8311,-128.03015,-3.67391,-15.04068,25.25508,-23.90383,GEO_PAT,GEO_PAT,SpuhlerFieldMain,TeamExclusive,Team,20251010-SpuhlerFieldMain-Private-2,7207d890-a61b-11f0-9d1c-cb0542a47c13,88.25458,20.69133,NA,7.10013,NA,NA,NA,0.86101,2.27858,0.00691,e373a8f3-b551-4f4e-929b-9412fc5d6156,2025-10-10,20:55:25,2025-10-10T20:55:25Z,2025-10-10T20:55:25Z,LineDrive,v3,471300,471300,NA,"Vaughan, Logan",1000232024,Right,GEO_PAT,9a8ccd91-52e1-4cbb-b61b-1ff2f0234a5f,54.14777,-128.84573,12.62754,5.74518,-2.90197,-11.95191,-2.61579,9.31682,-7.52034,227.53307,0.86098,137.04738,-24.77152,5.36457,-1.03735,0.14083,-0.00301,-0.00312,4.3e-4,2.27866,30.83329,-13.15082,0.27085,-0.17916,0.17624,-0.07983,0.01842,-0.00172,0.00698,33.55877,3.22672,-1.18071,0.1792,0.06435,-0.04796,0.01219,-0.00118,NA,NA,NA,NA,NA,NA,NA,NA,NA,NA,NA,NA,NA,NA,NA,NA,NA,NA,NA,NA,NA,NA,High,High,High,High,High,NA,NA,NA,NA,NA,NA,NA,NA,NA,NA,NA,NA,NA,NA,NA,NA,NA,NA,NA,NA,NA,NA,NA,NA,NA,NA,NA,NA,NA,NA,NA,NA,NA,NA,NA,NA,NA,NA,NA,NA,NA,NA,NA,NA,NA,NA,NA,NA,NA,NA,NA,NA,NA,NA,NA
NA,NA,NA,NA,NA,NA,NA,NA,NA,NA,NA,NA,NA,NA,NA,NA,247,2025-10-10,16:56:12,3,1,"Thomas, Parker",814826,Right,GEO_PAT,"Morse, Jackson",1000469270,Right,GEO_PAT,Undefined,8,Bottom,0,0,0,Cutter,Slider,BallCalled,Undefined,Undefined,Undefined,0,0,NA,82.78244,-0.916404,-3.374761,2111.611448,108.087775,09:30:00,5.8069,2.61571,5.85881,-37.75939,3.36795,-6.23815,1.80729,-1.04331,75.8328,-7.859151,-4.491137,0.461569,NA,NA,NA,NA,NA,NA,NA,NA,NA,NA,NA,2.19732,2.39595,-2.33779,50,5.71043,7.32148,-120.01248,-3.16246,3.18598,24.49324,-28.70007,GEO_PAT,GEO_PAT,SpuhlerFieldMain,TeamExclusive,Team,20251010-SpuhlerFieldMain-Private-2,8e379320-a61b-11f0-9d1c-cb0542a47c13,81.66151,NA,NA,6.94964,NA,NA,NA,NA,NA,NA,e373a8f3-b551-4f4e-929b-9412fc5d6156,2025-10-10,20:56:12,2025-10-10T20:56:12Z,2025-10-10T20:56:12Z,NA,v3,471300,471300,NA,"Vaughan, Logan",1000232024,Right,GEO_PAT,094b8179-70b4-47d7-bf38-69ee4c5f7c8d,54.64274,-120.9563,12.24662,5.81098,-2.05653,-14.35004,-2.61755,7.19871,1.59299,NA,NA,NA,NA,NA,NA,NA,NA,NA,NA,NA,NA,NA,NA,NA,NA,NA,NA,NA,NA,NA,NA,NA,NA,NA,NA,NA,NA,NA,NA,NA,NA,NA,NA,NA,NA,NA,NA,NA,NA,NA,NA,NA,NA,NA,NA,NA,NA,NA,NA,High,High,High,NA,NA,NA,NA,NA,NA,NA,NA,NA,NA,NA,NA,NA,NA,NA,NA,NA,NA,NA,NA,NA,NA,NA,NA,NA,NA,NA,NA,NA,NA,NA,NA,NA,NA,NA,NA,NA,NA,NA,NA,NA,NA,NA,NA,NA,NA,NA,NA,NA,NA,NA,NA,NA,NA,NA,NA,NA
NA,NA,NA,NA,NA,NA,NA,NA,NA,NA,NA,NA,NA,NA,NA,NA,248,2025-10-10,16:56:29,3,2,"Thomas, Parker",814826,Right,GEO_PAT,"Morse, Jackson",1000469270,Right,GEO_PAT,Undefined,8,Bottom,0,1,0,Cutter,Slider,StrikeCalled,Undefined,Undefined,Undefined,0,0,NA,81.803210000000007,-1.244411,-2.611302,2112.940461,109.490267,09:45:00,5.47589,2.81164,5.87639,-38.19368,3.89126,-7.09878,1.13588,-0.207,74.91955,-8.271806,-3.8843,0.466912,NA,NA,NA,NA,NA,NA,NA,NA,NA,NA,NA,2.86358,2.76941,-2.59617,50,5.35306,5.68476,-118.65704,-3.81134,4.05354,24.21603,-28.25382,GEO_PAT,GEO_PAT,SpuhlerFieldMain,TeamExclusive,Team,20251010-SpuhlerFieldMain-Private-2,9851f080-a61b-11f0-9d1c-cb0542a47c13,80.72713,NA,NA,6.88366,NA,NA,NA,NA,NA,NA,e373a8f3-b551-4f4e-929b-9412fc5d6156,2025-10-10,20:56:29,2025-10-10T20:56:29Z,2025-10-10T20:56:29Z,NA,v3,471300,471300,NA,"Vaughan, Logan",1000232024,Right,GEO_PAT,a517b34d-eef5-4c46-9d9b-58d3f526cd45,54.62532,-119.59726,12.10802,5.47975,-2.71434,-14.12691,-2.81384,5.52737,2.02677,NA,NA,NA,NA,NA,NA,NA,NA,NA,NA,NA,NA,NA,NA,NA,NA,NA,NA,NA,NA,NA,NA,NA,NA,NA,NA,NA,NA,NA,NA,NA,NA,NA,NA,NA,NA,NA,NA,NA,NA,NA,NA,NA,NA,NA,NA,NA,NA,NA,NA,High,High,High,NA,NA,NA,NA,NA,NA,NA,NA,NA,NA,NA,NA,NA,NA,NA,NA,NA,NA,NA,NA,NA,NA,NA,NA,NA,NA,NA,NA,NA,NA,NA,NA,NA,NA,NA,NA,NA,NA,NA,NA,NA,NA,NA,NA,NA,NA,NA,NA,NA,NA,NA,NA,NA,NA,NA,NA,NA
NA,NA,NA,NA,NA,NA,NA,NA,NA,NA,NA,NA,NA,NA,NA,NA,249,2025-10-10,16:56:46,3,3,"Thomas, Parker",814826,Right,GEO_PAT,"Morse, Jackson",1000469270,Right,GEO_PAT,Undefined,8,Bottom,0,1,1,Sweeper,Slider,BallCalled,Undefined,Undefined,Undefined,0,0,NA,77.68219,0.752675,-1.792764,2261.73924,92.415957,09:00:00,5.58344,2.76674,5.77815,-44.30825,2.10976,-17.26973,2.59185,-0.34116,71.64232,-7.376391,-4.882659,0.49036,NA,NA,NA,NA,NA,NA,NA,NA,NA,NA,NA,8.27579,1.33331,-2.60838,50,5.61908,4.18119,-112.84799,0.08106,10.68259,20.34058,-30.45297,GEO_PAT,GEO_PAT,SpuhlerFieldMain,TeamExclusive,Team,20251010-SpuhlerFieldMain-Private-2,a23f9890-a61b-11f0-9d1c-cb0542a47c13,76.86693,NA,NA,6.03987,NA,NA,NA,NA,NA,NA,e373a8f3-b551-4f4e-929b-9412fc5d6156,2025-10-10,20:56:46,2025-10-10T20:56:46Z,2025-10-10T20:56:46Z,NA,v3,471300,471300,NA,"Vaughan, Logan",1000232024,Right,GEO_PAT,294d1b31-5e2d-4d6c-8365-5583871db029,54.7248,-113.69643,10.17029,5.58921,1.35131,-15.22648,-2.77349,3.7356,5.34129,NA,NA,NA,NA,NA,NA,NA,NA,NA,NA,NA,NA,NA,NA,NA,NA,NA,NA,NA,NA,NA,NA,NA,NA,NA,NA,NA,NA,NA,NA,NA,NA,NA,NA,NA,NA,NA,NA,NA,NA,NA,NA,NA,NA,NA,NA,NA,NA,NA,NA,High,High,High,NA,NA,NA,NA,NA,NA,NA,NA,NA,NA,NA,NA,NA,NA,NA,NA,NA,NA,NA,NA,NA,NA,NA,NA,NA,NA,NA,NA,NA,NA,NA,NA,NA,NA,NA,NA,NA,NA,NA,NA,NA,NA,NA,NA,NA,NA,NA,NA,NA,NA,NA,NA,NA,NA,NA,NA,NA
NA,NA,NA,NA,NA,NA,NA,NA,NA,NA,NA,NA,NA,NA,NA,NA,250,2025-10-10,16:57:04,3,4,"Thomas, Parker",814826,Right,GEO_PAT,"Morse, Jackson",1000469270,Right,GEO_PAT,Undefined,8,Bottom,0,2,1,Cutter,Slider,StrikeCalled,Undefined,Undefined,Undefined,0,0,NA,82.43947,0.546977,-1.94502,1997.512305,131.649857,10:30:00,5.71057,2.66526,5.94106,-36.46659,4.50642,-3.65973,3.17941,0.55524,75.6847,-6.197521,-2.602025,0.460702,NA,NA,NA,NA,NA,NA,NA,NA,NA,NA,NA,1.33374,2.57681,-2.50812,50,5.73384,4.21013,-119.73493,-0.03542,1.93911,22.79707,-28.42771,GEO_PAT,GEO_PAT,SpuhlerFieldMain,TeamExclusive,Team,20251010-SpuhlerFieldMain-Private-2,ad22eb40-a61b-11f0-9d1c-cb0542a47c13,81.81517,NA,NA,6.75477,NA,NA,NA,NA,NA,NA,e373a8f3-b551-4f4e-929b-9412fc5d6156,2025-10-10,20:57:04,2025-10-10T20:57:04Z,2025-10-10T20:57:04Z,NA,v3,471300,471300,NA,"Vaughan, Logan",1000232024,Right,GEO_PAT,050fd11d-d077-4469-9f9a-61fd579c4c9b,54.55993,-120.59999,11.39853,5.71471,1.04331,-14.21386,-2.66648,4.13655,0.96955,NA,NA,NA,NA,NA,NA,NA,NA,NA,NA,NA,NA,NA,NA,NA,NA,NA,NA,NA,NA,NA,NA,NA,NA,NA,NA,NA,NA,NA,NA,NA,NA,NA,NA,NA,NA,NA,NA,NA,NA,NA,NA,NA,NA,NA,NA,NA,NA,NA,NA,High,High,High,NA,NA,NA,NA,NA,NA,NA,NA,NA,NA,NA,NA,NA,NA,NA,NA,NA,NA,NA,NA,NA,NA,NA,NA,NA,NA,NA,NA,NA,NA,NA,NA,NA,NA,NA,NA,NA,NA,NA,NA,NA,NA,NA,NA,NA,NA,NA,NA,NA,NA,NA,NA,NA,NA,NA,NA,NA
NA,NA,NA,NA,NA,NA,NA,NA,NA,NA,NA,NA,NA,NA,NA,NA,251,2025-10-10,16:57:23,3,5,"Thomas, Parker",814826,Right,GEO_PAT,"Morse, Jackson",1000469270,Right,GEO_PAT,Undefined,8,Bottom,0,2,2,Sweeper,Curveball,BallCalled,Undefined,Undefined,Undefined,0,0,NA,74.889,-0.876622,-1.157911,2220.686674,90.727982,09:00:00,5.59129,2.78145,5.6265,-48.47282,1.76654,-20.28812,0.73362,0.0101,69.42497,-9.692942,-4.786536,0.510145,NA,NA,NA,NA,NA,NA,NA,NA,NA,NA,NA,10.03847,1.56882,-2.66928,50,5.48523,2.92448,-108.81774,-3.16733,12.0329,19.15055,-30.29351,GEO_PAT,GEO_PAT,SpuhlerFieldMain,TeamExclusive,Team,20251010-SpuhlerFieldMain-Private-2,b839aa00-a61b-11f0-9d1c-cb0542a47c13,73.88574,NA,NA,5.46402,NA,NA,NA,NA,NA,NA,e373a8f3-b551-4f4e-929b-9412fc5d6156,2025-10-10,20:57:23,2025-10-10T20:57:23Z,2025-10-10T20:57:23Z,NA,v3,471300,471300,NA,"Vaughan, Logan",1000232024,Right,GEO_PAT,e94c79dd-fbc1-4aba-ab88-a5cdaf678f07,54.87831,-109.6729,9.57528,5.59646,-1.81458,-15.14676,-2.78787,2.38716,6.01645,NA,NA,NA,NA,NA,NA,NA,NA,NA,NA,NA,NA,NA,NA,NA,NA,NA,NA,NA,NA,NA,NA,NA,NA,NA,NA,NA,NA,NA,NA,NA,NA,NA,NA,NA,NA,NA,NA,NA,NA,NA,NA,NA,NA,NA,NA,NA,NA,NA,NA,High,High,High,NA,NA,NA,NA,NA,NA,NA,NA,NA,NA,NA,NA,NA,NA,NA,NA,NA,NA,NA,NA,NA,NA,NA,NA,NA,NA,NA,NA,NA,NA,NA,NA,NA,NA,NA,NA,NA,NA,NA,NA,NA,NA,NA,NA,NA,NA,NA,NA,NA,NA,NA,NA,NA,NA,NA,NA,NA
NA,NA,NA,NA,NA,NA,NA,NA,NA,NA,NA,NA,NA,NA,NA,NA,252,2025-10-10,16:57:42,3,6,"Thomas, Parker",814826,Right,GEO_PAT,"Morse, Jackson",1000469270,Right,GEO_PAT,Undefined,8,Bottom,0,3,2,Fastball,Changeup,StrikeCalled,Strikeout,Undefined,Undefined,0,0,NA,88.35674,-1.946967,-3.903394,1780.73763,239.948029,02:00:00,5.68016,2.68777,6.18967,-25.29407,9.99205,15.43737,1.76974,0.36448,81.40435,-6.664745,-1.123019,0.427537,NA,NA,NA,NA,NA,NA,NA,NA,NA,NA,NA,-9.00189,6.01024,-2.40058,50,5.52007,8.13076,-128.18717,-5.16503,-15.08056,24.80437,-22.10529,GEO_PAT,GEO_PAT,SpuhlerFieldMain,TeamExclusive,Team,20251010-SpuhlerFieldMain-Private-2,c3d32d50-a61b-11f0-9d1c-cb0542a47c13,88.16187,NA,NA,6.95239,NA,NA,NA,NA,NA,NA,e373a8f3-b551-4f4e-929b-9412fc5d6156,2025-10-10,20:57:42,2025-10-10T20:57:42Z,2025-10-10T20:57:42Z,NA,v3,471300,471300,NA,"Vaughan, Logan",1000232024,Right,GEO_PAT,d5d2d744-7fa2-4457-bb82-63f37c3fe716,54.31355,-129.01914,12.40219,5.68088,-4.42358,-11.05265,-2.68178,8.63658,-7.54028,NA,NA,NA,NA,NA,NA,NA,NA,NA,NA,NA,NA,NA,NA,NA,NA,NA,NA,NA,NA,NA,NA,NA,NA,NA,NA,NA,NA,NA,NA,NA,NA,NA,NA,NA,NA,NA,NA,NA,NA,NA,NA,NA,NA,NA,NA,NA,NA,NA,NA,High,High,High,NA,NA,NA,NA,NA,NA,NA,NA,NA,NA,NA,NA,NA,NA,NA,NA,NA,NA,NA,NA,NA,NA,NA,NA,NA,NA,NA,NA,NA,NA,NA,NA,NA,NA,NA,NA,NA,NA,NA,NA,NA,NA,NA,NA,NA,NA,NA,NA,NA,NA,NA,NA,NA,NA,NA,NA,NA
NA,NA,NA,NA,NA,NA,NA,NA,NA,NA,NA,NA,NA,NA,NA,NA,253,2025-10-10,16:58:10,4,1,"Thomas, Parker",814826,Right,GEO_PAT,"O'Hara, Austin",10144739,Right,GEO_PAT,Undefined,8,Bottom,1,0,0,Sweeper,Slider,StrikeSwinging,Undefined,Undefined,Undefined,0,0,NA,77.26509,-0.580084,-2.85815,2192.230113,86.474789,09:00:00,5.55454,2.74827,5.69436,-46.92605,0.56158,-15.44607,1.10272,-1.20486,71.07875,-9.140224,-5.616357,0.495977,NA,NA,NA,NA,NA,NA,NA,NA,NA,NA,NA,7.01587,0.91307,-2.49807,50,5.47649,6.16965,-112.07277,-2.6286,8.86009,21.59205,-31.02097,GEO_PAT,GEO_PAT,SpuhlerFieldMain,TeamExclusive,Team,20251010-SpuhlerFieldMain-Private-2,d4837c40-a61b-11f0-9d1c-cb0542a47c13,75.99636,NA,NA,6.18635,NA,NA,NA,NA,NA,NA,e373a8f3-b551-4f4e-929b-9412fc5d6156,2025-10-10,20:58:10,2025-10-10T20:58:10Z,2025-10-10T20:58:10Z,NA,v3,471300,471300,NA,"Vaughan, Logan",1000232024,Right,GEO_PAT,abb5ea7d-05b7-48e9-8c05-2924cb73a20e,54.80855,-112.99539,10.79603,5.5605,-1.30308,-15.51049,-2.75361,5.79106,4.43005,NA,NA,NA,NA,NA,NA,NA,NA,NA,NA,NA,NA,NA,NA,NA,NA,NA,NA,NA,NA,NA,NA,NA,NA,NA,NA,NA,NA,NA,NA,NA,NA,NA,NA,NA,NA,NA,NA,NA,NA,NA,NA,NA,NA,NA,NA,NA,NA,NA,NA,High,High,High,NA,NA,NA,NA,NA,NA,NA,NA,NA,NA,NA,NA,NA,NA,NA,NA,NA,NA,NA,NA,NA,NA,NA,NA,NA,NA,NA,NA,NA,NA,NA,NA,NA,NA,NA,NA,NA,NA,NA,NA,NA,NA,NA,NA,NA,NA,NA,NA,NA,NA,NA,NA,NA,NA,NA,NA,NA
NA,NA,NA,NA,NA,NA,NA,NA,NA,NA,NA,NA,NA,NA,NA,NA,254,2025-10-10,16:58:32,4,2,"Thomas, Parker",814826,Right,GEO_PAT,"O'Hara, Austin",10144739,Right,GEO_PAT,Undefined,8,Bottom,1,0,1,Sweeper,Slider,StrikeCalled,Undefined,Undefined,Undefined,0,0,NA,78.62863,0.620669,-1.201652,2247.972917,90.460878,09:00:00,5.64137,2.73445,5.70817,-43.8025,1.42043,-14.40087,2.56962,0.41458,72.72192,-7.398834,-3.777815,0.484006,NA,NA,NA,NA,NA,NA,NA,NA,NA,NA,NA,6.98851,0.99457,-2.62481,50,5.66625,2.94659,-114.28845,-0.18448,9.2925,20.01434,-30.85158,GEO_PAT,GEO_PAT,SpuhlerFieldMain,TeamExclusive,Team,20251010-SpuhlerFieldMain-Private-2,e13f5f80-a61b-11f0-9d1c-cb0542a47c13,77.87594,NA,NA,5.90671,NA,NA,NA,NA,NA,NA,e373a8f3-b551-4f4e-929b-9412fc5d6156,2025-10-10,20:58:32,2025-10-10T20:58:32Z,2025-10-10T20:58:32Z,NA,v3,471300,471300,NA,"Vaughan, Logan",1000232024,Right,GEO_PAT,beb1810e-0e22-4f7c-b611-bfbfdc33de61,54.79518,-115.12513,10.00717,5.647,1.10523,-15.42579,-2.73987,2.55813,4.64625,NA,NA,NA,NA,NA,NA,NA,NA,NA,NA,NA,NA,NA,NA,NA,NA,NA,NA,NA,NA,NA,NA,NA,NA,NA,NA,NA,NA,NA,NA,NA,NA,NA,NA,NA,NA,NA,NA,NA,NA,NA,NA,NA,NA,NA,NA,NA,NA,NA,NA,High,High,High,NA,NA,NA,NA,NA,NA,NA,NA,NA,NA,NA,NA,NA,NA,NA,NA,NA,NA,NA,NA,NA,NA,NA,NA,NA,NA,NA,NA,NA,NA,NA,NA,NA,NA,NA,NA,NA,NA,NA,NA,NA,NA,NA,NA,NA,NA,NA,NA,NA,NA,NA,NA,NA,NA,NA,NA,NA
NA,NA,NA,NA,NA,NA,NA,NA,NA,NA,NA,NA,NA,NA,NA,NA,255,2025-10-10,16:58:52,4,3,"Thomas, Parker",814826,Right,GEO_PAT,"O'Hara, Austin",10144739,Right,GEO_PAT,Undefined,8,Bottom,1,0,2,Sweeper,Slider,StrikeSwinging,Strikeout,Undefined,Undefined,0,0,NA,77.9584,0.720699,-0.646649,2253.074866,102.20575,09:30:00,5.6182,2.76651,5.60994,-41.53439,4.32547,-14.2708,2.82983,0.97363,72.46811,-6.874981,-3.195108,0.487402,58.03566,20.280797,168.747409,2722.614904,NA,NA,NA,114.2397,50.48608,168.687703,1.596901,7.21071,2.30886,-2.70127,50,5.65237,1.79448,-113.4148,0.10606,9.50088,18.49024,-29.1319,GEO_PAT,GEO_PAT,SpuhlerFieldMain,TeamExclusive,Team,20251010-SpuhlerFieldMain-Private-2,ed8ffdd0-a61b-11f0-9d1c-cb0542a47c13,77.33331,13.49377,NA,5.49029,NA,NA,NA,2.57155,2.95204,-1.02441,e373a8f3-b551-4f4e-929b-9412fc5d6156,2025-10-10,20:58:52,2025-10-10T20:58:52Z,2025-10-10T20:58:52Z,LineDrive,v3,471300,471300,NA,"Vaughan, Logan",1000232024,Right,GEO_PAT,83eb7183-a9bd-4d72-8e75-7d0398ab03ee,54.89606,-114.21023,9.24512,5.62085,1.35927,-14.56595,-2.76968,1.38576,4.75044,356.290874,2.57155,-78.30714,4.14781,-0.07997,-0.04364,0.1445,-0.14063,0.07606,-0.01644,2.95204,29.5042,-21.73424,1.74697,-0.38567,0.11,-0.04146,0.01455,-0.0021,-1.02441,15.57996,-1.09043,0.43652,-0.10653,0.04205,-0.02237,0.01001,-0.00193,NA,NA,NA,NA,NA,NA,NA,NA,NA,NA,NA,NA,NA,NA,NA,NA,NA,NA,NA,NA,NA,NA,High,High,High,High,Medium,NA,NA,NA,NA,NA,NA,NA,NA,NA,NA,NA,NA,NA,NA,NA,NA,NA,NA,NA,NA,NA,NA,NA,NA,NA,NA,NA,NA,NA,NA,NA,NA,NA,NA,NA,NA,NA,NA,NA,NA,NA,NA,NA,NA,NA,NA,NA,NA,NA,NA,NA,NA,NA,NA,NA
NA,NA,NA,NA,NA,NA,NA,NA,NA,NA,NA,NA,NA,NA,NA,NA,256,2025-10-10,16:59:23,5,1,"Thomas, Parker",814826,Right,GEO_PAT,"Clyne , Owen",1000230336,Left,GEO_PAT,Undefined,8,Bottom,2,0,0,Sweeper,Slider,BallCalled,Undefined,Undefined,Undefined,0,0,NA,77.29716,0.327855,-2.813705,2273.087817,79.883894,08:45:00,5.70683,2.73626,5.4263,-49.16888,-1.03646,-14.7865,1.91688,-1.13356,70.67603,-8.622749,-5.440306,0.499333,NA,NA,NA,NA,NA,NA,NA,NA,NA,NA,NA,6.52788,-0.08949,-2.47607,50,5.70222,6.08741,-112.01526,-1.00591,8.20368,22.29089,-32.28654,GEO_PAT,GEO_PAT,SpuhlerFieldMain,TeamExclusive,Team,20251010-SpuhlerFieldMain-Private-2,002a6980-a61c-11f0-9d1c-cb0542a47c13,75.48558,NA,NA,6.62113,NA,NA,NA,NA,NA,NA,e373a8f3-b551-4f4e-929b-9412fc5d6156,2025-10-10,20:59:23,2025-10-10T20:59:23Z,2025-10-10T20:59:23Z,NA,v3,471300,471300,NA,"Vaughan, Logan",1000232024,Right,GEO_PAT,79d48c70-1cca-42ac-baf3-7cfb094ae97c,55.0751,-113.02069,11.14545,5.71475,0.45037,-16.14327,-2.7423,5.71739,4.10184,NA,NA,NA,NA,NA,NA,NA,NA,NA,NA,NA,NA,NA,NA,NA,NA,NA,NA,NA,NA,NA,NA,NA,NA,NA,NA,NA,NA,NA,NA,NA,NA,NA,NA,NA,NA,NA,NA,NA,NA,NA,NA,NA,NA,NA,NA,NA,NA,NA,NA,High,High,High,NA,NA,NA,NA,NA,NA,NA,NA,NA,NA,NA,NA,NA,NA,NA,NA,NA,NA,NA,NA,NA,NA,NA,NA,NA,NA,NA,NA,NA,NA,NA,NA,NA,NA,NA,NA,NA,NA,NA,NA,NA,NA,NA,NA,NA,NA,NA,NA,NA,NA,NA,NA,NA,NA,NA,NA,NA
NA,NA,NA,NA,NA,NA,NA,NA,NA,NA,NA,NA,NA,NA,NA,NA,257,2025-10-10,16:59:40,5,2,"Thomas, Parker",814826,Right,GEO_PAT,"Clyne , Owen",1000230336,Left,GEO_PAT,Undefined,8,Bottom,2,1,0,Cutter,Changeup,FoulBallNotFieldable,Undefined,Undefined,Undefined,0,0,NA,82.56985,-0.067821,-3.03335,1465.166023,266.665572,03:00:00,5.6032400000000004,2.64261,6.3513,-38.10352,2.05886,14.45831,2.36544,1.05261,75.99596,-7.145059,-0.416755,0.456122,66.84531,18.110174,-145.055239,3181.81073,NA,NA,NA,114.6278,58.61926,-150.168991,1.39926,-8.37808,1.44823,-2.42885,50,5.58043,5.83545,-119.98806,-1.29723,-12.24705,22.63102,-30.05702,GEO_PAT,GEO_PAT,SpuhlerFieldMain,TeamExclusive,Team,20251010-SpuhlerFieldMain-Private-2,0a489770-a61c-11f0-9d1c-cb0542a47c13,82.63674,11.69446,NA,6.57389,NA,NA,NA,0.76504,2.3328700000000002,-1.0628,e373a8f3-b551-4f4e-929b-9412fc5d6156,2025-10-10,20:59:40,2025-10-10T20:59:40Z,2025-10-10T20:59:40Z,LineDrive,v3,471300,471300,NA,"Vaughan, Logan",1000232024,Right,GEO_PAT,54a2be65-7449-4b87-b667-31d2ac11ace0,54.15281,-120.76878,11.31551,5.60729,-0.26033,-15.02851,-2.63745,6.25795,-6.12353,NA,0.76504,-76.38237,2.25228,1.23211,-0.44093,0.14112,-0.03042,0.00586,-7.3e-4,2.3328700000000002,30.47515,-26.72071,3.49731,-0.75833,0.1525,-0.02562,0.00466,-5e-4,-1.0628,-53.37384,11.42952,-1.7379,0.33322,-0.03511,0.00344,-5.1e-4,-5e-5,NA,NA,NA,NA,NA,NA,NA,NA,NA,NA,NA,NA,NA,NA,NA,NA,NA,NA,NA,NA,NA,NA,High,High,High,High,Medium,NA,NA,NA,NA,NA,NA,NA,NA,NA,NA,NA,NA,NA,NA,NA,NA,NA,NA,NA,NA,NA,NA,NA,NA,NA,NA,NA,NA,NA,NA,NA,NA,NA,NA,NA,NA,NA,NA,NA,NA,NA,NA,NA,NA,NA,NA,NA,NA,NA,NA,NA,NA,NA,NA,NA
NA,NA,NA,NA,NA,NA,NA,NA,NA,NA,NA,NA,NA,NA,NA,NA,258,2025-10-10,16:59:59,5,3,"Thomas, Parker",814826,Right,GEO_PAT,"Clyne , Owen",1000230336,Left,GEO_PAT,Undefined,8,Bottom,2,1,1,Cutter,Slider,FoulBallNotFieldable,Undefined,Undefined,Undefined,0,0,NA,83.31667,-0.493849,-3.137156,2203.296823,117.546846,10:00:00,5.56579,2.86515,5.90431,-36.36541,3.86079,-5.06611,2.07619,-0.47222,76.71292,-7.186834,-4.044772,0.456484,76.56069,52.74307,-52.934665,5575.832618,43.49065,87.05636,-101.0372,187.31105,82.7113,-72.246547,4.440838,1.75642,2.44622,-2.60972,50,5.50498,6.82149,-120.93632,-2.22629,2.60365,23.37856,-28.54785,GEO_PAT,GEO_PAT,SpuhlerFieldMain,TeamExclusive,Team,20251010-SpuhlerFieldMain-Private-2,154f9ec0-a61c-11f0-9d1c-cb0542a47c13,82.57118,87.05681,NA,6.60374,NA,NA,NA,1.64733,2.17448,0.15801,e373a8f3-b551-4f4e-929b-9412fc5d6156,2025-10-10,20:59:59,2025-10-10T20:59:59Z,2025-10-10T20:59:59Z,Popup,v3,471300,471300,NA,"Vaughan, Logan",1000232024,Right,GEO_PAT,e232744b-7cbb-48f8-b179-8afe4676b231,54.5992,-121.82216,11.68928,5.56884,-1.14458,-14.27392,-2.86633,6.72283,1.30182,140.182651,1.67262,40.36529,-14.59656,0.2954,3.40753,-2.05167,0.55974,-0.07351,0.00375,2.17751,89.33443,-28.77816,3.86046,-1.13313,0.50967,-0.1777,0.03184,-0.00219,0.16543,-54.45575,3.13247,-1.34544,2.05671,-1.317,0.42049,-0.06545,0.00395,NA,NA,NA,NA,NA,NA,NA,NA,NA,NA,NA,NA,NA,NA,NA,NA,NA,NA,NA,NA,NA,NA,High,High,High,High,Low,NA,NA,NA,NA,NA,NA,NA,NA,NA,NA,NA,NA,NA,NA,NA,NA,NA,NA,NA,NA,NA,NA,NA,NA,NA,NA,NA,NA,NA,NA,NA,NA,NA,NA,NA,NA,NA,NA,NA,NA,NA,NA,NA,NA,NA,NA,NA,NA,NA,NA,NA,NA,NA,NA,NA
NA,NA,NA,NA,NA,NA,NA,NA,NA,NA,NA,NA,NA,NA,NA,NA,259,2025-10-10,17:00:27,5,4,"Thomas, Parker",814826,Right,GEO_PAT,"Clyne , Owen",1000230336,Left,GEO_PAT,Undefined,8,Bottom,2,1,2,Fastball,Changeup,BallCalled,Undefined,Undefined,Undefined,0,0,NA,88.49118,-2.196293,-4.990999,1855.335486,239.404566,02:00:00,5.61475,2.59621,6.16026,-25.18616,10.22819,15.43477,1.47813,-0.7402,81.29693,-6.893833,-2.219302,0.428313,NA,NA,NA,NA,NA,NA,NA,NA,NA,NA,NA,-9.32182,6.2124,-2.22417,50,5.4343,10.57352,-128.14164,-5.72821,-15.56645,25.41012,-21.8,GEO_PAT,GEO_PAT,SpuhlerFieldMain,TeamExclusive,Team,20251010-SpuhlerFieldMain-Private-2,25ce2f50-a61c-11f0-9d1c-cb0542a47c13,88.00215,NA,NA,7.19425,NA,NA,NA,NA,NA,NA,e373a8f3-b551-4f4e-929b-9412fc5d6156,2025-10-10,21:00:27,2025-10-10T21:00:27Z,2025-10-10T21:00:27Z,NA,v3,471300,471300,NA,"Vaughan, Logan",1000232024,Right,GEO_PAT,760d2533-ae64-4d53-b7e2-10cdd56229dd,54.34292,-128.99995,12.70506,5.61536,-4.99184,-10.9,-2.59021,11.09933,-7.78323,NA,NA,NA,NA,NA,NA,NA,NA,NA,NA,NA,NA,NA,NA,NA,NA,NA,NA,NA,NA,NA,NA,NA,NA,NA,NA,NA,NA,NA,NA,NA,NA,NA,NA,NA,NA,NA,NA,NA,NA,NA,NA,NA,NA,NA,NA,NA,NA,NA,NA,High,High,High,NA,NA,NA,NA,NA,NA,NA,NA,NA,NA,NA,NA,NA,NA,NA,NA,NA,NA,NA,NA,NA,NA,NA,NA,NA,NA,NA,NA,NA,NA,NA,NA,NA,NA,NA,NA,NA,NA,NA,NA,NA,NA,NA,NA,NA,NA,NA,NA,NA,NA,NA,NA,NA,NA,NA,NA,NA
NA,NA,NA,NA,NA,NA,NA,NA,NA,NA,NA,NA,NA,NA,NA,NA,260,2025-10-10,17:00:48,5,5,"Thomas, Parker",814826,Right,GEO_PAT,"Clyne , Owen",1000230336,Left,GEO_PAT,Undefined,8,Bottom,2,2,2,Sweeper,Curveball,BallCalled,Undefined,Undefined,Undefined,0,0,NA,77.14148,-0.611832,-2.124031,2191.44013,72.894323,08:30:00,5.65949,2.76654,5.63482,-49.99637,-2.11413,-12.05729,0.92186,-0.22091,70.69958,-9.726357,-4.279591,0.498034,NA,NA,NA,NA,NA,NA,NA,NA,NA,NA,NA,5.49311,-0.4563,-2.57774,50,5.5753,4.59855,-111.90936,-2.80474,6.8863,22.35481,-32.74608,GEO_PAT,GEO_PAT,SpuhlerFieldMain,TeamExclusive,Team,20251010-SpuhlerFieldMain-Private-2,3275c740-a61c-11f0-9d1c-cb0542a47c13,75.68253,NA,NA,6.44189,NA,NA,NA,NA,NA,NA,e373a8f3-b551-4f4e-929b-9412fc5d6156,2025-10-10,21:00:48,2025-10-10T21:00:48Z,2025-10-10T21:00:48Z,NA,v3,471300,471300,NA,"Vaughan, Logan",1000232024,Right,GEO_PAT,b15cb1bd-420b-4ff2-b6ab-7ef8a63a2860,54.86836,-112.87767,11.1774,5.66607,-1.38634,-16.37304,-2.77047,4.30026,3.44315,NA,NA,NA,NA,NA,NA,NA,NA,NA,NA,NA,NA,NA,NA,NA,NA,NA,NA,NA,NA,NA,NA,NA,NA,NA,NA,NA,NA,NA,NA,NA,NA,NA,NA,NA,NA,NA,NA,NA,NA,NA,NA,NA,NA,NA,NA,NA,NA,NA,NA,High,High,High,NA,NA,NA,NA,NA,NA,NA,NA,NA,NA,NA,NA,NA,NA,NA,NA,NA,NA,NA,NA,NA,NA,NA,NA,NA,NA,NA,NA,NA,NA,NA,NA,NA,NA,NA,NA,NA,NA,NA,NA,NA,NA,NA,NA,NA,NA,NA,NA,NA,NA,NA,NA,NA,NA,NA,NA,NA
NA,NA,NA,NA,NA,NA,NA,NA,NA,NA,NA,NA,NA,NA,NA,NA,261,2025-10-10,17:01:06,5,6,"Thomas, Parker",814826,Right,GEO_PAT,"Clyne , Owen",1000230336,Left,GEO_PAT,Undefined,8,Bottom,2,3,2,Fastball,Sinker,BallCalled,Walk,Undefined,Undefined,0,0,NA,90.19193,-2.268254,-5.416101,1885.691399,236.132762,01:45:00,5.69229,2.53593,5.94022,-22.86564,11.33327,15.39832,1.67204,-1.22038,83.30516,-6.515277,-2.666353,0.420899,NA,NA,NA,NA,NA,NA,NA,NA,NA,NA,NA,-9.1828,6.68339,-2.11115,50,5.49747,11.72233,-130.54174,-5.95164,-16.03828,24.3523,-20.50111,GEO_PAT,GEO_PAT,SpuhlerFieldMain,TeamExclusive,Team,20251010-SpuhlerFieldMain-Private-2,3d439620-a61c-11f0-9d1c-cb0542a47c13,89.55228,NA,NA,6.88678,NA,NA,NA,NA,NA,NA,e373a8f3-b551-4f4e-929b-9412fc5d6156,2025-10-10,21:01:06,2025-10-10T21:01:06Z,2025-10-10T21:01:06Z,NA,v3,471300,471300,NA,"Vaughan, Logan",1000232024,Right,GEO_PAT,f396dc13-bc6a-4e42-9f88-9f5dd56a5ac9,54.56276,-131.39016,12.17615,5.69238,-5.2374,-10.25055,-2.52928,12.28109,-8.01914,NA,NA,NA,NA,NA,NA,NA,NA,NA,NA,NA,NA,NA,NA,NA,NA,NA,NA,NA,NA,NA,NA,NA,NA,NA,NA,NA,NA,NA,NA,NA,NA,NA,NA,NA,NA,NA,NA,NA,NA,NA,NA,NA,NA,NA,NA,NA,NA,NA,NA,High,High,High,NA,NA,NA,NA,NA,NA,NA,NA,NA,NA,NA,NA,NA,NA,NA,NA,NA,NA,NA,NA,NA,NA,NA,NA,NA,NA,NA,NA,NA,NA,NA,NA,NA,NA,NA,NA,NA,NA,NA,NA,NA,NA,NA,NA,NA,NA,NA,NA,NA,NA,NA,NA,NA,NA,NA,NA,NA
NA,NA,NA,NA,NA,NA,NA,NA,NA,NA,NA,NA,NA,NA,NA,NA,262,2025-10-10,17:01:39,6,1,"Thomas, Parker",814826,Right,GEO_PAT,"Alberti, Lucas",1000145512,Right,GEO_PAT,Undefined,8,Bottom,2,0,0,Cutter,Slider,StrikeCalled,Undefined,Undefined,Undefined,0,0,NA,82.70839,-0.465498,-3.810332,2120.549039,166.46142,11:30:00,5.72754,2.68656,5.7908,-35.12045,5.88402,-1.11843,2.36682,-0.95664,76.15362,-6.925267,-4.010013,0.460879,NA,NA,NA,NA,NA,NA,NA,NA,NA,NA,NA,-0.45492,3.51807,-2.37159,50,5.66804,8.03167,-119.93028,-2.13031,-0.66474,22.48738,-27.03347,GEO_PAT,GEO_PAT,SpuhlerFieldMain,TeamExclusive,Team,20251010-SpuhlerFieldMain-Private-2,50e38af0-a61c-11f0-9d1c-cb0542a47c13,81.78379,NA,NA,6.55477,NA,NA,NA,NA,NA,NA,e373a8f3-b551-4f4e-929b-9412fc5d6156,2025-10-10,21:01:39,2025-10-10T21:01:39Z,2025-10-10T21:01:39Z,NA,v3,471300,471300,NA,"Vaughan, Logan",1000232024,Right,GEO_PAT,c342f60b-4abd-4c7f-803b-24a6f812b061,54.71087,-120.81035,11.24369,5.73071,-1.07231,-13.51674,-2.68643,8.05768,-0.33237,NA,NA,NA,NA,NA,NA,NA,NA,NA,NA,NA,NA,NA,NA,NA,NA,NA,NA,NA,NA,NA,NA,NA,NA,NA,NA,NA,NA,NA,NA,NA,NA,NA,NA,NA,NA,NA,NA,NA,NA,NA,NA,NA,NA,NA,NA,NA,NA,NA,NA,High,High,High,NA,NA,NA,NA,NA,NA,NA,NA,NA,NA,NA,NA,NA,NA,NA,NA,NA,NA,NA,NA,NA,NA,NA,NA,NA,NA,NA,NA,NA,NA,NA,NA,NA,NA,NA,NA,NA,NA,NA,NA,NA,NA,NA,NA,NA,NA,NA,NA,NA,NA,NA,NA,NA,NA,NA,NA,NA
NA,NA,NA,NA,NA,NA,NA,NA,NA,NA,NA,NA,NA,NA,NA,NA,263,2025-10-10,17:02:13,6,2,"Thomas, Parker",814826,Right,GEO_PAT,"Alberti, Lucas",1000145512,Right,GEO_PAT,Undefined,8,Bottom,2,0,1,Sweeper,Slider,BallCalled,Undefined,Undefined,Undefined,0,0,NA,79.52776,-0.928084,-2.35036,2344.623168,75.218912,08:30:00,5.69378,2.69935,5.23528,-46.80459,-1.56287,-11.05583,0.92019,-0.43254,73.6123,-9.37127,-4.31147,0.484107,NA,NA,NA,NA,NA,NA,NA,NA,NA,NA,NA,4.92949,-0.17362,-2.47416,50,5.57298,5.17474,-115.41159,-3.51288,6.65546,21.2752,-32.40846,GEO_PAT,GEO_PAT,SpuhlerFieldMain,TeamExclusive,Team,20251010-SpuhlerFieldMain-Private-2,6540dc50-a61c-11f0-9d1c-cb0542a47c13,77.85979,NA,NA,5.91546,NA,NA,NA,NA,NA,NA,e373a8f3-b551-4f4e-929b-9412fc5d6156,2025-10-10,21:02:13,2025-10-10T21:02:13Z,2025-10-10T21:02:13Z,NA,v3,471300,471300,NA,"Vaughan, Logan",1000232024,Right,GEO_PAT,a023464c-7c74-4a6d-9045-be26ca6a3f0b,55.26915,-116.37886,10.6376,5.69919,-2.03944,-16.20423,-2.70255,4.87215,3.32773,NA,NA,NA,NA,NA,NA,NA,NA,NA,NA,NA,NA,NA,NA,NA,NA,NA,NA,NA,NA,NA,NA,NA,NA,NA,NA,NA,NA,NA,NA,NA,NA,NA,NA,NA,NA,NA,NA,NA,NA,NA,NA,NA,NA,NA,NA,NA,NA,NA,NA,High,High,High,NA,NA,NA,NA,NA,NA,NA,NA,NA,NA,NA,NA,NA,NA,NA,NA,NA,NA,NA,NA,NA,NA,NA,NA,NA,NA,NA,NA,NA,NA,NA,NA,NA,NA,NA,NA,NA,NA,NA,NA,NA,NA,NA,NA,NA,NA,NA,NA,NA,NA,NA,NA,NA,NA,NA,NA,NA
NA,NA,NA,NA,NA,NA,NA,NA,NA,NA,NA,NA,NA,NA,NA,NA,264,2025-10-10,17:02:33,6,3,"Thomas, Parker",814826,Right,GEO_PAT,"Alberti, Lucas",1000145512,Right,GEO_PAT,Undefined,8,Bottom,2,1,1,Fastball,Sinker,BallCalled,Undefined,Undefined,Undefined,0,0,NA,90.29773,-1.005544,-2.138115,1972.375288,232.165787,01:45:00,5.81559,2.53339,5.85401,-22.37277,11.63894,13.72233,3.0161,1.68927,83.28738,-5.173142,0.322362,0.419745,NA,NA,NA,NA,NA,NA,NA,NA,NA,NA,NA,-7.52008,6.51304,-2.36744,50,5.72066,4.30645,-131.21731,-3.05472,-13.23993,25.21321,-20.70715,GEO_PAT,GEO_PAT,SpuhlerFieldMain,TeamExclusive,Team,20251010-SpuhlerFieldMain-Private-2,713d4020-a61c-11f0-9d1c-cb0542a47c13,89.79838,NA,NA,7.01035,NA,NA,NA,NA,NA,NA,e373a8f3-b551-4f4e-929b-9412fc5d6156,2025-10-10,21:02:33,2025-10-10T21:02:33Z,2025-10-10T21:02:33Z,NA,v3,471300,471300,NA,"Vaughan, Logan",1000232024,Right,GEO_PAT,b4902c24-b297-43fb-9c14-178e0277bbfa,54.64834,-132.10746,12.6066,5.8156,-2.32365,-10.35358,-2.52774,4.77388,-6.61997,NA,NA,NA,NA,NA,NA,NA,NA,NA,NA,NA,NA,NA,NA,NA,NA,NA,NA,NA,NA,NA,NA,NA,NA,NA,NA,NA,NA,NA,NA,NA,NA,NA,NA,NA,NA,NA,NA,NA,NA,NA,NA,NA,NA,NA,NA,NA,NA,NA,NA,High,High,High,NA,NA,NA,NA,NA,NA,NA,NA,NA,NA,NA,NA,NA,NA,NA,NA,NA,NA,NA,NA,NA,NA,NA,NA,NA,NA,NA,NA,NA,NA,NA,NA,NA,NA,NA,NA,NA,NA,NA,NA,NA,NA,NA,NA,NA,NA,NA,NA,NA,NA,NA,NA,NA,NA,NA,NA,NA
NA,NA,NA,NA,NA,NA,NA,NA,NA,NA,NA,NA,NA,NA,NA,NA,265,2025-10-10,17:03:10,6,4,"Thomas, Parker",814826,Right,GEO_PAT,"Alberti, Lucas",1000145512,Right,GEO_PAT,Undefined,8,Bottom,2,2,1,Cutter,Slider,BallCalled,Undefined,Undefined,Undefined,0,0,NA,83.99774,-1.000384,-4.002278,2102.508595,185.11366,12:15:00,5.81825,2.56409,5.77064,-31.87848,7.86433,0.59744,2.22834,-1.11692,77.43589,-6.867952,-3.895683,0.453733,NA,NA,NA,NA,NA,NA,NA,NA,NA,NA,NA,-1.35658,4.6524,-2.23288,50,5.71601,8.49564,-121.76796,-3.18624,-2.04772,22.70988,-25.1513,GEO_PAT,GEO_PAT,SpuhlerFieldMain,TeamExclusive,Team,20251010-SpuhlerFieldMain-Private-2,870ac350-a61c-11f0-9d1c-cb0542a47c13,83.07179,NA,NA,6.56186,NA,NA,NA,NA,NA,NA,e373a8f3-b551-4f4e-929b-9412fc5d6156,2025-10-10,21:03:10,2025-10-10T21:03:10Z,2025-10-10T21:03:10Z,NA,v3,471300,471300,NA,"Vaughan, Logan",1000232024,Right,GEO_PAT,7c2043db-f17e-4e68-914e-2ad82007a7b8,54.7308,-122.64708,11.35494,5.82051,-2.2126,-12.57565,-2.56329,8.57491,-1.02386,NA,NA,NA,NA,NA,NA,NA,NA,NA,NA,NA,NA,NA,NA,NA,NA,NA,NA,NA,NA,NA,NA,NA,NA,NA,NA,NA,NA,NA,NA,NA,NA,NA,NA,NA,NA,NA,NA,NA,NA,NA,NA,NA,NA,NA,NA,NA,NA,NA,NA,High,High,High,NA,NA,NA,NA,NA,NA,NA,NA,NA,NA,NA,NA,NA,NA,NA,NA,NA,NA,NA,NA,NA,NA,NA,NA,NA,NA,NA,NA,NA,NA,NA,NA,NA,NA,NA,NA,NA,NA,NA,NA,NA,NA,NA,NA,NA,NA,NA,NA,NA,NA,NA,NA,NA,NA,NA,NA,NA
NA,NA,NA,NA,NA,NA,NA,NA,NA,NA,NA,NA,NA,NA,NA,NA,266,2025-10-10,17:03:33,6,5,"Thomas, Parker",814826,Right,GEO_PAT,"Alberti, Lucas",1000145512,Right,GEO_PAT,Undefined,8,Bottom,2,3,1,Cutter,Slider,FoulBallNotFieldable,Undefined,Undefined,Undefined,0,0,NA,84.83041,-0.798962,-2.7868,2151.121667,175.987185,11:45:00,5.8326,2.67486,6.13038,-32.75021,5.40929,-0.3039,2.36395,0.07146,78.57818,-6.852728,-2.841525,0.444603,NA,NA,NA,NA,NA,NA,NA,NA,NA,NA,NA,-0.54614,3.29469,-2.46152,50,5.75411,6.01306,-123.29784,-2.75594,-0.84809,22.49694,-27.05762,GEO_PAT,GEO_PAT,SpuhlerFieldMain,TeamExclusive,Team,20251010-SpuhlerFieldMain-Private-2,94ce5290-a61c-11f0-9d1c-cb0542a47c13,84.77768,NA,NA,6.25224,NA,NA,NA,NA,NA,NA,e373a8f3-b551-4f4e-929b-9412fc5d6156,2025-10-10,21:03:33,2025-10-10T21:03:33Z,2025-10-10T21:03:33Z,NA,v3,471300,471300,NA,"Vaughan, Logan",1000232024,Right,GEO_PAT,3af8127c-d800-45e4-9885-eb94239ebf09,54.37411,-124.09337,11.24847,5.83465,-1.79913,-13.52881,-2.67468,6.04305,-0.42405,NA,NA,NA,NA,NA,NA,NA,NA,NA,NA,NA,NA,NA,NA,NA,NA,NA,NA,NA,NA,NA,NA,NA,NA,NA,NA,NA,NA,NA,NA,NA,NA,NA,NA,NA,NA,NA,NA,NA,NA,NA,NA,NA,NA,NA,NA,NA,NA,NA,NA,High,High,High,NA,NA,NA,NA,NA,NA,NA,NA,NA,NA,NA,NA,NA,NA,NA,NA,NA,NA,NA,NA,NA,NA,NA,NA,NA,NA,NA,NA,NA,NA,NA,NA,NA,NA,NA,NA,NA,NA,NA,NA,NA,NA,NA,NA,NA,NA,NA,NA,NA,NA,NA,NA,NA,NA,NA,NA,NA
NA,NA,NA,NA,NA,NA,NA,NA,NA,NA,NA,NA,NA,NA,NA,NA,267,2025-10-10,17:03:58,6,6,"Thomas, Parker",814826,Right,GEO_PAT,"Alberti, Lucas",1000145512,Right,GEO_PAT,Undefined,8,Bottom,2,3,2,Sweeper,Slider,FoulBallNotFieldable,Undefined,Undefined,Undefined,0,0,NA,77.94558,0.444291,-1.668563,2253.00175,94.988313,09:15:00,5.58226,2.74973,5.76495,-43.29522,2.94351,-17.49292,2.38803,-0.26147,71.72135,-7.505054,-4.798545,0.489412,69.13481,4.672955,170.686021,2314.175034,NA,NA,NA,43.60266,43.60266,167.069066,0.458664,8.31036,1.91917,-2.60171,50,5.59354,3.98045,-113.18575,-0.51052,10.76888,20.86847,-29.68714,GEO_PAT,GEO_PAT,SpuhlerFieldMain,TeamExclusive,Team,20251010-SpuhlerFieldMain-Private-2,a3c61c10-a61c-11f0-9d1c-cb0542a47c13,77.0158,2.90529,NA,6.22423,NA,NA,NA,2.23991,2.32467,0.24339,e373a8f3-b551-4f4e-929b-9412fc5d6156,2025-10-10,21:03:58,2025-10-10T21:03:58Z,2025-10-10T21:03:58Z,GroundBall,v3,471300,471300,NA,"Vaughan, Logan",1000232024,Right,GEO_PAT,8e61e00e-c1c0-4107-aceb-47a5eee9d09d,54.73583,-114.05557,10.43424,5.58903,0.72688,-14.84357,-2.75826,3.53159,5.38444,NA,2.25255,-100.09177,5.44995,NA,NA,NA,NA,NA,NA,2.32899,8.13676,-28.83125,NA,NA,NA,NA,NA,NA,0.23833,16.5015,9.29435,NA,NA,NA,NA,NA,NA,NA,NA,NA,NA,NA,NA,NA,NA,NA,NA,NA,NA,NA,NA,NA,NA,NA,NA,NA,NA,NA,NA,High,High,High,Low,High,NA,NA,NA,NA,NA,NA,NA,NA,NA,NA,NA,NA,NA,NA,NA,NA,NA,NA,NA,NA,NA,NA,NA,NA,NA,NA,NA,NA,NA,NA,NA,NA,NA,NA,NA,NA,NA,NA,NA,NA,NA,NA,NA,NA,NA,NA,NA,NA,NA,NA,NA,NA,NA,NA,NA
NA,NA,NA,NA,NA,NA,NA,NA,NA,NA,NA,NA,NA,NA,NA,NA,268,2025-10-10,17:04:25,6,7,"Thomas, Parker",814826,Right,GEO_PAT,"Alberti, Lucas",1000145512,Right,GEO_PAT,Undefined,8,Bottom,2,3,2,Fastball,Sinker,InPlay,Undefined,GroundBall,Out,1,0,NA,89.52305,-1.211552,-3.803709,1887.764379,240.330946,02:00:00,5.65903,2.65774,6.13038,-24.27021,10.0328,15.87273,2.51395,0.45925,82.638,-5.737867,-0.948524,0.421539,100.64457,2.536265,-14.734383,1181.91329,NA,NA,NA,73.68258,69.07875,-15.442147,0.520664,-9.22768,5.78992,-2.37506,50,5.5534,8.01443,-129.99325,-3.535,-15.94677,24.71105,-22.16825,GEO_PAT,GEO_PAT,SpuhlerFieldMain,TeamExclusive,Team,20251010-SpuhlerFieldMain-Private-2,b430af70-a61c-11f0-9d1c-cb0542a47c13,89.41632,3.04232,NA,6.88505,NA,NA,NA,1.86366,2.58281,-0.48292,e373a8f3-b551-4f4e-929b-9412fc5d6156,2025-10-10,21:04:25,2025-10-10T21:04:25Z,2025-10-10T21:04:25Z,GroundBall,v3,471300,471300,NA,"Vaughan, Logan",1000232024,Right,GEO_PAT,03ad03be-5dfc-4789-8b24-67731c9a5ab6,54.37444,-130.82216,12.35553,5.65951,-2.79138,-11.08412,-2.65287,8.54935,-7.97339,30.975597,1.87989,142.19921,-18.11408,NA,NA,NA,NA,NA,NA,2.60083,6.06687,-21.30902,NA,NA,NA,NA,NA,NA,-0.48151,-37.54364,1.5077,NA,NA,NA,NA,NA,NA,NA,NA,NA,NA,NA,NA,NA,NA,NA,NA,NA,NA,NA,NA,NA,NA,NA,NA,NA,NA,NA,NA,High,High,High,High,High,NA,NA,NA,NA,NA,NA,NA,NA,NA,NA,NA,NA,NA,NA,NA,NA,NA,NA,NA,NA,NA,NA,NA,NA,NA,NA,NA,NA,NA,NA,NA,NA,NA,NA,NA,NA,NA,NA,NA,NA,NA,NA,NA,NA,NA,NA,NA,NA,NA,NA,NA,NA,NA,NA,NA
NA,NA,NA,NA,NA,NA,NA,NA,NA,NA,NA,NA,NA,NA,NA,NA,269,2025-10-10,17:07:32,1,1,"Kelsey, Carter",1000469297,Right,GEO_PAT,"McCarthy, Jack",1000469298,Right,GEO_PAT,Undefined,9,Top,0,0,0,Slider,Slider,StrikeCalled,Undefined,Undefined,Undefined,0,0,NA,79.7924,0.104604,-1.778403,2302.349183,110.069638,09:45:00,6.15007,2.36142,5.23573,-39.26384,5.63461,-11.69772,2.97645,-0.2856,73.45998,-7.049174,-3.851214,0.482267,NA,NA,NA,NA,NA,NA,NA,NA,NA,NA,NA,5.35646,3.21394,-2.18865,50,6.13053,4.07335,-115.80442,-1.14735,7.28921,21.19914,-27.80043,GEO_PAT,GEO_PAT,SpuhlerFieldMain,TeamExclusive,Team,20251010-SpuhlerFieldMain-Private-2,23256100-a61d-11f0-9d1c-cb0542a47c13,78.15686,NA,NA,6.33243,NA,NA,NA,NA,NA,NA,e373a8f3-b551-4f4e-929b-9412fc5d6156,2025-10-10,21:07:32,2025-10-10T21:07:32Z,2025-10-10T21:07:32Z,NA,v3,471300,471300,NA,"Cowdrey, Vincent",1000469295,Right,GEO_PAT,ecf1fb52-f056-44b3-b204-b6a7d11668f5,55.26612,-116.76445,10.59957,6.15398,0.11164,-13.90022,-2.36564,3.74325,3.6446,NA,NA,NA,NA,NA,NA,NA,NA,NA,NA,NA,NA,NA,NA,NA,NA,NA,NA,NA,NA,NA,NA,NA,NA,NA,NA,NA,NA,NA,NA,NA,NA,NA,NA,NA,NA,NA,NA,NA,NA,NA,NA,NA,NA,NA,NA,NA,NA,NA,NA,High,High,High,NA,NA,NA,NA,NA,NA,NA,NA,NA,NA,NA,NA,NA,NA,NA,NA,NA,NA,NA,NA,NA,NA,NA,NA,NA,NA,NA,NA,NA,NA,NA,NA,NA,NA,NA,NA,NA,NA,NA,NA,NA,NA,NA,NA,NA,NA,NA,NA,NA,NA,NA,NA,NA,NA,NA,NA,NA
NA,NA,NA,NA,NA,NA,NA,NA,NA,NA,NA,NA,NA,NA,NA,NA,270,2025-10-10,17:07:47,1,2,"Kelsey, Carter",1000469297,Right,GEO_PAT,"McCarthy, Jack",1000469298,Right,GEO_PAT,Undefined,9,Top,0,0,1,Slider,Slider,BallCalled,Undefined,Undefined,Undefined,0,0,NA,80.64982,-1.710029,-3.676473,2180.644618,99.719195,09:15:00,6.0649,2.52775,5.43064,-40.23498,3.5954,-13.31902,1.10662,-2.03024,74.64246,-8.992571,-6.039213,0.476496,NA,NA,NA,NA,NA,NA,NA,NA,NA,NA,NA,5.71071,2.68941,-2.1919,50,5.88507,8.03797,-116.8593,-4.87032,7.90319,21.85694,-28.45213,GEO_PAT,GEO_PAT,SpuhlerFieldMain,TeamExclusive,Team,20251010-SpuhlerFieldMain-Private-2,2c372800-a61d-11f0-9d1c-cb0542a47c13,79.1034,NA,NA,6.00736,NA,NA,NA,NA,NA,NA,e373a8f3-b551-4f4e-929b-9412fc5d6156,2025-10-10,21:07:47,2025-10-10T21:07:47Z,2025-10-10T21:07:47Z,NA,v3,471300,471300,NA,"Cowdrey, Vincent",1000469295,Right,GEO_PAT,b4fbdc6f-06e1-40ae-8deb-68f95f541418,55.07221,-117.80417,10.92847,6.06903,-3.64035,-14.22606,-2.53199,7.69632,3.95159,NA,NA,NA,NA,NA,NA,NA,NA,NA,NA,NA,NA,NA,NA,NA,NA,NA,NA,NA,NA,NA,NA,NA,NA,NA,NA,NA,NA,NA,NA,NA,NA,NA,NA,NA,NA,NA,NA,NA,NA,NA,NA,NA,NA,NA,NA,NA,NA,NA,NA,High,High,High,NA,NA,NA,NA,NA,NA,NA,NA,NA,NA,NA,NA,NA,NA,NA,NA,NA,NA,NA,NA,NA,NA,NA,NA,NA,NA,NA,NA,NA,NA,NA,NA,NA,NA,NA,NA,NA,NA,NA,NA,NA,NA,NA,NA,NA,NA,NA,NA,NA,NA,NA,NA,NA,NA,NA,NA,NA
NA,NA,NA,NA,NA,NA,NA,NA,NA,NA,NA,NA,NA,NA,NA,NA,271,2025-10-10,17:08:07,1,3,"Kelsey, Carter",1000469297,Right,GEO_PAT,"McCarthy, Jack",1000469298,Right,GEO_PAT,Undefined,9,Top,0,1,1,Fastball,Four-Seam,BallCalled,Undefined,Undefined,Undefined,0,0,NA,92.05926,-3.836498,-2.89883,2170.274042,200.464685,12:45:00,6.26693,2.18423,5.63365,-13.2356,20.30174,7.15855,1.5744,0.07373,84.0036,-6.365676,-1.622642,0.416808,NA,NA,NA,NA,NA,NA,NA,NA,NA,NA,NA,-4.42292,11.68253,-1.9419,50,5.93118,6.41786,-133.20184,-9.31754,-7.93748,28.9098,-11.20829,GEO_PAT,GEO_PAT,SpuhlerFieldMain,TeamExclusive,Team,20251010-SpuhlerFieldMain-Private-2,38393120-a61d-11f0-9d1c-cb0542a47c13,90.43124,NA,NA,8.05566,NA,NA,NA,NA,NA,NA,e373a8f3-b551-4f4e-929b-9412fc5d6156,2025-10-10,21:08:07,2025-10-10T21:08:07Z,2025-10-10T21:08:07Z,NA,v3,471300,471300,NA,"Cowdrey, Vincent",1000469295,Right,GEO_PAT,7615d3eb-574a-4689-b09e-8c58ffb52e18,54.86638,-134.25387,14.4549,6.26283,-8.90967,-5.60415,-2.1807,6.70671,-3.96874,NA,NA,NA,NA,NA,NA,NA,NA,NA,NA,NA,NA,NA,NA,NA,NA,NA,NA,NA,NA,NA,NA,NA,NA,NA,NA,NA,NA,NA,NA,NA,NA,NA,NA,NA,NA,NA,NA,NA,NA,NA,NA,NA,NA,NA,NA,NA,NA,NA,NA,High,High,High,NA,NA,NA,NA,NA,NA,NA,NA,NA,NA,NA,NA,NA,NA,NA,NA,NA,NA,NA,NA,NA,NA,NA,NA,NA,NA,NA,NA,NA,NA,NA,NA,NA,NA,NA,NA,NA,NA,NA,NA,NA,NA,NA,NA,NA,NA,NA,NA,NA,NA,NA,NA,NA,NA,NA,NA,NA
NA,NA,NA,NA,NA,NA,NA,NA,NA,NA,NA,NA,NA,NA,NA,NA,272,2025-10-10,17:08:27,1,4,"Kelsey, Carter",1000469297,Right,GEO_PAT,"McCarthy, Jack",1000469298,Right,GEO_PAT,Undefined,9,Top,0,2,1,Fastball,Four-Seam,FoulBallNotFieldable,Undefined,Undefined,Undefined,0,0,NA,93.13323,-2.407598,-2.710943,2211.901098,205.741166,12:45:00,6.18532,2.20362,5.63804,-13.55883,19.04123,8.67355,2.80537,0.39531,85.05346,-4.996531,-1.164065,0.410942,77.38914,48.908841,83.853337,5644.740028,NA,NA,NA,NA,66.55073,NA,NA,-5.17827,10.66469,-1.97874,50,5.97191,6.00485,-135.02499,-6.09324,-9.56018,29.39084,-12.48476,GEO_PAT,GEO_PAT,SpuhlerFieldMain,TeamExclusive,Team,20251010-SpuhlerFieldMain-Private-2,4435bc00-a61d-11f0-9d1c-cb0542a47c13,91.72201,68.21433,NA,8.07976,NA,NA,NA,1.74868,2.71557,-0.52176,e373a8f3-b551-4f4e-929b-9412fc5d6156,2025-10-10,21:08:27,2025-10-10T21:08:27Z,2025-10-10T21:08:27Z,NA,v3,471300,471300,NA,"Cowdrey, Vincent",1000469295,Right,GEO_PAT,ffb5cffe-7616-492b-bf19-f485953217d3,54.86433,-136.07968,14.69542,6.18252,-5.64522,-6.24238,-2.20038,6.34792,-4.78009,NA,1.74868,7.98757,-10.78315,3.43954,-0.09833,-2.08678,3.12461,-2.07883,0.52847,2.71557,85.54394,-24.00093,2.38883,-0.58272,0.61597,-0.8036,0.53426,-0.13696,-0.52176,74.17246,-11.87158,2.55615,-0.242,-0.6008,0.91727,-0.60465,0.15239,NA,NA,NA,NA,NA,NA,NA,NA,NA,NA,NA,NA,NA,NA,NA,NA,NA,NA,NA,NA,NA,NA,High,High,High,Low,Undefined,NA,NA,NA,NA,NA,NA,NA,NA,NA,NA,NA,NA,NA,NA,NA,NA,NA,NA,NA,NA,NA,NA,NA,NA,NA,NA,NA,NA,NA,NA,NA,NA,NA,NA,NA,NA,NA,NA,NA,NA,NA,NA,NA,NA,NA,NA,NA,NA,NA,NA,NA,NA,NA,NA,NA
NA,NA,NA,NA,NA,NA,NA,NA,NA,NA,NA,NA,NA,NA,NA,NA,273,2025-10-10,17:08:52,1,5,"Kelsey, Carter",1000469297,Right,GEO_PAT,"McCarthy, Jack",1000469298,Right,GEO_PAT,Undefined,9,Top,0,2,2,Slider,Slider,BallCalled,Undefined,Undefined,Undefined,0,0,NA,80.93184,1.175528,-1.136175,2230.260682,96.692491,09:15:00,5.95097,2.37778,5.25976,-40.19766,3.69051,-19.47225,3.70603,-0.31257,73.93056,-6.172236,-4.587307,0.47681,NA,NA,NA,NA,NA,NA,NA,NA,NA,NA,NA,9.35804,1.94862,-2.25891,50,6.02927,3.14488,-117.40631,0.99328,12.99255,23.33084,-29.46862,GEO_PAT,GEO_PAT,SpuhlerFieldMain,TeamExclusive,Team,20251010-SpuhlerFieldMain-Private-2,52c7bed0-a61d-11f0-9d1c-cb0542a47c13,79.05133,NA,NA,7.00128,NA,NA,NA,NA,NA,NA,e373a8f3-b551-4f4e-929b-9412fc5d6156,2025-10-10,21:08:52,2025-10-10T21:08:52Z,2025-10-10T21:08:52Z,NA,v3,471300,471300,NA,"Cowdrey, Vincent",1000469295,Right,GEO_PAT,474e181b-fd5d-4b9c-b3aa-fc5a3c1a90de,55.24209,-118.44343,11.66542,5.956,2.30324,-14.73431,-2.38587,2.56732,6.49627,NA,NA,NA,NA,NA,NA,NA,NA,NA,NA,NA,NA,NA,NA,NA,NA,NA,NA,NA,NA,NA,NA,NA,NA,NA,NA,NA,NA,NA,NA,NA,NA,NA,NA,NA,NA,NA,NA,NA,NA,NA,NA,NA,NA,NA,NA,NA,NA,NA,NA,High,High,High,NA,NA,NA,NA,NA,NA,NA,NA,NA,NA,NA,NA,NA,NA,NA,NA,NA,NA,NA,NA,NA,NA,NA,NA,NA,NA,NA,NA,NA,NA,NA,NA,NA,NA,NA,NA,NA,NA,NA,NA,NA,NA,NA,NA,NA,NA,NA,NA,NA,NA,NA,NA,NA,NA,NA,NA,NA
NA,NA,NA,NA,NA,NA,NA,NA,NA,NA,NA,NA,NA,NA,NA,NA,274,2025-10-10,17:09:11,1,6,"Kelsey, Carter",1000469297,Right,GEO_PAT,"McCarthy, Jack",1000469298,Right,GEO_PAT,Undefined,9,Top,0,3,2,Fastball,Four-Seam,BallCalled,Walk,Undefined,Undefined,0,0,NA,91.89384,-0.402621,-1.73317,2080.340522,197.331695,12:30:00,6.16062,2.3092800000000002,5.59401,-14.09367,19.66407,5.7739,4.61003,1.17162,83.07259,-3.118112,-0.703484,0.418175,NA,NA,NA,NA,NA,NA,NA,NA,NA,NA,NA,-3.41803,10.3704,-2.16425,50,6.11709,3.76188,-133.23279,-1.33566,-6.09095,30.92348,-13.69384,GEO_PAT,GEO_PAT,SpuhlerFieldMain,TeamExclusive,Team,20251010-SpuhlerFieldMain-Private-2,5e1fa540-a61d-11f0-9d1c-cb0542a47c13,90.13558,NA,NA,8.82124,NA,NA,NA,NA,NA,NA,e373a8f3-b551-4f4e-929b-9412fc5d6156,2025-10-10,21:09:11,2025-10-10T21:09:11Z,2025-10-10T21:09:11Z,NA,v3,471300,471300,NA,"Cowdrey, Vincent",1000469295,Right,GEO_PAT,175a3334-8f02-45c6-853d-1ebb06a41b82,54.90405,-134.3662,15.46174,6.15685,-0.83375,-6.84692,-2.30622,3.98513,-3.04548,NA,NA,NA,NA,NA,NA,NA,NA,NA,NA,NA,NA,NA,NA,NA,NA,NA,NA,NA,NA,NA,NA,NA,NA,NA,NA,NA,NA,NA,NA,NA,NA,NA,NA,NA,NA,NA,NA,NA,NA,NA,NA,NA,NA,NA,NA,NA,NA,NA,NA,High,High,High,NA,NA,NA,NA,NA,NA,NA,NA,NA,NA,NA,NA,NA,NA,NA,NA,NA,NA,NA,NA,NA,NA,NA,NA,NA,NA,NA,NA,NA,NA,NA,NA,NA,NA,NA,NA,NA,NA,NA,NA,NA,NA,NA,NA,NA,NA,NA,NA,NA,NA,NA,NA,NA,NA,NA,NA,NA
NA,NA,NA,NA,NA,NA,NA,NA,NA,NA,NA,NA,NA,NA,NA,NA,275,2025-10-10,17:09:40,2,1,"Kelsey, Carter",1000469297,Right,GEO_PAT,"Ramsey, Caleb",1000469291,Right,GEO_PAT,Undefined,9,Top,0,0,0,Fastball,Four-Seam,BallCalled,Undefined,Undefined,Undefined,0,0,NA,92.78372,-0.542853,-1.341823,2185.2244690000002,202.772826,12:45:00,6.14123,2.06108,5.6373,-17.14513,15.6165,6.12028,4.20584,1.31899,84.6643,-3.78013,-0.248936,0.411959,NA,NA,NA,NA,NA,NA,NA,NA,NA,NA,NA,-3.46205,8.37166,-1.95088,50,6.08421,2.874,-134.69993,-1.83725,-6.36126,29.23709,-16.79183,GEO_PAT,GEO_PAT,SpuhlerFieldMain,TeamExclusive,Team,20251010-SpuhlerFieldMain-Private-2,6f77a5e0-a61d-11f0-9d1c-cb0542a47c13,91.495590000000007,NA,NA,8.11942,NA,NA,NA,NA,NA,NA,e373a8f3-b551-4f4e-929b-9412fc5d6156,2025-10-10,21:09:40,2025-10-10T21:09:40Z,2025-10-10T21:09:40Z,NA,v3,471300,471300,NA,"Cowdrey, Vincent",1000469295,Right,GEO_PAT,54afe152-1f5e-4ea1-bc7a-4656e4503ef8,54.86302,-135.75136,14.61854,6.13943,-1.23338,-8.39591,-2.05835,3.10277,-3.18063,NA,NA,NA,NA,NA,NA,NA,NA,NA,NA,NA,NA,NA,NA,NA,NA,NA,NA,NA,NA,NA,NA,NA,NA,NA,NA,NA,NA,69.8132,NA,0.892058,NA,-1.51262,4.00696,-1.30779,0.12507,6.15149,0.02399,NA,NA,NA,0.24889,100.55109,-7.92895,6.17487,10.06704,-11.79159,-0.01301,-0.03641,1.87881,High,High,High,NA,NA,High,High,Medium,NA,NA,NA,NA,NA,NA,NA,NA,NA,NA,NA,NA,NA,NA,NA,NA,NA,NA,NA,NA,NA,NA,NA,NA,NA,NA,NA,NA,NA,NA,NA,NA,NA,NA,NA,NA,NA,NA,NA,NA,NA,NA,NA,NA,NA,NA,NA,NA,NA,NA,NA,NA
NA,NA,NA,NA,NA,NA,NA,NA,NA,NA,NA,NA,NA,NA,NA,NA,276,2025-10-10,17:10:05,2,2,"Kelsey, Carter",1000469297,Right,GEO_PAT,"Ramsey, Caleb",1000469291,Right,GEO_PAT,Undefined,9,Top,0,1,0,Fastball,Four-Seam,StrikeCalled,Undefined,Undefined,Undefined,0,0,NA,92.05647,-1.612108,-2.801556,2104.913311,199.864069,12:45:00,6.20049,2.01275,5.76634,-18.08599,15.20194,5.09736,3.1907,-0.17203,83.87458,-5.024009,-1.890415,0.415255,NA,NA,NA,NA,NA,NA,NA,NA,NA,NA,NA,-3.39067,8.52784,-1.78372,50,6.05596,6.30318,-133.46702,-4.34158,-6.09864,29.49164,-16.8355,GEO_PAT,GEO_PAT,SpuhlerFieldMain,TeamExclusive,Team,20251010-SpuhlerFieldMain-Private-2,7ea74840-a61d-11f0-9d1c-cb0542a47c13,90.76942,NA,NA,8.18189,NA,NA,NA,NA,NA,NA,e373a8f3-b551-4f4e-929b-9412fc5d6156,2025-10-10,21:10:05,2025-10-10T21:10:05Z,2025-10-10T21:10:05Z,NA,v3,471300,471300,NA,"Cowdrey, Vincent",1000469295,Right,GEO_PAT,4464806e-b9ce-4282-a444-985384e428e1,54.73389,-134.50898,14.74582,6.19884,-3.74677,-8.41775,-2.01023,6.51865,-3.04932,NA,NA,NA,NA,NA,NA,NA,NA,NA,NA,NA,NA,NA,NA,NA,NA,NA,NA,NA,NA,NA,NA,NA,NA,NA,NA,NA,NA,NA,NA,NA,NA,NA,NA,NA,NA,NA,NA,NA,NA,NA,NA,NA,NA,NA,NA,NA,NA,NA,NA,High,High,High,NA,NA,NA,NA,NA,NA,NA,NA,NA,NA,NA,NA,NA,NA,NA,NA,NA,NA,NA,NA,NA,NA,NA,NA,NA,NA,NA,NA,NA,NA,NA,NA,NA,NA,NA,NA,NA,NA,NA,NA,NA,NA,NA,NA,NA,NA,NA,NA,NA,NA,NA,NA,NA,NA,NA,NA,NA
NA,NA,NA,NA,NA,NA,NA,NA,NA,NA,NA,NA,NA,NA,NA,NA,277,2025-10-10,17:10:25,2,3,"Kelsey, Carter",1000469297,Right,GEO_PAT,"Ramsey, Caleb",1000469291,Right,GEO_PAT,Undefined,9,Top,0,1,1,Fastball,Sinker,BallCalled,Undefined,Undefined,Undefined,0,0,NA,93.00901,-3.369656,-4.024033,2098.742646,227.276923,01:30:00,6.13516,1.92973,5.84011,-19.46466,13.16918,13.08965,1.36986,-0.72573,84.94048,-7.013082,-1.683358,0.411155,NA,NA,NA,NA,NA,NA,NA,NA,NA,NA,NA,-7.89174,8.02225,-1.60926,50,5.84816,8.90139,-134.58631,-8.59256,-14.44096,29.84705,-17.49423,GEO_PAT,GEO_PAT,SpuhlerFieldMain,TeamExclusive,Team,20251010-SpuhlerFieldMain-Private-2,8a3d4920-a61d-11f0-9d1c-cb0542a47c13,91.67459,NA,NA,8.06852,NA,NA,NA,NA,NA,NA,e373a8f3-b551-4f4e-929b-9412fc5d6156,2025-10-10,21:10:25,2025-10-10T21:10:25Z,2025-10-10T21:10:25Z,NA,v3,471300,471300,NA,"Cowdrey, Vincent",1000469295,Right,GEO_PAT,1315db0b-652e-4a52-9f78-ec31407b580e,54.66292,-135.61646,14.92352,6.13431,-7.98875,-8.74712,-1.92509,9.39981,-7.22048,NA,NA,NA,NA,NA,NA,NA,NA,NA,NA,NA,NA,NA,NA,NA,NA,NA,NA,NA,NA,NA,NA,NA,NA,NA,NA,NA,NA,NA,NA,NA,NA,NA,NA,NA,NA,NA,NA,NA,NA,NA,NA,NA,NA,NA,NA,NA,NA,NA,NA,High,High,High,NA,NA,NA,NA,NA,NA,NA,NA,NA,NA,NA,NA,NA,NA,NA,NA,NA,NA,NA,NA,NA,NA,NA,NA,NA,NA,NA,NA,NA,NA,NA,NA,NA,NA,NA,NA,NA,NA,NA,NA,NA,NA,NA,NA,NA,NA,NA,NA,NA,NA,NA,NA,NA,NA,NA,NA,NA
NA,NA,NA,NA,NA,NA,NA,NA,NA,NA,NA,NA,NA,NA,NA,NA,278,2025-10-10,17:10:43,2,4,"Kelsey, Carter",1000469297,Right,GEO_PAT,"Ramsey, Caleb",1000469291,Right,GEO_PAT,Undefined,9,Top,0,2,1,Fastball,Four-Seam,InPlay,Undefined,Bunt,Sacrifice,1,0,NA,91.7813,-1.966796,-2.692044,2070.867159,211.481851,01:00:00,5.98311,2.17106,5.66926,-20.64828,12.70619,7.15906,2.42579,0.25569,84.34541,-5.809707,-1.413903,0.41567,36.82887,1.981774,37.091424,1844.700584,NA,NA,NA,28.21821,27.27634,34.141493,0.498444,-4.38666,7.29323,-1.94823,50,5.80373,5.95259,-133.1854,-5.29131,-7.91563,27.36843,-19.01351,GEO_PAT,GEO_PAT,SpuhlerFieldMain,TeamExclusive,Team,20251010-SpuhlerFieldMain-Private-2,95433f00-a61d-11f0-9d1c-cb0542a47c13,90.67881,2.63467,NA,7.4359,NA,NA,NA,2.92273,2.57393,-0.29686,e373a8f3-b551-4f4e-929b-9412fc5d6156,2025-10-10,21:10:43,2025-10-10T21:10:43Z,2025-10-10T21:10:43Z,GroundBall,v3,471300,471300,NA,"Cowdrey, Vincent",1000469295,Right,GEO_PAT,e83b218d-5b40-48b3-a976-8507b5d96967,54.83418,-134.17511,13.68422,5.98264,-4.60374,-9.50676,-2.16867,6.23884,-3.95782,237.00274,2.9259,42.97501,-4.00306,NA,NA,NA,NA,NA,NA,2.5767,1.79535,-13.9845,NA,NA,NA,NA,NA,NA,-0.29635,32.54304,-0.35369,NA,NA,NA,NA,NA,NA,NA,NA,NA,NA,NA,NA,NA,NA,NA,NA,NA,NA,NA,NA,NA,NA,NA,NA,NA,NA,NA,NA,High,High,High,High,High,NA,NA,NA,NA,NA,NA,NA,NA,NA,NA,NA,NA,NA,NA,NA,NA,NA,NA,NA,NA,NA,NA,NA,NA,NA,NA,NA,NA,NA,NA,NA,NA,NA,NA,NA,NA,NA,NA,NA,NA,NA,NA,NA,NA,NA,NA,NA,NA,NA,NA,NA,NA,NA,NA,NA
NA,NA,NA,NA,NA,NA,NA,NA,NA,NA,NA,NA,NA,NA,NA,NA,279,2025-10-10,17:11:19,3,1,"Kelsey, Carter",1000469297,Right,GEO_PAT,"Butler, Jake",1000136500,Right,GEO_PAT,Undefined,9,Top,1,0,0,Fastball,Four-Seam,InPlay,Undefined,FlyBall,Sacrifice,1,1,NA,92.19251,-2.026472,-2.199571,2068.807155,204.415108,12:45:00,6.15726,2.07798,5.73572,-19.44761,13.6452,5.71784,2.64727,0.50508,84.37405,-5.667377,-1.176969,0.414036,92.636,25.419946,-1.088599,3166.099856,109.8518,46.84105,5.7038,321.8166,315.53287,10.981904,4.329856,-3.545,7.8367000000000004,-1.89828,50,5.97638,4.88933,-133.77267,-5.39052,-6.42489,28.81006,-17.97098,GEO_PAT,GEO_PAT,SpuhlerFieldMain,TeamExclusive,Team,20251010-SpuhlerFieldMain-Private-2,aab11600-a61d-11f0-9d1c-cb0542a47c13,91.03655,59.31575,NA,7.81846,NA,NA,NA,1.77017,2.67465,-0.49414,e373a8f3-b551-4f4e-929b-9412fc5d6156,2025-10-10,21:11:19,2025-10-10T21:11:19Z,2025-10-10T21:11:19Z,FlyBall,v3,471300,471300,NA,"Cowdrey, Vincent",1000469295,Right,GEO_PAT,d639e1f0-f88f-4adc-9132-0227143d60b9,54.76688,-134.79538,14.40503,6.15641,-4.75257,-8.98549,-2.0759,5.11741,-3.21244,223.255683,1.77042,122.68784,-23.42065,5.33443,-1.16583,0.26232,-0.0585,0.00908,-6e-4,2.67553,58.29461,-15.733,-0.13851,0.60062,-0.30134,0.0872,-0.01292,7.5e-4,-0.49421,-2.32963,11.10671,-4.11683,1.19947,-0.28406,0.05254,-0.00625,3.3e-4,NA,NA,NA,NA,NA,NA,NA,NA,NA,NA,NA,NA,NA,NA,NA,NA,NA,NA,NA,NA,NA,NA,High,High,High,High,High,NA,NA,NA,NA,NA,NA,NA,NA,NA,NA,NA,NA,NA,NA,NA,NA,NA,NA,NA,NA,NA,NA,NA,NA,NA,NA,NA,NA,NA,NA,NA,NA,NA,NA,NA,NA,NA,NA,NA,NA,NA,NA,NA,NA,NA,NA,NA,NA,NA,NA,NA,NA,NA,NA,NA
NA,NA,NA,NA,NA,NA,NA,NA,NA,NA,NA,NA,NA,NA,NA,NA,280,2025-10-10,17:11:54,4,1,"Kelsey, Carter",1000469297,Right,GEO_PAT,"Terilli, Lucas",1000469290,Left,GEO_PAT,Undefined,9,Top,2,0,0,Fastball,Four-Seam,BallCalled,Undefined,Undefined,Undefined,0,0,NA,91.67337,-0.963399,-2.373812,2224.417196,200.492226,12:45:00,6.19352,2.37562,5.59764,-14.60985,19.16481,6.74512,4.07568,0.72008,83.32063,-3.758281,-1.171501,0.41828,NA,NA,NA,NA,NA,NA,NA,NA,NA,NA,NA,-4.08225,10.29115,-2.1764,50,6.10157,5.20216,-132.93706,-2.66907,-7.2792,29.44355,-13.82351,GEO_PAT,GEO_PAT,SpuhlerFieldMain,TeamExclusive,Team,20251010-SpuhlerFieldMain-Private-2,bf2523b0-a61d-11f0-9d1c-cb0542a47c13,90.11299,NA,NA,8.35274,NA,NA,NA,NA,NA,NA,e373a8f3-b551-4f4e-929b-9412fc5d6156,2025-10-10,21:11:54,2025-10-10T21:11:54Z,2025-10-10T21:11:54Z,NA,v3,471300,471300,NA,"Cowdrey, Vincent",1000469295,Right,GEO_PAT,ad1a6787-8d1f-48b9-a831-8dd937b47b8e,54.90213,-134.01841,14.72178,6.19027,-2.16138,-6.91176,-2.37237,5.4695,-3.6396,NA,NA,NA,NA,NA,NA,NA,NA,NA,NA,NA,NA,NA,NA,NA,NA,NA,NA,NA,NA,NA,NA,NA,NA,NA,NA,NA,NA,NA,NA,NA,NA,NA,NA,NA,NA,NA,NA,NA,NA,NA,NA,NA,NA,NA,NA,NA,NA,NA,NA,High,High,High,NA,NA,NA,NA,NA,NA,NA,NA,NA,NA,NA,NA,NA,NA,NA,NA,NA,NA,NA,NA,NA,NA,NA,NA,NA,NA,NA,NA,NA,NA,NA,NA,NA,NA,NA,NA,NA,NA,NA,NA,NA,NA,NA,NA,NA,NA,NA,NA,NA,NA,NA,NA,NA,NA,NA,NA,NA
NA,NA,NA,NA,NA,NA,NA,NA,NA,NA,NA,NA,NA,NA,NA,NA,281,2025-10-10,17:12:09,4,2,"Kelsey, Carter",1000469297,Right,GEO_PAT,"Terilli, Lucas",1000469290,Left,GEO_PAT,Undefined,9,Top,2,1,0,Fastball,Four-Seam,BallCalled,Undefined,Undefined,Undefined,0,0,NA,91.14788,-1.767507,-1.249647,2167.84274,192.873413,12:30:00,6.14374,2.20502,5.61435,-14.35083,19.74166,4.25551,3.29717,1.39307,83.01029,-4.5121270000000004,-0.490073,0.420243,NA,NA,NA,NA,NA,NA,NA,NA,NA,NA,NA,-2.50114,10.81922,-2.10099,50,5.98357,2.6912,-132.22562,-4.49738,-4.41688,28.85587,-13.06792,GEO_PAT,GEO_PAT,SpuhlerFieldMain,TeamExclusive,Team,20251010-SpuhlerFieldMain-Private-2,c87d1b70-a61d-11f0-9d1c-cb0542a47c13,89.69191,NA,NA,8.1376,NA,NA,NA,NA,NA,NA,e373a8f3-b551-4f4e-929b-9412fc5d6156,2025-10-10,21:12:09,2025-10-10T21:12:09Z,2025-10-10T21:12:09Z,NA,v3,471300,471300,NA,"Cowdrey, Vincent",1000469295,Right,GEO_PAT,da3f9ac3-eb4f-462c-b2de-d1360a2b7088,54.88535,-133.2875,14.42793,6.14022,-4.01648,-6.53396,-2.20301,2.85374,-2.20844,NA,NA,NA,NA,NA,NA,NA,NA,NA,NA,NA,NA,NA,NA,NA,NA,NA,NA,NA,NA,NA,NA,NA,NA,NA,NA,NA,NA,NA,NA,NA,NA,NA,NA,NA,NA,NA,NA,NA,NA,NA,NA,NA,NA,NA,NA,NA,NA,NA,NA,High,High,High,NA,NA,NA,NA,NA,NA,NA,NA,NA,NA,NA,NA,NA,NA,NA,NA,NA,NA,NA,NA,NA,NA,NA,NA,NA,NA,NA,NA,NA,NA,NA,NA,NA,NA,NA,NA,NA,NA,NA,NA,NA,NA,NA,NA,NA,NA,NA,NA,NA,NA,NA,NA,NA,NA,NA,NA,NA
NA,NA,NA,NA,NA,NA,NA,NA,NA,NA,NA,NA,NA,NA,NA,NA,282,2025-10-10,17:12:27,4,3,"Kelsey, Carter",1000469297,Right,GEO_PAT,"Terilli, Lucas",1000469290,Left,GEO_PAT,Undefined,9,Top,2,2,0,Fastball,Four-Seam,InPlay,Undefined,FlyBall,Out,1,0,NA,91.67142,-2.58488,-2.657514,2177.408482,208.103412,01:00:00,6.19048,2.11593,5.6008,-17.83556,15.90434,7.90741,2.28666,0.292,83.7517,-5.933974,-1.247641,0.418064,89.3058,50.072764,-24.478884,4435.895925,89.79707,112.24712,-63.53305,247.84128,121.90642,-43.529806,5.624999,-4.77685,9.12489,-1.89344,50,5.9573,5.8171,-132.86772,-6.5937,-8.52995,28.7574,-15.8799,GEO_PAT,GEO_PAT,SpuhlerFieldMain,TeamExclusive,Team,20251010-SpuhlerFieldMain-Private-2,d3508fa0-a61d-11f0-9d1c-cb0542a47c13,90.15941,122.00008,NA,7.91973,NA,NA,NA,1.51991,2.5808,-0.4782,e373a8f3-b551-4f4e-929b-9412fc5d6156,2025-10-10,21:12:27,2025-10-10T21:12:27Z,2025-10-10T21:12:27Z,FlyBall,v3,471300,471300,NA,"Cowdrey, Vincent",1000469295,Right,GEO_PAT,fcac7cef-5a49-4264-9ecc-b7a3acb52822,54.90135,-133.92435,14.3787,6.18885,-6.01023,-7.93995,-2.11294,6.13051,-4.26497,150.412411,1.53919,76.0916,-22.78251,4.42054,0.65206,-0.71593,0.19719,-0.02427,0.00114,2.56006,100.79084,-26.76642,3.8027,-1.09405,0.24408,-0.02564,2.6e-4,9e-5,-0.46427,-35.09447,-0.7303,0.31294,0.46155,-0.29111,0.07232,-0.00839,3.7e-4,NA,NA,NA,NA,NA,NA,NA,NA,NA,NA,NA,NA,NA,NA,NA,NA,NA,NA,NA,NA,NA,NA,High,High,High,High,Low,NA,NA,NA,NA,NA,NA,NA,NA,NA,NA,NA,NA,NA,NA,NA,NA,NA,NA,NA,NA,NA,NA,NA,NA,NA,NA,NA,NA,NA,NA,NA,NA,NA,NA,NA,NA,NA,NA,NA,NA,NA,NA,NA,NA,NA,NA,NA,NA,NA,NA,NA,NA,NA,NA,NA
NA,NA,NA,NA,NA,NA,NA,NA,NA,NA,NA,NA,NA,NA,NA,NA,283,2025-10-10,17:15:37,1,1,"Wrehe, Thomas",1000101597,Right,GEO_PAT,"Westley, Matthew",824016,Right,GEO_PAT,Undefined,9,Bottom,0,0,0,Sinker,Changeup,InPlay,Undefined,GroundBall,Out,1,0,NA,85.58628,-0.18475,-2.738077,1895.378566,270.01586,03:00:00,5.953,2.06963,4.47423,-39.2286,1.39933,19.84997,2.50763,1.11166,77.72162,-7.249436,0.733468,0.458758,57.03509,-4.883289,-3.12856,NA,NA,NA,NA,21.15529,19.01076,-6.609732,0.245236,-10.51571,1.11185,-1.80159,50,5.89573,4.98485,-123.8799,-2.01877,-16.1948,26.81533,-30.46172,GEO_PAT,GEO_PAT,SpuhlerFieldMain,TeamExclusive,Team,20251010-SpuhlerFieldMain-Private-2,447e8f60-a61e-11f0-9d1c-cb0542a47c13,82.16192,2.52701,NA,7.86466,NA,NA,NA,1.0474,2.52701,-1.12293,e373a8f3-b551-4f4e-929b-9412fc5d6156,2025-10-10,21:15:37,2025-10-10T21:15:37Z,2025-10-10T21:15:37Z,GroundBall,v3,471300,471300,NA,"Vaughan, Logan",1000232024,Right,GEO_PAT,c146e8e8-a63e-42bc-a829-84668f89cf8c,56.02853,-125.17804,13.40766,5.95777,-0.5441,-15.23086,-2.06189,5.76885,-8.0974,121.31222,1.048,83.19137,-7.23982,NA,NA,NA,NA,NA,NA,2.52736,-7.13922,-12.91813,NA,NA,NA,NA,NA,NA,-1.1226,-4.56681,-3.20715,NA,NA,NA,NA,NA,NA,NA,NA,NA,NA,NA,NA,NA,NA,NA,NA,NA,NA,NA,NA,NA,NA,NA,NA,NA,NA,NA,NA,High,High,High,Medium,High,NA,NA,NA,NA,NA,NA,NA,NA,NA,NA,NA,NA,NA,NA,NA,NA,NA,NA,NA,NA,NA,NA,NA,NA,NA,NA,NA,NA,NA,NA,NA,NA,NA,NA,NA,NA,NA,NA,NA,NA,NA,NA,NA,NA,NA,NA,NA,NA,NA,NA,NA,NA,NA,NA,NA
NA,NA,NA,NA,NA,NA,NA,NA,NA,NA,NA,NA,NA,NA,NA,NA,284,2025-10-10,17:16:15,2,1,"Wrehe, Thomas",1000101597,Right,GEO_PAT,"Cowdrey, Vincent",1000469295,Right,GEO_PAT,Undefined,9,Bottom,1,0,0,Sinker,Changeup,BallCalled,Undefined,Undefined,Undefined,0,0,NA,85.9258,0.520307,-1.45004,1836.607183,259.697703,02:45:00,5.85886,2.15946,4.24357,-36.36561,4.23166,15.61402,3.32666,2.0722,77.92001,-6.030004,1.269356,0.458585,NA,NA,NA,NA,NA,NA,NA,NA,NA,NA,NA,-8.12811,2.17591,-2.01851,50,5.87836,2.41394,-124.42804,-0.38452,-12.62124,27.19049,-28.79534,GEO_PAT,GEO_PAT,SpuhlerFieldMain,TeamExclusive,Team,20251010-SpuhlerFieldMain-Private-2,5b305810-a61e-11f0-9d1c-cb0542a47c13,82.19292,NA,NA,8.00579,NA,NA,NA,NA,NA,NA,e373a8f3-b551-4f4e-929b-9412fc5d6156,2025-10-10,21:16:15,2025-10-10T21:16:15Z,2025-10-10T21:16:15Z,NA,v3,471300,471300,NA,"Vaughan, Logan",1000232024,Right,GEO_PAT,d2a0527d-7cc6-4b97-a354-48232ade8246,56.26038,-125.78864,13.59525,5.86155,1.05639,-14.39767,-2.15511,3.0455,-6.31062,NA,NA,NA,NA,NA,NA,NA,NA,NA,NA,NA,NA,NA,NA,NA,NA,NA,NA,NA,NA,NA,NA,NA,NA,NA,NA,NA,NA,NA,NA,NA,NA,NA,NA,NA,NA,NA,NA,NA,NA,NA,NA,NA,NA,NA,NA,NA,NA,NA,NA,High,High,High,NA,NA,NA,NA,NA,NA,NA,NA,NA,NA,NA,NA,NA,NA,NA,NA,NA,NA,NA,NA,NA,NA,NA,NA,NA,NA,NA,NA,NA,NA,NA,NA,NA,NA,NA,NA,NA,NA,NA,NA,NA,NA,NA,NA,NA,NA,NA,NA,NA,NA,NA,NA,NA,NA,NA,NA,NA
NA,NA,NA,NA,NA,NA,NA,NA,NA,NA,NA,NA,NA,NA,NA,NA,285,2025-10-10,17:16:33,2,2,"Wrehe, Thomas",1000101597,Right,GEO_PAT,"Cowdrey, Vincent",1000469295,Right,GEO_PAT,Undefined,9,Bottom,1,1,0,Sinker,Changeup,BallCalled,Undefined,Undefined,Undefined,0,0,NA,87.02209,0.65636,-1.694595,1880.690967,274.942196,03:15:00,5.91046,2.11809,4.26745,-39.85278,-0.1274,17.81603,3.21777,1.98074,78.62106,-6.505556,1.410298,0.453634,NA,NA,NA,NA,NA,NA,NA,NA,NA,NA,NA,-9.30249,-0.00626,-1.95344,50,5.94094,2.87359,-125.95141,-0.25556,-14.7318,28.95888,-32.18396,GEO_PAT,GEO_PAT,SpuhlerFieldMain,TeamExclusive,Team,20251010-SpuhlerFieldMain-Private-2,6599bfd0-a61e-11f0-9d1c-cb0542a47c13,83.09002,NA,NA,8.40103,NA,NA,NA,NA,NA,NA,e373a8f3-b551-4f4e-929b-9412fc5d6156,2025-10-10,21:16:33,2025-10-10T21:16:33Z,2025-10-10T21:16:33Z,NA,v3,471300,471300,NA,"Vaughan, Logan",1000232024,Right,GEO_PAT,106fd5b1-9a61-4217-840f-fddd0709c2de,56.23649,-127.37724,14.47944,5.91451,1.32906,-16.09198,-2.11278,3.59893,-7.3659,NA,NA,NA,NA,NA,NA,NA,NA,NA,NA,NA,NA,NA,NA,NA,NA,NA,NA,NA,NA,NA,NA,NA,NA,NA,NA,NA,NA,NA,NA,NA,NA,NA,NA,NA,NA,NA,NA,NA,NA,NA,NA,NA,NA,NA,NA,NA,NA,NA,NA,High,High,High,NA,NA,NA,NA,NA,NA,NA,NA,NA,NA,NA,NA,NA,NA,NA,NA,NA,NA,NA,NA,NA,NA,NA,NA,NA,NA,NA,NA,NA,NA,NA,NA,NA,NA,NA,NA,NA,NA,NA,NA,NA,NA,NA,NA,NA,NA,NA,NA,NA,NA,NA,NA,NA,NA,NA,NA,NA
NA,NA,NA,NA,NA,NA,NA,NA,NA,NA,NA,NA,NA,NA,NA,NA,286,2025-10-10,17:16:49,2,3,"Wrehe, Thomas",1000101597,Right,GEO_PAT,"Cowdrey, Vincent",1000469295,Right,GEO_PAT,Undefined,9,Bottom,1,2,0,Sinker,Changeup,BallCalled,Undefined,Undefined,Undefined,0,0,NA,84.9862,-0.604775,-5.84751,1843.351535,280.095707,03:15:00,5.84466,2.17253,4.50927,-43.48955,-1.71969,18.43135,1.64135,-1.88167,76.63426,-8.41306,-2.640871,0.465161,NA,NA,NA,NA,NA,NA,NA,NA,NA,NA,NA,-10.78079,-0.14181,-1.57667,50,5.7397,11.64795,-122.39394,-3.1038,-16.10284,27.61121,-32.38584,GEO_PAT,GEO_PAT,SpuhlerFieldMain,TeamExclusive,Team,20251010-SpuhlerFieldMain-Private-2,6f36fdf0-a61e-11f0-9d1c-cb0542a47c13,81.03101,NA,NA,8.35195,NA,NA,NA,NA,NA,NA,e373a8f3-b551-4f4e-929b-9412fc5d6156,2025-10-10,21:16:49,2025-10-10T21:16:49Z,2025-10-10T21:16:49Z,NA,v3,471300,471300,NA,"Vaughan, Logan",1000232024,Right,GEO_PAT,9f31757b-5ae5-48fb-b94c-1d807d466c3d,55.99122,-123.73814,13.80561,5.85242,-1.52717,-16.19292,-2.1628,12.43188,-8.05142,NA,NA,NA,NA,NA,NA,NA,NA,NA,NA,NA,NA,NA,NA,NA,NA,NA,NA,NA,NA,NA,NA,NA,NA,NA,NA,NA,NA,NA,NA,NA,NA,NA,NA,NA,NA,NA,NA,NA,NA,NA,NA,NA,NA,NA,NA,NA,NA,NA,NA,High,High,High,NA,NA,NA,NA,NA,NA,NA,NA,NA,NA,NA,NA,NA,NA,NA,NA,NA,NA,NA,NA,NA,NA,NA,NA,NA,NA,NA,NA,NA,NA,NA,NA,NA,NA,NA,NA,NA,NA,NA,NA,NA,NA,NA,NA,NA,NA,NA,NA,NA,NA,NA,NA,NA,NA,NA,NA,NA
NA,NA,NA,NA,NA,NA,NA,NA,NA,NA,NA,NA,NA,NA,NA,NA,287,2025-10-10,17:17:07,2,4,"Wrehe, Thomas",1000101597,Right,GEO_PAT,"Cowdrey, Vincent",1000469295,Right,GEO_PAT,Undefined,9,Bottom,1,3,0,Sinker,Changeup,StrikeCalled,Undefined,Undefined,Undefined,0,0,NA,86.99751,-1.026621,-3.081135,1967.895435,265.130038,02:45:00,5.86054,2.13798,4.63727,-36.15435,2.73599,17.1171,1.87043,0.63316,79.49476,-7.54443,-0.079718,0.448841,NA,NA,NA,NA,NA,NA,NA,NA,NA,NA,NA,-9.27587,1.98906,-1.83863,50,5.72208,5.97249,-125.97281,-3.74395,-14.86406,26.25788,-28.98673,GEO_PAT,GEO_PAT,SpuhlerFieldMain,TeamExclusive,Team,20251010-SpuhlerFieldMain-Private-2,7a087650-a61e-11f0-9d1c-cb0542a47c13,83.9773,NA,NA,7.50275,NA,NA,NA,NA,NA,NA,e373a8f3-b551-4f4e-929b-9412fc5d6156,2025-10-10,21:17:07,2025-10-10T21:17:07Z,2025-10-10T21:17:07Z,NA,v3,471300,471300,NA,"Vaughan, Logan",1000232024,Right,GEO_PAT,780a3776-feac-4bf1-b3d4-6146d6e68049,55.86562,-127.18956,13.12894,5.86445,-2.40074,-14.49336,-2.13135,6.66128,-7.43203,NA,NA,NA,NA,NA,NA,NA,NA,NA,NA,NA,NA,NA,NA,NA,NA,NA,NA,NA,NA,NA,NA,NA,NA,NA,NA,NA,NA,NA,NA,NA,NA,NA,NA,NA,NA,NA,NA,NA,NA,NA,NA,NA,NA,NA,NA,NA,NA,NA,NA,High,High,High,NA,NA,NA,NA,NA,NA,NA,NA,NA,NA,NA,NA,NA,NA,NA,NA,NA,NA,NA,NA,NA,NA,NA,NA,NA,NA,NA,NA,NA,NA,NA,NA,NA,NA,NA,NA,NA,NA,NA,NA,NA,NA,NA,NA,NA,NA,NA,NA,NA,NA,NA,NA,NA,NA,NA,NA,NA
NA,NA,NA,NA,NA,NA,NA,NA,NA,NA,NA,NA,NA,NA,NA,NA,288,2025-10-10,17:17:23,2,5,"Wrehe, Thomas",1000101597,Right,GEO_PAT,"Cowdrey, Vincent",1000469295,Right,GEO_PAT,Undefined,9,Bottom,1,3,1,Sinker,Changeup,InPlay,Undefined,GroundBall,Error,0,0,NA,86.73517,0.585223,-2.341494,1865.479556,274.982438,03:15:00,5.88521,2.0465,4.30546,-39.73703,-0.27445,17.57403,3.13388,1.27075,79.29932,-6.531306,0.722162,0.452131,55.19806,-1.426833,-7.360648,1658.53778,NA,NA,NA,29.83738,29.07032,-8.451204,0.360962,-9.19674,0.02689,-1.81207,50,5.90806,4.28906,-125.67249,-0.42092,-14.70263,25.55468,-32.13108,GEO_PAT,GEO_PAT,SpuhlerFieldMain,TeamExclusive,Team,20251010-SpuhlerFieldMain-Private-2,8367e820-a61e-11f0-9d1c-cb0542a47c13,83.36622,3.13975,NA,7.43585,NA,NA,NA,1.48384,3.13975,-1.23708,e373a8f3-b551-4f4e-929b-9412fc5d6156,2025-10-10,21:17:23,2025-10-10T21:17:23Z,2025-10-10T21:17:23Z,GroundBall,v3,471300,471300,NA,"Vaughan, Logan",1000232024,Right,GEO_PAT,f10e6767-cf3f-4309-bd6f-7b1f3a14e80f,56.19852,-126.92666,12.77734,5.89002,1.15601,-16.06554,-2.04027,5.01063,-7.35132,309.358118,1.48428,80.24853,-7.19893,NA,NA,NA,NA,NA,NA,3.14284,-2.12947,-18.24483,NA,NA,NA,NA,NA,NA,-1.23844,-10.31796,4.44407,NA,NA,NA,NA,NA,NA,NA,NA,NA,NA,NA,NA,NA,NA,NA,NA,NA,NA,NA,NA,NA,NA,NA,NA,NA,NA,NA,NA,High,High,High,High,High,NA,NA,NA,NA,NA,NA,NA,NA,NA,NA,NA,NA,NA,NA,NA,NA,NA,NA,NA,NA,NA,NA,NA,NA,NA,NA,NA,NA,NA,NA,NA,NA,NA,NA,NA,NA,NA,NA,NA,NA,NA,NA,NA,NA,NA,NA,NA,NA,NA,NA,NA,NA,NA,NA,NA
NA,NA,NA,NA,NA,NA,NA,NA,NA,NA,NA,NA,NA,NA,NA,NA,289,2025-10-10,17:18:19,3,1,"Wrehe, Thomas",1000101597,Right,GEO_PAT,"Canody, Andrew",1000415298,Right,GEO_PAT,Undefined,9,Bottom,1,0,0,ChangeUp,Slider,BallCalled,Undefined,Undefined,Undefined,0,0,NA,82.05886,-1.109931,-3.005566,2226.729562,289.134081,03:45:00,5.98472,2.28944,4.59658,-43.23235,0.16469,3.22437,1.32473,-0.30322,75.95811,-8.833284,-2.440566,0.474134,NA,NA,NA,NA,NA,NA,NA,NA,NA,NA,NA,-2.36669,0.71508,-1.98216,50,5.82956,6.10297,-118.93692,-4.00458,-3.41194,21.43704,-31.14315,GEO_PAT,GEO_PAT,SpuhlerFieldMain,TeamExclusive,Team,20251010-SpuhlerFieldMain-Private-2,a4f402d0-a61e-11f0-9d1c-cb0542a47c13,79.49738,NA,NA,6.10074,NA,NA,NA,NA,NA,NA,e373a8f3-b551-4f4e-929b-9412fc5d6156,2025-10-10,21:18:19,2025-10-10T21:18:19Z,2025-10-10T21:18:19Z,NA,v3,471300,471300,NA,"Vaughan, Logan",1000232024,Right,GEO_PAT,9d7e5c8c-430a-49ce-b8d7-9bb8cc568556,55.90719,-119.9969,10.71852,5.9895,-2.46467,-15.57158,-2.2881,6.27168,-1.70597,NA,NA,NA,NA,NA,NA,NA,NA,NA,NA,NA,NA,NA,NA,NA,NA,NA,NA,NA,NA,NA,NA,NA,NA,NA,NA,NA,NA,76.06717,1.664055,0.780339,0.883716,2.04455,1.42186,0.27642,-3.12585,5.80074,-2.80457,65.17799,3.79739,-59.60155,-3.10547,82.16173,-5.56534,5.81404,8.88003,-12.65041,-2.86578,-73.61973,10.74065,High,High,High,NA,NA,High,High,High,NA,NA,NA,NA,NA,NA,NA,NA,NA,NA,NA,NA,NA,NA,NA,NA,NA,NA,NA,NA,NA,NA,NA,NA,NA,NA,NA,NA,NA,NA,NA,NA,NA,NA,NA,NA,NA,NA,NA,NA,NA,NA,NA,NA,NA,NA,NA,NA,NA,NA,NA,NA
NA,NA,NA,NA,NA,NA,NA,NA,NA,NA,NA,NA,NA,NA,NA,NA,290,2025-10-10,17:18:52,3,2,"Wrehe, Thomas",1000101597,Right,GEO_PAT,"Canody, Andrew",1000415298,Right,GEO_PAT,Undefined,9,Bottom,1,1,0,ChangeUp,Changeup,BallCalled,Undefined,Undefined,Undefined,0,0,NA,84.05781,-0.217712,-4.767873,1802.565214,285.21406,03:30:00,5.71468,2.32464,4.40011,-46.20341,-3.83146,19.46938,1.65585,-0.61473,76.47238,-8.474844,-1.37687,0.468501,NA,NA,NA,NA,NA,NA,NA,NA,NA,NA,NA,-10.82871,-1.34169,-1.83556,50,5.64562,9.20117,-121.40081,-2.39483,-16.04078,25.41273,-34.16151,GEO_PAT,GEO_PAT,SpuhlerFieldMain,TeamExclusive,Team,20251010-SpuhlerFieldMain-Private-2,b8cfa110-a61e-11f0-9d1c-cb0542a47c13,80.45323,NA,NA,7.58543,NA,NA,NA,NA,NA,NA,e373a8f3-b551-4f4e-929b-9412fc5d6156,2025-10-10,21:18:52,2025-10-10T21:18:52Z,2025-10-10T21:18:52Z,NA,v3,471300,471300,NA,"Vaughan, Logan",1000232024,Right,GEO_PAT,0e1f47eb-1fe8-44e4-aad7-0c04bb35646c,56.10285,-122.67167,12.70637,5.72266,-0.68646,-17.08076,-2.31575,10.00334,-8.02039,NA,NA,NA,NA,NA,NA,NA,NA,NA,NA,NA,NA,NA,NA,NA,NA,NA,NA,NA,NA,NA,NA,NA,NA,NA,NA,NA,NA,NA,NA,NA,NA,NA,NA,NA,NA,NA,NA,NA,NA,NA,NA,NA,NA,NA,NA,NA,NA,NA,NA,High,High,High,NA,NA,NA,NA,NA,NA,NA,NA,NA,NA,NA,NA,NA,NA,NA,NA,NA,NA,NA,NA,NA,NA,NA,NA,NA,NA,NA,NA,NA,NA,NA,NA,NA,NA,NA,NA,NA,NA,NA,NA,NA,NA,NA,NA,NA,NA,NA,NA,NA,NA,NA,NA,NA,NA,NA,NA,NA
NA,NA,NA,NA,NA,NA,NA,NA,NA,NA,NA,NA,NA,NA,NA,NA,291,2025-10-10,17:19:10,3,3,"Wrehe, Thomas",1000101597,Right,GEO_PAT,"Canody, Andrew",1000415298,Right,GEO_PAT,Undefined,9,Bottom,1,2,0,Sinker,Changeup,BallCalled,Undefined,Undefined,Undefined,0,0,NA,85.95706,-0.170732,-2.085383,1839.058659,271.021458,03:00:00,5.73296,2.47635,4.32227,-39.42388,1.02937,19.94017,2.28432,2.14367,78.12932,-7.24774,1.394215,0.457771,NA,NA,NA,NA,NA,NA,NA,NA,NA,NA,NA,-10.20347,0.98311,-2.27245,50,5.67494,3.54893,-124.43357,-2.05011,-15.87205,26.80297,-30.64474,GEO_PAT,GEO_PAT,SpuhlerFieldMain,TeamExclusive,Team,20251010-SpuhlerFieldMain-Private-2,c3977c80-a61e-11f0-9d1c-cb0542a47c13,82.33912,NA,NA,7.82774,NA,NA,NA,NA,NA,NA,e373a8f3-b551-4f4e-929b-9412fc5d6156,2025-10-10,21:19:10,2025-10-10T21:19:10Z,2025-10-10T21:19:10Z,NA,v3,471300,471300,NA,"Vaughan, Logan",1000232024,Right,GEO_PAT,8c755ff4-1526-4d72-8622-bb1c8b89cbb3,56.17915,-125.75751,13.40149,5.73882,-0.5364,-15.32237,-2.46712,4.33294,-7.93602,NA,NA,NA,NA,NA,NA,NA,NA,NA,NA,NA,NA,NA,NA,NA,NA,NA,NA,NA,NA,NA,NA,NA,NA,NA,NA,NA,NA,NA,NA,NA,NA,NA,NA,NA,NA,NA,NA,NA,NA,NA,NA,NA,NA,NA,NA,NA,NA,NA,NA,High,High,High,NA,NA,NA,NA,NA,NA,NA,NA,NA,NA,NA,NA,NA,NA,NA,NA,NA,NA,NA,NA,NA,NA,NA,NA,NA,NA,NA,NA,NA,NA,NA,NA,NA,NA,NA,NA,NA,NA,NA,NA,NA,NA,NA,NA,NA,NA,NA,NA,NA,NA,NA,NA,NA,NA,NA,NA,NA
NA,NA,NA,NA,NA,NA,NA,NA,NA,NA,NA,NA,NA,NA,NA,NA,292,2025-10-10,17:19:37,3,4,"Wrehe, Thomas",1000101597,Right,GEO_PAT,"Canody, Andrew",1000415298,Right,GEO_PAT,Undefined,9,Bottom,1,3,0,Sinker,Sinker,StrikeCalled,Undefined,Undefined,Undefined,0,0,NA,88.01924,0.580731,-2.282576,1901.776942,284.269958,03:30:00,5.91474,2.0625,4.676,-41.9001,-3.58583,19.51777,2.97508,1.51994,79.46734,-6.98379,1.14477,0.445504,NA,NA,NA,NA,NA,NA,NA,NA,NA,NA,NA,-10.21103,-1.49201,-1.84857,50,5.93613,4.11969,-127.39193,-0.49161,-16.535,29.73568,-34.59011,GEO_PAT,GEO_PAT,SpuhlerFieldMain,TeamExclusive,Team,20251010-SpuhlerFieldMain-Private-2,d3276750-a61e-11f0-9d1c-cb0542a47c13,84.60624,NA,NA,8.5519,NA,NA,NA,NA,NA,NA,e373a8f3-b551-4f4e-929b-9412fc5d6156,2025-10-10,21:19:37,2025-10-10T21:19:37Z,2025-10-10T21:19:37Z,NA,v3,471300,471300,NA,"Vaughan, Logan",1000232024,Right,GEO_PAT,39eddb9c-c7bf-423e-96c5-8c1641b6dd35,55.82525,-128.74447,14.86784,5.92271,1.08174,-17.29506,-2.05306,4.87179,-8.2675,NA,NA,NA,NA,NA,NA,NA,NA,NA,NA,NA,NA,NA,NA,NA,NA,NA,NA,NA,NA,NA,NA,NA,NA,NA,NA,NA,NA,NA,NA,NA,NA,NA,NA,NA,NA,NA,NA,NA,NA,NA,NA,NA,NA,NA,NA,NA,NA,NA,NA,High,High,High,NA,NA,NA,NA,NA,NA,NA,NA,NA,NA,NA,NA,NA,NA,NA,NA,NA,NA,NA,NA,NA,NA,NA,NA,NA,NA,NA,NA,NA,NA,NA,NA,NA,NA,NA,NA,NA,NA,NA,NA,NA,NA,NA,NA,NA,NA,NA,NA,NA,NA,NA,NA,NA,NA,NA,NA,NA
NA,NA,NA,NA,NA,NA,NA,NA,NA,NA,NA,NA,NA,NA,NA,NA,293,2025-10-10,17:19:56,3,5,"Wrehe, Thomas",1000101597,Right,GEO_PAT,"Canody, Andrew",1000415298,Right,GEO_PAT,Undefined,9,Bottom,1,3,1,Sinker,Changeup,StrikeCalled,Undefined,Undefined,Undefined,0,0,NA,87.08109,-0.720779,-3.936843,1832.03001,280.728227,03:15:00,5.84031,2.28398,4.42506,-40.98908,-2.26752,17.93521,1.73517,0.01637,80.51376,-8.023626,-0.806779,0.447866,NA,NA,NA,NA,NA,NA,NA,NA,NA,NA,NA,-9.74898,-0.62343,-1.88408,50,5.7229,7.82853,-126.16171,-3.34792,-15.86146,23.39368,-33.18836,GEO_PAT,GEO_PAT,SpuhlerFieldMain,TeamExclusive,Team,20251010-SpuhlerFieldMain-Private-2,dec46d10-a61e-11f0-9d1c-cb0542a47c13,84.16011,NA,NA,6.56733,NA,NA,NA,NA,NA,NA,e373a8f3-b551-4f4e-929b-9412fc5d6156,2025-10-10,21:19:56,2025-10-10T21:19:56Z,2025-10-10T21:19:56Z,NA,v3,471300,471300,NA,"Vaughan, Logan",1000232024,Right,GEO_PAT,0875698b-e7d6-49ca-ad77-a1cd453f4454,56.08052,-127.28421,11.69684,5.84534,-1.75545,-16.59418,-2.27798,8.58961,-7.93073,NA,NA,NA,NA,NA,NA,NA,NA,NA,NA,NA,NA,NA,NA,NA,NA,NA,NA,NA,NA,NA,NA,NA,NA,NA,NA,NA,NA,NA,NA,NA,NA,NA,NA,NA,NA,NA,NA,NA,NA,NA,NA,NA,NA,NA,NA,NA,NA,NA,NA,High,High,High,NA,NA,NA,NA,NA,NA,NA,NA,NA,NA,NA,NA,NA,NA,NA,NA,NA,NA,NA,NA,NA,NA,NA,NA,NA,NA,NA,NA,NA,NA,NA,NA,NA,NA,NA,NA,NA,NA,NA,NA,NA,NA,NA,NA,NA,NA,NA,NA,NA,NA,NA,NA,NA,NA,NA,NA,NA
NA,NA,NA,NA,NA,NA,NA,NA,NA,NA,NA,NA,NA,NA,NA,NA,294,2025-10-10,17:20:19,3,6,"Wrehe, Thomas",1000101597,Right,GEO_PAT,"Canody, Andrew",1000415298,Right,GEO_PAT,Undefined,9,Bottom,1,3,2,Sinker,Changeup,StrikeSwinging,Strikeout,Undefined,Undefined,1,0,NA,87.06164,-1.306142,-3.835176,1851.260306,280.817515,03:15:00,5.85262,2.21602,4.34039,-41.6427,-2.31181,18.8621,1.13121,0.11742,79.68065,-8.729298,-0.546025,0.451376,NA,NA,NA,NA,NA,NA,NA,NA,NA,NA,NA,-10.30847,-0.4365,-1.82292,50,5.6694,7.53626,-125.93156,-4.66914,-16.50277,26.31256,-32.87282,GEO_PAT,GEO_PAT,SpuhlerFieldMain,TeamExclusive,Team,20251010-SpuhlerFieldMain-Private-2,ec7f70d0-a61e-11f0-9d1c-cb0542a47c13,83.50567,NA,NA,7.38099,NA,NA,NA,NA,NA,NA,e373a8f3-b551-4f4e-929b-9412fc5d6156,2025-10-10,21:20:19,2025-10-10T21:20:19Z,2025-10-10T21:20:19Z,NA,v3,471300,471300,NA,"Vaughan, Logan",1000232024,Right,GEO_PAT,9e9bdf99-fe43-4f9e-9cc3-21e7e70caf4c,56.16415,-127.213,13.15628,5.8578,-3.06822,-16.43641,-2.20951,8.33996,-8.25138,NA,NA,NA,NA,NA,NA,NA,NA,NA,NA,NA,NA,NA,NA,NA,NA,NA,NA,NA,NA,NA,NA,NA,NA,NA,NA,NA,NA,NA,NA,NA,NA,NA,NA,NA,NA,NA,NA,NA,NA,NA,NA,NA,NA,NA,NA,NA,NA,NA,NA,High,High,High,NA,NA,NA,NA,NA,NA,NA,NA,NA,NA,NA,NA,NA,NA,NA,NA,NA,NA,NA,NA,NA,NA,NA,NA,NA,NA,NA,NA,NA,NA,NA,NA,NA,NA,NA,NA,NA,NA,NA,NA,NA,NA,NA,NA,NA,NA,NA,NA,NA,NA,NA,NA,NA,NA,NA,NA,NA
NA,NA,NA,NA,NA,NA,NA,NA,NA,NA,NA,NA,NA,NA,NA,NA,295,2025-10-10,17:23:01,1,1,"Kelsey, Carter",1000469297,Right,GEO_PAT,"Tignor, Laken",1000091229,Right,GEO_PAT,Undefined,10,Top,0,0,0,Fastball,Four-Seam,StrikeCalled,Undefined,Undefined,Undefined,0,0,NA,90.44437,-2.501059,-2.883678,2104.466846,213.528829,01:00:00,6.2791,2.03674,5.70127,-19.31147,15.21536,9.33973,2.33472,0.12558,82.67703,-6.122148,-1.215518,0.422912,NA,NA,NA,NA,NA,NA,NA,NA,NA,NA,NA,-5.53981,8.7663,-1.80039,50,6.05687,6.19076,-131.07717,-6.3597,-9.6355,27.77377,-16.92665,GEO_PAT,GEO_PAT,SpuhlerFieldMain,TeamExclusive,Team,20251010-SpuhlerFieldMain-Private-2,4d1df010-a61f-11f0-9d1c-cb0542a47c13,89.126,NA,NA,7.76734,NA,NA,NA,NA,NA,NA,e373a8f3-b551-4f4e-929b-9412fc5d6156,2025-10-10,21:23:01,2025-10-10T21:23:01Z,2025-10-10T21:23:01Z,NA,v3,471300,471300,NA,"Cowdrey, Vincent",1000469295,Right,GEO_PAT,f25c04ad-70a0-47e8-bddf-2393afd7e354,54.79961,-132.09023,13.88688,6.27759,-5.74228,-8.46332,-2.03261,6.54222,-4.81775,NA,NA,NA,NA,NA,NA,NA,NA,NA,NA,NA,NA,NA,NA,NA,NA,NA,NA,NA,NA,NA,NA,NA,NA,NA,NA,NA,NA,NA,NA,NA,NA,NA,NA,NA,NA,NA,NA,NA,NA,NA,NA,NA,NA,NA,NA,NA,NA,NA,NA,High,High,High,NA,NA,NA,NA,NA,NA,NA,NA,NA,NA,NA,NA,NA,NA,NA,NA,NA,NA,NA,NA,NA,NA,NA,NA,NA,NA,NA,NA,NA,NA,NA,NA,NA,NA,NA,NA,NA,NA,NA,NA,NA,NA,NA,NA,NA,NA,NA,NA,NA,NA,NA,NA,NA,NA,NA,NA,NA
NA,NA,NA,NA,NA,NA,NA,NA,NA,NA,NA,NA,NA,NA,NA,NA,296,2025-10-10,17:23:16,1,2,"Kelsey, Carter",1000469297,Right,GEO_PAT,"Tignor, Laken",1000091229,Right,GEO_PAT,Undefined,10,Top,0,0,1,Fastball,Four-Seam,BallCalled,Undefined,Undefined,Undefined,0,0,NA,90.89515,-0.734759,-3.525536,2105.987129,213.986428,01:15:00,6.16836,2.19359,5.73653,-19.1582,15.00497,9.36812,3.88627,-0.31303,82.80549,-4.34454,-1.853751,0.420679,NA,NA,NA,NA,NA,NA,NA,NA,NA,NA,NA,-5.72827,8.16193,-1.90519,50,6.09533,7.69722,-131.74103,-2.30923,-10.05444,28.3156,-17.84797,GEO_PAT,GEO_PAT,SpuhlerFieldMain,TeamExclusive,Team,20251010-SpuhlerFieldMain-Private-2,560795a0-a61f-11f0-9d1c-cb0542a47c13,89.59914,NA,NA,8.08966,NA,NA,NA,NA,NA,NA,e373a8f3-b551-4f4e-929b-9412fc5d6156,2025-10-10,21:23:16,2025-10-10T21:23:16Z,2025-10-10T21:23:16Z,NA,v3,471300,471300,NA,"Cowdrey, Vincent",1000469295,Right,GEO_PAT,457068ba-7f38-44eb-9c4e-7cfd4a1c7ee7,54.76348,-132.76092,14.1578,6.16693,-1.66637,-8.92398,-2.18896,8.05937,-5.02722,NA,NA,NA,NA,NA,NA,NA,NA,NA,NA,NA,NA,NA,NA,NA,NA,NA,NA,NA,NA,NA,NA,NA,NA,NA,NA,NA,NA,NA,NA,NA,NA,NA,NA,NA,NA,NA,NA,NA,NA,NA,NA,NA,NA,NA,NA,NA,NA,NA,NA,High,High,High,NA,NA,NA,NA,NA,NA,NA,NA,NA,NA,NA,NA,NA,NA,NA,NA,NA,NA,NA,NA,NA,NA,NA,NA,NA,NA,NA,NA,NA,NA,NA,NA,NA,NA,NA,NA,NA,NA,NA,NA,NA,NA,NA,NA,NA,NA,NA,NA,NA,NA,NA,NA,NA,NA,NA,NA,NA
NA,NA,NA,NA,NA,NA,NA,NA,NA,NA,NA,NA,NA,NA,NA,NA,297,2025-10-10,17:23:31,1,3,"Kelsey, Carter",1000469297,Right,GEO_PAT,"Tignor, Laken",1000091229,Right,GEO_PAT,Undefined,10,Top,0,1,1,Slider,Slider,StrikeSwinging,Undefined,Undefined,Undefined,0,0,NA,78.9747,1.293254,-0.463232,2248.377433,98.234341,09:15:00,5.93611,2.38504,5.40498,-41.64042,4.09847,-18.31265,3.67814,0.42491,72.2461,-6.339547,-3.71981,0.486759,NA,NA,NA,NA,NA,NA,NA,NA,NA,NA,NA,9.03363,2.14858,-2.3307,50,6.02241,1.66279,-114.6276,1.1859,11.97863,21.85841,-29.32502,GEO_PAT,GEO_PAT,SpuhlerFieldMain,TeamExclusive,Team,20251010-SpuhlerFieldMain-Private-2,5f147aa0-a61f-11f0-9d1c-cb0542a47c13,77.43547,NA,NA,6.72861,NA,NA,NA,NA,NA,NA,e373a8f3-b551-4f4e-929b-9412fc5d6156,2025-10-10,21:23:31,2025-10-10T21:23:31Z,2025-10-10T21:23:31Z,NA,v3,471300,471300,NA,"Cowdrey, Vincent",1000469295,Right,GEO_PAT,c6718af5-1450-4fe5-9b86-cb29cc22fcde,55.09702,-115.59547,10.9292,5.94115,2.48438,-14.66251,-2.39259,1.13239,5.98931,NA,NA,NA,NA,NA,NA,NA,NA,NA,NA,NA,NA,NA,NA,NA,NA,NA,NA,NA,NA,NA,NA,NA,NA,NA,NA,NA,NA,NA,NA,NA,NA,NA,NA,NA,NA,NA,NA,NA,NA,NA,NA,NA,NA,NA,NA,NA,NA,NA,NA,High,High,High,NA,NA,NA,NA,NA,NA,NA,NA,NA,NA,NA,NA,NA,NA,NA,NA,NA,NA,NA,NA,NA,NA,NA,NA,NA,NA,NA,NA,NA,NA,NA,NA,NA,NA,NA,NA,NA,NA,NA,NA,NA,NA,NA,NA,NA,NA,NA,NA,NA,NA,NA,NA,NA,NA,NA,NA,NA
NA,NA,NA,NA,NA,NA,NA,NA,NA,NA,NA,NA,NA,NA,NA,NA,298,2025-10-10,17:23:47,1,4,"Kelsey, Carter",1000469297,Right,GEO_PAT,"Tignor, Laken",1000091229,Right,GEO_PAT,Undefined,10,Top,0,2,2,Slider,Slider,BallCalled,Undefined,Undefined,Undefined,0,0,NA,78.3478,1.391884,-1.685082,2145.518271,99.86036,09:15:00,5.98106,2.28932,5.34538,-42.25683,4.30878,-16.47186,3.76617,-0.66452,71.80878,-6.335941,-4.607129,0.491139,NA,NA,NA,NA,NA,NA,NA,NA,NA,NA,NA,7.76319,2.22055,-2.12529,50,6.07651,4.00116,-113.66753,1.34283,10.13601,21.23122,-29.27479,GEO_PAT,GEO_PAT,SpuhlerFieldMain,TeamExclusive,Team,20251010-SpuhlerFieldMain-Private-2,6870df30-a61f-11f0-9d1c-cb0542a47c13,76.745,NA,NA,6.53902,NA,NA,NA,NA,NA,NA,e373a8f3-b551-4f4e-929b-9412fc5d6156,2025-10-10,21:23:47,2025-10-10T21:23:47Z,2025-10-10T21:23:47Z,NA,v3,471300,471300,NA,"Cowdrey, Vincent",1000469295,Right,GEO_PAT,41b57234-d8c5-44f4-88bc-c287b4ad0e4b,55.15663,-114.62666,10.61561,5.98597,2.66533,-14.6374,-2.2957,3.54326,5.06801,NA,NA,NA,NA,NA,NA,NA,NA,NA,NA,NA,NA,NA,NA,NA,NA,NA,NA,NA,NA,NA,NA,NA,NA,NA,NA,NA,NA,NA,NA,NA,NA,NA,NA,NA,NA,NA,NA,NA,NA,NA,NA,NA,NA,NA,NA,NA,NA,NA,NA,High,High,High,NA,NA,NA,NA,NA,NA,NA,NA,NA,NA,NA,NA,NA,NA,NA,NA,NA,NA,NA,NA,NA,NA,NA,NA,NA,NA,NA,NA,NA,NA,NA,NA,NA,NA,NA,NA,NA,NA,NA,NA,NA,NA,NA,NA,NA,NA,NA,NA,NA,NA,NA,NA,NA,NA,NA,NA,NA
NA,NA,NA,NA,NA,NA,NA,NA,NA,NA,NA,NA,NA,NA,NA,NA,299,2025-10-10,17:24:04,1,5,"Kelsey, Carter",1000469297,Right,GEO_PAT,"Tignor, Laken",1000091229,Right,GEO_PAT,Undefined,10,Top,0,3,2,Fastball,Four-Seam,FoulBallNotFieldable,Strikeout,Undefined,Undefined,0,0,NA,91.82181,-2.281423,-3.692345,2270.804938,198.148119,12:30:00,6.12536,2.13182,5.74794,-14.24934,19.23048,5.94725,2.80826,-0.8151,83.80907,-5.002484,-2.631517,0.41645,NA,NA,NA,NA,NA,NA,NA,NA,NA,NA,NA,-4.03937,10.73272,-1.82814,50,5.92659,8.31522,-132.98512,-5.71833,-7.23405,28.50418,-12.95297,GEO_PAT,GEO_PAT,SpuhlerFieldMain,TeamExclusive,Team,20251010-SpuhlerFieldMain-Private-2,726c9100-a61f-11f0-9d1c-cb0542a47c13,90.5089,NA,NA,8.01275,NA,NA,NA,NA,NA,NA,e373a8f3-b551-4f4e-929b-9412fc5d6156,2025-10-10,21:24:04,2025-10-10T21:24:04Z,2025-10-10T21:24:04Z,NA,v3,471300,471300,NA,"Cowdrey, Vincent",1000469295,Right,GEO_PAT,74e81943-ffdc-4b58-b76f-25ed545906dd,54.75231,-133.99986,14.25209,6.12196,-5.2572,-6.47649,-2.12874,8.57275,-3.61702,NA,NA,NA,NA,NA,NA,NA,NA,NA,NA,NA,NA,NA,NA,NA,NA,NA,NA,NA,NA,NA,NA,NA,NA,NA,NA,NA,NA,NA,NA,NA,NA,NA,NA,NA,NA,NA,NA,NA,NA,NA,NA,NA,NA,NA,NA,NA,NA,NA,NA,High,High,High,NA,NA,NA,NA,NA,NA,NA,NA,NA,NA,NA,NA,NA,NA,NA,NA,NA,NA,NA,NA,NA,NA,NA,NA,NA,NA,NA,NA,NA,NA,NA,NA,NA,NA,NA,NA,NA,NA,NA,NA,NA,NA,NA,NA,NA,NA,NA,NA,NA,NA,NA,NA,NA,NA,NA,NA,NA
NA,NA,NA,NA,NA,NA,NA,NA,NA,NA,NA,NA,NA,NA,NA,NA,300,2025-10-10,17:24:24,2,1,"Kelsey, Carter",1000469297,Right,GEO_PAT,"Tignor, Laken",1000091229,Right,GEO_PAT,Undefined,10,Top,0,3,2,Fastball,Four-Seam,BallCalled,Walk,Undefined,Undefined,0,0,NA,91.66067,-2.571932,-3.517456,2243.837214,197.262702,12:30:00,6.03034,2.02967,5.59258,-14.12477,19.89308,5.81611,2.44556,-0.77425,83.14778,-5.277094,-2.482685,0.419783,NA,NA,NA,NA,NA,NA,NA,NA,NA,NA,NA,-3.96918,11.15068,-1.73122,50,5.8001,7.88441,-132.61908,-6.37368,-7.02301,30.0816,-12.4442,GEO_PAT,GEO_PAT,SpuhlerFieldMain,TeamExclusive,Team,20251010-SpuhlerFieldMain-Private-2,7e743f70-a61f-11f0-9d1c-cb0542a47c13,89.79031,NA,NA,8.51289,NA,NA,NA,NA,NA,NA,e373a8f3-b551-4f4e-929b-9412fc5d6156,2025-10-10,21:24:24,2025-10-10T21:24:24Z,2025-10-10T21:24:24Z,NA,v3,471300,471300,NA,"Cowdrey, Vincent",1000469295,Right,GEO_PAT,4b188d4f-c688-444c-8da9-73f0a931f1ee,54.90651,-133.72738,15.0408,6.02648,-5.9152,-6.2221,-2.02647,8.14316,-3.51151,NA,NA,NA,NA,NA,NA,NA,NA,NA,NA,NA,NA,NA,NA,NA,NA,NA,NA,NA,NA,NA,NA,NA,NA,NA,NA,NA,NA,NA,NA,NA,NA,NA,NA,NA,NA,NA,NA,NA,NA,NA,NA,NA,NA,NA,NA,NA,NA,NA,NA,High,High,High,NA,NA,NA,NA,NA,NA,NA,NA,NA,NA,NA,NA,NA,NA,NA,NA,NA,NA,NA,NA,NA,NA,NA,NA,NA,NA,NA,NA,NA,NA,NA,NA,NA,NA,NA,NA,NA,NA,NA,NA,NA,NA,NA,NA,NA,NA,NA,NA,NA,NA,NA,NA,NA,NA,NA,NA,NA
NA,NA,NA,NA,NA,NA,NA,NA,NA,NA,NA,NA,NA,NA,NA,NA,301,2025-10-10,17:25:00,3,1,"Kelsey, Carter",1000469297,Right,GEO_PAT,"Bagnerise , Julius",1000469309,Right,GEO_PAT,Undefined,10,Top,1,0,0,Fastball,Four-Seam,BallCalled,Undefined,Undefined,Undefined,0,0,NA,91.69233,-3.629372,-3.803974,2169.778682,214.33106,01:15:00,6.08454,2.20724,5.51288,-16.98666,17.06406,10.86764,1.26292,-0.44965,83.5835,-6.821906,-1.872694,0.419986,NA,NA,NA,NA,NA,NA,NA,NA,NA,NA,NA,-6.54937,9.98182,-1.88243,50,5.75574,8.31381,-132.54845,-8.977,-11.62204,29.00537,-14.46114,GEO_PAT,GEO_PAT,SpuhlerFieldMain,TeamExclusive,Team,20251010-SpuhlerFieldMain-Private-2,941d23a0-a61f-11f0-9d1c-cb0542a47c13,89.74695,NA,NA,8.10883,NA,NA,NA,NA,NA,NA,e373a8f3-b551-4f4e-929b-9412fc5d6156,2025-10-10,21:25:00,2025-10-10T21:25:00Z,2025-10-10T21:25:00Z,NA,v3,471300,471300,NA,"Cowdrey, Vincent",1000469295,Right,GEO_PAT,cdb38323-e1be-4f75-9f0e-73895dacdf04,54.98756,-133.63541,14.50268,6.08199,-8.43508,-7.23057,-2.20215,8.74934,-5.81102,NA,NA,NA,NA,NA,NA,NA,NA,NA,NA,NA,NA,NA,NA,NA,NA,NA,NA,NA,NA,NA,NA,NA,NA,NA,NA,NA,NA,NA,NA,NA,NA,NA,NA,NA,NA,NA,NA,NA,NA,NA,NA,NA,NA,NA,NA,NA,NA,NA,NA,High,High,High,NA,NA,NA,NA,NA,NA,NA,NA,NA,NA,NA,NA,NA,NA,NA,NA,NA,NA,NA,NA,NA,NA,NA,NA,NA,NA,NA,NA,NA,NA,NA,NA,NA,NA,NA,NA,NA,NA,NA,NA,NA,NA,NA,NA,NA,NA,NA,NA,NA,NA,NA,NA,NA,NA,NA,NA,NA
NA,NA,NA,NA,NA,NA,NA,NA,NA,NA,NA,NA,NA,NA,NA,NA,302,2025-10-10,17:25:24,3,2,"Kelsey, Carter",1000469297,Right,GEO_PAT,"Bagnerise , Julius",1000469309,Right,GEO_PAT,Undefined,10,Top,1,1,0,Splitter,Changeup,BallCalled,Undefined,Undefined,Undefined,0,0,NA,84.39462,1.067763,-0.556227,1818.873222,213.919117,01:15:00,6.01409,1.96417,5.50707,-26.16285,13.19135,8.13308,4.83264,2.1217,77.85874,-3.780027,0.892655,0.45151,NA,NA,NA,NA,NA,NA,NA,NA,NA,NA,NA,-4.23008,6.74272,-1.92116,50,6.08975,0.84983,-122.65411,1.41592,-6.52018,21.57078,-21.78091,GEO_PAT,GEO_PAT,SpuhlerFieldMain,TeamExclusive,Team,20251010-SpuhlerFieldMain-Private-2,a246c7b0-a61f-11f0-9d1c-cb0542a47c13,83.48093,NA,NA,6.53588,NA,NA,NA,NA,NA,NA,e373a8f3-b551-4f4e-929b-9412fc5d6156,2025-10-10,21:25:24,2025-10-10T21:25:24Z,2025-10-10T21:25:24Z,NA,v3,471300,471300,NA,"Cowdrey, Vincent",1000469295,Right,GEO_PAT,f29f48df-6fa8-45bb-9a9b-a648d06b9556,54.9946,-123.52937,10.78539,6.01437,2.2997,-10.89046,-1.96101,1.1144,-3.26009,NA,NA,NA,NA,NA,NA,NA,NA,NA,NA,NA,NA,NA,NA,NA,NA,NA,NA,NA,NA,NA,NA,NA,NA,NA,NA,NA,NA,NA,NA,NA,NA,NA,NA,NA,NA,NA,NA,NA,NA,NA,NA,NA,NA,NA,NA,NA,NA,NA,NA,High,High,High,NA,NA,NA,NA,NA,NA,NA,NA,NA,NA,NA,NA,NA,NA,NA,NA,NA,NA,NA,NA,NA,NA,NA,NA,NA,NA,NA,NA,NA,NA,NA,NA,NA,NA,NA,NA,NA,NA,NA,NA,NA,NA,NA,NA,NA,NA,NA,NA,NA,NA,NA,NA,NA,NA,NA,NA,NA
NA,NA,NA,NA,NA,NA,NA,NA,NA,NA,NA,NA,NA,NA,NA,NA,303,2025-10-10,17:25:44,3,3,"Kelsey, Carter",1000469297,Right,GEO_PAT,"Bagnerise , Julius",1000469309,Right,GEO_PAT,Undefined,10,Top,1,2,0,Fastball,Four-Seam,StrikeCalled,Undefined,Undefined,Undefined,0,0,NA,92.08211,-3.140634,-3.320999,2226.974687,217.153887,01:15:00,5.98494,2.16615,5.62746,-17.24816,16.09387,11.39642,1.60904,0.01339,84.43788,-6.375028,-1.289599,0.415592,NA,NA,NA,NA,NA,NA,NA,NA,NA,NA,NA,-6.70311,9.33831,-1.89048,50,5.70571,7.23597,-133.38713,-7.89937,-12.11469,27.84289,-15.29666,GEO_PAT,GEO_PAT,SpuhlerFieldMain,TeamExclusive,Team,20251010-SpuhlerFieldMain-Private-2,ae055f30-a61f-11f0-9d1c-cb0542a47c13,90.69574,NA,NA,7.64423,NA,NA,NA,NA,NA,NA,e373a8f3-b551-4f4e-929b-9412fc5d6156,2025-10-10,21:25:44,2025-10-10T21:25:44Z,2025-10-10T21:25:44Z,NA,v3,471300,471300,NA,"Cowdrey, Vincent",1000469295,Right,GEO_PAT,c0f6ebd9-36e9-4f0f-a61b-964c31e5db7f,54.87535,-134.40094,13.92145,5.98321,-7.34239,-7.64833,-2.16199,7.67709,-6.05734,NA,NA,NA,NA,NA,NA,NA,NA,NA,NA,NA,NA,NA,NA,NA,NA,NA,NA,NA,NA,NA,NA,NA,NA,NA,NA,NA,NA,NA,NA,NA,NA,NA,NA,NA,NA,NA,NA,NA,NA,NA,NA,NA,NA,NA,NA,NA,NA,NA,NA,High,High,High,NA,NA,NA,NA,NA,NA,NA,NA,NA,NA,NA,NA,NA,NA,NA,NA,NA,NA,NA,NA,NA,NA,NA,NA,NA,NA,NA,NA,NA,NA,NA,NA,NA,NA,NA,NA,NA,NA,NA,NA,NA,NA,NA,NA,NA,NA,NA,NA,NA,NA,NA,NA,NA,NA,NA,NA,NA
NA,NA,NA,NA,NA,NA,NA,NA,NA,NA,NA,NA,NA,NA,NA,NA,304,2025-10-10,17:26:05,3,4,"Kelsey, Carter",1000469297,Right,GEO_PAT,"Bagnerise , Julius",1000469309,Right,GEO_PAT,Undefined,10,Top,1,2,1,Fastball,Four-Seam,StrikeCalled,Undefined,Undefined,Undefined,0,0,NA,91.05093,-2.15639,-2.277381,2130.942155,223.553252,01:30:00,6.08687,2.13805,5.48851,-19.87068,14.42351,12.65926,2.41096,1.06121,83.2148,-5.86483,-0.023234,0.421484,NA,NA,NA,NA,NA,NA,NA,NA,NA,NA,NA,-6.9989,8.20382,-1.94713,50,5.88439,4.67228,-132.0162,-5.65691,-12.35015,28.13431,-17.6977,GEO_PAT,GEO_PAT,SpuhlerFieldMain,TeamExclusive,Team,20251010-SpuhlerFieldMain-Private-2,bad9d380-a61f-11f0-9d1c-cb0542a47c13,89.42783,NA,NA,7.83613,NA,NA,NA,NA,NA,NA,e373a8f3-b551-4f4e-929b-9412fc5d6156,2025-10-10,21:26:05,2025-10-10T21:26:05Z,2025-10-10T21:26:05Z,NA,v3,471300,471300,NA,"Cowdrey, Vincent",1000469295,Right,GEO_PAT,54167847-c440-4704-b8bc-6427acee1b0f,55.01256,-133.08015,14.06716,6.08566,-4.98764,-8.84885,-2.13265,5.13933,-6.17507,NA,NA,NA,NA,NA,NA,NA,NA,NA,NA,NA,NA,NA,NA,NA,NA,NA,NA,NA,NA,NA,NA,NA,NA,NA,NA,NA,NA,NA,NA,NA,NA,NA,NA,NA,NA,NA,NA,NA,NA,NA,NA,NA,NA,NA,NA,NA,NA,NA,NA,High,High,High,NA,NA,NA,NA,NA,NA,NA,NA,NA,NA,NA,NA,NA,NA,NA,NA,NA,NA,NA,NA,NA,NA,NA,NA,NA,NA,NA,NA,NA,NA,NA,NA,NA,NA,NA,NA,NA,NA,NA,NA,NA,NA,NA,NA,NA,NA,NA,NA,NA,NA,NA,NA,NA,NA,NA,NA,NA
NA,NA,NA,NA,NA,NA,NA,NA,NA,NA,NA,NA,NA,NA,NA,NA,305,2025-10-10,17:26:24,3,5,"Kelsey, Carter",1000469297,Right,GEO_PAT,"Bagnerise , Julius",1000469309,Right,GEO_PAT,Undefined,10,Top,1,2,2,Fastball,Four-Seam,BallCalled,Undefined,Undefined,Undefined,0,0,NA,91.69388,-3.686407,-4.071323,2243.423889,186.819866,12:15:00,6.03873,2.17771,5.57783,-10.39229,23.66131,2.68988,1.71606,-1.40723,83.36205,-5.717462,-3.593752,0.420004,NA,NA,NA,NA,NA,NA,NA,NA,NA,NA,NA,-2.54571,13.38146,-1.82847,50,5.71373,9.30797,-132.4847,-8.80196,-4.50399,29.50941,-8.49906,GEO_PAT,GEO_PAT,SpuhlerFieldMain,TeamExclusive,Team,20251010-SpuhlerFieldMain-Private-2,c5f10770-a61f-11f0-9d1c-cb0542a47c13,89.74315,NA,NA,8.33183,NA,NA,NA,NA,NA,NA,e373a8f3-b551-4f4e-929b-9412fc5d6156,2025-10-10,21:26:24,2025-10-10T21:26:24Z,2025-10-10T21:26:24Z,NA,v3,471300,471300,NA,"Cowdrey, Vincent",1000469295,Right,GEO_PAT,f90fb8a6-660b-4d49-9434-c432e859b51d,54.92248,-133.57662,14.75471,6.03361,-8.48747,-4.24953,-2.17597,9.47462,-2.25199,NA,NA,NA,NA,NA,NA,NA,NA,NA,NA,NA,NA,NA,NA,NA,NA,NA,NA,NA,NA,NA,NA,NA,NA,NA,NA,NA,NA,NA,NA,NA,NA,NA,NA,NA,NA,NA,NA,NA,NA,NA,NA,NA,NA,NA,NA,NA,NA,NA,NA,High,High,High,NA,NA,NA,NA,NA,NA,NA,NA,NA,NA,NA,NA,NA,NA,NA,NA,NA,NA,NA,NA,NA,NA,NA,NA,NA,NA,NA,NA,NA,NA,NA,NA,NA,NA,NA,NA,NA,NA,NA,NA,NA,NA,NA,NA,NA,NA,NA,NA,NA,NA,NA,NA,NA,NA,NA,NA,NA
NA,NA,NA,NA,NA,NA,NA,NA,NA,NA,NA,NA,NA,NA,NA,NA,306,2025-10-10,17:26:48,3,6,"Kelsey, Carter",1000469297,Right,GEO_PAT,"Bagnerise , Julius",1000469309,Right,GEO_PAT,Undefined,10,Top,1,3,2,Fastball,Four-Seam,FoulBallNotFieldable,Undefined,Undefined,Undefined,0,0,NA,90.45998,-2.284493,-2.35264,2214.645533,184.185588,12:15:00,5.99106,2.14443,5.6246,-11.36048,23.39489,1.62559,2.90953,0.08318,82.14448,-4.503967,-2.062847,0.424309,66.87699,50.021709,-94.741552,7609.577922,NA,NA,NA,NA,52.63183,NA,NA,-1.52232,12.90201,-1.94481,50,5.78918,5.31447,-131.0967,-5.51588,-2.63333,29.27358,-9.85599,GEO_PAT,GEO_PAT,SpuhlerFieldMain,TeamExclusive,Team,20251010-SpuhlerFieldMain-Private-2,d435d4a0-a61f-11f0-9d1c-cb0542a47c13,88.83248,67.65733,NA,8.3155,NA,NA,NA,NA,NA,NA,e373a8f3-b551-4f4e-929b-9412fc5d6156,2025-10-10,21:26:48,2025-10-10T21:26:48Z,2025-10-10T21:26:48Z,NA,v3,471300,471300,NA,"Cowdrey, Vincent",1000469295,Right,GEO_PAT,d4bc157f-0422-41b1-a9a5-9d9337826c2d,54.87641,-132.18111,14.63679,5.98674,-5.15077,-4.928,-2.14349,5.41202,-1.31666,NA,5.37004,-5.20932,4.12172,-1.54585,0.43274,-0.10311,0.01574,0.0013,-9e-4,7.53568,75.16219,-20.96467,1.29717,0.05706,-0.10589,0.05096,-0.018,0.0033,1.29773,-62.80437,18.49883,-5.64911,1.36769,-0.2704,0.01169,0.02112,-0.00624,NA,NA,NA,NA,NA,NA,NA,NA,NA,NA,NA,NA,NA,NA,NA,NA,NA,NA,NA,NA,NA,NA,High,High,High,Low,Undefined,NA,NA,NA,NA,NA,NA,NA,NA,NA,NA,NA,NA,NA,NA,NA,NA,NA,NA,NA,NA,NA,NA,NA,NA,NA,NA,NA,NA,NA,NA,NA,NA,NA,NA,NA,NA,NA,NA,NA,NA,NA,NA,NA,NA,NA,NA,NA,NA,NA,NA,NA,NA,NA,NA,NA
NA,NA,NA,NA,NA,NA,NA,NA,NA,NA,NA,NA,NA,NA,NA,NA,307,2025-10-10,17:27:19,3,7,"Kelsey, Carter",1000469297,Right,GEO_PAT,"Bagnerise , Julius",1000469309,Right,GEO_PAT,Undefined,10,Top,1,3,2,Fastball,Four-Seam,InPlay,Undefined,GroundBall,Single,0,0,NA,91.56448,-3.022382,-2.959711,2224.644907,193.779815,12:30:00,6.10057,2.15069,5.65711,-13.33855,20.56414,4.76205,2.16387,-0.21525,83.31975,-5.582231,-2.110679,0.419072,94.81191,-2.070138,-11.253559,1774.106529,NA,NA,NA,37.07098,34.54714,-11.406632,0.268875,-3.29201,11.67977,-1.90295,50,5.83593,6.64501,-132.58731,-7.38933,-5.83313,29.56762,-11.47869,GEO_PAT,GEO_PAT,SpuhlerFieldMain,TeamExclusive,Team,20251010-SpuhlerFieldMain-Private-2,e6ee9dc0-a61f-11f0-9d1c-cb0542a47c13,89.94267,2.19956,NA,8.24473,NA,NA,NA,1.33904,2.19956,0.2097,e373a8f3-b551-4f4e-929b-9412fc5d6156,2025-10-10,21:27:19,2025-10-10T21:27:19Z,2025-10-10T21:27:19Z,GroundBall,v3,471300,471300,NA,"Cowdrey, Vincent",1000469295,Right,GEO_PAT,daddf168-3798-4b43-8e13-76dd8dc1ec59,54.8444,-133.66327,14.78381,6.09723,-6.97162,-5.73935,-2.14862,6.85728,-2.91657,110.881728,1.34315,136.09124,-22.13043,NA,NA,NA,NA,NA,NA,2.19998,-5.04361,-11.67864,NA,NA,NA,NA,NA,NA,0.21103,-27.18549,-3.24166,NA,NA,NA,NA,NA,NA,NA,NA,NA,NA,NA,NA,NA,NA,NA,NA,NA,NA,NA,NA,NA,NA,NA,NA,NA,NA,NA,NA,High,High,High,High,High,NA,NA,NA,NA,NA,NA,NA,NA,NA,NA,NA,NA,NA,NA,NA,NA,NA,NA,NA,NA,NA,NA,NA,NA,NA,NA,NA,NA,NA,NA,NA,NA,NA,NA,NA,NA,NA,NA,NA,NA,NA,NA,NA,NA,NA,NA,NA,NA,NA,NA,NA,NA,NA,NA,NA
NA,NA,NA,NA,NA,NA,NA,NA,NA,NA,NA,NA,NA,NA,NA,NA,308,2025-10-10,17:28:03,4,1,"Kelsey, Carter",1000469297,Right,GEO_PAT,"Blanchard, Evan",10073877,Right,GEO_PAT,Undefined,10,Top,1,0,0,Slider,Slider,BallCalled,Undefined,Undefined,Undefined,0,0,NA,80.41761,-2.524871,-3.25964,2220.561179,107.574824,09:30:00,5.91344,2.33004,5.87677,-38.43349,4.98496,-11.52036,0.36023,-1.66081,74.35885,-9.539583,-5.32363,0.474251,NA,NA,NA,NA,NA,NA,NA,NA,NA,NA,NA,5.04583,3.63315,-2.05924,50,5.68633,7.06088,-116.58473,-6.35371,6.93202,22.29327,-27.18279,GEO_PAT,GEO_PAT,SpuhlerFieldMain,TeamExclusive,Team,20251010-SpuhlerFieldMain-Private-2,0125e3b0-a620-11f0-9d1c-cb0542a47c13,79.47777,NA,NA,6.05877,NA,NA,NA,NA,NA,NA,e373a8f3-b551-4f4e-929b-9412fc5d6156,2025-10-10,21:28:03,2025-10-10T21:28:03Z,2025-10-10T21:28:03Z,NA,v3,471300,471300,NA,"Cowdrey, Vincent",1000469295,Right,GEO_PAT,c7091ffd-84f9-4e49-8e64-5ac0bdf73322,54.62701,-117.46618,11.14663,5.9163,-5.27894,-13.59139,-2.333,6.7868,3.46601,NA,NA,NA,NA,NA,NA,NA,NA,NA,NA,NA,NA,NA,NA,NA,NA,NA,NA,NA,NA,NA,NA,NA,NA,NA,NA,NA,NA,NA,NA,NA,NA,NA,NA,NA,NA,NA,NA,NA,NA,NA,NA,NA,NA,NA,NA,NA,NA,NA,NA,High,High,High,NA,NA,NA,NA,NA,NA,NA,NA,NA,NA,NA,NA,NA,NA,NA,NA,NA,NA,NA,NA,NA,NA,NA,NA,NA,NA,NA,NA,NA,NA,NA,NA,NA,NA,NA,NA,NA,NA,NA,NA,NA,NA,NA,NA,NA,NA,NA,NA,NA,NA,NA,NA,NA,NA,NA,NA,NA
NA,NA,NA,NA,NA,NA,NA,NA,NA,NA,NA,NA,NA,NA,NA,NA,309,2025-10-10,17:28:30,4,2,"Kelsey, Carter",1000469297,Right,GEO_PAT,"Blanchard, Evan",10073877,Right,GEO_PAT,Undefined,10,Top,1,1,0,Fastball,Four-Seam,BallCalled,Undefined,Undefined,Undefined,0,0,NA,91.35819,-2.769849,-4.133168,2259.325397,207.765239,01:00:00,6.05649,1.98136,5.60708,-15.62115,18.41147,9.10981,2.16029,-1.12454,83.46443,-5.726434,-2.513349,0.419874,NA,NA,NA,NA,NA,NA,NA,NA,NA,NA,NA,-5.78996,10.44729,-1.63325,50,5.80887,9.15296,-132.2129,-6.90026,-10.25144,28.11412,-13.67661,GEO_PAT,GEO_PAT,SpuhlerFieldMain,TeamExclusive,Team,20251010-SpuhlerFieldMain-Private-2,10f01860-a620-11f0-9d1c-cb0542a47c13,89.77079,NA,NA,7.89376,NA,NA,NA,NA,NA,NA,e373a8f3-b551-4f4e-929b-9412fc5d6156,2025-10-10,21:28:30,2025-10-10T21:28:30Z,2025-10-10T21:28:30Z,NA,v3,471300,471300,NA,"Cowdrey, Vincent",1000469295,Right,GEO_PAT,ca20052b-7370-4b1e-a778-ec1d86ae0eee,54.89529,-133.24978,14.05706,6.05406,-6.39585,-6.8383,-1.9778,9.53104,-5.12572,NA,NA,NA,NA,NA,NA,NA,NA,NA,NA,NA,NA,NA,NA,NA,NA,NA,NA,NA,NA,NA,NA,NA,NA,NA,NA,NA,NA,NA,NA,NA,NA,NA,NA,NA,NA,NA,NA,NA,NA,NA,NA,NA,NA,NA,NA,NA,NA,NA,NA,High,High,High,NA,NA,NA,NA,NA,NA,NA,NA,NA,NA,NA,NA,NA,NA,NA,NA,NA,NA,NA,NA,NA,NA,NA,NA,NA,NA,NA,NA,NA,NA,NA,NA,NA,NA,NA,NA,NA,NA,NA,NA,NA,NA,NA,NA,NA,NA,NA,NA,NA,NA,NA,NA,NA,NA,NA,NA,NA
NA,NA,NA,NA,NA,NA,NA,NA,NA,NA,NA,NA,NA,NA,NA,NA,310,2025-10-10,17:28:53,4,3,"Kelsey, Carter",1000469297,Right,GEO_PAT,"Blanchard, Evan",10073877,Right,GEO_PAT,Undefined,10,Top,1,2,0,Fastball,Four-Seam,StrikeSwinging,Undefined,Undefined,Undefined,0,0,NA,91.67788,-1.439703,-3.085253,2291.364146,198.755729,12:45:00,6.07194,2.13333,5.79955,-14.20225,19.01773,6.11906,3.54705,-0.22927,84.19327,-4.14608,-1.991575,0.414831,NA,NA,NA,NA,NA,NA,NA,NA,NA,NA,NA,-3.90941,10.37253,-1.8831,50,5.94485,6.90118,-133.03412,-3.76,-7.05542,26.65849,-13.45448,GEO_PAT,GEO_PAT,SpuhlerFieldMain,TeamExclusive,Team,20251010-SpuhlerFieldMain-Private-2,1e9b8bc0-a620-11f0-9d1c-cb0542a47c13,90.86217,NA,NA,7.4846,NA,NA,NA,NA,NA,NA,e373a8f3-b551-4f4e-929b-9412fc5d6156,2025-10-10,21:28:53,2025-10-10T21:28:53Z,2025-10-10T21:28:53Z,NA,v3,471300,471300,NA,"Cowdrey, Vincent",1000469295,Right,GEO_PAT,43051bc8-b799-4df0-8545-1f75419346d8,54.70192,-133.97302,13.32925,6.06893,-3.28614,-6.72724,-2.13053,7.14967,-3.52771,NA,NA,NA,NA,NA,NA,NA,NA,NA,NA,NA,NA,NA,NA,NA,NA,NA,NA,NA,NA,NA,NA,NA,NA,NA,NA,NA,NA,NA,NA,NA,NA,NA,NA,NA,NA,NA,NA,NA,NA,NA,NA,NA,NA,NA,NA,NA,NA,NA,NA,High,High,High,NA,NA,NA,NA,NA,NA,NA,NA,NA,NA,NA,NA,NA,NA,NA,NA,NA,NA,NA,NA,NA,NA,NA,NA,NA,NA,NA,NA,NA,NA,NA,NA,NA,NA,NA,NA,NA,NA,NA,NA,NA,NA,NA,NA,NA,NA,NA,NA,NA,NA,NA,NA,NA,NA,NA,NA,NA
NA,NA,NA,NA,NA,NA,NA,NA,NA,NA,NA,NA,NA,NA,NA,NA,311,2025-10-10,17:29:10,4,4,"Kelsey, Carter",1000469297,Right,GEO_PAT,"Blanchard, Evan",10073877,Right,GEO_PAT,Undefined,10,Top,1,2,1,Fastball,Four-Seam,FoulBallNotFieldable,Undefined,Undefined,Undefined,0,0,NA,90.68982,-1.930518,-3.456598,2237.085356,205.364591,12:45:00,6.11886,2.03761,5.62035,-17.24513,17.1521,7.61185,2.87609,-0.55794,82.93541,-5.180453,-2.101075,0.422117,74.85519,19.673918,167.060408,2674.455833,-108.25723,17.63034,19.50274,173.01254,51.46177,172.156938,1.970613,-4.81453,9.5589,-1.74735,50,5.94286,7.60315,-131.42753,-4.98766,-8.43293,27.48673,-15.4311,GEO_PAT,GEO_PAT,SpuhlerFieldMain,TeamExclusive,Team,20251010-SpuhlerFieldMain-Private-2,28f7fb30-a620-11f0-9d1c-cb0542a47c13,89.29376,18.91742,NA,7.75441,NA,NA,NA,1.10304,2.84345,0.57244,e373a8f3-b551-4f4e-929b-9412fc5d6156,2025-10-10,21:29:10,2025-10-10T21:29:10Z,2025-10-10T21:29:10Z,LineDrive,v3,471300,471300,NA,"Cowdrey, Vincent",1000469295,Right,GEO_PAT,8979cd9b-0a9d-46e5-b95d-186927dde616,54.88137,-132.44449,13.74336,6.11683,-4.41674,-7.71555,-2.03442,7.91515,-4.21647,312.874698,1.10295,-100.74733,6.4878,0.24865,-0.29541,0.19972,0.00191,-0.04376,0.01052,2.84347,36.96044,-23.00805,2.22154,-0.19296,-0.16882,0.16698,-0.06067,0.00799,0.57251,23.14413,-6.34124,0.26056,0.17357,-0.17617,0.02724,0.02216,-0.00647,NA,NA,NA,NA,NA,NA,NA,NA,NA,NA,NA,NA,NA,NA,NA,NA,NA,NA,NA,NA,NA,NA,High,High,High,High,Low,NA,NA,NA,NA,NA,NA,NA,NA,NA,NA,NA,NA,NA,NA,NA,NA,NA,NA,NA,NA,NA,NA,NA,NA,NA,NA,NA,NA,NA,NA,NA,NA,NA,NA,NA,NA,NA,NA,NA,NA,NA,NA,NA,NA,NA,NA,NA,NA,NA,NA,NA,NA,NA,NA,NA
NA,NA,NA,NA,NA,NA,NA,NA,NA,NA,NA,NA,NA,NA,NA,NA,312,2025-10-10,17:29:30,4,5,"Kelsey, Carter",1000469297,Right,GEO_PAT,"Blanchard, Evan",10073877,Right,GEO_PAT,Undefined,10,Top,1,2,2,Slider,Slider,BallinDirt,Undefined,Undefined,Undefined,0,1,NA,80.76902,-2.227939,-4.288314,2337.34251,104.24942,09:30:00,5.7818,2.6091,5.50348,-38.48349,5.29992,-15.60363,0.48412,-2.70963,74.68177,-9.19199,-7.054613,0.47624,NA,NA,NA,NA,NA,NA,NA,NA,NA,NA,NA,6.69178,3.72047,-2.22291,50,5.5606,9.37822,-116.89284,-5.84937,9.2399,22.45476,-27.03685,GEO_PAT,GEO_PAT,SpuhlerFieldMain,TeamExclusive,Team,20251010-SpuhlerFieldMain-Private-2,351bbd20-a620-11f0-9d1c-cb0542a47c13,79.14583,NA,NA,6.08725,NA,NA,NA,NA,NA,NA,e373a8f3-b551-4f4e-929b-9412fc5d6156,2025-10-10,21:29:30,2025-10-10T21:29:30Z,2025-10-10T21:29:30Z,NA,v3,471300,471300,NA,"Cowdrey, Vincent",1000469295,Right,GEO_PAT,70407235-942a-43e1-867c-5fe5f3997749,54.99925,-117.84928,11.22738,5.78522,-4.69777,-13.51842,-2.61398,8.98466,4.61995,NA,NA,NA,NA,NA,NA,NA,NA,NA,NA,NA,NA,NA,NA,NA,NA,NA,NA,NA,NA,NA,NA,NA,NA,NA,NA,NA,NA,NA,NA,NA,NA,NA,NA,NA,NA,NA,NA,NA,NA,NA,NA,NA,NA,NA,NA,NA,NA,NA,NA,High,High,High,NA,NA,NA,NA,NA,NA,NA,NA,NA,NA,NA,NA,NA,NA,NA,NA,NA,NA,NA,NA,NA,NA,NA,NA,NA,NA,NA,NA,NA,NA,NA,NA,NA,NA,NA,NA,NA,NA,NA,NA,NA,NA,NA,NA,NA,NA,NA,NA,NA,NA,NA,NA,NA,NA,NA,NA,NA
NA,NA,NA,NA,NA,NA,NA,NA,NA,NA,NA,NA,NA,NA,NA,NA,313,2025-10-10,17:30:02,4,6,"Kelsey, Carter",1000469297,Right,GEO_PAT,"Blanchard, Evan",10073877,Right,GEO_PAT,Undefined,10,Top,1,3,2,Fastball,Four-Seam,FoulBallNotFieldable,Undefined,Undefined,Undefined,0,0,NA,90.33075,-3.096507,-3.123702,2221.345114,208.087419,01:00:00,6.04111,2.08967,5.61174,-14.32347,20.18033,10.20945,1.95001,0.02181,83.12092,-5.811104,-1.30465,0.422771,74.05984,55.792863,80.670634,5691.398899,-7.96343,94.10783,109.71137,186.45027,65.67725,98.349806,4.714305,-5.99929,11.36379,-1.82925,50,5.76674,6.70247,-130.93219,-7.5229799999999996,-10.49608,25.613,-12.29243,GEO_PAT,GEO_PAT,SpuhlerFieldMain,TeamExclusive,Team,20251010-SpuhlerFieldMain-Private-2,47fa0fa0-a620-11f0-9d1c-cb0542a47c13,89.15576,94.38085,NA,7.20984,NA,NA,NA,1.48771,1.76905,-0.25535,e373a8f3-b551-4f4e-929b-9412fc5d6156,2025-10-10,21:30:02,2025-10-10T21:30:02Z,2025-10-10T21:30:02Z,Popup,v3,471300,471300,NA,"Cowdrey, Vincent",1000469295,Right,GEO_PAT,39d5cde6-a118-4e2d-a31f-db66861555d4,54.89132,-131.88556,12.8065,6.03824,-7.06543,-6.14621,-2.086,7.09316,-5.24804,213.073773,1.52712,8.97471,-7.55733,-3.55991,5.94393,-3.18127,0.8539,-0.11402,0.00602,1.77927,89.64762,-25.65147,2.10534,-0.0879,0.03097,-0.04087,0.01069,-8.5e-4,-0.23889,59.91647,-7.33675,-0.52665,1.46005,-0.65268,0.13375,-0.01244,3.9e-4,NA,NA,NA,NA,NA,NA,NA,NA,NA,NA,NA,NA,NA,NA,NA,NA,NA,NA,NA,NA,NA,NA,High,High,High,High,Low,NA,NA,NA,NA,NA,NA,NA,NA,NA,NA,NA,NA,NA,NA,NA,NA,NA,NA,NA,NA,NA,NA,NA,NA,NA,NA,NA,NA,NA,NA,NA,NA,NA,NA,NA,NA,NA,NA,NA,NA,NA,NA,NA,NA,NA,NA,NA,NA,NA,NA,NA,NA,NA,NA,NA
NA,NA,NA,NA,NA,NA,NA,NA,NA,NA,NA,NA,NA,NA,NA,NA,314,2025-10-10,17:30:21,4,7,"Kelsey, Carter",1000469297,Right,GEO_PAT,"Blanchard, Evan",10073877,Right,GEO_PAT,Undefined,10,Top,1,3,2,Fastball,Four-Seam,FoulBallNotFieldable,Undefined,Undefined,Undefined,0,0,NA,91.30623,-3.118682,-3.292055,2273.298351,200.675368,12:45:00,6.07607,2.15275,5.84569,-14.94895,18.51328,6.60788,1.92434,-0.35942,84.12847,-5.946692,-2.110066,0.416341,NA,NA,NA,NA,NA,NA,NA,NA,NA,NA,NA,-4.23189,10.58879,-1.88845,50,5.8128,7.33316,-132.36891,-7.67088,-7.57151,26.03115,-13.22905,GEO_PAT,GEO_PAT,SpuhlerFieldMain,TeamExclusive,Team,20251010-SpuhlerFieldMain-Private-2,536cd110-a620-11f0-9d1c-cb0542a47c13,90.53267,NA,NA,7.17776,NA,NA,NA,NA,NA,NA,e373a8f3-b551-4f4e-929b-9412fc5d6156,2025-10-10,21:30:21,2025-10-10T21:30:21Z,2025-10-10T21:30:21Z,NA,v3,471300,471300,NA,"Cowdrey, Vincent",1000469295,Right,GEO_PAT,a06b1bbf-3a8b-4d72-be90-5c1dc2ff63f0,54.65729,-133.28165,13.01557,6.07363,-7.20702,-6.61453,-2.15024,7.59864,-3.78575,NA,NA,NA,NA,NA,NA,NA,NA,NA,NA,NA,NA,NA,NA,NA,NA,NA,NA,NA,NA,NA,NA,NA,NA,NA,NA,NA,NA,NA,NA,NA,NA,NA,NA,NA,NA,NA,NA,NA,NA,NA,NA,NA,NA,NA,NA,NA,NA,NA,NA,High,High,High,NA,NA,NA,NA,NA,NA,NA,NA,NA,NA,NA,NA,NA,NA,NA,NA,NA,NA,NA,NA,NA,NA,NA,NA,NA,NA,NA,NA,NA,NA,NA,NA,NA,NA,NA,NA,NA,NA,NA,NA,NA,NA,NA,NA,NA,NA,NA,NA,NA,NA,NA,NA,NA,NA,NA,NA,NA
NA,NA,NA,NA,NA,NA,NA,NA,NA,NA,NA,NA,NA,NA,NA,NA,315,2025-10-10,17:30:42,4,8,"Kelsey, Carter",1000469297,Right,GEO_PAT,"Blanchard, Evan",10073877,Right,GEO_PAT,Undefined,10,Top,1,3,2,Fastball,Four-Seam,InPlay,Undefined,FlyBall,Out,1,1,NA,90.22186,-1.818649,-2.804579,2149.776961,214.123351,01:15:00,6.00269,2.04227,5.53747,-18.58509,16.32001,10.28816,2.75139,0.27602,82.32175,-5.310807,-0.972774,0.425222,93.58927,34.026932,-15.509343,3346.84801,105.78606,72.99477,-30.15403,305.76397,305.76397,-16.771939,5.437438,-6.02347,9.11229,-1.80588,50,5.83256,5.95551,-130.80138,-4.76932,-10.41922,27.99041,-16.41191,GEO_PAT,GEO_PAT,SpuhlerFieldMain,TeamExclusive,Team,20251010-SpuhlerFieldMain-Private-2,5fc892f0-a620-11f0-9d1c-cb0542a47c13,88.64179,99.27266,NA,7.90011,NA,NA,NA,1.83753,2.8744,-0.28901,e373a8f3-b551-4f4e-929b-9412fc5d6156,2025-10-10,21:30:42,2025-10-10T21:30:42Z,2025-10-10T21:30:42Z,FlyBall,v3,471300,471300,NA,"Cowdrey, Vincent",1000469295,Right,GEO_PAT,4ddc18ca-e50b-4a21-be5c-95571c9cbc19,54.96473,-131.85951,13.9952,6.00113,-4.14889,-8.20596,-2.03846,6.34939,-5.20961,176.761923,1.84081,109.55949,-26.43759,6.53897,-1.34775,0.24546,-0.0372,0.00378,-1.7e-4,2.87526,76.78562,-16.32499,0.05583,0.42474,-0.20401,0.04867,-0.00577,2.7e-4,-0.28969,-30.40724,6.31891,-1.44499,0.28,-0.05038,0.00811,-8.9e-4,4e-5,NA,NA,NA,NA,NA,NA,NA,NA,NA,NA,NA,NA,NA,NA,NA,NA,NA,NA,NA,NA,NA,NA,High,High,High,High,Medium,NA,NA,NA,NA,NA,NA,NA,NA,NA,NA,NA,NA,NA,NA,NA,NA,NA,NA,NA,NA,NA,NA,NA,NA,NA,NA,NA,NA,NA,NA,NA,NA,NA,NA,NA,NA,NA,NA,NA,NA,NA,NA,NA,NA,NA,NA,NA,NA,NA,NA,NA,NA,NA,NA,NA
NA,NA,NA,NA,NA,NA,NA,NA,NA,NA,NA,NA,NA,NA,NA,NA,316,2025-10-10,17:31:26,5,1,"Kelsey, Carter",1000469297,Right,GEO_PAT,"McCarthy, Jack",1000469298,Right,GEO_PAT,Undefined,10,Top,2,0,0,Slider,Curveball,StrikeSwinging,Undefined,Undefined,Undefined,0,0,NA,78.02412,-0.966921,-0.992175,2269.100837,74.015835,08:30:00,5.88793,2.43783,5.23284,-50.21837,-2.37748,-14.29009,0.79391,0.31421,70.99475,-10.071778,-3.532166,0.497818,NA,NA,NA,NA,NA,NA,NA,NA,NA,NA,NA,6.85229,-0.41823,-2.3352,50,5.76136,2.52538,-113.07217,-3.63962,8.70352,24.25404,-32.70528,GEO_PAT,GEO_PAT,SpuhlerFieldMain,TeamExclusive,Team,20251010-SpuhlerFieldMain-Private-2,79da9da0-a620-11f0-9d1c-cb0542a47c13,75.71523,NA,NA,7.02937,NA,NA,NA,NA,NA,NA,e373a8f3-b551-4f4e-929b-9412fc5d6156,2025-10-10,21:31:26,2025-10-10T21:31:26Z,2025-10-10T21:31:26Z,NA,v3,471300,471300,NA,"Cowdrey, Vincent",1000469295,Right,GEO_PAT,e62ef0cf-0315-4234-9a7f-150c5b6a134f,55.26942,-114.19687,12.12702,5.89497,-2.12303,-16.35264,-2.44295,2.1217800000000002,4.35176,NA,NA,NA,NA,NA,NA,NA,NA,NA,NA,NA,NA,NA,NA,NA,NA,NA,NA,NA,NA,NA,NA,NA,NA,NA,NA,NA,NA,NA,NA,NA,NA,NA,NA,NA,NA,NA,NA,NA,NA,NA,NA,NA,NA,NA,NA,NA,NA,NA,NA,High,High,High,NA,NA,NA,NA,NA,NA,NA,NA,NA,NA,NA,NA,NA,NA,NA,NA,NA,NA,NA,NA,NA,NA,NA,NA,NA,NA,NA,NA,NA,NA,NA,NA,NA,NA,NA,NA,NA,NA,NA,NA,NA,NA,NA,NA,NA,NA,NA,NA,NA,NA,NA,NA,NA,NA,NA,NA,NA
NA,NA,NA,NA,NA,NA,NA,NA,NA,NA,NA,NA,NA,NA,NA,NA,317,2025-10-10,17:31:48,5,2,"Kelsey, Carter",1000469297,Right,GEO_PAT,"McCarthy, Jack",1000469298,Right,GEO_PAT,Undefined,10,Top,2,0,1,Fastball,Four-Seam,InPlay,Undefined,GroundBall,Error,0,0,NA,91.21307,-2.12728,-3.933494,2200.067942,211.76215,01:00:00,6.08384,2.10264,5.67804,-15.99824,18.19934,10.54394,2.76186,-0.69154,82.81485,-5.172528,-2.055207,0.42089,87.16356,-5.28552,34.772362,NA,NA,NA,NA,23.03277,22.5836,35.92511,0.180838,-6.51961,10.21434,-1.77723,50,5.89414,8.61003,-132.02161,-5.40121,-11.44163,29.59323,-14.24834,GEO_PAT,GEO_PAT,SpuhlerFieldMain,TeamExclusive,Team,20251010-SpuhlerFieldMain-Private-2,875ba5a0-a620-11f0-9d1c-cb0542a47c13,89.55405,2.68937,NA,8.39822,NA,NA,NA,0.44162,2.68937,0.71365,e373a8f3-b551-4f4e-929b-9412fc5d6156,2025-10-10,21:31:48,2025-10-10T21:31:48Z,2025-10-10T21:31:48Z,GroundBall,v3,471300,471300,NA,"Cowdrey, Vincent",1000469295,Right,GEO_PAT,36ef3fd4-6ab9-4d81-bba3-7278a656e96c,54.823,-133.09831,14.79661,6.08123,-4.8828,-7.12417,-2.09807,9.02632,-5.72081,308.328409,0.44291,104.46949,-20.93451,NA,NA,NA,NA,NA,NA,2.69006,-11.82736,-16.87824,NA,NA,NA,NA,NA,NA,0.71411,72.56573,-9.88386,NA,NA,NA,NA,NA,NA,NA,NA,NA,NA,NA,NA,NA,NA,NA,NA,NA,NA,NA,NA,NA,NA,NA,NA,NA,NA,NA,NA,High,High,High,High,High,NA,NA,NA,NA,NA,NA,NA,NA,NA,NA,NA,NA,NA,NA,NA,NA,NA,NA,NA,NA,NA,NA,NA,NA,NA,NA,NA,NA,NA,NA,NA,NA,NA,NA,NA,NA,NA,NA,NA,NA,NA,NA,NA,NA,NA,NA,NA,NA,NA,NA,NA,NA,NA,NA,NA
NA,NA,NA,NA,NA,NA,NA,NA,NA,NA,NA,NA,NA,NA,NA,NA,318,2025-10-10,17:32:18,6,1,"Kelsey, Carter",1000469297,Right,GEO_PAT,"Ramsey, Caleb",1000469291,Right,GEO_PAT,Undefined,10,Top,0,0,0,Slider,Slider,StrikeCalled,Undefined,Undefined,Undefined,0,0,NA,76.72336,1.035575,-1.756036,2201.456452,87.677407,09:00:00,5.94063,2.61637,5.41897,-47.50404,0.79406,-16.4067,2.95264,-0.3964,70.67566,-7.619397,-4.672553,0.500192,NA,NA,NA,NA,NA,NA,NA,NA,NA,NA,NA,7.77174,0.55831,-2.44853,50,5.99957,4.04343,-111.38542,0.44812,9.76282,20.02309,-31.47269,GEO_PAT,GEO_PAT,SpuhlerFieldMain,TeamExclusive,Team,20251010-SpuhlerFieldMain-Private-2,98dfbf50-a620-11f0-9d1c-cb0542a47c13,75.356,NA,NA,6.0477,NA,NA,NA,NA,NA,NA,e373a8f3-b551-4f4e-929b-9412fc5d6156,2025-10-10,21:32:18,2025-10-10T21:32:18Z,2025-10-10T21:32:18Z,NA,v3,471300,471300,NA,"Cowdrey, Vincent",1000469295,Right,GEO_PAT,aaa16d1d-abb2-4ed2-a96b-e900936921b3,55.08453,-112.29571,10.01155,5.94668,1.87894,-15.73635,-2.62226,3.59959,4.88141,NA,NA,NA,NA,NA,NA,NA,NA,NA,NA,NA,NA,NA,NA,NA,NA,NA,NA,NA,NA,NA,NA,NA,NA,NA,NA,NA,NA,NA,NA,NA,NA,NA,NA,NA,NA,NA,NA,NA,NA,NA,NA,NA,NA,NA,NA,NA,NA,NA,NA,High,High,High,NA,NA,NA,NA,NA,NA,NA,NA,NA,NA,NA,NA,NA,NA,NA,NA,NA,NA,NA,NA,NA,NA,NA,NA,NA,NA,NA,NA,NA,NA,NA,NA,NA,NA,NA,NA,NA,NA,NA,NA,NA,NA,NA,NA,NA,NA,NA,NA,NA,NA,NA,NA,NA,NA,NA,NA,NA
NA,NA,NA,NA,NA,NA,NA,NA,NA,NA,NA,NA,NA,NA,NA,NA,319,2025-10-10,17:32:33,6,2,"Kelsey, Carter",1000469297,Right,GEO_PAT,"Ramsey, Caleb",1000469291,Right,GEO_PAT,Undefined,10,Top,0,0,1,Fastball,Four-Seam,BallCalled,Undefined,Undefined,Undefined,0,0,NA,89.688,-1.298551,-3.883237,2198.679281,215.986247,01:15:00,6.19775,2.06655,5.92958,-17.5445,17.21595,11.6989,3.52783,-0.56724,81.95078,-4.628199,-1.789057,0.42434,NA,NA,NA,NA,NA,NA,NA,NA,NA,NA,NA,-7.03859,9.50438,-1.76219,50,6.0837,8.32661,-130.01168,-3.47179,-12.06672,26.84618,-15.88008,GEO_PAT,GEO_PAT,SpuhlerFieldMain,TeamExclusive,Team,20251010-SpuhlerFieldMain-Private-2,a1c1ead0-a620-11f0-9d1c-cb0542a47c13,88.82598,NA,NA,7.73721,NA,NA,NA,NA,NA,NA,e373a8f3-b551-4f4e-929b-9412fc5d6156,2025-10-10,21:32:33,2025-10-10T21:32:33Z,2025-10-10T21:32:33Z,NA,v3,471300,471300,NA,"Cowdrey, Vincent",1000469295,Right,GEO_PAT,f81a6888-8d57-498d-9b18-b9ae18d60acc,54.57165,-130.95228,13.42309,6.19559,-2.91541,-7.94004,-2.06133,8.74939,-6.03336,NA,NA,NA,NA,NA,NA,NA,NA,NA,NA,NA,NA,NA,NA,NA,NA,NA,NA,NA,NA,NA,NA,NA,NA,NA,NA,NA,NA,NA,NA,NA,NA,NA,NA,NA,NA,NA,NA,NA,NA,NA,NA,NA,NA,NA,NA,NA,NA,NA,NA,High,High,High,NA,NA,NA,NA,NA,NA,NA,NA,NA,NA,NA,NA,NA,NA,NA,NA,NA,NA,NA,NA,NA,NA,NA,NA,NA,NA,NA,NA,NA,NA,NA,NA,NA,NA,NA,NA,NA,NA,NA,NA,NA,NA,NA,NA,NA,NA,NA,NA,NA,NA,NA,NA,NA,NA,NA,NA,NA
NA,NA,NA,NA,NA,NA,NA,NA,NA,NA,NA,NA,NA,NA,NA,NA,320,2025-10-10,17:32:51,6,3,"Kelsey, Carter",1000469297,Right,GEO_PAT,"Ramsey, Caleb",1000469291,Right,GEO_PAT,Undefined,10,Top,0,1,1,Fastball,Four-Seam,BallCalled,Undefined,Undefined,Undefined,0,0,NA,89.79122,-4.705704,-4.867448,2231.570331,207.719796,01:00:00,6.15802,2.19601,5.80899,-17.59316,17.58733,8.63,0.28996,-1.62239,82.24645,-8.005899,-3.329237,0.426896,NA,NA,NA,NA,NA,NA,NA,NA,NA,NA,NA,-5.7687,10.64544,-1.80097,50,5.75929,10.66823,-129.56244,-11.24038,-9.81029,26.94976,-14.07039,GEO_PAT,GEO_PAT,SpuhlerFieldMain,TeamExclusive,Team,20251010-SpuhlerFieldMain-Private-2,aca898e0-a620-11f0-9d1c-cb0542a47c13,88.29412,NA,NA,7.54477,NA,NA,NA,NA,NA,NA,e373a8f3-b551-4f4e-929b-9412fc5d6156,2025-10-10,21:32:51,2025-10-10T21:32:51Z,2025-10-10T21:32:51Z,NA,v3,471300,471300,NA,"Cowdrey, Vincent",1000469295,Right,GEO_PAT,a1142331-bc42-4834-97a2-0dffeab76396,54.69297,-130.53495,13.47488,6.15576,-10.73263,-7.0352,-2.19234,11.02224,-4.90515,NA,NA,NA,NA,NA,NA,NA,NA,NA,NA,NA,NA,NA,NA,NA,NA,NA,NA,NA,NA,NA,NA,NA,NA,NA,NA,NA,NA,NA,NA,NA,NA,NA,NA,NA,NA,NA,NA,NA,NA,NA,NA,NA,NA,NA,NA,NA,NA,NA,NA,High,High,High,NA,NA,NA,NA,NA,NA,NA,NA,NA,NA,NA,NA,NA,NA,NA,NA,NA,NA,NA,NA,NA,NA,NA,NA,NA,NA,NA,NA,NA,NA,NA,NA,NA,NA,NA,NA,NA,NA,NA,NA,NA,NA,NA,NA,NA,NA,NA,NA,NA,NA,NA,NA,NA,NA,NA,NA,NA
NA,NA,NA,NA,NA,NA,NA,NA,NA,NA,NA,NA,NA,NA,NA,NA,321,2025-10-10,17:33:11,6,4,"Kelsey, Carter",1000469297,Right,GEO_PAT,"Ramsey, Caleb",1000469291,Right,GEO_PAT,Undefined,10,Top,0,2,1,Fastball,Sinker,FoulBallNotFieldable,Undefined,Undefined,Undefined,0,0,NA,88.69803,-0.737288,-1.689801,2088.797214,225.357174,01:30:00,6.18423,2.0983,5.90725,-21.61025,13.93804,12.95229,3.69864,1.60861,80.91485,-4.804993,0.635211,0.429122,NA,NA,NA,NA,NA,NA,NA,NA,NA,NA,NA,-7.1217,7.69465,-1.96997,50,6.11265,3.25744,-128.80413,-2.33843,-11.93562,27.34901,-19.27818,GEO_PAT,GEO_PAT,SpuhlerFieldMain,TeamExclusive,Team,20251010-SpuhlerFieldMain-Private-2,b879a6f0-a620-11f0-9d1c-cb0542a47c13,87.83618,NA,NA,7.78318,NA,NA,NA,NA,NA,NA,e373a8f3-b551-4f4e-929b-9412fc5d6156,2025-10-10,21:33:11,2025-10-10T21:33:11Z,2025-10-10T21:33:11Z,NA,v3,471300,471300,NA,"Cowdrey, Vincent",1000469295,Right,GEO_PAT,251ba319-a41f-4f05-b9eb-915924977d41,54.5944,-129.776,13.67451,6.18358,-1.65337,-9.63909,-2.09326,3.68158,-5.96781,NA,NA,NA,NA,NA,NA,NA,NA,NA,NA,NA,NA,NA,NA,NA,NA,NA,NA,NA,NA,NA,NA,NA,NA,NA,NA,NA,NA,NA,NA,NA,NA,NA,NA,NA,NA,NA,NA,NA,NA,NA,NA,NA,NA,NA,NA,NA,NA,NA,NA,High,High,High,NA,NA,NA,NA,NA,NA,NA,NA,NA,NA,NA,NA,NA,NA,NA,NA,NA,NA,NA,NA,NA,NA,NA,NA,NA,NA,NA,NA,NA,NA,NA,NA,NA,NA,NA,NA,NA,NA,NA,NA,NA,NA,NA,NA,NA,NA,NA,NA,NA,NA,NA,NA,NA,NA,NA,NA,NA
NA,NA,NA,NA,NA,NA,NA,NA,NA,NA,NA,NA,NA,NA,NA,NA,322,2025-10-10,17:33:35,6,5,"Kelsey, Carter",1000469297,Right,GEO_PAT,"Ramsey, Caleb",1000469291,Right,GEO_PAT,Undefined,10,Top,0,2,2,Slider,Slider,InPlay,Undefined,FlyBall,Out,2,0,NA,77.47075,0.880606,-0.262967,2272.345945,94.058631,09:15:00,5.91874,2.54426,5.17981,-45.5953,2.25658,-10.53414,2.94783,1.41897,71.05176,-7.419136,-2.130297,0.497876,72.89286,29.444784,-18.643366,1875.529433,104.42903,49.39569,-34.56252,243.05517,237.72265,-17.358265,4.013973,5.23591,1.25036,-2.51121,50,5.96567,0.92656,-112.45679,0.17978,6.69001,20.82026,-30.57645,GEO_PAT,GEO_PAT,SpuhlerFieldMain,TeamExclusive,Team,20251010-SpuhlerFieldMain-Private-2,c71064b0-a620-11f0-9d1c-cb0542a47c13,75.70653,52.72712,NA,6.41899,NA,NA,NA,2.7474,3.14985,-1.47763,e373a8f3-b551-4f4e-929b-9412fc5d6156,2025-10-10,21:33:35,2025-10-10T21:33:35Z,2025-10-10T21:33:35Z,FlyBall,v3,471300,471300,NA,"Cowdrey, Vincent",1000469295,Right,GEO_PAT,3ebd70fd-479f-4be9-adee-677da982714f,55.32384,-113.43816,10.41013,5.92323,1.62102,-15.28822,-2.54745,0.61122,3.34501,184.334004,2.74731,88.21736,-15.70707,3.64438,-0.78102,0.19284,-0.0478,0.00769,-5.2e-4,3.15061,52.53555,-14.45662,0.11464,0.2826,-0.19107,0.06434,-0.01052,6.6e-4,-1.4776,-29.76271,6.12335,-1.42943,0.30535,-0.07429,0.01819,-0.00291,2e-4,NA,NA,NA,NA,NA,NA,NA,NA,NA,NA,NA,NA,NA,NA,NA,NA,NA,NA,NA,NA,NA,NA,High,High,High,High,High,NA,NA,NA,NA,NA,NA,NA,NA,NA,NA,NA,NA,NA,NA,NA,NA,NA,NA,NA,NA,NA,NA,NA,NA,NA,NA,NA,NA,NA,NA,NA,NA,NA,NA,NA,NA,NA,NA,NA,NA,NA,NA,NA,NA,NA,NA,NA,NA,NA,NA,NA,NA,NA,NA,NA
NA,NA,NA,NA,NA,NA,NA,NA,NA,NA,NA,NA,NA,NA,NA,NA,323,2025-10-10,17:36:38,1,1,"Peters, Jackson",1000469296,Right,GEO_PAT,"Smith, Cooper",1000469293,Right,GEO_PAT,Undefined,10,Bottom,2,0,0,Sinker,Changeup,BallCalled,Undefined,Undefined,Undefined,0,0,NA,87.08614,1.575218,-4.564674,2069.357399,259.290203,02:45:00,4.23316,2.1785,5.78087,-33.12466,4.16772,15.58702,2.9435,-0.7789,79.14787,-4.552128,-1.785949,0.439523,NA,NA,NA,NA,NA,NA,NA,NA,NA,NA,NA,-9.17485,2.06756,-1.81017,50,4.34384,9.39378,-126.05543,2.31911,-14.7259,26.2183,-28.85554,GEO_PAT,GEO_PAT,SpuhlerFieldMain,TeamExclusive,Team,20251010-SpuhlerFieldMain-Private-2,33b24ca0-a621-11f0-9d1c-cb0542a47c13,85.75765,NA,NA,7.93827,NA,NA,NA,NA,NA,NA,e373a8f3-b551-4f4e-929b-9412fc5d6156,2025-10-10,21:36:38,2025-10-10T21:36:38Z,2025-10-10T21:36:38Z,NA,v3,471300,471300,NA,NA,NA,Undefined,GEO_PAT,c88568dd-46ff-4af7-9b94-f6139debc73c,54.72041,-127.03344,13.10915,4.23725,3.39549,-14.42777,-2.17083,9.94309,-7.36295,NA,NA,NA,NA,NA,NA,NA,NA,NA,NA,NA,NA,NA,NA,NA,NA,NA,NA,NA,NA,NA,NA,NA,NA,NA,NA,NA,NA,NA,NA,NA,NA,NA,NA,NA,NA,NA,NA,NA,NA,NA,NA,NA,NA,NA,NA,NA,NA,NA,NA,High,High,High,NA,NA,NA,NA,NA,NA,NA,NA,NA,NA,NA,NA,NA,NA,NA,NA,NA,NA,NA,NA,NA,NA,NA,NA,NA,NA,NA,NA,NA,NA,NA,NA,NA,NA,NA,NA,NA,NA,NA,NA,NA,NA,NA,NA,NA,NA,NA,NA,NA,NA,NA,NA,NA,NA,NA,NA,NA
NA,NA,NA,NA,NA,NA,NA,NA,NA,NA,NA,NA,NA,NA,NA,NA,324,2025-10-10,17:36:55,1,2,"Peters, Jackson",1000469296,Right,GEO_PAT,"Smith, Cooper",1000469293,Right,GEO_PAT,Undefined,10,Bottom,2,1,0,Sinker,Changeup,StrikeCalled,Undefined,Undefined,Undefined,0,0,NA,86.98845,1.880431,-2.808521,2065.039424,277.979791,03:15:00,4.16052,2.31874,5.83014,-38.42195,-1.10984,16.81363,2.7095,1.10694,78.91723,-5.213775,0.202074,0.439639,NA,NA,NA,NA,NA,NA,NA,NA,NA,NA,NA,-9.33898,-0.69839,-2.09881,50,4.29202,5.46596,-126.12705,2.7705,-14.9388,27.32382,-33.2912,GEO_PAT,GEO_PAT,SpuhlerFieldMain,TeamExclusive,Team,20251010-SpuhlerFieldMain-Private-2,3dd97b40-a621-11f0-9d1c-cb0542a47c13,85.73496,NA,NA,8.07123,NA,NA,NA,NA,NA,NA,e373a8f3-b551-4f4e-929b-9412fc5d6156,2025-10-10,21:36:55,2025-10-10T21:36:55Z,2025-10-10T21:36:55Z,NA,v3,471300,471300,NA,NA,NA,Undefined,GEO_PAT,2e1c6dd9-1b54-411f-b4bc-aac6ba6cc9e8,54.67163,-127.13508,13.66191,4.16715,3.99866,-16.6456,-2.31062,6.01707,-7.4694,NA,NA,NA,NA,NA,NA,NA,NA,NA,NA,NA,NA,NA,NA,NA,NA,NA,NA,NA,NA,NA,NA,NA,NA,NA,NA,NA,NA,NA,NA,NA,NA,NA,NA,NA,NA,NA,NA,NA,NA,NA,NA,NA,NA,NA,NA,NA,NA,NA,NA,High,High,High,NA,NA,NA,NA,NA,NA,NA,NA,NA,NA,NA,NA,NA,NA,NA,NA,NA,NA,NA,NA,NA,NA,NA,NA,NA,NA,NA,NA,NA,NA,NA,NA,NA,NA,NA,NA,NA,NA,NA,NA,NA,NA,NA,NA,NA,NA,NA,NA,NA,NA,NA,NA,NA,NA,NA,NA,NA
NA,NA,NA,NA,NA,NA,NA,NA,NA,NA,NA,NA,NA,NA,NA,NA,325,2025-10-10,17:37:11,1,3,"Peters, Jackson",1000469296,Right,GEO_PAT,"Smith, Cooper",1000469293,Right,GEO_PAT,Undefined,10,Bottom,2,1,1,Slider,Curveball,StrikeCalled,Undefined,Undefined,Undefined,0,0,NA,78.81418,1.719479,-0.113623,2099.944098,83.816744,08:45:00,4.31252,2.3107,5.19302,-46.34191,0.26437,-12.15654,2.06875,1.19076,71.5918,-6.740968,-2.268073,0.491353,NA,NA,NA,NA,NA,NA,NA,NA,NA,NA,NA,5.985,0.11894,-2.29068,50,4.43733,0.73162,-114.24621,1.79897,7.83428,22.93386,-32.01834,GEO_PAT,GEO_PAT,SpuhlerFieldMain,TeamExclusive,Team,20251010-SpuhlerFieldMain-Private-2,479230a0-a621-11f0-9d1c-cb0542a47c13,76.71154,NA,NA,7.22238,NA,NA,NA,NA,NA,NA,e373a8f3-b551-4f4e-929b-9412fc5d6156,2025-10-10,21:37:11,2025-10-10T21:37:11Z,2025-10-10T21:37:11Z,NA,v3,471300,471300,NA,NA,NA,Undefined,GEO_PAT,1cd7f2df-50d0-4227-98c9-a5642310692d,55.30757,-115.30673,11.46693,4.3199,3.27958,-16.00917,-2.31614,0.36934,3.91714,NA,NA,NA,NA,NA,NA,NA,NA,NA,NA,NA,NA,NA,NA,NA,NA,NA,NA,NA,NA,NA,NA,NA,NA,NA,NA,NA,NA,NA,NA,NA,NA,NA,NA,NA,NA,NA,NA,NA,NA,NA,NA,NA,NA,NA,NA,NA,NA,NA,NA,High,High,High,NA,NA,NA,NA,NA,NA,NA,NA,NA,NA,NA,NA,NA,NA,NA,NA,NA,NA,NA,NA,NA,NA,NA,NA,NA,NA,NA,NA,NA,NA,NA,NA,NA,NA,NA,NA,NA,NA,NA,NA,NA,NA,NA,NA,NA,NA,NA,NA,NA,NA,NA,NA,NA,NA,NA,NA,NA
NA,NA,NA,NA,NA,NA,NA,NA,NA,NA,NA,NA,NA,NA,NA,NA,326,2025-10-10,17:37:28,1,4,"Peters, Jackson",1000469296,Right,GEO_PAT,"Smith, Cooper",1000469293,Right,GEO_PAT,Undefined,10,Bottom,2,1,2,Slider,Slider,BallCalled,Undefined,Undefined,Undefined,0,0,NA,78.28947,0.132211,-2.701998,2279.909048,94.710497,09:15:00,4.44216,2.3201,5.18425,-44.75605,2.53583,-11.6139,0.83703,-1.19188,71.49778,-8.005608,-4.755925,0.494954,NA,NA,NA,NA,NA,NA,NA,NA,NA,NA,NA,5.00362,1.64795,-2.05943,50,4.42046,5.81531,-113.43248,-1.2715,6.45525,22.65102,-30.048,GEO_PAT,GEO_PAT,SpuhlerFieldMain,TeamExclusive,Team,20251010-SpuhlerFieldMain-Private-2,522826a0-a621-11f0-9d1c-cb0542a47c13,76.15343,NA,NA,6.79169,NA,NA,NA,NA,NA,NA,e373a8f3-b551-4f4e-929b-9412fc5d6156,2025-10-10,21:37:28,2025-10-10T21:37:28Z,2025-10-10T21:37:28Z,NA,v3,471300,471300,NA,NA,NA,Undefined,GEO_PAT,e89a5da0-7e44-4e7d-820e-a4fb3babd9dd,55.31796,-114.48948,11.32551,4.44707,0.13069,-15.024,-2.32377,5.51408,3.22762,NA,NA,NA,NA,NA,NA,NA,NA,NA,NA,NA,NA,NA,NA,NA,NA,NA,NA,NA,NA,NA,NA,NA,NA,NA,NA,NA,NA,NA,NA,NA,NA,NA,NA,NA,NA,NA,NA,NA,NA,NA,NA,NA,NA,NA,NA,NA,NA,NA,NA,High,High,High,NA,NA,NA,NA,NA,NA,NA,NA,NA,NA,NA,NA,NA,NA,NA,NA,NA,NA,NA,NA,NA,NA,NA,NA,NA,NA,NA,NA,NA,NA,NA,NA,NA,NA,NA,NA,NA,NA,NA,NA,NA,NA,NA,NA,NA,NA,NA,NA,NA,NA,NA,NA,NA,NA,NA,NA,NA
NA,NA,NA,NA,NA,NA,NA,NA,NA,NA,NA,NA,NA,NA,NA,NA,327,2025-10-10,17:37:45,1,5,"Peters, Jackson",1000469296,Right,GEO_PAT,"Smith, Cooper",1000469293,Right,GEO_PAT,Undefined,10,Bottom,2,2,2,Sinker,Changeup,FoulBallNotFieldable,Undefined,Undefined,Undefined,0,0,NA,87.6434,1.035573,-3.978103,2008.506146,259.659694,02:45:00,4.19537,2.26727,5.74095,-32.87277,4.19508,15.91698,2.4227,-0.11656999999999999,79.20353,-5.057205,-1.138101,0.438198,72.47494,42.727722,122.830636,5437.482644,NA,NA,NA,NA,43.52296,NA,NA,-9.30351,2.19575,-1.94552,50,4.26177,8.14067,-126.89657,1.14357,-15.01275,28.48007,-28.63086,GEO_PAT,GEO_PAT,SpuhlerFieldMain,TeamExclusive,Team,20251010-SpuhlerFieldMain-Private-2,5baf6bc0-a621-11f0-9d1c-cb0542a47c13,86.01696,35.71968,NA,8.43987,NA,NA,NA,0.28941,2.24802,0.49236,e373a8f3-b551-4f4e-929b-9412fc5d6156,2025-10-10,21:37:45,2025-10-10T21:37:45Z,2025-10-10T21:37:45Z,NA,v3,471300,471300,NA,NA,NA,Undefined,GEO_PAT,e357bd6a-9591-4e90-9e0f-2b5a12df2029,54.76034,-127.9605,14.24003,4.19907,2.21313,-14.31543,-2.26011,8.7015,-7.50637,NA,0.28941,-42.33376,-3.83429,2.61145,-0.88451,0.24638,-0.0635,0.01499,-0.00228,2.24802,72.12373,-27.87454,3.41961,-0.63464,0.09354,-0.01238,6.8e-4,2.3e-4,0.49236,65.6121,-13.14172,3.34384,-0.75395,0.15047,-0.03278,0.00726,-0.0014,NA,NA,NA,NA,NA,NA,NA,NA,NA,NA,NA,NA,NA,NA,NA,NA,NA,NA,NA,NA,NA,NA,High,High,High,Medium,Undefined,NA,NA,NA,NA,NA,NA,NA,NA,NA,NA,NA,NA,NA,NA,NA,NA,NA,NA,NA,NA,NA,NA,NA,NA,NA,NA,NA,NA,NA,NA,NA,NA,NA,NA,NA,NA,NA,NA,NA,NA,NA,NA,NA,NA,NA,NA,NA,NA,NA,NA,NA,NA,NA,NA,NA
NA,NA,NA,NA,NA,NA,NA,NA,NA,NA,NA,NA,NA,NA,NA,NA,328,2025-10-10,17:38:07,1,6,"Peters, Jackson",1000469296,Right,GEO_PAT,"Smith, Cooper",1000469293,Right,GEO_PAT,Undefined,10,Bottom,2,2,2,Sinker,Changeup,BallCalled,Undefined,Undefined,Undefined,0,0,NA,87.97126,2.10268,-4.605259,2144.143285,262.055936,02:45:00,4.33374,2.22836,5.70754,-32.90014,4.00276,19.47966,3.55847,-0.44856,79.33511,-3.990778,-1.137474,0.437222,NA,NA,NA,NA,NA,NA,NA,NA,NA,NA,NA,-11.15627,1.81638,-1.85327,50,4.49057,9.37526,-127.1947,3.50696,-18.11375,28.26051,-29.22492,GEO_PAT,GEO_PAT,SpuhlerFieldMain,TeamExclusive,Team,20251010-SpuhlerFieldMain-Private-2,68f00f60-a621-11f0-9d1c-cb0542a47c13,86.20901,NA,NA,8.63616,NA,NA,NA,NA,NA,NA,e373a8f3-b551-4f4e-929b-9412fc5d6156,2025-10-10,21:38:07,2025-10-10T21:38:07Z,2025-10-10T21:38:07Z,NA,v3,471300,471300,NA,NA,NA,Undefined,GEO_PAT,10978000-c55c-4864-a7fb-f7c7d9304d16,54.79272,-128.25514,14.13026,4.3384,4.60358,-14.61246,-2.21782,10.05495,-9.05687,NA,NA,NA,NA,NA,NA,NA,NA,NA,NA,NA,NA,NA,NA,NA,NA,NA,NA,NA,NA,NA,NA,NA,NA,NA,NA,NA,NA,NA,NA,NA,NA,NA,NA,NA,NA,NA,NA,NA,NA,NA,NA,NA,NA,NA,NA,NA,NA,NA,NA,High,High,High,NA,NA,NA,NA,NA,NA,NA,NA,NA,NA,NA,NA,NA,NA,NA,NA,NA,NA,NA,NA,NA,NA,NA,NA,NA,NA,NA,NA,NA,NA,NA,NA,NA,NA,NA,NA,NA,NA,NA,NA,NA,NA,NA,NA,NA,NA,NA,NA,NA,NA,NA,NA,NA,NA,NA,NA,NA
NA,NA,NA,NA,NA,NA,NA,NA,NA,NA,NA,NA,NA,NA,NA,NA,329,2025-10-10,17:38:29,1,7,"Peters, Jackson",1000469296,Right,GEO_PAT,"Smith, Cooper",1000469293,Right,GEO_PAT,Undefined,10,Bottom,2,3,2,Sinker,Sinker,HitByPitch,Walk,Undefined,Undefined,0,0,NA,88.37356,3.562604,-1.549427,2148.749247,263.464853,02:45:00,4.21939,2.38026,5.81052,-33.08884,2.88347,15.47729,4.78054,2.22879,80.46359,-2.559801,1.220119,0.431674,NA,NA,NA,NA,NA,NA,NA,NA,NA,NA,NA,-8.14945,0.92122,-2.26143,50,4.49296,2.76778,-128.10075,6.78616,-13.56019,26.12191,-30.6412,GEO_PAT,GEO_PAT,SpuhlerFieldMain,TeamExclusive,Team,20251010-SpuhlerFieldMain-Private-2,76223410-a621-11f0-9d1c-cb0542a47c13,87.31699,NA,NA,7.90997,NA,NA,NA,NA,NA,NA,e373a8f3-b551-4f4e-929b-9412fc5d6156,2025-10-10,21:38:29,2025-10-10T21:38:29Z,2025-10-10T21:38:29Z,NA,v3,471300,471300,NA,NA,NA,Undefined,GEO_PAT,e3b60dc1-ace0-41f4-82cc-469e02372064,54.68927,-129.05343,13.06096,4.22509,7.90366,-15.3206,-2.37139,3.26233,-6.7801,NA,NA,NA,NA,NA,NA,NA,NA,NA,NA,NA,NA,NA,NA,NA,NA,NA,NA,NA,NA,NA,NA,NA,NA,NA,NA,NA,NA,NA,NA,NA,NA,NA,NA,NA,NA,NA,NA,NA,NA,NA,NA,NA,NA,NA,NA,NA,NA,NA,NA,High,High,High,NA,NA,NA,NA,NA,NA,NA,NA,NA,NA,NA,NA,NA,NA,NA,NA,NA,NA,NA,NA,NA,NA,NA,NA,NA,NA,NA,NA,NA,NA,NA,NA,NA,NA,NA,NA,NA,NA,NA,NA,NA,NA,NA,NA,NA,NA,NA,NA,NA,NA,NA,NA,NA,NA,NA,NA,NA
NA,NA,NA,NA,NA,NA,NA,NA,NA,NA,NA,NA,NA,NA,NA,NA,330,2025-10-10,17:39:05,2,1,"Peters, Jackson",1000469296,Right,GEO_PAT,"Morse, Jackson",1000469270,Right,GEO_PAT,Undefined,10,Bottom,2,0,0,Slider,Slider,BallCalled,Undefined,Undefined,Undefined,0,0,NA,79.65996,1.072661,-2.916375,2356.348206,90.452256,09:00:00,4.20405,2.2506,5.33023,-43.68412,1.53669,-14.8758,1.57165,-1.72796,73.00111,-6.886499,-5.550334,0.483995,NA,NA,NA,NA,NA,NA,NA,NA,NA,NA,NA,6.60241,0.90142,-1.97572,50,4.26981,6.48454,-115.46766,0.65563,8.87672,22.33492,-30.96211,GEO_PAT,GEO_PAT,SpuhlerFieldMain,TeamExclusive,Team,20251010-SpuhlerFieldMain-Private-2,8b674d60-a621-11f0-9d1c-cb0542a47c13,77.87781,NA,NA,6.65885,NA,NA,NA,NA,NA,NA,e373a8f3-b551-4f4e-929b-9412fc5d6156,2025-10-10,21:39:05,2025-10-10T21:39:05Z,2025-10-10T21:39:05Z,NA,v3,471300,471300,NA,NA,NA,Undefined,GEO_PAT,ad230614-d3c5-4e91-a1e4-5c16ce068bd0,55.17197,-116.46378,11.16746,4.20978,2.03652,-15.48106,-2.25609,6.08865,4.43836,NA,NA,NA,NA,NA,NA,NA,NA,NA,NA,NA,NA,NA,NA,NA,NA,NA,NA,NA,NA,NA,NA,NA,NA,NA,NA,NA,NA,69.57112,NA,0.668826,NA,-0.34623,1.35325,1.90062,-0.68297,5.02796,1.12948,NA,NA,NA,-0.60885,100.8146,-9.7251,5.03728,6.30985,-11.43616,1.09147,-0.4923,3.60412,High,High,High,NA,NA,High,High,Medium,NA,NA,NA,NA,NA,NA,NA,NA,NA,NA,NA,NA,NA,NA,NA,NA,NA,NA,NA,NA,NA,NA,NA,NA,NA,NA,NA,NA,NA,NA,NA,NA,NA,NA,NA,NA,NA,NA,NA,NA,NA,NA,NA,NA,NA,NA,NA,NA,NA,NA,NA,NA
NA,NA,NA,NA,NA,NA,NA,NA,NA,NA,NA,NA,NA,NA,NA,NA,331,2025-10-10,17:39:42,2,2,"Peters, Jackson",1000469296,Right,GEO_PAT,"Morse, Jackson",1000469270,Right,GEO_PAT,Undefined,10,Bottom,2,1,0,Sinker,Sinker,BallCalled,Undefined,Undefined,Undefined,0,0,NA,87.42778,1.599393,-2.448606,2209.596703,257.541425,02:30:00,4.13533,2.27065,5.90066,-31.61155,5.15674,17.84662,2.98763,1.48324,79.35898,-4.282078,0.751828,0.436423,NA,NA,NA,NA,NA,NA,NA,NA,NA,NA,NA,-9.78485,2.55307,-2.08348,50,4.24623,4.66491,-126.83048,2.46488,-15.84785,27.31434,-28.03905,GEO_PAT,GEO_PAT,SpuhlerFieldMain,TeamExclusive,Team,20251010-SpuhlerFieldMain-Private-2,a1890b10-a621-11f0-9d1c-cb0542a47c13,86.36667,NA,NA,8.0688,NA,NA,NA,NA,NA,NA,e373a8f3-b551-4f4e-929b-9412fc5d6156,2025-10-10,21:39:42,2025-10-10T21:39:42Z,2025-10-10T21:39:42Z,NA,v3,471300,471300,NA,NA,NA,Undefined,GEO_PAT,658b6374-c75d-4b6f-a16c-8dc239b2a8a2,54.60063,-127.81744,13.65717,4.13886,3.47802,-14.01952,-2.26239,5.23755,-7.92393,NA,NA,NA,NA,NA,NA,NA,NA,NA,NA,NA,NA,NA,NA,NA,NA,NA,NA,NA,NA,NA,NA,NA,NA,NA,NA,NA,NA,NA,NA,NA,NA,NA,NA,NA,NA,NA,NA,NA,NA,NA,NA,NA,NA,NA,NA,NA,NA,NA,NA,High,High,High,NA,NA,NA,NA,NA,NA,NA,NA,NA,NA,NA,NA,NA,NA,NA,NA,NA,NA,NA,NA,NA,NA,NA,NA,NA,NA,NA,NA,NA,NA,NA,NA,NA,NA,NA,NA,NA,NA,NA,NA,NA,NA,NA,NA,NA,NA,NA,NA,NA,NA,NA,NA,NA,NA,NA,NA,NA
NA,NA,NA,NA,NA,NA,NA,NA,NA,NA,NA,NA,NA,NA,NA,NA,332,2025-10-10,17:40:22,2,3,"Peters, Jackson",1000469296,Right,GEO_PAT,"Morse, Jackson",1000469270,Right,GEO_PAT,Undefined,10,Bottom,2,2,0,Slider,Slider,BallCalled,Undefined,Undefined,Undefined,0,0,NA,79.74218,1.458542,-2.892999,2403.618455,90.408295,09:00:00,4.2964,2.2731,5.46963,-43.2968,1.47941,-17.56631,2.05543,-1.90063,73.25859,-6.446619,-6.009418,0.48161,NA,NA,NA,NA,NA,NA,NA,NA,NA,NA,NA,8.01819,0.76622,-2.0062,50,4.39543,6.5443,-115.64088,1.47918,10.84128,21.8691,-31.13807,GEO_PAT,GEO_PAT,SpuhlerFieldMain,TeamExclusive,Team,20251010-SpuhlerFieldMain-Private-2,b991ff50-a621-11f0-9d1c-cb0542a47c13,78.26348,NA,NA,6.48359,NA,NA,NA,NA,NA,NA,e373a8f3-b551-4f4e-929b-9412fc5d6156,2025-10-10,21:40:22,2025-10-10T21:40:22Z,2025-10-10T21:40:22Z,NA,v3,471300,471300,NA,NA,NA,Undefined,GEO_PAT,306a4138-a26a-4744-bd61-e15c1704d1c6,55.03328,-116.58885,10.93455,4.30206,2.82893,-15.56904,-2.27969,6.07436,5.42064,NA,NA,NA,NA,NA,NA,NA,NA,NA,NA,NA,NA,NA,NA,NA,NA,NA,NA,NA,NA,NA,NA,NA,NA,NA,NA,NA,NA,NA,NA,NA,NA,NA,NA,NA,NA,NA,NA,NA,NA,NA,NA,NA,NA,NA,NA,NA,NA,NA,NA,High,High,High,NA,NA,NA,NA,NA,NA,NA,NA,NA,NA,NA,NA,NA,NA,NA,NA,NA,NA,NA,NA,NA,NA,NA,NA,NA,NA,NA,NA,NA,NA,NA,NA,NA,NA,NA,NA,NA,NA,NA,NA,NA,NA,NA,NA,NA,NA,NA,NA,NA,NA,NA,NA,NA,NA,NA,NA,NA
NA,NA,NA,NA,NA,NA,NA,NA,NA,NA,NA,NA,NA,NA,NA,NA,333,2025-10-10,17:40:47,2,4,"Peters, Jackson",1000469296,Right,GEO_PAT,"Morse, Jackson",1000469270,Right,GEO_PAT,Undefined,10,Bottom,2,3,0,Sinker,Sinker,HitByPitch,Walk,Undefined,Undefined,0,0,NA,87.78954,2.062805,-1.27122,2212.224089,280.738925,03:15:00,4.19504,2.24724,5.7427,-38.86183,-2.21406,17.9678,2.87862,2.56068,79.82538,-5.094363,1.944288,0.435708,NA,NA,NA,NA,NA,NA,NA,NA,NA,NA,NA,-9.70556,-1.5389,-2.15336,50,4.34238,2.09895,-127.4563,3.20699,-15.85031,27.96168,-34.68722,GEO_PAT,GEO_PAT,SpuhlerFieldMain,TeamExclusive,Team,20251010-SpuhlerFieldMain-Private-2,c8301010-a621-11f0-9d1c-cb0542a47c13,86.50851,NA,NA,7.96416,NA,NA,NA,NA,NA,NA,e373a8f3-b551-4f4e-929b-9412fc5d6156,2025-10-10,21:40:47,2025-10-10T21:40:47Z,2025-10-10T21:40:47Z,NA,v3,471300,471300,NA,NA,NA,Undefined,GEO_PAT,ddec0029-ef31-4b19-a9e4-c4a25baf9bd9,54.76282,-128.49693,13.98084,4.199,4.49792,-17.34361,-2.24245,2.68884,-7.92516,NA,NA,NA,NA,NA,NA,NA,NA,NA,NA,NA,NA,NA,NA,NA,NA,NA,NA,NA,NA,NA,NA,NA,NA,NA,NA,NA,NA,NA,NA,NA,NA,NA,NA,NA,NA,NA,NA,NA,NA,NA,NA,NA,NA,NA,NA,NA,NA,NA,NA,High,High,High,NA,NA,NA,NA,NA,NA,NA,NA,NA,NA,NA,NA,NA,NA,NA,NA,NA,NA,NA,NA,NA,NA,NA,NA,NA,NA,NA,NA,NA,NA,NA,NA,NA,NA,NA,NA,NA,NA,NA,NA,NA,NA,NA,NA,NA,NA,NA,NA,NA,NA,NA,NA,NA,NA,NA,NA,NA
NA,NA,NA,NA,NA,NA,NA,NA,NA,NA,NA,NA,NA,NA,NA,NA,334,2025-10-10,17:41:51,3,1,"Peters, Jackson",1000469296,Right,GEO_PAT,"O'Hara, Austin",10144739,Right,GEO_PAT,Undefined,10,Bottom,2,0,0,Slider,Curveball,BallCalled,Undefined,Undefined,Undefined,0,0,NA,75.17902,1.176495,-1.854267,1884.798172,82.116875,08:45:00,4.31557,2.45053,5.345,-51.23164,-0.56646,-15.61891,1.15065,-0.59111,69.03428,-8.144882,-4.627077,0.512302,NA,NA,NA,NA,NA,NA,NA,NA,NA,NA,NA,7.3141,-0.16307,-2.27168,50,4.38492,4.12207,-109.07687,0.56638,8.77129,20.01035,-32.36963,GEO_PAT,GEO_PAT,SpuhlerFieldMain,TeamExclusive,Team,20251010-SpuhlerFieldMain-Private-2,eee45b80-a621-11f0-9d1c-cb0542a47c13,73.57462,NA,NA,6.14475,NA,NA,NA,NA,NA,NA,e373a8f3-b551-4f4e-929b-9412fc5d6156,2025-10-10,21:41:51,2025-10-10T21:41:51Z,2025-10-10T21:41:51Z,NA,v3,471300,471300,NA,NA,NA,Undefined,GEO_PAT,06ad225a-1b73-4ac5-9e43-4500a42a65d5,55.15842,-110.01912,10.00517,4.32237,2.0906,-16.18481,-2.45605,3.70905,4.38564,NA,NA,NA,NA,NA,NA,NA,NA,NA,NA,NA,NA,NA,NA,NA,NA,NA,NA,NA,NA,NA,NA,NA,NA,NA,NA,NA,NA,NA,NA,NA,NA,NA,NA,NA,NA,NA,NA,NA,NA,NA,NA,NA,NA,NA,NA,NA,NA,NA,NA,High,High,High,NA,NA,NA,NA,NA,NA,NA,NA,NA,NA,NA,NA,NA,NA,NA,NA,NA,NA,NA,NA,NA,NA,NA,NA,NA,NA,NA,NA,NA,NA,NA,NA,NA,NA,NA,NA,NA,NA,NA,NA,NA,NA,NA,NA,NA,NA,NA,NA,NA,NA,NA,NA,NA,NA,NA,NA,NA
NA,NA,NA,NA,NA,NA,NA,NA,NA,NA,NA,NA,NA,NA,NA,NA,335,2025-10-10,17:42:19,3,2,"Peters, Jackson",1000469296,Right,GEO_PAT,"O'Hara, Austin",10144739,Right,GEO_PAT,Undefined,10,Bottom,2,1,0,Sinker,Changeup,BallCalled,Undefined,Undefined,Undefined,0,0,NA,87.40783,2.164318,-4.156402,2012.407172,269.12305,03:00:00,4.09377,2.24063,5.79847,-35.47746,1.3715,13.9469,3.15677,-0.47007,79.7023,-4.377004,-1.667776,0.436902,NA,NA,NA,NA,NA,NA,NA,NA,NA,NA,NA,-8.18721,0.49941,-1.90638,50,4.25128,8.59994,-126.60171,3.53165,-13.30296,25.57117,-31.36261,GEO_PAT,GEO_PAT,SpuhlerFieldMain,TeamExclusive,Team,20251010-SpuhlerFieldMain-Private-2,ff0e1550-a621-11f0-9d1c-cb0542a47c13,86.27207,NA,NA,7.70552,NA,NA,NA,NA,NA,NA,e373a8f3-b551-4f4e-929b-9412fc5d6156,2025-10-10,21:42:19,2025-10-10T21:42:19Z,2025-10-10T21:42:19Z,NA,v3,471300,471300,NA,NA,NA,Undefined,GEO_PAT,8ed33add-184d-459e-af78-14bc1dd26151,54.7034,-127.54817,12.78559,4.09908,4.69247,-15.6813,-2.2338,9.09232,-6.65148,NA,NA,NA,NA,NA,NA,NA,NA,NA,NA,NA,NA,NA,NA,NA,NA,NA,NA,NA,NA,NA,NA,NA,NA,NA,NA,NA,NA,NA,NA,NA,NA,NA,NA,NA,NA,NA,NA,NA,NA,NA,NA,NA,NA,NA,NA,NA,NA,NA,NA,High,High,High,NA,NA,NA,NA,NA,NA,NA,NA,NA,NA,NA,NA,NA,NA,NA,NA,NA,NA,NA,NA,NA,NA,NA,NA,NA,NA,NA,NA,NA,NA,NA,NA,NA,NA,NA,NA,NA,NA,NA,NA,NA,NA,NA,NA,NA,NA,NA,NA,NA,NA,NA,NA,NA,NA,NA,NA,NA
NA,NA,NA,NA,NA,NA,NA,NA,NA,NA,NA,NA,NA,NA,NA,NA,336,2025-10-10,17:42:43,3,3,"Peters, Jackson",1000469296,Right,GEO_PAT,"O'Hara, Austin",10144739,Right,GEO_PAT,Undefined,10,Bottom,2,2,0,Sinker,Sinker,StrikeCalled,Undefined,Undefined,Undefined,0,0,NA,87.27567,2.30448,-3.446256,2187.694203,255.233867,02:30:00,4.05898,2.22172,5.81082,-30.57179,6.63768,20.37537,3.65943,0.71095,78.83489,-3.389953,0.195705,0.439034,NA,NA,NA,NA,NA,NA,NA,NA,NA,NA,NA,-11.31595,3.08532,-1.95052,50,4.23048,6.72727,-126.39077,4.05072,-18.1583,27.68313,-27.22315,GEO_PAT,GEO_PAT,SpuhlerFieldMain,TeamExclusive,Team,20251010-SpuhlerFieldMain-Private-2,0d348510-a622-11f0-9d1c-cb0542a47c13,85.85313,NA,NA,8.44078,NA,NA,NA,NA,NA,NA,e373a8f3-b551-4f4e-929b-9412fc5d6156,2025-10-10,21:42:43,2025-10-10T21:42:43Z,2025-10-10T21:42:43Z,NA,v3,471300,471300,NA,NA,NA,Undefined,GEO_PAT,50ad3aa1-2748-4728-9d31-dffd43eadf38,54.6899,-127.41385,13.84156,4.06219,5.0568,-13.61158,-2.21154,7.39835,-9.07915,NA,NA,NA,NA,NA,NA,NA,NA,NA,NA,NA,NA,NA,NA,NA,NA,NA,NA,NA,NA,NA,NA,NA,NA,NA,NA,NA,NA,73.62187,1.87061,0.960307,0.910303,-2.28796,3.42551,-0.73178,-2.67564,5.84121,-3.27536,65.18238,0.99906,-59.59605,-2.65327,79.53651,-5.54049,5.85614,5.96276,-12.4328,-3.34196,-71.38184,10.61497,High,High,High,NA,NA,High,High,High,NA,NA,NA,NA,NA,NA,NA,NA,NA,NA,NA,NA,NA,NA,NA,NA,NA,NA,NA,NA,NA,NA,NA,NA,NA,NA,NA,NA,NA,NA,NA,NA,NA,NA,NA,NA,NA,NA,NA,NA,NA,NA,NA,NA,NA,NA,NA,NA,NA,NA,NA,NA
NA,NA,NA,NA,NA,NA,NA,NA,NA,NA,NA,NA,NA,NA,NA,NA,337,2025-10-10,17:43:22,3,4,"Peters, Jackson",1000469296,Right,GEO_PAT,"O'Hara, Austin",10144739,Right,GEO_PAT,Undefined,10,Bottom,2,2,1,Sinker,Changeup,HitByPitch,Undefined,Undefined,Undefined,0,0,NA,87.34245,2.309573,-1.706541,2063.813183,256.435869,02:30:00,4.06137,2.20182,5.76095,-31.71108,5.00736,16.17615,3.57071,1.96088,79.89784,-3.55877,1.187067,0.436128,NA,NA,NA,NA,NA,NA,NA,NA,NA,NA,NA,-8.82571,2.20189,-2.07086,50,4.2334,3.12465,-126.8374,4.02564,-14.41128,25.37252,-28.57865,GEO_PAT,GEO_PAT,SpuhlerFieldMain,TeamExclusive,Team,20251010-SpuhlerFieldMain-Private-2,24eac570-a622-11f0-9d1c-cb0542a47c13,86.42526,NA,NA,7.44461,NA,NA,NA,NA,NA,NA,e373a8f3-b551-4f4e-929b-9412fc5d6156,2025-10-10,21:43:22,2025-10-10T21:43:22Z,2025-10-10T21:43:22Z,NA,v3,471300,471300,NA,NA,NA,Undefined,GEO_PAT,11c010d9-69c7-4efc-9c32-aee08bd9eda4,54.74401,-127.78287,12.68626,4.06355,5.09058,-14.28933,-2.1973,3.66166,-7.20564,NA,NA,NA,NA,NA,NA,NA,NA,NA,NA,NA,NA,NA,NA,NA,NA,NA,NA,NA,NA,NA,NA,NA,NA,NA,NA,NA,NA,NA,NA,NA,NA,NA,NA,NA,NA,NA,NA,NA,NA,NA,NA,NA,NA,NA,NA,NA,NA,NA,NA,High,High,High,NA,NA,NA,NA,NA,NA,NA,NA,NA,NA,NA,NA,NA,NA,NA,NA,NA,NA,NA,NA,NA,NA,NA,NA,NA,NA,NA,NA,NA,NA,NA,NA,NA,NA,NA,NA,NA,NA,NA,NA,NA,NA,NA,NA,NA,NA,NA,NA,NA,NA,NA,NA,NA,NA,NA,NA,NA
NA,NA,NA,NA,NA,NA,NA,NA,NA,NA,NA,NA,NA,NA,NA,NA,338,2025-10-10,17:44:06,4,1,"Peters, Jackson",1000469296,Right,GEO_PAT,"Clyne , Owen",1000230336,Right,GEO_PAT,Undefined,10,Bottom,2,0,0,ChangeUp,Changeup,BallCalled,Undefined,Undefined,Undefined,0,0,NA,83.22663,0.611943,-3.020049,1624.515176,276.459487,03:15:00,4.10215,2.50799,5.65291,-41.46463,-1.00319,19.31785,1.21834,1.29838,76.77135,-6.972422,0.430568,0.457817,NA,NA,NA,NA,NA,NA,NA,NA,NA,NA,NA,-10.60127,-0.31441,-2.26437,50,4.12749,5.60059,-120.88108,-0.15142,-15.79242,22.06726,-32.64241,GEO_PAT,GEO_PAT,SpuhlerFieldMain,TeamExclusive,Team,20251010-SpuhlerFieldMain-Private-2,3f3bd4f0-a622-11f0-9d1c-cb0542a47c13,82.33074,NA,NA,6.45528,NA,NA,NA,NA,NA,NA,e373a8f3-b551-4f4e-929b-9412fc5d6156,2025-10-10,21:44:06,2025-10-10T21:44:06Z,2025-10-10T21:44:06Z,NA,v3,471300,471300,NA,NA,NA,Undefined,GEO_PAT,3c9d5212-4bf0-4be5-93d1-726e086f253b,54.8524,-121.76368,11.03363,4.10744,1.15414,-16.3212,-2.501,6.23222,-7.89621,NA,NA,NA,NA,NA,NA,NA,NA,NA,NA,NA,NA,NA,NA,NA,NA,NA,NA,NA,NA,NA,NA,NA,NA,NA,NA,NA,NA,NA,NA,NA,NA,NA,NA,NA,NA,NA,NA,NA,NA,NA,NA,NA,NA,NA,NA,NA,NA,NA,NA,High,High,High,NA,NA,NA,NA,NA,NA,NA,NA,NA,NA,NA,NA,NA,NA,NA,NA,NA,NA,NA,NA,NA,NA,NA,NA,NA,NA,NA,NA,NA,NA,NA,NA,NA,NA,NA,NA,NA,NA,NA,NA,NA,NA,NA,NA,NA,NA,NA,NA,NA,NA,NA,NA,NA,NA,NA,NA,NA
NA,NA,NA,NA,NA,NA,NA,NA,NA,NA,NA,NA,NA,NA,NA,NA,339,2025-10-10,17:44:24,4,2,"Peters, Jackson",1000469296,Right,GEO_PAT,"Clyne , Owen",1000230336,Right,GEO_PAT,Undefined,10,Bottom,2,1,0,Sinker,Sinker,StrikeCalled,Undefined,Undefined,Undefined,0,0,NA,87.10474,1.426181,-3.912995,2133.798524,274.740552,03:15:00,4.20669,2.35566,5.73194,-37.80411,-0.52622,21.02718,2.38797,0.45797,79.26731,-5.53243,-0.159468,0.439437,NA,NA,NA,NA,NA,NA,NA,NA,NA,NA,NA,-11.75024,-0.27854,-2.04173,50,4.30281,7.72962,-126.23423,1.78248,-18.89717,26.49312,-32.62201,GEO_PAT,GEO_PAT,SpuhlerFieldMain,TeamExclusive,Team,20251010-SpuhlerFieldMain-Private-2,49958540-a622-11f0-9d1c-cb0542a47c13,85.77431,NA,NA,7.83743,NA,NA,NA,NA,NA,NA,e373a8f3-b551-4f4e-929b-9412fc5d6156,2025-10-10,21:44:24,2025-10-10T21:44:24Z,2025-10-10T21:44:24Z,NA,v3,471300,471300,NA,NA,NA,Undefined,GEO_PAT,3962fc53-899a-4d50-87b7-83be57f14fdf,54.77137,-127.23167,13.24656,4.21258,3.01066,-16.31101,-2.34614,8.44108,-9.44858,NA,NA,NA,NA,NA,NA,NA,NA,NA,NA,NA,NA,NA,NA,NA,NA,NA,NA,NA,NA,NA,NA,NA,NA,NA,NA,NA,NA,NA,NA,NA,NA,NA,NA,NA,NA,NA,NA,NA,NA,NA,NA,NA,NA,NA,NA,NA,NA,NA,NA,High,High,High,NA,NA,NA,NA,NA,NA,NA,NA,NA,NA,NA,NA,NA,NA,NA,NA,NA,NA,NA,NA,NA,NA,NA,NA,NA,NA,NA,NA,NA,NA,NA,NA,NA,NA,NA,NA,NA,NA,NA,NA,NA,NA,NA,NA,NA,NA,NA,NA,NA,NA,NA,NA,NA,NA,NA,NA,NA
NA,NA,NA,NA,NA,NA,NA,NA,NA,NA,NA,NA,NA,NA,NA,NA,340,2025-10-10,17:44:43,4,3,"Peters, Jackson",1000469296,Right,GEO_PAT,"Clyne , Owen",1000230336,Right,GEO_PAT,Undefined,10,Bottom,2,1,1,Splitter,Changeup,StrikeSwinging,Undefined,Undefined,Undefined,0,0,NA,83.88588,1.455195,-3.555717,1723.670775,268.128293,03:00:00,4.15095,2.25714,5.77103,-37.94691,1.70937,17.12143,2.34589,0.37056,77.24612,-5.520332,-0.496289,0.453239,NA,NA,NA,NA,NA,NA,NA,NA,NA,NA,NA,-9.57961,0.88705,-1.97298,50,4.24859,6.8685,-121.74759,1.79673,-14.50625,21.9111,-30.83078,GEO_PAT,GEO_PAT,SpuhlerFieldMain,TeamExclusive,Team,20251010-SpuhlerFieldMain-Private-2,54c6a9d0-a622-11f0-9d1c-cb0542a47c13,83.1624,NA,NA,6.63976,NA,NA,NA,NA,NA,NA,e373a8f3-b551-4f4e-929b-9412fc5d6156,2025-10-10,21:44:43,2025-10-10T21:44:43Z,2025-10-10T21:44:43Z,NA,v3,471300,471300,NA,NA,NA,Undefined,GEO_PAT,c85a3a62-4f1e-47e6-ace6-c6ae0b0f5580,54.73287,-122.59641,10.95555,4.15585,2.99109,-15.41539,-2.24994,7.43047,-7.25313,NA,NA,NA,NA,NA,NA,NA,NA,NA,NA,NA,NA,NA,NA,NA,NA,NA,NA,NA,NA,NA,NA,NA,NA,NA,NA,NA,NA,NA,NA,NA,NA,NA,NA,NA,NA,NA,NA,NA,NA,NA,NA,NA,NA,NA,NA,NA,NA,NA,NA,High,High,High,NA,NA,NA,NA,NA,NA,NA,NA,NA,NA,NA,NA,NA,NA,NA,NA,NA,NA,NA,NA,NA,NA,NA,NA,NA,NA,NA,NA,NA,NA,NA,NA,NA,NA,NA,NA,NA,NA,NA,NA,NA,NA,NA,NA,NA,NA,NA,NA,NA,NA,NA,NA,NA,NA,NA,NA,NA
NA,NA,NA,NA,NA,NA,NA,NA,NA,NA,NA,NA,NA,NA,NA,NA,341,2025-10-10,17:45:04,4,4,"Peters, Jackson",1000469296,Right,GEO_PAT,"Clyne , Owen",1000230336,Right,GEO_PAT,Undefined,10,Bottom,2,1,2,Slider,Curveball,BallCalled,Undefined,Undefined,Undefined,0,0,NA,78.55023,0.842009,-2.124901,2169.535634,72.899061,08:30:00,4.02572,2.45748,5.63042,-49.11365,-3.73906,-16.213,0.71919,-0.87726,72.99964,-8.089244,-5.018333,0.484817,NA,NA,NA,NA,NA,NA,NA,NA,NA,NA,NA,7.7889,-1.84358,-2.26542,50,4.06525,4.83137,-114.18757,0.07169,10.35479,19.66747,-34.62495,GEO_PAT,GEO_PAT,SpuhlerFieldMain,TeamExclusive,Team,20251010-SpuhlerFieldMain-Private-2,61e5e2c0-a622-11f0-9d1c-cb0542a47c13,77.74573,NA,NA,5.55059,NA,NA,NA,NA,NA,NA,e373a8f3-b551-4f4e-929b-9412fc5d6156,2025-10-10,21:45:04,2025-10-10T21:45:04Z,2025-10-10T21:45:04Z,NA,v3,471300,471300,NA,NA,NA,Undefined,GEO_PAT,34f895a0-07b6-4003-93e9-15b280155bc6,54.87618,-115.02437,9.83374,4.03086,1.54489,-17.31248,-2.46161,4.39081,5.1774,NA,NA,NA,NA,NA,NA,NA,NA,NA,NA,NA,NA,NA,NA,NA,NA,NA,NA,NA,NA,NA,NA,NA,NA,NA,NA,NA,NA,NA,NA,NA,NA,NA,NA,NA,NA,NA,NA,NA,NA,NA,NA,NA,NA,NA,NA,NA,NA,NA,NA,High,High,High,NA,NA,NA,NA,NA,NA,NA,NA,NA,NA,NA,NA,NA,NA,NA,NA,NA,NA,NA,NA,NA,NA,NA,NA,NA,NA,NA,NA,NA,NA,NA,NA,NA,NA,NA,NA,NA,NA,NA,NA,NA,NA,NA,NA,NA,NA,NA,NA,NA,NA,NA,NA,NA,NA,NA,NA,NA
NA,NA,NA,NA,NA,NA,NA,NA,NA,NA,NA,NA,NA,NA,NA,NA,342,2025-10-10,17:45:26,4,5,"Peters, Jackson",1000469296,Right,GEO_PAT,"Clyne , Owen",1000230336,Right,GEO_PAT,Undefined,10,Bottom,2,2,2,Sinker,Sinker,BallCalled,Undefined,Undefined,Undefined,0,0,NA,89.05554,1.82558,-3.137723,2206.729451,246.216274,02:15:00,4.03123,2.17066,5.87421,-27.45986,7.9302,15.42855,3.44172,0.539,80.99911,-3.294508,-0.37585,0.428166,NA,NA,NA,NA,NA,NA,NA,NA,NA,NA,NA,-8.69847,3.89331,-1.92517,50,4.16341,6.40662,-129.12436,3.1856,-14.66689,27.21049,-25.60939,GEO_PAT,GEO_PAT,SpuhlerFieldMain,TeamExclusive,Team,20251010-SpuhlerFieldMain-Private-2,6ee4c270-a622-11f0-9d1c-cb0542a47c13,88.03235,NA,NA,8.05643,NA,NA,NA,NA,NA,NA,e373a8f3-b551-4f4e-929b-9412fc5d6156,2025-10-10,21:45:26,2025-10-10T21:45:26Z,2025-10-10T21:45:26Z,NA,v3,471300,471300,NA,NA,NA,Undefined,GEO_PAT,355ea430-e63b-46c3-9872-f09b692d0bdf,54.62661,-130.09568,13.60525,4.03338,4.09977,-12.8047,-2.16321,6.93018,-7.33345,NA,NA,NA,NA,NA,NA,NA,NA,NA,NA,NA,NA,NA,NA,NA,NA,NA,NA,NA,NA,NA,NA,NA,NA,NA,NA,NA,NA,NA,NA,NA,NA,NA,NA,NA,NA,NA,NA,NA,NA,NA,NA,NA,NA,NA,NA,NA,NA,NA,NA,High,High,High,NA,NA,NA,NA,NA,NA,NA,NA,NA,NA,NA,NA,NA,NA,NA,NA,NA,NA,NA,NA,NA,NA,NA,NA,NA,NA,NA,NA,NA,NA,NA,NA,NA,NA,NA,NA,NA,NA,NA,NA,NA,NA,NA,NA,NA,NA,NA,NA,NA,NA,NA,NA,NA,NA,NA,NA,NA
NA,NA,NA,NA,NA,NA,NA,NA,NA,NA,NA,NA,NA,NA,NA,NA,343,2025-10-10,17:45:50,4,6,"Peters, Jackson",1000469296,Right,GEO_PAT,"Clyne , Owen",1000230336,Right,GEO_PAT,Undefined,10,Bottom,2,3,2,Splitter,Changeup,InPlay,Undefined,GroundBall,Out,2,1,NA,83.66282,1.574654,-3.890144,1559.591296,278.858927,03:15:00,4.11675,2.47916,5.62308,-41.40148,-1.28528,15.69521,2.1399,0.15112,77.08818,-5.994192,-1.094797,0.45586,98.05345,-6.81929,-11.275485,NA,NA,NA,NA,19.64086,19.64086,-10.809223,0.126241,-8.99461,-0.74618,-2.15748,50,4.22427,7.62532,-121.37563,1.89594,-13.53416,21.82881,-33.29683,GEO_PAT,GEO_PAT,SpuhlerFieldMain,TeamExclusive,Team,20251010-SpuhlerFieldMain-Private-2,7d0c91c0-a622-11f0-9d1c-cb0542a47c13,82.68429,2.15831,NA,6.57464,NA,NA,NA,1.59231,2.15831,-0.15449,e373a8f3-b551-4f4e-929b-9412fc5d6156,2025-10-10,21:45:50,2025-10-10T21:45:50Z,2025-10-10T21:45:50Z,GroundBall,v3,471300,471300,NA,NA,NA,Undefined,GEO_PAT,f4c0eb8f-d095-4826-a5c0-b0f8feca5a06,54.88241,-122.25056,10.9144,4.12153,3.23052,-16.64842,-2.47398,8.16778,-6.76708,NA,1.58884,140.20904,NA,NA,NA,NA,NA,NA,NA,2.15873,-17.09679,NA,NA,NA,NA,NA,NA,NA,-0.1538,-27.95415,NA,NA,NA,NA,NA,NA,NA,NA,NA,NA,NA,NA,NA,NA,NA,NA,NA,NA,NA,NA,NA,NA,NA,NA,NA,NA,NA,NA,NA,High,High,High,Estimated,Estimated,NA,NA,NA,NA,NA,NA,NA,NA,NA,NA,NA,NA,NA,NA,NA,NA,NA,NA,NA,NA,NA,NA,NA,NA,NA,NA,NA,NA,NA,NA,NA,NA,NA,NA,NA,NA,NA,NA,NA,NA,NA,NA,NA,NA,NA,NA,NA,NA,NA,NA,NA,NA,NA,NA,NA
NA,NA,NA,NA,NA,NA,NA,NA,NA,NA,NA,NA,NA,NA,NA,NA,344,2025-10-10,17:46:27,5,1,"Peters, Jackson",1000469296,Right,GEO_PAT,"Alberti, Lucas",1000145512,Right,GEO_PAT,Undefined,10,Bottom,0,0,0,Slider,Slider,StrikeCalled,Undefined,Undefined,Undefined,0,0,NA,78.99759,0.997181,-1.445312,2227.494962,97.085,09:15:00,4.19287,2.25234,5.52391,-41.91707,3.39169,-16.36485,1.6325,-0.46299,72.70579,-6.676532,-4.35991,0.484465,NA,NA,NA,NA,NA,NA,NA,NA,NA,NA,NA,7.8902,1.84382,-2.11524,50,4.25157,3.52905,-114.73026,0.61253,10.52891,20.99698,-29.71358,GEO_PAT,GEO_PAT,SpuhlerFieldMain,TeamExclusive,Team,20251010-SpuhlerFieldMain-Private-2,932527b0-a622-11f0-9d1c-cb0542a47c13,77.80218,NA,NA,6.2918,NA,NA,NA,NA,NA,NA,e373a8f3-b551-4f4e-929b-9412fc5d6156,2025-10-10,21:46:27,2025-10-10T21:46:27Z,2025-10-10T21:46:27Z,NA,v3,471300,471300,NA,NA,NA,Undefined,GEO_PAT,37aff3e1-1dce-4fea-b0fc-1e7efbac614f,54.9795,-115.63798,10.49849,4.19732,1.89707,-14.85679,-2.25796,3.07388,5.26446,NA,NA,NA,NA,NA,NA,NA,NA,NA,NA,NA,NA,NA,NA,NA,NA,NA,NA,NA,NA,NA,NA,NA,NA,NA,NA,NA,NA,NA,NA,NA,NA,NA,NA,NA,NA,NA,NA,NA,NA,NA,NA,NA,NA,NA,NA,NA,NA,NA,NA,High,High,High,NA,NA,NA,NA,NA,NA,NA,NA,NA,NA,NA,NA,NA,NA,NA,NA,NA,NA,NA,NA,NA,NA,NA,NA,NA,NA,NA,NA,NA,NA,NA,NA,NA,NA,NA,NA,NA,NA,NA,NA,NA,NA,NA,NA,NA,NA,NA,NA,NA,NA,NA,NA,NA,NA,NA,NA,NA
NA,NA,NA,NA,NA,NA,NA,NA,NA,NA,NA,NA,NA,NA,NA,NA,345,2025-10-10,17:46:43,5,2,"Peters, Jackson",1000469296,Right,GEO_PAT,"Alberti, Lucas",1000145512,Right,GEO_PAT,Undefined,10,Bottom,0,0,1,Slider,Slider,StrikeCalled,Undefined,Undefined,Undefined,0,0,NA,77.45794,1.9061,0.161096,2328.256261,83.293347,08:45:00,4.21661,2.36698,5.26542,-48.3766,-0.8013,-19.00662,1.97661,0.93444,71.2138,-6.896945,-3.211411,0.496435,NA,NA,NA,NA,NA,NA,NA,NA,NA,NA,NA,9.52249,-0.46161,-2.36726,50,4.35542,0.44067,-112.46474,2.08196,12.21659,20.07598,-32.76627,GEO_PAT,GEO_PAT,SpuhlerFieldMain,TeamExclusive,Team,20251010-SpuhlerFieldMain-Private-2,9c953b50-a622-11f0-9d1c-cb0542a47c13,75.92626,NA,NA,6.24414,NA,NA,NA,NA,NA,NA,e373a8f3-b551-4f4e-929b-9412fc5d6156,2025-10-10,21:46:43,2025-10-10T21:46:43Z,2025-10-10T21:46:43Z,NA,v3,471300,471300,NA,NA,NA,Undefined,GEO_PAT,9e531528-29a4-4182-b27a-a005a0b71a51,55.2386,-113.39603,10.03799,4.22358,3.60191,-16.38314,-2.37455,-0.12603,6.1083,NA,NA,NA,NA,NA,NA,NA,NA,NA,NA,NA,NA,NA,NA,NA,NA,NA,NA,NA,NA,NA,NA,NA,NA,NA,NA,NA,NA,NA,NA,NA,NA,NA,NA,NA,NA,NA,NA,NA,NA,NA,NA,NA,NA,NA,NA,NA,NA,NA,NA,High,High,High,NA,NA,NA,NA,NA,NA,NA,NA,NA,NA,NA,NA,NA,NA,NA,NA,NA,NA,NA,NA,NA,NA,NA,NA,NA,NA,NA,NA,NA,NA,NA,NA,NA,NA,NA,NA,NA,NA,NA,NA,NA,NA,NA,NA,NA,NA,NA,NA,NA,NA,NA,NA,NA,NA,NA,NA,NA
NA,NA,NA,NA,NA,NA,NA,NA,NA,NA,NA,NA,NA,NA,NA,NA,346,2025-10-10,17:47:00,5,3,"Peters, Jackson",1000469296,Right,GEO_PAT,"Alberti, Lucas",1000145512,Right,GEO_PAT,Undefined,10,Bottom,0,0,2,Slider,Slider,StrikeSwinging,Strikeout,Undefined,Undefined,0,0,NA,80.34885,0.341498,-2.72944,2405.741225,95.539029,09:15:00,4.15023,2.23261,5.37379,-40.99569,3.4739,-21.22241,1.05447,-2.09693,73.60426,-7.135035,-6.490186,0.479958,NA,NA,NA,NA,NA,NA,NA,NA,NA,NA,NA,9.90162,2.04146,-1.97204,50,4.15187,6.40124,-116.50362,-0.70297,13.50314,23.47656,-29.39005,GEO_PAT,GEO_PAT,SpuhlerFieldMain,TeamExclusive,Team,20251010-SpuhlerFieldMain-Private-2,a70d9730-a622-11f0-9d1c-cb0542a47c13,78.53285,NA,NA,6.7446,NA,NA,NA,NA,NA,NA,e373a8f3-b551-4f4e-929b-9412fc5d6156,2025-10-10,21:47:00,2025-10-10T21:47:00Z,2025-10-10T21:47:00Z,NA,v3,471300,471300,NA,NA,NA,Undefined,GEO_PAT,c9f58cab-7067-4b3a-81da-e8a0a61d678f,55.12962,-117.53274,11.73828,4.15445,0.58538,-14.69503,-2.23968,5.80932,6.75157,NA,NA,NA,NA,NA,NA,NA,NA,NA,NA,NA,NA,NA,NA,NA,NA,NA,NA,NA,NA,NA,NA,NA,NA,NA,NA,NA,NA,NA,NA,NA,NA,NA,NA,NA,NA,NA,NA,NA,NA,NA,NA,NA,NA,NA,NA,NA,NA,NA,NA,High,High,High,NA,NA,NA,NA,NA,NA,NA,NA,NA,NA,NA,NA,NA,NA,NA,NA,NA,NA,NA,NA,NA,NA,NA,NA,NA,NA,NA,NA,NA,NA,NA,NA,NA,NA,NA,NA,NA,NA,NA,NA,NA,NA,NA,NA,NA,NA,NA,NA,NA,NA,NA,NA,NA,NA,NA,NA,NA
