player_name,display_name,active,notes,id,pitcher,date,rel_speed,horz_break,induced_vert_break,original_pitch_type,new_pitch_type,new_pitcher,modified_at,pitch_key,created_at,PitchNo,Date,Time,PAofInning,PitchofPA,Pitcher,PitcherId,PitcherThrows,PitcherTeam,Batter,BatterId,BatterSide,BatterTeam,PitcherSet,Inning,Top/Bottom,Outs,Balls,Strikes,TaggedPitchType,AutoPitchType,PitchCall,KorBB,TaggedHitType,PlayResult,OutsOnPlay,RunsScored,Notes,RelSpeed,VertRelAngle,HorzRelAngle,SpinRate,SpinAxis,Tilt,RelHeight,RelSide,Extension,VertBreak,InducedVertBreak,HorzBreak,PlateLocHeight,PlateLocSide,ZoneSpeed,VertApprAngle,HorzApprAngle,ZoneTime,ExitSpeed,Angle,Direction,HitSpinRate,PositionAt110X,PositionAt110Y,PositionAt110Z,Distance,LastTrackedDistance,Bearing,HangTime,pfxx,pfxz,x0,y0,z0,vx0,vy0,vz0,ax0,ay0,az0,HomeTeam,AwayTeam,Stadium,Level,League,GameID,PitchUID,EffectiveVelo,MaxHeight,MeasuredDuration,SpeedDrop,PitchLastMeasuredX,PitchLastMeasuredY,PitchLastMeasuredZ,ContactPositionX,ContactPositionY,ContactPositionZ,GameUID,UTCDate,UTCTime,LocalDateTime,UTCDateTime,AutoHitType,System,HomeTeamForeignID,AwayTeamForeignID,GameForeignID,Catcher,CatcherId,CatcherThrows,CatcherTeam,PlayID,PitchTrajectoryXc0,PitchTrajectoryXc1,PitchTrajectoryXc2,PitchTrajectoryYc0,PitchTrajectoryYc1,PitchTrajectoryYc2,PitchTrajectoryZc0,PitchTrajectoryZc1,PitchTrajectoryZc2,HitSpinAxis,HitTrajectoryXc0,HitTrajectoryXc1,HitTrajectoryXc2,HitTrajectoryXc3,HitTrajectoryXc4,HitTrajectoryXc5,HitTrajectoryXc6,HitTrajectoryXc7,HitTrajectoryXc8,HitTrajectoryYc0,HitTrajectoryYc1,HitTrajectoryYc2,HitTrajectoryYc3,HitTrajectoryYc4,HitTrajectoryYc5,HitTrajectoryYc6,HitTrajectoryYc7,HitTrajectoryYc8,HitTrajectoryZc0,HitTrajectoryZc1,HitTrajectoryZc2,HitTrajectoryZc3,HitTrajectoryZc4,HitTrajectoryZc5,HitTrajectoryZc6,HitTrajectoryZc7,HitTrajectoryZc8,ThrowSpeed,PopTime,ExchangeTime,TimeToBase,CatchPositionX,CatchPositionY,CatchPositionZ,ThrowPositionX,ThrowPositionY,ThrowPositionZ,BasePositionX,BasePositionY,BasePositionZ,ThrowTrajectoryXc0,ThrowTrajectoryXc1,ThrowTrajectoryXc2,ThrowTrajectoryYc0,ThrowTrajectoryYc1,ThrowTrajectoryYc2,ThrowTrajectoryZc0,ThrowTrajectoryZc1,ThrowTrajectoryZc2,PitchReleaseConfidence,PitchLocationConfidence,PitchMovementConfidence,HitLaunchConfidence,HitLandingConfidence,CatcherThrowCatchConfidence,CatcherThrowReleaseConfidence,CatcherThrowLocationConfidence,SpinAxis3dTransverseAngle,SpinAxis3dLongitudinalAngle,SpinAxis3dActiveSpinRate,SpinAxis3dSpinEfficiency,SpinAxis3dTilt,SpinAxis3dVectorX,SpinAxis3dVectorY,SpinAxis3dVectorZ,SpinAxis3dSeamOrientationRotationX,SpinAxis3dSeamOrientationRotationY,SpinAxis3dSeamOrientationRotationZ,SpinAxis3dSeamOrientationBallYAmb1,SpinAxis3dSeamOrientationBallAngleHorizontalAmb1,SpinAxis3dSeamOrientationBallZAmb1,SpinAxis3dSeamOrientationBallAngleVerticalAmb2,SpinAxis3dSeamOrientationBallZAmb2,SpinAxis3dSeamOrientationBallXAmb4,SpinAxis3dSeamOrientationBallYAmb4,SpinAxis3dSeamOrientationBallAngleHorizontalAmb2,SpinAxis3dSeamOrientationBallAngleVerticalAmb1,SpinAxis3dSeamOrientationBallXAmb1,SpinAxis3dSeamOrientationBallYAmb2,SpinAxis3dSeamOrientationBallAngleHorizontalAmb4,SpinAxis3dSeamOrientationBallAngleVerticalAmb4,SpinAxis3dSeamOrientationBallXAmb2,SpinAxis3dSeamOrientationBallAngleVerticalAmb3,SpinAxis3dSeamOrientationBallAngleHorizontalAmb3,SpinAxis3dSeamOrientationBallXAmb3,SpinAxis3dSeamOrientationBallYAmb3,SpinAxis3dSeamOrientationBallZAmb3,SpinAxis3dSeamOrientationBallZAmb4,session_id,play_id,camera_slot,camera_name,camera_target,video_type,azure_blob,azure_md5,cloudinary_url,cloudinary_public_id,uploaded_at,PitchSession,Flag,CalibrationId,EffVelocity,PracticeType,Device,HitType,BatSpeed,VerticalAttackAngle,HorizontalAttackAngle
NA,NA,NA,NA,NA,NA,NA,NA,NA,NA,NA,NA,NA,NA,NA,NA,1,2025-09-11,15:25:30,NA,NA,NA,NA,Undefined,GEO_PAT,"Canody, Andrew",1000415298,Right,GEO_PAT,Undefined,1,Bottom,0,0,0,Undefined,Slider,Undefined,Undefined,Undefined,Undefined,0,0,NA,64.89011,-0.547084,0.357892,1566.298687,170.711231,11:45:00,3.75321,-0.60875,26.1292,-16.67328,7.73158,-1.19201,2.049,-0.50218,61.90721,-5.477209,0.012429,0.355557,83.49487,16.693662,-15.69688,1066.204357,104.00759,19.92622,-35.81008,209.40376,209.40376,-22.660261,2.227619,1.68138,10.65623,0.72552,50,3.61371,-0.85254,-97.31251,2.6324,1.6313,13.58309,-21.83515,GEO_PAT,NA,SpuhlerFieldMain,NA,NA,20250911-SpuhlerFieldMain-BP-6,14b46f10-8f45-11f0-b7ac-41d3680bab53,106.00948,19.92085,NA,2.98289,NA,NA,NA,2.59603,2.24128,0.50777,03ab26eb-edd9-4a16-9496-de4f18636748,2025-09-11,19:25:30,2025-09-11T19:25:30Z,2025-09-11T19:25:30Z,LineDrive,v3,471300,NA,NA,NA,NA,Undefined,GEO_PAT,cfa53e3b-83f1-4e8a-a045-9ca5227a8be1,34.37917,-95.10713,6.79155,3.75331,-0.91281,-10.91758,0.6086,-0.58768,0.81565,104.918865,2.59604,112.92242,-17.34195,3.37446,-0.61096,0.02954,0.02774,-0.01093,0.00141,2.24127,35.17734,-18.84948,1.52595,-0.24242,0.06183,-0.02053,0.0059,-7.5e-4,0.50777,-31.73477,-5.06587,2.38376,-0.74859,0.18183,-0.03591,0.0049,-3.1e-4,NA,NA,NA,NA,NA,NA,NA,NA,NA,NA,NA,NA,NA,NA,NA,NA,NA,NA,NA,NA,NA,NA,High,High,High,High,High,NA,NA,NA,NA,NA,NA,NA,NA,NA,NA,NA,NA,NA,NA,NA,NA,NA,NA,NA,NA,NA,NA,NA,NA,NA,NA,NA,NA,NA,NA,NA,NA,NA,NA,NA,NA,NA,NA,NA,NA,NA,NA,NA,NA,NA,NA,NA,NA,NA,NA,NA,NA,NA,NA,NA
NA,NA,NA,NA,NA,NA,NA,NA,NA,NA,NA,NA,NA,NA,NA,NA,2,2025-09-11,15:25:36,NA,NA,NA,NA,Undefined,GEO_PAT,"Canody, Andrew",1000415298,Right,GEO_PAT,Undefined,1,Bottom,0,0,0,Undefined,Curveball,Undefined,Undefined,Undefined,Undefined,0,0,NA,60.86535,3.056155,-0.449444,2363.90274,82.034956,08:45:00,3.73591,1.43587,18.73513,-43.89172,-1.11669,-15.73414,2.23307,-0.1919,56.83099,-7.537444,-4.169036,0.470724,NA,NA,NA,NA,NA,NA,NA,NA,NA,NA,NA,13.74985,-1.43059,-1.46835,50,3.17511,-0.20958,-90.40033,7.69289,11.27583,14.28646,-33.34722,GEO_PAT,NA,SpuhlerFieldMain,NA,NA,20250911-SpuhlerFieldMain-BP-6,18279cd0-8f45-11f0-b7ac-41d3680bab53,80.07332,NA,NA,4.03437,NA,NA,NA,NA,NA,NA,03ab26eb-edd9-4a16-9496-de4f18636748,2025-09-11,19:25:36,2025-09-11T19:25:36Z,2025-09-11T19:25:36Z,NA,v3,471300,NA,NA,NA,NA,Undefined,GEO_PAT,6099fe4d-1124-443c-bff5-1404ea9ec854,41.77294,-89.09068,7.14323,3.7402,4.63592,-16.67361,-1.44018,0.82408,5.63792,NA,NA,NA,NA,NA,NA,NA,NA,NA,NA,NA,NA,NA,NA,NA,NA,NA,NA,NA,NA,NA,NA,NA,NA,NA,NA,NA,NA,NA,NA,NA,NA,NA,NA,NA,NA,NA,NA,NA,NA,NA,NA,NA,NA,NA,NA,NA,NA,NA,NA,High,High,High,NA,NA,NA,NA,NA,NA,NA,NA,NA,NA,NA,NA,NA,NA,NA,NA,NA,NA,NA,NA,NA,NA,NA,NA,NA,NA,NA,NA,NA,NA,NA,NA,NA,NA,NA,NA,NA,NA,NA,NA,NA,NA,NA,NA,NA,NA,NA,NA,NA,NA,NA,NA,NA,NA,NA,NA,NA
NA,NA,NA,NA,NA,NA,NA,NA,NA,NA,NA,NA,NA,NA,NA,NA,3,2025-09-11,15:25:42,NA,NA,NA,NA,Undefined,GEO_PAT,"Canody, Andrew",1000415298,Right,GEO_PAT,Undefined,1,Bottom,0,0,0,Undefined,Changeup,Undefined,Undefined,Undefined,Undefined,0,0,NA,66.8763,0.125338,0.867689,1570.671323,156.636753,11:15:00,3.77416,-0.64952,18.4991,-24.880490000000002,10.82831,-4.27579,1.78961,-0.39103,62.33166,-5.912106,-0.138183,0.43009,74.43938,-14.199477,-24.353191,NA,NA,NA,NA,9.4452,7.18377,-16.648871,0.078306,3.98555,9.84083,0.77855,50,3.68482,-1.76742,-99.27564,2.016,3.95886,16.58949,-22.39912,GEO_PAT,NA,SpuhlerFieldMain,NA,NA,20250911-SpuhlerFieldMain-BP-6,1b9d62a0-8f45-11f0-b7ac-41d3680bab53,87.63859,2.10247,NA,4.54464,NA,NA,NA,1.47939,2.10247,0.72028,03ab26eb-edd9-4a16-9496-de4f18636748,2025-09-11,19:25:42,2025-09-11T19:25:42Z,2025-09-11T19:25:42Z,GroundBall,v3,471300,NA,NA,NA,NA,Undefined,GEO_PAT,efa3d616-e5ab-4f0a-8fd1-63b7d8ebb988,42.00605,-97.93069,8.29474,3.77465,0.20007,-11.19956,0.64827,-1.44647,1.97943,NA,1.47629,96.66988,NA,NA,NA,NA,NA,NA,NA,2.10333,-26.84933,NA,NA,NA,NA,NA,NA,NA,0.72168,-43.75621,NA,NA,NA,NA,NA,NA,NA,NA,NA,NA,NA,NA,NA,NA,NA,NA,NA,NA,NA,NA,NA,NA,NA,NA,NA,NA,NA,NA,NA,High,High,High,Low,Low,NA,NA,NA,NA,NA,NA,NA,NA,NA,NA,NA,NA,NA,NA,NA,NA,NA,NA,NA,NA,NA,NA,NA,NA,NA,NA,NA,NA,NA,NA,NA,NA,NA,NA,NA,NA,NA,NA,NA,NA,NA,NA,NA,NA,NA,NA,NA,NA,NA,NA,NA,NA,NA,NA,NA
NA,NA,NA,NA,NA,NA,NA,NA,NA,NA,NA,NA,NA,NA,NA,NA,4,2025-09-11,15:25:51,NA,NA,NA,NA,Undefined,GEO_PAT,"Canody, Andrew",1000415298,Right,GEO_PAT,Undefined,1,Bottom,0,0,0,Undefined,Curveball,Undefined,Undefined,Undefined,Undefined,0,0,NA,57.61338,3.71473,0.485619,2236.294689,83.897331,08:45:00,3.72882,1.43359,18.88883,-47.5468,-0.15169,-12.72331,2.37696,0.71408,53.7742,-7.811645,-2.533506,0.495494,NA,NA,NA,NA,NA,NA,NA,NA,NA,NA,NA,11.87233,-1.24091,-1.3267,50,3.03499,-1.52588,-85.55284,8.67912,8.71858,12.8131,-33.08531,GEO_PAT,NA,SpuhlerFieldMain,NA,NA,20250911-SpuhlerFieldMain-BP-6,212a96c0-8f45-11f0-b7ac-41d3680bab53,76.07047,NA,NA,3.83917,NA,NA,NA,NA,NA,NA,03ab26eb-edd9-4a16-9496-de4f18636748,2025-09-11,19:25:51,2025-09-11T19:25:51Z,2025-09-11T19:25:51Z,NA,v3,471300,NA,NA,NA,NA,Undefined,GEO_PAT,3540511b-76c8-4f16-8218-67390f235124,41.62015,-84.28846,6.40655,3.73035,5.41431,-16.54265,-1.43482,-0.66554,4.35929,NA,NA,NA,NA,NA,NA,NA,NA,NA,NA,NA,NA,NA,NA,NA,NA,NA,NA,NA,NA,NA,NA,NA,NA,NA,NA,NA,NA,NA,NA,NA,NA,NA,NA,NA,NA,NA,NA,NA,NA,NA,NA,NA,NA,NA,NA,NA,NA,NA,NA,High,High,High,NA,NA,NA,NA,NA,NA,NA,NA,NA,NA,NA,NA,NA,NA,NA,NA,NA,NA,NA,NA,NA,NA,NA,NA,NA,NA,NA,NA,NA,NA,NA,NA,NA,NA,NA,NA,NA,NA,NA,NA,NA,NA,NA,NA,NA,NA,NA,NA,NA,NA,NA,NA,NA,NA,NA,NA,NA
NA,NA,NA,NA,NA,NA,NA,NA,NA,NA,NA,NA,NA,NA,NA,NA,5,2025-09-11,15:25:58,NA,NA,NA,NA,Undefined,GEO_PAT,"Canody, Andrew",1000415298,Right,GEO_PAT,Undefined,1,Bottom,0,0,0,Undefined,Curveball,Undefined,Undefined,Undefined,Undefined,0,0,NA,59.84869,3.454559,-0.338188,2466.958235,84.076092,08:45:00,3.77193,1.40224,19.22564,-43.21345,-0.26437,-12.37457,2.57752,0.13571,56.10062,-7.097103,-3.299123,0.471681,91.23925,27.210384,-15.989436,1732.810503,106.17577,53.20537,-28.75106,336.51986,336.51986,-13.717182,4.874718,11.13808,-0.78661,-1.42164,50,3.10294,-0.273,-88.84551,8.42617,8.88645,12.9456,-32.80163,GEO_PAT,NA,SpuhlerFieldMain,NA,NA,20250911-SpuhlerFieldMain-BP-6,252dcf80-8f45-11f0-b7ac-41d3680bab53,79.91087,72.98449,NA,3.74807,NA,NA,NA,2.12752,2.70154,-0.18189,03ab26eb-edd9-4a16-9496-de4f18636748,2025-09-11,19:25:58,2025-09-11T19:25:58Z,2025-09-11T19:25:58Z,FlyBall,v3,471300,NA,NA,NA,NA,Undefined,GEO_PAT,e93a8a75-d8a9-4e8b-ba43-ff4e9a097725,41.28238,-87.56606,6.4728,3.77552,5.1843,-16.40081,-1.40522,0.60527,4.44323,185.533843,2.12746,114.40828,-21.78286,5.14264,-1.15275,0.25446,-0.0476,0.00569,-3e-4,2.70293,61.15457,-13.54205,-0.31471,0.44212,-0.19916,0.05063,-0.00661,3.4e-4,-0.1819,-32.78283,7.59692,-1.82394,0.4104,-0.0892,0.01629,-0.00192,1e-4,NA,NA,NA,NA,NA,NA,NA,NA,NA,NA,NA,NA,NA,NA,NA,NA,NA,NA,NA,NA,NA,NA,High,High,High,High,High,NA,NA,NA,NA,NA,NA,NA,NA,NA,NA,NA,NA,NA,NA,NA,NA,NA,NA,NA,NA,NA,NA,NA,NA,NA,NA,NA,NA,NA,NA,NA,NA,NA,NA,NA,NA,NA,NA,NA,NA,NA,NA,NA,NA,NA,NA,NA,NA,NA,NA,NA,NA,NA,NA,NA
NA,NA,NA,NA,NA,NA,NA,NA,NA,NA,NA,NA,NA,NA,NA,NA,6,2025-09-11,15:26:12,NA,NA,NA,NA,Undefined,GEO_PAT,"Canody, Andrew",1000415298,Right,GEO_PAT,Undefined,1,Bottom,0,0,0,Undefined,Changeup,Undefined,Undefined,Undefined,Undefined,0,0,NA,64.91671,0.572773,0.649099,1545.948322,169.835533,11:45:00,3.78674,-0.6502,18.55718,-24.49588,12.90292,-2.1615,2.15069,-0.37108,61.08337,-5.367312,0.140023,0.44015,NA,NA,NA,NA,NA,NA,NA,NA,NA,NA,NA,2.07441,11.58587,0.74613,50,3.63171,-1.22822,-96.24185,2.7355,1.96282,13.7016,-21.21145,GEO_PAT,NA,SpuhlerFieldMain,NA,NA,20250911-SpuhlerFieldMain-BP-6,2dc25030-8f45-11f0-b7ac-41d3680bab53,85.63553,NA,NA,3.83334,NA,NA,NA,NA,NA,NA,03ab26eb-edd9-4a16-9496-de4f18636748,2025-09-11,19:26:12,2025-09-11T19:26:12Z,2025-09-11T19:26:12Z,NA,v3,471300,NA,NA,NA,NA,Undefined,GEO_PAT,ddbc531f-8184-4e05-b109-a2a9321a9923,41.94908,-95.08876,6.8508,3.7868,0.9504,-10.60572,0.64971,-1.06304,0.98141,NA,NA,NA,NA,NA,NA,NA,NA,NA,NA,NA,NA,NA,NA,NA,NA,NA,NA,NA,NA,NA,NA,NA,NA,NA,NA,NA,NA,NA,NA,NA,NA,NA,NA,NA,NA,NA,NA,NA,NA,NA,NA,NA,NA,NA,NA,NA,NA,NA,NA,High,High,High,NA,NA,NA,NA,NA,NA,NA,NA,NA,NA,NA,NA,NA,NA,NA,NA,NA,NA,NA,NA,NA,NA,NA,NA,NA,NA,NA,NA,NA,NA,NA,NA,NA,NA,NA,NA,NA,NA,NA,NA,NA,NA,NA,NA,NA,NA,NA,NA,NA,NA,NA,NA,NA,NA,NA,NA,NA
NA,NA,NA,NA,NA,NA,NA,NA,NA,NA,NA,NA,NA,NA,NA,NA,7,2025-09-11,15:26:18,NA,NA,NA,NA,Undefined,GEO_PAT,"Canody, Andrew",1000415298,Right,GEO_PAT,Undefined,1,Bottom,0,0,0,Undefined,Curveball,Undefined,Undefined,Undefined,Undefined,0,0,NA,63.665,-0.67876,0.558728,1811.168084,169.58613,11:45:00,3.74688,-0.58492,26.37158,-16.23111,8.79414,-1.5298,2.00661,-0.3933,60.64524,-5.522277,0.112123,0.360048,92.51359,7.303444,-2.724058,1389.044607,109.9895,8.85994,1.51038,188.42616,188.42616,3.192201,1.719412,2.1948,12.29135,0.76458,50,3.64039,-1.24308,-95.53948,2.37339,2.04771,13.4215,-20.7064,GEO_PAT,NA,SpuhlerFieldMain,NA,NA,20250911-SpuhlerFieldMain-BP-6,31357df0-8f45-11f0-b7ac-41d3680bab53,104.6872,8.98207,NA,3.0197600000000002,NA,NA,NA,1.75536,2.04455,0.41334,03ab26eb-edd9-4a16-9496-de4f18636748,2025-09-11,19:26:18,2025-09-11T19:26:18Z,2025-09-11T19:26:18Z,GroundBall,v3,471300,NA,NA,NA,NA,Undefined,GEO_PAT,fab86df2-30c6-4f7e-bd80-bc0cee2528ae,34.13602,-93.28427,6.71075,3.74688,-1.10589,-10.3532,0.58461,-0.89901,1.02385,229.123504,1.75536,134.43344,-20.10996,3.85746,-0.74687,0.14125,-0.02585,0.0039,-3.2e-4,2.04455,17.24903,-10.56602,-0.30592,0.18574,-0.05309,0.01353,-0.00225,1.9e-4,0.41334,-6.39628,10.3191,-2.66107,0.65735,-0.15116,0.03159,-0.00509,4.3e-4,NA,NA,NA,NA,NA,NA,NA,NA,NA,NA,NA,NA,NA,NA,NA,NA,NA,NA,NA,NA,NA,NA,High,High,High,High,High,NA,NA,NA,NA,NA,NA,NA,NA,NA,NA,NA,NA,NA,NA,NA,NA,NA,NA,NA,NA,NA,NA,NA,NA,NA,NA,NA,NA,NA,NA,NA,NA,NA,NA,NA,NA,NA,NA,NA,NA,NA,NA,NA,NA,NA,NA,NA,NA,NA,NA,NA,NA,NA,NA,NA
NA,NA,NA,NA,NA,NA,NA,NA,NA,NA,NA,NA,NA,NA,NA,NA,8,2025-09-11,15:26:23,NA,NA,NA,NA,Undefined,GEO_PAT,"Canody, Andrew",1000415298,Right,GEO_PAT,Undefined,1,Bottom,0,0,0,Undefined,Curveball,Undefined,Undefined,Undefined,Undefined,0,0,NA,58.70095,1.096969,-0.973976,2456.321945,80.742421,08:45:00,4.04519,1.34744,27.39953,-28.63714,-0.84902,-8.5791,2.26572,0.09371,55.86599,-7.643925,-3.560492,0.379403,80.19171,26.121305,13.452936,4182.160508,103.98511,42.81384,35.87614,243.09149,243.09149,27.325779,3.602316,11.95725,-1.1785,-1.46626,50,3.1228,-0.30872,-88.59734,7.98055,9.45854,13.22507,-33.10629,GEO_PAT,NA,SpuhlerFieldMain,NA,NA,20250911-SpuhlerFieldMain-BP-6,340df250-8f45-11f0-b7ac-41d3680bab53,99.34668,45.67439,NA,2.83496,NA,NA,NA,1.78663,2.39167,-0.1276,03ab26eb-edd9-4a16-9496-de4f18636748,2025-09-11,19:26:23,2025-09-11T19:26:23Z,2025-09-11T19:26:23Z,LineDrive,v3,471300,NA,NA,NA,NA,Undefined,GEO_PAT,5368d4fa-d5f6-4437-adae-7bbd2d7121ee,33.10947,-86.03913,6.61254,4.04715,1.57659,-16.55314,-1.34902,1.52091,4.72927,220.984236,1.78684,102.69724,-23.02557,5.4498,-1.09819,0.17469,-0.01681,1.6e-4,1e-4,2.39139,51.79114,-16.52106,0.69738,-0.09405,0.04679,-0.01995,0.0043,-3.5e-4,-0.12765,24.56926,4.24797,-1.38104,0.36457,-0.08134,0.01438,-0.00173,1e-4,NA,NA,NA,NA,NA,NA,NA,NA,NA,NA,NA,NA,NA,NA,NA,NA,NA,NA,NA,NA,NA,NA,High,High,High,High,High,NA,NA,NA,NA,NA,NA,NA,NA,NA,NA,NA,NA,NA,NA,NA,NA,NA,NA,NA,NA,NA,NA,NA,NA,NA,NA,NA,NA,NA,NA,NA,NA,NA,NA,NA,NA,NA,NA,NA,NA,NA,NA,NA,NA,NA,NA,NA,NA,NA,NA,NA,NA,NA,NA,NA
NA,NA,NA,NA,NA,NA,NA,NA,NA,NA,NA,NA,NA,NA,NA,NA,9,2025-09-11,15:26:29,NA,NA,NA,NA,Undefined,GEO_PAT,"Canody, Andrew",1000415298,Right,GEO_PAT,Undefined,1,Bottom,0,0,0,Undefined,Curveball,Undefined,Undefined,Undefined,Undefined,0,0,NA,65.24658,-1.543493,0.317375,1664.093564,190.6116,12:15:00,3.64153,-0.60623,25.2629,-16.36544,9.17095,1.62413,1.36615,-0.28349,62.09143,-6.263665,0.776104,0.363706,NA,NA,NA,NA,NA,NA,NA,NA,NA,NA,NA,-1.95417,12.2352,0.66713,50,3.7989,-0.251,-97.71569,0.51399,-1.90661,14.08483,-20.23651,GEO_PAT,NA,SpuhlerFieldMain,NA,NA,20250911-SpuhlerFieldMain-BP-6,37bec550-8f45-11f0-b7ac-41d3680bab53,103.63425,NA,NA,3.15516,NA,NA,NA,NA,NA,NA,03ab26eb-edd9-4a16-9496-de4f18636748,2025-09-11,19:26:29,2025-09-11T19:26:29Z,2025-09-11T19:26:29Z,NA,v3,471300,NA,NA,NA,NA,Undefined,GEO_PAT,e901d1ee-8dcb-4a0f-ad49-2ff8742b954b,35.24417,-95.5651,7.04241,3.64149,-2.57588,-10.11825,0.60657,-0.54211,-0.95331,NA,NA,NA,NA,NA,NA,NA,NA,NA,NA,NA,NA,NA,NA,NA,NA,NA,NA,NA,NA,NA,NA,NA,NA,NA,NA,NA,NA,NA,NA,NA,NA,NA,NA,NA,NA,NA,NA,NA,NA,NA,NA,NA,NA,NA,NA,NA,NA,NA,NA,High,High,High,NA,NA,NA,NA,NA,NA,NA,NA,NA,NA,NA,NA,NA,NA,NA,NA,NA,NA,NA,NA,NA,NA,NA,NA,NA,NA,NA,NA,NA,NA,NA,NA,NA,NA,NA,NA,NA,NA,NA,NA,NA,NA,NA,NA,NA,NA,NA,NA,NA,NA,NA,NA,NA,NA,NA,NA,NA
NA,NA,NA,NA,NA,NA,NA,NA,NA,NA,NA,NA,NA,NA,NA,NA,10,2025-09-11,15:26:50,NA,NA,NA,NA,Undefined,GEO_PAT,"Canody, Andrew",1000415298,Right,GEO_PAT,Undefined,1,Bottom,0,0,0,Undefined,Curveball,Undefined,Undefined,Undefined,Undefined,0,0,NA,64.1587,-1.548037,0.370631,1724.48258,167.083353,11:30:00,3.63751,-0.59506,25.42582,-19.04261,6.94233,-1.48807,1.14075,-0.50128,61.54014,-7.027518,-0.051905,0.366887,NA,NA,NA,NA,NA,NA,NA,NA,NA,NA,NA,1.9928,9.46189,0.71251,50,3.75281,-0.89756,-95.93902,1.08941,1.89126,12.302,-23.19423,GEO_PAT,NA,SpuhlerFieldMain,NA,NA,20250911-SpuhlerFieldMain-BP-6,446a54e0-8f45-11f0-b7ac-41d3680bab53,102.73587,NA,NA,2.61856,NA,NA,NA,NA,NA,NA,03ab26eb-edd9-4a16-9496-de4f18636748,2025-09-11,19:26:50,2025-09-11T19:26:50Z,2025-09-11T19:26:50Z,NA,v3,471300,NA,NA,NA,NA,Undefined,GEO_PAT,0ba53486-c26d-4730-9858-3ceda5558ab6,35.08252,-94.00673,6.151,3.63781,-2.55373,-11.59712,0.59486000000000006,-0.60049,0.94563,NA,NA,NA,NA,NA,NA,NA,NA,NA,NA,NA,NA,NA,NA,NA,NA,NA,NA,NA,NA,NA,NA,NA,NA,NA,NA,NA,NA,NA,NA,NA,NA,NA,NA,NA,NA,NA,NA,NA,NA,NA,NA,NA,NA,NA,NA,NA,NA,NA,NA,High,High,High,NA,NA,NA,NA,NA,NA,NA,NA,NA,NA,NA,NA,NA,NA,NA,NA,NA,NA,NA,NA,NA,NA,NA,NA,NA,NA,NA,NA,NA,NA,NA,NA,NA,NA,NA,NA,NA,NA,NA,NA,NA,NA,NA,NA,NA,NA,NA,NA,NA,NA,NA,NA,NA,NA,NA,NA,NA
NA,NA,NA,NA,NA,NA,NA,NA,NA,NA,NA,NA,NA,NA,NA,NA,11,2025-09-11,15:26:57,NA,NA,NA,NA,Undefined,GEO_PAT,"Canody, Andrew",1000415298,Right,GEO_PAT,Undefined,1,Bottom,0,0,0,Undefined,Curveball,Undefined,Undefined,Undefined,Undefined,0,0,NA,64.47641,-0.479615,0.915651,1600.349535,173.81981,11:45:00,3.71472,-0.55971,26.15182,-18.92375,5.6489,-0.56756,1.86196,-0.08052,61.85927,-6.049584,0.751041,0.356778,NA,NA,NA,NA,NA,NA,NA,NA,NA,NA,NA,0.95264,7.91205,0.81864,50,3.51882,-1.65611,-96.46035,3.21203,0.91616,12.09022,-24.56501,GEO_PAT,NA,SpuhlerFieldMain,NA,NA,20250911-SpuhlerFieldMain-BP-6,48997fa0-8f45-11f0-b7ac-41d3680bab53,105.64686,NA,NA,2.61714,NA,NA,NA,NA,NA,NA,03ab26eb-edd9-4a16-9496-de4f18636748,2025-09-11,19:26:57,2025-09-11T19:26:57Z,2025-09-11T19:26:57Z,NA,v3,471300,NA,NA,NA,NA,Undefined,GEO_PAT,cdd8f92f-a782-438b-8d30-547a28d5cb9b,34.35591,-94.4792,6.04511,3.71535,-0.8133,-12.2825,0.55956,-1.50598,0.45808,NA,NA,NA,NA,NA,NA,NA,NA,NA,NA,NA,NA,NA,NA,NA,NA,NA,NA,NA,NA,NA,NA,NA,NA,NA,NA,NA,NA,NA,NA,NA,NA,NA,NA,NA,NA,NA,NA,NA,NA,NA,NA,NA,NA,NA,NA,NA,NA,NA,NA,High,High,High,NA,NA,NA,NA,NA,NA,NA,NA,NA,NA,NA,NA,NA,NA,NA,NA,NA,NA,NA,NA,NA,NA,NA,NA,NA,NA,NA,NA,NA,NA,NA,NA,NA,NA,NA,NA,NA,NA,NA,NA,NA,NA,NA,NA,NA,NA,NA,NA,NA,NA,NA,NA,NA,NA,NA,NA,NA
NA,NA,NA,NA,NA,NA,NA,NA,NA,NA,NA,NA,NA,NA,NA,NA,12,2025-09-11,15:27:05,NA,NA,NA,NA,Undefined,GEO_PAT,"Canody, Andrew",1000415298,Right,GEO_PAT,Undefined,1,Bottom,0,0,0,Undefined,Slider,Undefined,Undefined,Undefined,Undefined,0,0,NA,65.2632,0.157826,0.38755,1554.299385,167.081564,11:30:00,3.84269,-0.61181,26.24451,-16.68851,7.42784,-1.59173,2.54247,-0.52227,61.79052,-4.814726,-0.075192,0.353449,NA,NA,NA,NA,NA,NA,NA,NA,NA,NA,NA,2.23539,10.13264,0.74365,50,3.50717,-0.99064,-98.14536,3.8763,2.18221,15.41205,-22.28255,GEO_PAT,NA,SpuhlerFieldMain,NA,NA,20250911-SpuhlerFieldMain-BP-6,4d380e00-8f45-11f0-b7ac-41d3680bab53,106.64174,NA,NA,3.47268,NA,NA,NA,NA,NA,NA,03ab26eb-edd9-4a16-9496-de4f18636748,2025-09-11,19:27:05,2025-09-11T19:27:05Z,2025-09-11T19:27:05Z,NA,v3,471300,NA,NA,NA,NA,Undefined,GEO_PAT,62d1a308-53bb-4872-93e1-0e78079a7ab1,34.26344,-95.64229,7.70602,3.84285,0.25739,-11.14127,0.61155,-0.63623,1.09111,NA,NA,NA,NA,NA,NA,NA,NA,NA,NA,NA,NA,NA,NA,NA,NA,NA,NA,NA,NA,NA,NA,NA,NA,NA,NA,NA,NA,NA,NA,NA,NA,NA,NA,NA,NA,NA,NA,NA,NA,NA,NA,NA,NA,NA,NA,NA,NA,NA,NA,High,High,High,NA,NA,NA,NA,NA,NA,NA,NA,NA,NA,NA,NA,NA,NA,NA,NA,NA,NA,NA,NA,NA,NA,NA,NA,NA,NA,NA,NA,NA,NA,NA,NA,NA,NA,NA,NA,NA,NA,NA,NA,NA,NA,NA,NA,NA,NA,NA,NA,NA,NA,NA,NA,NA,NA,NA,NA,NA
NA,NA,NA,NA,NA,NA,NA,NA,NA,NA,NA,NA,NA,NA,NA,NA,13,2025-09-11,15:27:11,NA,NA,NA,NA,Undefined,GEO_PAT,"Canody, Andrew",1000415298,Right,GEO_PAT,Undefined,1,Bottom,0,0,0,Undefined,Curveball,Undefined,Undefined,Undefined,Undefined,0,0,NA,58.06303,0.807064,-1.363747,2481.45934,75.780956,08:30:00,4.01023,1.24616,27.17597,-30.87348,-2.04784,-10.30709,1.88718,-0.37259,55.38224,-8.526919,-4.448817,0.386421,NA,NA,NA,NA,NA,NA,NA,NA,NA,NA,NA,14.08682,-2.73921,-1.44994,50,3.15856,-0.00504,-87.62996,7.73431,10.89149,13.03889,-34.29192,GEO_PAT,NA,SpuhlerFieldMain,NA,NA,20250911-SpuhlerFieldMain-BP-6,50996170-8f45-11f0-b7ac-41d3680bab53,97.54239,NA,NA,2.6808,NA,NA,NA,NA,NA,NA,03ab26eb-edd9-4a16-9496-de4f18636748,2025-09-11,19:27:11,2025-09-11T19:27:11Z,2025-09-11T19:27:11Z,NA,v3,471300,NA,NA,NA,NA,Undefined,GEO_PAT,9899c97f-4322-4726-b8d0-d77f985f7df9,33.33343,-85.11394,6.51944,4.01257,1.11724,-17.14596,-1.24814,2.09662,5.44574,NA,NA,NA,NA,NA,NA,NA,NA,NA,NA,NA,NA,NA,NA,NA,NA,NA,NA,NA,NA,NA,NA,NA,NA,NA,NA,NA,NA,NA,NA,NA,NA,NA,NA,NA,NA,NA,NA,NA,NA,NA,NA,NA,NA,NA,NA,NA,NA,NA,NA,High,High,High,NA,NA,NA,NA,NA,NA,NA,NA,NA,NA,NA,NA,NA,NA,NA,NA,NA,NA,NA,NA,NA,NA,NA,NA,NA,NA,NA,NA,NA,NA,NA,NA,NA,NA,NA,NA,NA,NA,NA,NA,NA,NA,NA,NA,NA,NA,NA,NA,NA,NA,NA,NA,NA,NA,NA,NA,NA
NA,NA,NA,NA,NA,NA,NA,NA,NA,NA,NA,NA,NA,NA,NA,NA,14,2025-09-11,15:27:16,NA,NA,NA,NA,Undefined,GEO_PAT,"Canody, Andrew",1000415298,Right,GEO_PAT,Undefined,1,Bottom,0,0,0,Undefined,Curveball,Undefined,Undefined,Undefined,Undefined,0,0,NA,64.90611,0.083667,0.356879,1621.956328,182.79559,12:00:00,3.82841,-0.59241,26.35377,-16.34584,7.99626,0.36457,2.51407,-0.3581,61.15279,-4.818039,0.463232,0.3551,83.73054,14.857328,2.122872,1272.648806,109.72563,25.35392,7.76429,265.52276,265.52276,7.612974,2.763895,-0.37906,10.98398,0.68541,50,3.51461,-0.53558,-97.78272,3.68596,-0.36456,16.38168,-21.61052,GEO_PAT,NA,SpuhlerFieldMain,NA,NA,20250911-SpuhlerFieldMain-BP-6,53d308a0-8f45-11f0-b7ac-41d3680bab53,106.14608,27.27417,NA,3.75333,NA,NA,NA,NA,NA,NA,03ab26eb-edd9-4a16-9496-de4f18636748,2025-09-11,19:27:16,2025-09-11T19:27:16Z,2025-09-11T19:27:16Z,LineDrive,v3,471300,NA,NA,NA,NA,Undefined,GEO_PAT,d58def34-de75-47b3-b729-6a66e1ca046c,34.15322,-95.09083,8.19084,3.82853,0.13486,-10.80526,0.59248,-0.59548,-0.18228,221.027845,22.07759,118.61572,-18.61093,4.0825,-0.73602,0.06675,0.01578,-0.00681,8.2e-4,8.24935,31.49215,-13.17051,-0.03344,0.10253,0.05336,-0.04625,0.01428,-0.00163,0.88016,4.39725,6.17376,-2.21628,0.62324,-0.13909,0.02411,-0.00269,1.2e-4,NA,NA,NA,NA,NA,NA,NA,NA,NA,NA,NA,NA,NA,NA,NA,NA,NA,NA,NA,NA,NA,NA,High,High,High,High,High,NA,NA,NA,NA,NA,NA,NA,NA,NA,NA,NA,NA,NA,NA,NA,NA,NA,NA,NA,NA,NA,NA,NA,NA,NA,NA,NA,NA,NA,NA,NA,NA,NA,NA,NA,NA,NA,NA,NA,NA,NA,NA,NA,NA,NA,NA,NA,NA,NA,NA,NA,NA,NA,NA,NA
NA,NA,NA,NA,NA,NA,NA,NA,NA,NA,NA,NA,NA,NA,NA,NA,15,2025-09-11,15:27:21,NA,NA,NA,NA,Undefined,GEO_PAT,"Canody, Andrew",1000415298,Right,GEO_PAT,Undefined,1,Bottom,0,0,0,Undefined,Curveball,Undefined,Undefined,Undefined,Undefined,0,0,NA,58.99792,0.849879,-1.628308,2452.325583,78.498735,08:30:00,3.98824,1.25619,27.28044,-28.61805,-0.93622,-7.20882,2.07552,-0.24888,56.27396,-7.840755,-3.792459,0.378677,88.60562,10.996489,2.123987,1353.158267,109.63913,12.86977,8.90229,206.83137,153.82139,7.066033,1.928425,9.75095,-1.2098,-1.5943,50,3.15247,1.01541,-88.93196,7.54972,7.79653,12.94545,-33.14137,GEO_PAT,NA,SpuhlerFieldMain,NA,NA,20250911-SpuhlerFieldMain-BP-6,56d15480-8f45-11f0-b7ac-41d3680bab53,99.53724,12.88275,NA,2.72396,NA,NA,NA,1.79167,2.1831,0.25204,03ab26eb-edd9-4a16-9496-de4f18636748,2025-09-11,19:27:21,2025-09-11T19:27:21Z,2025-09-11T19:27:21Z,LineDrive,v3,471300,NA,NA,NA,NA,Undefined,GEO_PAT,8241f882-ff37-4887-ac24-4ae492c3aef4,33.22849,-86.45614,6.47272,3.99025,1.21142,-16.57069,-1.25751,2.5065,3.89826,240.581794,1.79167,127.48096,-13.60827,1.59965,-0.31987,0.06498,-0.01654,0.00403,-4.8e-4,2.1831,24.78871,-15.24994,1.14904,-0.17252,0.04941,-0.01334,0.00317,-3.9e-4,0.25204,4.72787,5.6787,-0.97202,0.23297,-0.10815,0.05845,-0.01933,0.00261,NA,NA,NA,NA,NA,NA,NA,NA,NA,NA,NA,NA,NA,NA,NA,NA,NA,NA,NA,NA,NA,NA,High,High,High,High,Medium,NA,NA,NA,NA,NA,NA,NA,NA,NA,NA,NA,NA,NA,NA,NA,NA,NA,NA,NA,NA,NA,NA,NA,NA,NA,NA,NA,NA,NA,NA,NA,NA,NA,NA,NA,NA,NA,NA,NA,NA,NA,NA,NA,NA,NA,NA,NA,NA,NA,NA,NA,NA,NA,NA,NA
NA,NA,NA,NA,NA,NA,NA,NA,NA,NA,NA,NA,NA,NA,NA,NA,16,2025-09-11,15:27:26,NA,NA,NA,NA,Undefined,GEO_PAT,"Canody, Andrew",1000415298,Right,GEO_PAT,Undefined,1,Bottom,0,0,0,Undefined,Changeup,Undefined,Undefined,Undefined,Undefined,0,0,NA,67.62389,0.475908,0.778136,1555.032891,178.59922,12:00:00,3.78153,-0.64745,18.54552,-21.80265,13.14859,-0.29854,2.30148,-0.12162,62.74163,-4.857016,0.707853,0.425503,84.55997,-9.031334,-7.416267,NA,NA,NA,NA,16.34764,16.34764,-6.663723,0.119488,0.49909,11.77654,0.75718,50,3.64846,-1.38315,-100.44556,2.46427,0.50524,17.66,-20.25269,GEO_PAT,NA,SpuhlerFieldMain,NA,NA,20250911-SpuhlerFieldMain-BP-6,59f37c10-8f45-11f0-b7ac-41d3680bab53,88.5832,2.67573,NA,4.88225,NA,NA,NA,2.11246,2.67573,-0.34726,03ab26eb-edd9-4a16-9496-de4f18636748,2025-09-11,19:27:26,2025-09-11T19:27:26Z,2025-09-11T19:27:26Z,GroundBall,v3,471300,NA,NA,NA,NA,Undefined,GEO_PAT,24dc6081-4f1b-4426-9d32-438038a87913,41.95976,-99.02186,8.83,3.78132,0.83156,-10.12634,0.64731,-1.34242,0.25262,302.841817,2.11273,121.42954,-26.97587,NA,NA,NA,NA,NA,NA,2.6763,-19.53055,-24.03694,NA,NA,NA,NA,NA,NA,-0.34795,-15.73354,23.22413,NA,NA,NA,NA,NA,NA,NA,NA,NA,NA,NA,NA,NA,NA,NA,NA,NA,NA,NA,NA,NA,NA,NA,NA,NA,NA,NA,NA,High,High,High,Low,High,NA,NA,NA,NA,NA,NA,NA,NA,NA,NA,NA,NA,NA,NA,NA,NA,NA,NA,NA,NA,NA,NA,NA,NA,NA,NA,NA,NA,NA,NA,NA,NA,NA,NA,NA,NA,NA,NA,NA,NA,NA,NA,NA,NA,NA,NA,NA,NA,NA,NA,NA,NA,NA,NA,NA
NA,NA,NA,NA,NA,NA,NA,NA,NA,NA,NA,NA,NA,NA,NA,NA,17,2025-09-11,15:27:31,NA,NA,NA,NA,Undefined,GEO_PAT,"Canody, Andrew",1000415298,Right,GEO_PAT,Undefined,1,Bottom,0,0,0,Undefined,Curveball,Undefined,Undefined,Undefined,Undefined,0,0,NA,57.57463,3.4912,-0.197988,2153.159905,83.351563,08:45:00,3.73676,1.42849,18.7302,-47.95692,-0.2672,-12.34339,2.20284,0.2604,53.94575,-8.071905,-3.116065,0.497031,70.96756,-18.399666,-38.284233,NA,NA,NA,NA,9.87304,3.89185,-31.173777,0.07574,10.85989,-0.74547,-1.43088,50,3.10011,-0.39528,-85.4148,8.19747,7.99082,12.20403,-32.72259,GEO_PAT,NA,SpuhlerFieldMain,NA,NA,20250911-SpuhlerFieldMain-BP-6,5d1ef270-8f45-11f0-b7ac-41d3680bab53,75.83513,2.49686,NA,3.62888,NA,NA,NA,2.55559,2.49686,-0.46021,03ab26eb-edd9-4a16-9496-de4f18636748,2025-09-11,19:27:31,2025-09-11T19:27:31Z,2025-09-11T19:27:31Z,GroundBall,v3,471300,NA,NA,NA,NA,Undefined,GEO_PAT,99391c0b-4b67-48a6-b3c0-f9cf08ea98c5,41.77762,-84.2318,6.10201,3.741,5.0255,-16.3613,-1.43166,0.37931,3.99541,NA,2.55236,77.79013,NA,NA,NA,NA,NA,NA,NA,2.49823,-32.96634,NA,NA,NA,NA,NA,NA,NA,-0.45766,-61.4002,NA,NA,NA,NA,NA,NA,NA,NA,NA,NA,NA,NA,NA,NA,NA,NA,NA,NA,NA,NA,NA,NA,NA,NA,NA,NA,NA,NA,NA,High,High,High,Low,Low,NA,NA,NA,NA,NA,NA,NA,NA,NA,NA,NA,NA,NA,NA,NA,NA,NA,NA,NA,NA,NA,NA,NA,NA,NA,NA,NA,NA,NA,NA,NA,NA,NA,NA,NA,NA,NA,NA,NA,NA,NA,NA,NA,NA,NA,NA,NA,NA,NA,NA,NA,NA,NA,NA,NA
NA,NA,NA,NA,NA,NA,NA,NA,NA,NA,NA,NA,NA,NA,NA,NA,18,2025-09-11,15:27:50,NA,NA,NA,NA,Undefined,GEO_PAT,"Canody, Andrew",1000415298,Right,GEO_PAT,Undefined,1,Bottom,0,0,0,Undefined,Curveball,Undefined,Undefined,Undefined,Undefined,0,0,NA,63.87486,-0.111845,0.45629,1766.332503,165.229108,11:30:00,3.81937,-0.58597,26.30688,-15.81528,9.138,-2.28701,2.43742,-0.51544,60.78918,-4.830795,-0.20994,0.35953,NA,NA,NA,NA,NA,NA,NA,NA,NA,NA,NA,3.18784,12.55859,0.74916,50,3.56594,-1.23046,-95.86495,3.21848,2.99413,13.53085,-20.37859,GEO_PAT,NA,SpuhlerFieldMain,NA,NA,20250911-SpuhlerFieldMain-BP-6,67d9fca0-8f45-11f0-b7ac-41d3680bab53,104.8381,NA,NA,3.08568,NA,NA,NA,NA,NA,NA,03ab26eb-edd9-4a16-9496-de4f18636748,2025-09-11,19:27:50,2025-09-11T19:27:50Z,2025-09-11T19:27:50Z,NA,v3,471300,NA,NA,NA,NA,Undefined,GEO_PAT,04ff66e7-f799-449b-8bb8-14be18a25dba,34.20106,-93.60845,6.76543,3.8193,-0.17999,-10.18929,0.58559,-0.73114,1.49707,NA,NA,NA,NA,NA,NA,NA,NA,NA,NA,NA,NA,NA,NA,NA,NA,NA,NA,NA,NA,NA,NA,NA,NA,NA,NA,NA,NA,NA,NA,NA,NA,NA,NA,NA,NA,NA,NA,NA,NA,NA,NA,NA,NA,NA,NA,NA,NA,NA,NA,High,High,High,NA,NA,NA,NA,NA,NA,NA,NA,NA,NA,NA,NA,NA,NA,NA,NA,NA,NA,NA,NA,NA,NA,NA,NA,NA,NA,NA,NA,NA,NA,NA,NA,NA,NA,NA,NA,NA,NA,NA,NA,NA,NA,NA,NA,NA,NA,NA,NA,NA,NA,NA,NA,NA,NA,NA,NA,NA
NA,NA,NA,NA,NA,NA,NA,NA,NA,NA,NA,NA,NA,NA,NA,NA,19,2025-09-11,15:27:55,NA,NA,NA,NA,Undefined,GEO_PAT,"Canody, Andrew",1000415298,Right,GEO_PAT,Undefined,1,Bottom,0,0,0,Undefined,Changeup,Undefined,Undefined,Undefined,Undefined,0,0,NA,64.464,0.690981,0.524819,1465.292902,158.565153,11:15:00,3.92309,-0.5742,26.99642,-16.51158,6.81741,-2.52732,2.93424,-0.4908,61.69637,-4.31849,-0.227115,0.347632,NA,NA,NA,NA,NA,NA,NA,NA,NA,NA,NA,3.67032,9.63792,0.77328,50,3.38698,-1.4608,-96.62711,5.08317,3.53434,12.4436,-22.89323,GEO_PAT,NA,SpuhlerFieldMain,NA,NA,20250911-SpuhlerFieldMain-BP-6,6ad143a0-8f45-11f0-b7ac-41d3680bab53,108.42636,NA,NA,2.76763,NA,NA,NA,NA,NA,NA,03ab26eb-edd9-4a16-9496-de4f18636748,2025-09-11,19:27:55,2025-09-11T19:27:55Z,2025-09-11T19:27:55Z,NA,v3,471300,NA,NA,NA,NA,Undefined,GEO_PAT,3a3f1426-3280-43fb-b13d-0e52a1547c54,33.51195,-94.47993,6.2218,3.92327,1.13287,-11.44661,0.57384,-0.85094,1.76717,NA,NA,NA,NA,NA,NA,NA,NA,NA,NA,NA,NA,NA,NA,NA,NA,NA,NA,NA,NA,NA,NA,NA,NA,NA,NA,NA,NA,NA,NA,NA,NA,NA,NA,NA,NA,NA,NA,NA,NA,NA,NA,NA,NA,NA,NA,NA,NA,NA,NA,High,High,High,NA,NA,NA,NA,NA,NA,NA,NA,NA,NA,NA,NA,NA,NA,NA,NA,NA,NA,NA,NA,NA,NA,NA,NA,NA,NA,NA,NA,NA,NA,NA,NA,NA,NA,NA,NA,NA,NA,NA,NA,NA,NA,NA,NA,NA,NA,NA,NA,NA,NA,NA,NA,NA,NA,NA,NA,NA
NA,NA,NA,NA,NA,NA,NA,NA,NA,NA,NA,NA,NA,NA,NA,NA,20,2025-09-11,15:28:09,NA,NA,NA,NA,Undefined,GEO_PAT,"Canody, Andrew",1000415298,Right,GEO_PAT,Undefined,1,Bottom,0,0,0,Undefined,Curveball,Undefined,Undefined,Undefined,Undefined,0,0,NA,63.58606,0.436807,0.93902,1721.289584,176.921091,12:00:00,3.92692,-0.54527,26.92325,-16.0141,8.51552,-0.42878,2.8377,-0.05372,59.79497,-4.460179,0.811768,0.356465,22.48094,-23.563536,-46.365766,NA,NA,NA,NA,9.95878,4.42483,-29.023354,0.218199,0.88406,11.96379,0.82185,50,3.48515,-1.66495,-95.99482,4.37931,0.81581,16.39341,-21.13387,GEO_PAT,NA,SpuhlerFieldMain,NA,NA,20250911-SpuhlerFieldMain-BP-6,73ad7bb0-8f45-11f0-b7ac-41d3680bab53,105.73947,2.99594,NA,3.79109,NA,NA,NA,3.96764,2.99594,0.14043,03ab26eb-edd9-4a16-9496-de4f18636748,2025-09-11,19:28:09,2025-09-11T19:28:09Z,2025-09-11T19:28:09Z,GroundBall,v3,471300,NA,NA,NA,NA,Undefined,GEO_PAT,a3c962d3-379d-4860-8ee5-b8571f4df27e,33.58409,-93.14924,8.1967,3.92693,0.71088,-10.56693,0.54514,-1.52334,0.40791,NA,3.93708,21.72575,NA,NA,NA,NA,NA,NA,NA,3.01525,-13.73126,NA,NA,NA,NA,NA,NA,NA,0.17249,-22.787,NA,NA,NA,NA,NA,NA,NA,NA,NA,NA,NA,NA,NA,NA,NA,NA,NA,NA,NA,NA,NA,NA,NA,NA,NA,NA,NA,NA,NA,High,High,High,Low,Low,NA,NA,NA,NA,NA,NA,NA,NA,NA,NA,NA,NA,NA,NA,NA,NA,NA,NA,NA,NA,NA,NA,NA,NA,NA,NA,NA,NA,NA,NA,NA,NA,NA,NA,NA,NA,NA,NA,NA,NA,NA,NA,NA,NA,NA,NA,NA,NA,NA,NA,NA,NA,NA,NA,NA
NA,NA,NA,NA,NA,NA,NA,NA,NA,NA,NA,NA,NA,NA,NA,NA,21,2025-09-11,15:28:17,NA,NA,NA,NA,Undefined,GEO_PAT,"Canody, Andrew",1000415298,Right,GEO_PAT,Undefined,1,Bottom,0,0,0,Undefined,Curveball,Undefined,Undefined,Undefined,Undefined,0,0,NA,56.69145,3.519479,0.221236,2204.457548,79.222993,08:45:00,3.72497,1.41948,18.74557,-50.56723,-1.28874,-13.35658,1.99259,0.46223,53.04216,-8.675302,-2.938705,0.505243,81.84079,30.728667,-7.753803,2782.721935,109.69327,55.77611,-8.20814,278.17032,276.65286,1.77184,4.389654,11.94036,-1.74973,-1.35843,50,3.07506,-1.06925,-84.15624,8.2813,8.49522,12.26563,-33.41892,GEO_PAT,NA,SpuhlerFieldMain,NA,NA,20250911-SpuhlerFieldMain-BP-6,78399380-8f45-11f0-b7ac-41d3680bab53,74.60265,64.89044,NA,3.64929,NA,NA,NA,2.14366,2.172,-0.50494000000000006,03ab26eb-edd9-4a16-9496-de4f18636748,2025-09-11,19:28:17,2025-09-11T19:28:17Z,2025-09-11T19:28:17Z,FlyBall,v3,471300,NA,NA,NA,NA,Undefined,GEO_PAT,da37b5a2-1803-4dee-abd1-c00d32218097,41.76269,-82.94697,6.13282,3.72909,4.98654,-16.70946,-1.42256,-0.23171,4.24761,205.731938,2.14311,102.25251,-19.50109,4.83222,-1.1784,0.30717,-0.06731,0.009,-5.1e-4,2.17328,61.29805,-15.83047,0.09326,0.45998,-0.26057,0.07278,-0.01007,5.5e-4,-0.50484,-13.92451,8.31297,-2.19204,0.54685,-0.13887,0.02914,-0.00378,2.1e-4,NA,NA,NA,NA,NA,NA,NA,NA,NA,NA,NA,NA,NA,NA,NA,NA,NA,NA,NA,NA,NA,NA,High,High,High,High,Medium,NA,NA,NA,NA,NA,NA,NA,NA,NA,NA,NA,NA,NA,NA,NA,NA,NA,NA,NA,NA,NA,NA,NA,NA,NA,NA,NA,NA,NA,NA,NA,NA,NA,NA,NA,NA,NA,NA,NA,NA,NA,NA,NA,NA,NA,NA,NA,NA,NA,NA,NA,NA,NA,NA,NA
NA,NA,NA,NA,NA,NA,NA,NA,NA,NA,NA,NA,NA,NA,NA,NA,22,2025-09-11,15:28:24,NA,NA,NA,NA,Undefined,GEO_PAT,"Canody, Andrew",1000415298,Right,GEO_PAT,Undefined,1,Bottom,0,0,0,Undefined,Curveball,Undefined,Undefined,Undefined,Undefined,0,0,NA,63.40898,0.205808,1.155203,1817.38773,170.465824,11:45:00,3.86365,-0.52818,26.56602,-17.03147,8.07811,-1.26882,2.56122,0.02199,59.92359,-4.925285,0.782767,0.360654,NA,NA,NA,NA,NA,NA,NA,NA,NA,NA,NA,2.04823,11.21229,0.87301,50,3.48996,-2.18472,-95.45996,4.05574,1.88483,15.06864,-21.85614,GEO_PAT,NA,SpuhlerFieldMain,NA,NA,20250911-SpuhlerFieldMain-BP-6,7c5424d0-8f45-11f0-b7ac-41d3680bab53,104.51126,NA,NA,3.48538,NA,NA,NA,NA,NA,NA,03ab26eb-edd9-4a16-9496-de4f18636748,2025-09-11,19:28:24,2025-09-11T19:28:24Z,2025-09-11T19:28:24Z,NA,v3,471300,NA,NA,NA,NA,Undefined,GEO_PAT,f6cded26-8797-4976-ad73-bf5e9ab1f1dc,33.94136,-92.89048,7.53432,3.86379,0.32886,-10.92807,0.52787,-1.86332,0.94242,NA,NA,NA,NA,NA,NA,NA,NA,NA,NA,NA,NA,NA,NA,NA,NA,NA,NA,NA,NA,NA,NA,NA,NA,NA,NA,NA,NA,NA,NA,NA,NA,NA,NA,NA,NA,NA,NA,NA,NA,NA,NA,NA,NA,NA,NA,NA,NA,NA,NA,High,High,High,NA,NA,NA,NA,NA,NA,NA,NA,NA,NA,NA,NA,NA,NA,NA,NA,NA,NA,NA,NA,NA,NA,NA,NA,NA,NA,NA,NA,NA,NA,NA,NA,NA,NA,NA,NA,NA,NA,NA,NA,NA,NA,NA,NA,NA,NA,NA,NA,NA,NA,NA,NA,NA,NA,NA,NA,NA
NA,NA,NA,NA,NA,NA,NA,NA,NA,NA,NA,NA,NA,NA,NA,NA,23,2025-09-11,15:28:33,NA,NA,NA,NA,Undefined,GEO_PAT,"Canody, Andrew",1000415298,Right,GEO_PAT,Undefined,1,Bottom,0,0,0,Undefined,Curveball,Undefined,Undefined,Undefined,Undefined,0,0,NA,58.43491,0.796754,-1.153034,2591.120478,74.177516,08:30:00,4.04661,1.28032,27.26144,-30.28403,-1.77772,-8.50083,1.96571,-0.06876,55.29051,-8.411351,-3.705758,0.384275,93.43277,21.080202,10.300175,3447.800976,106.1486,36.60191,28.85255,310.50188000000003,310.50188000000003,24.961858,3.735399,11.54587,-2.2915,-1.46087,50,3.20975,0.06267,-88.45725,7.63063,8.99168,14.63128,-33.95863,GEO_PAT,NA,SpuhlerFieldMain,NA,NA,20250911-SpuhlerFieldMain-BP-6,81b3b940-8f45-11f0-b7ac-41d3680bab53,98.08723,44.71903,NA,3.1444,NA,NA,NA,1.30454,1.91671,0.09857,03ab26eb-edd9-4a16-9496-de4f18636748,2025-09-11,19:28:33,2025-09-11T19:28:33Z,2025-09-11T19:28:33Z,LineDrive,v3,471300,NA,NA,NA,NA,Undefined,GEO_PAT,0dbdff51-2648-409b-86fd-169ee969248e,33.24723,-85.64144,7.31564,4.04941,1.09524,-16.97931,-1.2823,1.79313,4.49584,229.406181,1.30428,125.81,-24.96951,5.46953,-1.10762,0.1944,-0.02623,0.00195,-2e-5,1.91711,49.2765,-14.78276,0.25734,0.06611,-0.00313,-0.00884,0.00332,-3.5e-4,0.09913,22.84634,8.41688,-2.993,0.85186,-0.20493,0.03793,-0.00429,2.1e-4,NA,NA,NA,NA,NA,NA,NA,NA,NA,NA,NA,NA,NA,NA,NA,NA,NA,NA,NA,NA,NA,NA,High,High,High,High,High,NA,NA,NA,NA,NA,NA,NA,NA,NA,NA,NA,NA,NA,NA,NA,NA,NA,NA,NA,NA,NA,NA,NA,NA,NA,NA,NA,NA,NA,NA,NA,NA,NA,NA,NA,NA,NA,NA,NA,NA,NA,NA,NA,NA,NA,NA,NA,NA,NA,NA,NA,NA,NA,NA,NA
NA,NA,NA,NA,NA,NA,NA,NA,NA,NA,NA,NA,NA,NA,NA,NA,24,2025-09-11,15:28:40,NA,NA,NA,NA,Undefined,GEO_PAT,"Canody, Andrew",1000415298,Right,GEO_PAT,Undefined,1,Bottom,0,0,0,Undefined,Slider,Undefined,Undefined,Undefined,Undefined,0,0,NA,64.38337,0.873482,0.545095,1489.742843,175.010264,11:45:00,4.05388,-0.49282,27.47012,-15.79812,6.98241,-0.575,3.21953,-0.23987,61.39023,-4.002562,0.371513,0.343521,93.10063,28.535811,-5.235125,3269.255604,109.88125,59.71864,-5.10786,339.60611,339.27537,4.026766,5.327008,0.95988,10.10004,0.66587,50,3.44507,-1.05699,-96.72202,5.42657,0.9202,13.39297,-22.4916,GEO_PAT,NA,SpuhlerFieldMain,NA,NA,20250911-SpuhlerFieldMain-BP-6,86120a50-8f45-11f0-b7ac-41d3680bab53,109.72382,85.8758,NA,2.99314,NA,NA,NA,1.87892,3.35906,0.25779,03ab26eb-edd9-4a16-9496-de4f18636748,2025-09-11,19:28:40,2025-09-11T19:28:40Z,2025-09-11T19:28:40Z,FlyBall,v3,471300,NA,NA,NA,NA,Undefined,GEO_PAT,68c2434d-5ec5-45c2-b288-44905d15aaba,33.03787,-94.34406,6.69648,4.05405,1.43313,-11.2458,0.4927,-0.8936,0.4601,195.381595,1.88069,119.4278,-25.29836,5.95126,-1.21516,0.22325,-0.03445,0.00359,-1.7e-4,3.36032,65.19703,-12.68143,-0.69504,0.56345,-0.21985,0.05024,-0.00599,2.9e-4,0.2573,-10.9369,7.00809,-1.67947,0.34849,-0.06439,0.00982,-0.001,5e-5,NA,NA,NA,NA,NA,NA,NA,NA,NA,NA,NA,NA,NA,NA,NA,NA,NA,NA,NA,NA,NA,NA,High,High,High,High,High,NA,NA,NA,NA,NA,NA,NA,NA,NA,NA,NA,NA,NA,NA,NA,NA,NA,NA,NA,NA,NA,NA,NA,NA,NA,NA,NA,NA,NA,NA,NA,NA,NA,NA,NA,NA,NA,NA,NA,NA,NA,NA,NA,NA,NA,NA,NA,NA,NA,NA,NA,NA,NA,NA,NA
NA,NA,NA,NA,NA,NA,NA,NA,NA,NA,NA,NA,NA,NA,NA,NA,25,2025-09-11,15:28:47,NA,NA,NA,NA,Undefined,GEO_PAT,"Canody, Andrew",1000415298,Right,GEO_PAT,Undefined,1,Bottom,0,0,0,Undefined,Other,Undefined,Undefined,Undefined,Undefined,0,0,NA,58.39114,3.659342,0.42131,2191.362916,73.98367,08:30:00,3.74138,1.42329,18.8003,-48.63424,-2.55169,-12.70402,2.26551,0.66091,54.82114,-8.069637,-2.587972,0.488585,NA,NA,NA,NA,NA,NA,NA,NA,NA,NA,NA,11.78044,-3.35536,-1.32669,50,3.06096,-1.44476,-86.62695,8.74978,8.9399,12.24873,-34.72035,GEO_PAT,NA,SpuhlerFieldMain,NA,NA,20250911-SpuhlerFieldMain-BP-6,89ffbf40-8f45-11f0-b7ac-41d3680bab53,77.14619,NA,NA,3.56999,NA,NA,NA,NA,NA,NA,03ab26eb-edd9-4a16-9496-de4f18636748,2025-09-11,19:28:47,2025-09-11T19:28:47Z,2025-09-11T19:28:47Z,NA,v3,471300,NA,NA,NA,NA,Undefined,GEO_PAT,d293307e-8e3d-49fe-86ed-e3ebcf6b43df,41.70903,-85.4466,6.12436,3.74292,5.40394,-17.36018,-1.42441,-0.58327,4.46995,NA,NA,NA,NA,NA,NA,NA,NA,NA,NA,NA,NA,NA,NA,NA,NA,NA,NA,NA,NA,NA,NA,NA,NA,NA,NA,NA,NA,NA,NA,NA,NA,NA,NA,NA,NA,NA,NA,NA,NA,NA,NA,NA,NA,NA,NA,NA,NA,NA,NA,High,High,High,NA,NA,NA,NA,NA,NA,NA,NA,NA,NA,NA,NA,NA,NA,NA,NA,NA,NA,NA,NA,NA,NA,NA,NA,NA,NA,NA,NA,NA,NA,NA,NA,NA,NA,NA,NA,NA,NA,NA,NA,NA,NA,NA,NA,NA,NA,NA,NA,NA,NA,NA,NA,NA,NA,NA,NA,NA
NA,NA,NA,NA,NA,NA,NA,NA,NA,NA,NA,NA,NA,NA,NA,NA,26,2025-09-11,15:29:19,NA,NA,NA,NA,Undefined,GEO_PAT,"Canody, Andrew",1000415298,Right,GEO_PAT,Undefined,1,Bottom,0,0,0,Undefined,Changeup,Undefined,Undefined,Undefined,Undefined,0,0,NA,65.91509,-0.190409,0.502281,1595.14095,162.577469,11:30:00,3.83398,-0.60191,26.29079,-15.60698,7.99142,-2.355,2.42439,-0.51059,62.35123,-4.853809,-0.183343,0.349633,17.39049,-19.343789,-14.842987,NA,NA,NA,NA,11.1044,5.41116,-6.600792,0.287575,3.29043,11.00851,0.77783,50,3.61016,-1.35769,-99.16346,3.09918,3.27422,15.95484,-21.21976,GEO_PAT,NA,SpuhlerFieldMain,NA,NA,20250911-SpuhlerFieldMain-BP-6,9d329a60-8f45-11f0-b7ac-41d3680bab53,107.80565,2.57299,NA,3.56386,NA,NA,NA,3.94603,2.57299,0.6011,03ab26eb-edd9-4a16-9496-de4f18636748,2025-09-11,19:29:19,2025-09-11T19:29:19Z,2025-09-11T19:29:19Z,GroundBall,v3,471300,NA,NA,NA,NA,Undefined,GEO_PAT,853a770c-4092-4ffa-acd0-5698760eff75,34.21698,-96.59069,7.97742,3.83402,-0.32259,-10.60988,0.60147,-0.82971,1.63711,180,3.88248,24.63627,NA,NA,NA,NA,NA,NA,NA,2.59607,-8.9472,NA,NA,NA,NA,NA,NA,NA,0.61794,-6.52896,NA,NA,NA,NA,NA,NA,NA,NA,NA,NA,NA,NA,NA,NA,NA,NA,NA,NA,NA,NA,NA,NA,NA,NA,NA,NA,NA,NA,NA,High,High,High,Low,Low,NA,NA,NA,NA,NA,NA,NA,NA,NA,NA,NA,NA,NA,NA,NA,NA,NA,NA,NA,NA,NA,NA,NA,NA,NA,NA,NA,NA,NA,NA,NA,NA,NA,NA,NA,NA,NA,NA,NA,NA,NA,NA,NA,NA,NA,NA,NA,NA,NA,NA,NA,NA,NA,NA,NA
NA,NA,NA,NA,NA,NA,NA,NA,NA,NA,NA,NA,NA,NA,NA,NA,27,2025-09-11,15:29:26,NA,NA,NA,NA,Undefined,GEO_PAT,"Canody, Andrew",1000415298,Right,GEO_PAT,Undefined,1,Bottom,0,0,0,Undefined,Curveball,Undefined,Undefined,Undefined,Undefined,0,0,NA,65.89103,-0.26092,0.347863,1626.593392,185.037713,12:15:00,3.85717,-0.56072,26.49001,-15.37162,8.09241,0.66713,2.42773,-0.30718,61.98195,-4.895544,0.543311,0.348636,NA,NA,NA,NA,NA,NA,NA,NA,NA,NA,NA,-0.79256,11.2906,0.64689,50,3.6496,-0.46348,-99.39602,2.9851,-0.78461,17.48419,-20.99673,GEO_PAT,NA,SpuhlerFieldMain,NA,NA,20250911-SpuhlerFieldMain-BP-6,a18cccc0-8f45-11f0-b7ac-41d3680bab53,108.11392,NA,NA,3.90908,NA,NA,NA,NA,NA,NA,03ab26eb-edd9-4a16-9496-de4f18636748,2025-09-11,19:29:26,2025-09-11T19:29:26Z,2025-09-11T19:29:26Z,NA,v3,471300,NA,NA,NA,NA,Undefined,GEO_PAT,ddaa18c3-5632-4f04-839a-5fa31bd4efbb,34.01744,-96.5437,8.74209,3.85719,-0.44025,-10.49837,0.56084,-0.59148,-0.39231,NA,NA,NA,NA,NA,NA,NA,NA,NA,NA,NA,NA,NA,NA,NA,NA,NA,NA,NA,NA,NA,NA,NA,NA,NA,NA,NA,NA,NA,NA,NA,NA,NA,NA,NA,NA,NA,NA,NA,NA,NA,NA,NA,NA,NA,NA,NA,NA,NA,NA,High,High,High,NA,NA,NA,NA,NA,NA,NA,NA,NA,NA,NA,NA,NA,NA,NA,NA,NA,NA,NA,NA,NA,NA,NA,NA,NA,NA,NA,NA,NA,NA,NA,NA,NA,NA,NA,NA,NA,NA,NA,NA,NA,NA,NA,NA,NA,NA,NA,NA,NA,NA,NA,NA,NA,NA,NA,NA,NA
NA,NA,NA,NA,NA,NA,NA,NA,NA,NA,NA,NA,NA,NA,NA,NA,28,2025-09-11,15:29:39,NA,NA,NA,NA,Undefined,GEO_PAT,"Canody, Andrew",1000415298,Right,GEO_PAT,Undefined,1,Bottom,0,0,0,Undefined,Changeup,Undefined,Undefined,Undefined,Undefined,0,0,NA,65.30231,0.705008,0.658326,1573.160692,160.018624,11:15:00,3.94869,-0.54768,27.08528,-14.78717,7.92221,-2.73441,3.11032,-0.40776,62.1864,-3.813727,-0.15736,0.342984,NA,NA,NA,NA,NA,NA,NA,NA,NA,NA,NA,4.01386,11.21749,0.79018,50,3.43774,-1.7581,-98.08085,4.79379,3.95243,13.93337,-21.12819,GEO_PAT,NA,SpuhlerFieldMain,NA,NA,20250911-SpuhlerFieldMain-BP-6,a92428c0-8f45-11f0-b7ac-41d3680bab53,109.89555,NA,NA,3.11591,NA,NA,NA,NA,NA,NA,03ab26eb-edd9-4a16-9496-de4f18636748,2025-09-11,19:29:39,2025-09-11T19:29:39Z,2025-09-11T19:29:39Z,NA,v3,471300,NA,NA,NA,NA,Undefined,GEO_PAT,150dedc4-4ee4-43e3-b3b9-b8f69eb04593,33.42286,-95.69693,6.96669,3.94868,1.17887,-10.56409,0.54723,-1.08186,1.97621,NA,NA,NA,NA,NA,NA,NA,NA,NA,NA,NA,NA,NA,NA,NA,NA,NA,NA,NA,NA,NA,NA,NA,NA,NA,NA,NA,NA,NA,NA,NA,NA,NA,NA,NA,NA,NA,NA,NA,NA,NA,NA,NA,NA,NA,NA,NA,NA,NA,NA,High,High,High,NA,NA,NA,NA,NA,NA,NA,NA,NA,NA,NA,NA,NA,NA,NA,NA,NA,NA,NA,NA,NA,NA,NA,NA,NA,NA,NA,NA,NA,NA,NA,NA,NA,NA,NA,NA,NA,NA,NA,NA,NA,NA,NA,NA,NA,NA,NA,NA,NA,NA,NA,NA,NA,NA,NA,NA,NA
NA,NA,NA,NA,NA,NA,NA,NA,NA,NA,NA,NA,NA,NA,NA,NA,29,2025-09-11,15:29:46,NA,NA,NA,NA,Undefined,GEO_PAT,"Canody, Andrew",1000415298,Right,GEO_PAT,Undefined,1,Bottom,0,0,0,Undefined,Curveball,Undefined,Undefined,Undefined,Undefined,0,0,NA,59.93708,3.543642,0.255826,2427.384196,94.978455,09:15:00,3.73111,1.44199,18.76435,-41.60522,2.21449,-13.46178,2.76147,0.50024,56.11432,-6.518735,-2.927627,0.476438,NA,NA,NA,NA,NA,NA,NA,NA,NA,NA,NA,11.9589,1.4678,-1.37712,50,3.09987,-1.18096,-88.86222,8.23566,9.56215,12.73645,-31.00043,GEO_PAT,NA,SpuhlerFieldMain,NA,NA,20250911-SpuhlerFieldMain-BP-6,ad1ed600-8f45-11f0-b7ac-41d3680bab53,79.11303,NA,NA,3.82276,NA,NA,NA,NA,NA,NA,03ab26eb-edd9-4a16-9496-de4f18636748,2025-09-11,19:29:46,2025-09-11T19:29:46Z,2025-09-11T19:29:46Z,NA,v3,471300,NA,NA,NA,NA,Undefined,GEO_PAT,db697650-4e82-4161-94bf-49f0aac5fd4d,41.74296,-87.67077,6.36823,3.73465,5.33567,-15.50022,-1.44576,-0.28646,4.78107,NA,NA,NA,NA,NA,NA,NA,NA,NA,NA,NA,NA,NA,NA,NA,NA,NA,NA,NA,NA,NA,NA,NA,NA,NA,NA,NA,NA,NA,NA,NA,NA,NA,NA,NA,NA,NA,NA,NA,NA,NA,NA,NA,NA,NA,NA,NA,NA,NA,NA,High,High,High,NA,NA,NA,NA,NA,NA,NA,NA,NA,NA,NA,NA,NA,NA,NA,NA,NA,NA,NA,NA,NA,NA,NA,NA,NA,NA,NA,NA,NA,NA,NA,NA,NA,NA,NA,NA,NA,NA,NA,NA,NA,NA,NA,NA,NA,NA,NA,NA,NA,NA,NA,NA,NA,NA,NA,NA,NA
NA,NA,NA,NA,NA,NA,NA,NA,NA,NA,NA,NA,NA,NA,NA,NA,30,2025-09-11,15:29:51,NA,NA,NA,NA,Undefined,GEO_PAT,"Canody, Andrew",1000415298,Right,GEO_PAT,Undefined,1,Bottom,0,0,0,Undefined,Slider,Undefined,Undefined,Undefined,Undefined,0,0,NA,64.70074,0.569742,0.701123,1633.884259,178.767379,12:00:00,3.97508,-0.56255,27.09926,-14.96544,8.28402,-0.16839,3.04614,-0.18505,61.27752,-4.018626,0.65088,0.347039,63.79991,31.060642,26.885646,5191.736372,95.00353,50.73662,55.44663,206.12383,205.74409,35.454978,3.76687,0.42744,11.7469,0.76867,50,3.50074,-1.22972,-97.40076,4.54903,0.41121,15.08978,-20.87301,GEO_PAT,NA,SpuhlerFieldMain,NA,NA,20250911-SpuhlerFieldMain-BP-6,b0733120-8f45-11f0-b7ac-41d3680bab53,108.61165,51.04414,NA,3.42322,NA,NA,NA,NA,NA,NA,03ab26eb-edd9-4a16-9496-de4f18636748,2025-09-11,19:29:51,2025-09-11T19:29:51Z,2025-09-11T19:29:51Z,FlyBall,v3,471300,NA,NA,NA,NA,Undefined,GEO_PAT,bc44cf4e-38c1-41f7-9092-e9e9875bff81,33.40824,-94.79545,7.54489,3.97505,0.94521,-10.4365,0.56248,-1.15872,0.2056,199.750169,10.18213,71.49536,-15.30313,3.49785,-0.7032,0.15415,-0.03947,0.00738,-5.8e-4,10.35172,48.25875,-14.81509,0.1276,0.27297,-0.19068,0.07228,-0.01334,9.4e-4,4.37872,36.24761,-3.61421,1.05884,-0.19464,0.01411,0.00177,-3.3e-4,1e-5,NA,NA,NA,NA,NA,NA,NA,NA,NA,NA,NA,NA,NA,NA,NA,NA,NA,NA,NA,NA,NA,NA,High,High,High,High,High,NA,NA,NA,NA,NA,NA,NA,NA,NA,NA,NA,NA,NA,NA,NA,NA,NA,NA,NA,NA,NA,NA,NA,NA,NA,NA,NA,NA,NA,NA,NA,NA,NA,NA,NA,NA,NA,NA,NA,NA,NA,NA,NA,NA,NA,NA,NA,NA,NA,NA,NA,NA,NA,NA,NA
NA,NA,NA,NA,NA,NA,NA,NA,NA,NA,NA,NA,NA,NA,NA,NA,31,2025-09-11,15:29:58,NA,NA,NA,NA,Undefined,GEO_PAT,"Canody, Andrew",1000415298,Right,GEO_PAT,Undefined,1,Bottom,0,0,0,Undefined,Curveball,Undefined,Undefined,Undefined,Undefined,0,0,NA,56.20041,0.677812,-1.071858,2300.890156,84.060311,08:45:00,4.00367,1.29469,28.01904,-29.27761,-0.22532,-7.43461,1.93157,0.09376,53.74438,-8.417882,-3.358929,0.387937,91.07383,-6.164786,-15.040574,NA,NA,NA,NA,23.19188,22.37353,-16.672778,0.158057,10.73485,-0.1489,-1.4573,50,3.1074,-0.04792,-84.84436,7.6691,7.81317,11.77145,-32.28241,GEO_PAT,NA,SpuhlerFieldMain,NA,NA,20250911-SpuhlerFieldMain-BP-6,b42cb6b0-8f45-11f0-b7ac-41d3680bab53,97.16114,2.35903,NA,2.45603,NA,NA,NA,2.21658,2.35903,-0.5917,03ab26eb-edd9-4a16-9496-de4f18636748,2025-09-11,19:29:58,2025-09-11T19:29:58Z,2025-09-11T19:29:58Z,GroundBall,v3,471300,NA,NA,NA,NA,Undefined,GEO_PAT,db8ac0c0-c3f9-4367-b236-a3140a5c0757,32.48993,-82.37917,5.88573,4.00556,0.90848,-16.14121,-1.296,1.58833,3.90658,111.970869,2.21612,128.29149,-11.05407,NA,NA,NA,NA,NA,NA,2.35905,-14.34588,-3.67262,NA,NA,NA,NA,NA,NA,-0.59129,-34.49658,-24.4404,NA,NA,NA,NA,NA,NA,NA,NA,NA,NA,NA,NA,NA,NA,NA,NA,NA,NA,NA,NA,NA,NA,NA,NA,NA,NA,NA,NA,High,High,High,Medium,High,NA,NA,NA,NA,NA,NA,NA,NA,NA,NA,NA,NA,NA,NA,NA,NA,NA,NA,NA,NA,NA,NA,NA,NA,NA,NA,NA,NA,NA,NA,NA,NA,NA,NA,NA,NA,NA,NA,NA,NA,NA,NA,NA,NA,NA,NA,NA,NA,NA,NA,NA,NA,NA,NA,NA
NA,NA,NA,NA,NA,NA,NA,NA,NA,NA,NA,NA,NA,NA,NA,NA,32,2025-09-11,15:34:50,NA,NA,NA,NA,Undefined,GEO_PAT,"Canody, Andrew",1000415298,Right,GEO_PAT,Undefined,1,Bottom,0,0,0,Undefined,Curveball,Undefined,Undefined,Undefined,Undefined,0,0,NA,64.68365,0.597467,1.029688,1642.112445,177.236724,12:00:00,3.84985,-0.53163,26.44259,-16.99493,7.24012,-0.32642,2.77414,0.02801,61.28497,-4.49471,0.934244,0.354318,16.98815,-37.990697,-38.415942,NA,NA,NA,NA,7.85936,6.17031,-14.25271,0.177853,0.72016,9.88323,0.82341,50,3.37475,-1.81589,-97.24606,4.74647,0.6913,14.90019,-22.68672,GEO_PAT,NA,SpuhlerFieldMain,NA,NA,20250911-SpuhlerFieldMain-BP-6,627a24a0-8f46-11f0-b7ac-41d3680bab53,106.3802,3.19944,NA,3.39867,NA,NA,NA,4.87841,3.19944,0.1958,03ab26eb-edd9-4a16-9496-de4f18636748,2025-09-11,19:34:50,2025-09-11T19:34:50Z,2025-09-11T19:34:50Z,GroundBall,v3,471300,NA,NA,NA,NA,Undefined,GEO_PAT,100733a5-639c-4c1e-a3e7-9d7dd9a81fb0,34.06528,-94.77308,7.4501,3.85006,0.98115,-11.34336,0.53154,-1.70115,0.34565,228.782079,4.87848,15.38052,0.10821,NA,NA,NA,NA,NA,NA,3.19965,-15.35138,-14.84501,NA,NA,NA,NA,NA,NA,0.19589,-12.20806,1.27366,NA,NA,NA,NA,NA,NA,NA,NA,NA,NA,NA,NA,NA,NA,NA,NA,NA,NA,NA,NA,NA,NA,NA,NA,NA,NA,NA,NA,High,High,High,Low,Low,NA,NA,NA,NA,NA,NA,NA,NA,NA,NA,NA,NA,NA,NA,NA,NA,NA,NA,NA,NA,NA,NA,NA,NA,NA,NA,NA,NA,NA,NA,NA,NA,NA,NA,NA,NA,NA,NA,NA,NA,NA,NA,NA,NA,NA,NA,NA,NA,NA,NA,NA,NA,NA,NA,NA
NA,NA,NA,NA,NA,NA,NA,NA,NA,NA,NA,NA,NA,NA,NA,NA,33,2025-09-11,15:34:56,NA,NA,NA,NA,Undefined,GEO_PAT,"Canody, Andrew",1000415298,Right,GEO_PAT,Undefined,1,Bottom,0,0,0,Undefined,Curveball,Undefined,Undefined,Undefined,Undefined,0,0,NA,63.76925,0.104557,0.677042,1762.3604,165.479196,11:30:00,3.87781,-0.57203,26.39922,-16.36938,8.77504,-2.13051,2.57336,-0.36323,60.09285,-4.814978,0.05482,0.360904,NA,NA,NA,NA,NA,NA,NA,NA,NA,NA,NA,3.04772,12.05914,0.79352,50,3.55406,-1.56081,-96.07037,3.68945,2.82977,15.78959,-20.97725,GEO_PAT,NA,SpuhlerFieldMain,NA,NA,20250911-SpuhlerFieldMain-BP-6,65d3fe00-8f46-11f0-b7ac-41d3680bab53,104.43885,NA,NA,3.6764,NA,NA,NA,NA,NA,NA,03ab26eb-edd9-4a16-9496-de4f18636748,2025-09-11,19:34:56,2025-09-11T19:34:56Z,2025-09-11T19:34:56Z,NA,v3,471300,NA,NA,NA,NA,Undefined,GEO_PAT,1b911e7d-3c1d-477a-9d0d-203f0faefe62,34.10787,-93.42192,7.89479,3.87781,0.17086,-10.48863,0.57153,-1.08616,1.41489,NA,NA,NA,NA,NA,NA,NA,NA,NA,NA,NA,NA,NA,NA,NA,NA,NA,NA,NA,NA,NA,NA,NA,NA,NA,NA,NA,NA,NA,NA,NA,NA,NA,NA,NA,NA,NA,NA,NA,NA,NA,NA,NA,NA,NA,NA,NA,NA,NA,NA,High,High,High,NA,NA,NA,NA,NA,NA,NA,NA,NA,NA,NA,NA,NA,NA,NA,NA,NA,NA,NA,NA,NA,NA,NA,NA,NA,NA,NA,NA,NA,NA,NA,NA,NA,NA,NA,NA,NA,NA,NA,NA,NA,NA,NA,NA,NA,NA,NA,NA,NA,NA,NA,NA,NA,NA,NA,NA,NA
NA,NA,NA,NA,NA,NA,NA,NA,NA,NA,NA,NA,NA,NA,NA,NA,34,2025-09-11,15:35:02,NA,NA,NA,NA,Undefined,GEO_PAT,"Canody, Andrew",1000415298,Right,GEO_PAT,Undefined,1,Bottom,0,0,0,Undefined,Curveball,Undefined,Undefined,Undefined,Undefined,0,0,NA,55.79594,3.192958,-0.143754,2365.199171,74.026422,08:30:00,3.73751,1.43291,18.69623,-52.6392,-2.08362,-11.31284,1.60447,0.38882,52.74408,-9.43551,-2.818391,0.511748,NA,NA,NA,NA,NA,NA,NA,NA,NA,NA,NA,9.96906,-2.19906,-1.42896,50,3.13329,-0.41228,-82.74414,7.79169,6.93304,10.7177,-33.70339,GEO_PAT,NA,SpuhlerFieldMain,NA,NA,20250911-SpuhlerFieldMain-BP-6,69723360-8f46-11f0-b7ac-41d3680bab53,73.65432,NA,NA,3.05186,NA,NA,NA,NA,NA,NA,03ab26eb-edd9-4a16-9496-de4f18636748,2025-09-11,19:35:02,2025-09-11T19:35:02Z,2025-09-11T19:35:02Z,NA,v3,471300,NA,NA,NA,NA,Undefined,GEO_PAT,0df6c555-e1aa-4ec6-9198-cf6590dfe561,41.81242,-81.67673,5.35885,3.74214,4.43507,-16.8517,-1.43564,0.2782,3.46652,NA,NA,NA,NA,NA,NA,NA,NA,NA,NA,NA,NA,NA,NA,NA,NA,NA,NA,NA,NA,NA,NA,NA,NA,NA,NA,NA,NA,NA,NA,NA,NA,NA,NA,NA,NA,NA,NA,NA,NA,NA,NA,NA,NA,NA,NA,NA,NA,NA,NA,High,High,High,NA,NA,NA,NA,NA,NA,NA,NA,NA,NA,NA,NA,NA,NA,NA,NA,NA,NA,NA,NA,NA,NA,NA,NA,NA,NA,NA,NA,NA,NA,NA,NA,NA,NA,NA,NA,NA,NA,NA,NA,NA,NA,NA,NA,NA,NA,NA,NA,NA,NA,NA,NA,NA,NA,NA,NA,NA
NA,NA,NA,NA,NA,NA,NA,NA,NA,NA,NA,NA,NA,NA,NA,NA,35,2025-09-11,15:35:07,NA,NA,NA,NA,Undefined,GEO_PAT,"Canody, Andrew",1000415298,Right,GEO_PAT,Undefined,1,Bottom,0,0,0,Undefined,Changeup,Undefined,Undefined,Undefined,Undefined,0,0,NA,65.8585,1.77082,0.940635,1516.727164,167.563989,11:30:00,3.8284,-0.64136,18.71799,-24.19556,12.19579,-2.4887,3.06053,-0.18584,61.31262,-4.151959,0.352561,0.434181,86.38404,10.067074,22.645892,2735.982239,97.30329,8.80213,51.30364,159.09596,159.09596,30.09696,1.51493,2.45815,10.67591,0.78112,50,3.49812,-1.76131,-97.71392,4.83073,2.37129,15.72172,-21.87535,GEO_PAT,NA,SpuhlerFieldMain,NA,NA,20250911-SpuhlerFieldMain-BP-6,6cb354a0-8f46-11f0-b7ac-41d3680bab53,86.81279,10.24696,NA,4.54588,NA,NA,NA,0.76545,2.88088,0.38406,03ab26eb-edd9-4a16-9496-de4f18636748,2025-09-11,19:35:07,2025-09-11T19:35:07Z,2025-09-11T19:35:07Z,LineDrive,v3,471300,NA,NA,NA,NA,Undefined,GEO_PAT,977da56e-ac47-4a54-a531-924777df68f8,41.7868,-96.3834,7.86086,3.82861,2.97942,-10.93768,0.64055,-1.56062,1.18565,NA,0.76545,115.12863,-21.09144,4.16575,-0.96478,0.35042,-0.19987,0.08024,-0.0136,2.88089,22.14637,-17.37336,1.15948,-0.08775,-0.08549,0.09115,-0.04072,0.00714,0.38406,48.0306,5.25552,-2.39661,0.91809,-0.50306,0.31789,-0.12952,0.02209,NA,NA,NA,NA,NA,NA,NA,NA,NA,NA,NA,NA,NA,NA,NA,NA,NA,NA,NA,NA,NA,NA,High,High,High,High,High,NA,NA,NA,NA,NA,NA,NA,NA,NA,NA,NA,NA,NA,NA,NA,NA,NA,NA,NA,NA,NA,NA,NA,NA,NA,NA,NA,NA,NA,NA,NA,NA,NA,NA,NA,NA,NA,NA,NA,NA,NA,NA,NA,NA,NA,NA,NA,NA,NA,NA,NA,NA,NA,NA,NA
NA,NA,NA,NA,NA,NA,NA,NA,NA,NA,NA,NA,NA,NA,NA,NA,36,2025-09-11,15:35:12,NA,NA,NA,NA,Undefined,GEO_PAT,"Canody, Andrew",1000415298,Right,GEO_PAT,Undefined,1,Bottom,0,0,0,Undefined,Curveball,Undefined,Undefined,Undefined,Undefined,0,0,NA,56.82234,3.279399,0.399711,2195.926233,80.986564,08:45:00,3.76126,1.44974,18.91057,-49.38503,-0.4598,-11.36607,1.94831,0.78289,52.84914,-8.706734,-2.3007,0.503429,89.14215,16.111094,-20.525399,882.923332,100.42515,21.15869,-44.88522,233.35287,232.30652,-28.270659,2.353101,10.30371,-0.99902,-1.36554,50,3.13407,-1.23427,-84.46362,7.9448,7.32295,13.24134,-32.88405,GEO_PAT,NA,SpuhlerFieldMain,NA,NA,20250911-SpuhlerFieldMain-BP-6,6fbf3510-8f46-11f0-b7ac-41d3680bab53,74.87148,21.49228,NA,3.97321,NA,NA,NA,2.46093,2.12811,-0.8062,03ab26eb-edd9-4a16-9496-de4f18636748,2025-09-11,19:35:12,2025-09-11T19:35:12Z,2025-09-11T19:35:12Z,LineDrive,v3,471300,NA,NA,NA,NA,Undefined,GEO_PAT,fee97213-765a-4d8f-9dbd-828c49d472fe,41.59695,-83.13584,6.62067,3.76541,4.64734,-16.44203,-1.45249,-0.49996,3.66147,108.613053,2.46095,117.63222,-18.68926,3.44344,-0.64671,0.06572,0.00604,-0.00365,4.2e-4,2.12811,36.28095,-18.34161,1.46401,-0.25097,0.05427,-0.01126,0.00221,-2.2e-4,-0.80618,-44.04128,-3.42838,1.76208,-0.48202,0.0654,0.00885,-0.00528,6.4e-4,NA,NA,NA,NA,NA,NA,NA,NA,NA,NA,NA,NA,NA,NA,NA,NA,NA,NA,NA,NA,NA,NA,High,Medium,Medium,High,High,NA,NA,NA,NA,NA,NA,NA,NA,NA,NA,NA,NA,NA,NA,NA,NA,NA,NA,NA,NA,NA,NA,NA,NA,NA,NA,NA,NA,NA,NA,NA,NA,NA,NA,NA,NA,NA,NA,NA,NA,NA,NA,NA,NA,NA,NA,NA,NA,NA,NA,NA,NA,NA,NA,NA
NA,NA,NA,NA,NA,NA,NA,NA,NA,NA,NA,NA,NA,NA,NA,NA,37,2025-09-11,15:35:26,NA,NA,NA,NA,Undefined,GEO_PAT,"Canody, Andrew",1000415298,Right,GEO_PAT,Undefined,1,Bottom,0,0,0,Undefined,Changeup,Undefined,Undefined,Undefined,Undefined,0,0,NA,65.55133,0.420187,0.995847,1565.535255,175.767528,11:45:00,3.9106,-0.55854,26.4626,-14.81052,8.90563,-0.62075,2.91573,-0.04307,61.68782,-4.050031,0.814263,0.350505,71.55099,35.499564,29.409043,4686.855314,90.02802,57.55521,63.20534,223.9236,220.15609,42.076555,4.046556,1.12882,12.15922,0.84574,50,3.52227,-1.84495,-98.76932,4.02811,1.10713,16.77927,-20.24844,GEO_PAT,NA,SpuhlerFieldMain,NA,NA,20250911-SpuhlerFieldMain-BP-6,77b4ddb0-8f46-11f0-b7ac-41d3680bab53,107.53766,58.99685,NA,3.8635100000000002,NA,NA,NA,1.24222,2.96302,0.00695,03ab26eb-edd9-4a16-9496-de4f18636748,2025-09-11,19:35:26,2025-09-11T19:35:26Z,2025-09-11T19:35:26Z,FlyBall,v3,471300,NA,NA,NA,NA,Undefined,GEO_PAT,0cae318d-372e-4fa7-83e1-e53e3f408889,34.0444,-96.02048,8.38964,3.91046,0.71094,-10.12422,0.55835,-1.66357,0.55356,212.610563,1.24145,74.44689,-16.621,4.03981,-1.05509,0.30654,-0.07388,0.01061,-6.4e-4,2.9638,60.91792,-18.38847,1.1348,0.00622,-0.09824,0.03514,-0.00531,3e-4,0.00677,41.95699,-2.22696,0.49576,-0.14046,0.0488,-0.01325,0.002,-1.2e-4,NA,NA,NA,NA,NA,NA,NA,NA,NA,NA,NA,NA,NA,NA,NA,NA,NA,NA,NA,NA,NA,NA,High,High,High,High,High,NA,NA,NA,NA,NA,NA,NA,NA,NA,NA,NA,NA,NA,NA,NA,NA,NA,NA,NA,NA,NA,NA,NA,NA,NA,NA,NA,NA,NA,NA,NA,NA,NA,NA,NA,NA,NA,NA,NA,NA,NA,NA,NA,NA,NA,NA,NA,NA,NA,NA,NA,NA,NA,NA,NA
NA,NA,NA,NA,NA,NA,NA,NA,NA,NA,NA,NA,NA,NA,NA,NA,38,2025-09-11,15:35:40,NA,NA,NA,NA,Undefined,GEO_PAT,"Canody, Andrew",1000415298,Right,GEO_PAT,Undefined,1,Bottom,0,0,0,Undefined,Curveball,Undefined,Undefined,Undefined,Undefined,0,0,NA,59.95917,3.141301,-0.355543,2633.988317,73.867748,08:30:00,3.79187,1.43429,19.02422,-46.25467,-2.81917,-13.55745,2.13638,0.05586,56.03566,-8.089085,-3.585224,0.474344,98.10329,-3.183874,-17.767458,NA,NA,NA,NA,29.30668,17.88263,-16.205423,0.207847,12.04961,-3.0148,-1.4557,50,3.18485,-0.27631,-89.10427,8.01583,9.59755,13.91254,-34.57535,GEO_PAT,NA,SpuhlerFieldMain,NA,NA,20250911-SpuhlerFieldMain-BP-6,80598b00-8f46-11f0-b7ac-41d3680bab53,79.46217,2.51545,NA,3.92351,NA,NA,NA,0.43392,2.51545,2.21085,03ab26eb-edd9-4a16-9496-de4f18636748,2025-09-11,19:35:40,2025-09-11T19:35:40Z,2025-09-11T19:35:40Z,GroundBall,v3,471300,NA,NA,NA,NA,Undefined,GEO_PAT,0dfe4fd7-202c-45cf-8212-f1d879ae6435,41.48411,-87.76455,6.95627,3.79643,4.68636,-17.28767,-1.43781,0.6479,4.79878,NA,0.43222,136.91762,-17.27373,NA,NA,NA,NA,NA,NA,2.51586,-8.01739,-19.67288,NA,NA,NA,NA,NA,NA,2.21245,-43.94036,-29.17012,NA,NA,NA,NA,NA,NA,NA,NA,NA,NA,NA,NA,NA,NA,NA,NA,NA,NA,NA,NA,NA,NA,NA,NA,NA,NA,NA,NA,High,High,High,Low,Low,NA,NA,NA,NA,NA,NA,NA,NA,NA,NA,NA,NA,NA,NA,NA,NA,NA,NA,NA,NA,NA,NA,NA,NA,NA,NA,NA,NA,NA,NA,NA,NA,NA,NA,NA,NA,NA,NA,NA,NA,NA,NA,NA,NA,NA,NA,NA,NA,NA,NA,NA,NA,NA,NA,NA
NA,NA,NA,NA,NA,NA,NA,NA,NA,NA,NA,NA,NA,NA,NA,NA,39,2025-09-11,15:35:46,NA,NA,NA,NA,Undefined,GEO_PAT,"Canody, Andrew",1000415298,Right,GEO_PAT,Undefined,1,Bottom,0,0,0,Undefined,Curveball,Undefined,Undefined,Undefined,Undefined,0,0,NA,63.86799,0.550154,1.145366,1709.098355,166.893852,11:30:00,3.93917,-0.52124,27.05358,-15.60056,8.34622,-1.8326,2.94684,-0.03339,60.46426,-4.224769,0.599329,0.352205,NA,NA,NA,NA,NA,NA,NA,NA,NA,NA,NA,2.87351,11.81371,0.88561,50,3.46114,-2.326,-96.14932,4.58152,2.69163,14.82107,-21.10816,GEO_PAT,NA,SpuhlerFieldMain,NA,NA,20250911-SpuhlerFieldMain-BP-6,83c65020-8f46-11f0-b7ac-41d3680bab53,107.01859,NA,NA,3.40373,NA,NA,NA,NA,NA,NA,03ab26eb-edd9-4a16-9496-de4f18636748,2025-09-11,19:35:46,2025-09-11T19:35:46Z,2025-09-11T19:35:46Z,NA,v3,471300,NA,NA,NA,NA,Undefined,GEO_PAT,7a5b3bac-a0fc-4a7d-8740-0feb6e6ca48e,33.45393,-93.56404,7.41054,3.93918,0.89957,-10.55408,0.52083,-1.8565,1.34581,NA,NA,NA,NA,NA,NA,NA,NA,NA,NA,NA,NA,NA,NA,NA,NA,NA,NA,NA,NA,NA,NA,NA,NA,NA,NA,NA,NA,NA,NA,NA,NA,NA,NA,NA,NA,NA,NA,NA,NA,NA,NA,NA,NA,NA,NA,NA,NA,NA,NA,High,High,High,NA,NA,NA,NA,NA,NA,NA,NA,NA,NA,NA,NA,NA,NA,NA,NA,NA,NA,NA,NA,NA,NA,NA,NA,NA,NA,NA,NA,NA,NA,NA,NA,NA,NA,NA,NA,NA,NA,NA,NA,NA,NA,NA,NA,NA,NA,NA,NA,NA,NA,NA,NA,NA,NA,NA,NA,NA
NA,NA,NA,NA,NA,NA,NA,NA,NA,NA,NA,NA,NA,NA,NA,NA,40,2025-09-11,15:35:52,NA,NA,NA,NA,Undefined,GEO_PAT,"Canody, Andrew",1000415298,Right,GEO_PAT,Undefined,1,Bottom,0,0,0,Undefined,Curveball,Undefined,Undefined,Undefined,Undefined,0,0,NA,63.53658,0.700315,1.080812,1564.269335,190.168783,12:15:00,3.94839,-0.49976,27.13711,-17.58694,6.34831,1.06173,2.87349,0.1916,60.53552,-4.66382,1.397983,0.35212,NA,NA,NA,NA,NA,NA,NA,NA,NA,NA,NA,-1.23142,9.03315,0.79293,50,3.38034,-1.56048,-95.4718,5.31772,-1.14702,13.43299,-23.76002,GEO_PAT,NA,SpuhlerFieldMain,NA,NA,20250911-SpuhlerFieldMain-BP-6,870c5360-8f46-11f0-b7ac-41d3680bab53,107.04443,NA,NA,3.00106,NA,NA,NA,NA,NA,NA,03ab26eb-edd9-4a16-9496-de4f18636748,2025-09-11,19:35:52,2025-09-11T19:35:52Z,2025-09-11T19:35:52Z,NA,v3,471300,NA,NA,NA,NA,Undefined,GEO_PAT,46afb9a5-e219-4425-ae1a-3a4f1d0b7ad4,33.37118,-93.10272,6.71649,3.94867,1.12732,-11.88001,0.49988,-1.76277,-0.57351,NA,NA,NA,NA,NA,NA,NA,NA,NA,NA,NA,NA,NA,NA,NA,NA,NA,NA,NA,NA,NA,NA,NA,NA,NA,NA,NA,NA,NA,NA,NA,NA,NA,NA,NA,NA,NA,NA,NA,NA,NA,NA,NA,NA,NA,NA,NA,NA,NA,NA,High,High,High,NA,NA,NA,NA,NA,NA,NA,NA,NA,NA,NA,NA,NA,NA,NA,NA,NA,NA,NA,NA,NA,NA,NA,NA,NA,NA,NA,NA,NA,NA,NA,NA,NA,NA,NA,NA,NA,NA,NA,NA,NA,NA,NA,NA,NA,NA,NA,NA,NA,NA,NA,NA,NA,NA,NA,NA,NA
NA,NA,NA,NA,NA,NA,NA,NA,NA,NA,NA,NA,NA,NA,NA,NA,41,2025-09-11,15:36:07,NA,NA,NA,NA,Undefined,GEO_PAT,"Canody, Andrew",1000415298,Right,GEO_PAT,Undefined,1,Bottom,0,0,0,Undefined,Curveball,Undefined,Undefined,Undefined,Undefined,0,0,NA,63.70859,1.05363,1.140762,1752.63842,168.94766,11:45:00,3.99939,-0.50325,27.34763,-16.93784,6.60658,-1.2052,3.17186,0.02846,60.52335,-4.157777,0.778388,0.349233,NA,NA,NA,NA,NA,NA,NA,NA,NA,NA,NA,2.01264,9.43075,0.86214,50,3.32562,-2.18465,-95.81724,5.86493,1.88227,13.97625,-23.35418,GEO_PAT,NA,SpuhlerFieldMain,NA,NA,20250911-SpuhlerFieldMain-BP-6,908c4580-8f46-11f0-b7ac-41d3680bab53,107.92914,NA,NA,3.18525,NA,NA,NA,NA,NA,NA,03ab26eb-edd9-4a16-9496-de4f18636748,2025-09-11,19:36:07,2025-09-11T19:36:07Z,2025-09-11T19:36:07Z,NA,v3,471300,NA,NA,NA,NA,Undefined,GEO_PAT,1a143bce-fda6-4726-9aa1-0712681dbe4e,33.16014,-93.3286,6.98813,3.9997,1.70643,-11.67709,0.50298,-1.84949,0.94114,NA,NA,NA,NA,NA,NA,NA,NA,NA,NA,NA,NA,NA,NA,NA,NA,NA,NA,NA,NA,NA,NA,NA,NA,NA,NA,NA,NA,NA,NA,NA,NA,NA,NA,NA,NA,NA,NA,NA,NA,NA,NA,NA,NA,NA,NA,NA,NA,NA,NA,High,High,High,NA,NA,NA,NA,NA,NA,NA,NA,NA,NA,NA,NA,NA,NA,NA,NA,NA,NA,NA,NA,NA,NA,NA,NA,NA,NA,NA,NA,NA,NA,NA,NA,NA,NA,NA,NA,NA,NA,NA,NA,NA,NA,NA,NA,NA,NA,NA,NA,NA,NA,NA,NA,NA,NA,NA,NA,NA
NA,NA,NA,NA,NA,NA,NA,NA,NA,NA,NA,NA,NA,NA,NA,NA,42,2025-09-11,15:36:13,NA,NA,NA,NA,Undefined,GEO_PAT,"Canody, Andrew",1000415298,Right,GEO_PAT,Undefined,1,Bottom,0,0,0,Undefined,Changeup,Undefined,Undefined,Undefined,Undefined,0,0,NA,65.8006,1.561246,0.979375,1602.451263,175.239072,11:45:00,3.78718,-0.64852,18.54441,-24.40576,12.13981,-0.94051,2.85871,-0.03372,61.64705,-4.367767,0.758075,0.4351,NA,NA,NA,NA,NA,NA,NA,NA,NA,NA,NA,1.08417,10.62733,0.78784,50,3.49449,-1.72704,-97.54057,4.43876,1.05036,14.53808,-21.87827,GEO_PAT,NA,SpuhlerFieldMain,NA,NA,20250911-SpuhlerFieldMain-BP-6,93cffed0-8f46-11f0-b7ac-41d3680bab53,86.62942,NA,NA,4.15355,NA,NA,NA,NA,NA,NA,03ab26eb-edd9-4a16-9496-de4f18636748,2025-09-11,19:36:13,2025-09-11T19:36:13Z,2025-09-11T19:36:13Z,NA,v3,471300,NA,NA,NA,NA,Undefined,GEO_PAT,1832b6fc-5313-4dac-adb7-f36b9fc8b4f4,41.96146,-96.33501,7.26904,3.78736,2.62451,-10.93913,0.64824,-1.63994,0.52518,NA,NA,NA,NA,NA,NA,NA,NA,NA,NA,NA,NA,NA,NA,NA,NA,NA,NA,NA,NA,NA,NA,NA,NA,NA,NA,NA,NA,NA,NA,NA,NA,NA,NA,NA,NA,NA,NA,NA,NA,NA,NA,NA,NA,NA,NA,NA,NA,NA,NA,High,High,High,NA,NA,NA,NA,NA,NA,NA,NA,NA,NA,NA,NA,NA,NA,NA,NA,NA,NA,NA,NA,NA,NA,NA,NA,NA,NA,NA,NA,NA,NA,NA,NA,NA,NA,NA,NA,NA,NA,NA,NA,NA,NA,NA,NA,NA,NA,NA,NA,NA,NA,NA,NA,NA,NA,NA,NA,NA
NA,NA,NA,NA,NA,NA,NA,NA,NA,NA,NA,NA,NA,NA,NA,NA,43,2025-09-11,15:36:19,NA,NA,NA,NA,Undefined,GEO_PAT,"Canody, Andrew",1000415298,Right,GEO_PAT,Undefined,1,Bottom,0,0,0,Undefined,Changeup,Undefined,Undefined,Undefined,Undefined,0,0,NA,65.85401,1.663805,0.795755,1644.402686,171.470537,11:45:00,3.79495,-0.63643,18.58968,-24.88226,11.41209,-1.59083,2.89804,-0.20643,61.87754,-4.374838,0.420973,0.433602,NA,NA,NA,NA,NA,NA,NA,NA,NA,NA,NA,1.59457,10.00268,0.75192,50,3.4845,-1.45589,-97.56634,4.66389,1.55259,13.89671,-22.43478,GEO_PAT,NA,SpuhlerFieldMain,NA,NA,20250911-SpuhlerFieldMain-BP-6,976d97f0-8f46-11f0-b7ac-41d3680bab53,86.92869,NA,NA,3.97647,NA,NA,NA,NA,NA,NA,03ab26eb-edd9-4a16-9496-de4f18636748,2025-09-11,19:36:19,2025-09-11T19:36:19Z,2025-09-11T19:36:19Z,NA,v3,471300,NA,NA,NA,NA,Undefined,GEO_PAT,c3181324-3c0c-4f6e-a69c-257b8488f531,41.91579,-96.40801,6.94835,3.79532,2.79388,-11.21739,0.63595,-1.32648,0.7763,NA,NA,NA,NA,NA,NA,NA,NA,NA,NA,NA,NA,NA,NA,NA,NA,NA,NA,NA,NA,NA,NA,NA,NA,NA,NA,NA,NA,NA,NA,NA,NA,NA,NA,NA,NA,NA,NA,NA,NA,NA,NA,NA,NA,NA,NA,NA,NA,NA,NA,High,High,High,NA,NA,NA,NA,NA,NA,NA,NA,NA,NA,NA,NA,NA,NA,NA,NA,NA,NA,NA,NA,NA,NA,NA,NA,NA,NA,NA,NA,NA,NA,NA,NA,NA,NA,NA,NA,NA,NA,NA,NA,NA,NA,NA,NA,NA,NA,NA,NA,NA,NA,NA,NA,NA,NA,NA,NA,NA
NA,NA,NA,NA,NA,NA,NA,NA,NA,NA,NA,NA,NA,NA,NA,NA,44,2025-09-11,15:36:25,NA,NA,NA,NA,Undefined,GEO_PAT,"Canody, Andrew",1000415298,Right,GEO_PAT,Undefined,1,Bottom,0,0,0,Undefined,Curveball,Undefined,Undefined,Undefined,Undefined,0,0,NA,59.54396,3.326302,0.120683,2410.377887,84.71161,08:45:00,3.74419,1.42021,18.78992,-44.7927,-0.21795,-14.64146,2.3539,0.28498,55.56369,-7.508055,-3.345984,0.480525,96.41542,18.482112,-6.506824,1001.679696,109.62464,32.0457,-9.07723,313.52041,313.52041,-1.283073,3.474348,12.9704,-0.66906,-1.37287,50,3.13643,-1.02654,-88.40643,8.03005,10.18047,13.57281,-32.6992,GEO_PAT,NA,SpuhlerFieldMain,NA,NA,20250911-SpuhlerFieldMain-BP-6,9b533690-8f46-11f0-b7ac-41d3680bab53,78.44013,39.04833,NA,3.98027,NA,NA,NA,1.75328,2.37052,-0.29736,03ab26eb-edd9-4a16-9496-de4f18636748,2025-09-11,19:36:25,2025-09-11T19:36:25Z,2025-09-11T19:36:25Z,LineDrive,v3,471300,NA,NA,NA,NA,Undefined,GEO_PAT,333a8051-8249-44d9-90d1-fec8f65f2d93,41.71776,-87.1256,6.7864,3.74861,4.94431,-16.3496,-1.42441,-0.06583,5.09024,209.023314,1.75338,133.24889,-22.56914,5.01973,-1.01157,0.17312,-0.02196,0.00159,-3e-5,2.37043,44.82932,-14.13499,0.1905,0.06562,-0.01111,-0.00246,0.00127,-1.3e-4,-0.29738,-15.19817,7.87973,-2.24064,0.55565,-0.11722,0.01922,-0.00208,1e-4,NA,NA,NA,NA,NA,NA,NA,NA,NA,NA,NA,NA,NA,NA,NA,NA,NA,NA,NA,NA,NA,NA,High,Medium,Medium,High,Medium,NA,NA,NA,NA,NA,NA,NA,NA,NA,NA,NA,NA,NA,NA,NA,NA,NA,NA,NA,NA,NA,NA,NA,NA,NA,NA,NA,NA,NA,NA,NA,NA,NA,NA,NA,NA,NA,NA,NA,NA,NA,NA,NA,NA,NA,NA,NA,NA,NA,NA,NA,NA,NA,NA,NA
NA,NA,NA,NA,NA,NA,NA,NA,NA,NA,NA,NA,NA,NA,NA,NA,45,2025-09-11,15:36:35,NA,NA,NA,NA,Undefined,GEO_PAT,"Canody, Andrew",1000415298,Right,GEO_PAT,Undefined,1,Bottom,0,0,0,Undefined,Slider,Undefined,Undefined,Undefined,Undefined,0,0,NA,63.77207,1.03433,0.435087,1462.503437,182.751417,12:00:00,4.08051,-0.5482,27.6661,-15.62895,7.43646,0.33622,3.34551,-0.28153,60.45299,-3.836166,0.537229,0.345662,NA,NA,NA,NA,NA,NA,NA,NA,NA,NA,NA,-0.37161,10.80095,0.67138,50,3.41414,-0.64876,-96.11463,5.67813,-0.34804,14.7375,-22.05882,GEO_PAT,NA,SpuhlerFieldMain,NA,NA,20250911-SpuhlerFieldMain-BP-6,a0ef10b0-8f46-11f0-b7ac-41d3680bab53,109.04409,NA,NA,3.31908,NA,NA,NA,NA,NA,NA,03ab26eb-edd9-4a16-9496-de4f18636748,2025-09-11,19:36:35,2025-09-11T19:36:35Z,2025-09-11T19:36:35Z,NA,v3,471300,NA,NA,NA,NA,Undefined,GEO_PAT,ebcd5ee5-68ab-4b0f-9aae-12dd441bf7f0,32.84207,-93.44673,7.36875,4.0806,1.68487,-11.02941,0.54823,-0.71176,-0.17402,NA,NA,NA,NA,NA,NA,NA,NA,NA,NA,NA,NA,NA,NA,NA,NA,NA,NA,NA,NA,NA,NA,NA,NA,NA,NA,NA,NA,NA,NA,NA,NA,NA,NA,NA,NA,NA,NA,NA,NA,NA,NA,NA,NA,NA,NA,NA,NA,NA,NA,High,High,High,NA,NA,NA,NA,NA,NA,NA,NA,NA,NA,NA,NA,NA,NA,NA,NA,NA,NA,NA,NA,NA,NA,NA,NA,NA,NA,NA,NA,NA,NA,NA,NA,NA,NA,NA,NA,NA,NA,NA,NA,NA,NA,NA,NA,NA,NA,NA,NA,NA,NA,NA,NA,NA,NA,NA,NA,NA
NA,NA,NA,NA,NA,NA,NA,NA,NA,NA,NA,NA,NA,NA,NA,NA,46,2025-09-11,15:36:41,NA,NA,NA,NA,Undefined,GEO_PAT,"Canody, Andrew",1000415298,Right,GEO_PAT,Undefined,1,Bottom,0,0,0,Undefined,Curveball,Undefined,Undefined,Undefined,Undefined,0,0,NA,59.07882,3.415071,-0.116241,2359.958583,96.266521,09:15:00,3.74159,1.43902,18.89539,-42.45746,2.48457,-12.50162,2.60227,0.31567,55.19683,-6.893739,-3.082253,0.4825,94.31577,29.979928,-4.319735,2770.005116,109.93101,60.7112,-3.89475,328.53352,328.53352,3.966942,5.057717,11.08894,1.71787,-1.42865,50,3.11386,-0.55665,-87.66503,8.03627,8.58931,12.93099,-30.8434,GEO_PAT,NA,SpuhlerFieldMain,NA,NA,20250911-SpuhlerFieldMain-BP-6,a4ab5560-8f46-11f0-b7ac-41d3680bab53,78.11898,83.61273,NA,3.88199,NA,NA,NA,1.60456,2.63642,-0.33271,03ab26eb-edd9-4a16-9496-de4f18636748,2025-09-11,19:36:41,2025-09-11T19:36:41Z,2025-09-11T19:36:41Z,FlyBall,v3,471300,NA,NA,NA,NA,Undefined,GEO_PAT,b2d56ed8-4f09-48be-bc94-35185f688de0,41.61166,-86.41886,6.4655,3.74509,5.06385,-15.4217,-1.44241,0.27111,4.29465,197.982936,1.60445,119.48461,-25.66695,6.38636,-1.47193,0.31884,-0.05576,0.00614,-3e-4,2.63814,69.08498,-15.50557,-0.04055,0.40936,-0.18715,0.04482,-0.00545,2.6e-4,-0.33291,-9.02103,6.86952,-1.87083,0.4393,-0.08862,0.01377,-0.00137,6e-5,NA,NA,NA,NA,NA,NA,NA,NA,NA,NA,NA,NA,NA,NA,NA,NA,NA,NA,NA,NA,NA,NA,High,High,High,High,High,NA,NA,NA,NA,NA,NA,NA,NA,NA,NA,NA,NA,NA,NA,NA,NA,NA,NA,NA,NA,NA,NA,NA,NA,NA,NA,NA,NA,NA,NA,NA,NA,NA,NA,NA,NA,NA,NA,NA,NA,NA,NA,NA,NA,NA,NA,NA,NA,NA,NA,NA,NA,NA,NA,NA
NA,NA,NA,NA,NA,NA,NA,NA,NA,NA,NA,NA,NA,NA,NA,NA,47,2025-09-11,15:36:49,NA,NA,NA,NA,Undefined,GEO_PAT,"Canody, Andrew",1000415298,Right,GEO_PAT,Undefined,1,Bottom,0,0,0,Undefined,Curveball,Undefined,Undefined,Undefined,Undefined,0,0,NA,58.79291,3.383242,-0.289496,2475.289974,79.879807,08:45:00,3.75133,1.43121,18.93311,-46.52388,-0.95583,-12.15627,2.24852,0.21527,54.70876,-7.913332,-3.177896,0.48585,101.43529,10.164264,-31.251187,2360.463657,NA,NA,NA,135.55467,114.73463,-34.763474,1.073863,10.7552,-1.42433,-1.44704,50,3.1163,-0.26877,-87.36028,8.19516,8.1995,13.85654,-33.25993,GEO_PAT,NA,SpuhlerFieldMain,NA,NA,20250911-SpuhlerFieldMain-BP-6,a9764af0-8f46-11f0-b7ac-41d3680bab53,77.58047,8.36788,NA,4.08414,NA,NA,NA,2.25637,2.38221,-0.19974,03ab26eb-edd9-4a16-9496-de4f18636748,2025-09-11,19:36:49,2025-09-11T19:36:49Z,2025-09-11T19:36:49Z,LineDrive,v3,471300,NA,NA,NA,NA,Undefined,GEO_PAT,548f6181-081b-47af-8773-c1e7192d4e94,41.5744,-86.01348,6.92827,3.75573,4.96244,-16.62996,-1.43444,0.52819,4.09975,NA,2.25637,125.1889,-26.62391,5.43759,-1.24776,0.23033,-0.01046,-0.01544,0.0046,2.38221,26.25386,-30.96682,5.25309,-1.29381,0.28424,-0.03046,-0.00912,0.00353,-0.19974,-75.96998,2.56847,1.78046,-0.67175,0.15352,0.02213,-0.03137,0.00805,NA,NA,NA,NA,NA,NA,NA,NA,NA,NA,NA,NA,NA,NA,NA,NA,NA,NA,NA,NA,NA,NA,High,High,High,Medium,High,NA,NA,NA,NA,NA,NA,NA,NA,NA,NA,NA,NA,NA,NA,NA,NA,NA,NA,NA,NA,NA,NA,NA,NA,NA,NA,NA,NA,NA,NA,NA,NA,NA,NA,NA,NA,NA,NA,NA,NA,NA,NA,NA,NA,NA,NA,NA,NA,NA,NA,NA,NA,NA,NA,NA
NA,NA,NA,NA,NA,NA,NA,NA,NA,NA,NA,NA,NA,NA,NA,NA,48,2025-09-11,15:36:59,NA,NA,NA,NA,Undefined,GEO_PAT,"Canody, Andrew",1000415298,Right,GEO_PAT,Undefined,1,Bottom,0,0,0,Undefined,Slider,Undefined,Undefined,Undefined,Undefined,0,0,NA,64.64141,1.592218,0.433144,1797.001319,187.970876,12:15:00,3.77957,-0.66041,18.53125,-24.35214,14.09127,1.82366,2.87774,-0.20179,59.70604,-4.375246,0.862157,0.446254,NA,NA,NA,NA,NA,NA,NA,NA,NA,NA,NA,-1.4478,12.26107,0.71792,50,3.48303,-0.62004,-95.99371,4.3982,-1.33329,16.67307,-20.88273,GEO_PAT,NA,SpuhlerFieldMain,NA,NA,20250911-SpuhlerFieldMain-BP-6,af657530-8f46-11f0-b7ac-41d3680bab53,84.46402,NA,NA,4.93537,NA,NA,NA,NA,NA,NA,03ab26eb-edd9-4a16-9496-de4f18636748,2025-09-11,19:36:59,2025-09-11T19:36:59Z,2025-09-11T19:36:59Z,NA,v3,471300,NA,NA,NA,NA,Undefined,GEO_PAT,5b9697b1-8ca6-4044-8cdb-5d541104d5bb,41.97243,-94.58913,8.33654,3.77944,2.63899,-10.44137,0.66095,-0.73237,-0.66665,NA,NA,NA,NA,NA,NA,NA,NA,NA,NA,NA,NA,NA,NA,NA,NA,NA,NA,NA,NA,NA,NA,NA,NA,NA,NA,NA,NA,NA,NA,NA,NA,NA,NA,NA,NA,NA,NA,NA,NA,NA,NA,NA,NA,NA,NA,NA,NA,NA,NA,High,High,High,NA,NA,NA,NA,NA,NA,NA,NA,NA,NA,NA,NA,NA,NA,NA,NA,NA,NA,NA,NA,NA,NA,NA,NA,NA,NA,NA,NA,NA,NA,NA,NA,NA,NA,NA,NA,NA,NA,NA,NA,NA,NA,NA,NA,NA,NA,NA,NA,NA,NA,NA,NA,NA,NA,NA,NA,NA
NA,NA,NA,NA,NA,NA,NA,NA,NA,NA,NA,NA,NA,NA,NA,NA,49,2025-09-11,15:37:06,NA,NA,NA,NA,Undefined,GEO_PAT,"Canody, Andrew",1000415298,Right,GEO_PAT,Undefined,1,Bottom,0,0,0,Undefined,Curveball,Undefined,Undefined,Undefined,Undefined,0,0,NA,56.48335,3.329686,0.25234,2155.676306,78.510852,08:30:00,3.72074,1.4283,18.74183,-50.81448,-1.37839,-12.66363,1.83384,0.55071,53.09081,-8.904175,-2.743883,0.50605,NA,NA,NA,NA,NA,NA,NA,NA,NA,NA,NA,11.35638,-1.76248,-1.36327,50,3.09596,-1.08303,-83.81352,8.00807,8.05697,11.60412,-33.42447,GEO_PAT,NA,SpuhlerFieldMain,NA,NA,20250911-SpuhlerFieldMain-BP-6,b3bac590-8f46-11f0-b7ac-41d3680bab53,74.48361,NA,NA,3.39254,NA,NA,NA,NA,NA,NA,03ab26eb-edd9-4a16-9496-de4f18636748,2025-09-11,19:37:06,2025-09-11T19:37:06Z,2025-09-11T19:37:06Z,NA,v3,471300,NA,NA,NA,NA,Undefined,GEO_PAT,5e04b1ac-5d21-4d68-ba48-394f79ea2284,41.7667,-82.66575,5.80206,3.72454,4.70203,-16.71223,-1.43099,-0.28611,4.02848,NA,NA,NA,NA,NA,NA,NA,NA,NA,NA,NA,NA,NA,NA,NA,NA,NA,NA,NA,NA,NA,NA,NA,NA,NA,NA,NA,NA,NA,NA,NA,NA,NA,NA,NA,NA,NA,NA,NA,NA,NA,NA,NA,NA,NA,NA,NA,NA,NA,NA,High,High,High,NA,NA,NA,NA,NA,NA,NA,NA,NA,NA,NA,NA,NA,NA,NA,NA,NA,NA,NA,NA,NA,NA,NA,NA,NA,NA,NA,NA,NA,NA,NA,NA,NA,NA,NA,NA,NA,NA,NA,NA,NA,NA,NA,NA,NA,NA,NA,NA,NA,NA,NA,NA,NA,NA,NA,NA,NA
NA,NA,NA,NA,NA,NA,NA,NA,NA,NA,NA,NA,NA,NA,NA,NA,50,2025-09-11,15:37:15,NA,NA,NA,NA,Undefined,GEO_PAT,"Canody, Andrew",1000415298,Right,GEO_PAT,Undefined,1,Bottom,0,0,0,Undefined,Slider,Undefined,Undefined,Undefined,Undefined,0,0,NA,63.69261,1.167916,0.777111,1616.794414,175.583216,11:45:00,4.07001,-0.48987000000000003,27.56898,-14.55737,8.85052,-0.64583,3.49963,-0.1161,59.99606,-3.380399,0.581561,0.348219,NA,NA,NA,NA,NA,NA,NA,NA,NA,NA,NA,1.16823,12.7032,0.73439,50,3.39593,-1.45647,-96.19898,5.57672,1.08575,16.06694,-20.36775,GEO_PAT,NA,SpuhlerFieldMain,NA,NA,20250911-SpuhlerFieldMain-BP-6,b8952470-8f46-11f0-b7ac-41d3680bab53,108.24356,NA,NA,3.69655,NA,NA,NA,NA,NA,NA,03ab26eb-edd9-4a16-9496-de4f18636748,2025-09-11,19:37:15,2025-09-11T19:37:15Z,2025-09-11T19:37:15Z,NA,v3,471300,NA,NA,NA,NA,Undefined,GEO_PAT,862891f7-21b6-4126-b6bd-ae411dcba76a,32.93883,-93.30596,8.03347,4.06989,1.90929,-10.18387,0.48973,-1.26096,0.54287,NA,NA,NA,NA,NA,NA,NA,NA,NA,NA,NA,NA,NA,NA,NA,NA,NA,NA,NA,NA,NA,NA,NA,NA,NA,NA,NA,NA,NA,NA,NA,NA,NA,NA,NA,NA,NA,NA,NA,NA,NA,NA,NA,NA,NA,NA,NA,NA,NA,NA,High,High,High,NA,NA,NA,NA,NA,NA,NA,NA,NA,NA,NA,NA,NA,NA,NA,NA,NA,NA,NA,NA,NA,NA,NA,NA,NA,NA,NA,NA,NA,NA,NA,NA,NA,NA,NA,NA,NA,NA,NA,NA,NA,NA,NA,NA,NA,NA,NA,NA,NA,NA,NA,NA,NA,NA,NA,NA,NA
NA,NA,NA,NA,NA,NA,NA,NA,NA,NA,NA,NA,NA,NA,NA,NA,51,2025-09-11,15:37:23,NA,NA,NA,NA,Undefined,GEO_PAT,"Canody, Andrew",1000415298,Right,GEO_PAT,Undefined,1,Bottom,0,0,0,Undefined,Curveball,Undefined,Undefined,Undefined,Undefined,0,0,NA,59.58035,3.259222,-0.254265,2727.51251,68.395999,08:15:00,3.72807,1.41825,18.92428,-48.73747,-4.31252,-13.90434,1.95407,0.0813,55.46757,-8.548551,-3.559359,0.479717,21.5787,-3.470171,-43.608275,7421.633508,NA,NA,NA,13.92039,13.77087,-34.145789,0.344932,12.36741,-4.47748,-1.42407,50,3.10706,-0.43743,-88.59447,8.24305,9.67567,14.50522,-35.67703,GEO_PAT,NA,SpuhlerFieldMain,NA,NA,20250911-SpuhlerFieldMain-BP-6,bdde4ab0-8f46-11f0-b7ac-41d3680bab53,78.57228,2.39302,NA,4.11278,NA,NA,NA,3.69788,2.39302,-0.23325,03ab26eb-edd9-4a16-9496-de4f18636748,2025-09-11,19:37:23,2025-09-11T19:37:23Z,2025-09-11T19:37:23Z,GroundBall,v3,471300,NA,NA,NA,NA,Undefined,GEO_PAT,6bcedf18-215a-43f0-a8b8-e19d205f11ff,41.58427,-87.20571,7.25261,3.73275,4.82726,-17.83851,-1.42161,0.48893,4.83783,143.399246,3.69836,22.8555,-0.51905,NA,NA,NA,NA,NA,NA,2.39335,-1.92765,-14.53256,NA,NA,NA,NA,NA,NA,-0.23394,-21.76309,-0.60582,NA,NA,NA,NA,NA,NA,NA,NA,NA,NA,NA,NA,NA,NA,NA,NA,NA,NA,NA,NA,NA,NA,NA,NA,NA,NA,NA,NA,High,High,High,Low,High,NA,NA,NA,NA,NA,NA,NA,NA,NA,NA,NA,NA,NA,NA,NA,NA,NA,NA,NA,NA,NA,NA,NA,NA,NA,NA,NA,NA,NA,NA,NA,NA,NA,NA,NA,NA,NA,NA,NA,NA,NA,NA,NA,NA,NA,NA,NA,NA,NA,NA,NA,NA,NA,NA,NA
NA,NA,NA,NA,NA,NA,NA,NA,NA,NA,NA,NA,NA,NA,NA,NA,52,2025-09-11,15:37:38,NA,NA,NA,NA,Undefined,GEO_PAT,"Canody, Andrew",1000415298,Right,GEO_PAT,Undefined,1,Bottom,0,0,0,Undefined,Changeup,Undefined,Undefined,Undefined,Undefined,0,0,NA,65.26765,0.696886,0.410156,1481.832897,179.143067,12:00:00,3.94961,-0.60157,27.03453,-14.77887,8.13134,-0.11508,3.10799,-0.38166,61.87404,-3.823407,0.375887,0.344498,NA,NA,NA,NA,NA,NA,NA,NA,NA,NA,NA,0.27043,11.45446,0.72198,50,3.4462,-0.72894,-98.1977,4.73817,0.26501,15.03317,-20.94985,GEO_PAT,NA,SpuhlerFieldMain,NA,NA,20250911-SpuhlerFieldMain-BP-6,c6c0eb60-8f46-11f0-b7ac-41d3680bab53,109.41279,NA,NA,3.39361,NA,NA,NA,NA,NA,NA,03ab26eb-edd9-4a16-9496-de4f18636748,2025-09-11,19:37:38,2025-09-11T19:37:38Z,2025-09-11T19:37:38Z,NA,v3,471300,NA,NA,NA,NA,Undefined,GEO_PAT,8312bc01-a4d4-4a36-af69-e7997cd3f840,33.47313,-95.63413,7.51658,3.94958,1.16564,-10.47492,0.60154,-0.68374,0.13251,NA,NA,NA,NA,NA,NA,NA,NA,NA,NA,NA,NA,NA,NA,NA,NA,NA,NA,NA,NA,NA,NA,NA,NA,NA,NA,NA,NA,NA,NA,NA,NA,NA,NA,NA,NA,NA,NA,NA,NA,NA,NA,NA,NA,NA,NA,NA,NA,NA,NA,High,High,High,NA,NA,NA,NA,NA,NA,NA,NA,NA,NA,NA,NA,NA,NA,NA,NA,NA,NA,NA,NA,NA,NA,NA,NA,NA,NA,NA,NA,NA,NA,NA,NA,NA,NA,NA,NA,NA,NA,NA,NA,NA,NA,NA,NA,NA,NA,NA,NA,NA,NA,NA,NA,NA,NA,NA,NA,NA
NA,NA,NA,NA,NA,NA,NA,NA,NA,NA,NA,NA,NA,NA,NA,NA,53,2025-09-11,15:37:48,NA,NA,NA,NA,Undefined,GEO_PAT,"Canody, Andrew",1000415298,Right,GEO_PAT,Undefined,1,Bottom,0,0,0,Undefined,Curveball,Undefined,Undefined,Undefined,Undefined,0,0,NA,60.79562,3.157755,-0.774242,2478.745027,79.427317,08:45:00,3.73394,1.43243,18.76135,-44.29018,-1.41177,-13.48765,2.26836,-0.23657,56.68924,-7.540998,-3.964561,0.471293,94.51658,20.294926,-0.330966,1788.792128,109.87354,35.74524,5.27266,323.0945,323.0945,8.530731,3.757939,11.66536,-1.71327,-1.51667,50,3.15584,0.43462,-90.29094,7.87314,9.53074,14.41158,-33.57382,GEO_PAT,NA,SpuhlerFieldMain,NA,NA,20250911-SpuhlerFieldMain-BP-6,cc53ebe0-8f46-11f0-b7ac-41d3680bab53,79.97673,44.65775,NA,4.10637,NA,NA,NA,1.82918,2.32267,0.2081,03ab26eb-edd9-4a16-9496-de4f18636748,2025-09-11,19:37:48,2025-09-11T19:37:48Z,2025-09-11T19:37:48Z,LineDrive,v3,471300,NA,NA,NA,NA,Undefined,GEO_PAT,3d2b1a04-66d0-4398-a7c7-5aee3cccf5ba,41.74633,-88.96379,7.20579,3.7385100000000002,4.78137,-16.78691,-1.43624,1.3123,4.76537,217.826071,1.82924,130.0142,-22.51066,4.94793,-1.01223,0.19458,-0.03184,0.0034,-1.5e-4,2.3224,48.08954,-14.14548,0.18515,0.1036,-0.04505,0.00972,-4.7e-4,-6e-5,0.20787,-0.74526,8.10802,-2.45136,0.65504,-0.16766,0.0364,-0.00507,3.1e-4,NA,NA,NA,NA,NA,NA,NA,NA,NA,NA,NA,NA,NA,NA,NA,NA,NA,NA,NA,NA,NA,NA,High,High,High,High,High,NA,NA,NA,NA,NA,NA,NA,NA,NA,NA,NA,NA,NA,NA,NA,NA,NA,NA,NA,NA,NA,NA,NA,NA,NA,NA,NA,NA,NA,NA,NA,NA,NA,NA,NA,NA,NA,NA,NA,NA,NA,NA,NA,NA,NA,NA,NA,NA,NA,NA,NA,NA,NA,NA,NA
NA,NA,NA,NA,NA,NA,NA,NA,NA,NA,NA,NA,NA,NA,NA,NA,54,2025-09-11,15:37:58,NA,NA,NA,NA,Undefined,GEO_PAT,"Canody, Andrew",1000415298,Right,GEO_PAT,Undefined,1,Bottom,0,0,0,Undefined,Changeup,Undefined,Undefined,Undefined,Undefined,0,0,NA,65.35604,1.79739,0.554064,1604.583242,187.953733,12:15:00,3.79568,-0.65402,18.58951,-24.74938,12.37331,1.60205,3.00432,-0.12882,60.96345,-4.235543,0.931449,0.438522,88.99512,3.139752,-26.726515,2946.097253,NA,NA,NA,70.93064,66.19903,-29.31116,0.578455,-1.25323,10.77355,0.72893,50,3.4667,-0.83791,-96.93802,4.84146,-1.19244,15.15856,-21.92296,GEO_PAT,NA,SpuhlerFieldMain,NA,NA,20250911-SpuhlerFieldMain-BP-6,d2ab9bf0-8f46-11f0-b7ac-41d3680bab53,85.95336,3.52264,NA,4.3926,NA,NA,NA,2.02225,2.95418,0.18244,03ab26eb-edd9-4a16-9496-de4f18636748,2025-09-11,19:37:58,2025-09-11T19:37:58Z,2025-09-11T19:37:58Z,GroundBall,v3,471300,NA,NA,NA,NA,Undefined,GEO_PAT,96962b01-1e65-4d4e-83a8-4a40ea842368,41.91575,-95.66551,7.57928,3.79588,3.0011,-10.96148,0.65439,-0.93801,-0.59622,72.195457,2.05247,115.70256,-21.39778,NA,NA,NA,NA,NA,NA,2.97926,6.56346,-20.320430000000002,NA,NA,NA,NA,NA,NA,0.20305,-59.09969,-2.27008,NA,NA,NA,NA,NA,NA,NA,NA,NA,NA,NA,NA,NA,NA,NA,NA,NA,NA,NA,NA,NA,NA,NA,NA,NA,NA,NA,NA,High,High,High,High,High,NA,NA,NA,NA,NA,NA,NA,NA,NA,NA,NA,NA,NA,NA,NA,NA,NA,NA,NA,NA,NA,NA,NA,NA,NA,NA,NA,NA,NA,NA,NA,NA,NA,NA,NA,NA,NA,NA,NA,NA,NA,NA,NA,NA,NA,NA,NA,NA,NA,NA,NA,NA,NA,NA,NA
NA,NA,NA,NA,NA,NA,NA,NA,NA,NA,NA,NA,NA,NA,NA,NA,55,2025-09-11,15:38:29,NA,NA,NA,NA,Undefined,GEO_PAT,"Canody, Andrew",1000415298,Right,GEO_PAT,Undefined,1,Bottom,0,0,0,Undefined,Curveball,Undefined,Undefined,Undefined,Undefined,0,0,NA,64.14109,0.996513,0.29528,1720.801568,165.392251,11:30:00,4.00767,-0.587,27.06409,-15.73733,8.09024,-1.97764,3.25335,-0.58674,60.43363,-3.833273,-0.294251,0.351327,NA,NA,NA,NA,NA,NA,NA,NA,NA,NA,NA,2.845,11.30524,0.70827,50,3.39942,-0.93339,-96.75129,5.37256,2.67866,16.03906,-21.52981,GEO_PAT,NA,SpuhlerFieldMain,NA,NA,20250911-SpuhlerFieldMain-BP-6,e4ff88c0-8f46-11f0-b7ac-41d3680bab53,107.28599,NA,NA,3.70746,NA,NA,NA,NA,NA,NA,03ab26eb-edd9-4a16-9496-de4f18636748,2025-09-11,19:38:29,2025-09-11T19:38:29Z,2025-09-11T19:38:29Z,NA,v3,471300,NA,NA,NA,NA,Undefined,GEO_PAT,85ca4aa3-a23a-4200-83cc-d2187e695421,33.44333,-93.96651,8.01953,4.00772,1.63446,-10.76491,0.58658,-0.4683,1.33933,NA,NA,NA,NA,NA,NA,NA,NA,NA,NA,NA,NA,NA,NA,NA,NA,NA,NA,NA,NA,NA,NA,NA,NA,NA,NA,NA,NA,NA,NA,NA,NA,NA,NA,NA,NA,NA,NA,NA,NA,NA,NA,NA,NA,NA,NA,NA,NA,NA,NA,High,High,High,NA,NA,NA,NA,NA,NA,NA,NA,NA,NA,NA,NA,NA,NA,NA,NA,NA,NA,NA,NA,NA,NA,NA,NA,NA,NA,NA,NA,NA,NA,NA,NA,NA,NA,NA,NA,NA,NA,NA,NA,NA,NA,NA,NA,NA,NA,NA,NA,NA,NA,NA,NA,NA,NA,NA,NA,NA
NA,NA,NA,NA,NA,NA,NA,NA,NA,NA,NA,NA,NA,NA,NA,NA,56,2025-09-11,15:38:43,NA,NA,NA,NA,Undefined,GEO_PAT,"Canody, Andrew",1000415298,Right,GEO_PAT,Undefined,1,Bottom,0,0,0,Undefined,Curveball,Undefined,Undefined,Undefined,Undefined,0,0,NA,63.59936,0.960415,0.874201,1654.541928,172.046631,11:45:00,4.03479,-0.50245,27.37654,-15.73284,8.09189,-1.0578,3.25548,-0.10664,59.78853,-3.920346,0.555813,0.351306,33.02133,-68.146894,74.453738,NA,NA,NA,NA,4.21792,4.20041,19.947766,0.076153,1.77532,11.52103,0.78015,50,3.41444,-1.70549,-96.10267,5.39873,1.6411,16.5001,-21.52394,GEO_PAT,NA,SpuhlerFieldMain,NA,NA,20250911-SpuhlerFieldMain-BP-6,ed1ed970-8f46-11f0-b7ac-41d3680bab53,107.29233,3.50252,NA,3.81082,NA,NA,NA,3.58838,3.50252,0.0857,03ab26eb-edd9-4a16-9496-de4f18636748,2025-09-11,19:38:43,2025-09-11T19:38:43Z,2025-09-11T19:38:43Z,GroundBall,v3,471300,NA,NA,NA,NA,Undefined,GEO_PAT,1a0994aa-8620-465c-b9eb-6205d74af88d,33.13086,-93.16136,8.25005,4.03484,1.56186,-10.76197,0.5022,-1.41295,0.82055,NA,3.587,4.94374,NA,NA,NA,NA,NA,NA,NA,3.5153,-45.99374,NA,NA,NA,NA,NA,NA,NA,0.08076,17.77081,NA,NA,NA,NA,NA,NA,NA,NA,NA,NA,NA,NA,NA,NA,NA,NA,NA,NA,NA,NA,NA,NA,NA,NA,NA,NA,NA,NA,NA,High,High,High,Low,Low,NA,NA,NA,NA,NA,NA,NA,NA,NA,NA,NA,NA,NA,NA,NA,NA,NA,NA,NA,NA,NA,NA,NA,NA,NA,NA,NA,NA,NA,NA,NA,NA,NA,NA,NA,NA,NA,NA,NA,NA,NA,NA,NA,NA,NA,NA,NA,NA,NA,NA,NA,NA,NA,NA,NA
NA,NA,NA,NA,NA,NA,NA,NA,NA,NA,NA,NA,NA,NA,NA,NA,57,2025-09-11,15:38:50,NA,NA,NA,NA,Undefined,GEO_PAT,"Canody, Andrew",1000415298,Right,GEO_PAT,Undefined,1,Bottom,0,0,0,Undefined,Curveball,Undefined,Undefined,Undefined,Undefined,0,0,NA,65.16227,0.222239,0.664736,1705.629425,177.670708,12:00:00,3.91253,-0.52751,26.44466,-14.93784,9.19217,-0.35102,2.79435,-0.17796,61.0724,-4.294194,0.562092,0.353549,89.04386,22.892651,-3.96131,1890.978359,109.80917,41.07934,-6.4689,301.83319,301.83319,-2.483026,3.967384,0.68095,12.58111,0.71789,50,3.57929,-1.21235,-98.35679,3.67172,0.65756,17.67072,-20.02488,GEO_PAT,NA,SpuhlerFieldMain,NA,NA,20250911-SpuhlerFieldMain-BP-6,f16e0f50-8f46-11f0-b7ac-41d3680bab53,106.6115,50.16571,NA,4.08987,NA,NA,NA,2.23336,2.89408,0.1729,03ab26eb-edd9-4a16-9496-de4f18636748,2025-09-11,19:38:50,2025-09-11T19:38:50Z,2025-09-11T19:38:50Z,LineDrive,v3,471300,NA,NA,NA,NA,Undefined,GEO_PAT,9b537dfc-ddbe-422a-aff3-dcfb3fee14ba,34.0621,-95.45046,8.83536,3.91234,0.3782,-10.01244,0.52739,-1.1042,0.32878,184.605156,2.23336,120.02279,-21.81491,4.94024,-1.04837,0.21577,-0.03765,0.00414,-1.9e-4,2.89371,50.8123,-14.45888,0.49743,-8e-4,-0.03948,0.01385,-0.00171,6e-5,0.17292,-8.31176,2.39052,-0.52682,0.10898,-0.02143,0.0035,-3.5e-4,1e-5,NA,NA,NA,NA,NA,NA,NA,NA,NA,NA,NA,NA,NA,NA,NA,NA,NA,NA,NA,NA,NA,NA,High,High,High,Medium,High,NA,NA,NA,NA,NA,NA,NA,NA,NA,NA,NA,NA,NA,NA,NA,NA,NA,NA,NA,NA,NA,NA,NA,NA,NA,NA,NA,NA,NA,NA,NA,NA,NA,NA,NA,NA,NA,NA,NA,NA,NA,NA,NA,NA,NA,NA,NA,NA,NA,NA,NA,NA,NA,NA,NA
NA,NA,NA,NA,NA,NA,NA,NA,NA,NA,NA,NA,NA,NA,NA,NA,58,2025-09-11,15:38:56,NA,NA,NA,NA,Undefined,GEO_PAT,"Canody, Andrew",1000415298,Right,GEO_PAT,Undefined,1,Bottom,0,0,0,Undefined,Curveball,Undefined,Undefined,Undefined,Undefined,0,0,NA,59.55961,2.840894,-0.931924,2766.552446,77.761032,08:30:00,3.76224,1.43846,18.81341,-46.54754,-1.62697,-13.37591,1.88237,-0.33141,55.20849,-8.431563,-4.100828,0.482385,91.32308,31.477962,2.937805,3014.198207,109.09102,60.25429,14.10909,313.24324,313.24324,15.094022,4.796911,11.47327,-1.81512,-1.54781,50,3.22244,0.69158,-88.59642,7.35479,8.92183,15.21242,-33.58553,GEO_PAT,NA,SpuhlerFieldMain,NA,NA,20250911-SpuhlerFieldMain-BP-6,f549e9f0-8f46-11f0-b7ac-41d3680bab53,78.13763,77.29848,NA,4.35112,NA,NA,NA,1.81601,1.94129,0.30289,03ab26eb-edd9-4a16-9496-de4f18636748,2025-09-11,19:38:56,2025-09-11T19:38:56Z,2025-09-11T19:38:56Z,FlyBall,v3,471300,NA,NA,NA,NA,Undefined,GEO_PAT,5ba46413-1016-42b8-abc7-23c2f8680fd0,41.69361,-87.1585,7.60621,3.7676,4.1802,-16.79276,-1.44259,1.5349,4.46091,214.554804,1.81817,114.03812,-23.60054,5.30601,-0.96783,0.15314,-0.02665,0.00399,-2.6e-4,1.94219,69.91096,-17.70596,0.52752,0.29392,-0.19911,0.06073,-0.00878,4.8e-4,0.30212,5.86836,7.53604,-2.59856,0.63059,-0.12319,0.02072,-0.00247,1.3e-4,NA,NA,NA,NA,NA,NA,NA,NA,NA,NA,NA,NA,NA,NA,NA,NA,NA,NA,NA,NA,NA,NA,High,High,High,High,High,NA,NA,NA,NA,NA,NA,NA,NA,NA,NA,NA,NA,NA,NA,NA,NA,NA,NA,NA,NA,NA,NA,NA,NA,NA,NA,NA,NA,NA,NA,NA,NA,NA,NA,NA,NA,NA,NA,NA,NA,NA,NA,NA,NA,NA,NA,NA,NA,NA,NA,NA,NA,NA,NA,NA
NA,NA,NA,NA,NA,NA,NA,NA,NA,NA,NA,NA,NA,NA,NA,NA,59,2025-09-11,15:39:07,NA,NA,NA,NA,Undefined,GEO_PAT,"Canody, Andrew",1000415298,Right,GEO_PAT,Undefined,1,Bottom,0,0,0,Undefined,Changeup,Undefined,Undefined,Undefined,Undefined,0,0,NA,67.34874,0.466914,0.485114,1597.490933,172.183796,11:45:00,3.80329,-0.64231,18.48331,-21.84698,13.53367,-1.72555,2.31367,-0.44226,62.41955,-4.873995,0.079452,0.428109,85.06815,25.030002,-2.103536,1673.606948,109.99761,41.73479,-0.68983,304.00956,304.00956,2.308476,3.992261,1.66413,12.08721,0.7132,50,3.67296,-0.95527,-100.05345,2.42477,1.66886,17.75511,-20.05246,GEO_PAT,NA,SpuhlerFieldMain,NA,NA,20250911-SpuhlerFieldMain-BP-6,fb936930-8f46-11f0-b7ac-41d3680bab53,88.04402,50.13435,NA,4.92919,NA,NA,NA,4.26658,2.54626,0.44692,03ab26eb-edd9-4a16-9496-de4f18636748,2025-09-11,19:39:07,2025-09-11T19:39:07Z,2025-09-11T19:39:07Z,LineDrive,v3,471300,NA,NA,NA,NA,Undefined,GEO_PAT,ab709a84-54f0-4a00-a674-f7d0e93c91d1,42.02215,-98.62758,8.87755,3.80303,0.8144,-10.02623,0.64186,-0.82124,0.83443,202.583848,4.26643,112.98068,-16.26862,3.22131,-0.82938,0.26274,-0.07432,0.01266,-8.8e-4,2.54682,52.76919,-15.98466,0.72294,0.17352,-0.18232,0.07014,-0.01251,8.5e-4,0.44686,-4.14775,3.73113,-1.00632,0.23525,-0.04137,0.00516,-4.3e-4,2e-5,NA,NA,NA,NA,NA,NA,NA,NA,NA,NA,NA,NA,NA,NA,NA,NA,NA,NA,NA,NA,NA,NA,High,High,High,High,Medium,NA,NA,NA,NA,NA,NA,NA,NA,NA,NA,NA,NA,NA,NA,NA,NA,NA,NA,NA,NA,NA,NA,NA,NA,NA,NA,NA,NA,NA,NA,NA,NA,NA,NA,NA,NA,NA,NA,NA,NA,NA,NA,NA,NA,NA,NA,NA,NA,NA,NA,NA,NA,NA,NA,NA
NA,NA,NA,NA,NA,NA,NA,NA,NA,NA,NA,NA,NA,NA,NA,NA,60,2025-09-11,15:39:14,NA,NA,NA,NA,Undefined,GEO_PAT,"Canody, Andrew",1000415298,Right,GEO_PAT,Undefined,1,Bottom,0,0,0,Undefined,Curveball,Undefined,Undefined,Undefined,Undefined,0,0,NA,60.89116,3.097802,-0.926565,2575.085287,74.736681,08:30:00,3.76241,1.44993,18.76039,-44.77176,-1.92228,-11.22331,2.21451,-0.13764,56.64547,-7.721374,-3.581265,0.471134,87.59512,35.111891,12.041396,4151.401034,104.78982,66.9487,33.4528,291.98072,291.98072,28.017667,4.856949,9.59193,-2.14421,-1.56137,50,3.19332,0.81582,-90.45826,7.80401,7.84138,14.84302,-33.92693,GEO_PAT,NA,SpuhlerFieldMain,NA,NA,20250911-SpuhlerFieldMain-BP-6,ffaa5100-8f46-11f0-b7ac-41d3680bab53,80.00373,81.28826,NA,4.24569,NA,NA,NA,2.03883,2.17203,0.12933,03ab26eb-edd9-4a16-9496-de4f18636748,2025-09-11,19:39:14,2025-09-11T19:39:14Z,2025-09-11T19:39:14Z,FlyBall,v3,471300,NA,NA,NA,NA,Undefined,GEO_PAT,7492c882-084d-4ed7-bcce-6654487bf806,41.74687,-89.09374,7.42151,3.76739,4.6851,-16.96347,-1.45324,1.53668,3.92069,218.491869,2.04133,102.73434,-22.48085,4.98645,-0.91327,0.15319,-0.03086,0.005,-3.3e-4,2.173,73.86563,-19.4639,1.08719,0.12678,-0.15468,0.05126,-0.00749,4e-4,0.12999,21.90927,5.3832,-2.26652,0.68544,-0.17651,0.03522,-0.00421,2.1e-4,NA,NA,NA,NA,NA,NA,NA,NA,NA,NA,NA,NA,NA,NA,NA,NA,NA,NA,NA,NA,NA,NA,High,High,High,High,High,NA,NA,NA,NA,NA,NA,NA,NA,NA,NA,NA,NA,NA,NA,NA,NA,NA,NA,NA,NA,NA,NA,NA,NA,NA,NA,NA,NA,NA,NA,NA,NA,NA,NA,NA,NA,NA,NA,NA,NA,NA,NA,NA,NA,NA,NA,NA,NA,NA,NA,NA,NA,NA,NA,NA
NA,NA,NA,NA,NA,NA,NA,NA,NA,NA,NA,NA,NA,NA,NA,NA,61,2025-09-11,15:39:25,NA,NA,NA,NA,Undefined,GEO_PAT,"Canody, Andrew",1000415298,Right,GEO_PAT,Undefined,1,Bottom,0,0,0,Undefined,Curveball,Undefined,Undefined,Undefined,Undefined,0,0,NA,59.90618,0.768528,-1.819235,2571.986437,75.395674,08:30:00,3.99128,1.20082,27.04171,-29.19545,-1.64299,-8.66682,1.98849,-0.53944,56.58906,-8.050308,-4.400595,0.377791,NA,NA,NA,NA,NA,NA,NA,NA,NA,NA,NA,11.4093,-2.11965,-1.5723800000000001,50,3.20997,1.13122,-90.65101,7.37122,9.31739,15.54923,-33.90507,GEO_PAT,NA,SpuhlerFieldMain,NA,NA,20250911-SpuhlerFieldMain-BP-6,0663a910-8f47-11f0-b7ac-41d3680bab53,99.77066,NA,NA,3.31712,NA,NA,NA,NA,NA,NA,03ab26eb-edd9-4a16-9496-de4f18636748,2025-09-11,19:39:25,2025-09-11T19:39:25Z,2025-09-11T19:39:25Z,NA,v3,471300,NA,NA,NA,NA,Undefined,GEO_PAT,3c9cd4c9-b49d-46a7-8c02-31174f9d6080,33.46691,-87.76931,7.77461,3.99381,1.08768,-16.95254,-1.20272,2.85799,4.65869,NA,NA,NA,NA,NA,NA,NA,NA,NA,NA,NA,NA,NA,NA,NA,NA,NA,NA,NA,NA,NA,NA,NA,NA,NA,NA,NA,NA,NA,NA,NA,NA,NA,NA,NA,NA,NA,NA,NA,NA,NA,NA,NA,NA,NA,NA,NA,NA,NA,NA,High,High,High,NA,NA,NA,NA,NA,NA,NA,NA,NA,NA,NA,NA,NA,NA,NA,NA,NA,NA,NA,NA,NA,NA,NA,NA,NA,NA,NA,NA,NA,NA,NA,NA,NA,NA,NA,NA,NA,NA,NA,NA,NA,NA,NA,NA,NA,NA,NA,NA,NA,NA,NA,NA,NA,NA,NA,NA,NA
NA,NA,NA,NA,NA,NA,NA,NA,NA,NA,NA,NA,NA,NA,NA,NA,62,2025-09-11,15:39:33,NA,NA,NA,NA,Undefined,GEO_PAT,"Canody, Andrew",1000415298,Right,GEO_PAT,Undefined,1,Bottom,0,0,0,Undefined,Curveball,Undefined,Undefined,Undefined,Undefined,0,0,NA,57.89047,3.308319,0.238911,2264.244246,79.855697,08:45:00,3.72636,1.42314,18.8481,-47.84223,-0.81547,-11.31875,2.06591,0.64773,54.07732,-8.269623,-2.446148,0.493564,88.56149,2.627926,-46.804224,4508.463404,NA,NA,NA,63.47841,59.74118,-48.085239,0.509135,10.19229,-1.30276,-1.36251,50,3.10404,-1.01614,-85.96964,8.02631,7.56088,12.89502,-33.14045,GEO_PAT,NA,SpuhlerFieldMain,NA,NA,20250911-SpuhlerFieldMain-BP-6,0b547620-8f47-11f0-b7ac-41d3680bab53,76.36783,2.8189,NA,3.81315,NA,NA,NA,2.48016,2.41974,-0.7575,03ab26eb-edd9-4a16-9496-de4f18636748,2025-09-11,19:39:33,2025-09-11T19:39:33Z,2025-09-11T19:39:33Z,GroundBall,v3,471300,NA,NA,NA,NA,Undefined,GEO_PAT,00721b54-d3fb-4d84-afa1-f2353a631077,41.65982,-84.70941,6.44751,3.73018,4.78751,-16.57023,-1.42571,-0.27722,3.78044,NA,2.50296,88.21207,-19.40877,NA,NA,NA,NA,NA,NA,2.43697,5.49974,-20.26575,NA,NA,NA,NA,NA,NA,-0.75551,-94.64815,6.58036,NA,NA,NA,NA,NA,NA,NA,NA,NA,NA,NA,NA,NA,NA,NA,NA,NA,NA,NA,NA,NA,NA,NA,NA,NA,NA,NA,NA,High,High,High,Medium,High,NA,NA,NA,NA,NA,NA,NA,NA,NA,NA,NA,NA,NA,NA,NA,NA,NA,NA,NA,NA,NA,NA,NA,NA,NA,NA,NA,NA,NA,NA,NA,NA,NA,NA,NA,NA,NA,NA,NA,NA,NA,NA,NA,NA,NA,NA,NA,NA,NA,NA,NA,NA,NA,NA,NA
NA,NA,NA,NA,NA,NA,NA,NA,NA,NA,NA,NA,NA,NA,NA,NA,63,2025-09-11,15:39:44,NA,NA,NA,NA,Undefined,GEO_PAT,"Canody, Andrew",1000415298,Right,GEO_PAT,Undefined,1,Bottom,0,0,0,Undefined,Curveball,Undefined,Undefined,Undefined,Undefined,0,0,NA,58.5056,3.211591,-0.60565,2362.606125,72.044243,08:30:00,3.74576,1.44811,18.80902,-49.28451,-2.81351,-12.6589,1.89925,-0.03264,54.3529,-8.708396,-3.605245,0.490639,NA,NA,NA,NA,NA,NA,NA,NA,NA,NA,NA,10.98316,-2.98421,-1.51067,50,3.14432,0.21473,-86.98546,7.9649,8.25854,14.31878,-34.41796,GEO_PAT,NA,SpuhlerFieldMain,NA,NA,20250911-SpuhlerFieldMain-BP-6,11e3ff10-8f47-11f0-b7ac-41d3680bab53,76.8231,NA,NA,4.1527,NA,NA,NA,NA,NA,NA,03ab26eb-edd9-4a16-9496-de4f18636748,2025-09-11,19:39:44,2025-09-11T19:39:44Z,2025-09-11T19:39:44Z,NA,v3,471300,NA,NA,NA,NA,Undefined,GEO_PAT,bc86e6d5-af65-404f-8992-c763a69babed,41.69857,-85.60805,7.15939,3.75127,4.65402,-17.20898,-1.4518,1.00917,4.12927,NA,NA,NA,NA,NA,NA,NA,NA,NA,NA,NA,NA,NA,NA,NA,NA,NA,NA,NA,NA,NA,NA,NA,NA,NA,NA,NA,NA,NA,NA,NA,NA,NA,NA,NA,NA,NA,NA,NA,NA,NA,NA,NA,NA,NA,NA,NA,NA,NA,NA,High,High,High,NA,NA,NA,NA,NA,NA,NA,NA,NA,NA,NA,NA,NA,NA,NA,NA,NA,NA,NA,NA,NA,NA,NA,NA,NA,NA,NA,NA,NA,NA,NA,NA,NA,NA,NA,NA,NA,NA,NA,NA,NA,NA,NA,NA,NA,NA,NA,NA,NA,NA,NA,NA,NA,NA,NA,NA,NA
NA,NA,NA,NA,NA,NA,NA,NA,NA,NA,NA,NA,NA,NA,NA,NA,64,2025-09-11,15:39:53,NA,NA,NA,NA,Undefined,GEO_PAT,"Canody, Andrew",1000415298,Right,GEO_PAT,Undefined,1,Bottom,0,0,0,Undefined,Curveball,Undefined,Undefined,Undefined,Undefined,0,0,NA,64.3926,0.376311,0.143377,1714.210034,172.552328,11:45:00,3.93888,-0.60588,26.64162,-15.14576,9.10827,-1.12382,2.88988,-0.61832,60.73128,-4.21521,-0.187327,0.354457,NA,NA,NA,NA,NA,NA,NA,NA,NA,NA,NA,1.57819,12.60099,0.66542,50,3.54599,-0.48056,-97.04437,4.0343,1.49699,15.94054,-20.22123,GEO_PAT,NA,SpuhlerFieldMain,NA,NA,20250911-SpuhlerFieldMain-BP-6,16f12dc0-8f47-11f0-b7ac-41d3680bab53,106.3386,NA,NA,3.66132,NA,NA,NA,NA,NA,NA,03ab26eb-edd9-4a16-9496-de4f18636748,2025-09-11,19:39:53,2025-09-11T19:39:53Z,2025-09-11T19:39:53Z,NA,v3,471300,NA,NA,NA,NA,Undefined,GEO_PAT,260ef566-0963-4185-85d8-3596cefaee71,33.86611,-94.357,7.97027,3.93877,0.62527,-10.11062,0.60568,-0.22819,0.7485,NA,NA,NA,NA,NA,NA,NA,NA,NA,NA,NA,NA,NA,NA,NA,NA,NA,NA,NA,NA,NA,NA,NA,NA,NA,NA,NA,NA,NA,NA,NA,NA,NA,NA,NA,NA,NA,NA,NA,NA,NA,NA,NA,NA,NA,NA,NA,NA,NA,NA,High,High,High,NA,NA,NA,NA,NA,NA,NA,NA,NA,NA,NA,NA,NA,NA,NA,NA,NA,NA,NA,NA,NA,NA,NA,NA,NA,NA,NA,NA,NA,NA,NA,NA,NA,NA,NA,NA,NA,NA,NA,NA,NA,NA,NA,NA,NA,NA,NA,NA,NA,NA,NA,NA,NA,NA,NA,NA,NA
NA,NA,NA,NA,NA,NA,NA,NA,NA,NA,NA,NA,NA,NA,NA,NA,65,2025-09-11,15:40:13,NA,NA,NA,NA,Undefined,GEO_PAT,"Canody, Andrew",1000415298,Right,GEO_PAT,Undefined,1,Bottom,0,0,0,Undefined,Curveball,Undefined,Undefined,Undefined,Undefined,0,0,NA,64.13383,1.092787,1.17153,1722.755318,172.657832,11:45:00,4.06301,-0.46517,27.46429,-15.17418,7.83174,-0.95642,3.40194,0.10194,61.04249,-3.59939,0.882986,0.345216,NA,NA,NA,NA,NA,NA,NA,NA,NA,NA,NA,1.67201,11.25442,0.83141,50,3.40261,-2.19818,-96.38779,5.62076,1.5881,13.63318,-21.48445,GEO_PAT,NA,SpuhlerFieldMain,NA,NA,20250911-SpuhlerFieldMain-BP-6,22ee06c0-8f47-11f0-b7ac-41d3680bab53,109.185,NA,NA,3.09134,NA,NA,NA,NA,NA,NA,03ab26eb-edd9-4a16-9496-de4f18636748,2025-09-11,19:40:13,2025-09-11T19:40:13Z,2025-09-11T19:40:13Z,NA,v3,471300,NA,NA,NA,NA,Undefined,GEO_PAT,ed5bb4b8-3baa-4248-9567-d43fdbc77c48,33.04383,-93.95889,6.81659,4.06303,1.79307,-10.74222,0.46499,-1.91524,0.79405,NA,NA,NA,NA,NA,NA,NA,NA,NA,NA,NA,NA,NA,NA,NA,NA,NA,NA,NA,NA,NA,NA,NA,NA,NA,NA,NA,NA,NA,NA,NA,NA,NA,NA,NA,NA,NA,NA,NA,NA,NA,NA,NA,NA,NA,NA,NA,NA,NA,NA,High,High,High,NA,NA,NA,NA,NA,NA,NA,NA,NA,NA,NA,NA,NA,NA,NA,NA,NA,NA,NA,NA,NA,NA,NA,NA,NA,NA,NA,NA,NA,NA,NA,NA,NA,NA,NA,NA,NA,NA,NA,NA,NA,NA,NA,NA,NA,NA,NA,NA,NA,NA,NA,NA,NA,NA,NA,NA,NA
NA,NA,NA,NA,NA,NA,NA,NA,NA,NA,NA,NA,NA,NA,NA,NA,66,2025-09-11,15:40:19,NA,NA,NA,NA,Undefined,GEO_PAT,"Canody, Andrew",1000415298,Right,GEO_PAT,Undefined,1,Bottom,0,0,0,Undefined,Slider,Undefined,Undefined,Undefined,Undefined,0,0,NA,65.55981,-0.109301,0.481369,1587.605606,180.44327,12:00:00,3.84237,-0.57956,26.39416,-15.80867,7.99737,0.05783,2.4626,-0.30002,61.7577,-4.857066,0.498266,0.351168,18.60456,-65.648309,22.172027,NA,NA,NA,NA,6.31363,5.90476,6.562971,0.112394,0.06717,11.05682,0.71208,50,3.58919,-0.81828,-98.82857,3.29172,0.06589,16.93962,-21.3271,GEO_PAT,NA,SpuhlerFieldMain,NA,NA,20250911-SpuhlerFieldMain-BP-6,263fa2c0-8f47-11f0-b7ac-41d3680bab53,107.33447,2.99296,NA,3.80211,NA,NA,NA,NA,NA,NA,03ab26eb-edd9-4a16-9496-de4f18636748,2025-09-11,19:40:19,2025-09-11T19:40:19Z,2025-09-11T19:40:19Z,GroundBall,v3,471300,NA,NA,NA,NA,Undefined,GEO_PAT,578285f6-ea95-490f-a973-1e710191b0cc,34.1136,-96.06699,8.46981,3.84241,-0.18512,-10.66355,0.57956,-0.80754,0.03294,NA,5.10243,10.4195,-0.09992,NA,NA,NA,NA,NA,NA,2.99297,-24.86059,-15.73772,NA,NA,NA,NA,NA,NA,0.23404,4.24182,0.85401,NA,NA,NA,NA,NA,NA,NA,NA,NA,NA,NA,NA,NA,NA,NA,NA,NA,NA,NA,NA,NA,NA,NA,NA,NA,NA,NA,NA,High,High,High,Low,Low,NA,NA,NA,NA,NA,NA,NA,NA,NA,NA,NA,NA,NA,NA,NA,NA,NA,NA,NA,NA,NA,NA,NA,NA,NA,NA,NA,NA,NA,NA,NA,NA,NA,NA,NA,NA,NA,NA,NA,NA,NA,NA,NA,NA,NA,NA,NA,NA,NA,NA,NA,NA,NA,NA,NA
NA,NA,NA,NA,NA,NA,NA,NA,NA,NA,NA,NA,NA,NA,NA,NA,67,2025-09-11,15:40:25,NA,NA,NA,NA,Undefined,GEO_PAT,"Canody, Andrew",1000415298,Right,GEO_PAT,Undefined,1,Bottom,0,0,0,Undefined,Slider,Undefined,Undefined,Undefined,Undefined,0,0,NA,65.14809,2.322478,0.673086,1774.757668,183.300856,12:00:00,3.78955,-0.64901,18.56872,-24.15545,13.09619,0.7063,3.42026,-0.11406,60.97979,-3.558537,0.839333,0.439283,98.27334,6.066824,-12.409609,6242.752707,NA,NA,NA,130.36655,130.36655,-11.311733,0.997769,-0.44595,11.28642,0.74222,50,3.38828,-1.08979,-96.52447,5.67607,-0.42339,14.13855,-21.45894,GEO_PAT,NA,SpuhlerFieldMain,NA,NA,20250911-SpuhlerFieldMain-BP-6,29ddd820-8f47-11f0-b7ac-41d3680bab53,85.8045,6.43748,NA,4.16829,NA,NA,NA,2.36138,3.5241,0.22731,03ab26eb-edd9-4a16-9496-de4f18636748,2025-09-11,19:40:25,2025-09-11T19:40:25Z,2025-09-11T19:40:25Z,GroundBall,v3,471300,NA,NA,NA,NA,Undefined,GEO_PAT,15565c1a-0567-44ff-872e-b4953c9a52ec,41.93681,-95.33609,7.06928,3.78956,3.87239,-10.72947,0.64913,-1.12537,-0.21169,321.415752,2.43888,138.91524,-13.33955,NA,NA,NA,NA,NA,NA,3.59842,14.21724,-17.93181,NA,NA,NA,NA,NA,NA,0.19238,-30.32023,4.54081,NA,NA,NA,NA,NA,NA,NA,NA,NA,NA,NA,NA,NA,NA,NA,NA,NA,NA,NA,NA,NA,NA,NA,NA,NA,NA,NA,NA,High,High,High,High,High,NA,NA,NA,NA,NA,NA,NA,NA,NA,NA,NA,NA,NA,NA,NA,NA,NA,NA,NA,NA,NA,NA,NA,NA,NA,NA,NA,NA,NA,NA,NA,NA,NA,NA,NA,NA,NA,NA,NA,NA,NA,NA,NA,NA,NA,NA,NA,NA,NA,NA,NA,NA,NA,NA,NA
NA,NA,NA,NA,NA,NA,NA,NA,NA,NA,NA,NA,NA,NA,NA,NA,68,2025-09-11,15:40:33,NA,NA,NA,NA,Undefined,GEO_PAT,"Canody, Andrew",1000415298,Right,GEO_PAT,Undefined,1,Bottom,0,0,0,Undefined,Curveball,Undefined,Undefined,Undefined,Undefined,0,0,NA,60.0001,1.026831,-1.470546,2668.070166,74.611998,08:30:00,4.00758,1.19621,27.39491,-28.73108,-1.99831,-9.2976,2.18165,-0.39233,56.8907,-7.741546,-4.272006,0.372129,87.84571,11.26651,12.816639,2700.912628,105.2476,14.7449,31.98276,205.53836,205.53836,20.469462,2.120838,12.69135,-2.70961,-1.45307,50,3.11535,0.35964,-90.72282,7.98611,10.4483,14.78506,-34.40476,GEO_PAT,NA,SpuhlerFieldMain,NA,NA,20250911-SpuhlerFieldMain-BP-6,2edab320-8f47-11f0-b7ac-41d3680bab53,101.2887,14.73984,NA,3.1094,NA,NA,NA,1.10154,2.14267,0.39729,03ab26eb-edd9-4a16-9496-de4f18636748,2025-09-11,19:40:33,2025-09-11T19:40:33Z,2025-09-11T19:40:33Z,LineDrive,v3,471300,NA,NA,NA,NA,Undefined,GEO_PAT,750ec107-d402-4a53-aa62-0562106ac2a1,33.11401,-87.92787,7.39253,4.0103,1.48226,-17.20238,-1.1984,2.33478,5.22415,232.495446,1.10155,123.20894,-22.39323,4.67204,-1.06028,0.35367,-0.14193,0.0373,-0.00415,2.14265,25.17244,-12.6136,-0.14119,0.38212,-0.33722,0.18932,-0.0545,0.00631,0.39726,28.0307,5.39434,-2.20565,0.87135,-0.47916,0.23316,-0.06483,0.00741,NA,NA,NA,NA,NA,NA,NA,NA,NA,NA,NA,NA,NA,NA,NA,NA,NA,NA,NA,NA,NA,NA,High,High,High,High,High,NA,NA,NA,NA,NA,NA,NA,NA,NA,NA,NA,NA,NA,NA,NA,NA,NA,NA,NA,NA,NA,NA,NA,NA,NA,NA,NA,NA,NA,NA,NA,NA,NA,NA,NA,NA,NA,NA,NA,NA,NA,NA,NA,NA,NA,NA,NA,NA,NA,NA,NA,NA,NA,NA,NA
NA,NA,NA,NA,NA,NA,NA,NA,NA,NA,NA,NA,NA,NA,NA,NA,69,2025-09-11,15:51:17,NA,NA,NA,NA,Undefined,GEO_PAT,"Canody, Andrew",1000415298,Right,GEO_PAT,Undefined,1,Bottom,0,0,0,Undefined,Slider,Undefined,Undefined,Undefined,Undefined,0,0,NA,64.67791,1.046411,1.022367,1608.950157,167.034225,11:30:00,4.06282,-0.49253,27.52753,-14.66828,8.03697,-1.74484,3.41711,-0.07462,61.07475,-3.51924,0.494729,0.342953,100.80312,18.123897,-10.613983,2247.146367,108.6619,36.80462,-17.10509,378.56748,378.56748,-5.446757,4.414135,2.7965,11.54461,0.83096,50,3.42544,-2.15171,-97.54386,5.46698,2.68514,15.83385,-21.08922,GEO_PAT,NA,SpuhlerFieldMain,NA,NA,20250911-SpuhlerFieldMain-BP-6,aef69be0-8f48-11f0-b7ac-41d3680bab53,109.90555,54.60426,NA,3.60316,NA,NA,NA,2.20184,3.50352,0.06717,03ab26eb-edd9-4a16-9496-de4f18636748,2025-09-11,19:51:17,2025-09-11T19:51:17Z,2025-09-11T19:51:17Z,LineDrive,v3,471300,NA,NA,NA,NA,Undefined,GEO_PAT,c2a53cc9-97ce-45cb-adf0-95b61c545beb,32.97995,-94.7408,7.91692,4.0628,1.73356,-10.54461,0.49212,-1.67636,1.34257,195.785827,2.20115,138.12265,-25.34536,5.88466,-1.28044,0.2784,-0.05193,0.00621,-3.2e-4,3.50494,45.94979,-8.55009,-1.75949,0.81355,-0.28236,0.06535,-0.00815,4.1e-4,0.06734,-25.88632,9.21517,-2.43412,0.57654,-0.12864,0.02357,-0.00276,1.4e-4,NA,NA,NA,NA,NA,NA,NA,NA,NA,NA,NA,NA,NA,NA,NA,NA,NA,NA,NA,NA,NA,NA,High,High,High,High,High,NA,NA,NA,NA,NA,NA,NA,NA,NA,NA,NA,NA,NA,NA,NA,NA,NA,NA,NA,NA,NA,NA,NA,NA,NA,NA,NA,NA,NA,NA,NA,NA,NA,NA,NA,NA,NA,NA,NA,NA,NA,NA,NA,NA,NA,NA,NA,NA,NA,NA,NA,NA,NA,NA,NA
NA,NA,NA,NA,NA,NA,NA,NA,NA,NA,NA,NA,NA,NA,NA,NA,70,2025-09-11,15:51:40,NA,NA,NA,NA,Undefined,GEO_PAT,"Canody, Andrew",1000415298,Right,GEO_PAT,Undefined,1,Bottom,0,0,0,Undefined,Curveball,Undefined,Undefined,Undefined,Undefined,0,0,NA,60.04687,0.76069,-1.624025,2713.631155,73.727134,08:30:00,4.01837,1.25149,27.34354,-29.11202,-2.32445,-9.88359,2.01409,-0.47231,56.98258,-8.100034,-4.597142,0.37251,96.09576,5.125817,6.610788,1982.616559,108.05745,4.58931,20.57878,153.3553,153.3553,12.356559,1.282504,13.46268,-3.12453,-1.54131,50,3.20203,0.48318,-90.80782,7.6206,11.09639,14.89755,-34.7494,GEO_PAT,NA,SpuhlerFieldMain,NA,NA,20250911-SpuhlerFieldMain-BP-6,bcb65a90-8f48-11f0-b7ac-41d3680bab53,101.18508,5.6117,NA,3.06429,NA,NA,NA,1.23603,2.01771,0.41687,03ab26eb-edd9-4a16-9496-de4f18636748,2025-09-11,19:51:40,2025-09-11T19:51:40Z,2025-09-11T19:51:40Z,GroundBall,v3,471300,NA,NA,NA,NA,Undefined,GEO_PAT,51509511-071e-4651-80fb-29a3e698682a,33.16558,-88.00271,7.44878,4.02093,1.07752,-17.3747,-1.25362,2.57256,5.5482,241.073404,1.51299,136.45907,-16.39346,NA,NA,NA,NA,NA,NA,2.01886,12.60387,-11.05857,NA,NA,NA,NA,NA,NA,0.22988,18.21917,5.7021,NA,NA,NA,NA,NA,NA,NA,NA,NA,NA,NA,NA,NA,NA,NA,NA,NA,NA,NA,NA,NA,NA,NA,NA,NA,NA,NA,NA,High,High,High,High,High,NA,NA,NA,NA,NA,NA,NA,NA,NA,NA,NA,NA,NA,NA,NA,NA,NA,NA,NA,NA,NA,NA,NA,NA,NA,NA,NA,NA,NA,NA,NA,NA,NA,NA,NA,NA,NA,NA,NA,NA,NA,NA,NA,NA,NA,NA,NA,NA,NA,NA,NA,NA,NA,NA,NA
NA,NA,NA,NA,NA,NA,NA,NA,NA,NA,NA,NA,NA,NA,NA,NA,71,2025-09-11,15:51:48,NA,NA,NA,NA,Undefined,GEO_PAT,"Canody, Andrew",1000415298,Right,GEO_PAT,Undefined,1,Bottom,0,0,0,Undefined,Changeup,Undefined,Undefined,Undefined,Undefined,0,0,NA,64.85429,1.115215,0.580062,1480.253629,161.325947,11:30:00,4.05585,-0.52228,27.10315,-14.62497,8.53276,-2.72851,3.45987,-0.42578,61.31812,-3.377297,-0.234052,0.346354,32.19004,-21.977509,16.523983,NA,NA,NA,NA,11.93382,11.68686,12.435544,0.168239,3.99811,11.93898,0.74143,50,3.43007,-1.60771,-97.68142,5.41059,3.86121,15.45136,-20.64391,GEO_PAT,NA,SpuhlerFieldMain,NA,NA,20250911-SpuhlerFieldMain-BP-6,c16e6460-8f48-11f0-b7ac-41d3680bab53,108.82647,3.38746,NA,3.53616,NA,NA,NA,4.69558,3.38746,0.53481,03ab26eb-edd9-4a16-9496-de4f18636748,2025-09-11,19:51:48,2025-09-11T19:51:48Z,2025-09-11T19:51:48Z,GroundBall,v3,471300,NA,NA,NA,NA,Undefined,GEO_PAT,f71336a7-ac4e-4ce0-b537-e00b61532ee4,33.40476,-95.02011,7.72568,4.05577,1.85493,-10.32196,0.5218,-0.94266,1.9306,74.750401,4.69559,41.97255,-3.64493,NA,NA,NA,NA,NA,NA,3.38767,-17.68482,-14.57738,NA,NA,NA,NA,NA,NA,0.53481,12.45189,-2.11501,NA,NA,NA,NA,NA,NA,NA,NA,NA,NA,NA,NA,NA,NA,NA,NA,NA,NA,NA,NA,NA,NA,NA,NA,NA,NA,NA,NA,High,High,High,High,High,NA,NA,NA,NA,NA,NA,NA,NA,NA,NA,NA,NA,NA,NA,NA,NA,NA,NA,NA,NA,NA,NA,NA,NA,NA,NA,NA,NA,NA,NA,NA,NA,NA,NA,NA,NA,NA,NA,NA,NA,NA,NA,NA,NA,NA,NA,NA,NA,NA,NA,NA,NA,NA,NA,NA
NA,NA,NA,NA,NA,NA,NA,NA,NA,NA,NA,NA,NA,NA,NA,NA,72,2025-09-11,15:53:42,NA,NA,NA,NA,Undefined,GEO_PAT,"S, Cooper",1115,Right,GEO_PAT,Undefined,1,Bottom,0,0,0,Undefined,Changeup,Undefined,Undefined,Undefined,Undefined,0,0,NA,67.29309,0.484209,0.375378,1565.393779,182.767304,12:00:00,3.79565,-0.69016,18.48115,-21.55383,13.9102,0.62535,2.34273,-0.37198,62.32677,-4.790069,0.522369,0.428613,92.59398,4.560273,-12.163259,1071.353814,NA,NA,NA,97.12716,94.78368,-14.60058,0.776448,-0.42854,12.40127,0.74127,50,3.66328,-0.61672,-99.95193,2.43616,-0.42883,17.73433,-19.76403,GEO_PAT,NA,SpuhlerFieldMain,NA,NA,20250911-SpuhlerFieldMain-BP-6,0536afe0-8f49-11f0-b7ac-41d3680bab53,87.94045,4.00205,NA,4.96632,NA,NA,NA,1.93095,2.4563,0.36577,03ab26eb-edd9-4a16-9496-de4f18636748,2025-09-11,19:53:42,2025-09-11T19:53:42Z,2025-09-11T19:53:42Z,GroundBall,v3,471300,NA,NA,NA,NA,Undefined,GEO_PAT,c65362d0-5ba6-4ef1-a09b-1dba3df3b598,42.02338,-98.52649,8.86717,3.79525,0.84757,-9.88201,0.69031,-0.65118,-0.21442,80.205928,1.98356,131.41631,-16.71903,NA,NA,NA,NA,NA,NA,2.4918,10.17776,-17.29592,NA,NA,NA,NA,NA,NA,0.39788,-29.08971,-3.8548,NA,NA,NA,NA,NA,NA,NA,NA,NA,NA,NA,NA,NA,NA,NA,NA,NA,NA,NA,NA,NA,NA,NA,NA,NA,NA,NA,NA,High,High,High,High,High,NA,NA,NA,NA,NA,NA,NA,NA,NA,NA,NA,NA,NA,NA,NA,NA,NA,NA,NA,NA,NA,NA,NA,NA,NA,NA,NA,NA,NA,NA,NA,NA,NA,NA,NA,NA,NA,NA,NA,NA,NA,NA,NA,NA,NA,NA,NA,NA,NA,NA,NA,NA,NA,NA,NA
NA,NA,NA,NA,NA,NA,NA,NA,NA,NA,NA,NA,NA,NA,NA,NA,73,2025-09-11,15:53:52,NA,NA,NA,NA,Undefined,GEO_PAT,"S, Cooper",1115,Right,GEO_PAT,Undefined,1,Bottom,0,0,0,Undefined,Changeup,Undefined,Undefined,Undefined,Undefined,0,0,NA,66.93836,1.005081,1.008437,1660.018756,169.134318,11:45:00,3.80308,-0.68798,18.48452,-21.87926,14.23198,-2.52697,2.69235,-0.18376,61.50999,-4.373837,0.414608,0.432507,91.17218,22.095101,1.411901,2062.370867,109.81195,39.90151,6.42885,307.08941,307.08941,6.809926,3.902144,2.53461,12.49851,0.83263,50,3.59722,-1.90095,-99.49355,3.34539,2.48951,18.95826,-19.89796,GEO_PAT,NA,SpuhlerFieldMain,NA,NA,20250911-SpuhlerFieldMain-BP-6,0afb20a0-8f49-11f0-b7ac-41d3680bab53,87.14884,49.00725,NA,5.42837,NA,NA,NA,1.79767,2.75997,0.1833,03ab26eb-edd9-4a16-9496-de4f18636748,2025-09-11,19:53:52,2025-09-11T19:53:52Z,2025-09-11T19:53:52Z,LineDrive,v3,471300,NA,NA,NA,NA,Undefined,GEO_PAT,cd523c4e-ef60-492f-b27f-1378b2c0685d,42.01934,-97.96105,9.47913,3.80264,1.73693,-9.94898,0.6871,-1.69971,1.24476,201.232253,1.79761,123.8617,-23.28153,5.41586,-1.12988,0.20909,-0.02993,0.00254,-8e-5,2.75983,50.30364,-14.09474,0.15493,0.02624,0.02688,-0.01797,0.00427,-3.6e-4,0.18324,3.0551,3.87616,-1.20142,0.29195,-0.05378,0.00664,-4.8e-4,2e-5,NA,NA,NA,NA,NA,NA,NA,NA,NA,NA,NA,NA,NA,NA,NA,NA,NA,NA,NA,NA,NA,NA,High,High,High,High,High,NA,NA,NA,NA,NA,NA,NA,NA,NA,NA,NA,NA,NA,NA,NA,NA,NA,NA,NA,NA,NA,NA,NA,NA,NA,NA,NA,NA,NA,NA,NA,NA,NA,NA,NA,NA,NA,NA,NA,NA,NA,NA,NA,NA,NA,NA,NA,NA,NA,NA,NA,NA,NA,NA,NA
NA,NA,NA,NA,NA,NA,NA,NA,NA,NA,NA,NA,NA,NA,NA,NA,74,2025-09-11,15:54:02,NA,NA,NA,NA,Undefined,GEO_PAT,"S, Cooper",1115,Right,GEO_PAT,Undefined,1,Bottom,0,0,0,Undefined,Changeup,Undefined,Undefined,Undefined,Undefined,0,0,NA,67.2132,0.872594,0.127353,1564.142159,175.127675,11:45:00,3.79438,-0.69691,18.47731,-20.85198,14.76048,-1.1739,2.67532,-0.70445,62.11067,-4.24569,-0.148506,0.429509,81.1562,35.462877,33.482902,4837.789915,85.53505,64.635,69.1641,268.1042,259.87752,47.147055,4.493162,1.05744,13.00461,0.7166,50,3.60896,-0.29198,-99.82889,3.06889,1.05395,17.91931,-19.21229,GEO_PAT,NA,SpuhlerFieldMain,NA,NA,20250911-SpuhlerFieldMain-BP-6,10fdabd0-8f49-11f0-b7ac-41d3680bab53,87.75703,72.49366,NA,5.10253,NA,NA,NA,0.82881,2.63009,0.66204,03ab26eb-edd9-4a16-9496-de4f18636748,2025-09-11,19:54:02,2025-09-11T19:54:02Z,2025-09-11T19:54:02Z,FlyBall,v3,471300,NA,NA,NA,NA,Undefined,GEO_PAT,89edcff4-5e83-4a5b-9de3-a35bf4a9c388,42.02652,-98.38724,8.95966,3.79369,1.52322,-9.60614,0.69652,-0.20719,0.52698,213.576075,0.82887,80.85858,-19.52823,4.72716,-1.102,0.27187,-0.05845,0.00783,-4.4e-4,2.63061,69.04403,-19.37479,1.39096,-0.04157,-0.10221,0.03904,-0.00597,3.3e-4,0.66141,53.50071,-4.15269,0.88846,-0.24607,0.07872,-0.01916,0.00261,-1.4e-4,NA,NA,NA,NA,NA,NA,NA,NA,NA,NA,NA,NA,NA,NA,NA,NA,NA,NA,NA,NA,NA,NA,High,High,High,High,High,NA,NA,NA,NA,NA,NA,NA,NA,NA,NA,NA,NA,NA,NA,NA,NA,NA,NA,NA,NA,NA,NA,NA,NA,NA,NA,NA,NA,NA,NA,NA,NA,NA,NA,NA,NA,NA,NA,NA,NA,NA,NA,NA,NA,NA,NA,NA,NA,NA,NA,NA,NA,NA,NA,NA
NA,NA,NA,NA,NA,NA,NA,NA,NA,NA,NA,NA,NA,NA,NA,NA,75,2025-09-11,15:54:14,NA,NA,NA,NA,Undefined,GEO_PAT,"S, Cooper",1115,Right,GEO_PAT,Undefined,1,Bottom,0,0,0,Undefined,Changeup,Undefined,Undefined,Undefined,Undefined,0,0,NA,64.57006,0.614646,0.411746,1855.49869,180.687753,12:00:00,3.80876,-0.68147,18.476680000000002,-22.6134,15.94147,0.17858,2.36005,-0.3747,59.78474,-4.927051,0.453714,0.446901,86.4304,7.180938,-24.119107,2110.274978,NA,NA,NA,111.50987,107.91582,-27.714005,0.96683,-0.0274,14.16938,0.7384,50,3.65434,-0.67875,-95.91147,2.63777,-0.02521,16.45859,-19.13018,GEO_PAT,NA,SpuhlerFieldMain,NA,NA,20250911-SpuhlerFieldMain-BP-6,18091b80-8f49-11f0-b7ac-41d3680bab53,84.3419,5.60517,NA,4.78532,NA,NA,NA,2.58783,2.47587,0.35904,03ab26eb-edd9-4a16-9496-de4f18636748,2025-09-11,19:54:14,2025-09-11T19:54:14Z,2025-09-11T19:54:14Z,GroundBall,v3,471300,NA,NA,NA,NA,Undefined,GEO_PAT,2e0be401-36bd-4497-8216-a88283597483,42.02784,-94.53354,8.22929,3.80813,1.03617,-9.56509,0.68148,-0.68086,-0.0126,79.562089,2.58783,114.79022,-18.18892,2.83653,-0.51928,0.03358,0.02844,-0.02016,0.005,2.47587,15.846,-20.91298,2.3116,-0.46196,0.0857,-0.00302,-0.00552,0.00171,0.35904,-51.39375,-4.42025,2.30989,-0.67135,0.10675,0.04535,-0.04248,0.01124,NA,NA,NA,NA,NA,NA,NA,NA,NA,NA,NA,NA,NA,NA,NA,NA,NA,NA,NA,NA,NA,NA,High,High,High,High,High,NA,NA,NA,NA,NA,NA,NA,NA,NA,NA,NA,NA,NA,NA,NA,NA,NA,NA,NA,NA,NA,NA,NA,NA,NA,NA,NA,NA,NA,NA,NA,NA,NA,NA,NA,NA,NA,NA,NA,NA,NA,NA,NA,NA,NA,NA,NA,NA,NA,NA,NA,NA,NA,NA,NA
NA,NA,NA,NA,NA,NA,NA,NA,NA,NA,NA,NA,NA,NA,NA,NA,76,2025-09-11,15:54:34,NA,NA,NA,NA,Undefined,GEO_PAT,"Tignor, Laken",1000091229,Right,GEO_PAT,Undefined,1,Bottom,0,0,0,Undefined,Changeup,Undefined,Undefined,Undefined,Undefined,0,0,NA,64.86666,1.400037,0.951036,1788.213529,175.743138,11:45:00,3.7892,-0.69427,18.48281,-23.49552,14.35048,-0.99957,2.82389,-0.10342,60.56979,-4.322582,0.71621,0.44277300000000003,85.50776,6.970987,-25.135931,2641.308045,NA,NA,NA,94.00451,91.30087,-26.567261,0.815112,1.13862,12.57512,0.82864,50,3.52333,-1.65821,-96.19846,4.03319,1.06808,14.7795,-20.3781,GEO_PAT,NA,SpuhlerFieldMain,NA,NA,20250911-SpuhlerFieldMain-BP-6,246ea160-8f49-11f0-b7ac-41d3680bab53,85.12812,5.30452,NA,4.29686,NA,NA,NA,2.48763,2.92496,0.1711,03ab26eb-edd9-4a16-9496-de4f18636748,2025-09-11,19:54:34,2025-09-11T19:54:34Z,2025-09-11T19:54:34Z,GroundBall,v3,471300,NA,NA,NA,NA,Undefined,GEO_PAT,24cbc015-10be-466c-be22-d7144691a3a8,42.02277,-94.96497,7.38975,3.78897,2.33244,-10.18905,0.69396,-1.56907,0.53404,48.684758,2.48763,112.69578,-17.69044,3.23705,-0.70016,0.13374,-0.02902,0.00619,-8.7e-4,2.92496,15.22075,-25.24624,3.14346,-0.69536,0.15207,-0.03191,0.0066,-8.7e-4,0.1711,-52.87677,0.60057,1.16188,-0.40442,0.12116,-0.02942,0.00628,-7.7e-4,NA,NA,NA,NA,NA,NA,NA,NA,NA,NA,NA,NA,NA,NA,NA,NA,NA,NA,NA,NA,NA,NA,High,High,High,High,High,NA,NA,NA,NA,NA,NA,NA,NA,NA,NA,NA,NA,NA,NA,NA,NA,NA,NA,NA,NA,NA,NA,NA,NA,NA,NA,NA,NA,NA,NA,NA,NA,NA,NA,NA,NA,NA,NA,NA,NA,NA,NA,NA,NA,NA,NA,NA,NA,NA,NA,NA,NA,NA,NA,NA
NA,NA,NA,NA,NA,NA,NA,NA,NA,NA,NA,NA,NA,NA,NA,NA,77,2025-09-11,15:54:41,NA,NA,NA,NA,Undefined,GEO_PAT,"Tignor, Laken",1000091229,Right,GEO_PAT,Undefined,1,Bottom,0,0,0,Undefined,Changeup,Undefined,Undefined,Undefined,Undefined,0,0,NA,65.25925,2.469434,0.900239,1518.11101,171.166351,11:45:00,3.80781,-0.68964,18.50599,-25.79938,11.45075,-1.64732,3.40845,-0.18915,61.08386,-3.788237,0.513117,0.439274,NA,NA,NA,NA,NA,NA,NA,NA,NA,NA,NA,1.6398,9.8078,0.8177,50,3.38713,-1.61141,-96.58364,6.00784,1.562,13.8559,-22.83156,GEO_PAT,NA,SpuhlerFieldMain,NA,NA,20250911-SpuhlerFieldMain-BP-6,28bf84f0-8f49-11f0-b7ac-41d3680bab53,85.80622,NA,NA,4.17539,NA,NA,NA,NA,NA,NA,03ab26eb-edd9-4a16-9496-de4f18636748,2025-09-11,19:54:41,2025-09-11T19:54:41Z,2025-09-11T19:54:41Z,NA,v3,471300,NA,NA,NA,NA,Undefined,GEO_PAT,d78287ad-a326-4b99-80a3-a03dfe48c3ab,41.99643,-95.42854,6.92795,3.80864,4.10448,-11.41578,0.6888,-1.4812,0.781,NA,NA,NA,NA,NA,NA,NA,NA,NA,NA,NA,NA,NA,NA,NA,NA,NA,NA,NA,NA,NA,NA,NA,NA,NA,NA,NA,NA,NA,NA,NA,NA,NA,NA,NA,NA,NA,NA,NA,NA,NA,NA,NA,NA,NA,NA,NA,NA,NA,NA,High,High,High,NA,NA,NA,NA,NA,NA,NA,NA,NA,NA,NA,NA,NA,NA,NA,NA,NA,NA,NA,NA,NA,NA,NA,NA,NA,NA,NA,NA,NA,NA,NA,NA,NA,NA,NA,NA,NA,NA,NA,NA,NA,NA,NA,NA,NA,NA,NA,NA,NA,NA,NA,NA,NA,NA,NA,NA,NA
NA,NA,NA,NA,NA,NA,NA,NA,NA,NA,NA,NA,NA,NA,NA,NA,78,2025-09-11,15:54:48,NA,NA,NA,NA,Undefined,GEO_PAT,"Tignor, Laken",1000091229,Right,GEO_PAT,Undefined,1,Bottom,0,0,0,Undefined,Changeup,Undefined,Undefined,Undefined,Undefined,0,0,NA,66.96264,1.350764,0.714208,1641.534608,173.62852,11:45:00,3.80361,-0.67839,18.50283,-22.028,13.81635,-1.43236,2.92512,-0.29176,61.86167,-4.04997,0.377461,0.430905,90.20063,29.265575,26.311073,4014.007248,93.91768,54.64932,57.26647,307.50109,299.34849,40.643108,4.408346,1.47043,12.05327,0.78055,50,3.54833,-1.32608,-99.44662,3.96716,1.45429,17.79194,-20.25313,GEO_PAT,NA,SpuhlerFieldMain,NA,NA,20250911-SpuhlerFieldMain-BP-6,2c84f160-8f49-11f0-b7ac-41d3680bab53,87.4727,66.96702,NA,5.10097,NA,NA,NA,0.8741,2.88851,0.21404,03ab26eb-edd9-4a16-9496-de4f18636748,2025-09-11,19:54:48,2025-09-11T19:54:48Z,2025-09-11T19:54:48Z,FlyBall,v3,471300,NA,NA,NA,NA,Undefined,GEO_PAT,a71d1d3f-04f4-45a6-bc0d-4692ae3689a0,42.00138,-98.00514,8.89597,3.80327,2.32628,-10.12656,0.67789,-1.20825,0.72715,220.75004,0.87359,103.47073,-24.85827,6.24652,-1.53692,0.39611,-0.08987,0.01279,-7.6e-4,2.8901,64.6288,-17.67372,0.46477,0.37641,-0.2424,0.07257,-0.01042,5.7e-4,0.21378,51.15851,-0.48924,-0.7286,0.25135,-0.04777,0.00511,-1.2e-4,-2e-5,NA,NA,NA,NA,NA,NA,NA,NA,NA,NA,NA,NA,NA,NA,NA,NA,NA,NA,NA,NA,NA,NA,High,High,High,High,High,NA,NA,NA,NA,NA,NA,NA,NA,NA,NA,NA,NA,NA,NA,NA,NA,NA,NA,NA,NA,NA,NA,NA,NA,NA,NA,NA,NA,NA,NA,NA,NA,NA,NA,NA,NA,NA,NA,NA,NA,NA,NA,NA,NA,NA,NA,NA,NA,NA,NA,NA,NA,NA,NA,NA
NA,NA,NA,NA,NA,NA,NA,NA,NA,NA,NA,NA,NA,NA,NA,NA,79,2025-09-11,15:54:58,NA,NA,NA,NA,Undefined,GEO_PAT,"Tignor, Laken",1000091229,Right,GEO_PAT,Undefined,1,Bottom,0,0,0,Undefined,Changeup,Undefined,Undefined,Undefined,Undefined,0,0,NA,65.06861,1.585596,0.632713,1775.434909,178.234098,12:00:00,3.803,-0.68517,18.45344,-22.06265,16.12595,-0.4635,3.08946,-0.275,59.90326,-3.841954,0.523897,0.444773,87.1332,-4.512646,-19.784077,NA,NA,NA,NA,26.528,25.90948,-18.745725,0.201225,0.60933,13.9678,0.77369,50,3.51556,-1.0942,-96.65571,4.25426,0.56681,17.40781,-19.18063,GEO_PAT,NA,SpuhlerFieldMain,NA,NA,20250911-SpuhlerFieldMain-BP-6,325f3410-8f49-11f0-b7ac-41d3680bab53,84.74538,3.11955,NA,5.16535,NA,NA,NA,1.92475,3.11955,0.28343,03ab26eb-edd9-4a16-9496-de4f18636748,2025-09-11,19:54:58,2025-09-11T19:54:58Z,2025-09-11T19:54:58Z,GroundBall,v3,471300,NA,NA,NA,NA,Undefined,GEO_PAT,040a8db5-ab77-406b-bcd1-312fd265a776,42.05049,-95.21323,8.7039,3.80224,2.66487,-9.59031,0.68497,-1.04723,0.28341,40.929687,1.92561,119.82261,-22.64485,NA,NA,NA,NA,NA,NA,3.12143,-10.17821,-26.55249,NA,NA,NA,NA,NA,NA,0.28431,-43.1799,-3.0028,NA,NA,NA,NA,NA,NA,NA,NA,NA,NA,NA,NA,NA,NA,NA,NA,NA,NA,NA,NA,NA,NA,NA,NA,NA,NA,NA,NA,High,High,High,High,High,NA,NA,NA,NA,NA,NA,NA,NA,NA,NA,NA,NA,NA,NA,NA,NA,NA,NA,NA,NA,NA,NA,NA,NA,NA,NA,NA,NA,NA,NA,NA,NA,NA,NA,NA,NA,NA,NA,NA,NA,NA,NA,NA,NA,NA,NA,NA,NA,NA,NA,NA,NA,NA,NA,NA
NA,NA,NA,NA,NA,NA,NA,NA,NA,NA,NA,NA,NA,NA,NA,NA,80,2025-09-11,15:55:12,NA,NA,NA,NA,Undefined,GEO_PAT,"Tignor, Laken",1000091229,Right,GEO_PAT,Undefined,1,Bottom,0,0,0,Undefined,Changeup,Undefined,Undefined,Undefined,Undefined,0,0,NA,66.96691,1.380305,0.58827,1441.825074,166.638843,11:30:00,3.79345,-0.69328,18.58777,-21.86733,13.63792,-3.02024,2.94721,-0.52907,62.17398,-3.978285,-0.123289,0.428862,100.00733,2.336907,-10.632814,2368.128404,NA,NA,NA,68.62164,68.62164,-10.853751,0.489989,2.82685,11.96288,0.78219,50,3.53071,-1.21135,-99.41732,4.03568,2.81175,16.85685,-20.27503,GEO_PAT,NA,SpuhlerFieldMain,NA,NA,20250911-SpuhlerFieldMain-BP-6,3ae02cc0-8f49-11f0-b7ac-41d3680bab53,87.88939,3.42812,NA,4.79292,NA,NA,NA,2.02608,3.09463,0.51981,03ab26eb-edd9-4a16-9496-de4f18636748,2025-09-11,19:55:12,2025-09-11T19:55:12Z,2025-09-11T19:55:12Z,GroundBall,v3,471300,NA,NA,NA,NA,Undefined,GEO_PAT,3f4d9ac8-6044-4d9b-ae12-f4cd0a59db2e,41.91738,-98.03728,8.42843,3.79316,2.3758,-10.13751,0.69244000000000006,-0.98115,1.40587,28.794526,2.04225,143.59579,-20.92501,NA,NA,NA,NA,NA,NA,3.1164,5.38206,-24.04962,NA,NA,NA,NA,NA,NA,0.52431,-27.1661,-0.57898,NA,NA,NA,NA,NA,NA,NA,NA,NA,NA,NA,NA,NA,NA,NA,NA,NA,NA,NA,NA,NA,NA,NA,NA,NA,NA,NA,NA,High,High,High,High,High,NA,NA,NA,NA,NA,NA,NA,NA,NA,NA,NA,NA,NA,NA,NA,NA,NA,NA,NA,NA,NA,NA,NA,NA,NA,NA,NA,NA,NA,NA,NA,NA,NA,NA,NA,NA,NA,NA,NA,NA,NA,NA,NA,NA,NA,NA,NA,NA,NA,NA,NA,NA,NA,NA,NA
NA,NA,NA,NA,NA,NA,NA,NA,NA,NA,NA,NA,NA,NA,NA,NA,81,2025-09-11,15:55:22,NA,NA,NA,NA,Undefined,GEO_PAT,"Tignor, Laken",1000091229,Right,GEO_PAT,Undefined,1,Bottom,0,0,0,Undefined,Changeup,Undefined,Undefined,Undefined,Undefined,0,0,NA,66.09996,0.551142,0.604376,1721.306846,177.03961,12:00:00,3.77424,-0.68799,18.4504,-21.94328,14.93418,-0.71894,2.33662,-0.31917,61.12321,-4.823504,0.435533,0.437071,84.35782,51.882908,7.3139,4609.548967,106.25992,119.17331,28.43985,226.23897,179.31402,19.11938,5.686289,0.81724,13.27064,0.77304,50,3.63186,-1.07872,-98.19466,2.53031,0.78748,17.44665,-19.38644,GEO_PAT,NA,SpuhlerFieldMain,NA,NA,20250911-SpuhlerFieldMain-BP-6,40c3e550-8f49-11f0-b7ac-41d3680bab53,86.23873,124.48633,NA,4.97675,NA,NA,NA,1.91815,2.87704,0.58875,03ab26eb-edd9-4a16-9496-de4f18636748,2025-09-11,19:55:22,2025-09-11T19:55:22Z,2025-09-11T19:55:22Z,FlyBall,v3,471300,NA,NA,NA,NA,Undefined,GEO_PAT,51cb6c73-f8d8-430a-93dc-45e864a2a1f1,42.05414,-96.77259,8.72333,3.77371,0.95012,-9.69322,0.68773,-1.01453,0.39374,197.965138,1.9216,75.67055,-20.60257,5.51851,-0.89933,0.03978,0.01464,-0.00258,1.3e-4,2.87302,97.4035,-23.14917,1.84695,-0.13377,-0.05744,0.02619,-0.00426,2.4e-4,0.58788,9.74638,3.69494,-1.50412,0.29978,-0.01004,-0.00879,0.00168,-1e-4,NA,NA,NA,NA,NA,NA,NA,NA,NA,NA,NA,NA,NA,NA,NA,NA,NA,NA,NA,NA,NA,NA,High,High,High,High,Medium,NA,NA,NA,NA,NA,NA,NA,NA,NA,NA,NA,NA,NA,NA,NA,NA,NA,NA,NA,NA,NA,NA,NA,NA,NA,NA,NA,NA,NA,NA,NA,NA,NA,NA,NA,NA,NA,NA,NA,NA,NA,NA,NA,NA,NA,NA,NA,NA,NA,NA,NA,NA,NA,NA,NA
NA,NA,NA,NA,NA,NA,NA,NA,NA,NA,NA,NA,NA,NA,NA,NA,82,2025-09-11,15:55:42,NA,NA,NA,NA,Undefined,GEO_PAT,"M, Jack",1117,Right,GEO_PAT,Undefined,1,Bottom,0,0,0,Undefined,Changeup,Undefined,Undefined,Undefined,Undefined,0,0,NA,65.09146,1.694681,1.147681,1522.619586,185.514983,12:15:00,3.79518,-0.68698,18.57523,-23.12048,14.48808,1.30559,3.06749,0.23353,60.46869,-3.96674,1.455002,0.441382,71.39874,76.470812,9.819476,NA,NA,NA,NA,46.24783,37.19919,38.997313,5.363633,-0.81016,12.63461,0.84596,50,3.48466,-1.85484,-96.59095,4.54149,-0.76121,15.81185,-20.30275,GEO_PAT,NA,SpuhlerFieldMain,NA,NA,20250911-SpuhlerFieldMain-BP-6,4cc8fbb0-8f49-11f0-b7ac-41d3680bab53,85.39637,122.68147,NA,4.62276,NA,NA,NA,1.97851,3.70883,-0.51254,03ab26eb-edd9-4a16-9496-de4f18636748,2025-09-11,19:55:42,2025-09-11T19:55:42Z,2025-09-11T19:55:42Z,Popup,v3,471300,NA,NA,NA,NA,Undefined,GEO_PAT,e64189a3-a7d0-4880-abd2-c9688ea39c1d,41.92987,-95.26072,7.90593,3.79489,2.83344,-10.15137,0.68722,-1.91888,-0.38061,185.230233,1.9743,24.22401,-12.94139,5.05298,-1.58519,0.42509,-0.08086,0.00874,-3.9e-4,3.70793,101.85766,-27.25139,3.60462,-1.04738,0.35079,-0.08613,0.01118,-5.7e-4,-0.513,4.17925,1.70791,-0.8824,0.32582,-0.10351,0.02324,-0.00289,1.4e-4,NA,NA,NA,NA,NA,NA,NA,NA,NA,NA,NA,NA,NA,NA,NA,NA,NA,NA,NA,NA,NA,NA,High,High,High,High,Low,NA,NA,NA,NA,NA,NA,NA,NA,NA,NA,NA,NA,NA,NA,NA,NA,NA,NA,NA,NA,NA,NA,NA,NA,NA,NA,NA,NA,NA,NA,NA,NA,NA,NA,NA,NA,NA,NA,NA,NA,NA,NA,NA,NA,NA,NA,NA,NA,NA,NA,NA,NA,NA,NA,NA
NA,NA,NA,NA,NA,NA,NA,NA,NA,NA,NA,NA,NA,NA,NA,NA,83,2025-09-11,15:55:54,NA,NA,NA,NA,Undefined,GEO_PAT,"M, Jack",1117,Right,GEO_PAT,Undefined,1,Bottom,0,0,0,Undefined,Changeup,Undefined,Undefined,Undefined,Undefined,0,0,NA,65.55657,1.392897,1.179401,1575.22189,163.193891,11:30:00,3.78917,-0.69966,18.59952,-24.40403,12.63772,-3.52528,2.74033,-0.15978,60.89991,-4.570403,0.348766,0.438043,95.16887,24.945091,-4.574604,2962.562788,109.86719,49.11458,-5.40345,363.84665,363.84665,0.395045,4.813217,3.44606,11.10461,0.87318,50,3.51803,-2.22123,-97.30906,4.14275,3.28368,16.15698,-21.59278,GEO_PAT,NA,SpuhlerFieldMain,NA,NA,20250911-SpuhlerFieldMain-BP-6,54208f90-8f49-11f0-b7ac-41d3680bab53,86.04726,70.33156,NA,4.65666,NA,NA,NA,1.93132,2.82567,0.17544,03ab26eb-edd9-4a16-9496-de4f18636748,2025-09-11,19:55:54,2025-09-11T19:55:54Z,2025-09-11T19:55:54Z,LineDrive,v3,471300,NA,NA,NA,NA,Undefined,GEO_PAT,9d6397dd-044b-4914-814d-5cc1e49a8a52,41.90559,-95.95568,8.07849,3.7893,2.33403,-10.79639,0.69864,-1.94617,1.64184,195.654624,1.93151,126.15384,-23.64056,5.46078,-1.11688,0.22115,-0.03977,0.0049,-2.7e-4,2.82759,58.82124,-12.54209,-0.70159,0.58537,-0.25663,0.06713,-0.00905,4.8e-4,0.17537,-10.09238,5.90561,-1.69302,0.38466,-0.07361,0.01132,-0.00118,6e-5,NA,NA,NA,NA,NA,NA,NA,NA,NA,NA,NA,NA,NA,NA,NA,NA,NA,NA,NA,NA,NA,NA,High,High,High,High,High,NA,NA,NA,NA,NA,NA,NA,NA,NA,NA,NA,NA,NA,NA,NA,NA,NA,NA,NA,NA,NA,NA,NA,NA,NA,NA,NA,NA,NA,NA,NA,NA,NA,NA,NA,NA,NA,NA,NA,NA,NA,NA,NA,NA,NA,NA,NA,NA,NA,NA,NA,NA,NA,NA,NA
NA,NA,NA,NA,NA,NA,NA,NA,NA,NA,NA,NA,NA,NA,NA,NA,84,2025-09-11,15:56:05,NA,NA,NA,NA,Undefined,GEO_PAT,"M, Jack",1117,Right,GEO_PAT,Undefined,1,Bottom,0,0,0,Undefined,Changeup,Undefined,Undefined,Undefined,Undefined,0,0,NA,67.36788,-0.8959,0.650274,1261.635686,178.771454,12:00:00,3.80372,-0.6847,18.66114,-23.47324,11.73753,-0.22988,1.21532,-0.24496,62.35584,-6.634067,0.595958,0.42708,NA,NA,NA,NA,NA,NA,NA,NA,NA,NA,NA,0.4022,11.07229,0.77749,50,3.86055,-1.14821,-100.0273,0.18114,0.40201,18.15978,-21.10698,GEO_PAT,NA,SpuhlerFieldMain,NA,NA,20250911-SpuhlerFieldMain-BP-6,5ac85b70-8f49-11f0-b7ac-41d3680bab53,88.25618,NA,NA,5.01203,NA,NA,NA,NA,NA,NA,03ab26eb-edd9-4a16-9496-de4f18636748,2025-09-11,19:56:05,2025-09-11T19:56:05Z,2025-09-11T19:56:05Z,NA,v3,471300,NA,NA,NA,NA,Undefined,GEO_PAT,dea5aa37-7e83-44f3-8846-f5e0ce36e69b,41.83873,-98.53449,9.07989,3.80413,-1.55393,-10.55349,0.68446,-1.11516,0.201,NA,NA,NA,NA,NA,NA,NA,NA,NA,NA,NA,NA,NA,NA,NA,NA,NA,NA,NA,NA,NA,NA,NA,NA,NA,NA,NA,NA,NA,NA,NA,NA,NA,NA,NA,NA,NA,NA,NA,NA,NA,NA,NA,NA,NA,NA,NA,NA,NA,NA,High,High,High,NA,NA,NA,NA,NA,NA,NA,NA,NA,NA,NA,NA,NA,NA,NA,NA,NA,NA,NA,NA,NA,NA,NA,NA,NA,NA,NA,NA,NA,NA,NA,NA,NA,NA,NA,NA,NA,NA,NA,NA,NA,NA,NA,NA,NA,NA,NA,NA,NA,NA,NA,NA,NA,NA,NA,NA,NA
NA,NA,NA,NA,NA,NA,NA,NA,NA,NA,NA,NA,NA,NA,NA,NA,85,2025-09-11,15:56:12,NA,NA,NA,NA,Undefined,GEO_PAT,"M, Jack",1117,Right,GEO_PAT,Undefined,1,Bottom,0,0,0,Undefined,Changeup,Undefined,Undefined,Undefined,Undefined,0,0,NA,65.2294,0.673657,0.728187,1707.961809,188.25542,12:15:00,3.7875,-0.68806,18.56218,-21.84068,15.77261,2.13847,2.44405,0.00529,60.3989,-4.692303,1.231685,0.44141,103.31518,18.153762,-7.852438,1807.716505,109.01389,35.63176,-14.69133,385.29553,385.29553,-8.590746,4.326932,-1.64067,14.04072,0.78651,50,3.624,-1.10376,-96.88545,2.7378,-1.54207,16.71463,-18.97722,GEO_PAT,NA,SpuhlerFieldMain,NA,NA,20250911-SpuhlerFieldMain-BP-6,5e5d4200-8f49-11f0-b7ac-41d3680bab53,85.39103,53.22692,NA,4.83049,NA,NA,NA,1.40226,2.49554,0.02997,03ab26eb-edd9-4a16-9496-de4f18636748,2025-09-11,19:56:12,2025-09-11T19:56:12Z,2025-09-11T19:56:12Z,LineDrive,v3,471300,NA,NA,NA,NA,Undefined,GEO_PAT,bdc581ea-ab95-40b9-afb2-73077fb0ef56,41.94194,-95.48516,8.35732,3.78677,1.14796,-9.48861,0.68863,-1.23295,-0.77104,181.959537,1.40151,142.65493,-26.45819,6.1932,-1.36077,0.29683,-0.05535,0.00664,-3.5e-4,2.49717,47.16797,-9.62828,-1.44736,0.72803,-0.25942,0.06055,-0.00752,3.7e-4,0.03012,-19.67699,4.17553,-1.41371,0.38614,-0.09186,0.01698,-0.00198,1e-4,NA,NA,NA,NA,NA,NA,NA,NA,NA,NA,NA,NA,NA,NA,NA,NA,NA,NA,NA,NA,NA,NA,High,High,High,High,High,NA,NA,NA,NA,NA,NA,NA,NA,NA,NA,NA,NA,NA,NA,NA,NA,NA,NA,NA,NA,NA,NA,NA,NA,NA,NA,NA,NA,NA,NA,NA,NA,NA,NA,NA,NA,NA,NA,NA,NA,NA,NA,NA,NA,NA,NA,NA,NA,NA,NA,NA,NA,NA,NA,NA
NA,NA,NA,NA,NA,NA,NA,NA,NA,NA,NA,NA,NA,NA,NA,NA,86,2025-09-11,15:56:23,NA,NA,NA,NA,Undefined,GEO_PAT,"M, Jack",1117,Right,GEO_PAT,Undefined,1,Bottom,0,0,0,Undefined,Changeup,Undefined,Undefined,Undefined,Undefined,0,0,NA,65.32183,0.918087,0.919358,1547.237415,169.27431,11:45:00,3.7865,-0.69219,18.57344,-22.94674,14.42706,-2.5454,2.52368,-0.25408,60.65526,-4.700813,0.319848,0.440002,60.36354,-25.430951,-43.777834,NA,NA,NA,NA,8.06901,8.06901,-26.589016,0.069704,2.51591,12.80969,0.82671,50,3.58634,-1.71385,-96.99885,3.22613,2.37868,16.25515,-20.06307,GEO_PAT,NA,SpuhlerFieldMain,NA,NA,20250911-SpuhlerFieldMain-BP-6,655ec6a0-8f49-11f0-b7ac-41d3680bab53,85.66417,2.66376,NA,4.66657,NA,NA,NA,3.17079,2.66376,0.26427,03ab26eb-edd9-4a16-9496-de4f18636748,2025-09-11,19:56:23,2025-09-11T19:56:23Z,2025-09-11T19:56:23Z,GroundBall,v3,471300,NA,NA,NA,NA,Undefined,GEO_PAT,129e95ac-9598-45d6-83d1-c6fcc5668f85,41.93183,-95.63722,8.12757,3.78619,1.54553,-10.03154,0.6915,-1.5146,1.18934,NA,3.16743,58.02881,NA,NA,NA,NA,NA,NA,NA,2.66597,-38.21532,NA,NA,NA,NA,NA,NA,NA,0.26749,-55.60455,NA,NA,NA,NA,NA,NA,NA,NA,NA,NA,NA,NA,NA,NA,NA,NA,NA,NA,NA,NA,NA,NA,NA,NA,NA,NA,NA,NA,NA,High,High,High,Estimated,Estimated,NA,NA,NA,NA,NA,NA,NA,NA,NA,NA,NA,NA,NA,NA,NA,NA,NA,NA,NA,NA,NA,NA,NA,NA,NA,NA,NA,NA,NA,NA,NA,NA,NA,NA,NA,NA,NA,NA,NA,NA,NA,NA,NA,NA,NA,NA,NA,NA,NA,NA,NA,NA,NA,NA,NA
NA,NA,NA,NA,NA,NA,NA,NA,NA,NA,NA,NA,NA,NA,NA,NA,87,2025-09-11,15:56:49,NA,NA,NA,NA,Undefined,GEO_PAT,"Canody, Andrew",1000415298,Right,GEO_PAT,Undefined,1,Bottom,0,0,0,Undefined,Changeup,Undefined,Undefined,Undefined,Undefined,0,0,NA,65.6904,0.586619,0.786235,1488.566718,169.414277,11:45:00,3.80992,-0.69698,18.5731,-23.00281,14.07804,-2.4391,2.30794,-0.34417,60.81785,-5.0509,0.211656,0.438275,94.21672,10.786716,-11.48602,1497.204395,108.12172,18.73221,-20.23723,276.17466,276.17466,-9.719513,2.786867,2.38008,12.59009,0.81219,50,3.65673,-1.48698,-97.59041,2.67632,2.26786,17.07419,-20.17761,GEO_PAT,NA,SpuhlerFieldMain,NA,NA,20250911-SpuhlerFieldMain-BP-6,746efa20-8f49-11f0-b7ac-41d3680bab53,86.00188,20.88723,NA,4.87256,NA,NA,NA,1.76383,2.34439,0.34935,03ab26eb-edd9-4a16-9496-de4f18636748,2025-09-11,19:56:49,2025-09-11T19:56:49Z,2025-09-11T19:56:49Z,LineDrive,v3,471300,NA,NA,NA,NA,Undefined,GEO_PAT,b9fd33a7-6c6a-4acc-85ef-12a565615d43,41.93137,-96.16838,8.53709,3.80964,0.99582,-10.08881,0.69621,-1.29811,1.13393,185.918932,1.76383,133.0241,-21.52445,4.84543,-0.95092,0.16941,-0.02696,0.00326,-2e-4,2.34439,25.86196,-7.45686,-1.76107,0.64152,-0.16851,0.03412,-0.00436,2.6e-4,0.34935,-27.03031,5.70324,-1.06554,0.15883,-0.01871,0.00191,-1.9e-4,1e-5,NA,NA,NA,NA,NA,NA,NA,NA,NA,NA,NA,NA,NA,NA,NA,NA,NA,NA,NA,NA,NA,NA,High,High,High,High,High,NA,NA,NA,NA,NA,NA,NA,NA,NA,NA,NA,NA,NA,NA,NA,NA,NA,NA,NA,NA,NA,NA,NA,NA,NA,NA,NA,NA,NA,NA,NA,NA,NA,NA,NA,NA,NA,NA,NA,NA,NA,NA,NA,NA,NA,NA,NA,NA,NA,NA,NA,NA,NA,NA,NA
NA,NA,NA,NA,NA,NA,NA,NA,NA,NA,NA,NA,NA,NA,NA,NA,88,2025-09-11,15:57:01,NA,NA,NA,NA,Undefined,GEO_PAT,"Canody, Andrew",1000415298,Right,GEO_PAT,Undefined,1,Bottom,0,0,0,Undefined,Changeup,Undefined,Undefined,Undefined,Undefined,0,0,NA,65.57257,0.805217,0.546675,1710.759893,174.806795,11:45:00,3.79344,-0.69456,18.57935,-22.30863,14.68493,-1.24787,2.50381,-0.41199,61.01434,-4.656209,0.252689,0.437758,100.25764,20.314496,-10.880988,2539.688843,108.46415,40.16094,-18.31574,378.86814,378.86814,-7.834195,4.56067,1.25484,13.07241,0.77403,50,3.6103,-1.00597,-97.3424,3.00991,1.19846,15.93657,-19.68881,GEO_PAT,NA,SpuhlerFieldMain,NA,NA,20250911-SpuhlerFieldMain-BP-6,7bde0da0-8f49-11f0-b7ac-41d3680bab53,86.10327,60.29089,NA,4.55823,NA,NA,NA,2.38493,2.67955,0.39404,03ab26eb-edd9-4a16-9496-de4f18636748,2025-09-11,19:57:01,2025-09-11T19:57:01Z,2025-09-11T19:57:01Z,LineDrive,v3,471300,NA,NA,NA,NA,Undefined,GEO_PAT,a782e56f-b631-461c-9c57-7bc6df754742,41.92565,-96.01139,7.96829,3.79301,1.36552,-9.8444,0.69419,-0.90588,0.59923,189.680867,2.38399,135.44002,-25.5142,6.04569,-1.34335,0.29922,-0.0568,0.00685,-3.6e-4,2.68206,50.99146,-9.99118,-1.44562,0.78148,-0.29248,0.06953,-0.00876,4.4e-4,0.39431,-26.037,7.54177,-1.99247,0.46803,-0.10305,0.01858,-0.00214,1.1e-4,NA,NA,NA,NA,NA,NA,NA,NA,NA,NA,NA,NA,NA,NA,NA,NA,NA,NA,NA,NA,NA,NA,High,High,High,High,High,NA,NA,NA,NA,NA,NA,NA,NA,NA,NA,NA,NA,NA,NA,NA,NA,NA,NA,NA,NA,NA,NA,NA,NA,NA,NA,NA,NA,NA,NA,NA,NA,NA,NA,NA,NA,NA,NA,NA,NA,NA,NA,NA,NA,NA,NA,NA,NA,NA,NA,NA,NA,NA,NA,NA
NA,NA,NA,NA,NA,NA,NA,NA,NA,NA,NA,NA,NA,NA,NA,NA,89,2025-09-11,15:57:12,NA,NA,NA,NA,Undefined,GEO_PAT,"Canody, Andrew",1000415298,Right,GEO_PAT,Undefined,1,Bottom,0,0,0,Undefined,Changeup,Undefined,Undefined,Undefined,Undefined,0,0,NA,65.56955,0.669492,0.847364,1580.356683,175.999879,11:45:00,3.81231,-0.6887,18.56621,-22.36726,14.9104,-0.96969,2.42199,-0.1701,60.617,-4.823511,0.618997,0.439436,99.48136,28.550392,-20.197286,3701.736469,103.39761,60.28903,-37.53435,380.29009,379.1859,-20.642774,5.507957,1.12008,13.29162,0.80971,50,3.64886,-1.49998,-97.4313,2.77097,1.06184,17.27876,-19.57374,GEO_PAT,NA,SpuhlerFieldMain,NA,NA,20250911-SpuhlerFieldMain-BP-6,823bff40-8f49-11f0-b7ac-41d3680bab53,85.77458,93.72749,NA,4.95255,NA,NA,NA,2.91182,2.63312,0.17174,03ab26eb-edd9-4a16-9496-de4f18636748,2025-09-11,19:57:12,2025-09-11T19:57:12Z,2025-09-11T19:57:12Z,FlyBall,v3,471300,NA,NA,NA,NA,Undefined,GEO_PAT,c7b55a8f-7f34-4b45-a5e6-27c4aac6c69e,41.93848,-95.991,8.63938,3.81184,1.13937,-9.78687,0.68837,-1.41147,0.53092,176.772604,2.91692,120.18409,-27.56423,6.93352,-1.2407300000000001,0.13704,-0.00618,-1.7e-4,2e-5,2.62878,69.80882,-12.48325,-1.19735,0.59865,-0.16736,0.03317,-0.00385,1.8e-4,0.16992,-44.21473,9.02022,-2.00874,0.29589,-0.01774,-0.00192,3.6e-4,-2e-5,NA,NA,NA,NA,NA,NA,NA,NA,NA,NA,NA,NA,NA,NA,NA,NA,NA,NA,NA,NA,NA,NA,High,High,High,High,High,NA,NA,NA,NA,NA,NA,NA,NA,NA,NA,NA,NA,NA,NA,NA,NA,NA,NA,NA,NA,NA,NA,NA,NA,NA,NA,NA,NA,NA,NA,NA,NA,NA,NA,NA,NA,NA,NA,NA,NA,NA,NA,NA,NA,NA,NA,NA,NA,NA,NA,NA,NA,NA,NA,NA
NA,NA,NA,NA,NA,NA,NA,NA,NA,NA,NA,NA,NA,NA,NA,NA,90,2025-09-11,15:57:23,NA,NA,NA,NA,Undefined,GEO_PAT,"Canody, Andrew",1000415298,Right,GEO_PAT,Undefined,1,Bottom,0,0,0,Undefined,Changeup,Undefined,Undefined,Undefined,Undefined,0,0,NA,65.12928,0.934778,0.895252,1859.001487,181.624163,12:00:00,3.81053,-0.68253,18.57324,-21.27706,16.34836,0.43508,2.69866,-0.01309,60.40829,-4.296371,0.997703,0.441481,91.87134,41.775411,-24.285408,3821.363013,99.23942,95.13824,-47.44989,314.20624,314.20624,-28.74359,5.942464,-0.1113,14.48831,0.80768,50,3.61106,-1.48469,-96.71069,3.14446,-0.10451,16.26427,-18.56756,GEO_PAT,NA,SpuhlerFieldMain,NA,NA,20250911-SpuhlerFieldMain-BP-6,8915feb0-8f49-11f0-b7ac-41d3680bab53,85.37728,123.40557,NA,4.721,NA,NA,NA,2.71111,2.9309,0.00196,03ab26eb-edd9-4a16-9496-de4f18636748,2025-09-11,19:57:23,2025-09-11T19:57:23Z,2025-09-11T19:57:23Z,FlyBall,v3,471300,NA,NA,NA,NA,Undefined,GEO_PAT,b448389a-60b9-4590-8746-039bb6b4095a,41.93157,-95.34413,8.13214,3.80973,1.58437,-9.28378,0.68255999999999994,-1.49347,-0.05226,172.231486,2.71442,91.5204,-23.75038,6.4084,-1.1864,0.13153,-0.0053,-2.7e-4,2e-5,2.92815,89.81597,-18.43622,0.38833,0.26987,-0.13137,0.0333,-0.00434,2.2e-4,7.7e-4,-41.3024,7.82977,-1.97633,0.33289,-0.02901,-2.6e-4,2.3e-4,-1e-5,NA,NA,NA,NA,NA,NA,NA,NA,NA,NA,NA,NA,NA,NA,NA,NA,NA,NA,NA,NA,NA,NA,High,High,High,High,Medium,NA,NA,NA,NA,NA,NA,NA,NA,NA,NA,NA,NA,NA,NA,NA,NA,NA,NA,NA,NA,NA,NA,NA,NA,NA,NA,NA,NA,NA,NA,NA,NA,NA,NA,NA,NA,NA,NA,NA,NA,NA,NA,NA,NA,NA,NA,NA,NA,NA,NA,NA,NA,NA,NA,NA
