player_name,display_name,active,notes,id,pitcher,date,rel_speed,horz_break,induced_vert_break,original_pitch_type,new_pitch_type,new_pitcher,modified_at,pitch_key,created_at,PitchNo,Date,Time,PAofInning,PitchofPA,Pitcher,PitcherId,PitcherThrows,PitcherTeam,Batter,BatterId,BatterSide,BatterTeam,PitcherSet,Inning,Top/Bottom,Outs,Balls,Strikes,TaggedPitchType,AutoPitchType,PitchCall,KorBB,TaggedHitType,PlayResult,OutsOnPlay,RunsScored,Notes,RelSpeed,VertRelAngle,HorzRelAngle,SpinRate,SpinAxis,Tilt,RelHeight,RelSide,Extension,VertBreak,InducedVertBreak,HorzBreak,PlateLocHeight,PlateLocSide,ZoneSpeed,VertApprAngle,HorzApprAngle,ZoneTime,ExitSpeed,Angle,Direction,HitSpinRate,PositionAt110X,PositionAt110Y,PositionAt110Z,Distance,LastTrackedDistance,Bearing,HangTime,pfxx,pfxz,x0,y0,z0,vx0,vy0,vz0,ax0,ay0,az0,HomeTeam,AwayTeam,Stadium,Level,League,GameID,PitchUID,EffectiveVelo,MaxHeight,MeasuredDuration,SpeedDrop,PitchLastMeasuredX,PitchLastMeasuredY,PitchLastMeasuredZ,ContactPositionX,ContactPositionY,ContactPositionZ,GameUID,UTCDate,UTCTime,LocalDateTime,UTCDateTime,AutoHitType,System,HomeTeamForeignID,AwayTeamForeignID,GameForeignID,Catcher,CatcherId,CatcherThrows,CatcherTeam,PlayID,PitchTrajectoryXc0,PitchTrajectoryXc1,PitchTrajectoryXc2,PitchTrajectoryYc0,PitchTrajectoryYc1,PitchTrajectoryYc2,PitchTrajectoryZc0,PitchTrajectoryZc1,PitchTrajectoryZc2,HitSpinAxis,HitTrajectoryXc0,HitTrajectoryXc1,HitTrajectoryXc2,HitTrajectoryXc3,HitTrajectoryXc4,HitTrajectoryXc5,HitTrajectoryXc6,HitTrajectoryXc7,HitTrajectoryXc8,HitTrajectoryYc0,HitTrajectoryYc1,HitTrajectoryYc2,HitTrajectoryYc3,HitTrajectoryYc4,HitTrajectoryYc5,HitTrajectoryYc6,HitTrajectoryYc7,HitTrajectoryYc8,HitTrajectoryZc0,HitTrajectoryZc1,HitTrajectoryZc2,HitTrajectoryZc3,HitTrajectoryZc4,HitTrajectoryZc5,HitTrajectoryZc6,HitTrajectoryZc7,HitTrajectoryZc8,ThrowSpeed,PopTime,ExchangeTime,TimeToBase,CatchPositionX,CatchPositionY,CatchPositionZ,ThrowPositionX,ThrowPositionY,ThrowPositionZ,BasePositionX,BasePositionY,BasePositionZ,ThrowTrajectoryXc0,ThrowTrajectoryXc1,ThrowTrajectoryXc2,ThrowTrajectoryYc0,ThrowTrajectoryYc1,ThrowTrajectoryYc2,ThrowTrajectoryZc0,ThrowTrajectoryZc1,ThrowTrajectoryZc2,PitchReleaseConfidence,PitchLocationConfidence,PitchMovementConfidence,HitLaunchConfidence,HitLandingConfidence,CatcherThrowCatchConfidence,CatcherThrowReleaseConfidence,CatcherThrowLocationConfidence,SpinAxis3dTransverseAngle,SpinAxis3dLongitudinalAngle,SpinAxis3dActiveSpinRate,SpinAxis3dSpinEfficiency,SpinAxis3dTilt,SpinAxis3dVectorX,SpinAxis3dVectorY,SpinAxis3dVectorZ,SpinAxis3dSeamOrientationRotationX,SpinAxis3dSeamOrientationRotationY,SpinAxis3dSeamOrientationRotationZ,SpinAxis3dSeamOrientationBallYAmb1,SpinAxis3dSeamOrientationBallAngleHorizontalAmb1,SpinAxis3dSeamOrientationBallZAmb1,SpinAxis3dSeamOrientationBallAngleVerticalAmb2,SpinAxis3dSeamOrientationBallZAmb2,SpinAxis3dSeamOrientationBallXAmb4,SpinAxis3dSeamOrientationBallYAmb4,SpinAxis3dSeamOrientationBallAngleHorizontalAmb2,SpinAxis3dSeamOrientationBallAngleVerticalAmb1,SpinAxis3dSeamOrientationBallXAmb1,SpinAxis3dSeamOrientationBallYAmb2,SpinAxis3dSeamOrientationBallAngleHorizontalAmb4,SpinAxis3dSeamOrientationBallAngleVerticalAmb4,SpinAxis3dSeamOrientationBallXAmb2,SpinAxis3dSeamOrientationBallAngleVerticalAmb3,SpinAxis3dSeamOrientationBallAngleHorizontalAmb3,SpinAxis3dSeamOrientationBallXAmb3,SpinAxis3dSeamOrientationBallYAmb3,SpinAxis3dSeamOrientationBallZAmb3,SpinAxis3dSeamOrientationBallZAmb4,session_id,play_id,camera_slot,camera_name,camera_target,video_type,azure_blob,azure_md5,cloudinary_url,cloudinary_public_id,uploaded_at,PitchSession,Flag,CalibrationId,EffVelocity,PracticeType,Device,HitType,BatSpeed,VerticalAttackAngle,HorizontalAttackAngle
NA,NA,NA,NA,NA,NA,NA,NA,NA,NA,NA,NA,NA,NA,NA,NA,248,2026-03-03,20:32:06,7,3,"Galvan, Noah",822833,Right,ABI_WIL,"Gargett, Kyuss",812291,Right,TCU_HFG,Undefined,6,Bottom,2,2,0,Undefined,NA,BallIntentional,Undefined,Undefined,Undefined,0,0,NA,NA,NA,NA,NA,NA,NA,NA,NA,NA,NA,NA,NA,NA,NA,NA,NA,NA,NA,NA,NA,NA,NA,NA,NA,NA,NA,NA,NA,NA,NA,NA,NA,NA,NA,NA,NA,NA,NA,NA,NA,TCU_HFG,ABI_WIL,TCU,D1,BIG12,20260303-TCU-2,f8a1b000-17c8-11f1-8938-b3a71edc9fdb,NA,NA,NA,NA,NA,NA,NA,NA,NA,NA,5cabaece-df46-4300-b3c7-55df33123daa,2026-03-04,02:32:06,2026-03-04T02:32:06Z,2026-03-04T02:32:06Z,NA,v3,5045,471223,5b1f43e35ca0421ba59ea357c474eb40,"Gray, Brady",830795,Right,ABI_WIL,c7b5146c-1407-4621-89ee-ffca3677282f,NA,NA,NA,NA,NA,NA,NA,NA,NA,NA,NA,NA,NA,NA,NA,NA,NA,NA,NA,NA,NA,NA,NA,NA,NA,NA,NA,NA,NA,NA,NA,NA,NA,NA,NA,NA,NA,NA,NA,NA,NA,NA,NA,NA,NA,NA,NA,NA,NA,NA,NA,NA,NA,NA,NA,NA,NA,NA,NA,NA,NA,NA,NA,NA,NA,NA,NA,NA,NA,NA,NA,NA,NA,NA,NA,NA,NA,NA,NA,NA,NA,NA,NA,NA,NA,NA,NA,NA,NA,NA,NA,NA,NA,NA,NA,NA,NA,NA,NA,NA,NA,NA,NA,NA,NA,NA,NA,NA,NA,NA,NA,NA,NA,NA,NA,NA,NA,NA,NA
NA,NA,NA,NA,NA,NA,NA,NA,NA,NA,NA,NA,NA,NA,NA,NA,249,2026-03-03,20:32:25,7,4,"Galvan, Noah",822833,Right,ABI_WIL,"Gargett, Kyuss",812291,Right,TCU_HFG,Undefined,6,Bottom,2,3,0,Undefined,NA,BallIntentional,Walk,Undefined,Undefined,0,0,NA,NA,NA,NA,NA,NA,NA,NA,NA,NA,NA,NA,NA,NA,NA,NA,NA,NA,NA,NA,NA,NA,NA,NA,NA,NA,NA,NA,NA,NA,NA,NA,NA,NA,NA,NA,NA,NA,NA,NA,NA,TCU_HFG,ABI_WIL,TCU,D1,BIG12,20260303-TCU-2,f8a1b001-17c8-11f1-8938-b3a71edc9fdb,NA,NA,NA,NA,NA,NA,NA,NA,NA,NA,5cabaece-df46-4300-b3c7-55df33123daa,2026-03-04,02:32:25,2026-03-04T02:32:25Z,2026-03-04T02:32:25Z,NA,v3,5045,471223,5b1f43e35ca0421ba59ea357c474eb40,"Gray, Brady",830795,Right,ABI_WIL,6ee03a48-d076-49c8-a99b-e2200f5465fd,NA,NA,NA,NA,NA,NA,NA,NA,NA,NA,NA,NA,NA,NA,NA,NA,NA,NA,NA,NA,NA,NA,NA,NA,NA,NA,NA,NA,NA,NA,NA,NA,NA,NA,NA,NA,NA,NA,NA,NA,NA,NA,NA,NA,NA,NA,NA,NA,NA,NA,NA,NA,NA,NA,NA,NA,NA,NA,NA,NA,NA,NA,NA,NA,NA,NA,NA,NA,NA,NA,NA,NA,NA,NA,NA,NA,NA,NA,NA,NA,NA,NA,NA,NA,NA,NA,NA,NA,NA,NA,NA,NA,NA,NA,NA,NA,NA,NA,NA,NA,NA,NA,NA,NA,NA,NA,NA,NA,NA,NA,NA,NA,NA,NA,NA,NA,NA,NA,NA
NA,NA,NA,NA,NA,NA,NA,NA,NA,NA,NA,NA,NA,NA,NA,NA,250,2026-03-03,20:32:45,8,1,"Galvan, Noah",822833,Right,ABI_WIL,"Dallimore, Brady",834396,Right,TCU_HFG,Undefined,6,Bottom,2,0,0,Curveball,Curveball,BallCalled,Undefined,Undefined,Undefined,0,0,NA,72.11286,3.561061,1.312051,2246.255492,51.945193,07:45:00,5.48332,1.92375,5.83646,-63.45488,-8.90099,-13.76375,3.51059,1.99655,65.4661,-8.105372,-1.155764,0.531599,NA,NA,NA,NA,NA,NA,NA,NA,NA,NA,NA,7.53237,-5.31756,-2.02217,50,5.73608,-1.93072,-104.54173,4.64143,8.22522,19.80681,-37.98075,TCU_HFG,ABI_WIL,TCU,D1,BIG12,20260303-TCU-2,6da07960-1772-11f1-89da-3b5d2295cb78,70.90389,NA,NA,6.64676,NA,NA,NA,NA,NA,NA,5cabaece-df46-4300-b3c7-55df33123daa,2026-03-04,02:32:45,2026-03-04T02:32:45Z,2026-03-04T02:32:45Z,NA,v3,5045,471223,5b1f43e35ca0421ba59ea357c474eb40,"Gray, Brady",830795,Right,ABI_WIL,e583e7c3-dcc6-4920-bb2a-013a9b7c79aa,54.66953,-105.42272,9.90341,5.49206,6.33078,-18.99038,-1.92815,-2.29657,4.11261,NA,NA,NA,NA,NA,NA,NA,NA,NA,NA,NA,NA,NA,NA,NA,NA,NA,NA,NA,NA,NA,NA,NA,NA,NA,NA,NA,NA,NA,NA,NA,NA,NA,NA,NA,NA,NA,NA,NA,NA,NA,NA,NA,NA,NA,NA,NA,NA,NA,NA,High,High,High,NA,NA,NA,NA,NA,NA,NA,NA,NA,NA,NA,NA,NA,NA,NA,NA,NA,NA,NA,NA,NA,NA,NA,NA,NA,NA,NA,NA,NA,NA,NA,NA,NA,NA,NA,NA,NA,NA,NA,NA,NA,NA,NA,NA,NA,NA,NA,NA,NA,NA,NA,NA,NA,NA,NA,NA,NA
NA,NA,NA,NA,NA,NA,NA,NA,NA,NA,NA,NA,NA,NA,NA,NA,251,2026-03-03,20:33:03,8,2,"Galvan, Noah",822833,Right,ABI_WIL,"Dallimore, Brady",834396,Right,TCU_HFG,Undefined,6,Bottom,2,1,0,Curveball,Curveball,StrikeSwinging,Undefined,Undefined,Undefined,0,0,NA,72.82314,2.073334,-1.15943,2320.358897,44.646312,07:30:00,5.41957,1.89425,6.41783,-63.59421,-10.92835,-12.68292,2.0274200000000002,-0.22874,65.99112,-9.725775,-3.461857,0.522319,NA,NA,NA,NA,NA,NA,NA,NA,NA,NA,NA,6.18658,-5.7954,-1.80622,50,5.54024,2.55915,-105.71506,2.05465,6.83776,21.94043,-38.57942,TCU_HFG,ABI_WIL,TCU,D1,BIG12,20260303-TCU-2,785fc950-1772-11f1-89da-3b5d2295cb78,72.1636,NA,NA,6.83202,NA,NA,NA,NA,NA,NA,5cabaece-df46-4300-b3c7-55df33123daa,2026-03-04,02:33:03,2026-03-04T02:33:03Z,2026-03-04T02:33:03Z,NA,v3,5045,471223,5b1f43e35ca0421ba59ea357c474eb40,"Gray, Brady",830795,Right,ABI_WIL,1021a994-f942-47da-9ea2-063c6d6df312,54.086,-106.5597,10.97021,5.43256,3.53986,-19.28971,-1.89967,2.29591,3.41888,NA,NA,NA,NA,NA,NA,NA,NA,NA,NA,NA,NA,NA,NA,NA,NA,NA,NA,NA,NA,NA,NA,NA,NA,NA,NA,NA,NA,NA,NA,NA,NA,NA,NA,NA,NA,NA,NA,NA,NA,NA,NA,NA,NA,NA,NA,NA,NA,NA,NA,High,High,High,NA,NA,NA,NA,NA,NA,NA,NA,NA,NA,NA,NA,NA,NA,NA,NA,NA,NA,NA,NA,NA,NA,NA,NA,NA,NA,NA,NA,NA,NA,NA,NA,NA,NA,NA,NA,NA,NA,NA,NA,NA,NA,NA,NA,NA,NA,NA,NA,NA,NA,NA,NA,NA,NA,NA,NA,NA
NA,NA,NA,NA,NA,NA,NA,NA,NA,NA,NA,NA,NA,NA,NA,NA,252,2026-03-03,20:33:22,8,3,"Galvan, Noah",822833,Right,ABI_WIL,"Dallimore, Brady",834396,Right,TCU_HFG,Undefined,6,Bottom,2,1,1,Curveball,Curveball,BallCalled,Undefined,Undefined,Undefined,0,0,NA,74.94225,1.80343,-2.350331,2359.578615,47.19955,07:30:00,5.39316,1.91455,6.38619,-58.80145,-9.0615,-11.69268,2.15399,-1.22315,67.99317,-9.096402,-4.467533,0.507603,NA,NA,NA,NA,NA,NA,NA,NA,NA,NA,NA,5.265,-4.74126,-1.74043,50,5.49728,4.86247,-108.7326,1.73622,6.17216,22.76019,-37.73219,TCU_HFG,ABI_WIL,TCU,D1,BIG12,20260303-TCU-2,83dfd130-1772-11f1-89da-3b5d2295cb78,74.25578,NA,NA,6.94908,NA,NA,NA,NA,NA,NA,5cabaece-df46-4300-b3c7-55df33123daa,2026-03-04,02:33:22,2026-03-04T02:33:22Z,2026-03-04T02:33:22Z,NA,v3,5045,471223,5b1f43e35ca0421ba59ea357c474eb40,"Gray, Brady",830795,Right,ABI_WIL,8e40c06a-87de-4110-b6a1-a116d1f16bf7,54.1169,-109.59096,11.3801,5.40496,3.15924,-18.8661,-1.91942,4.6297,3.08608,NA,NA,NA,NA,NA,NA,NA,NA,NA,NA,NA,NA,NA,NA,NA,NA,NA,NA,NA,NA,NA,NA,NA,NA,NA,NA,NA,NA,NA,NA,NA,NA,NA,NA,NA,NA,NA,NA,NA,NA,NA,NA,NA,NA,NA,NA,NA,NA,NA,NA,High,High,High,NA,NA,NA,NA,NA,NA,NA,NA,NA,NA,NA,NA,NA,NA,NA,NA,NA,NA,NA,NA,NA,NA,NA,NA,NA,NA,NA,NA,NA,NA,NA,NA,NA,NA,NA,NA,NA,NA,NA,NA,NA,NA,NA,NA,NA,NA,NA,NA,NA,NA,NA,NA,NA,NA,NA,NA,NA
NA,NA,NA,NA,NA,NA,NA,NA,NA,NA,NA,NA,NA,NA,NA,NA,253,2026-03-03,20:33:43,8,4,"Galvan, Noah",822833,Right,ABI_WIL,"Dallimore, Brady",834396,Right,TCU_HFG,Undefined,6,Bottom,2,2,1,Curveball,Curveball,BallCalled,Undefined,Undefined,Undefined,0,0,NA,71.46946,3.488599,0.970065,2223.416608,56.028475,07:45:00,5.40316,1.97516,6.42366,-59.9435,-6.20453,-11.6828,3.61923,1.89342,65.5176,-7.638975,-1.147555,0.527614,NA,NA,NA,NA,NA,NA,NA,NA,NA,NA,NA,6.4628,-3.91878,-2.0389,50,5.62463,-1.4039,-103.81652,4.75941,7.03243,17.8609,-36.43823,TCU_HFG,ABI_WIL,TCU,D1,BIG12,20260303-TCU-2,9043a960-1772-11f1-89da-3b5d2295cb78,71.43948,NA,NA,5.95186,NA,NA,NA,NA,NA,NA,5cabaece-df46-4300-b3c7-55df33123daa,2026-03-04,02:33:43,2026-03-04T02:33:43Z,2026-03-04T02:33:43Z,NA,v3,5045,471223,5b1f43e35ca0421ba59ea357c474eb40,"Gray, Brady",830795,Right,ABI_WIL,a708ca6a-490c-4e99-8ead-c7ac0306a9ab,54.08292,-104.51659,8.93045,5.41009,6.18764,-18.21911,-1.97847,-1.67954,3.51622,NA,NA,NA,NA,NA,NA,NA,NA,NA,NA,NA,NA,NA,NA,NA,NA,NA,NA,NA,NA,NA,NA,NA,NA,NA,NA,NA,NA,NA,NA,NA,NA,NA,NA,NA,NA,NA,NA,NA,NA,NA,NA,NA,NA,NA,NA,NA,NA,NA,NA,High,High,High,NA,NA,NA,NA,NA,NA,NA,NA,NA,NA,NA,NA,NA,NA,NA,NA,NA,NA,NA,NA,NA,NA,NA,NA,NA,NA,NA,NA,NA,NA,NA,NA,NA,NA,NA,NA,NA,NA,NA,NA,NA,NA,NA,NA,NA,NA,NA,NA,NA,NA,NA,NA,NA,NA,NA,NA,NA
NA,NA,NA,NA,NA,NA,NA,NA,NA,NA,NA,NA,NA,NA,NA,NA,254,2026-03-03,20:34:04,8,5,"Galvan, Noah",822833,Right,ABI_WIL,"Dallimore, Brady",834396,Right,TCU_HFG,Undefined,6,Bottom,2,3,1,Fastball,Cutter,StrikeCalled,Undefined,Undefined,Undefined,0,0,NA,87.16109,-1.797612,-1.816727,2357.136571,162.129779,11:30:00,5.61695,1.98854,6.74714,-19.15588,16.43174,-4.93902,2.37693,-0.08339,79.89616,-5.463635,-2.716809,0.429359,NA,NA,NA,NA,NA,NA,NA,NA,NA,NA,NA,2.09437,9.52654,-1.86761,50,5.49097,4.20069,-126.67588,-4.4502,3.40341,25.85716,-16.69315,TCU_HFG,ABI_WIL,TCU,D1,BIG12,20260303-TCU-2,9d208220-1772-11f1-89da-3b5d2295cb78,87.78763,NA,NA,7.26493,NA,NA,NA,NA,NA,NA,5cabaece-df46-4300-b3c7-55df33123daa,2026-03-04,02:34:04,2026-03-04T02:34:04Z,2026-03-04T02:34:04Z,NA,v3,5045,471223,5b1f43e35ca0421ba59ea357c474eb40,"Gray, Brady",830795,Right,ABI_WIL,35acf28f-c57a-4545-bae6-a21d7086cacd,53.75367,-127.43977,12.92858,5.61516,-3.95703,-8.34658,-1.99022,4.10015,1.7017,NA,NA,NA,NA,NA,NA,NA,NA,NA,NA,NA,NA,NA,NA,NA,NA,NA,NA,NA,NA,NA,NA,NA,NA,NA,NA,NA,NA,NA,NA,NA,NA,NA,NA,NA,NA,NA,NA,NA,NA,NA,NA,NA,NA,NA,NA,NA,NA,NA,NA,High,High,High,NA,NA,NA,NA,NA,NA,NA,NA,NA,NA,NA,NA,NA,NA,NA,NA,NA,NA,NA,NA,NA,NA,NA,NA,NA,NA,NA,NA,NA,NA,NA,NA,NA,NA,NA,NA,NA,NA,NA,NA,NA,NA,NA,NA,NA,NA,NA,NA,NA,NA,NA,NA,NA,NA,NA,NA,NA
NA,NA,NA,NA,NA,NA,NA,NA,NA,NA,NA,NA,NA,NA,NA,NA,255,2026-03-03,20:34:24,8,6,"Galvan, Noah",822833,Right,ABI_WIL,"Dallimore, Brady",834396,Right,TCU_HFG,Undefined,6,Bottom,2,3,2,Curveball,Curveball,FoulBallNotFieldable,Undefined,Undefined,Undefined,0,0,NA,73.99966,2.283708,-1.11107,2313.605882,53.030025,07:45:00,5.38619,1.94079,5.83375,-59.79806,-7.87351,-12.8756,2.52739,-0.1651,67.17644,-8.70591,-3.420488,0.51863,77.48574,59.277296,54.432518,5077.451845,NA,NA,NA,NA,62.84638,NA,NA,6.21654,-4.25941,-1.84239,50,5.53756,2.54004,-107.33184,2.45241,7.12594,21.58468,-37.05657,TCU_HFG,ABI_WIL,TCU,D1,BIG12,20260303-TCU-2,a8e3d490-1772-11f1-89da-3b5d2295cb78,72.67691,94.4613,NA,6.82323,NA,NA,NA,1.14055,2.65159,-0.00193,5cabaece-df46-4300-b3c7-55df33123daa,2026-03-04,02:34:24,2026-03-04T02:34:24Z,2026-03-04T02:34:24Z,NA,v3,5045,471223,5b1f43e35ca0421ba59ea357c474eb40,"Gray, Brady",830795,Right,ABI_WIL,a88ebb93-a1d3-4054-a58c-0b97145ce712,54.67015,-108.26694,10.79234,5.39654,4.0578,-18.52828,-1.94575,2.23133,3.56297,NA,1.14055,33.77106,-16.15261,5.42875,-1.42891,0.34152,-0.07608,0.01322,-0.00128,2.65159,97.69541,-26.14558,2.62086,-0.31464,0.003,0.00991,-0.00307,4.3e-4,-0.00193,47.22753,-6.39091,1.14346,-0.13961,0.00528,0.00313,-0.00113,1.3e-4,NA,NA,NA,NA,NA,NA,NA,NA,NA,NA,NA,NA,NA,NA,NA,NA,NA,NA,NA,NA,NA,NA,High,High,High,Medium,Undefined,NA,NA,NA,NA,NA,NA,NA,NA,NA,NA,NA,NA,NA,NA,NA,NA,NA,NA,NA,NA,NA,NA,NA,NA,NA,NA,NA,NA,NA,NA,NA,NA,NA,NA,NA,NA,NA,NA,NA,NA,NA,NA,NA,NA,NA,NA,NA,NA,NA,NA,NA,NA,NA,NA,NA
NA,NA,NA,NA,NA,NA,NA,NA,NA,NA,NA,NA,NA,NA,NA,NA,256,2026-03-03,20:34:57,8,7,"Galvan, Noah",822833,Right,ABI_WIL,"Dallimore, Brady",834396,Right,TCU_HFG,Undefined,6,Bottom,2,3,2,Curveball,Curveball,HitByPitch,Undefined,Undefined,Undefined,0,1,NA,71.31529,3.395192,1.518324,2119.892608,80.543131,08:45:00,5.26907,2.00189,6.0813,-56.49054,-1.08295,-18.20221,3.70767,1.89017,64.48467,-7.095008,-1.75799,0.535742,NA,NA,NA,NA,NA,NA,NA,NA,NA,NA,NA,9.98154,-1.22882,-2.10918,50,5.50164,-2.15019,-103.37979,4.58778,10.6291,19.80948,-33.48259,TCU_HFG,ABI_WIL,TCU,D1,BIG12,20260303-TCU-2,bc904c80-1772-11f1-89da-3b5d2295cb78,70.35552,NA,NA,6.83062,NA,NA,NA,NA,NA,NA,5cabaece-df46-4300-b3c7-55df33123daa,2026-03-04,02:34:57,2026-03-04T02:34:57Z,2026-03-04T02:34:57Z,NA,v3,5045,471223,5b1f43e35ca0421ba59ea357c474eb40,"Gray, Brady",830795,Right,ABI_WIL,44364a2c-aa6d-4290-b031-194eb44eead9,54.42314,-104.2239,9.90474,5.27575,6.01451,-16.74129,-2.00791,-2.60311,5.31455,NA,NA,NA,NA,NA,NA,NA,NA,NA,NA,NA,NA,NA,NA,NA,NA,NA,NA,NA,NA,NA,NA,NA,NA,NA,NA,NA,NA,NA,NA,NA,NA,NA,NA,NA,NA,NA,NA,NA,NA,NA,NA,NA,NA,NA,NA,NA,NA,NA,NA,High,High,High,NA,NA,NA,NA,NA,NA,NA,NA,NA,NA,NA,NA,NA,NA,NA,NA,NA,NA,NA,NA,NA,NA,NA,NA,NA,NA,NA,NA,NA,NA,NA,NA,NA,NA,NA,NA,NA,NA,NA,NA,NA,NA,NA,NA,NA,NA,NA,NA,NA,NA,NA,NA,NA,NA,NA,NA,NA
NA,NA,NA,NA,NA,NA,NA,NA,NA,NA,NA,NA,NA,NA,NA,NA,257,2026-03-03,20:35:39,9,1,"Galvan, Noah",822833,Right,ABI_WIL,"Franco, Lucas",815618,Left,TCU_HFG,Undefined,6,Bottom,2,0,0,Fastball,Slider,StrikeCalled,Undefined,Undefined,Undefined,0,0,NA,84.52867,-0.283779,-1.360229,2167.763241,178.185559,12:00:00,5.56862,2.04166,6.63458,-23.71245,14.26808,-0.41433,3.33268,0.7615,77.33558,-4.796595,-1.435616,0.443559,NA,NA,NA,NA,NA,NA,NA,NA,NA,NA,NA,-0.1635,7.95748,-1.94948,50,5.53951,2.93349,-122.91012,-1.22904,-0.2499,24.54416,-20.0111,TCU_HFG,ABI_WIL,TCU,D1,BIG12,20260303-TCU-2,d5cdf030-1772-11f1-89da-3b5d2295cb78,84.97719,NA,NA,7.19309,NA,NA,NA,NA,NA,NA,5cabaece-df46-4300-b3c7-55df33123daa,2026-03-04,02:35:39,2026-03-04T02:35:39Z,2026-03-04T02:35:39Z,NA,v3,5045,471223,5b1f43e35ca0421ba59ea357c474eb40,"Gray, Brady",830795,Right,ABI_WIL,ae259cf5-4954-4fb8-a473-a0f1bee72a50,53.86654,-123.67982,12.27208,5.56822,-0.60149,-10.00555,-2.0416,2.9413299999999998,-0.12495,NA,NA,NA,NA,NA,NA,NA,NA,NA,NA,NA,NA,NA,NA,NA,NA,NA,NA,NA,NA,NA,NA,NA,NA,NA,NA,NA,NA,NA,NA,NA,NA,NA,NA,NA,NA,NA,NA,NA,NA,NA,NA,NA,NA,NA,NA,NA,NA,NA,NA,High,High,High,NA,NA,NA,NA,NA,NA,NA,NA,NA,NA,NA,NA,NA,NA,NA,NA,NA,NA,NA,NA,NA,NA,NA,NA,NA,NA,NA,NA,NA,NA,NA,NA,NA,NA,NA,NA,NA,NA,NA,NA,NA,NA,NA,NA,NA,NA,NA,NA,NA,NA,NA,NA,NA,NA,NA,NA,NA
NA,NA,NA,NA,NA,NA,NA,NA,NA,NA,NA,NA,NA,NA,NA,NA,258,2026-03-03,20:35:59,9,2,"Galvan, Noah",822833,Right,ABI_WIL,"Franco, Lucas",815618,Left,TCU_HFG,Undefined,6,Bottom,2,0,1,Fastball,Cutter,StrikeCalled,Undefined,Undefined,Undefined,0,0,NA,86.46109,-0.885625,-1.66867,2355.66954,175.148563,11:45:00,5.56396,2.14225,6.52871,-23.21714,13.21615,-1.02563,2.8163,0.52546,79.22587,-5.28374,-1.854887,0.434431,NA,NA,NA,NA,NA,NA,NA,NA,NA,NA,NA,0.07437,7.52685,-2.02587,50,5.49222,3.69997,-125.67937,-2.58551,0.11897,25.37468,-20.13044,TCU_HFG,ABI_WIL,TCU,D1,BIG12,20260303-TCU-2,e1838700-1772-11f1-89da-3b5d2295cb78,86.76283,NA,NA,7.23521,NA,NA,NA,NA,NA,NA,5cabaece-df46-4300-b3c7-55df33123daa,2026-03-04,02:35:59,2026-03-04T02:35:59Z,2026-03-04T02:35:59Z,NA,v3,5045,471223,5b1f43e35ca0421ba59ea357c474eb40,"Gray, Brady",830795,Right,ABI_WIL,6e6d108d-96c7-4a6d-b999-6cb34326587d,53.97239,-126.47885,12.68734,5.56369,-1.95125,-10.06522,-2.14238,3.69622,0.05948,NA,NA,NA,NA,NA,NA,NA,NA,NA,NA,NA,NA,NA,NA,NA,NA,NA,NA,NA,NA,NA,NA,NA,NA,NA,NA,NA,NA,NA,NA,NA,NA,NA,NA,NA,NA,NA,NA,NA,NA,NA,NA,NA,NA,NA,NA,NA,NA,NA,NA,High,High,High,NA,NA,NA,NA,NA,NA,NA,NA,NA,NA,NA,NA,NA,NA,NA,NA,NA,NA,NA,NA,NA,NA,NA,NA,NA,NA,NA,NA,NA,NA,NA,NA,NA,NA,NA,NA,NA,NA,NA,NA,NA,NA,NA,NA,NA,NA,NA,NA,NA,NA,NA,NA,NA,NA,NA,NA,NA
NA,NA,NA,NA,NA,NA,NA,NA,NA,NA,NA,NA,NA,NA,NA,NA,259,2026-03-03,20:36:23,9,3,"Galvan, Noah",822833,Right,ABI_WIL,"Franco, Lucas",815618,Left,TCU_HFG,Undefined,6,Bottom,2,0,2,Curveball,Curveball,StrikeCalled,Strikeout,Undefined,Undefined,0,0,NA,69.38662,3.852131,-0.087657,2192.723176,37.624159,07:15:00,5.48442,1.48062,5.92556,-70.165,-12.07757,-10.6791,3.21734,0.50936,63.83094,-9.006264,-2.006219,0.548545,NA,NA,NA,NA,NA,NA,NA,NA,NA,NA,NA,5.42622,-6.68681,-1.46761,50,5.75349,0.50789,-100.71933,4.76938,5.56498,16.60374,-39.0319,TCU_HFG,ABI_WIL,TCU,D1,BIG12,20260303-TCU-2,efb1e600-1772-11f1-89da-3b5d2295cb78,68.71346,NA,NA,5.55568,NA,NA,NA,NA,NA,NA,5cabaece-df46-4300-b3c7-55df33123daa,2026-03-04,02:36:23,2026-03-04T02:36:23Z,2026-03-04T02:36:23Z,NA,v3,5045,471223,5b1f43e35ca0421ba59ea357c474eb40,"Gray, Brady",830795,Right,ABI_WIL,4efe2ace-3249-4c06-8c0b-f516d7f7bf6e,54.58173,-101.47183,8.30187,5.49725,6.53833,-19.51595,-1.48491,0.25568,2.78249,NA,NA,NA,NA,NA,NA,NA,NA,NA,NA,NA,NA,NA,NA,NA,NA,NA,NA,NA,NA,NA,NA,NA,NA,NA,NA,NA,NA,NA,NA,NA,NA,NA,NA,NA,NA,NA,NA,NA,NA,NA,NA,NA,NA,NA,NA,NA,NA,NA,NA,High,High,High,NA,NA,NA,NA,NA,NA,NA,NA,NA,NA,NA,NA,NA,NA,NA,NA,NA,NA,NA,NA,NA,NA,NA,NA,NA,NA,NA,NA,NA,NA,NA,NA,NA,NA,NA,NA,NA,NA,NA,NA,NA,NA,NA,NA,NA,NA,NA,NA,NA,NA,NA,NA,NA,NA,NA,NA,NA
NA,NA,NA,NA,NA,NA,NA,NA,NA,NA,NA,NA,NA,NA,NA,NA,260,2026-03-03,20:38:44,1,1,"Sagouspe, Tanner",701693,Right,TCU_HFG,"Arias, Nick",808897,Right,ABI_WIL,Undefined,7,Top,0,0,0,Fastball,Four-Seam,BallCalled,Undefined,Undefined,Undefined,0,0,NA,91.23779,-0.748192,-0.239695,2205.503358,192.522658,12:30:00,6.37326,0.47685,5.11343,-16.37702,18.30781,3.81193,4.30357,0.56869,82.92798,-3.836208,0.434598,0.423878,NA,NA,NA,NA,NA,NA,NA,NA,NA,NA,NA,-1.95488,9.64001,-0.45735,50,6.29062,0.36997,-132.30898,-2.27798,-3.45332,29.13938,-15.14485,TCU_HFG,ABI_WIL,TCU,D1,BIG12,20260303-TCU-2,43871480-1773-11f1-89da-3b5d2295cb78,88.92277,NA,NA,8.3098,NA,NA,NA,NA,NA,NA,5cabaece-df46-4300-b3c7-55df33123daa,2026-03-04,02:38:44,2026-03-04T02:38:44Z,2026-03-04T02:38:44Z,NA,v3,5045,471223,5b1f43e35ca0421ba59ea357c474eb40,"Dallimore, Brady",834396,Right,TCU_HFG,50db2164-90e3-4d20-a78a-a9431780642b,55.38607,-133.48992,14.56969,6.3705,-1.6642,-7.57242,-0.47518,0.50992,-1.72666,NA,NA,NA,NA,NA,NA,NA,NA,NA,NA,NA,NA,NA,NA,NA,NA,NA,NA,NA,NA,NA,NA,NA,NA,NA,NA,NA,NA,NA,NA,NA,NA,NA,NA,NA,NA,NA,NA,NA,NA,NA,NA,NA,NA,NA,NA,NA,NA,NA,NA,High,High,High,NA,NA,NA,NA,NA,NA,NA,NA,NA,NA,NA,NA,NA,NA,NA,NA,NA,NA,NA,NA,NA,NA,NA,NA,NA,NA,NA,NA,NA,NA,NA,NA,NA,NA,NA,NA,NA,NA,NA,NA,NA,NA,NA,NA,NA,NA,NA,NA,NA,NA,NA,NA,NA,NA,NA,NA,NA
NA,NA,NA,NA,NA,NA,NA,NA,NA,NA,NA,NA,NA,NA,NA,NA,261,2026-03-03,20:39:02,1,2,"Sagouspe, Tanner",701693,Right,TCU_HFG,"Arias, Nick",808897,Right,ABI_WIL,Undefined,7,Top,0,1,0,Fastball,Four-Seam,BallCalled,Undefined,Undefined,Undefined,0,0,NA,92.0985,-2.402993,-2.056682,2274.889347,186.159345,12:15:00,6.28311,0.30546,5.46673,-15.40036,18.39564,1.85929,2.74787,-1.4654,83.54455,-5.327454,-1.725947,0.418412,NA,NA,NA,NA,NA,NA,NA,NA,NA,NA,NA,-1.5435,10.30107,-0.12562,50,6.06112,4.70246,-133.38535,-6.07936,-2.76094,30.60147,-13.7481,TCU_HFG,ABI_WIL,TCU,D1,BIG12,20260303-TCU-2,4e8df4c0-1773-11f1-89da-3b5d2295cb78,90.08452,NA,NA,8.55395,NA,NA,NA,NA,NA,NA,5cabaece-df46-4300-b3c7-55df33123daa,2026-03-04,02:39:02,2026-03-04T02:39:02Z,2026-03-04T02:39:02Z,NA,v3,5045,471223,5b1f43e35ca0421ba59ea357c474eb40,"Dallimore, Brady",834396,Right,TCU_HFG,17bd0e1d-c12c-4044-946e-be97e01e5e14,55.032,-134.53485,15.30074,6.27978,-5.56294,-6.87405,-0.30421,4.80617,-1.38047,NA,NA,NA,NA,NA,NA,NA,NA,NA,NA,NA,NA,NA,NA,NA,NA,NA,NA,NA,NA,NA,NA,NA,NA,NA,NA,NA,NA,NA,NA,NA,NA,NA,NA,NA,NA,NA,NA,NA,NA,NA,NA,NA,NA,NA,NA,NA,NA,NA,NA,High,High,High,NA,NA,NA,NA,NA,NA,NA,NA,NA,NA,NA,NA,NA,NA,NA,NA,NA,NA,NA,NA,NA,NA,NA,NA,NA,NA,NA,NA,NA,NA,NA,NA,NA,NA,NA,NA,NA,NA,NA,NA,NA,NA,NA,NA,NA,NA,NA,NA,NA,NA,NA,NA,NA,NA,NA,NA,NA
NA,NA,NA,NA,NA,NA,NA,NA,NA,NA,NA,NA,NA,NA,NA,NA,262,2026-03-03,20:39:17,1,3,"Sagouspe, Tanner",701693,Right,TCU_HFG,"Arias, Nick",808897,Right,ABI_WIL,Undefined,7,Top,0,2,0,Fastball,Four-Seam,FoulBallNotFieldable,Undefined,Undefined,Undefined,0,0,NA,92.33361,-3.683803,-1.491372,2386.768313,189.349814,12:15:00,6.33439,0.23272,5.59006,-11.62442,21.79592,3.40095,1.91981,-0.87684,84.00665,-5.93116,-0.884777,0.41608,73.15113,11.978638,152.752001,3269.000773,-103.25428,7.22996,37.92776,138.19246,46.24324,161.846767,1.666015,-2.16642,12.4741,-0.10694,50,6.01041,3.32876,-133.72273,-8.92669,-3.90306,30.1899,-9.70061,TCU_HFG,ABI_WIL,TCU,D1,BIG12,20260303-TCU-2,572fbbe0-1773-11f1-89da-3b5d2295cb78,90.58945,10.5563,NA,8.32696,NA,NA,NA,1.67451,2.13218,0.61351,5cabaece-df46-4300-b3c7-55df33123daa,2026-03-04,02:39:17,2026-03-04T02:39:17Z,2026-03-04T02:39:17Z,GroundBall,v3,5045,471223,5b1f43e35ca0421ba59ea357c474eb40,"Dallimore, Brady",834396,Right,TCU_HFG,87c0515c-ae6d-47e5-b8d7-0fe6353d412b,54.91166,-134.82705,15.09495,6.33045,-8.57185,-4.85031,-0.23132,3.47153,-1.95153,NA,1.52361,-92.09242,7.46693,NA,NA,NA,NA,NA,NA,2.26219,21.22611,-13.60045,NA,NA,NA,NA,NA,NA,1.2151,42.90947,-10.85695,NA,NA,NA,NA,NA,NA,NA,NA,NA,NA,NA,NA,NA,NA,NA,NA,NA,NA,NA,NA,NA,NA,NA,NA,NA,NA,NA,NA,High,High,High,High,Medium,NA,NA,NA,NA,NA,NA,NA,NA,NA,NA,NA,NA,NA,NA,NA,NA,NA,NA,NA,NA,NA,NA,NA,NA,NA,NA,NA,NA,NA,NA,NA,NA,NA,NA,NA,NA,NA,NA,NA,NA,NA,NA,NA,NA,NA,NA,NA,NA,NA,NA,NA,NA,NA,NA,NA
NA,NA,NA,NA,NA,NA,NA,NA,NA,NA,NA,NA,NA,NA,NA,NA,263,2026-03-03,20:39:36,1,4,"Sagouspe, Tanner",701693,Right,TCU_HFG,"Arias, Nick",808897,Right,ABI_WIL,Undefined,7,Top,0,2,1,Cutter,Slider,BallCalled,Undefined,Undefined,Undefined,0,0,NA,88.00226,0.060172,-0.973436,2289.907822,158.74437,11:15:00,6.19811,0.48167,5.65559,-28.19439,7.6067,-2.59319,3.90471,-0.64241,81.76558,-5.126199,-1.436852,0.430645,NA,NA,NA,NA,NA,NA,NA,NA,NA,NA,NA,1.09386,4.15406,-0.39751,50,6.18515,2.28479,-128.01924,-0.86211,1.84593,22.25435,-25.164,TCU_HFG,ABI_WIL,TCU,D1,BIG12,20260303-TCU-2,62b08710-1773-11f1-89da-3b5d2295cb78,87.52556,NA,NA,6.23667,NA,NA,NA,NA,NA,NA,5cabaece-df46-4300-b3c7-55df33123daa,2026-03-04,02:39:36,2026-03-04T02:39:36Z,2026-03-04T02:39:36Z,NA,v3,5045,471223,5b1f43e35ca0421ba59ea357c474eb40,"Dallimore, Brady",834396,Right,TCU_HFG,d88c87d5-a2f1-484f-b48a-d602900001a2,54.84786,-128.85921,11.12718,6.19977,0.08769,-12.582,-0.48243,2.21512,0.92297,NA,NA,NA,NA,NA,NA,NA,NA,NA,NA,NA,NA,NA,NA,NA,NA,NA,NA,NA,NA,NA,NA,NA,NA,NA,NA,NA,NA,NA,NA,NA,NA,NA,NA,NA,NA,NA,NA,NA,NA,NA,NA,NA,NA,NA,NA,NA,NA,NA,NA,High,High,High,NA,NA,NA,NA,NA,NA,NA,NA,NA,NA,NA,NA,NA,NA,NA,NA,NA,NA,NA,NA,NA,NA,NA,NA,NA,NA,NA,NA,NA,NA,NA,NA,NA,NA,NA,NA,NA,NA,NA,NA,NA,NA,NA,NA,NA,NA,NA,NA,NA,NA,NA,NA,NA,NA,NA,NA,NA
NA,NA,NA,NA,NA,NA,NA,NA,NA,NA,NA,NA,NA,NA,NA,NA,264,2026-03-03,20:39:51,1,5,"Sagouspe, Tanner",701693,Right,TCU_HFG,"Arias, Nick",808897,Right,ABI_WIL,Undefined,7,Top,0,3,1,Fastball,Four-Seam,StrikeCalled,Undefined,Undefined,Undefined,0,0,NA,93.29342,-3.415102,-0.441233,2297.940249,186.404273,12:15:00,6.2878,0.49069,5.39163,-13.74328,19.06627,2.02016,1.93776,0.24547,85.26684,-6.017162,-0.081975,0.41226,NA,NA,NA,NA,NA,NA,NA,NA,NA,NA,NA,-1.14252,10.87229,-0.45276,50,5.97313,0.94747,-135.20747,-8.50656,-2.11423,29.57989,-12.05524,TCU_HFG,ABI_WIL,TCU,D1,BIG12,20260303-TCU-2,6b999060-1773-11f1-89da-3b5d2295cb78,91.42875,NA,NA,8.02658,NA,NA,NA,NA,NA,NA,5cabaece-df46-4300-b3c7-55df33123daa,2026-03-04,02:39:51,2026-03-04T02:39:51Z,2026-03-04T02:39:51Z,NA,v3,5045,471223,5b1f43e35ca0421ba59ea357c474eb40,"Dallimore, Brady",834396,Right,TCU_HFG,8bc7f55c-a1d4-4c64-9537-3787d9502485,55.11027,-136.32088,14.78994,6.28479,-8.05279,-6.02762,-0.48992,1.02705,-1.05712,NA,NA,NA,NA,NA,NA,NA,NA,NA,NA,NA,NA,NA,NA,NA,NA,NA,NA,NA,NA,NA,NA,NA,NA,NA,NA,NA,NA,NA,NA,NA,NA,NA,NA,NA,NA,NA,NA,NA,NA,NA,NA,NA,NA,NA,NA,NA,NA,NA,NA,High,High,High,NA,NA,NA,NA,NA,NA,NA,NA,NA,NA,NA,NA,NA,NA,NA,NA,NA,NA,NA,NA,NA,NA,NA,NA,NA,NA,NA,NA,NA,NA,NA,NA,NA,NA,NA,NA,NA,NA,NA,NA,NA,NA,NA,NA,NA,NA,NA,NA,NA,NA,NA,NA,NA,NA,NA,NA,NA
NA,NA,NA,NA,NA,NA,NA,NA,NA,NA,NA,NA,NA,NA,NA,NA,265,2026-03-03,20:40:08,1,6,"Sagouspe, Tanner",701693,Right,TCU_HFG,"Arias, Nick",808897,Right,ABI_WIL,Undefined,7,Top,0,3,2,Fastball,Four-Seam,BallCalled,Walk,Undefined,Undefined,0,0,NA,93.99925,-3.826983,-1.320534,2215.415813,186.890346,12:15:00,6.36433,0.05892,5.45381,-14.38217,17.88812,2.03496,1.57675,-1.00798,85.99648,-6.536767,-0.958325,0.408858,NA,NA,NA,NA,NA,NA,NA,NA,NA,NA,NA,-1.38587,10.37327,0.0562,50,6.01639,3.04196,-136.13666,-9.57298,-2.60257,29.69662,-12.69359,TCU_HFG,ABI_WIL,TCU,D1,BIG12,20260303-TCU-2,75b414d0-1773-11f1-89da-3b5d2295cb78,92.1895,NA,NA,8.00278,NA,NA,NA,NA,NA,NA,5cabaece-df46-4300-b3c7-55df33123daa,2026-03-04,02:40:08,2026-03-04T02:40:08Z,2026-03-04T02:40:08Z,NA,v3,5045,471223,5b1f43e35ca0421ba59ea357c474eb40,"Dallimore, Brady",834396,Right,TCU_HFG,eea2bc38-2787-4bba-bd6c-5fda21356fbd,55.04687,-137.23316,14.84831,6.3612,-9.10429,-6.34679,-0.05789,3.13806,-1.30128,NA,NA,NA,NA,NA,NA,NA,NA,NA,NA,NA,NA,NA,NA,NA,NA,NA,NA,NA,NA,NA,NA,NA,NA,NA,NA,NA,NA,NA,NA,NA,NA,NA,NA,NA,NA,NA,NA,NA,NA,NA,NA,NA,NA,NA,NA,NA,NA,NA,NA,High,High,High,NA,NA,NA,NA,NA,NA,NA,NA,NA,NA,NA,NA,NA,NA,NA,NA,NA,NA,NA,NA,NA,NA,NA,NA,NA,NA,NA,NA,NA,NA,NA,NA,NA,NA,NA,NA,NA,NA,NA,NA,NA,NA,NA,NA,NA,NA,NA,NA,NA,NA,NA,NA,NA,NA,NA,NA,NA
NA,NA,NA,NA,NA,NA,NA,NA,NA,NA,NA,NA,NA,NA,NA,NA,266,2026-03-03,20:40:59,2,1,"Sagouspe, Tanner",701693,Right,TCU_HFG,"Cardenas, Diego",830790,Left,ABI_WIL,Undefined,7,Top,0,0,0,Fastball,Four-Seam,StrikeSwinging,Undefined,Undefined,Undefined,0,0,NA,93.66693,-3.335983,-1.569386,2154.404995,185.344017,12:15:00,6.37001,0.3865,5.50928,-17.24906,15.16359,1.32071,1.80801,-0.97153,85.72247,-6.558223,-1.334059,0.409759,NA,NA,NA,NA,NA,NA,NA,NA,NA,NA,NA,-1.10614,8.90819,-0.25042,50,6.06705,3.65827,-135.73997,-8.50847,-2.06345,29.76395,-15.55651,TCU_HFG,ABI_WIL,TCU,D1,BIG12,20260303-TCU-2,94129640-1773-11f1-89da-3b5d2295cb78,91.98681,NA,NA,7.94446,NA,NA,NA,NA,NA,NA,5cabaece-df46-4300-b3c7-55df33123daa,2026-03-04,02:40:59,2026-03-04T02:40:59Z,2026-03-04T02:40:59Z,NA,v3,5045,471223,5b1f43e35ca0421ba59ea357c474eb40,"Dallimore, Brady",834396,Right,TCU_HFG,68b7ae30-dd01-4e00-b860-d6cee9c80d42,54.99259,-136.83032,14.88198,6.36831,-7.93858,-7.77825,-0.38581,3.73386,-1.03173,NA,NA,NA,NA,NA,NA,NA,NA,NA,NA,NA,NA,NA,NA,NA,NA,NA,NA,NA,NA,NA,NA,NA,NA,NA,NA,NA,NA,NA,NA,NA,NA,NA,NA,NA,NA,NA,NA,NA,NA,NA,NA,NA,NA,NA,NA,NA,NA,NA,NA,High,High,High,NA,NA,NA,NA,NA,NA,NA,NA,NA,NA,NA,NA,NA,NA,NA,NA,NA,NA,NA,NA,NA,NA,NA,NA,NA,NA,NA,NA,NA,NA,NA,NA,NA,NA,NA,NA,NA,NA,NA,NA,NA,NA,NA,NA,NA,NA,NA,NA,NA,NA,NA,NA,NA,NA,NA,NA,NA
NA,NA,NA,NA,NA,NA,NA,NA,NA,NA,NA,NA,NA,NA,NA,NA,267,2026-03-03,20:41:16,2,2,"Sagouspe, Tanner",701693,Right,TCU_HFG,"Cardenas, Diego",830790,Left,ABI_WIL,Undefined,7,Top,0,0,1,Curveball,Curveball,StrikeCalled,Undefined,Undefined,Undefined,0,0,NA,82.56678,0.389913,-0.75916,2475.010154,5.241207,06:15:00,6.32051,0.21833,5.26386,-50.45078,-8.59449,-0.90449,2.48264,-0.57032,76.12314,-8.730796,-0.920004,0.465642,NA,NA,NA,NA,NA,NA,NA,NA,NA,NA,NA,0.24398,-4.02803,-0.14812,50,6.31863,1.62721,-119.9397,-1.06803,0.35574,22.99989,-38.04695,TCU_HFG,ABI_WIL,TCU,D1,BIG12,20260303-TCU-2,9e4b5110-1773-11f1-89da-3b5d2295cb78,80.9473,NA,NA,6.44364,NA,NA,NA,NA,NA,NA,5cabaece-df46-4300-b3c7-55df33123daa,2026-03-04,02:41:16,2026-03-04T02:41:16Z,2026-03-04T02:41:16Z,NA,v3,5045,471223,5b1f43e35ca0421ba59ea357c474eb40,"Dallimore, Brady",834396,Right,TCU_HFG,4c90ba9e-6530-4adf-9006-aa90e897f6c0,55.24099,-120.94055,11.49994,6.32908,0.5876,-19.02348,-0.2186,1.61173,0.17787,NA,NA,NA,NA,NA,NA,NA,NA,NA,NA,NA,NA,NA,NA,NA,NA,NA,NA,NA,NA,NA,NA,NA,NA,NA,NA,NA,NA,NA,NA,NA,NA,NA,NA,NA,NA,NA,NA,NA,NA,NA,NA,NA,NA,NA,NA,NA,NA,NA,NA,High,High,High,NA,NA,NA,NA,NA,NA,NA,NA,NA,NA,NA,NA,NA,NA,NA,NA,NA,NA,NA,NA,NA,NA,NA,NA,NA,NA,NA,NA,NA,NA,NA,NA,NA,NA,NA,NA,NA,NA,NA,NA,NA,NA,NA,NA,NA,NA,NA,NA,NA,NA,NA,NA,NA,NA,NA,NA,NA
NA,NA,NA,NA,NA,NA,NA,NA,NA,NA,NA,NA,NA,NA,NA,NA,268,2026-03-03,20:41:44,2,3,"Sagouspe, Tanner",701693,Right,TCU_HFG,"Cardenas, Diego",830790,Left,ABI_WIL,Undefined,7,Top,0,0,2,Curveball,Slider,BallCalled,Undefined,Undefined,Undefined,0,0,NA,83.21965,-0.064776,-1.65438,2416.557708,2.261118,06:00:00,6.40432,0.22329,5.19834,-47.00936,-5.7652,-0.27598,2.42592,-1.35633,76.86486,-8.553843,-1.703359,0.462224,NA,NA,NA,NA,NA,NA,NA,NA,NA,NA,NA,-0.30575,-2.51791,-0.06966,50,6.36233,3.50222,-120.85484,-1.90363,-0.45373,22.81533,-35.91048,TCU_HFG,ABI_WIL,TCU,D1,BIG12,20260303-TCU-2,af5817e0-1773-11f1-89da-3b5d2295cb78,81.54582,NA,NA,6.35479,NA,NA,NA,NA,NA,NA,5cabaece-df46-4300-b3c7-55df33123daa,2026-03-04,02:41:44,2026-03-04T02:41:44Z,2026-03-04T02:41:44Z,NA,v3,5045,471223,5b1f43e35ca0421ba59ea357c474eb40,"Dallimore, Brady",834396,Right,TCU_HFG,ccc45edb-6b29-4e12-834c-45cd1c2428ee,55.30633,-121.85247,11.40767,6.41124,-0.3334,-17.95524,-0.22323,3.52206,-0.22686,NA,NA,NA,NA,NA,NA,NA,NA,NA,NA,NA,NA,NA,NA,NA,NA,NA,NA,NA,NA,NA,NA,NA,NA,NA,NA,NA,NA,NA,NA,NA,NA,NA,NA,NA,NA,NA,NA,NA,NA,NA,NA,NA,NA,NA,NA,NA,NA,NA,NA,High,High,High,NA,NA,NA,NA,NA,NA,NA,NA,NA,NA,NA,NA,NA,NA,NA,NA,NA,NA,NA,NA,NA,NA,NA,NA,NA,NA,NA,NA,NA,NA,NA,NA,NA,NA,NA,NA,NA,NA,NA,NA,NA,NA,NA,NA,NA,NA,NA,NA,NA,NA,NA,NA,NA,NA,NA,NA,NA
NA,NA,NA,NA,NA,NA,NA,NA,NA,NA,NA,NA,NA,NA,NA,NA,269,2026-03-03,20:42:02,2,4,"Sagouspe, Tanner",701693,Right,TCU_HFG,"Cardenas, Diego",830790,Left,ABI_WIL,Undefined,7,Top,0,1,2,Curveball,Curveball,StrikeCalled,Strikeout,Undefined,Undefined,0,0,NA,81.92223,1.24064,0.239259,2246.347816,33.576263,07:00:00,6.39312,0.30558,5.23504,-48.67388,-5.96677,-4.85209,3.50337,0.12615,75.08572,-7.591405,-0.622279,0.47035,NA,NA,NA,NA,NA,NA,NA,NA,NA,NA,NA,2.47728,-2.86634,-0.32391,50,6.4711,-0.28959,-118.91526,0.76269,3.54112,23.16917,-36.27135,TCU_HFG,ABI_WIL,TCU,D1,BIG12,20260303-TCU-2,b98ed6e0-1773-11f1-89da-3b5d2295cb78,80.13693,NA,NA,6.83651,NA,NA,NA,NA,NA,NA,5cabaece-df46-4300-b3c7-55df33123daa,2026-03-04,02:42:02,2026-03-04T02:42:02Z,2026-03-04T02:42:02Z,NA,v3,5045,471223,5b1f43e35ca0421ba59ea357c474eb40,"Dallimore, Brady",834396,Right,TCU_HFG,14e3e829-79ee-43d1-a4c6-f0a13b1c2c9a,55.26797,-119.93727,11.58459,6.40217,2.36264,-18.13567,-0.30769,-0.44579,1.77056,NA,NA,NA,NA,NA,NA,NA,NA,NA,NA,NA,NA,NA,NA,NA,NA,NA,NA,NA,NA,NA,NA,NA,NA,NA,NA,NA,NA,NA,NA,NA,NA,NA,NA,NA,NA,NA,NA,NA,NA,NA,NA,NA,NA,NA,NA,NA,NA,NA,NA,High,High,High,NA,NA,NA,NA,NA,NA,NA,NA,NA,NA,NA,NA,NA,NA,NA,NA,NA,NA,NA,NA,NA,NA,NA,NA,NA,NA,NA,NA,NA,NA,NA,NA,NA,NA,NA,NA,NA,NA,NA,NA,NA,NA,NA,NA,NA,NA,NA,NA,NA,NA,NA,NA,NA,NA,NA,NA,NA
NA,NA,NA,NA,NA,NA,NA,NA,NA,NA,NA,NA,NA,NA,NA,NA,270,2026-03-03,20:42:31,3,1,"Sagouspe, Tanner",701693,Right,TCU_HFG,"Jones, Ryan",831552,Right,ABI_WIL,Undefined,7,Top,1,0,0,Fastball,Four-Seam,InPlay,Undefined,GroundBall,Single,0,0,NA,93.86985,-2.672333,-0.574677,2218.298665,187.731764,12:15:00,6.26309,0.38581,5.55201,-15.86568,16.22694,2.0661,2.44179,0.02094,86.00283,-5.65473,-0.206098,0.407731,93.73856,-9.789627,23.471741,NA,NA,NA,NA,15.47855,14.59069,21.421943,0.104629,-1.20689,9.25461,-0.3375,50,6.02142,1.2719800000000001,-136.20578,-6.88874,-2.27152,29.39052,-14.75585,TCU_HFG,ABI_WIL,TCU,D1,BIG12,20260303-TCU-2,cb0227b0-1773-11f1-89da-3b5d2295cb78,92.44435,2.45001,NA,7.86703,NA,NA,NA,1.38476,2.45001,-0.00228,5cabaece-df46-4300-b3c7-55df33123daa,2026-03-04,02:42:31,2026-03-04T02:42:31Z,2026-03-04T02:42:31Z,GroundBall,v3,5045,471223,5b1f43e35ca0421ba59ea357c474eb40,"Dallimore, Brady",834396,Right,TCU_HFG,9519ad8c-3ad3-46e0-a7cc-d963fb571586,54.95042,-137.26982,14.69526,6.26115,-6.35452,-7.37792,-0.38504,1.35421,-1.13576,180,1.3812,124.48265,NA,NA,NA,NA,NA,NA,NA,2.45068,-23.41622,NA,NA,NA,NA,NA,NA,NA,-0.00383,54.05361,NA,NA,NA,NA,NA,NA,NA,NA,NA,NA,NA,NA,NA,NA,NA,NA,NA,NA,NA,NA,NA,NA,NA,NA,NA,NA,NA,NA,NA,High,High,High,Medium,High,NA,NA,NA,NA,NA,NA,NA,NA,NA,NA,NA,NA,NA,NA,NA,NA,NA,NA,NA,NA,NA,NA,NA,NA,NA,NA,NA,NA,NA,NA,NA,NA,NA,NA,NA,NA,NA,NA,NA,NA,NA,NA,NA,NA,NA,NA,NA,NA,NA,NA,NA,NA,NA,NA,NA
NA,NA,NA,NA,NA,NA,NA,NA,NA,NA,NA,NA,NA,NA,NA,NA,271,2026-03-03,20:43:56,4,1,"Sagouspe, Tanner",701693,Right,TCU_HFG,"Gray, Brady",830795,Left,ABI_WIL,Undefined,7,Top,1,0,0,Curveball,Curveball,BallCalled,Undefined,Undefined,Undefined,0,0,NA,80.22508,2.978512,-1.002069,2493.290815,25.973071,06:45:00,6.36471,0.01577,5.27666,-54.2729,-9.82851,-5.44933,4.64258,-1.37966,73.5457,-6.86329,-1.968762,0.479822,NA,NA,NA,NA,NA,NA,NA,NA,NA,NA,NA,2.43354,-5.26071,0.07987,50,6.59706,2.26213,-116.37777,4.07139,3.34007,21.68248,-39.39441,TCU_HFG,ABI_WIL,TCU,D1,BIG12,20260303-TCU-2,fdee0b30-1773-11f1-89da-3b5d2295cb78,78.55511,NA,NA,6.67938,NA,NA,NA,NA,NA,NA,5cabaece-df46-4300-b3c7-55df33123daa,2026-03-04,02:43:56,2026-03-04T02:43:56Z,2026-03-04T02:43:56Z,NA,v3,5045,471223,5b1f43e35ca0421ba59ea357c474eb40,"Dallimore, Brady",834396,Right,TCU_HFG,97bfa8cb-1f32-4d62-9107-ac7626003372,55.22806,-117.34777,10.84124,6.3755,5.83377,-19.6972,-0.01799,2.1127,1.67004,NA,NA,NA,NA,NA,NA,NA,NA,NA,NA,NA,NA,NA,NA,NA,NA,NA,NA,NA,NA,NA,NA,NA,NA,NA,NA,NA,NA,NA,NA,NA,NA,NA,NA,NA,NA,NA,NA,NA,NA,NA,NA,NA,NA,NA,NA,NA,NA,NA,NA,High,High,High,NA,NA,NA,NA,NA,NA,NA,NA,NA,NA,NA,NA,NA,NA,NA,NA,NA,NA,NA,NA,NA,NA,NA,NA,NA,NA,NA,NA,NA,NA,NA,NA,NA,NA,NA,NA,NA,NA,NA,NA,NA,NA,NA,NA,NA,NA,NA,NA,NA,NA,NA,NA,NA,NA,NA,NA,NA
NA,NA,NA,NA,NA,NA,NA,NA,NA,NA,NA,NA,NA,NA,NA,NA,272,2026-03-03,20:44:16,4,2,"Sagouspe, Tanner",701693,Right,TCU_HFG,"Gray, Brady",830795,Left,ABI_WIL,Undefined,7,Top,1,1,0,Fastball,Four-Seam,FoulBallNotFieldable,Undefined,Undefined,Undefined,0,0,NA,93.07755,-1.579641,-1.564149,2322.454919,192.816397,12:30:00,6.23107,0.30295,5.84948,-14.55442,17.69914,3.79709,3.54935,-0.83452,85.15439,-4.354454,-0.883541,0.408752,68.87816,40.133808,-168.422147,3493.007274,NA,NA,NA,NA,42.11522,NA,NA,-2.37181,9.79249,-0.17794,50,6.09402,3.52353,-135.15779,-4.16405,-4.3946,29.00163,-14.03012,TCU_HFG,ABI_WIL,TCU,D1,BIG12,20260303-TCU-2,098d33d0-1774-11f1-89da-3b5d2295cb78,92.21342,31.73676,NA,7.92316,NA,NA,NA,0.25235,3.57611,0.84266,5cabaece-df46-4300-b3c7-55df33123daa,2026-03-04,02:44:16,2026-03-04T02:44:16Z,2026-03-04T02:44:16Z,NA,v3,5045,471223,5b1f43e35ca0421ba59ea357c474eb40,"Dallimore, Brady",834396,Right,TCU_HFG,6a4afcf9-5d8a-4f56-9d41-afca913ff23b,54.65248,-136.15244,14.50082,6.22858,-3.68286,-7.01506,-0.30137,3.67425,-2.1973,11.956122,0.25235,-75.66356,3.11828,0.52616,0.96108,-4.52613,9.52243,-9.82812,3.99177,3.57611,65.11534,-28.98258,3.32629,0.89413,-6.16264,12.8408,-12.98657,5.16248,0.84266,-15.50088,2.80021,-0.46909,-0.31748,1.61039,-3.32121,3.35848,-1.33583,NA,NA,NA,NA,NA,NA,NA,NA,NA,NA,NA,NA,NA,NA,NA,NA,NA,NA,NA,NA,NA,NA,High,High,High,High,Undefined,NA,NA,NA,NA,NA,NA,NA,NA,NA,NA,NA,NA,NA,NA,NA,NA,NA,NA,NA,NA,NA,NA,NA,NA,NA,NA,NA,NA,NA,NA,NA,NA,NA,NA,NA,NA,NA,NA,NA,NA,NA,NA,NA,NA,NA,NA,NA,NA,NA,NA,NA,NA,NA,NA,NA
NA,NA,NA,NA,NA,NA,NA,NA,NA,NA,NA,NA,NA,NA,NA,NA,273,2026-03-03,20:44:39,4,3,"Sagouspe, Tanner",701693,Right,TCU_HFG,"Gray, Brady",830795,Left,ABI_WIL,Undefined,7,Top,1,1,1,Curveball,Curveball,BallCalled,Undefined,Undefined,Undefined,0,0,NA,83.1663,-2.582113,-1.699427,2670.995131,358.172768,06:00:00,6.1925,0.23733,5.36588,-51.95184,-10.31453,0.37272,-0.56082,-1.32567,76.56458,-11.915759,-1.632839,0.464422,NA,NA,NA,NA,NA,NA,NA,NA,NA,NA,NA,-0.71768,-4.1728,-0.08499,50,5.92269,3.56213,-120.56558,-7.32989,-1.04469,25.86616,-38.24802,TCU_HFG,ABI_WIL,TCU,D1,BIG12,20260303-TCU-2,17627650-1774-11f1-89da-3b5d2295cb78,81.15992,NA,NA,6.60172,NA,NA,NA,NA,NA,NA,5cabaece-df46-4300-b3c7-55df33123daa,2026-03-04,02:44:39,2026-03-04T02:44:39Z,2026-03-04T02:44:39Z,NA,v3,5045,471223,5b1f43e35ca0421ba59ea357c474eb40,"Dallimore, Brady",834396,Right,TCU_HFG,dc3cde56-e4ee-4fb3-88e9-2c7d426a235f,55.13978,-121.66327,12.93308,6.19931,-5.70675,-19.12401,-0.2371,3.60647,-0.52234,NA,NA,NA,NA,NA,NA,NA,NA,NA,NA,NA,NA,NA,NA,NA,NA,NA,NA,NA,NA,NA,NA,NA,NA,NA,NA,NA,NA,NA,NA,NA,NA,NA,NA,NA,NA,NA,NA,NA,NA,NA,NA,NA,NA,NA,NA,NA,NA,NA,NA,High,High,High,NA,NA,NA,NA,NA,NA,NA,NA,NA,NA,NA,NA,NA,NA,NA,NA,NA,NA,NA,NA,NA,NA,NA,NA,NA,NA,NA,NA,NA,NA,NA,NA,NA,NA,NA,NA,NA,NA,NA,NA,NA,NA,NA,NA,NA,NA,NA,NA,NA,NA,NA,NA,NA,NA,NA,NA,NA
NA,NA,NA,NA,NA,NA,NA,NA,NA,NA,NA,NA,NA,NA,NA,NA,274,2026-03-03,20:45:15,4,4,"Sagouspe, Tanner",701693,Right,TCU_HFG,"Gray, Brady",830795,Left,ABI_WIL,Undefined,7,Top,1,2,1,Curveball,Curveball,BallCalled,Undefined,Undefined,Undefined,0,0,NA,81.64799,-1.289431,-1.866913,2614.89658,3.721314,06:00:00,6.3811,0.13603,5.44556,-53.09912,-10.09501,-0.74878,0.748,-1.67504,74.98011,-10.884216,-2.000693,0.471983,NA,NA,NA,NA,NA,NA,NA,NA,NA,NA,NA,-0.19638,-4.31264,0.02959,50,6.23017,3.8909,-118.44326,-4.57354,-0.2761,24.81572,-38.23684,TCU_HFG,ABI_WIL,TCU,D1,BIG12,20260303-TCU-2,2ce7a5e0-1774-11f1-89da-3b5d2295cb78,79.85975,NA,NA,6.66788,NA,NA,NA,NA,NA,NA,5cabaece-df46-4300-b3c7-55df33123daa,2026-03-04,02:45:15,2026-03-04T02:45:15Z,2026-03-04T02:45:15Z,NA,v3,5045,471223,5b1f43e35ca0421ba59ea357c474eb40,"Dallimore, Brady",834396,Right,TCU_HFG,3a21543a-300c-492a-bec5-a780d7e2972d,55.05889,-119.49848,12.40786,6.39008,-2.94762,-19.11842,-0.13611,3.90264,-0.13805,NA,NA,NA,NA,NA,NA,NA,NA,NA,NA,NA,NA,NA,NA,NA,NA,NA,NA,NA,NA,NA,NA,NA,NA,NA,NA,NA,NA,NA,NA,NA,NA,NA,NA,NA,NA,NA,NA,NA,NA,NA,NA,NA,NA,NA,NA,NA,NA,NA,NA,High,High,High,NA,NA,NA,NA,NA,NA,NA,NA,NA,NA,NA,NA,NA,NA,NA,NA,NA,NA,NA,NA,NA,NA,NA,NA,NA,NA,NA,NA,NA,NA,NA,NA,NA,NA,NA,NA,NA,NA,NA,NA,NA,NA,NA,NA,NA,NA,NA,NA,NA,NA,NA,NA,NA,NA,NA,NA,NA
NA,NA,NA,NA,NA,NA,NA,NA,NA,NA,NA,NA,NA,NA,NA,NA,275,2026-03-03,20:45:38,4,5,"Sagouspe, Tanner",701693,Right,TCU_HFG,"Gray, Brady",830795,Left,ABI_WIL,Undefined,7,Top,1,3,1,Fastball,Four-Seam,FoulBallNotFieldable,Undefined,Undefined,Undefined,0,0,NA,93.69557,-2.900924,-1.514237,2301.391529,195.677697,12:30:00,6.2423,0.20854,6.13117,-14.43225,17.13009,4.5265,2.35487,-0.81428,85.77168,-5.656734,-0.698364,0.404349,NA,NA,NA,NA,NA,NA,NA,NA,NA,NA,NA,-2.76425,9.96918,-0.09512,50,6.01276,3.40266,-135.99265,-7.30709,-5.17958,29.66471,-13.49397,TCU_HFG,ABI_WIL,TCU,D1,BIG12,20260303-TCU-2,3a479150-1774-11f1-89da-3b5d2295cb78,93.2177,NA,NA,7.92389,NA,NA,NA,NA,NA,NA,5cabaece-df46-4300-b3c7-55df33123daa,2026-03-04,02:45:38,2026-03-04T02:45:38Z,2026-03-04T02:45:38Z,NA,v3,5045,471223,5b1f43e35ca0421ba59ea357c474eb40,"Dallimore, Brady",834396,Right,TCU_HFG,6b7e7e88-a9e9-4e4b-ac3f-921655cbfa59,54.37112,-136.94282,14.83236,6.23988,-6.87488,-6.74699,-0.20677,3.56857,-2.58979,NA,NA,NA,NA,NA,NA,NA,NA,NA,NA,NA,NA,NA,NA,NA,NA,NA,NA,NA,NA,NA,NA,NA,NA,NA,NA,NA,NA,NA,NA,NA,NA,NA,NA,NA,NA,NA,NA,NA,NA,NA,NA,NA,NA,NA,NA,NA,NA,NA,NA,High,High,High,NA,NA,NA,NA,NA,NA,NA,NA,NA,NA,NA,NA,NA,NA,NA,NA,NA,NA,NA,NA,NA,NA,NA,NA,NA,NA,NA,NA,NA,NA,NA,NA,NA,NA,NA,NA,NA,NA,NA,NA,NA,NA,NA,NA,NA,NA,NA,NA,NA,NA,NA,NA,NA,NA,NA,NA,NA
NA,NA,NA,NA,NA,NA,NA,NA,NA,NA,NA,NA,NA,NA,NA,NA,276,2026-03-03,20:46:01,4,6,"Sagouspe, Tanner",701693,Right,TCU_HFG,"Gray, Brady",830795,Left,ABI_WIL,Undefined,7,Top,1,3,2,Curveball,Curveball,StrikeSwinging,Strikeout,Undefined,Undefined,0,0,NA,82.00412,-2.22764,-1.017455,2551.323753,358.835766,06:00:00,6.31601,0.11566,5.24267,-50.44282,-7.76308,0.18465,0.01736,-0.82533,75.88176,-11.282466,-0.984555,0.4702,NA,NA,NA,NA,NA,NA,NA,NA,NA,NA,NA,-0.38591,-2.98799,-0.02226,50,6.07281,2.1059,-118.99582,-6.46911,-0.55156,23.51897,-36.44461,TCU_HFG,ABI_WIL,TCU,D1,BIG12,20260303-TCU-2,488a1490-1774-11f1-89da-3b5d2295cb78,80.16261,NA,NA,6.12236,NA,NA,NA,NA,NA,NA,5cabaece-df46-4300-b3c7-55df33123daa,2026-03-04,02:46:01,2026-03-04T02:46:01Z,2026-03-04T02:46:01Z,NA,v3,5045,471223,5b1f43e35ca0421ba59ea357c474eb40,"Dallimore, Brady",834396,Right,TCU_HFG,ad4d0724-f992-4fa5-9708-15a514ea19d1,55.26299,-120.03152,11.75948,6.32235,-4.86421,-18.22231,-0.11553,2.13019,-0.27578,NA,NA,NA,NA,NA,NA,NA,NA,NA,NA,NA,NA,NA,NA,NA,NA,NA,NA,NA,NA,NA,NA,NA,NA,NA,NA,NA,NA,NA,NA,NA,NA,NA,NA,NA,NA,NA,NA,NA,NA,NA,NA,NA,NA,NA,NA,NA,NA,NA,NA,High,High,High,NA,NA,NA,NA,NA,NA,NA,NA,NA,NA,NA,NA,NA,NA,NA,NA,NA,NA,NA,NA,NA,NA,NA,NA,NA,NA,NA,NA,NA,NA,NA,NA,NA,NA,NA,NA,NA,NA,NA,NA,NA,NA,NA,NA,NA,NA,NA,NA,NA,NA,NA,NA,NA,NA,NA,NA,NA
NA,NA,NA,NA,NA,NA,NA,NA,NA,NA,NA,NA,NA,NA,NA,NA,277,2026-03-03,20:46:39,5,1,"Sagouspe, Tanner",701693,Right,TCU_HFG,"Borho, Reese",822840,Left,ABI_WIL,Undefined,7,Top,2,0,0,Curveball,Curveball,StrikeCalled,Undefined,Undefined,Undefined,0,0,NA,82.67555,0.502662,0.038025,2600.712926,0.491926,06:00:00,6.26187,0.11706,5.42241,-55.15897,-13.46465,-0.12689,2.13617,0.1421,75.97728,-9.484605,0.015374,0.46474,NA,NA,NA,NA,NA,NA,NA,NA,NA,NA,NA,0.07508,-6.54142,-0.12034,50,6.26781,-0.07447,-120.10304,-0.98607,0.10909,24.35319,-41.68075,TCU_HFG,ABI_WIL,TCU,D1,BIG12,20260303-TCU-2,5ee817f0-1774-11f1-89da-3b5d2295cb78,81.10439,NA,NA,6.69828,NA,NA,NA,NA,NA,NA,5cabaece-df46-4300-b3c7-55df33123daa,2026-03-04,02:46:39,2026-03-04T02:46:39Z,2026-03-04T02:46:39Z,NA,v3,5045,471223,5b1f43e35ca0421ba59ea357c474eb40,"Dallimore, Brady",834396,Right,TCU_HFG,85633d5f-82a1-4102-873f-3e6fa46bd7ed,55.08324,-121.12938,12.17659,6.27235,0.77052,-20.84038,-0.11711,-0.07906,0.05454,NA,NA,NA,NA,NA,NA,NA,NA,NA,NA,NA,NA,NA,NA,NA,NA,NA,NA,NA,NA,NA,NA,NA,NA,NA,NA,NA,NA,NA,NA,NA,NA,NA,NA,NA,NA,NA,NA,NA,NA,NA,NA,NA,NA,NA,NA,NA,NA,NA,NA,High,High,High,NA,NA,NA,NA,NA,NA,NA,NA,NA,NA,NA,NA,NA,NA,NA,NA,NA,NA,NA,NA,NA,NA,NA,NA,NA,NA,NA,NA,NA,NA,NA,NA,NA,NA,NA,NA,NA,NA,NA,NA,NA,NA,NA,NA,NA,NA,NA,NA,NA,NA,NA,NA,NA,NA,NA,NA,NA
NA,NA,NA,NA,NA,NA,NA,NA,NA,NA,NA,NA,NA,NA,NA,NA,278,2026-03-03,20:46:58,5,2,"Sagouspe, Tanner",701693,Right,TCU_HFG,"Borho, Reese",822840,Left,ABI_WIL,Undefined,7,Top,2,0,1,Curveball,Curveball,BallCalled,Undefined,Undefined,Undefined,0,0,NA,83.16725,-1.143461,-1.455518,2590.521141,17.49837,06:30:00,6.29293,0.21044,5.00468,-49.44916,-7.48229,-2.78402,1.09222,-1.3959,76.46128,-10.022929,-1.948595,0.466256,NA,NA,NA,NA,NA,NA,NA,NA,NA,NA,NA,0.95961,-3.02925,-0.06817,50,6.14249,3.18468,-120.6265,-4.31268,1.40569,24.7382,-36.61145,TCU_HFG,ABI_WIL,TCU,D1,BIG12,20260303-TCU-2,6a6f99e0-1774-11f1-89da-3b5d2295cb78,80.84059,NA,NA,6.70597,NA,NA,NA,NA,NA,NA,5cabaece-df46-4300-b3c7-55df33123daa,2026-03-04,02:46:58,2026-03-04T02:46:58Z,2026-03-04T02:46:58Z,NA,v3,5045,471223,5b1f43e35ca0421ba59ea357c474eb40,"Dallimore, Brady",834396,Right,TCU_HFG,698a5e54-d77b-4e94-8c03-cda60eceec6a,55.49959,-121.74914,12.3691,6.30051,-2.65122,-18.30573,-0.21125,3.12089,0.70284,NA,NA,NA,NA,NA,NA,NA,NA,NA,NA,NA,NA,NA,NA,NA,NA,NA,NA,NA,NA,NA,NA,NA,NA,NA,NA,NA,NA,NA,NA,NA,NA,NA,NA,NA,NA,NA,NA,NA,NA,NA,NA,NA,NA,NA,NA,NA,NA,NA,NA,High,High,High,NA,NA,NA,NA,NA,NA,NA,NA,NA,NA,NA,NA,NA,NA,NA,NA,NA,NA,NA,NA,NA,NA,NA,NA,NA,NA,NA,NA,NA,NA,NA,NA,NA,NA,NA,NA,NA,NA,NA,NA,NA,NA,NA,NA,NA,NA,NA,NA,NA,NA,NA,NA,NA,NA,NA,NA,NA
NA,NA,NA,NA,NA,NA,NA,NA,NA,NA,NA,NA,NA,NA,NA,NA,279,2026-03-03,20:47:35,5,3,"Sagouspe, Tanner",701693,Right,TCU_HFG,"Borho, Reese",822840,Left,ABI_WIL,Undefined,7,Top,2,1,1,Curveball,Curveball,BallCalled,Undefined,Undefined,Undefined,0,0,NA,82.30316,-0.277898,-0.565659,2663.792741,10.159564,06:15:00,6.20766,0.42474,5.17253,-59.42007,-17.19816,-3.30339,0.99445,-0.3829,76.3874,-10.926777,-1.153618,0.467671,NA,NA,NA,NA,NA,NA,NA,NA,NA,NA,NA,1.50953,-8.28008,-0.36937,50,6.1353,1.31687,-119.63082,-2.8239,2.1891,22.92841,-44.18179,TCU_HFG,ABI_WIL,TCU,D1,BIG12,20260303-TCU-2,801019a0-1774-11f1-89da-3b5d2295cb78,80.59608,NA,NA,5.91576,NA,NA,NA,NA,NA,NA,5cabaece-df46-4300-b3c7-55df33123daa,2026-03-04,02:47:35,2026-03-04T02:47:35Z,2026-03-04T02:47:35Z,NA,v3,5045,471223,5b1f43e35ca0421ba59ea357c474eb40,"Dallimore, Brady",834396,Right,TCU_HFG,14598ac8-2cda-474c-a933-fea5cbcc9440,55.33564,-120.64911,11.46421,6.21714,-0.86171,-22.0909,-0.4257,1.21965,1.09455,NA,NA,NA,NA,NA,NA,NA,NA,NA,NA,NA,NA,NA,NA,NA,NA,NA,NA,NA,NA,NA,NA,NA,NA,NA,NA,NA,NA,NA,NA,NA,NA,NA,NA,NA,NA,NA,NA,NA,NA,NA,NA,NA,NA,NA,NA,NA,NA,NA,NA,High,High,High,NA,NA,NA,NA,NA,NA,NA,NA,NA,NA,NA,NA,NA,NA,NA,NA,NA,NA,NA,NA,NA,NA,NA,NA,NA,NA,NA,NA,NA,NA,NA,NA,NA,NA,NA,NA,NA,NA,NA,NA,NA,NA,NA,NA,NA,NA,NA,NA,NA,NA,NA,NA,NA,NA,NA,NA,NA
NA,NA,NA,NA,NA,NA,NA,NA,NA,NA,NA,NA,NA,NA,NA,NA,280,2026-03-03,20:47:53,5,4,"Sagouspe, Tanner",701693,Right,TCU_HFG,"Borho, Reese",822840,Left,ABI_WIL,Undefined,7,Top,2,2,1,Curveball,Curveball,HitByPitch,Undefined,Undefined,Undefined,0,0,NA,83.06902,-2.232765,-2.4581,2651.573142,18.424878,06:30:00,6.29912,0.08491,5.53371,-53.64479,-11.90205,-4.44394,-0.26142,-2.58464,76.0784,-11.905361,-3.253599,0.465009,NA,NA,NA,NA,NA,NA,NA,NA,NA,NA,NA,1.5126,-5.34929,0.13196,50,6.06785,5.33589,-120.39139,-6.56068,2.17796,27.49954,-39.87646,TCU_HFG,ABI_WIL,TCU,D1,BIG12,20260303-TCU-2,8b4053d0-1774-11f1-89da-3b5d2295cb78,81.05736,NA,NA,6.99061,NA,NA,NA,NA,NA,NA,5cabaece-df46-4300-b3c7-55df33123daa,2026-03-04,02:47:53,2026-03-04T02:47:53Z,2026-03-04T02:47:53Z,NA,v3,5045,471223,5b1f43e35ca0421ba59ea357c474eb40,"Dallimore, Brady",834396,Right,TCU_HFG,6be67020-9056-4223-b9bb-d5bdea4832e1,54.97338,-121.52209,13.74977,6.3039,-4.92108,-19.93823,-0.08559,5.24633,1.08898,NA,NA,NA,NA,NA,NA,NA,NA,NA,NA,NA,NA,NA,NA,NA,NA,NA,NA,NA,NA,NA,NA,NA,NA,NA,NA,NA,NA,NA,NA,NA,NA,NA,NA,NA,NA,NA,NA,NA,NA,NA,NA,NA,NA,NA,NA,NA,NA,NA,NA,High,High,High,NA,NA,NA,NA,NA,NA,NA,NA,NA,NA,NA,NA,NA,NA,NA,NA,NA,NA,NA,NA,NA,NA,NA,NA,NA,NA,NA,NA,NA,NA,NA,NA,NA,NA,NA,NA,NA,NA,NA,NA,NA,NA,NA,NA,NA,NA,NA,NA,NA,NA,NA,NA,NA,NA,NA,NA,NA
NA,NA,NA,NA,NA,NA,NA,NA,NA,NA,NA,NA,NA,NA,NA,NA,281,2026-03-03,20:49:34,6,1,"Sagouspe, Tanner",701693,Right,TCU_HFG,"Thompson, JT",1000270096,Left,ABI_WIL,Undefined,7,Top,2,0,0,Fastball,Four-Seam,BallCalled,Undefined,Undefined,Undefined,0,0,NA,92.0004,0.174195,-0.464482,2320.322616,192.901945,12:30:00,6.28253,0.49185,5.75268,-14.17391,18.88458,4.09544,5.26355,0.40071,84.13122,-2.53848,0.268501,0.413821,NA,NA,NA,NA,NA,NA,NA,NA,NA,NA,NA,-2.19441,9.84823,-0.45572,50,6.28828,0.89835,-133.65348,-0.00108,-3.98293,27.88248,-14.29918,TCU_HFG,ABI_WIL,TCU,D1,BIG12,20260303-TCU-2,c71874f0-1774-11f1-89da-3b5d2295cb78,91.08385,NA,NA,7.86918,NA,NA,NA,NA,NA,NA,5cabaece-df46-4300-b3c7-55df33123daa,2026-03-04,02:49:34,2026-03-04T02:49:34Z,2026-03-04T02:49:34Z,NA,v3,5045,471223,5b1f43e35ca0421ba59ea357c474eb40,"Dallimore, Brady",834396,Right,TCU_HFG,2026386d-b119-4e50-b2d6-46868f60bd21,54.74759,-134.64027,13.94124,6.27937,0.50498,-7.14959,-0.49001,1.03931,-1.99147,NA,NA,NA,NA,NA,NA,NA,NA,NA,NA,NA,NA,NA,NA,NA,NA,NA,NA,NA,NA,NA,NA,NA,NA,NA,NA,NA,NA,NA,NA,NA,NA,NA,NA,NA,NA,NA,NA,NA,NA,NA,NA,NA,NA,NA,NA,NA,NA,NA,NA,High,High,High,NA,NA,NA,NA,NA,NA,NA,NA,NA,NA,NA,NA,NA,NA,NA,NA,NA,NA,NA,NA,NA,NA,NA,NA,NA,NA,NA,NA,NA,NA,NA,NA,NA,NA,NA,NA,NA,NA,NA,NA,NA,NA,NA,NA,NA,NA,NA,NA,NA,NA,NA,NA,NA,NA,NA,NA,NA
NA,NA,NA,NA,NA,NA,NA,NA,NA,NA,NA,NA,NA,NA,NA,NA,282,2026-03-03,20:49:50,6,2,"Sagouspe, Tanner",701693,Right,TCU_HFG,"Thompson, JT",1000270096,Left,ABI_WIL,Undefined,7,Top,2,1,0,Fastball,Four-Seam,StrikeSwinging,Undefined,Undefined,Undefined,0,0,NA,92.95307,-1.900445,-0.670825,2370.665295,195.585877,12:30:00,6.23185,0.28522,5.79641,-13.98954,18.43536,4.85634,3.29748,0.06588,84.99083,-4.572551,0.199224,0.409837,NA,NA,NA,NA,NA,NA,NA,NA,NA,NA,NA,-2.64677,10.21595,-0.23289,50,6.06702,1.36047,-134.95169,-4.88496,-4.88748,29.00432,-13.3094,TCU_HFG,ABI_WIL,TCU,D1,BIG12,20260303-TCU-2,d0e9bb60-1774-11f1-89da-3b5d2295cb78,91.96943,NA,NA,7.96224,NA,NA,NA,NA,NA,NA,5cabaece-df46-4300-b3c7-55df33123daa,2026-03-04,02:49:50,2026-03-04T02:49:50Z,2026-03-04T02:49:50Z,NA,v3,5045,471223,5b1f43e35ca0421ba59ea357c474eb40,"Dallimore, Brady",834396,Right,TCU_HFG,32902d96-0c41-4ea2-98e0-a6573e69a074,54.70413,-135.95896,14.50216,6.22864,-4.42275,-6.6547,-0.28308,1.53021,-2.44374,NA,NA,NA,NA,NA,NA,NA,NA,NA,NA,NA,NA,NA,NA,NA,NA,NA,NA,NA,NA,NA,NA,NA,NA,NA,NA,NA,NA,NA,NA,NA,NA,NA,NA,NA,NA,NA,NA,NA,NA,NA,NA,NA,NA,NA,NA,NA,NA,NA,NA,High,High,High,NA,NA,NA,NA,NA,NA,NA,NA,NA,NA,NA,NA,NA,NA,NA,NA,NA,NA,NA,NA,NA,NA,NA,NA,NA,NA,NA,NA,NA,NA,NA,NA,NA,NA,NA,NA,NA,NA,NA,NA,NA,NA,NA,NA,NA,NA,NA,NA,NA,NA,NA,NA,NA,NA,NA,NA,NA
NA,NA,NA,NA,NA,NA,NA,NA,NA,NA,NA,NA,NA,NA,NA,NA,283,2026-03-03,20:50:09,6,3,"Sagouspe, Tanner",701693,Right,TCU_HFG,"Thompson, JT",1000270096,Left,ABI_WIL,Undefined,7,Top,2,1,1,Fastball,Four-Seam,FoulBallNotFieldable,Undefined,Undefined,Undefined,0,0,NA,93.25222,-1.188895,-0.559795,2265.260946,193.515312,12:30:00,6.3093,0.38953,5.48383,-15.35871,17.46139,3.93114,3.91679,0.19333,84.61234,-4.108564,0.140417,0.412327,84.87933,42.903544,-48.672571,3233.764784,NA,NA,NA,NA,79.80844,NA,NA,-2.14559,9.47705,-0.34317,50,6.19492,1.1377,-135.27173,-3.29998,-3.95002,31.27944,-14.72686,TCU_HFG,ABI_WIL,TCU,D1,BIG12,20260303-TCU-2,dc3df850-1774-11f1-89da-3b5d2295cb78,91.41405,69.06407,NA,8.63987,NA,NA,NA,0.20756,3.86805,-0.09707,5cabaece-df46-4300-b3c7-55df33123daa,2026-03-04,02:50:09,2026-03-04T02:50:09Z,2026-03-04T02:50:09Z,NA,v3,5045,471223,5b1f43e35ca0421ba59ea357c474eb40,"Dallimore, Brady",834396,Right,TCU_HFG,e07e04b0-39ba-4373-b503-74185a33d742,55.01647,-136.42677,15.63972,6.30674,-2.75617,-7.36343,-0.38788,1.28356,-1.97501,NA,0.20756,60.21793,-17.33437,4.65316,-1.6467,1.70037,-2.03235,1.37044,-0.36799,3.86805,84.74799,-22.3047,1.97165,-0.04462,-0.66438,0.95967,-0.66474,0.17985,-0.09707,-68.47784,6.73719,-1.02365,0.00333,0.30198,-0.42531,0.29382,-0.07947,NA,NA,NA,NA,NA,NA,NA,NA,NA,NA,NA,NA,NA,NA,NA,NA,NA,NA,NA,NA,NA,NA,High,High,High,High,Undefined,NA,NA,NA,NA,NA,NA,NA,NA,NA,NA,NA,NA,NA,NA,NA,NA,NA,NA,NA,NA,NA,NA,NA,NA,NA,NA,NA,NA,NA,NA,NA,NA,NA,NA,NA,NA,NA,NA,NA,NA,NA,NA,NA,NA,NA,NA,NA,NA,NA,NA,NA,NA,NA,NA,NA
NA,NA,NA,NA,NA,NA,NA,NA,NA,NA,NA,NA,NA,NA,NA,NA,284,2026-03-03,20:50:36,6,4,"Sagouspe, Tanner",701693,Right,TCU_HFG,"Thompson, JT",1000270096,Left,ABI_WIL,Undefined,7,Top,2,1,2,Curveball,Curveball,InPlay,Undefined,LineDrive,Out,1,0,NA,82.289,0.823944,-0.362703,2628.575429,7.783855,06:15:00,6.2629,0.2021,5.42809,-53.91798,-11.74497,-1.79189,2.54154,-0.28695,75.36836,-8.960391,-0.682419,0.4674,95.41949,19.748608,-12.487943,2559.51178,105.72342,31.26514,-30.37365,278.92073,277.08324,-22.281553,3.059977,0.80102,-5.86134,-0.16861,50,6.29787,0.82904,-119.50304,-0.23746,1.1499,24.60299,-40.58812,TCU_HFG,ABI_WIL,TCU,D1,BIG12,20260303-TCU-2,ec1ffac0-1774-11f1-89da-3b5d2295cb78,80.64278,34.86784,NA,6.92063,NA,NA,NA,1.4367,2.51979,0.30102,5cabaece-df46-4300-b3c7-55df33123daa,2026-03-04,02:50:36,2026-03-04T02:50:36Z,2026-03-04T02:50:36Z,LineDrive,v3,5045,471223,5b1f43e35ca0421ba59ea357c474eb40,"Dallimore, Brady",834396,Right,TCU_HFG,df2f8e2d-1bdb-41cc-9828-cdfb613ed93b,55.07749,-120.54385,12.3015,6.27159,1.47958,-20.29406,-0.20266,0.78039,0.57495,114.596606,1.43677,128.59527,-22.26484,3.97551,-0.52122,-0.07092,0.05789,-0.01385,0.00127,2.51977,47.28942,-19.14028,1.67627,-0.37569,0.13525,-0.04307,0.00875,-7.8e-4,0.30098,-28.48458,-6.31959,2.53396,-0.42094,-0.05878,0.04922,-0.01059,8.5e-4,NA,NA,NA,NA,NA,NA,NA,NA,NA,NA,NA,NA,NA,NA,NA,NA,NA,NA,NA,NA,NA,NA,High,High,High,High,Medium,NA,NA,NA,NA,NA,NA,NA,NA,NA,NA,NA,NA,NA,NA,NA,NA,NA,NA,NA,NA,NA,NA,NA,NA,NA,NA,NA,NA,NA,NA,NA,NA,NA,NA,NA,NA,NA,NA,NA,NA,NA,NA,NA,NA,NA,NA,NA,NA,NA,NA,NA,NA,NA,NA,NA
NA,NA,NA,NA,NA,NA,NA,NA,NA,NA,NA,NA,NA,NA,NA,NA,285,2026-03-03,20:53:03,1,1,"Galvan, Noah",822833,Right,ABI_WIL,"Gamster, Preston",1000356863,Right,TCU_HFG,Undefined,7,Bottom,0,0,0,Fastball,Cutter,BallCalled,Undefined,Undefined,Undefined,0,0,NA,84.16327,-1.779341,-3.478402,2248.953845,181.420434,12:00:00,5.63213,1.80995,6.8108,-23.05403,14.95312,0.34244,2.08378,-1.33947,77.53571,-6.154459,-3.41605,0.443715,NA,NA,NA,NA,NA,NA,NA,NA,NA,NA,NA,-1.10118,8.76052,-1.5852,50,5.50807,7.41677,-122.21505,-4.3782,-1.6735,23.00807,-18.86062,TCU_HFG,ABI_WIL,TCU,D1,BIG12,20260303-TCU-2,438afa30-1775-11f1-89da-3b5d2295cb78,84.9474,NA,NA,6.62756,NA,NA,NA,NA,NA,NA,5cabaece-df46-4300-b3c7-55df33123daa,2026-03-04,02:53:03,2026-03-04T02:53:03Z,2026-03-04T02:53:03Z,NA,v3,5045,471223,5b1f43e35ca0421ba59ea357c474eb40,"Gray, Brady",830795,Right,ABI_WIL,ce1bf1ef-511f-48d0-83c4-61d5bdea0b97,53.69058,-122.90787,11.50404,5.63136,-3.81027,-9.43031,-1.8093,7.46717,-0.83675,NA,NA,NA,NA,NA,NA,NA,NA,NA,NA,NA,NA,NA,NA,NA,NA,NA,NA,NA,NA,NA,NA,NA,NA,NA,NA,NA,NA,NA,NA,NA,NA,NA,NA,NA,NA,NA,NA,NA,NA,NA,NA,NA,NA,NA,NA,NA,NA,NA,NA,High,High,High,NA,NA,NA,NA,NA,NA,NA,NA,NA,NA,NA,NA,NA,NA,NA,NA,NA,NA,NA,NA,NA,NA,NA,NA,NA,NA,NA,NA,NA,NA,NA,NA,NA,NA,NA,NA,NA,NA,NA,NA,NA,NA,NA,NA,NA,NA,NA,NA,NA,NA,NA,NA,NA,NA,NA,NA,NA
NA,NA,NA,NA,NA,NA,NA,NA,NA,NA,NA,NA,NA,NA,NA,NA,286,2026-03-03,20:53:17,1,2,"Galvan, Noah",822833,Right,ABI_WIL,"Gamster, Preston",1000356863,Right,TCU_HFG,Undefined,7,Bottom,0,1,0,Fastball,Cutter,BallCalled,Undefined,Undefined,Undefined,0,0,NA,85.6994,-2.375506,-3.407098,2324.905164,197.220601,12:30:00,5.59903,1.97631,6.98444,-24.16659,12.41914,3.49201,1.41963,-0.83501,78.67935,-6.9646420000000004,-2.768608,0.435339,NA,NA,NA,NA,NA,NA,NA,NA,NA,NA,NA,-2.80449,7.65319,-1.76732,50,5.44416,7.2845,-124.40116,-5.77616,-4.39454,24.97136,-20.18182,TCU_HFG,ABI_WIL,TCU,D1,BIG12,20260303-TCU-2,4c042ab0-1775-11f1-89da-3b5d2295cb78,86.58188,NA,NA,7.02005,NA,NA,NA,NA,NA,NA,5cabaece-df46-4300-b3c7-55df33123daa,2026-03-04,02:53:17,2026-03-04T02:53:17Z,2026-03-04T02:53:17Z,NA,v3,5045,471223,5b1f43e35ca0421ba59ea357c474eb40,"Gray, Brady",830795,Right,ABI_WIL,50612b12-d011-406f-af75-6825728ba728,53.51672,-125.10509,12.48568,5.59897,-5.20724,-10.09091,-1.97441,7.40838,-2.19727,NA,NA,NA,NA,NA,NA,NA,NA,NA,NA,NA,NA,NA,NA,NA,NA,NA,NA,NA,NA,NA,NA,NA,NA,NA,NA,NA,NA,NA,NA,NA,NA,NA,NA,NA,NA,NA,NA,NA,NA,NA,NA,NA,NA,NA,NA,NA,NA,NA,NA,High,High,High,NA,NA,NA,NA,NA,NA,NA,NA,NA,NA,NA,NA,NA,NA,NA,NA,NA,NA,NA,NA,NA,NA,NA,NA,NA,NA,NA,NA,NA,NA,NA,NA,NA,NA,NA,NA,NA,NA,NA,NA,NA,NA,NA,NA,NA,NA,NA,NA,NA,NA,NA,NA,NA,NA,NA,NA,NA
NA,NA,NA,NA,NA,NA,NA,NA,NA,NA,NA,NA,NA,NA,NA,NA,287,2026-03-03,20:53:33,1,3,"Galvan, Noah",822833,Right,ABI_WIL,"Gamster, Preston",1000356863,Right,TCU_HFG,Undefined,7,Bottom,0,2,0,Fastball,Cutter,StrikeCalled,Undefined,Undefined,Undefined,0,0,NA,85.25859,-0.582666,-2.06752,2220.293037,195.529983,12:30:00,5.52283,2.09562,6.55923,-21.95529,15.36639,3.95634,3.15861,0.5288,78.27031,-4.757712,-1.349071,0.439695,NA,NA,NA,NA,NA,NA,NA,NA,NA,NA,NA,-2.62524,8.57371,-1.9545,50,5.47301,4.3288,-123.95141,-1.83948,-4.09924,23.92283,-18.78639,TCU_HFG,ABI_WIL,TCU,D1,BIG12,20260303-TCU-2,5590ee10-1775-11f1-89da-3b5d2295cb78,85.72397,NA,NA,6.98827,NA,NA,NA,NA,NA,NA,5cabaece-df46-4300-b3c7-55df33123daa,2026-03-04,02:53:33,2026-03-04T02:53:33Z,2026-03-04T02:53:33Z,NA,v3,5045,471223,5b1f43e35ca0421ba59ea357c474eb40,"Gray, Brady",830795,Right,ABI_WIL,f41bb57c-fe8d-49f7-a567-b342218982d0,53.94222,-124.70995,11.96142,5.5219,-1.24381,-9.3932,-2.09382,4.45878,-2.04962,NA,NA,NA,NA,NA,NA,NA,NA,NA,NA,NA,NA,NA,NA,NA,NA,NA,NA,NA,NA,NA,NA,NA,NA,NA,NA,NA,NA,NA,NA,NA,NA,NA,NA,NA,NA,NA,NA,NA,NA,NA,NA,NA,NA,NA,NA,NA,NA,NA,NA,High,High,High,NA,NA,NA,NA,NA,NA,NA,NA,NA,NA,NA,NA,NA,NA,NA,NA,NA,NA,NA,NA,NA,NA,NA,NA,NA,NA,NA,NA,NA,NA,NA,NA,NA,NA,NA,NA,NA,NA,NA,NA,NA,NA,NA,NA,NA,NA,NA,NA,NA,NA,NA,NA,NA,NA,NA,NA,NA
NA,NA,NA,NA,NA,NA,NA,NA,NA,NA,NA,NA,NA,NA,NA,NA,288,2026-03-03,20:53:50,1,4,"Galvan, Noah",822833,Right,ABI_WIL,"Gamster, Preston",1000356863,Right,TCU_HFG,Undefined,7,Bottom,0,2,1,Fastball,Cutter,StrikeCalled,Undefined,Undefined,Undefined,0,0,NA,85.3842,-1.353535,-1.565597,2243.636092,187.487427,12:15:00,5.54017,2.03876,6.77138,-21.46651,15.53796,1.89047,2.51457,0.76625,78.26993,-5.454005,-1.220691,0.437823,NA,NA,NA,NA,NA,NA,NA,NA,NA,NA,NA,-1.43173,8.95563,-1.93719,50,5.44329,3.32561,-124.15062,-3.4697,-2.23565,24.74563,-18.18989,TCU_HFG,ABI_WIL,TCU,D1,BIG12,20260303-TCU-2,5f92ba60-1775-11f1-89da-3b5d2295cb78,86.09062,NA,NA,7.11427,NA,NA,NA,NA,NA,NA,5cabaece-df46-4300-b3c7-55df33123daa,2026-03-04,02:53:50,2026-03-04T02:53:50Z,2026-03-04T02:53:50Z,NA,v3,5045,471223,5b1f43e35ca0421ba59ea357c474eb40,"Gray, Brady",830795,Right,ABI_WIL,bf08b486-3ba7-4775-a597-e7f0e7688f4f,53.72988,-124.89184,12.37282,5.53907,-2.92485,-9.09494,-2.03781,3.39258,-1.11782,NA,NA,NA,NA,NA,NA,NA,NA,NA,NA,NA,NA,NA,NA,NA,NA,NA,NA,NA,NA,NA,NA,NA,NA,NA,NA,NA,NA,NA,NA,NA,NA,NA,NA,NA,NA,NA,NA,NA,NA,NA,NA,NA,NA,NA,NA,NA,NA,NA,NA,High,High,High,NA,NA,NA,NA,NA,NA,NA,NA,NA,NA,NA,NA,NA,NA,NA,NA,NA,NA,NA,NA,NA,NA,NA,NA,NA,NA,NA,NA,NA,NA,NA,NA,NA,NA,NA,NA,NA,NA,NA,NA,NA,NA,NA,NA,NA,NA,NA,NA,NA,NA,NA,NA,NA,NA,NA,NA,NA
NA,NA,NA,NA,NA,NA,NA,NA,NA,NA,NA,NA,NA,NA,NA,NA,289,2026-03-03,20:54:06,1,5,"Galvan, Noah",822833,Right,ABI_WIL,"Gamster, Preston",1000356863,Right,TCU_HFG,Undefined,7,Bottom,0,2,2,Slider,Curveball,InPlay,Undefined,Popup,Out,1,0,NA,72.69233,1.786547,-0.909044,2303.522051,73.910534,08:30:00,5.3789,1.96366,5.89673,-56.99326,-3.80772,-19.13261,2.28894,-0.4748,66.64733,-8.685243,-4.344559,0.52489,85.23164,69.235187,-14.839526,NA,NA,NA,NA,NA,36.60451,NA,NA,9.59351,-2.05902,-1.87912,50,5.48982,2.32256,-105.58457,1.62961,10.73543,19.43894,-34.47817,TCU_HFG,ABI_WIL,TCU,D1,BIG12,20260303-TCU-2,698fa4b0-1775-11f1-89da-3b5d2295cb78,71.81018,105.71474,NA,6.045,NA,NA,NA,2.808,2.25681,0.39484,5cabaece-df46-4300-b3c7-55df33123daa,2026-03-04,02:54:06,2026-03-04T02:54:06Z,2026-03-04T02:54:06Z,NA,v3,5045,471223,5b1f43e35ca0421ba59ea357c474eb40,"Gray, Brady",830795,Right,ABI_WIL,34bfbab9-235e-4028-973c-9c2fb1efe9d4,54.60871,-106.42969,9.71947,5.38638,3.12857,-17.23909,-1.96995,1.85583,5.36772,177.842198,2.80799,42.8426,-18.73817,6.02039,-0.69582,-1.09646,1.22074,-0.59495,0.11636,2.25682,116.88546,-28.32097,3.11841,-0.71022,0.5674,-0.48646,0.22923,-0.04456,0.39484,-11.3509,3.49924,-1.03508,0.12356,0.16006,-0.18052,0.08802,-0.01721,NA,NA,NA,NA,NA,NA,NA,NA,NA,NA,NA,NA,NA,NA,NA,NA,NA,NA,NA,NA,NA,NA,High,High,High,High,Undefined,NA,NA,NA,NA,NA,NA,NA,NA,NA,NA,NA,NA,NA,NA,NA,NA,NA,NA,NA,NA,NA,NA,NA,NA,NA,NA,NA,NA,NA,NA,NA,NA,NA,NA,NA,NA,NA,NA,NA,NA,NA,NA,NA,NA,NA,NA,NA,NA,NA,NA,NA,NA,NA,NA,NA
NA,NA,NA,NA,NA,NA,NA,NA,NA,NA,NA,NA,NA,NA,NA,NA,290,2026-03-03,20:54:45,2,1,"Galvan, Noah",822833,Right,ABI_WIL,"Arthur, Jack",1000113360,Left,TCU_HFG,Undefined,7,Bottom,1,0,0,Fastball,Cutter,BallCalled,Undefined,Undefined,Undefined,0,0,NA,85.13854,0.435576,-1.000937,2251.9671,183.446069,12:00:00,5.58844,1.98524,6.65066,-19.91088,17.51485,0.98417,4.32795,1.15101,77.71559,-3.394196,-0.821835,0.440308,NA,NA,NA,NA,NA,NA,NA,NA,NA,NA,NA,-0.79587,9.44567,-1.91815,50,5.60925,2.12634,-123.79087,0.45853,-1.23378,24.92817,-17.5307,TCU_HFG,ABI_WIL,TCU,D1,BIG12,20260303-TCU-2,80c3bcc0-1775-11f1-89da-3b5d2295cb78,85.60469,NA,NA,7.42296,NA,NA,NA,NA,NA,NA,5cabaece-df46-4300-b3c7-55df33123daa,2026-03-04,02:54:45,2026-03-04T02:54:45Z,2026-03-04T02:54:45Z,NA,v3,5045,471223,5b1f43e35ca0421ba59ea357c474eb40,"Gray, Brady",830795,Right,ABI_WIL,38709a07-64be-4b80-8937-bf4f3eae8cad,53.84938,-124.56362,12.46409,5.58661,1.00197,-8.76535,-1.98466,2.16459,-0.61689,NA,NA,NA,NA,NA,NA,NA,NA,NA,NA,NA,NA,NA,NA,NA,NA,NA,NA,NA,NA,NA,NA,NA,NA,NA,NA,NA,NA,NA,NA,NA,NA,NA,NA,NA,NA,NA,NA,NA,NA,NA,NA,NA,NA,NA,NA,NA,NA,NA,NA,High,High,High,NA,NA,NA,NA,NA,NA,NA,NA,NA,NA,NA,NA,NA,NA,NA,NA,NA,NA,NA,NA,NA,NA,NA,NA,NA,NA,NA,NA,NA,NA,NA,NA,NA,NA,NA,NA,NA,NA,NA,NA,NA,NA,NA,NA,NA,NA,NA,NA,NA,NA,NA,NA,NA,NA,NA,NA,NA
NA,NA,NA,NA,NA,NA,NA,NA,NA,NA,NA,NA,NA,NA,NA,NA,291,2026-03-03,20:55:01,2,2,"Galvan, Noah",822833,Right,ABI_WIL,"Arthur, Jack",1000113360,Left,TCU_HFG,Undefined,7,Bottom,1,1,0,Fastball,Cutter,BallCalled,Undefined,Undefined,Undefined,0,0,NA,84.46122,-1.529619,-3.383924,2267.797314,182.38248,12:00:00,5.4712,1.99115,6.95439,-21.71466,15.60914,0.60528,2.26694,-1.04136,78.1424,-5.663204,-3.27341,0.439708,NA,NA,NA,NA,NA,NA,NA,NA,NA,NA,NA,-1.16756,9.04973,-1.78107,50,5.36816,7.23828,-122.76064,-3.80242,-1.79949,22.03061,-18.22623,TCU_HFG,ABI_WIL,TCU,D1,BIG12,20260303-TCU-2,8a259f90-1775-11f1-89da-3b5d2295cb78,85.72156,NA,NA,6.31882,NA,NA,NA,NA,NA,NA,5cabaece-df46-4300-b3c7-55df33123daa,2026-03-04,02:55:01,2026-03-04T02:55:01Z,2026-03-04T02:55:01Z,NA,v3,5045,471223,5b1f43e35ca0421ba59ea357c474eb40,"Gray, Brady",830795,Right,ABI_WIL,05ce86cd-268c-4385-bf3e-3464e53f6bc1,53.54796,-123.39572,11.01531,5.4702,-3.27702,-9.11311,-1.99048,7.29016,-0.89975,NA,NA,NA,NA,NA,NA,NA,NA,NA,NA,NA,NA,NA,NA,NA,NA,NA,NA,NA,NA,NA,NA,NA,NA,NA,NA,NA,NA,NA,NA,NA,NA,NA,NA,NA,NA,NA,NA,NA,NA,NA,NA,NA,NA,NA,NA,NA,NA,NA,NA,High,High,High,NA,NA,NA,NA,NA,NA,NA,NA,NA,NA,NA,NA,NA,NA,NA,NA,NA,NA,NA,NA,NA,NA,NA,NA,NA,NA,NA,NA,NA,NA,NA,NA,NA,NA,NA,NA,NA,NA,NA,NA,NA,NA,NA,NA,NA,NA,NA,NA,NA,NA,NA,NA,NA,NA,NA,NA,NA
NA,NA,NA,NA,NA,NA,NA,NA,NA,NA,NA,NA,NA,NA,NA,NA,292,2026-03-03,20:55:17,2,3,"Galvan, Noah",822833,Right,ABI_WIL,"Arthur, Jack",1000113360,Left,TCU_HFG,Undefined,7,Bottom,1,2,0,Fastball,Slider,FoulBallNotFieldable,Undefined,Undefined,Undefined,0,0,NA,85.58679,-0.921583,-3.221084,2331.075175,193.250001,12:30:00,5.49739,2.04042,6.84931,-23.97749,12.77784,2.74252,2.65754,-0.67122,78.53104,-5.479773,-2.721071,0.436347,NA,NA,NA,NA,NA,NA,NA,NA,NA,NA,NA,-2.36473,7.39296,-1.83535,50,5.42943,6.90716,-124.38015,-2.61969,-3.70624,24.83393,-20.58706,TCU_HFG,ABI_WIL,TCU,D1,BIG12,20260303-TCU-2,938deb00-1775-11f1-89da-3b5d2295cb78,86.38184,NA,NA,7.05575,NA,NA,NA,NA,NA,NA,5cabaece-df46-4300-b3c7-55df33123daa,2026-03-04,02:55:17,2026-03-04T02:55:17Z,2026-03-04T02:55:17Z,NA,v3,5045,471223,5b1f43e35ca0421ba59ea357c474eb40,"Gray, Brady",830795,Right,ABI_WIL,303411d1-38e1-48ba-9adb-e39ff0c83b5a,53.65439,-125.10767,12.41697,5.49734,-2.01659,-10.29353,-2.03929,7.01574,-1.85312,NA,NA,NA,NA,NA,NA,NA,NA,NA,NA,NA,NA,NA,NA,NA,NA,NA,NA,NA,NA,NA,NA,NA,NA,NA,NA,NA,NA,NA,NA,NA,NA,NA,NA,NA,NA,NA,NA,NA,NA,NA,NA,NA,NA,NA,NA,NA,NA,NA,NA,High,High,High,NA,NA,NA,NA,NA,NA,NA,NA,NA,NA,NA,NA,NA,NA,NA,NA,NA,NA,NA,NA,NA,NA,NA,NA,NA,NA,NA,NA,NA,NA,NA,NA,NA,NA,NA,NA,NA,NA,NA,NA,NA,NA,NA,NA,NA,NA,NA,NA,NA,NA,NA,NA,NA,NA,NA,NA,NA
NA,NA,NA,NA,NA,NA,NA,NA,NA,NA,NA,NA,NA,NA,NA,NA,293,2026-03-03,20:55:42,2,4,"Galvan, Noah",822833,Right,ABI_WIL,"Arthur, Jack",1000113360,Left,TCU_HFG,Undefined,7,Bottom,1,2,1,Cutter,Slider,FoulBallNotFieldable,Undefined,Undefined,Undefined,0,0,NA,85.24918,-1.282064,-2.552761,2310.216731,161.826006,11:30:00,5.59341,1.87313,6.78849,-22.64013,14.36316,-4.35398,2.53499,-0.82164,78.51553,-5.581351,-3.346114,0.437816,73.77059,40.214786,122.164392,4759.193974,NA,NA,NA,NA,46.20136,NA,NA,1.6339,8.30473,-1.70574,50,5.50121,5.67721,-123.94199,-3.35341,2.55188,23.8316,-19.20345,TCU_HFG,ABI_WIL,TCU,D1,BIG12,20260303-TCU-2,a2828030-1775-11f1-89da-3b5d2295cb78,86.09194,36.33433,NA,6.73365,NA,NA,NA,0.42558,2.63021,0.76896,5cabaece-df46-4300-b3c7-55df33123daa,2026-03-04,02:55:42,2026-03-04T02:55:42Z,2026-03-04T02:55:42Z,NA,v3,5045,471223,5b1f43e35ca0421ba59ea357c474eb40,"Gray, Brady",830795,Right,ABI_WIL,e36b9e20-87d8-4469-b465-5451f3327a90,53.71414,-124.6541,11.9158,5.59284,-2.77959,-9.60173,-1.87424,5.60095,1.27594,NA,0.42558,-43.98393,-1.38446,1.03826,-0.41696,0.38276,-0.66812,0.73779,-0.32876,2.63021,69.85771,-23.95577,2.48151,-0.44333,-0.0285,0.23208,-0.27862,0.12593,0.76896,69.94169,-14.6455,3.53731,-0.85018,0.47922,-0.74044,0.80607,-0.35803,NA,NA,NA,NA,NA,NA,NA,NA,NA,NA,NA,NA,NA,NA,NA,NA,NA,NA,NA,NA,NA,NA,High,High,High,High,Undefined,NA,NA,NA,NA,NA,NA,NA,NA,NA,NA,NA,NA,NA,NA,NA,NA,NA,NA,NA,NA,NA,NA,NA,NA,NA,NA,NA,NA,NA,NA,NA,NA,NA,NA,NA,NA,NA,NA,NA,NA,NA,NA,NA,NA,NA,NA,NA,NA,NA,NA,NA,NA,NA,NA,NA
NA,NA,NA,NA,NA,NA,NA,NA,NA,NA,NA,NA,NA,NA,NA,NA,294,2026-03-03,20:56:07,2,5,"Galvan, Noah",822833,Right,ABI_WIL,"Arthur, Jack",1000113360,Left,TCU_HFG,Undefined,7,Bottom,1,2,2,Curveball,Curveball,StrikeSwinging,Strikeout,Undefined,Undefined,0,0,NA,73.55975,0.816323,-1.310157,2278.781915,56.245352,07:45:00,5.31756,2.04047,5.9649,-61.29732,-9.04772,-16.25221,0.96665,-0.52896,67.16014,-10.424321,-4.237387,0.520251,NA,NA,NA,NA,NA,NA,NA,NA,NA,NA,NA,7.94619,-4.4391,-1.92737,50,5.34826,3.00081,-106.80276,-0.30116,9.00735,21.59039,-37.20594,TCU_HFG,ABI_WIL,TCU,D1,BIG12,20260303-TCU-2,b172f6b0-1775-11f1-89da-3b5d2295cb78,72.4505,NA,NA,6.39961,NA,NA,NA,NA,NA,NA,5cabaece-df46-4300-b3c7-55df33123daa,2026-03-04,02:56:07,2026-03-04T02:56:07Z,2026-03-04T02:56:07Z,NA,v3,5045,471223,5b1f43e35ca0421ba59ea357c474eb40,"Gray, Brady",830795,Right,ABI_WIL,29cc3752-f0d1-49ae-93c3-f9ec6f56d5ee,54.5401,-107.71663,10.79519,5.32768,1.2737,-18.60297,-2.04632,2.61955,4.50367,NA,NA,NA,NA,NA,NA,NA,NA,NA,NA,NA,NA,NA,NA,NA,NA,NA,NA,NA,NA,NA,NA,NA,NA,NA,NA,NA,NA,NA,NA,NA,NA,NA,NA,NA,NA,NA,NA,NA,NA,NA,NA,NA,NA,NA,NA,NA,NA,NA,NA,High,High,High,NA,NA,NA,NA,NA,NA,NA,NA,NA,NA,NA,NA,NA,NA,NA,NA,NA,NA,NA,NA,NA,NA,NA,NA,NA,NA,NA,NA,NA,NA,NA,NA,NA,NA,NA,NA,NA,NA,NA,NA,NA,NA,NA,NA,NA,NA,NA,NA,NA,NA,NA,NA,NA,NA,NA,NA,NA
NA,NA,NA,NA,NA,NA,NA,NA,NA,NA,NA,NA,NA,NA,NA,NA,295,2026-03-03,20:56:48,3,1,"Galvan, Noah",822833,Right,ABI_WIL,"Cramer, Cole",823144,Right,TCU_HFG,Undefined,7,Bottom,2,0,0,Slider,Curveball,StrikeCalled,Undefined,Undefined,Undefined,0,0,NA,73.05929,2.240637,-0.854824,2195.450201,88.896587,09:00:00,5.2828,2.06322,6.0559,-51.29696,1.44528,-19.49159,3.08346,-0.35243,66.30342,-7.279933,-4.36143,0.522698,NA,NA,NA,NA,NA,NA,NA,NA,NA,NA,NA,9.68256,0.61937,-1.98686,50,5.43026,2.26292,-105.98808,2.68368,10.84647,20.6851,-31.4802,TCU_HFG,ABI_WIL,TCU,D1,BIG12,20260303-TCU-2,ca32b7d0-1775-11f1-89da-3b5d2295cb78,72.11135,NA,NA,6.75587,NA,NA,NA,NA,NA,NA,5cabaece-df46-4300-b3c7-55df33123daa,2026-03-04,02:56:48,2026-03-04T02:56:48Z,2026-03-04T02:56:48Z,NA,v3,5045,471223,5b1f43e35ca0421ba59ea357c474eb40,"Gray, Brady",830795,Right,ABI_WIL,e48cf0e3-27d8-4228-bfb6-6c29f46e21d8,54.4456,-106.85218,10.34255,5.29069,3.99873,-15.7401,-2.07193,1.80982,5.42324,NA,NA,NA,NA,NA,NA,NA,NA,NA,NA,NA,NA,NA,NA,NA,NA,NA,NA,NA,NA,NA,NA,NA,NA,NA,NA,NA,NA,NA,NA,NA,NA,NA,NA,NA,NA,NA,NA,NA,NA,NA,NA,NA,NA,NA,NA,NA,NA,NA,NA,High,High,High,NA,NA,NA,NA,NA,NA,NA,NA,NA,NA,NA,NA,NA,NA,NA,NA,NA,NA,NA,NA,NA,NA,NA,NA,NA,NA,NA,NA,NA,NA,NA,NA,NA,NA,NA,NA,NA,NA,NA,NA,NA,NA,NA,NA,NA,NA,NA,NA,NA,NA,NA,NA,NA,NA,NA,NA,NA
NA,NA,NA,NA,NA,NA,NA,NA,NA,NA,NA,NA,NA,NA,NA,NA,296,2026-03-03,20:57:08,3,2,"Galvan, Noah",822833,Right,ABI_WIL,"Cramer, Cole",823144,Right,TCU_HFG,Undefined,7,Bottom,2,0,1,Fastball,Changeup,BallCalled,Undefined,Undefined,Undefined,0,0,NA,85.86715,-1.262706,-0.80182,2219.774387,228.550393,01:30:00,5.5278,1.75132,6.44809,-25.65419,11.72012,11.83166,2.22943,2.00051,78.07113,-6.114918,1.345611,0.440005,NA,NA,NA,NA,NA,NA,NA,NA,NA,NA,NA,-6.58788,6.88544,-1.70008,50,5.42665,1.3278,-124.80264,-3.47684,-10.27081,27.81553,-21.43929,TCU_HFG,ABI_WIL,TCU,D1,BIG12,20260303-TCU-2,d5b3d120-1775-11f1-89da-3b5d2295cb78,85.66361,NA,NA,7.79603,NA,NA,NA,NA,NA,NA,5cabaece-df46-4300-b3c7-55df33123daa,2026-03-04,02:57:08,2026-03-04T02:57:08Z,2026-03-04T02:57:08Z,NA,v3,5045,471223,5b1f43e35ca0421ba59ea357c474eb40,"Gray, Brady",830795,Right,ABI_WIL,3d889300-ad9d-49a7-838b-e2f6c9a80d93,54.05653,-125.70349,13.90777,5.52801,-2.7825,-10.71965,-1.74847,1.66044,-5.13541,NA,NA,NA,NA,NA,NA,NA,NA,NA,NA,NA,NA,NA,NA,NA,NA,NA,NA,NA,NA,NA,NA,NA,NA,NA,NA,NA,NA,NA,NA,NA,NA,NA,NA,NA,NA,NA,NA,NA,NA,NA,NA,NA,NA,NA,NA,NA,NA,NA,NA,High,High,High,NA,NA,NA,NA,NA,NA,NA,NA,NA,NA,NA,NA,NA,NA,NA,NA,NA,NA,NA,NA,NA,NA,NA,NA,NA,NA,NA,NA,NA,NA,NA,NA,NA,NA,NA,NA,NA,NA,NA,NA,NA,NA,NA,NA,NA,NA,NA,NA,NA,NA,NA,NA,NA,NA,NA,NA,NA
NA,NA,NA,NA,NA,NA,NA,NA,NA,NA,NA,NA,NA,NA,NA,NA,297,2026-03-03,20:57:30,3,3,"Galvan, Noah",822833,Right,ABI_WIL,"Cramer, Cole",823144,Right,TCU_HFG,Undefined,7,Bottom,2,1,1,Slider,Curveball,InPlay,Undefined,FlyBall,Out,1,0,NA,72.61819,2.707299,-0.353504,2190.878532,70.635829,08:15:00,5.31302,1.96451,6.12948,-57.50629,-4.07713,-17.028,3.02536,0.21873,65.69059,-7.958556,-3.423584,0.526091,95.23893,27.939049,5.721096,3468.303846,108.07937,53.35192,20.46431,327.07728,316.04394,22.106677,4.663851,8.71552,-2.52473,-1.92859,50,5.49044,1.21842,-105.34345,3.3619,9.60041,21.18964,-34.9551,TCU_HFG,ABI_WIL,TCU,D1,BIG12,20260303-TCU-2,e3178d20-1775-11f1-89da-3b5d2295cb78,71.64628,69.94756,NA,6.9276,NA,NA,NA,1.5056,3.03467,-0.21071,5cabaece-df46-4300-b3c7-55df33123daa,2026-03-04,02:57:30,2026-03-04T02:57:30Z,2026-03-04T02:57:30Z,FlyBall,v3,5045,471223,5b1f43e35ca0421ba59ea357c474eb40,"Gray, Brady",830795,Right,ABI_WIL,4e911cac-7ab5-4675-ae3f-133167a8ff8f,54.37426,-106.21968,10.59482,5.32153,4.80736,-17.47755,-1.97076,0.82142,4.8002,226.500552,1.50506,122.8058,-25.25205,5.68688,-1.30887,0.30391,-0.06324,0.00844,-4.7e-4,3.03495,65.4342,-17.3928,0.47567,0.24703,-0.12918,0.03459,-0.0045,2.2e-4,-0.21096,12.30379,10.16408,-3.95341,1.08487,-0.21554,0.02927,-0.00218,5e-5,NA,NA,NA,NA,NA,NA,NA,NA,NA,NA,NA,NA,NA,NA,NA,NA,NA,NA,NA,NA,NA,NA,High,High,High,Medium,High,NA,NA,NA,NA,NA,NA,NA,NA,NA,NA,NA,NA,NA,NA,NA,NA,NA,NA,NA,NA,NA,NA,NA,NA,NA,NA,NA,NA,NA,NA,NA,NA,NA,NA,NA,NA,NA,NA,NA,NA,NA,NA,NA,NA,NA,NA,NA,NA,NA,NA,NA,NA,NA,NA,NA
NA,NA,NA,NA,NA,NA,NA,NA,NA,NA,NA,NA,NA,NA,NA,NA,298,2026-03-03,21:00:23,1,1,"Thomas, Ethan",1000458110,Right,TCU_HFG,"Regala, Braden",815691,Left,ABI_WIL,Undefined,8,Top,0,0,0,Fastball,Four-Seam,BallCalled,Undefined,Undefined,Undefined,0,0,NA,94.92743,-1.195147,-0.612993,2424.673954,210.209663,01:00:00,6.12256,1.53132,6.73311,-14.24883,16.00154,8.71717,3.84274,1.69754,86.01342,-3.970005,0.976787,0.395856,NA,NA,NA,NA,NA,NA,NA,NA,NA,NA,NA,-4.7426,9.09426,-1.49355,50,6.03767,1.1126,-137.94222,-3.22125,-9.05096,33.41257,-14.81825,TCU_HFG,ABI_WIL,TCU,D1,BIG12,20260303-TCU-2,49fccc80-1776-11f1-89da-3b5d2295cb78,95.21761,NA,NA,8.91401,NA,NA,NA,NA,NA,NA,5cabaece-df46-4300-b3c7-55df33123daa,2026-03-04,03:00:23,2026-03-04T03:00:23Z,2026-03-04T03:00:23Z,NA,v3,5045,471223,5b1f43e35ca0421ba59ea357c474eb40,"Dallimore, Brady",834396,Right,TCU_HFG,f4df7075-4cfa-434a-b208-f1aca556df29,53.76614,-138.85146,16.70629,6.11985,-2.81801,-7.40912,-1.52718,1.35889,-4.52548,NA,NA,NA,NA,NA,NA,NA,NA,NA,NA,NA,NA,NA,NA,NA,NA,NA,NA,NA,NA,NA,NA,NA,NA,NA,NA,NA,NA,NA,NA,NA,NA,NA,NA,NA,NA,NA,NA,NA,NA,NA,NA,NA,NA,NA,NA,NA,NA,NA,NA,High,High,High,NA,NA,NA,NA,NA,NA,NA,NA,NA,NA,NA,NA,NA,NA,NA,NA,NA,NA,NA,NA,NA,NA,NA,NA,NA,NA,NA,NA,NA,NA,NA,NA,NA,NA,NA,NA,NA,NA,NA,NA,NA,NA,NA,NA,NA,NA,NA,NA,NA,NA,NA,NA,NA,NA,NA,NA,NA
NA,NA,NA,NA,NA,NA,NA,NA,NA,NA,NA,NA,NA,NA,NA,NA,299,2026-03-03,21:00:43,1,2,"Thomas, Ethan",1000458110,Right,TCU_HFG,"Regala, Braden",815691,Left,ABI_WIL,Undefined,8,Top,0,1,0,Fastball,Sinker,StrikeCalled,Undefined,Undefined,Undefined,0,0,NA,93.1211,-1.607219,-2.288255,2293.088929,227.694665,01:30:00,6.14652,1.54028,6.88912,-20.42989,10.82032,10.73024,2.97808,0.34845,84.61502,-5.51466,-0.326338,0.402344,NA,NA,NA,NA,NA,NA,NA,NA,NA,NA,NA,-6.35398,6.55465,-1.39854,50,6.03743,4.98313,-135.26983,-4.36045,-11.67476,31.80687,-20.13063,TCU_HFG,ABI_WIL,TCU,D1,BIG12,20260303-TCU-2,55f55fc0-1776-11f1-89da-3b5d2295cb78,93.68206,NA,NA,8.50608,NA,NA,NA,NA,NA,NA,5cabaece-df46-4300-b3c7-55df33123daa,2026-03-04,03:00:43,2026-03-04T03:00:43Z,2026-03-04T03:00:43Z,NA,v3,5045,471223,5b1f43e35ca0421ba59ea357c474eb40,"Dallimore, Brady",834396,Right,TCU_HFG,93f29025-5f2b-4024-add4-6c4254fadc6c,53.61141,-136.11636,15.90344,6.14635,-3.82468,-10.06531,-1.5353,5.29385,-5.83738,NA,NA,NA,NA,NA,NA,NA,NA,NA,NA,NA,NA,NA,NA,NA,NA,NA,NA,NA,NA,NA,NA,NA,NA,NA,NA,NA,NA,NA,NA,NA,NA,NA,NA,NA,NA,NA,NA,NA,NA,NA,NA,NA,NA,NA,NA,NA,NA,NA,NA,High,High,High,NA,NA,NA,NA,NA,NA,NA,NA,NA,NA,NA,NA,NA,NA,NA,NA,NA,NA,NA,NA,NA,NA,NA,NA,NA,NA,NA,NA,NA,NA,NA,NA,NA,NA,NA,NA,NA,NA,NA,NA,NA,NA,NA,NA,NA,NA,NA,NA,NA,NA,NA,NA,NA,NA,NA,NA,NA
NA,NA,NA,NA,NA,NA,NA,NA,NA,NA,NA,NA,NA,NA,NA,NA,300,2026-03-03,21:01:01,1,3,"Thomas, Ethan",1000458110,Right,TCU_HFG,"Regala, Braden",815691,Left,ABI_WIL,Undefined,8,Top,0,1,1,Fastball,Four-Seam,FoulBallNotFieldable,Undefined,Undefined,Undefined,0,0,NA,93.76217,-2.279213,-2.329971,2336.448052,196.313874,12:30:00,6.20749,1.45597,7.07143,-10.67347,20.22344,5.58681,3.24581,-0.19514,84.35102,-4.431449,-1.30594,0.400064,78.44099,15.29195,-166.966887,2154.100942,NA,NA,NA,121.63101,45.96855,-176.419732,1.315026,-3.73823,11.87056,-1.31734,50,6.06611,5.31992,-136.07295,-5.5816,-6.88526,34.77202,-10.31031,TCU_HFG,ABI_WIL,TCU,D1,BIG12,20260303-TCU-2,60a45c00-1776-11f1-89da-3b5d2295cb78,94.21612,11.24329,NA,9.41115,NA,NA,NA,0.2973,2.84283,0.52005,5cabaece-df46-4300-b3c7-55df33123daa,2026-03-04,03:01:01,2026-03-04T03:01:01Z,2026-03-04T03:01:01Z,LineDrive,v3,5045,471223,5b1f43e35ca0421ba59ea357c474eb40,"Dallimore, Brady",834396,Right,TCU_HFG,04ba2b22-22db-4f03-8dab-c3131e56dead,53.42781,-136.94609,17.38601,6.20302,-5.32271,-5.15516,-1.45309,5.49282,-3.44263,58.64495,0.29721,-108.17881,11.89842,NA,NA,NA,NA,NA,NA,3.17429,26.81106,-22.38947,NA,NA,NA,NA,NA,NA,0.15726,-21.12484,11.75765,NA,NA,NA,NA,NA,NA,NA,NA,NA,NA,NA,NA,NA,NA,NA,NA,NA,NA,NA,NA,NA,NA,NA,NA,NA,NA,NA,NA,High,High,High,High,Low,NA,NA,NA,NA,NA,NA,NA,NA,NA,NA,NA,NA,NA,NA,NA,NA,NA,NA,NA,NA,NA,NA,NA,NA,NA,NA,NA,NA,NA,NA,NA,NA,NA,NA,NA,NA,NA,NA,NA,NA,NA,NA,NA,NA,NA,NA,NA,NA,NA,NA,NA,NA,NA,NA,NA
NA,NA,NA,NA,NA,NA,NA,NA,NA,NA,NA,NA,NA,NA,NA,NA,301,2026-03-03,21:01:25,1,4,"Thomas, Ethan",1000458110,Right,TCU_HFG,"Regala, Braden",815691,Left,ABI_WIL,Undefined,8,Top,0,1,2,Slider,Slider,BallCalled,Undefined,Undefined,Undefined,0,0,NA,82.52516,-0.599405,-2.782617,2303.901645,79.843166,08:45:00,5.8942,1.75033,6.51707,-40.30101,0.09465,-6.87201,1.98508,-1.37776,75.47928,-8.094279,-4.029696,0.457445,NA,NA,NA,NA,NA,NA,NA,NA,NA,NA,NA,2.74965,0.64913,-1.55356,50,5.83543,6.07147,-119.82757,-2.45491,3.96081,25.1598,-31.23897,TCU_HFG,ABI_WIL,TCU,D1,BIG12,20260303-TCU-2,6f4f16f0-1776-11f1-89da-3b5d2295cb78,82.39777,NA,NA,7.04588,NA,NA,NA,NA,NA,NA,5cabaece-df46-4300-b3c7-55df33123daa,2026-03-04,03:01:25,2026-03-04T03:01:25Z,2026-03-04T03:01:25Z,NA,v3,5045,471223,5b1f43e35ca0421ba59ea357c474eb40,"Dallimore, Brady",834396,Right,TCU_HFG,b2ac2de5-70d2-4808-9e5e-341a45afb913,53.985,-120.66138,12.5799,5.89963,-1.41963,-15.61949,-1.7526,5.9402,1.98041,NA,NA,NA,NA,NA,NA,NA,NA,NA,NA,NA,NA,NA,NA,NA,NA,NA,NA,NA,NA,NA,NA,NA,NA,NA,NA,NA,NA,NA,NA,NA,NA,NA,NA,NA,NA,NA,NA,NA,NA,NA,NA,NA,NA,NA,NA,NA,NA,NA,NA,High,High,High,NA,NA,NA,NA,NA,NA,NA,NA,NA,NA,NA,NA,NA,NA,NA,NA,NA,NA,NA,NA,NA,NA,NA,NA,NA,NA,NA,NA,NA,NA,NA,NA,NA,NA,NA,NA,NA,NA,NA,NA,NA,NA,NA,NA,NA,NA,NA,NA,NA,NA,NA,NA,NA,NA,NA,NA,NA
NA,NA,NA,NA,NA,NA,NA,NA,NA,NA,NA,NA,NA,NA,NA,NA,302,2026-03-03,21:01:48,1,5,"Thomas, Ethan",1000458110,Right,TCU_HFG,"Regala, Braden",815691,Left,ABI_WIL,Undefined,8,Top,0,2,2,Slider,Slider,InPlay,Undefined,FlyBall,Out,1,0,NA,81.11979,-0.384459,-1.223288,2229.305493,77.335152,08:30:00,5.99431,1.53257,6.51331,-41.75742,-0.15634,-6.62512,2.16163,-0.1423,74.38881,-8.153314,-2.428115,0.46422,79.17828,35.396642,5.11939,3326.013157,109.74507,68.06915,7.48288,263.73995,260.26112,2.229098,4.96974,3.1263,0.40972,-1.4445,50,5.94958,2.74883,-117.9505,-2.00875,4.37634,23.76146,-31.60047,TCU_HFG,ABI_WIL,TCU,D1,BIG12,20260303-TCU-2,7c7072c0-1776-11f1-89da-3b5d2295cb78,81.19523,79.02254,NA,6.73097,NA,NA,NA,1.86133,2.25311,0.12427,5cabaece-df46-4300-b3c7-55df33123daa,2026-03-04,03:01:48,2026-03-04T03:01:48Z,2026-03-04T03:01:48Z,FlyBall,v3,5045,471223,5b1f43e35ca0421ba59ea357c474eb40,"Dallimore, Brady",834396,Right,TCU_HFG,d5b463bd-5674-4244-995c-f7668c4d85f8,53.99001,-118.75158,11.88073,5.99935,-0.94339,-15.80024,-1.53469,2.60129,2.18817,173.192863,1.86219,94.27327,-18.58814,4.10663,-0.76061,0.12365,-0.01867,0.00218,-1.2e-4,2.25407,67.23298,-15.98786,0.55467,0.0923,-0.08573,0.02672,-0.0038,2e-4,0.12431,8.44804,-3.25539,0.8252,-0.16216,0.02405,-0.00246,1.7e-4,-1e-5,NA,NA,NA,NA,NA,NA,NA,NA,NA,NA,NA,NA,NA,NA,NA,NA,NA,NA,NA,NA,NA,NA,High,High,High,High,Medium,NA,NA,NA,NA,NA,NA,NA,NA,NA,NA,NA,NA,NA,NA,NA,NA,NA,NA,NA,NA,NA,NA,NA,NA,NA,NA,NA,NA,NA,NA,NA,NA,NA,NA,NA,NA,NA,NA,NA,NA,NA,NA,NA,NA,NA,NA,NA,NA,NA,NA,NA,NA,NA,NA,NA
NA,NA,NA,NA,NA,NA,NA,NA,NA,NA,NA,NA,NA,NA,NA,NA,303,2026-03-03,21:02:25,2,1,"Thomas, Ethan",1000458110,Right,TCU_HFG,"Payne, Zandt",822830,Left,ABI_WIL,Undefined,8,Top,1,0,0,Fastball,Sinker,BallCalled,Undefined,Undefined,Undefined,0,0,NA,95.682,-1.574359,-0.563334,2307.440158,235.68093,01:45:00,6.1912,1.49392,6.83816,-18.70773,10.94418,14.56497,3.19594,2.19387,86.8828,-5.155771,2.099341,0.39192,NA,NA,NA,NA,NA,NA,NA,NA,NA,NA,NA,-7.81689,6.58544,-1.46179,50,6.08325,0.76639,-139.07158,-4.3484,-15.16126,34.0007,-19.4012,TCU_HFG,ABI_WIL,TCU,D1,BIG12,20260303-TCU-2,929dc930-1776-11f1-89da-3b5d2295cb78,96.17373,NA,NA,8.7992,NA,NA,NA,NA,NA,NA,5cabaece-df46-4300-b3c7-55df33123daa,2026-03-04,03:02:25,2026-03-04T03:02:25Z,2026-03-04T03:02:25Z,NA,v3,5045,471223,5b1f43e35ca0421ba59ea357c474eb40,"Dallimore, Brady",834396,Right,TCU_HFG,950db29d-7c3c-4174-8f55-312723f11871,53.66205,-139.96402,17.00035,6.1907,-3.83915,-9.7006,-1.48713,1.16434,-7.58063,NA,NA,NA,NA,NA,NA,NA,NA,NA,NA,NA,NA,NA,NA,NA,NA,NA,NA,NA,NA,NA,NA,NA,NA,NA,NA,NA,NA,NA,NA,NA,NA,NA,NA,NA,NA,NA,NA,NA,NA,NA,NA,NA,NA,NA,NA,NA,NA,NA,NA,High,High,High,NA,NA,NA,NA,NA,NA,NA,NA,NA,NA,NA,NA,NA,NA,NA,NA,NA,NA,NA,NA,NA,NA,NA,NA,NA,NA,NA,NA,NA,NA,NA,NA,NA,NA,NA,NA,NA,NA,NA,NA,NA,NA,NA,NA,NA,NA,NA,NA,NA,NA,NA,NA,NA,NA,NA,NA,NA
NA,NA,NA,NA,NA,NA,NA,NA,NA,NA,NA,NA,NA,NA,NA,NA,304,2026-03-03,21:02:43,2,2,"Thomas, Ethan",1000458110,Right,TCU_HFG,"Payne, Zandt",822830,Left,ABI_WIL,Undefined,8,Top,1,1,0,Fastball,Four-Seam,StrikeSwinging,Undefined,Undefined,Undefined,0,0,NA,94.05487,-1.812464,-1.906033,2181.811218,204.170836,12:45:00,6.13996,1.44647,7.05084,-12.67115,17.62115,7.46776,3.43629,0.33687,85.73119,-4.302924,-0.536836,0.39613,NA,NA,NA,NA,NA,NA,NA,NA,NA,NA,NA,-4.49847,10.20473,-1.33298,50,6.02538,4.25803,-136.71558,-4.58125,-8.48703,31.03655,-12.92126,TCU_HFG,ABI_WIL,TCU,D1,BIG12,20260303-TCU-2,9d5243b0-1776-11f1-89da-3b5d2295cb78,95.1517,NA,NA,8.32369,NA,NA,NA,NA,NA,NA,5cabaece-df46-4300-b3c7-55df33123daa,2026-03-04,03:02:43,2026-03-04T03:02:43Z,2026-03-04T03:02:43Z,NA,v3,5045,471223,5b1f43e35ca0421ba59ea357c474eb40,"Dallimore, Brady",834396,Right,TCU_HFG,6aedade4-8a49-4fd5-a356-bc8df2a04c20,53.4493,-137.49639,15.51827,6.13654,-4.25618,-6.46063,-1.44279,4.47155,-4.24352,NA,NA,NA,NA,NA,NA,NA,NA,NA,NA,NA,NA,NA,NA,NA,NA,NA,NA,NA,NA,NA,NA,NA,NA,NA,NA,NA,NA,NA,NA,NA,NA,NA,NA,NA,NA,NA,NA,NA,NA,NA,NA,NA,NA,NA,NA,NA,NA,NA,NA,High,High,High,NA,NA,NA,NA,NA,NA,NA,NA,NA,NA,NA,NA,NA,NA,NA,NA,NA,NA,NA,NA,NA,NA,NA,NA,NA,NA,NA,NA,NA,NA,NA,NA,NA,NA,NA,NA,NA,NA,NA,NA,NA,NA,NA,NA,NA,NA,NA,NA,NA,NA,NA,NA,NA,NA,NA,NA,NA
NA,NA,NA,NA,NA,NA,NA,NA,NA,NA,NA,NA,NA,NA,NA,NA,305,2026-03-03,21:03:02,2,3,"Thomas, Ethan",1000458110,Right,TCU_HFG,"Payne, Zandt",822830,Left,ABI_WIL,Undefined,8,Top,1,1,1,Fastball,Four-Seam,FoulBallNotFieldable,Undefined,Undefined,Undefined,0,0,NA,95.61049,-3.3361,-2.571006,2338.488036,214.390838,01:15:00,6.20012,1.40822,6.89426,-10.60875,19.12942,12.38698,2.27021,0.09659,86.70304,-5.444969,-0.307952,0.39249,71.56656,24.107295,-147.227811,2670.476673,NA,NA,NA,NA,43.92978,NA,NA,-7.3376,11.47138,-1.24939,50,5.98462,5.73174,-138.68739,-8.2877,-14.16208,33.63435,-10.03363,TCU_HFG,ABI_WIL,TCU,D1,BIG12,20260303-TCU-2,a8af8150-1776-11f1-89da-3b5d2295cb78,96.03419,19.21117,NA,8.90745,NA,NA,NA,0.53818,2.32007,-0.30503,5cabaece-df46-4300-b3c7-55df33123daa,2026-03-04,03:03:02,2026-03-04T03:03:02Z,2026-03-04T03:03:02Z,NA,v3,5045,471223,5b1f43e35ca0421ba59ea357c474eb40,"Dallimore, Brady",834396,Right,TCU_HFG,dcdb3ef3-4dce-4101-a718-a37ba839d1e5,53.60693,-139.5594,16.81718,6.19612,-8.02757,-5.01681,-1.40275,6.09891,-7.08104,NA,0.5362,-80.5034,2.87349,NA,NA,NA,NA,NA,NA,2.32077,42.85252,-14.75534,NA,NA,NA,NA,NA,NA,-0.30664,-51.81631,2.34282,NA,NA,NA,NA,NA,NA,NA,NA,NA,NA,NA,NA,NA,NA,NA,NA,NA,NA,NA,NA,NA,NA,NA,NA,NA,NA,NA,NA,High,High,High,High,Undefined,NA,NA,NA,NA,NA,NA,NA,NA,NA,NA,NA,NA,NA,NA,NA,NA,NA,NA,NA,NA,NA,NA,NA,NA,NA,NA,NA,NA,NA,NA,NA,NA,NA,NA,NA,NA,NA,NA,NA,NA,NA,NA,NA,NA,NA,NA,NA,NA,NA,NA,NA,NA,NA,NA,NA
NA,NA,NA,NA,NA,NA,NA,NA,NA,NA,NA,NA,NA,NA,NA,NA,306,2026-03-03,21:03:23,2,4,"Thomas, Ethan",1000458110,Right,TCU_HFG,"Payne, Zandt",822830,Left,ABI_WIL,Undefined,8,Top,1,1,2,ChangeUp,Changeup,BallCalled,Undefined,Undefined,Undefined,0,0,NA,83.8986,1.924829,0.012845,1923.69956,247.969376,02:15:00,6.07994,1.43775,6.83257,-33.19525,4.95567,9.44225,5.07001,2.23632,76.9277,-4.337788,1.737391,0.444553,NA,NA,NA,NA,NA,NA,NA,NA,NA,NA,NA,-4.96209,2.49606,-1.44126,50,6.19174,-0.36375,-122.04952,3.18002,-7.50316,23.46714,-28.39973,TCU_HFG,ABI_WIL,TCU,D1,BIG12,20260303-TCU-2,b56e23b0-1776-11f1-89da-3b5d2295cb78,84.78719,NA,NA,6.9709,NA,NA,NA,NA,NA,NA,5cabaece-df46-4300-b3c7-55df33123daa,2026-03-04,03:03:23,2026-03-04T03:03:23Z,2026-03-04T03:03:23Z,NA,v3,5045,471223,5b1f43e35ca0421ba59ea357c474eb40,"Dallimore, Brady",834396,Right,TCU_HFG,5eef6cd3-c5a1-4bb3-927b-4d3a27a794d2,53.66917,-122.75299,11.73357,6.08365,4.03135,-14.19986,-1.43373,-0.13884,-3.75158,NA,NA,NA,NA,NA,NA,NA,NA,NA,NA,NA,NA,NA,NA,NA,NA,NA,NA,NA,NA,NA,NA,NA,NA,NA,NA,NA,NA,NA,NA,NA,NA,NA,NA,NA,NA,NA,NA,NA,NA,NA,NA,NA,NA,NA,NA,NA,NA,NA,NA,High,High,High,NA,NA,NA,NA,NA,NA,NA,NA,NA,NA,NA,NA,NA,NA,NA,NA,NA,NA,NA,NA,NA,NA,NA,NA,NA,NA,NA,NA,NA,NA,NA,NA,NA,NA,NA,NA,NA,NA,NA,NA,NA,NA,NA,NA,NA,NA,NA,NA,NA,NA,NA,NA,NA,NA,NA,NA,NA
NA,NA,NA,NA,NA,NA,NA,NA,NA,NA,NA,NA,NA,NA,NA,NA,307,2026-03-03,21:03:40,2,5,"Thomas, Ethan",1000458110,Right,TCU_HFG,"Payne, Zandt",822830,Left,ABI_WIL,Undefined,8,Top,1,2,2,Fastball,Four-Seam,BallCalled,Undefined,Undefined,Undefined,0,0,NA,95.85597,-1.315885,-1.472157,2288.994036,217.534138,01:15:00,6.11751,1.24469,6.94179,-14.42335,14.98458,10.74973,3.71721,0.80023,86.94946,-4.126656,0.495675,0.390305,NA,NA,NA,NA,NA,NA,NA,NA,NA,NA,NA,-6.09859,8.64343,-1.15556,50,6.02988,3.14005,-139.3156,-3.54136,-11.88498,33.75801,-15.32969,TCU_HFG,ABI_WIL,TCU,D1,BIG12,20260303-TCU-2,bfb117b0-1776-11f1-89da-3b5d2295cb78,96.57187,NA,NA,8.90651,NA,NA,NA,NA,NA,NA,5cabaece-df46-4300-b3c7-55df33123daa,2026-03-04,03:03:40,2026-03-04T03:03:40Z,2026-03-04T03:03:40Z,NA,v3,5045,471223,5b1f43e35ca0421ba59ea357c474eb40,"Dallimore, Brady",834396,Right,TCU_HFG,80510ee3-27f5-4ec8-b1e4-e3eb667cf6db,53.55772,-140.17503,16.879,6.11507,-3.15108,-7.66485,-1.23936,3.44263,-5.94249,NA,NA,NA,NA,NA,NA,NA,NA,NA,NA,NA,NA,NA,NA,NA,NA,NA,NA,NA,NA,NA,NA,NA,NA,NA,NA,NA,NA,NA,NA,NA,NA,NA,NA,NA,NA,NA,NA,NA,NA,NA,NA,NA,NA,NA,NA,NA,NA,NA,NA,High,High,High,NA,NA,NA,NA,NA,NA,NA,NA,NA,NA,NA,NA,NA,NA,NA,NA,NA,NA,NA,NA,NA,NA,NA,NA,NA,NA,NA,NA,NA,NA,NA,NA,NA,NA,NA,NA,NA,NA,NA,NA,NA,NA,NA,NA,NA,NA,NA,NA,NA,NA,NA,NA,NA,NA,NA,NA,NA
NA,NA,NA,NA,NA,NA,NA,NA,NA,NA,NA,NA,NA,NA,NA,NA,308,2026-03-03,21:04:03,2,6,"Thomas, Ethan",1000458110,Right,TCU_HFG,"Payne, Zandt",822830,Left,ABI_WIL,Undefined,8,Top,1,3,2,Fastball,Four-Seam,FoulBallNotFieldable,Undefined,Undefined,Undefined,0,0,NA,96.14845,-1.918315,-1.981112,2396.418008,200.464121,12:45:00,6.18088,1.40476,6.7207,-10.18158,19.05099,6.77024,3.57723,0.15734,87.97451,-3.927934,-0.747913,0.389139,NA,NA,NA,NA,NA,NA,NA,NA,NA,NA,NA,-4.11626,10.86646,-1.27602,50,6.04933,4.56063,-139.76074,-4.89162,-8.15352,31.06834,-10.6497,TCU_HFG,ABI_WIL,TCU,D1,BIG12,20260303-TCU-2,cd3d1c30-1776-11f1-89da-3b5d2295cb78,96.86113,NA,NA,8.17394,NA,NA,NA,NA,NA,NA,5cabaece-df46-4300-b3c7-55df33123daa,2026-03-04,03:04:03,2026-03-04T03:04:03Z,2026-03-04T03:04:03Z,NA,v3,5045,471223,5b1f43e35ca0421ba59ea357c474eb40,"Dallimore, Brady",834396,Right,TCU_HFG,4cbd9f4c-e479-4cc7-ad3b-f54ad5ad9f0c,53.78164,-140.59888,15.53417,6.17741,-4.60433,-5.32485,-1.40202,4.78059,-4.07676,NA,NA,NA,NA,NA,NA,NA,NA,NA,NA,NA,NA,NA,NA,NA,NA,NA,NA,NA,NA,NA,NA,NA,NA,NA,NA,NA,NA,NA,NA,NA,NA,NA,NA,NA,NA,NA,NA,NA,NA,NA,NA,NA,NA,NA,NA,NA,NA,NA,NA,High,High,High,NA,NA,NA,NA,NA,NA,NA,NA,NA,NA,NA,NA,NA,NA,NA,NA,NA,NA,NA,NA,NA,NA,NA,NA,NA,NA,NA,NA,NA,NA,NA,NA,NA,NA,NA,NA,NA,NA,NA,NA,NA,NA,NA,NA,NA,NA,NA,NA,NA,NA,NA,NA,NA,NA,NA,NA,NA
NA,NA,NA,NA,NA,NA,NA,NA,NA,NA,NA,NA,NA,NA,NA,NA,309,2026-03-03,21:04:25,2,7,"Thomas, Ethan",1000458110,Right,TCU_HFG,"Payne, Zandt",822830,Left,ABI_WIL,Undefined,8,Top,1,3,2,Fastball,Four-Seam,InPlay,Undefined,LineDrive,Single,1,0,NA,95.28639,-2.479656,-2.283796,2392.312822,213.151383,01:00:00,6.06932,1.42356,6.94674,-14.55241,15.35115,9.34272,2.5966,0.12247,86.25776,-5.315353,-0.574364,0.39358,81.67651,21.154109,-32.155736,3279.184826,88.13123,31.11964,-65.82455,234.81549,186.99155,-43.012101,3.021475,-5.67555,9.25563,-1.28402,50,5.9094,5.14767,-138.32385,-6.33891,-10.86465,34.29887,-14.45606,TCU_HFG,ABI_WIL,TCU,D1,BIG12,20260303-TCU-2,da707960-1776-11f1-89da-3b5d2295cb78,95.76821,32.07361,NA,9.02863,NA,NA,NA,0.12462,2.59389,-0.22141,5cabaece-df46-4300-b3c7-55df33123daa,2026-03-04,03:04:25,2026-03-04T03:04:25Z,2026-03-04T03:04:25Z,LineDrive,v3,5045,471223,5b1f43e35ca0421ba59ea357c474eb40,"Dallimore, Brady",834396,Right,TCU_HFG,ac5bf69a-6a3d-4538-b6d0-83838dfa4608,53.55397,-139.2023,17.14944,6.06701,-5.96867,-7.22803,-1.41943,5.42594,-5.43233,NA,0.12464,94.58164,-19.79481,4.02837,-0.85767,0.16338,-0.02626,0.00294,-1.5e-4,2.59389,43.23043,-17.35747,1.34341,-0.24138,0.04857,-0.00775,0.00113,-9e-5,-0.22141,-59.45963,2.5942,-0.09346,-0.05149,0.02153,-0.00505,7.1e-4,-5e-5,NA,NA,NA,NA,NA,NA,NA,NA,NA,NA,NA,NA,NA,NA,NA,NA,NA,NA,NA,NA,NA,NA,High,High,High,High,Medium,NA,NA,NA,NA,NA,NA,NA,NA,NA,NA,NA,NA,NA,NA,NA,NA,NA,NA,NA,NA,NA,NA,NA,NA,NA,NA,NA,NA,NA,NA,NA,NA,NA,NA,NA,NA,NA,NA,NA,NA,NA,NA,NA,NA,NA,NA,NA,NA,NA,NA,NA,NA,NA,NA,NA
NA,NA,NA,NA,NA,NA,NA,NA,NA,NA,NA,NA,NA,NA,NA,NA,310,2026-03-03,21:05:14,3,1,"Thomas, Ethan",1000458110,Right,TCU_HFG,"Watkins, Grant",830787,Left,ABI_WIL,Undefined,8,Top,2,0,0,Fastball,Four-Seam,BallCalled,Undefined,Undefined,Undefined,0,0,NA,95.99369,-3.805433,-3.059162,2427.236248,219.176993,01:15:00,6.18356,1.28118,7.09363,-12.63453,16.70276,12.77666,1.66698,-0.43314,87.08455,-6.286286,-0.716794,0.389836,NA,NA,NA,NA,NA,NA,NA,NA,NA,NA,NA,-7.77292,10.41745,-1.10171,50,5.95137,6.94587,-139.1667,-9.53543,-15.09285,34.11967,-11.9463,TCU_HFG,ABI_WIL,TCU,D1,BIG12,20260303-TCU-2,f752e220-1776-11f1-89da-3b5d2295cb78,96.68802,NA,NA,8.90914,NA,NA,NA,NA,NA,NA,5cabaece-df46-4300-b3c7-55df33123daa,2026-03-04,03:05:14,2026-03-04T03:05:14Z,2026-03-04T03:05:14Z,NA,v3,5045,471223,5b1f43e35ca0421ba59ea357c474eb40,"Dallimore, Brady",834396,Right,TCU_HFG,4a69a7ef-1bc3-48b4-90d2-ebd7048a0f3d,53.40811,-139.99978,17.05983,6.18062,-9.24374,-5.97315,-1.2758,7.31439,-7.54642,NA,NA,NA,NA,NA,NA,NA,NA,NA,NA,NA,NA,NA,NA,NA,NA,NA,NA,NA,NA,NA,NA,NA,NA,NA,NA,NA,NA,NA,NA,NA,NA,NA,NA,NA,NA,NA,NA,NA,NA,NA,NA,NA,NA,NA,NA,NA,NA,NA,NA,High,High,High,NA,NA,NA,NA,NA,NA,NA,NA,NA,NA,NA,NA,NA,NA,NA,NA,NA,NA,NA,NA,NA,NA,NA,NA,NA,NA,NA,NA,NA,NA,NA,NA,NA,NA,NA,NA,NA,NA,NA,NA,NA,NA,NA,NA,NA,NA,NA,NA,NA,NA,NA,NA,NA,NA,NA,NA,NA
NA,NA,NA,NA,NA,NA,NA,NA,NA,NA,NA,NA,NA,NA,NA,NA,311,2026-03-03,21:05:28,3,2,"Thomas, Ethan",1000458110,Right,TCU_HFG,"Watkins, Grant",830787,Left,ABI_WIL,Undefined,8,Top,2,1,0,Slider,Slider,StrikeSwinging,Undefined,Undefined,Undefined,0,0,NA,81.09548,0.234343,-1.197131,2342.118671,107.762698,09:30:00,6.00093,1.58333,6.2854,-38.14608,3.47418,-7.02453,3.03812,-0.10557,74.81091,-6.846059,-2.467773,0.464327,NA,NA,NA,NA,NA,NA,NA,NA,NA,NA,NA,3.32185,2.14866,-1.49187,50,5.99995,2.72099,-117.94342,-0.66731,4.69888,21.54579,-29.13467,TCU_HFG,ABI_WIL,TCU,D1,BIG12,20260303-TCU-2,ffdb2dd0-1776-11f1-89da-3b5d2295cb78,81.1765,NA,NA,6.28457,NA,NA,NA,NA,NA,NA,5cabaece-df46-4300-b3c7-55df33123daa,2026-03-04,03:05:28,2026-03-04T03:05:28Z,2026-03-04T03:05:28Z,NA,v3,5045,471223,5b1f43e35ca0421ba59ea357c474eb40,"Dallimore, Brady",834396,Right,TCU_HFG,17783a7a-c638-401b-b7f2-20c878a4b5d4,54.21717,-118.71131,10.77289,6.00523,0.37104,-14.56734,-1.58586,2.55352,2.34944,NA,NA,NA,NA,NA,NA,NA,NA,NA,NA,NA,NA,NA,NA,NA,NA,NA,NA,NA,NA,NA,NA,NA,NA,NA,NA,NA,NA,NA,NA,NA,NA,NA,NA,NA,NA,NA,NA,NA,NA,NA,NA,NA,NA,NA,NA,NA,NA,NA,NA,High,High,High,NA,NA,NA,NA,NA,NA,NA,NA,NA,NA,NA,NA,NA,NA,NA,NA,NA,NA,NA,NA,NA,NA,NA,NA,NA,NA,NA,NA,NA,NA,NA,NA,NA,NA,NA,NA,NA,NA,NA,NA,NA,NA,NA,NA,NA,NA,NA,NA,NA,NA,NA,NA,NA,NA,NA,NA,NA
NA,NA,NA,NA,NA,NA,NA,NA,NA,NA,NA,NA,NA,NA,NA,NA,312,2026-03-03,21:05:47,3,3,"Thomas, Ethan",1000458110,Right,TCU_HFG,"Watkins, Grant",830787,Left,ABI_WIL,Undefined,8,Top,2,1,1,Slider,Slider,BallCalled,Undefined,Undefined,Undefined,0,0,NA,82.505,-1.557535,-2.442601,2397.122354,73.209943,08:30:00,5.98871,1.41714,6.41343,-42.75392,-1.76067,-10.67875,0.99218,-1.71994,74.99342,-9.476179,-4.379387,0.460816,NA,NA,NA,NA,NA,NA,NA,NA,NA,NA,NA,4.76382,0.02795,-1.23782,50,5.85827,5.49422,-119.67939,-4.55822,6.76888,27.4747,-32.13432,TCU_HFG,ABI_WIL,TCU,D1,BIG12,20260303-TCU-2,0b38e0a0-1777-11f1-89da-3b5d2295cb78,81.79499,NA,NA,7.51158,NA,NA,NA,NA,NA,NA,5cabaece-df46-4300-b3c7-55df33123daa,2026-03-04,03:05:47,2026-03-04T03:05:47Z,2026-03-04T03:05:47Z,NA,v3,5045,471223,5b1f43e35ca0421ba59ea357c474eb40,"Dallimore, Brady",834396,Right,TCU_HFG,361f9cb0-e029-485a-99d0-68134b106168,54.08841,-120.61431,13.73735,5.99477,-3.46474,-16.06716,-1.42086,5.26388,3.38444,NA,NA,NA,NA,NA,NA,NA,NA,NA,NA,NA,NA,NA,NA,NA,NA,NA,NA,NA,NA,NA,NA,NA,NA,NA,NA,NA,NA,NA,NA,NA,NA,NA,NA,NA,NA,NA,NA,NA,NA,NA,NA,NA,NA,NA,NA,NA,NA,NA,NA,High,High,High,NA,NA,NA,NA,NA,NA,NA,NA,NA,NA,NA,NA,NA,NA,NA,NA,NA,NA,NA,NA,NA,NA,NA,NA,NA,NA,NA,NA,NA,NA,NA,NA,NA,NA,NA,NA,NA,NA,NA,NA,NA,NA,NA,NA,NA,NA,NA,NA,NA,NA,NA,NA,NA,NA,NA,NA,NA
NA,NA,NA,NA,NA,NA,NA,NA,NA,NA,NA,NA,NA,NA,NA,NA,313,2026-03-03,21:06:15,3,4,"Thomas, Ethan",1000458110,Right,TCU_HFG,"Watkins, Grant",830787,Left,ABI_WIL,Undefined,8,Top,2,2,1,Fastball,Four-Seam,StrikeCalled,Undefined,Undefined,Undefined,0,0,NA,96.72378,-2.582299,-2.152948,2445.415378,210.109603,01:00:00,6.07859,1.32984,6.8138,-12.4693,16.35521,8.96044,2.68,0.11116,88.54517,-5.006097,-0.517636,0.386414,NA,NA,NA,NA,NA,NA,NA,NA,NA,NA,NA,-5.32315,9.64725,-1.19364,50,5.90657,4.92004,-140.5285,-6.63698,-10.6567,31.51161,-12.86069,TCU_HFG,ABI_WIL,TCU,D1,BIG12,20260303-TCU-2,1b9c2100-1777-11f1-89da-3b5d2295cb78,97.5443,NA,NA,8.17861,NA,NA,NA,NA,NA,NA,5cabaece-df46-4300-b3c7-55df33123daa,2026-03-04,03:06:15,2026-03-04T03:06:15Z,2026-03-04T03:06:15Z,NA,v3,5045,471223,5b1f43e35ca0421ba59ea357c474eb40,"Dallimore, Brady",834396,Right,TCU_HFG,a18293c2-9e48-4e9f-ab8b-61e1891b2257,53.68816,-141.3531,15.75581,6.07584,-6.30044,-6.43034,-1.32604,5.19891,-5.32835,NA,NA,NA,NA,NA,NA,NA,NA,NA,NA,NA,NA,NA,NA,NA,NA,NA,NA,NA,NA,NA,NA,NA,NA,NA,NA,NA,NA,NA,NA,NA,NA,NA,NA,NA,NA,NA,NA,NA,NA,NA,NA,NA,NA,NA,NA,NA,NA,NA,NA,High,High,High,NA,NA,NA,NA,NA,NA,NA,NA,NA,NA,NA,NA,NA,NA,NA,NA,NA,NA,NA,NA,NA,NA,NA,NA,NA,NA,NA,NA,NA,NA,NA,NA,NA,NA,NA,NA,NA,NA,NA,NA,NA,NA,NA,NA,NA,NA,NA,NA,NA,NA,NA,NA,NA,NA,NA,NA,NA
NA,NA,NA,NA,NA,NA,NA,NA,NA,NA,NA,NA,NA,NA,NA,NA,314,2026-03-03,21:06:34,3,5,"Thomas, Ethan",1000458110,Right,TCU_HFG,"Watkins, Grant",830787,Left,ABI_WIL,Undefined,8,Top,2,2,2,Fastball,Four-Seam,BallCalled,Undefined,Undefined,Undefined,0,0,NA,96.80271,-3.182952,-2.354317,2315.779126,222.917982,01:30:00,6.00016,1.17853,6.81645,-16.92221,11.95682,10.25745,1.68039,-0.11598,88.56784,-6.411957,-0.481387,0.386779,NA,NA,NA,NA,NA,NA,NA,NA,NA,NA,NA,-6.0915,7.5235900000000004,-1.02987,50,5.78804,5.36421,-140.53113,-8.29594,-12.16288,32.30645,-17.15175,TCU_HFG,ABI_WIL,TCU,D1,BIG12,20260303-TCU-2,26f789e0-1777-11f1-89da-3b5d2295cb78,97.45217,NA,NA,8.23487,NA,NA,NA,NA,NA,NA,5cabaece-df46-4300-b3c7-55df33123daa,2026-03-04,03:06:34,2026-03-04T03:06:34Z,2026-03-04T03:06:34Z,NA,v3,5045,471223,5b1f43e35ca0421ba59ea357c474eb40,"Dallimore, Brady",834396,Right,TCU_HFG,8d59e6c0-add4-4278-af82-5cf59a9edb60,53.68567,-141.37588,16.15323,5.9991,-7.84745,-8.57587,-1.17429,5.68224,-6.08144,NA,NA,NA,NA,NA,NA,NA,NA,NA,NA,NA,NA,NA,NA,NA,NA,NA,NA,NA,NA,NA,NA,NA,NA,NA,NA,NA,NA,NA,NA,NA,NA,NA,NA,NA,NA,NA,NA,NA,NA,NA,NA,NA,NA,NA,NA,NA,NA,NA,NA,High,High,High,NA,NA,NA,NA,NA,NA,NA,NA,NA,NA,NA,NA,NA,NA,NA,NA,NA,NA,NA,NA,NA,NA,NA,NA,NA,NA,NA,NA,NA,NA,NA,NA,NA,NA,NA,NA,NA,NA,NA,NA,NA,NA,NA,NA,NA,NA,NA,NA,NA,NA,NA,NA,NA,NA,NA,NA,NA
NA,NA,NA,NA,NA,NA,NA,NA,NA,NA,NA,NA,NA,NA,NA,NA,315,2026-03-03,21:06:56,3,6,"Thomas, Ethan",1000458110,Right,TCU_HFG,"Watkins, Grant",830787,Left,ABI_WIL,Undefined,8,Top,2,3,2,Fastball,Four-Seam,FoulBallNotFieldable,Undefined,Undefined,Undefined,0,0,NA,96.32153,-2.044535,-2.063825,2480.102435,206.108756,12:45:00,6.00697,1.37323,6.84321,-10.11536,19.05072,8.86516,3.29753,0.2291,87.62808,-4.056599,-0.445231,0.388696,83.08079,7.511026,-172.371803,5870.337293,NA,NA,NA,NA,45.77188,NA,NA,-5.20992,10.89898,-1.24318,50,5.87101,4.6636,-139.89605,-5.16631,-10.28621,32.6611,-10.6556,TCU_HFG,ABI_WIL,TCU,D1,BIG12,20260303-TCU-2,3492d0a0-1777-11f1-89da-3b5d2295cb78,96.97142,8.41431,NA,8.69345,NA,NA,NA,2.34491,3.33612,-0.33006,5cabaece-df46-4300-b3c7-55df33123daa,2026-03-04,03:06:56,2026-03-04T03:06:56Z,2026-03-04T03:06:56Z,NA,v3,5045,471223,5b1f43e35ca0421ba59ea357c474eb40,"Dallimore, Brady",834396,Right,TCU_HFG,5501427e-7378-41a2-ac97-c6c7a5e8d530,53.65538,-140.74687,16.33055,6.00197,-4.88873,-5.3278,-1.36816,4.93155,-5.14311,NA,2.3344,-119.40332,14.97876,NA,NA,NA,NA,NA,NA,3.33407,15.9943,-9.30352,NA,NA,NA,NA,NA,NA,-0.33075,-16.01442,1.24469,NA,NA,NA,NA,NA,NA,NA,NA,NA,NA,NA,NA,NA,NA,NA,NA,NA,NA,NA,NA,NA,NA,NA,NA,NA,NA,NA,NA,High,High,High,Medium,Undefined,NA,NA,NA,NA,NA,NA,NA,NA,NA,NA,NA,NA,NA,NA,NA,NA,NA,NA,NA,NA,NA,NA,NA,NA,NA,NA,NA,NA,NA,NA,NA,NA,NA,NA,NA,NA,NA,NA,NA,NA,NA,NA,NA,NA,NA,NA,NA,NA,NA,NA,NA,NA,NA,NA,NA
NA,NA,NA,NA,NA,NA,NA,NA,NA,NA,NA,NA,NA,NA,NA,NA,316,2026-03-03,21:07:18,3,7,"Thomas, Ethan",1000458110,Right,TCU_HFG,"Watkins, Grant",830787,Left,ABI_WIL,Undefined,8,Top,2,3,2,Fastball,Four-Seam,InPlay,Undefined,GroundBall,Single,0,0,NA,96.0667,-2.620211,-2.327766,2488.387071,214.233941,01:15:00,5.99947,1.25921,6.9877,-12.7652,16.42213,10.5178,2.54922,0.01762,87.48785,-5.117298,-0.402056,0.388838,105.90869000000001,-15.00067,-27.446356,NA,NA,NA,NA,8.80778,8.58463,-27.308792,0.059275,-6.28847,9.82012,-1.1189,50,5.83327,5.26233,-139.53831,-6.67543,-12.33494,32.90324,-12.91169,TCU_HFG,ABI_WIL,TCU,D1,BIG12,20260303-TCU-2,4173ef20-1777-11f1-89da-3b5d2295cb78,96.93612,2.3864,NA,8.57885,NA,NA,NA,-0.07722,2.3864,0.06394,5cabaece-df46-4300-b3c7-55df33123daa,2026-03-04,03:07:18,2026-03-04T03:07:18Z,2026-03-04T03:07:18Z,GroundBall,v3,5045,471223,5b1f43e35ca0421ba59ea357c474eb40,"Dallimore, Brady",834396,Right,TCU_HFG,57ddecf9-4229-4c3d-9459-31c483040e5d,53.51432,-140.36455,16.45162,5.99682,-6.3512,-6.45585,-1.25493,5.57207,-6.16747,180,-0.07897,133.33432,NA,NA,NA,NA,NA,NA,NA,2.38693,-40.26005,NA,NA,NA,NA,NA,NA,NA,0.06484,-69.25086,NA,NA,NA,NA,NA,NA,NA,NA,NA,NA,NA,NA,NA,NA,NA,NA,NA,NA,NA,NA,NA,NA,NA,NA,NA,NA,NA,NA,NA,High,High,High,High,High,NA,NA,NA,NA,NA,NA,NA,NA,NA,NA,NA,NA,NA,NA,NA,NA,NA,NA,NA,NA,NA,NA,NA,NA,NA,NA,NA,NA,NA,NA,NA,NA,NA,NA,NA,NA,NA,NA,NA,NA,NA,NA,NA,NA,NA,NA,NA,NA,NA,NA,NA,NA,NA,NA,NA
NA,NA,NA,NA,NA,NA,NA,NA,NA,NA,NA,NA,NA,NA,NA,NA,317,2026-03-03,21:07:59,4,1,"Thomas, Ethan",1000458110,Right,TCU_HFG,"Hardcastle, Sam",830789,Right,ABI_WIL,Undefined,8,Top,2,0,0,Fastball,Four-Seam,StrikeSwinging,Undefined,Undefined,Undefined,0,0,NA,95.0607,-1.928808,-1.798143,2317.543203,206.791104,01:00:00,6.13424,1.39299,6.7497,-9.62796,20.61186,9.87284,3.56827,0.57245,85.91046,-3.867344,0.001587,0.395787,NA,NA,NA,NA,NA,NA,NA,NA,NA,NA,NA,-5.72575,11.75355,-1.27792,50,6.00293,3.92238,-138.0213,-4.80004,-10.91945,33.97728,-9.75903,TCU_HFG,ABI_WIL,TCU,D1,BIG12,20260303-TCU-2,59ff32c0-1777-11f1-89da-3b5d2295cb78,95.23427,NA,NA,9.15024,NA,NA,NA,NA,NA,NA,5cabaece-df46-4300-b3c7-55df33123daa,2026-03-04,03:07:59,2026-03-04T03:07:59Z,2026-03-04T03:07:59Z,NA,v3,5045,471223,5b1f43e35ca0421ba59ea357c474eb40,"Dallimore, Brady",834396,Right,TCU_HFG,991b4de7-8b28-432b-854e-bd8174aef10f,53.74979,-138.94133,16.98864,6.12932,-4.53579,-4.87951,-1.38813,4.21806,-5.45972,NA,NA,NA,NA,NA,NA,NA,NA,NA,NA,NA,NA,NA,NA,NA,NA,NA,NA,NA,NA,NA,NA,NA,NA,NA,NA,NA,NA,NA,NA,NA,NA,NA,NA,NA,NA,NA,NA,NA,NA,NA,NA,NA,NA,NA,NA,NA,NA,NA,NA,High,High,High,NA,NA,NA,NA,NA,NA,NA,NA,NA,NA,NA,NA,NA,NA,NA,NA,NA,NA,NA,NA,NA,NA,NA,NA,NA,NA,NA,NA,NA,NA,NA,NA,NA,NA,NA,NA,NA,NA,NA,NA,NA,NA,NA,NA,NA,NA,NA,NA,NA,NA,NA,NA,NA,NA,NA,NA,NA
NA,NA,NA,NA,NA,NA,NA,NA,NA,NA,NA,NA,NA,NA,NA,NA,318,2026-03-03,21:08:53,4,2,"Thomas, Ethan",1000458110,Right,TCU_HFG,"Hardcastle, Sam",830789,Right,ABI_WIL,Undefined,8,Top,2,0,1,Fastball,Four-Seam,BallCalled,Undefined,Undefined,Undefined,0,0,NA,94.91299,-1.137058,-0.948956,2339.386471,213.579618,01:00:00,6.0462,1.53635,6.75873,-16.05591,14.24792,8.75961,3.66933,1.39945,85.82114,-4.246476,0.649388,0.396205,NA,NA,NA,NA,NA,NA,NA,NA,NA,NA,NA,-4.87839,8.18,-1.47679,50,5.96519,1.91953,-137.88971,-3.15091,-9.27936,34.1076,-16.61461,TCU_HFG,ABI_WIL,TCU,D1,BIG12,20260303-TCU-2,7a3b74e0-1777-11f1-89da-3b5d2295cb78,95.13363,NA,NA,9.09186,NA,NA,NA,NA,NA,NA,5cabaece-df46-4300-b3c7-55df33123daa,2026-03-04,03:08:53,2026-03-04T03:08:53Z,2026-03-04T03:08:53Z,NA,v3,5045,471223,5b1f43e35ca0421ba59ea357c474eb40,"Dallimore, Brady",834396,Right,TCU_HFG,302d4f34-a5b4-411b-8ec0-3927bb7a6eb9,53.74024,-138.81179,17.0538,6.0443,-2.70175,-8.30731,-1.53208,2.17039,-4.63968,NA,NA,NA,NA,NA,NA,NA,NA,NA,NA,NA,NA,NA,NA,NA,NA,NA,NA,NA,NA,NA,NA,NA,NA,NA,NA,NA,NA,NA,NA,NA,NA,NA,NA,NA,NA,NA,NA,NA,NA,NA,NA,NA,NA,NA,NA,NA,NA,NA,NA,High,High,High,NA,NA,NA,NA,NA,NA,NA,NA,NA,NA,NA,NA,NA,NA,NA,NA,NA,NA,NA,NA,NA,NA,NA,NA,NA,NA,NA,NA,NA,NA,NA,NA,NA,NA,NA,NA,NA,NA,NA,NA,NA,NA,NA,NA,NA,NA,NA,NA,NA,NA,NA,NA,NA,NA,NA,NA,NA
NA,NA,NA,NA,NA,NA,NA,NA,NA,NA,NA,NA,NA,NA,NA,NA,319,2026-03-03,21:09:15,4,3,"Thomas, Ethan",1000458110,Right,TCU_HFG,"Hardcastle, Sam",830789,Right,ABI_WIL,Undefined,8,Top,2,1,1,Fastball,Sinker,BallCalled,Undefined,Undefined,Undefined,0,0,NA,93.13732,1.921624,-1.433963,2269.513067,233.740104,01:45:00,6.1688,1.4142,7.05042,-20.11615,11.02414,13.58217,6.2391,1.24327,84.0208,-1.963934,1.056244,0.401636,NA,NA,NA,NA,NA,NA,NA,NA,NA,NA,NA,-7.56682,5.59953,-1.3300399999999999,50,6.27816,2.83902,-135.29687,4.01923,-13.86052,32.7656,-21.91713,TCU_HFG,ABI_WIL,TCU,D1,BIG12,20260303-TCU-2,86f8b7b0-1777-11f1-89da-3b5d2295cb78,93.84722,NA,NA,9.11652,NA,NA,NA,NA,NA,NA,5cabaece-df46-4300-b3c7-55df33123daa,2026-03-04,03:09:15,2026-03-04T03:09:15Z,2026-03-04T03:09:15Z,NA,v3,5045,471223,5b1f43e35ca0421ba59ea357c474eb40,"Dallimore, Brady",834396,Right,TCU_HFG,eff2ab11-be9e-4a0d-8431-3a33b27e95cb,53.44773,-136.12927,16.3828,6.16898,4.57602,-10.95856,-1.40663,3.19114,-6.93026,NA,NA,NA,NA,NA,NA,NA,NA,NA,NA,NA,NA,NA,NA,NA,NA,NA,NA,NA,NA,NA,NA,NA,NA,NA,NA,NA,NA,NA,NA,NA,NA,NA,NA,NA,NA,NA,NA,NA,NA,NA,NA,NA,NA,NA,NA,NA,NA,NA,NA,High,High,High,NA,NA,NA,NA,NA,NA,NA,NA,NA,NA,NA,NA,NA,NA,NA,NA,NA,NA,NA,NA,NA,NA,NA,NA,NA,NA,NA,NA,NA,NA,NA,NA,NA,NA,NA,NA,NA,NA,NA,NA,NA,NA,NA,NA,NA,NA,NA,NA,NA,NA,NA,NA,NA,NA,NA,NA,NA
NA,NA,NA,NA,NA,NA,NA,NA,NA,NA,NA,NA,NA,NA,NA,NA,320,2026-03-03,21:09:37,4,4,"Thomas, Ethan",1000458110,Right,TCU_HFG,"Hardcastle, Sam",830789,Right,ABI_WIL,Undefined,8,Top,2,2,1,Fastball,Four-Seam,StrikeSwinging,Undefined,Undefined,Undefined,0,0,NA,93.95922,-0.948757,-2.228554,2285.336108,220.614982,01:15:00,6.06822,1.36738,6.70097,-14.21036,16.86103,13.51316,4.01573,0.45461,84.71806,-3.73049,0.232257,0.401192,NA,NA,NA,NA,NA,NA,NA,NA,NA,NA,NA,-7.76311,9.48465,-1.22339,50,5.99894,4.74655,-136.40903,-2.59154,-14.42598,33.85857,-14.54896,TCU_HFG,ABI_WIL,TCU,D1,BIG12,20260303-TCU-2,9474b6a0-1777-11f1-89da-3b5d2295cb78,93.95122,NA,NA,9.24116,NA,NA,NA,NA,NA,NA,5cabaece-df46-4300-b3c7-55df33123daa,2026-03-04,03:09:37,2026-03-04T03:09:37Z,2026-03-04T03:09:37Z,NA,v3,5045,471223,5b1f43e35ca0421ba59ea357c474eb40,"Dallimore, Brady",834396,Right,TCU_HFG,3da4160b-b1c4-4c34-b380-a260ffc66782,53.79834,-137.34859,16.92928,6.06525,-2.18782,-7.27448,-1.36066,5.14687,-7.21299,NA,NA,NA,NA,NA,NA,NA,NA,NA,NA,NA,NA,NA,NA,NA,NA,NA,NA,NA,NA,NA,NA,NA,NA,NA,NA,NA,NA,NA,NA,NA,NA,NA,NA,NA,NA,NA,NA,NA,NA,NA,NA,NA,NA,NA,NA,NA,NA,NA,NA,High,High,High,NA,NA,NA,NA,NA,NA,NA,NA,NA,NA,NA,NA,NA,NA,NA,NA,NA,NA,NA,NA,NA,NA,NA,NA,NA,NA,NA,NA,NA,NA,NA,NA,NA,NA,NA,NA,NA,NA,NA,NA,NA,NA,NA,NA,NA,NA,NA,NA,NA,NA,NA,NA,NA,NA,NA,NA,NA
NA,NA,NA,NA,NA,NA,NA,NA,NA,NA,NA,NA,NA,NA,NA,NA,321,2026-03-03,21:09:59,4,5,"Thomas, Ethan",1000458110,Right,TCU_HFG,"Hardcastle, Sam",830789,Right,ABI_WIL,Undefined,8,Top,2,2,2,Fastball,Sinker,InPlay,Undefined,GroundBall,Single,0,0,NA,94.65489,-1.887872,-2.930762,2287.601757,235.301095,01:45:00,6.149,1.27485,6.82811,-18.33627,11.9191,15.77013,2.89598,-0.08675,86.19898,-5.399776,-0.052582,0.395888,99.31728,-3.416093,-6.809974,NA,NA,NA,NA,30.62132,28.36863,-6.689537,0.209408,-9.24497,7.18028,-1.09148,50,6.0205,6.42314,-137.47765,-5.04319,-17.59448,32.06806,-18.50895,TCU_HFG,ABI_WIL,TCU,D1,BIG12,20260303-TCU-2,a111a030-1777-11f1-89da-3b5d2295cb78,95.20985,2.91073,NA,8.45591,NA,NA,NA,1.22707,2.91073,0.09525,5cabaece-df46-4300-b3c7-55df33123daa,2026-03-04,03:09:59,2026-03-04T03:09:59Z,2026-03-04T03:09:59Z,GroundBall,v3,5045,471223,5b1f43e35ca0421ba59ea357c474eb40,"Dallimore, Brady",834396,Right,TCU_HFG,13396543-36d3-4a3c-9a7e-c1e9b06947bd,53.67487,-138.33219,16.03403,6.14832,-4.54996,-9.25448,-1.26888,6.89199,-8.79724,20.76914,1.22855,144.28687,-23.53323,NA,NA,NA,NA,NA,NA,2.91263,-8.80069,-24.43584,NA,NA,NA,NA,NA,NA,0.09557,-17.26266,-1.09482,NA,NA,NA,NA,NA,NA,NA,NA,NA,NA,NA,NA,NA,NA,NA,NA,NA,NA,NA,NA,NA,NA,NA,NA,NA,NA,NA,NA,High,High,High,High,High,NA,NA,NA,NA,NA,NA,NA,NA,NA,NA,NA,NA,NA,NA,NA,NA,NA,NA,NA,NA,NA,NA,NA,NA,NA,NA,NA,NA,NA,NA,NA,NA,NA,NA,NA,NA,NA,NA,NA,NA,NA,NA,NA,NA,NA,NA,NA,NA,NA,NA,NA,NA,NA,NA,NA
NA,NA,NA,NA,NA,NA,NA,NA,NA,NA,NA,NA,NA,NA,NA,NA,322,2026-03-03,21:11:51,5,1,"Thomas, Ethan",1000458110,Right,TCU_HFG,"Cardenas, Diego",830790,Left,ABI_WIL,Undefined,8,Top,2,0,0,Fastball,Four-Seam,StrikeSwinging,Undefined,Undefined,Undefined,0,0,NA,93.51426,-1.089711,-2.350022,2319.792721,213.363546,01:00:00,6.17754,1.47006,7.08954,-12.45194,18.32414,11.37276,4.14986,0.28363,84.6638,-3.560117,-0.264125,0.39928,NA,NA,NA,NA,NA,NA,NA,NA,NA,NA,NA,-6.7315,10.40666,-1.33196,50,6.10741,5.13093,-135.87634,-2.81386,-12.46414,32.43283,-12.90497,TCU_HFG,ABI_WIL,TCU,D1,BIG12,20260303-TCU-2,e4156330-1777-11f1-89da-3b5d2295cb78,94.40092,NA,NA,8.85046,NA,NA,NA,NA,NA,NA,5cabaece-df46-4300-b3c7-55df33123daa,2026-03-04,03:11:51,2026-03-04T03:11:51Z,2026-03-04T03:11:51Z,NA,v3,5045,471223,5b1f43e35ca0421ba59ea357c474eb40,"Dallimore, Brady",834396,Right,TCU_HFG,5673b770-7cf6-40c6-8961-a54a0a4bcb6d,53.4099,-136.68784,16.21641,6.17377,-2.49096,-6.45249,-1.46425,5.44279,-6.23207,NA,NA,NA,NA,NA,NA,NA,NA,NA,NA,NA,NA,NA,NA,NA,NA,NA,NA,NA,NA,NA,NA,NA,NA,NA,NA,NA,NA,NA,NA,NA,NA,NA,NA,NA,NA,NA,NA,NA,NA,NA,NA,NA,NA,NA,NA,NA,NA,NA,NA,High,High,High,NA,NA,NA,NA,NA,NA,NA,NA,NA,NA,NA,NA,NA,NA,NA,NA,NA,NA,NA,NA,NA,NA,NA,NA,NA,NA,NA,NA,NA,NA,NA,NA,NA,NA,NA,NA,NA,NA,NA,NA,NA,NA,NA,NA,NA,NA,NA,NA,NA,NA,NA,NA,NA,NA,NA,NA,NA
NA,NA,NA,NA,NA,NA,NA,NA,NA,NA,NA,NA,NA,NA,NA,NA,323,2026-03-03,21:12:09,5,2,"Thomas, Ethan",1000458110,Right,TCU_HFG,"Cardenas, Diego",830790,Left,ABI_WIL,Undefined,8,Top,2,0,1,Fastball,Four-Seam,StrikeCalled,Undefined,Undefined,Undefined,0,0,NA,94.47158,-1.68546,-2.383213,2293.500576,223.733836,01:30:00,6.07103,1.665,6.7215,-14.33954,16.62186,14.7769,3.33368,0.71675,84.61306,-4.501244,0.308753,0.400481,NA,NA,NA,NA,NA,NA,NA,NA,NA,NA,NA,-8.50965,9.64323,-1.51174,50,5.95333,5.07678,-137.00484,-4.3649,-15.82853,36.30035,-14.23701,TCU_HFG,ABI_WIL,TCU,D1,BIG12,20260303-TCU-2,eef3acd0-1777-11f1-89da-3b5d2295cb78,94.11801,NA,NA,9.85852,NA,NA,NA,NA,NA,NA,5cabaece-df46-4300-b3c7-55df33123daa,2026-03-04,03:12:09,2026-03-04T03:12:09Z,2026-03-04T03:12:09Z,NA,v3,5045,471223,5b1f43e35ca0421ba59ea357c474eb40,"Dallimore, Brady",834396,Right,TCU_HFG,fb90833a-8089-48fb-ad5d-3afcd2bb4bce,53.77652,-138.00183,18.15018,6.06784,-3.97389,-7.11851,-1.65714,5.51151,-7.91427,NA,NA,NA,NA,NA,NA,NA,NA,NA,NA,NA,NA,NA,NA,NA,NA,NA,NA,NA,NA,NA,NA,NA,NA,NA,NA,NA,NA,NA,NA,NA,NA,NA,NA,NA,NA,NA,NA,NA,NA,NA,NA,NA,NA,NA,NA,NA,NA,NA,NA,High,High,High,NA,NA,NA,NA,NA,NA,NA,NA,NA,NA,NA,NA,NA,NA,NA,NA,NA,NA,NA,NA,NA,NA,NA,NA,NA,NA,NA,NA,NA,NA,NA,NA,NA,NA,NA,NA,NA,NA,NA,NA,NA,NA,NA,NA,NA,NA,NA,NA,NA,NA,NA,NA,NA,NA,NA,NA,NA
NA,NA,NA,NA,NA,NA,NA,NA,NA,NA,NA,NA,NA,NA,NA,NA,324,2026-03-03,21:12:28,5,3,"Thomas, Ethan",1000458110,Right,TCU_HFG,"Cardenas, Diego",830790,Left,ABI_WIL,Undefined,8,Top,2,0,2,Fastball,Sinker,FoulBallNotFieldable,Undefined,Undefined,Undefined,0,0,NA,95.9028,-2.763618,-3.173195,2412.793867,230.257354,01:45:00,6.07313,1.48044,6.61504,-15.73265,14.24001,15.84422,2.22496,-0.10858,86.72519,-5.797033,-0.294328,0.394034,71.61358,19.680446,-151.314737,2331.175524,NA,NA,NA,NA,45.21956,NA,NA,-9.32142,8.66878,-1.27037,50,5.87812,7.04883,-139.02508,-7.14939,-18.01708,34.78096,-15.41848,TCU_HFG,ABI_WIL,TCU,D1,BIG12,20260303-TCU-2,fa1bf7c0-1777-11f1-89da-3b5d2295cb78,95.65774,16.22443,NA,9.17761,NA,NA,NA,1.76402,2.40026,-0.09413,5cabaece-df46-4300-b3c7-55df33123daa,2026-03-04,03:12:28,2026-03-04T03:12:28Z,2026-03-04T03:12:28Z,NA,v3,5045,471223,5b1f43e35ca0421ba59ea357c474eb40,"Dallimore, Brady",834396,Right,TCU_HFG,03ddcfc2-773c-4da8-8dce-30050b2335bb,53.88653,-139.99402,17.39048,6.07131,-6.71986,-7.70924,-1.47374,7.55076,-9.00854,NA,1.76082,-86.67182,5.4018,NA,NA,NA,NA,NA,NA,2.40034,35.37044,-13.77785,NA,NA,NA,NA,NA,NA,-0.09274,-47.50908,-2.11977,NA,NA,NA,NA,NA,NA,NA,NA,NA,NA,NA,NA,NA,NA,NA,NA,NA,NA,NA,NA,NA,NA,NA,NA,NA,NA,NA,NA,High,High,High,High,Undefined,NA,NA,NA,NA,NA,NA,NA,NA,NA,NA,NA,NA,NA,NA,NA,NA,NA,NA,NA,NA,NA,NA,NA,NA,NA,NA,NA,NA,NA,NA,NA,NA,NA,NA,NA,NA,NA,NA,NA,NA,NA,NA,NA,NA,NA,NA,NA,NA,NA,NA,NA,NA,NA,NA,NA
NA,NA,NA,NA,NA,NA,NA,NA,NA,NA,NA,NA,NA,NA,NA,NA,325,2026-03-03,21:12:49,5,4,"Thomas, Ethan",1000458110,Right,TCU_HFG,"Cardenas, Diego",830790,Left,ABI_WIL,Undefined,8,Top,2,0,2,Slider,Slider,StrikeSwinging,Strikeout,Undefined,Undefined,0,0,NA,83.79582,-1.33097,-2.587938,2306.817847,87.323746,09:00:00,5.90493,1.77945,6.33806,-39.10034,0.65551,-15.48013,1.4196,-1.89503,76.27598,-8.573683,-5.387414,0.453808,NA,NA,NA,NA,NA,NA,NA,NA,NA,NA,NA,7.20162,1.20476,-1.58409,50,5.78994,6.0772,-121.55704,-4.04196,10.58824,27.68655,-30.40271,TCU_HFG,ABI_WIL,TCU,D1,BIG12,20260303-TCU-2,06dbd2a0-1778-11f1-89da-3b5d2295cb78,83.05815,NA,NA,7.51985,NA,NA,NA,NA,NA,NA,5cabaece-df46-4300-b3c7-55df33123daa,2026-03-04,03:12:49,2026-03-04T03:12:49Z,2026-03-04T03:12:49Z,NA,v3,5045,471223,5b1f43e35ca0421ba59ea357c474eb40,"Dallimore, Brady",834396,Right,TCU_HFG,8f6c3ea3-bbbd-457d-9cf5-d948a4af0164,54.16362,-122.5017,13.84327,5.91016,-3.00462,-15.20136,-1.78528,5.71593,5.29412,NA,NA,NA,NA,NA,NA,NA,NA,NA,NA,NA,NA,NA,NA,NA,NA,NA,NA,NA,NA,NA,NA,NA,NA,NA,NA,NA,NA,NA,NA,NA,NA,NA,NA,NA,NA,NA,NA,NA,NA,NA,NA,NA,NA,NA,NA,NA,NA,NA,NA,High,High,High,NA,NA,NA,NA,NA,NA,NA,NA,NA,NA,NA,NA,NA,NA,NA,NA,NA,NA,NA,NA,NA,NA,NA,NA,NA,NA,NA,NA,NA,NA,NA,NA,NA,NA,NA,NA,NA,NA,NA,NA,NA,NA,NA,NA,NA,NA,NA,NA,NA,NA,NA,NA,NA,NA,NA,NA,NA
NA,NA,NA,NA,NA,NA,NA,NA,NA,NA,NA,NA,NA,NA,NA,NA,326,2026-03-03,21:16:00,1,1,"Whiteaker, Evan",804867,Right,ABI_WIL,"Strosnider, Sawyer",820831,Left,TCU_HFG,Undefined,8,Bottom,0,0,0,Curveball,Curveball,FoulBallNotFieldable,Undefined,Undefined,Undefined,0,0,NA,70.70317,1.040155,-0.580818,2076.810818,40.897048,07:15:00,6.53114,0.59188,5.32216,-67.03933,-9.778,-10.03512,1.92086,-0.78948,65.31447,-11.07237,-2.369069,0.544631,NA,NA,NA,NA,NA,NA,NA,NA,NA,NA,NA,4.90477,-4.78591,-0.53162,50,6.57617,1.39312,-102.68772,-0.23281,5.20795,17.88959,-37.25581,TCU_HFG,ABI_WIL,TCU,D1,BIG12,20260303-TCU-2,78b2bc90-1778-11f1-89da-3b5d2295cb78,69.20734,NA,NA,5.3887,NA,NA,NA,NA,NA,NA,5cabaece-df46-4300-b3c7-55df33123daa,2026-03-04,03:16:00,2026-03-04T03:16:00Z,2026-03-04T03:16:00Z,NA,v3,5045,471223,5b1f43e35ca0421ba59ea357c474eb40,"Gray, Brady",830795,Right,ABI_WIL,6c5e6163-210c-4aa8-841d-d17dee6e3d90,55.18438,-103.58698,8.9448,6.54081,1.63992,-18.62791,-0.59507,1.13133,2.60397,NA,NA,NA,NA,NA,NA,NA,NA,NA,NA,NA,NA,NA,NA,NA,NA,NA,NA,NA,NA,NA,NA,NA,NA,NA,NA,NA,NA,NA,NA,NA,NA,NA,NA,NA,NA,NA,NA,NA,NA,NA,NA,NA,NA,NA,NA,NA,NA,NA,NA,High,High,High,NA,NA,NA,NA,NA,NA,NA,NA,NA,NA,NA,NA,NA,NA,NA,NA,NA,NA,NA,NA,NA,NA,NA,NA,NA,NA,NA,NA,NA,NA,NA,NA,NA,NA,NA,NA,NA,NA,NA,NA,NA,NA,NA,NA,NA,NA,NA,NA,NA,NA,NA,NA,NA,NA,NA,NA,NA
NA,NA,NA,NA,NA,NA,NA,NA,NA,NA,NA,NA,NA,NA,NA,NA,327,2026-03-03,21:16:33,1,2,"Whiteaker, Evan",804867,Right,ABI_WIL,"Strosnider, Sawyer",820831,Left,TCU_HFG,Undefined,8,Bottom,0,0,1,ChangeUp,Changeup,StrikeSwinging,Undefined,Undefined,Undefined,0,0,NA,82.9148,-2.272736,-1.432416,1430.717912,238.386828,02:00:00,6.52512,0.65425,5.91602,-32.79872,7.66949,10.46516,1.68076,0.19662,76.57525,-8.315746,0.449832,0.457856,NA,NA,NA,NA,NA,NA,NA,NA,NA,NA,NA,-5.7874,4.90366,-0.5455,50,6.32389,2.61322,-120.42936,-5.82542,-8.53039,22.58908,-24.94624,TCU_HFG,ABI_WIL,TCU,D1,BIG12,20260303-TCU-2,8c013600-1778-11f1-89da-3b5d2295cb78,82.32386,NA,NA,6.33955,NA,NA,NA,NA,NA,NA,5cabaece-df46-4300-b3c7-55df33123daa,2026-03-04,03:16:33,2026-03-04T03:16:33Z,2026-03-04T03:16:33Z,NA,v3,5045,471223,5b1f43e35ca0421ba59ea357c474eb40,"Gray, Brady",830795,Right,ABI_WIL,ed3cb944-5802-4d7a-86b8-25ec5c903890,54.58763,-121.28682,11.29454,6.52705,-4.87849,-12.47312,-0.65084,2.93702,-4.2652,NA,NA,NA,NA,NA,NA,NA,NA,NA,NA,NA,NA,NA,NA,NA,NA,NA,NA,NA,NA,NA,NA,NA,NA,NA,NA,NA,NA,NA,NA,NA,NA,NA,NA,NA,NA,NA,NA,NA,NA,NA,NA,NA,NA,NA,NA,NA,NA,NA,NA,High,High,High,NA,NA,NA,NA,NA,NA,NA,NA,NA,NA,NA,NA,NA,NA,NA,NA,NA,NA,NA,NA,NA,NA,NA,NA,NA,NA,NA,NA,NA,NA,NA,NA,NA,NA,NA,NA,NA,NA,NA,NA,NA,NA,NA,NA,NA,NA,NA,NA,NA,NA,NA,NA,NA,NA,NA,NA,NA
NA,NA,NA,NA,NA,NA,NA,NA,NA,NA,NA,NA,NA,NA,NA,NA,328,2026-03-03,21:16:57,1,3,"Whiteaker, Evan",804867,Right,ABI_WIL,"Strosnider, Sawyer",820831,Left,TCU_HFG,Undefined,8,Bottom,0,0,2,ChangeUp,Changeup,BallCalled,Undefined,Undefined,Undefined,0,0,NA,84.36236,-3.002603,-0.654458,1537.998243,229.711765,01:45:00,6.52612,0.45009,5.92367,-29.55864,8.9526,9.39934,1.27379,0.62601,79.11192,-8.41574,1.036669,0.446648,NA,NA,NA,NA,NA,NA,NA,NA,NA,NA,NA,-5.02611,5.56733,-0.40328,50,6.26836,1.04845,-122.68411,-7.38842,-7.81438,19.6949,-23.51817,TCU_HFG,ABI_WIL,TCU,D1,BIG12,20260303-TCU-2,9aa4ec10-1778-11f1-89da-3b5d2295cb78,84.38959,NA,NA,5.25044,NA,NA,NA,NA,NA,NA,5cabaece-df46-4300-b3c7-55df33123daa,2026-03-04,03:16:57,2026-03-04T03:16:57Z,2026-03-04T03:16:57Z,NA,v3,5045,471223,5b1f43e35ca0421ba59ea357c474eb40,"Gray, Brady",830795,Right,ABI_WIL,f5d5bb89-4bed-4bef-8289-a6fa83886c86,54.5819,-123.41747,9.84745,6.52717,-6.5127,-11.75909,-0.44773,1.33942,-3.90719,NA,NA,NA,NA,NA,NA,NA,NA,NA,NA,NA,NA,NA,NA,NA,NA,NA,NA,NA,NA,NA,NA,NA,NA,NA,NA,NA,NA,NA,NA,NA,NA,NA,NA,NA,NA,NA,NA,NA,NA,NA,NA,NA,NA,NA,NA,NA,NA,NA,NA,High,High,High,NA,NA,NA,NA,NA,NA,NA,NA,NA,NA,NA,NA,NA,NA,NA,NA,NA,NA,NA,NA,NA,NA,NA,NA,NA,NA,NA,NA,NA,NA,NA,NA,NA,NA,NA,NA,NA,NA,NA,NA,NA,NA,NA,NA,NA,NA,NA,NA,NA,NA,NA,NA,NA,NA,NA,NA,NA
NA,NA,NA,NA,NA,NA,NA,NA,NA,NA,NA,NA,NA,NA,NA,NA,329,2026-03-03,21:17:19,1,4,"Whiteaker, Evan",804867,Right,ABI_WIL,"Strosnider, Sawyer",820831,Left,TCU_HFG,Undefined,8,Bottom,0,1,2,Curveball,Curveball,StrikeSwinging,Strikeout,Undefined,Undefined,0,0,NA,74.11257,-0.756642,0.263359,2222.682864,40.018274,07:15:00,6.51468,0.51259,5.22352,-61.82677,-9.70331,-9.47839,0.651,-0.02966,68.8536,-11.857265,-1.425677,0.519623,NA,NA,NA,NA,NA,NA,NA,NA,NA,NA,NA,4.87992,-4.33524,-0.52931,50,6.39757,-0.14881,-107.67457,-3.46706,5.71732,19.05188,-37.25323,TCU_HFG,ABI_WIL,TCU,D1,BIG12,20260303-TCU-2,a773bb10-1778-11f1-89da-3b5d2295cb78,72.53811,NA,NA,5.25897,NA,NA,NA,NA,NA,NA,5cabaece-df46-4300-b3c7-55df33123daa,2026-03-04,03:17:19,2026-03-04T03:17:19Z,2026-03-04T03:17:19Z,NA,v3,5045,471223,5b1f43e35ca0421ba59ea357c474eb40,"Gray, Brady",830795,Right,ABI_WIL,acf41996-d0a7-4f15-a0c9-44ddedad34a6,55.2835,-108.60541,9.52594,6.5225,-1.64695,-18.62662,-0.51522,-0.42815,2.85866,NA,NA,NA,NA,NA,NA,NA,NA,NA,NA,NA,NA,NA,NA,NA,NA,NA,NA,NA,NA,NA,NA,NA,NA,NA,NA,NA,NA,NA,NA,NA,NA,NA,NA,NA,NA,NA,NA,NA,NA,NA,NA,NA,NA,NA,NA,NA,NA,NA,NA,High,High,High,NA,NA,NA,NA,NA,NA,NA,NA,NA,NA,NA,NA,NA,NA,NA,NA,NA,NA,NA,NA,NA,NA,NA,NA,NA,NA,NA,NA,NA,NA,NA,NA,NA,NA,NA,NA,NA,NA,NA,NA,NA,NA,NA,NA,NA,NA,NA,NA,NA,NA,NA,NA,NA,NA,NA,NA,NA
NA,NA,NA,NA,NA,NA,NA,NA,NA,NA,NA,NA,NA,NA,NA,NA,330,2026-03-03,21:17:53,2,1,"Whiteaker, Evan",804867,Right,ABI_WIL,"Brunson, Chase",815313,Right,TCU_HFG,Undefined,8,Bottom,1,0,0,Curveball,Curveball,StrikeCalled,Undefined,Undefined,Undefined,0,0,NA,76.29419,1.418613,-0.395513,2136.086873,58.536859,08:00:00,6.47382,0.83973,5.41033,-56.36444,-7.13784,-14.31674,3.10625,-0.72391,69.76998,-8.836711,-2.946222,0.504977,NA,NA,NA,NA,NA,NA,NA,NA,NA,NA,NA,7.05339,-3.49658,-0.7943,50,6.56083,1.32019,-110.72596,0.84069,8.67652,21.45873,-36.47528,TCU_HFG,ABI_WIL,TCU,D1,BIG12,20260303-TCU-2,bbe5f400-1778-11f1-89da-3b5d2295cb78,74.64193,NA,NA,6.52421,NA,NA,NA,NA,NA,NA,5cabaece-df46-4300-b3c7-55df33123daa,2026-03-04,03:17:53,2026-03-04T03:17:53Z,2026-03-04T03:17:53Z,NA,v3,5045,471223,5b1f43e35ca0421ba59ea357c474eb40,"Gray, Brady",830795,Right,ABI_WIL,06d5cda9-ecd6-43f6-bdf3-e9e2a038aea5,55.0937,-111.70876,10.72937,6.48407,2.51124,-18.23764,-0.84566,0.92281,4.33826,NA,NA,NA,NA,NA,NA,NA,NA,NA,NA,NA,NA,NA,NA,NA,NA,NA,NA,NA,NA,NA,NA,NA,NA,NA,NA,NA,NA,NA,NA,NA,NA,NA,NA,NA,NA,NA,NA,NA,NA,NA,NA,NA,NA,NA,NA,NA,NA,NA,NA,High,High,High,NA,NA,NA,NA,NA,NA,NA,NA,NA,NA,NA,NA,NA,NA,NA,NA,NA,NA,NA,NA,NA,NA,NA,NA,NA,NA,NA,NA,NA,NA,NA,NA,NA,NA,NA,NA,NA,NA,NA,NA,NA,NA,NA,NA,NA,NA,NA,NA,NA,NA,NA,NA,NA,NA,NA,NA,NA
NA,NA,NA,NA,NA,NA,NA,NA,NA,NA,NA,NA,NA,NA,NA,NA,331,2026-03-03,21:18:13,2,2,"Whiteaker, Evan",804867,Right,ABI_WIL,"Brunson, Chase",815313,Right,TCU_HFG,Undefined,8,Bottom,1,0,1,Curveball,Curveball,InPlay,Undefined,FlyBall,Out,1,0,NA,77.88943,0.189999,-0.40146,2261.185432,53.534453,07:45:00,6.42142,0.65705,5.3811,-53.92936,-6.94008,-11.37209,2.10543,-0.66698,71.77763,-9.581099,-2.428765,0.493368,104.26334,30.608366,-4.101852,3247.441726,109.97752,64.12146,-2.19384,350.29071,338.47195,4.310473,5.644342,5.63426,-3.16347,-0.61268,50,6.39987,1.23163,-113.14501,-1.47035,7.27861,21.30772,-36.26078,TCU_HFG,ABI_WIL,TCU,D1,BIG12,20260303-TCU-2,c7e209b0-1778-11f1-89da-3b5d2295cb78,76.39827,99.48626,NA,6.1118,NA,NA,NA,1.55913,2.09151,0.68045,5cabaece-df46-4300-b3c7-55df33123daa,2026-03-04,03:18:13,2026-03-04T03:18:13Z,2026-03-04T03:18:13Z,FlyBall,v3,5045,471223,5b1f43e35ca0421ba59ea357c474eb40,"Gray, Brady",830795,Right,ABI_WIL,c628827a-6ba9-4b36-82d9-d5a694af4a7c,55.12422,-114.10594,10.65386,6.42931,0.16492,-18.13039,-0.66083,0.90338,3.6393,201.794469,1.56445,131.17987,-29.87251,6.79193,-1.2913,0.19447,-0.02284,0.00201,-9e-5,2.09283,77.82756,-17.08014,0.31114000000000003,0.379,-0.1934,0.04765,-0.00573,2.7e-4,0.67774,-9.36515,8.71239,-2.81555,0.67522,-0.12499,0.0171,-0.00156,7e-5,NA,NA,NA,NA,NA,NA,NA,NA,NA,NA,NA,NA,NA,NA,NA,NA,NA,NA,NA,NA,NA,NA,High,High,High,High,Medium,NA,NA,NA,NA,NA,NA,NA,NA,NA,NA,NA,NA,NA,NA,NA,NA,NA,NA,NA,NA,NA,NA,NA,NA,NA,NA,NA,NA,NA,NA,NA,NA,NA,NA,NA,NA,NA,NA,NA,NA,NA,NA,NA,NA,NA,NA,NA,NA,NA,NA,NA,NA,NA,NA,NA
NA,NA,NA,NA,NA,NA,NA,NA,NA,NA,NA,NA,NA,NA,NA,NA,332,2026-03-03,21:18:53,3,1,"Whiteaker, Evan",804867,Right,ABI_WIL,"Traeger, Nolan",807253,Left,TCU_HFG,Undefined,8,Bottom,2,0,0,Curveball,Curveball,StrikeCalled,Undefined,Undefined,Undefined,0,0,NA,71.97451,0.977933,-0.016816,2231.05788,30.697915,07:00:00,6.51229,0.57511,5.30657,-68.08634,-12.68406,-8.58985,1.75656,-0.1565,66.35235,-11.314722,-1.548167,0.535717,NA,NA,NA,NA,NA,NA,NA,NA,NA,NA,NA,4.32221,-6.19508,-0.56703,50,6.55104,0.34113,-104.52488,-0.41034,4.74326,18.94151,-38.97264,TCU_HFG,ABI_WIL,TCU,D1,BIG12,20260303-TCU-2,dfc8cff0-1778-11f1-89da-3b5d2295cb78,70.3589,NA,NA,5.62216,NA,NA,NA,NA,NA,NA,5cabaece-df46-4300-b3c7-55df33123daa,2026-03-04,03:18:53,2026-03-04T03:18:53Z,2026-03-04T03:18:53Z,NA,v3,5045,471223,5b1f43e35ca0421ba59ea357c474eb40,"Gray, Brady",830795,Right,ABI_WIL,e8ce6bce-1371-4692-92f9-b1dc12ec5f3d,55.20013,-105.46302,9.47075,6.52356,1.51989,-19.48632,-0.5781,0.1062,2.37163,NA,NA,NA,NA,NA,NA,NA,NA,NA,NA,NA,NA,NA,NA,NA,NA,NA,NA,NA,NA,NA,NA,NA,NA,NA,NA,NA,NA,NA,NA,NA,NA,NA,NA,NA,NA,NA,NA,NA,NA,NA,NA,NA,NA,NA,NA,NA,NA,NA,NA,High,High,High,NA,NA,NA,NA,NA,NA,NA,NA,NA,NA,NA,NA,NA,NA,NA,NA,NA,NA,NA,NA,NA,NA,NA,NA,NA,NA,NA,NA,NA,NA,NA,NA,NA,NA,NA,NA,NA,NA,NA,NA,NA,NA,NA,NA,NA,NA,NA,NA,NA,NA,NA,NA,NA,NA,NA,NA,NA
NA,NA,NA,NA,NA,NA,NA,NA,NA,NA,NA,NA,NA,NA,NA,NA,333,2026-03-03,21:19:13,3,2,"Whiteaker, Evan",804867,Right,ABI_WIL,"Traeger, Nolan",807253,Left,TCU_HFG,Undefined,8,Bottom,2,0,1,ChangeUp,Changeup,BallCalled,Undefined,Undefined,Undefined,0,0,NA,84.24803,-4.624346,-1.194993,1441.567859,228.245628,01:30:00,6.45175,0.54805,6.35379,-28.1558,10.23871,10.26355,-0.16138,0.30322,78.64367,-9.812408,0.6674,0.44597,NA,NA,NA,NA,NA,NA,NA,NA,NA,NA,NA,-5.74343,6.7939,-0.46638,50,6.10195,2.1952,-122.27345,-10.71685,-8.79927,21.40464,-21.76543,TCU_HFG,ABI_WIL,TCU,D1,BIG12,20260303-TCU-2,ebae9e80-1778-11f1-89da-3b5d2295cb78,84.51779,NA,NA,5.60436,NA,NA,NA,NA,NA,NA,5cabaece-df46-4300-b3c7-55df33123daa,2026-03-04,03:19:13,2026-03-04T03:19:13Z,2026-03-04T03:19:13Z,NA,v3,5045,471223,5b1f43e35ca0421ba59ea357c474eb40,"Gray, Brady",830795,Right,ABI_WIL,5fab7104-07f8-40dd-a114-375bfe0a7d4b,54.15208,-122.99814,10.70232,6.45231,-9.97994,-10.88271,-0.54575,2.49312,-4.39963,NA,NA,NA,NA,NA,NA,NA,NA,NA,NA,NA,NA,NA,NA,NA,NA,NA,NA,NA,NA,NA,NA,NA,NA,NA,NA,NA,NA,NA,NA,NA,NA,NA,NA,NA,NA,NA,NA,NA,NA,NA,NA,NA,NA,NA,NA,NA,NA,NA,NA,High,High,High,NA,NA,NA,NA,NA,NA,NA,NA,NA,NA,NA,NA,NA,NA,NA,NA,NA,NA,NA,NA,NA,NA,NA,NA,NA,NA,NA,NA,NA,NA,NA,NA,NA,NA,NA,NA,NA,NA,NA,NA,NA,NA,NA,NA,NA,NA,NA,NA,NA,NA,NA,NA,NA,NA,NA,NA,NA
NA,NA,NA,NA,NA,NA,NA,NA,NA,NA,NA,NA,NA,NA,NA,NA,334,2026-03-03,21:19:37,3,3,"Whiteaker, Evan",804867,Right,ABI_WIL,"Traeger, Nolan",807253,Left,TCU_HFG,Undefined,8,Bottom,2,1,1,ChangeUp,Changeup,BallCalled,Undefined,Undefined,Undefined,0,0,NA,84.57543,-4.181921,-1.290521,1484.835034,232.921407,01:45:00,6.49753,0.54363,6.07462,-28.52769,10.63949,12.33162,0.24261,0.37688,77.50429,-9.462798,0.934998,0.450435,NA,NA,NA,NA,NA,NA,NA,NA,NA,NA,NA,-6.82933,7.1167,-0.45053,50,6.1579,2.29715,-122.54636,-9.83627,-10.31212,25.81077,-21.42803,TCU_HFG,ABI_WIL,TCU,D1,BIG12,20260303-TCU-2,f9c2e5d0-1778-11f1-89da-3b5d2295cb78,83.68,NA,NA,7.07114,NA,NA,NA,NA,NA,NA,5cabaece-df46-4300-b3c7-55df33123daa,2026-03-04,03:19:37,2026-03-04T03:19:37Z,2026-03-04T03:19:37Z,NA,v3,5045,471223,5b1f43e35ca0421ba59ea357c474eb40,"Gray, Brady",830795,Right,ABI_WIL,59deb848-444f-45ee-98a9-bd9e9ff8d2a4,54.42888,-123.47565,12.90538,6.49815,-9.06477,-10.71402,-0.53992,2.66843,-5.15606,NA,NA,NA,NA,NA,NA,NA,NA,NA,NA,NA,NA,NA,NA,NA,NA,NA,NA,NA,NA,NA,NA,NA,NA,NA,NA,NA,NA,NA,NA,NA,NA,NA,NA,NA,NA,NA,NA,NA,NA,NA,NA,NA,NA,NA,NA,NA,NA,NA,NA,High,High,High,NA,NA,NA,NA,NA,NA,NA,NA,NA,NA,NA,NA,NA,NA,NA,NA,NA,NA,NA,NA,NA,NA,NA,NA,NA,NA,NA,NA,NA,NA,NA,NA,NA,NA,NA,NA,NA,NA,NA,NA,NA,NA,NA,NA,NA,NA,NA,NA,NA,NA,NA,NA,NA,NA,NA,NA,NA
NA,NA,NA,NA,NA,NA,NA,NA,NA,NA,NA,NA,NA,NA,NA,NA,335,2026-03-03,21:19:58,3,4,"Whiteaker, Evan",804867,Right,ABI_WIL,"Traeger, Nolan",807253,Left,TCU_HFG,Undefined,8,Bottom,2,2,1,Curveball,Curveball,InPlay,Undefined,Popup,Out,1,0,NA,72.98149,0.734383,-0.29611,2243.431183,51.117126,07:45:00,6.54501,0.51972,4.93902,-64.55665,-9.52863,-14.17304,1.85946,-0.94125,66.75979,-10.876436,-2.804206,0.533904,80.11329,69.912369,31.250967,NA,NA,NA,NA,NA,80.11428,NA,NA,6.985,-4.53941,-0.47833,50,6.56224,1.08434,-105.83168,-0.82946,7.80242,20.60647,-37.24466,TCU_HFG,ABI_WIL,TCU,D1,BIG12,20260303-TCU-2,06a45270-1779-11f1-89da-3b5d2295cb78,70.59775,102.4631,NA,6.22171,NA,NA,NA,3.54573,2.42595,0.82775,5cabaece-df46-4300-b3c7-55df33123daa,2026-03-04,03:19:58,2026-03-04T03:19:58Z,2026-03-04T03:19:58Z,NA,v3,5045,471223,5b1f43e35ca0421ba59ea357c474eb40,"Gray, Brady",830795,Right,ABI_WIL,ca23c43a-44f3-4e73-ba91-ab0343535982,55.56649,-106.91003,10.30324,6.55465,1.11959,-18.62233,-0.52439,0.67603,3.90121,NA,3.54573,34.50043,-15.33657,5.25629,-1.39366,0.34378,-0.07909,0.01459,-0.00151,2.42595,110.35164,-27.79436,2.90998,-0.32301,-0.00997,0.01584,-0.00469,5.9e-4,0.82775,20.93617,-9.15301,3.12604,-0.82698,0.20365,-0.04678,0.00862,-8.9e-4,NA,NA,NA,NA,NA,NA,NA,NA,NA,NA,NA,NA,NA,NA,NA,NA,NA,NA,NA,NA,NA,NA,High,High,High,Medium,Undefined,NA,NA,NA,NA,NA,NA,NA,NA,NA,NA,NA,NA,NA,NA,NA,NA,NA,NA,NA,NA,NA,NA,NA,NA,NA,NA,NA,NA,NA,NA,NA,NA,NA,NA,NA,NA,NA,NA,NA,NA,NA,NA,NA,NA,NA,NA,NA,NA,NA,NA,NA,NA,NA,NA,NA
NA,NA,NA,NA,NA,NA,NA,NA,NA,NA,NA,NA,NA,NA,NA,NA,336,2026-03-03,21:22:22,1,1,"Thomas, Ethan",1000458110,Right,TCU_HFG,"Jones, Ryan",831552,Right,ABI_WIL,Undefined,9,Top,0,0,0,Slider,Slider,StrikeCalled,Undefined,Undefined,Undefined,0,0,NA,79.65973,-0.746185,-0.440975,2221.858471,81.667116,08:45:00,5.9637,1.7879,6.0862,-44.73621,-0.23075,-12.71528,1.5453,0.32032,72.13411,-9.025765,-2.736655,0.480151,NA,NA,NA,NA,NA,NA,NA,NA,NA,NA,NA,6.40516,0.61504,-1.74728,50,5.88284,1.36306,-115.58961,-2.89107,8.47909,25.8742,-31.35987,TCU_HFG,ABI_WIL,TCU,D1,BIG12,20260303-TCU-2,5c807480-1779-11f1-89da-3b5d2295cb78,78.50118,NA,NA,7.52563,NA,NA,NA,NA,NA,NA,5cabaece-df46-4300-b3c7-55df33123daa,2026-03-04,03:22:22,2026-03-04T03:22:22Z,2026-03-04T03:22:22Z,NA,v3,5045,471223,5b1f43e35ca0421ba59ea357c474eb40,"Dallimore, Brady",834396,Right,TCU_HFG,2abe43a8-291f-43a8-bae4-ff70ec262569,54.41492,-116.57368,12.9371,5.97011,-1.69837,-15.67993,-1.79299,1.04058,4.23954,NA,NA,NA,NA,NA,NA,NA,NA,NA,NA,NA,NA,NA,NA,NA,NA,NA,NA,NA,NA,NA,NA,NA,NA,NA,NA,NA,NA,NA,NA,NA,NA,NA,NA,NA,NA,NA,NA,NA,NA,NA,NA,NA,NA,NA,NA,NA,NA,NA,NA,High,High,High,NA,NA,NA,NA,NA,NA,NA,NA,NA,NA,NA,NA,NA,NA,NA,NA,NA,NA,NA,NA,NA,NA,NA,NA,NA,NA,NA,NA,NA,NA,NA,NA,NA,NA,NA,NA,NA,NA,NA,NA,NA,NA,NA,NA,NA,NA,NA,NA,NA,NA,NA,NA,NA,NA,NA,NA,NA
NA,NA,NA,NA,NA,NA,NA,NA,NA,NA,NA,NA,NA,NA,NA,NA,337,2026-03-03,21:22:38,1,2,"Thomas, Ethan",1000458110,Right,TCU_HFG,"Jones, Ryan",831552,Right,ABI_WIL,Undefined,9,Top,0,0,1,Slider,Slider,BallCalled,Undefined,Undefined,Undefined,0,0,NA,80.58215,-2.249142,-2.388026,2350.117959,98.288804,09:15:00,6.0119,1.65873,6.53023,-39.19392,3.32555,-12.97851,0.67953,-1.61485,73.78447,-9.519916,-4.746306,0.469316,NA,NA,NA,NA,NA,NA,NA,NA,NA,NA,NA,6.08288,2.87559,-1.48755,50,5.83888,5.32408,-116.93853,-5.70726,8.31225,24.75627,-28.24454,TCU_HFG,ABI_WIL,TCU,D1,BIG12,20260303-TCU-2,65d510e0-1779-11f1-89da-3b5d2295cb78,80.31357,NA,NA,6.79768,NA,NA,NA,NA,NA,NA,5cabaece-df46-4300-b3c7-55df33123daa,2026-03-04,03:22:38,2026-03-04T03:22:38Z,2026-03-04T03:22:38Z,NA,v3,5045,471223,5b1f43e35ca0421ba59ea357c474eb40,"Dallimore, Brady",834396,Right,TCU_HFG,d5d4df58-2cff-494b-95c5-995e3bc2dc56,53.97221,-117.77646,12.37814,6.01588,-4.75126,-14.12227,-1.66299,5.04274,4.15613,NA,NA,NA,NA,NA,NA,NA,NA,NA,NA,NA,NA,NA,NA,NA,NA,NA,NA,NA,NA,NA,NA,NA,NA,NA,NA,NA,NA,NA,NA,NA,NA,NA,NA,NA,NA,NA,NA,NA,NA,NA,NA,NA,NA,NA,NA,NA,NA,NA,NA,High,High,High,NA,NA,NA,NA,NA,NA,NA,NA,NA,NA,NA,NA,NA,NA,NA,NA,NA,NA,NA,NA,NA,NA,NA,NA,NA,NA,NA,NA,NA,NA,NA,NA,NA,NA,NA,NA,NA,NA,NA,NA,NA,NA,NA,NA,NA,NA,NA,NA,NA,NA,NA,NA,NA,NA,NA,NA,NA
NA,NA,NA,NA,NA,NA,NA,NA,NA,NA,NA,NA,NA,NA,NA,NA,338,2026-03-03,21:22:56,1,3,"Thomas, Ethan",1000458110,Right,TCU_HFG,"Jones, Ryan",831552,Right,ABI_WIL,Undefined,9,Top,0,1,1,Slider,Slider,StrikeCalled,Undefined,Undefined,Undefined,0,0,NA,80.11862,-0.4981,-0.340363,2400.932078,92.638362,09:00:00,5.92768,1.62619,6.21881,-41.45542,2.19921,-13.65568,2.01338,0.17411,72.60695,-8.209299,-2.81065,0.47554,NA,NA,NA,NA,NA,NA,NA,NA,NA,NA,NA,6.94894,1.78193,-1.59423,50,5.87016,1.19529,-116.30818,-2.26241,9.34057,25.6226,-29.77883,TCU_HFG,ABI_WIL,TCU,D1,BIG12,20260303-TCU-2,707fc760-1779-11f1-89da-3b5d2295cb78,79.26247,NA,NA,7.51166,NA,NA,NA,NA,NA,NA,5cabaece-df46-4300-b3c7-55df33123daa,2026-03-04,03:22:56,2026-03-04T03:22:56Z,2026-03-04T03:22:56Z,NA,v3,5045,471223,5b1f43e35ca0421ba59ea357c474eb40,"Dallimore, Brady",834396,Right,TCU_HFG,a9ab39a0-ff60-4b9a-8ce7-92419aeb496b,54.28206,-117.24772,12.8113,5.9331,-1.17047,-14.88942,-1.63177,0.85278,4.67029,NA,NA,NA,NA,NA,NA,NA,NA,NA,NA,NA,NA,NA,NA,NA,NA,NA,NA,NA,NA,NA,NA,NA,NA,NA,NA,NA,NA,NA,NA,NA,NA,NA,NA,NA,NA,NA,NA,NA,NA,NA,NA,NA,NA,NA,NA,NA,NA,NA,NA,High,High,High,NA,NA,NA,NA,NA,NA,NA,NA,NA,NA,NA,NA,NA,NA,NA,NA,NA,NA,NA,NA,NA,NA,NA,NA,NA,NA,NA,NA,NA,NA,NA,NA,NA,NA,NA,NA,NA,NA,NA,NA,NA,NA,NA,NA,NA,NA,NA,NA,NA,NA,NA,NA,NA,NA,NA,NA,NA
NA,NA,NA,NA,NA,NA,NA,NA,NA,NA,NA,NA,NA,NA,NA,NA,339,2026-03-03,21:23:13,1,4,"Thomas, Ethan",1000458110,Right,TCU_HFG,"Jones, Ryan",831552,Right,ABI_WIL,Undefined,9,Top,0,1,2,Fastball,Four-Seam,StrikeSwinging,Strikeout,Undefined,Undefined,0,0,NA,94.58819,-2.58783,-2.044922,2435.835892,222.825622,01:30:00,5.99508,1.39122,6.75097,-13.18973,17.66651,15.28556,2.52872,0.79609,84.81932,-5.188985,0.742338,0.3998,NA,NA,NA,NA,NA,NA,NA,NA,NA,NA,NA,-8.66776,10.50461,-1.26145,50,5.81936,4.25317,-137.14252,-6.48423,-16.1621,36.25241,-12.58686,TCU_HFG,ABI_WIL,TCU,D1,BIG12,20260303-TCU-2,7aae4900-1779-11f1-89da-3b5d2295cb78,94.27819,NA,NA,9.76886,NA,NA,NA,NA,NA,NA,5cabaece-df46-4300-b3c7-55df33123daa,2026-03-04,03:23:13,2026-03-04T03:23:13Z,2026-03-04T03:23:13Z,NA,v3,5045,471223,5b1f43e35ca0421ba59ea357c474eb40,"Dallimore, Brady",834396,Right,TCU_HFG,bebbf323-a9b0-4d08-b575-64084f050e54,53.74727,-138.12953,18.1262,5.99124,-6.14154,-6.29343,-1.38323,4.6932,-8.08105,NA,NA,NA,NA,NA,NA,NA,NA,NA,NA,NA,NA,NA,NA,NA,NA,NA,NA,NA,NA,NA,NA,NA,NA,NA,NA,NA,NA,72.60101,NA,NA,0.885596,NA,NA,NA,5.03969,5.68164,2.67603,66.15756,8.28268,58.64527,5.1844,79.34594,-11.78788,5.71689,14.68107,-13.28874,2.69955,66.90298,-4.20059,High,High,High,NA,NA,High,Medium,High,NA,NA,NA,NA,NA,NA,NA,NA,NA,NA,NA,NA,NA,NA,NA,NA,NA,NA,NA,NA,NA,NA,NA,NA,NA,NA,NA,NA,NA,NA,NA,NA,NA,NA,NA,NA,NA,NA,NA,NA,NA,NA,NA,NA,NA,NA,NA,NA,NA,NA,NA,NA
NA,NA,NA,NA,NA,NA,NA,NA,NA,NA,NA,NA,NA,NA,NA,NA,340,2026-03-03,21:23:48,2,1,"Thomas, Ethan",1000458110,Right,TCU_HFG,"Gray, Brady",830795,Left,ABI_WIL,Undefined,9,Top,1,0,0,Slider,Slider,BallCalled,Undefined,Undefined,Undefined,0,0,NA,80.10183,0.750176,0.342081,2244.117853,96.485971,09:15:00,5.9457700000000004,1.68298,6.40969,-40.30022,2.77484,-11.49914,3.27726,1.03927,72.78737,-6.788348,-1.743777,0.472372,NA,NA,NA,NA,NA,NA,NA,NA,NA,NA,NA,6.03768,1.72394,-1.70297,50,5.98188,-0.27008,-116.36137,0.33829,8.18437,24.14077,-29.83718,TCU_HFG,ABI_WIL,TCU,D1,BIG12,20260303-TCU-2,8fc5c2a0-1779-11f1-89da-3b5d2295cb78,79.79391,NA,NA,7.31446,NA,NA,NA,NA,NA,NA,5cabaece-df46-4300-b3c7-55df33123daa,2026-03-04,03:23:48,2026-03-04T03:23:48Z,2026-03-04T03:23:48Z,NA,v3,5045,471223,5b1f43e35ca0421ba59ea357c474eb40,"Dallimore, Brady",834396,Right,TCU_HFG,50e32b18-ab5d-498e-b671-acf14c08ac9f,54.09026,-117.20687,12.07039,5.95173,1.38331,-14.91859,-1.68849,-0.55673,4.09219,NA,NA,NA,NA,NA,NA,NA,NA,NA,NA,NA,NA,NA,NA,NA,NA,NA,NA,NA,NA,NA,NA,NA,NA,NA,NA,NA,NA,NA,NA,NA,NA,NA,NA,NA,NA,NA,NA,NA,NA,NA,NA,NA,NA,NA,NA,NA,NA,NA,NA,High,High,High,NA,NA,NA,NA,NA,NA,NA,NA,NA,NA,NA,NA,NA,NA,NA,NA,NA,NA,NA,NA,NA,NA,NA,NA,NA,NA,NA,NA,NA,NA,NA,NA,NA,NA,NA,NA,NA,NA,NA,NA,NA,NA,NA,NA,NA,NA,NA,NA,NA,NA,NA,NA,NA,NA,NA,NA,NA
NA,NA,NA,NA,NA,NA,NA,NA,NA,NA,NA,NA,NA,NA,NA,NA,341,2026-03-03,21:24:05,2,2,"Thomas, Ethan",1000458110,Right,TCU_HFG,"Gray, Brady",830795,Left,ABI_WIL,Undefined,9,Top,1,1,0,Fastball,Four-Seam,FoulBallNotFieldable,Undefined,Undefined,Undefined,0,0,NA,93.66565,-2.639129,-2.005147,2391.618876,222.175721,01:30:00,6.18961,1.44522,7.0529,-15.1045,15.69379,13.2443,2.53067,0.72694,84.87351,-5.584014,0.424309,0.399425,50.87607,22.863737,-165.515876,4781.768211,NA,NA,NA,99.28682,46.0252,-167.331353,1.575498,-7.56178,9.47623,-1.32653,50,6.02441,4.22507,-135.96893,-6.6032400000000004,-14.00844,32.71514,-14.61905,TCU_HFG,ABI_WIL,TCU,D1,BIG12,20260303-TCU-2,99d46030-1779-11f1-89da-3b5d2295cb78,94.36685,12.22483,NA,8.79214,NA,NA,NA,NA,NA,NA,5cabaece-df46-4300-b3c7-55df33123daa,2026-03-04,03:24:05,2026-03-04T03:24:05Z,2026-03-04T03:24:05Z,GroundBall,v3,5045,471223,5b1f43e35ca0421ba59ea357c474eb40,"Dallimore, Brady",834396,Right,TCU_HFG,d4f519d2-8d66-4f44-8bef-8953643ad541,53.44526,-136.79537,16.35757,6.18655,-6.23393,-7.30953,-1.43773,4.57895,-7.00422,16.224477,-3.17024,-66.5669,3.78424,0.90386,-0.85886,0.88898,-0.53306,0.15299,-0.0164,2.19648,28.99088,-22.58924,2.4952,-0.07177,-0.47145,0.44009,-0.17915,0.02756,-1.04162,-17.19467,2.08351,0.52476,-0.44198,0.48147,-0.29515,0.08433,-0.00884,NA,NA,NA,NA,NA,NA,NA,NA,NA,NA,NA,NA,NA,NA,NA,NA,NA,NA,NA,NA,NA,NA,High,High,High,High,Medium,NA,NA,NA,NA,NA,NA,NA,NA,NA,NA,NA,NA,NA,NA,NA,NA,NA,NA,NA,NA,NA,NA,NA,NA,NA,NA,NA,NA,NA,NA,NA,NA,NA,NA,NA,NA,NA,NA,NA,NA,NA,NA,NA,NA,NA,NA,NA,NA,NA,NA,NA,NA,NA,NA,NA
NA,NA,NA,NA,NA,NA,NA,NA,NA,NA,NA,NA,NA,NA,NA,NA,342,2026-03-03,21:24:40,2,3,"Thomas, Ethan",1000458110,Right,TCU_HFG,"Gray, Brady",830795,Left,ABI_WIL,Undefined,9,Top,1,1,1,Slider,Slider,BallCalled,Undefined,Undefined,Undefined,0,0,NA,80.01831,1.318194,-0.433232,2244.095829,105.175522,09:30:00,5.99352,1.74363,6.25988,-40.27825,3.83666,-7.82449,3.85278,0.69209,71.52477,-6.24794,-1.847675,0.47804,NA,NA,NA,NA,NA,NA,NA,NA,NA,NA,NA,3.83217,2.10492,-1.70823,50,6.07271,1.18036,-115.97436,1.46032,5.08005,27.0796,-29.38372,TCU_HFG,ABI_WIL,TCU,D1,BIG12,20260303-TCU-2,aeade670-1779-11f1-89da-3b5d2295cb78,78.84788,NA,NA,8.49354,NA,NA,NA,NA,NA,NA,5cabaece-df46-4300-b3c7-55df33123daa,2026-03-04,03:24:40,2026-03-04T03:24:40Z,2026-03-04T03:24:40Z,NA,v3,5045,471223,5b1f43e35ca0421ba59ea357c474eb40,"Dallimore, Brady",834396,Right,TCU_HFG,d7f68880-84ca-43b1-847a-a010f2d19a55,54.236,-116.95927,13.5398,6.00016,2.52903,-14.69186,-1.7478,0.99559,2.54002,NA,NA,NA,NA,NA,NA,NA,NA,NA,NA,NA,NA,NA,NA,NA,NA,NA,NA,NA,NA,NA,NA,NA,NA,NA,NA,NA,NA,NA,NA,NA,NA,NA,NA,NA,NA,NA,NA,NA,NA,NA,NA,NA,NA,NA,NA,NA,NA,NA,NA,High,High,High,NA,NA,NA,NA,NA,NA,NA,NA,NA,NA,NA,NA,NA,NA,NA,NA,NA,NA,NA,NA,NA,NA,NA,NA,NA,NA,NA,NA,NA,NA,NA,NA,NA,NA,NA,NA,NA,NA,NA,NA,NA,NA,NA,NA,NA,NA,NA,NA,NA,NA,NA,NA,NA,NA,NA,NA,NA
NA,NA,NA,NA,NA,NA,NA,NA,NA,NA,NA,NA,NA,NA,NA,NA,343,2026-03-03,21:25:04,2,4,"Thomas, Ethan",1000458110,Right,TCU_HFG,"Gray, Brady",830795,Left,ABI_WIL,Undefined,9,Top,1,2,1,Fastball,Four-Seam,StrikeCalled,Undefined,Undefined,Undefined,0,0,NA,92.83869,-2.685779,-2.581178,2213.53365,213.322122,01:00:00,6.1173400000000004,1.30186,7.04911,-14.37894,17.22143,10.54867,2.47522,-0.16527,83.51979,-5.516672,-0.647997,0.404592,NA,NA,NA,NA,NA,NA,NA,NA,NA,NA,NA,-6.43611,10.40481,-1.14816,50,5.9494,5.65759,-134.64475,-6.61789,-11.59883,34.22894,-13.42302,TCU_HFG,ABI_WIL,TCU,D1,BIG12,20260303-TCU-2,bccb0760-1779-11f1-89da-3b5d2295cb78,93.16156,NA,NA,9.31889,NA,NA,NA,NA,NA,NA,5cabaece-df46-4300-b3c7-55df33123daa,2026-03-04,03:25:04,2026-03-04T03:25:04Z,2026-03-04T03:25:04Z,NA,v3,5045,471223,5b1f43e35ca0421ba59ea357c474eb40,"Dallimore, Brady",834396,Right,TCU_HFG,80f7bf34-eea1-476f-ab60-ef0f5a313747,53.44953,-135.51885,17.11447,6.11402,-6.27512,-6.71151,-1.29641,5.95378,-5.79942,NA,NA,NA,NA,NA,NA,NA,NA,NA,NA,NA,NA,NA,NA,NA,NA,NA,NA,NA,NA,NA,NA,NA,NA,NA,NA,NA,NA,NA,NA,NA,NA,NA,NA,NA,NA,NA,NA,NA,NA,NA,NA,NA,NA,NA,NA,NA,NA,NA,NA,High,High,High,NA,NA,NA,NA,NA,NA,NA,NA,NA,NA,NA,NA,NA,NA,NA,NA,NA,NA,NA,NA,NA,NA,NA,NA,NA,NA,NA,NA,NA,NA,NA,NA,NA,NA,NA,NA,NA,NA,NA,NA,NA,NA,NA,NA,NA,NA,NA,NA,NA,NA,NA,NA,NA,NA,NA,NA,NA
NA,NA,NA,NA,NA,NA,NA,NA,NA,NA,NA,NA,NA,NA,NA,NA,344,2026-03-03,21:25:23,2,5,"Thomas, Ethan",1000458110,Right,TCU_HFG,"Gray, Brady",830795,Left,ABI_WIL,Undefined,9,Top,1,2,2,Slider,Slider,BallCalled,Undefined,Undefined,Undefined,0,0,NA,82.19543,-1.173771,-2.5799,2244.968179,85.584256,08:45:00,5.92997,1.63442,6.3739,-40.8492,0.48992,-12.6593,1.4446,-1.79596,74.66274,-8.754109,-4.871707,0.462756,NA,NA,NA,NA,NA,NA,NA,NA,NA,NA,NA,5.69532,1.13705,-1.44284,50,5.827,5.84553,-119.20719,-3.69231,8.03955,26.97612,-30.56896,TCU_HFG,ABI_WIL,TCU,D1,BIG12,20260303-TCU-2,c8654e00-1779-11f1-89da-3b5d2295cb78,81.45208,NA,NA,7.53268,NA,NA,NA,NA,NA,NA,5cabaece-df46-4300-b3c7-55df33123daa,2026-03-04,03:25:23,2026-03-04T03:25:23Z,2026-03-04T03:25:23Z,NA,v3,5045,471223,5b1f43e35ca0421ba59ea357c474eb40,"Dallimore, Brady",834396,Right,TCU_HFG,248c6167-9593-4186-8ddc-b5d425b9e715,54.12635,-120.13734,13.48806,5.93615,-2.63828,-15.28448,-1.63962,5.56832,4.01978,NA,NA,NA,NA,NA,NA,NA,NA,NA,NA,NA,NA,NA,NA,NA,NA,NA,NA,NA,NA,NA,NA,NA,NA,NA,NA,NA,NA,NA,NA,NA,NA,NA,NA,NA,NA,NA,NA,NA,NA,NA,NA,NA,NA,NA,NA,NA,NA,NA,NA,High,High,High,NA,NA,NA,NA,NA,NA,NA,NA,NA,NA,NA,NA,NA,NA,NA,NA,NA,NA,NA,NA,NA,NA,NA,NA,NA,NA,NA,NA,NA,NA,NA,NA,NA,NA,NA,NA,NA,NA,NA,NA,NA,NA,NA,NA,NA,NA,NA,NA,NA,NA,NA,NA,NA,NA,NA,NA,NA
NA,NA,NA,NA,NA,NA,NA,NA,NA,NA,NA,NA,NA,NA,NA,NA,345,2026-03-03,21:25:45,2,6,"Thomas, Ethan",1000458110,Right,TCU_HFG,"Gray, Brady",830795,Left,ABI_WIL,Undefined,9,Top,1,3,2,Fastball,Four-Seam,InPlay,Undefined,GroundBall,Single,0,0,NA,94.45409,-2.549698,-2.505741,2308.549518,212.03366,01:00:00,6.01998,1.40611,6.80935,-14.15548,16.46737,9.62701,2.50992,-0.07966,85.44397,-5.311248,-0.749463,0.398285,98.03664,1.265088,0.891908,1201.619956,NA,NA,NA,59.11167,53.32788,-0.563363,0.438237,-5.88036,9.84103,-1.2472,50,5.84934,5.61444,-137.05184,-6.44271,-11.04613,33.79015,-13.68792,TCU_HFG,ABI_WIL,TCU,D1,BIG12,20260303-TCU-2,d56b3290-1779-11f1-89da-3b5d2295cb78,94.6368,2.5293,NA,9.01012,NA,NA,NA,0.11552,2.4082,0.08857,5cabaece-df46-4300-b3c7-55df33123daa,2026-03-04,03:25:45,2026-03-04T03:25:45Z,2026-03-04T03:25:45Z,GroundBall,v3,5045,471223,5b1f43e35ca0421ba59ea357c474eb40,"Dallimore, Brady",834396,Right,TCU_HFG,7a72e0d9-55d4-4b59-8508-fd1c23da9bf5,53.69151,-137.95898,16.89508,6.01738,-6.07524,-6.84396,-1.40191,5.91098,-5.52306,64.647559,0.12784,143.35799,-20.07515,NA,NA,NA,NA,NA,NA,2.41816,2.86928,-19.18857,NA,NA,NA,NA,NA,NA,0.09788,1.95147,-8.03456,NA,NA,NA,NA,NA,NA,NA,NA,NA,NA,NA,NA,NA,NA,NA,NA,NA,NA,NA,NA,NA,NA,NA,NA,NA,NA,NA,NA,High,High,High,High,High,NA,NA,NA,NA,NA,NA,NA,NA,NA,NA,NA,NA,NA,NA,NA,NA,NA,NA,NA,NA,NA,NA,NA,NA,NA,NA,NA,NA,NA,NA,NA,NA,NA,NA,NA,NA,NA,NA,NA,NA,NA,NA,NA,NA,NA,NA,NA,NA,NA,NA,NA,NA,NA,NA,NA
NA,NA,NA,NA,NA,NA,NA,NA,NA,NA,NA,NA,NA,NA,NA,NA,346,2026-03-03,21:26:46,3,1,"Thomas, Ethan",1000458110,Right,TCU_HFG,"Borho, Reese",822840,Left,ABI_WIL,Undefined,9,Top,1,0,0,Fastball,Four-Seam,StrikeCalled,Undefined,Undefined,Undefined,0,0,NA,93.69293,-2.863289,-2.799502,2372.540211,205.882745,12:45:00,6.11432,1.48717,6.96018,-11.1641,19.72009,9.04871,2.5734,-0.30805,84.93704,-5.084461,-1.145078,0.399981,NA,NA,NA,NA,NA,NA,NA,NA,NA,NA,NA,-5.62689,11.65327,-1.31582,50,5.93176,6.28908,-135.92465,-6.99929,-10.43268,32.28514,-10.56799,TCU_HFG,ABI_WIL,TCU,D1,BIG12,20260303-TCU-2,f9a88a90-1779-11f1-89da-3b5d2295cb78,94.23555,NA,NA,8.75589,NA,NA,NA,NA,NA,NA,5cabaece-df46-4300-b3c7-55df33123daa,2026-03-04,03:26:46,2026-03-04T03:26:46Z,2026-03-04T03:26:46Z,NA,v3,5045,471223,5b1f43e35ca0421ba59ea357c474eb40,"Dallimore, Brady",834396,Right,TCU_HFG,883bf454-8916-492b-ad12-1824fbee7863,53.53968,-136.76282,16.14257,6.10991,-6.72493,-5.284,-1.48261,6.55993,-5.21634,NA,NA,NA,NA,NA,NA,NA,NA,NA,NA,NA,NA,NA,NA,NA,NA,NA,NA,NA,NA,NA,NA,NA,NA,NA,NA,NA,NA,NA,NA,NA,NA,NA,NA,NA,NA,NA,NA,NA,NA,NA,NA,NA,NA,NA,NA,NA,NA,NA,NA,High,High,High,NA,NA,NA,NA,NA,NA,NA,NA,NA,NA,NA,NA,NA,NA,NA,NA,NA,NA,NA,NA,NA,NA,NA,NA,NA,NA,NA,NA,NA,NA,NA,NA,NA,NA,NA,NA,NA,NA,NA,NA,NA,NA,NA,NA,NA,NA,NA,NA,NA,NA,NA,NA,NA,NA,NA,NA,NA
NA,NA,NA,NA,NA,NA,NA,NA,NA,NA,NA,NA,NA,NA,NA,NA,347,2026-03-03,21:27:02,3,2,"Thomas, Ethan",1000458110,Right,TCU_HFG,"Borho, Reese",822840,Left,ABI_WIL,Undefined,9,Top,1,0,1,Slider,Slider,BallCalled,Undefined,Undefined,Undefined,0,0,NA,82.00237,-0.117261,-2.751923,2244.381826,131.257404,10:30:00,5.84011,1.76957,6.36574,-36.7825,4.56906,-3.57047,2.66686,-1.06243,74.41831,-6.992569,-3.397619,0.462826,NA,NA,NA,NA,NA,NA,NA,NA,NA,NA,NA,0.97421,2.87669,-1.56886,50,5.81496,5.85125,-118.95444,-1.3383100000000001,1.37691,25.718139999999998,-28.1083,TCU_HFG,ABI_WIL,TCU,D1,BIG12,20260303-TCU-2,03468c00-177a-11f1-89da-3b5d2295cb78,81.43984,NA,NA,7.58406,NA,NA,NA,NA,NA,NA,5cabaece-df46-4300-b3c7-55df33123daa,2026-03-04,03:27:02,2026-03-04T03:27:02Z,2026-03-04T03:27:02Z,NA,v3,5045,471223,5b1f43e35ca0421ba59ea357c474eb40,"Dallimore, Brady",834396,Right,TCU_HFG,75547898-d2b4-475d-81ab-bac1e16a56be,54.13392,-119.84487,12.859069999999999,5.84445,-0.36512,-14.05415,-1.77062,5.80358,0.68845,NA,NA,NA,NA,NA,NA,NA,NA,NA,NA,NA,NA,NA,NA,NA,NA,NA,NA,NA,NA,NA,NA,NA,NA,NA,NA,NA,NA,NA,NA,NA,NA,NA,NA,NA,NA,NA,NA,NA,NA,NA,NA,NA,NA,NA,NA,NA,NA,NA,NA,High,High,High,NA,NA,NA,NA,NA,NA,NA,NA,NA,NA,NA,NA,NA,NA,NA,NA,NA,NA,NA,NA,NA,NA,NA,NA,NA,NA,NA,NA,NA,NA,NA,NA,NA,NA,NA,NA,NA,NA,NA,NA,NA,NA,NA,NA,NA,NA,NA,NA,NA,NA,NA,NA,NA,NA,NA,NA,NA
NA,NA,NA,NA,NA,NA,NA,NA,NA,NA,NA,NA,NA,NA,NA,NA,348,2026-03-03,21:27:20,3,3,"Thomas, Ethan",1000458110,Right,TCU_HFG,"Borho, Reese",822840,Left,ABI_WIL,Undefined,9,Top,1,1,1,Slider,Slider,StrikeCalled,Undefined,Undefined,Undefined,0,0,NA,80.18821,0.646588,-0.774463,2299.464347,100.038338,09:15:00,5.88288,1.89305,6.39583,-40.66451,2.45303,-5.37902,3.08895,0.73244,72.71883,-6.959127,-1.749776,0.472605,NA,NA,NA,NA,NA,NA,NA,NA,NA,NA,NA,2.5324,1.57803,-1.83527,50,5.91139,1.7723,-116.44467,0.11522,3.4288,24.69788,-30.03744,TCU_HFG,ABI_WIL,TCU,D1,BIG12,20260303-TCU-2,0e040730-177a-11f1-89da-3b5d2295cb78,79.75461,NA,NA,7.46938,NA,NA,NA,NA,NA,NA,5cabaece-df46-4300-b3c7-55df33123daa,2026-03-04,03:27:20,2026-03-04T03:27:20Z,2026-03-04T03:27:20Z,NA,v3,5045,471223,5b1f43e35ca0421ba59ea357c474eb40,"Dallimore, Brady",834396,Right,TCU_HFG,ee975b02-d987-4383-9390-a53f0fd822d6,54.1037,-117.31183,12.34894,5.88883,1.16986,-15.01872,-1.89538,1.65191,1.7144,NA,NA,NA,NA,NA,NA,NA,NA,NA,NA,NA,NA,NA,NA,NA,NA,NA,NA,NA,NA,NA,NA,NA,NA,NA,NA,NA,NA,NA,NA,NA,NA,NA,NA,NA,NA,NA,NA,NA,NA,NA,NA,NA,NA,NA,NA,NA,NA,NA,NA,High,High,High,NA,NA,NA,NA,NA,NA,NA,NA,NA,NA,NA,NA,NA,NA,NA,NA,NA,NA,NA,NA,NA,NA,NA,NA,NA,NA,NA,NA,NA,NA,NA,NA,NA,NA,NA,NA,NA,NA,NA,NA,NA,NA,NA,NA,NA,NA,NA,NA,NA,NA,NA,NA,NA,NA,NA,NA,NA
NA,NA,NA,NA,NA,NA,NA,NA,NA,NA,NA,NA,NA,NA,NA,NA,349,2026-03-03,21:27:39,3,4,"Thomas, Ethan",1000458110,Right,TCU_HFG,"Borho, Reese",822840,Left,ABI_WIL,Undefined,9,Top,1,1,2,Slider,Slider,InPlay,Undefined,GroundBall,Out,1,0,NA,81.54233,-0.917285,-1.304682,2370.647547,60.937682,08:00:00,5.80675,1.80926,6.32423,-44.62274,-2.75008,-7.56839,1.24309,-0.02325,74.26981,-9.180012,-2.67721,0.465733,67.87401,9.33432,11.485886,4539.680584,NA,NA,NA,96.77265,96.45836,10.744924,1.096196,3.53311,-0.73791,-1.71044,50,5.7188,2.97062,-118.41898,-3.26266,4.93535,26.04462,-33.20486,TCU_HFG,ABI_WIL,TCU,D1,BIG12,20260303-TCU-2,19397180-177a-11f1-89da-3b5d2295cb78,80.93148,5.17653,NA,7.27252,NA,NA,NA,1.13784,1.17128,0.03347,5cabaece-df46-4300-b3c7-55df33123daa,2026-03-04,03:27:39,2026-03-04T03:27:39Z,2026-03-04T03:27:39Z,GroundBall,v3,5045,471223,5b1f43e35ca0421ba59ea357c474eb40,"Dallimore, Brady",834396,Right,TCU_HFG,8265afb8-bb33-432b-9dbf-83f175bc4d9d,54.17846,-119.33444,13.02231,5.81297,-2.09552,-16.60243,-1.8118,2.79714,2.46767,136.991395,1.13784,96.26305,-10.98373,1.50272,-0.29947,0.04969,-0.00851,0.00156,-1.7e-4,1.17128,16.14624,-16.80197,1.16323,-0.1878,0.04271,-0.00644,0.00093000000000000005,-1.1e-4,0.03347,19.56025,-3.29614,0.49047,-0.09741,0.01645,-0.00276,4.8e-4,-5e-5,NA,NA,NA,NA,NA,NA,NA,NA,NA,NA,NA,NA,NA,NA,NA,NA,NA,NA,NA,NA,NA,NA,High,High,High,High,High,NA,NA,NA,NA,NA,NA,NA,NA,NA,NA,NA,NA,NA,NA,NA,NA,NA,NA,NA,NA,NA,NA,NA,NA,NA,NA,NA,NA,NA,NA,NA,NA,NA,NA,NA,NA,NA,NA,NA,NA,NA,NA,NA,NA,NA,NA,NA,NA,NA,NA,NA,NA,NA,NA,NA
NA,NA,NA,NA,NA,NA,NA,NA,NA,NA,NA,NA,NA,NA,NA,NA,350,2026-03-03,21:30:19,4,1,"Thomas, Ethan",1000458110,Right,TCU_HFG,"Thompson, JT",1000270096,Left,ABI_WIL,Undefined,9,Top,2,0,0,Slider,Slider,StrikeCalled,Undefined,Undefined,Undefined,0,0,NA,79.84233,-0.893635,-1.265257,2147.447417,174.064773,11:45:00,5.95311,1.70774,6.39733,-35.83278,7.84878,-0.65059,2.14489,0.48966,72.22582,-7.622659,-1.38326,0.475686,NA,NA,NA,NA,NA,NA,NA,NA,NA,NA,NA,-0.08059,4.88555,-1.61664,50,5.87298,2.5826,-115.85503,-2.81926,-0.1076,25.23038,-25.65174,TCU_HFG,ABI_WIL,TCU,D1,BIG12,20260303-TCU-2,78a89880-177a-11f1-89da-3b5d2295cb78,79.23805,NA,NA,7.61651,NA,NA,NA,NA,NA,NA,5cabaece-df46-4300-b3c7-55df33123daa,2026-03-04,03:30:19,2026-03-04T03:30:19Z,2026-03-04T03:30:19Z,NA,v3,5045,471223,5b1f43e35ca0421ba59ea357c474eb40,"Dallimore, Brady",834396,Right,TCU_HFG,1d6b0a88-ad60-4743-9467-393b1b7f509d,54.10099,-116.74471,12.61519,5.95644,-1.91472,-12.82587,-1.70778,2.58639,-0.0538,NA,NA,NA,NA,NA,NA,NA,NA,NA,NA,NA,NA,NA,NA,NA,NA,NA,NA,NA,NA,NA,NA,NA,NA,NA,NA,NA,NA,NA,NA,NA,NA,NA,NA,NA,NA,NA,NA,NA,NA,NA,NA,NA,NA,NA,NA,NA,NA,NA,NA,High,High,High,NA,NA,NA,NA,NA,NA,NA,NA,NA,NA,NA,NA,NA,NA,NA,NA,NA,NA,NA,NA,NA,NA,NA,NA,NA,NA,NA,NA,NA,NA,NA,NA,NA,NA,NA,NA,NA,NA,NA,NA,NA,NA,NA,NA,NA,NA,NA,NA,NA,NA,NA,NA,NA,NA,NA,NA,NA
NA,NA,NA,NA,NA,NA,NA,NA,NA,NA,NA,NA,NA,NA,NA,NA,351,2026-03-03,21:30:40,4,2,"Thomas, Ethan",1000458110,Right,TCU_HFG,"Thompson, JT",1000270096,Left,ABI_WIL,Undefined,9,Top,2,0,1,Slider,Curveball,BallCalled,Undefined,Undefined,Undefined,0,0,NA,80.31436,-0.774704,-2.580553,2224.360112,77.819589,08:30:00,5.98433,1.72776,6.30406,-43.99876,-0.69697,-10.22253,1.60323,-1.50331,73.11752,-8.92273,-4.429196,0.473614,NA,NA,NA,NA,NA,NA,NA,NA,NA,NA,NA,4.45303,0.37587,-1.53368,50,5.90698,5.62523,-116.51326,-2.90945,6.01948,25.29019,-31.66595,TCU_HFG,ABI_WIL,TCU,D1,BIG12,20260303-TCU-2,851b64d0-177a-11f1-89da-3b5d2295cb78,79.58475,NA,NA,7.19684,NA,NA,NA,NA,NA,NA,5cabaece-df46-4300-b3c7-55df33123daa,2026-03-04,03:30:40,2026-03-04T03:30:40Z,2026-03-04T03:30:40Z,NA,v3,5045,471223,5b1f43e35ca0421ba59ea357c474eb40,"Dallimore, Brady",834396,Right,TCU_HFG,718576aa-d9af-4389-bd0e-8541f577deb3,54.19705,-117.42074,12.6451,5.99099,-1.7732,-15.83297,-1.73165,5.40924,3.00974,NA,NA,NA,NA,NA,NA,NA,NA,NA,NA,NA,NA,NA,NA,NA,NA,NA,NA,NA,NA,NA,NA,NA,NA,NA,NA,NA,NA,NA,NA,NA,NA,NA,NA,NA,NA,NA,NA,NA,NA,NA,NA,NA,NA,NA,NA,NA,NA,NA,NA,High,High,High,NA,NA,NA,NA,NA,NA,NA,NA,NA,NA,NA,NA,NA,NA,NA,NA,NA,NA,NA,NA,NA,NA,NA,NA,NA,NA,NA,NA,NA,NA,NA,NA,NA,NA,NA,NA,NA,NA,NA,NA,NA,NA,NA,NA,NA,NA,NA,NA,NA,NA,NA,NA,NA,NA,NA,NA,NA
NA,NA,NA,NA,NA,NA,NA,NA,NA,NA,NA,NA,NA,NA,NA,NA,352,2026-03-03,21:31:05,4,3,"Thomas, Ethan",1000458110,Right,TCU_HFG,"Thompson, JT",1000270096,Left,ABI_WIL,Undefined,9,Top,2,1,1,Fastball,Four-Seam,BallCalled,Undefined,Undefined,Undefined,0,0,NA,92.05406,-0.045507,-2.133746,2292.170216,218.812121,01:15:00,6.09317,1.50541,6.96319,-18.61233,13.0893,9.71438,4.50071,0.37266,83.87862,-3.631026,-0.355896,0.40524,NA,NA,NA,NA,NA,NA,NA,NA,NA,NA,NA,-5.74492,7.28823,-1.37568,50,6.08359,4.61288,-133.84846,-0.57917,-10.39036,29.70847,-18.99244,TCU_HFG,ABI_WIL,TCU,D1,BIG12,20260303-TCU-2,943b01a0-177a-11f1-89da-3b5d2295cb78,93.01268,NA,NA,8.17544,NA,NA,NA,NA,NA,NA,5cabaece-df46-4300-b3c7-55df33123daa,2026-03-04,03:31:05,2026-03-04T03:31:05Z,2026-03-04T03:31:05Z,NA,v3,5045,471223,5b1f43e35ca0421ba59ea357c474eb40,"Dallimore, Brady",834396,Right,TCU_HFG,e9a7cc45-0224-4460-9e1a-49aa9793f969,53.53746,-134.63133,14.85424,6.09226,-0.07868,-9.49622,-1.50085,4.88669,-5.19518,NA,NA,NA,NA,NA,NA,NA,NA,NA,NA,NA,NA,NA,NA,NA,NA,NA,NA,NA,NA,NA,NA,NA,NA,NA,NA,NA,NA,NA,NA,NA,NA,NA,NA,NA,NA,NA,NA,NA,NA,NA,NA,NA,NA,NA,NA,NA,NA,NA,NA,High,High,High,NA,NA,NA,NA,NA,NA,NA,NA,NA,NA,NA,NA,NA,NA,NA,NA,NA,NA,NA,NA,NA,NA,NA,NA,NA,NA,NA,NA,NA,NA,NA,NA,NA,NA,NA,NA,NA,NA,NA,NA,NA,NA,NA,NA,NA,NA,NA,NA,NA,NA,NA,NA,NA,NA,NA,NA,NA
NA,NA,NA,NA,NA,NA,NA,NA,NA,NA,NA,NA,NA,NA,NA,NA,353,2026-03-03,21:31:25,4,4,"Thomas, Ethan",1000458110,Right,TCU_HFG,"Thompson, JT",1000270096,Left,ABI_WIL,Undefined,9,Top,2,2,1,Slider,Slider,StrikeSwinging,Undefined,Undefined,Undefined,0,0,NA,80.41145,0.238396,-1.760087,2261.919349,142.560297,10:45:00,5.90608,1.85659,6.13191,-37.76163,5.94847,-3.29764,2.97975,-0.04566,72.31104,-6.828111,-2.354537,0.475842,NA,NA,NA,NA,NA,NA,NA,NA,NA,NA,NA,1.08244,3.50914,-1.72049,50,5.90535,3.70892,-116.55777,-0.65552,1.45646,26.38544,-27.45235,TCU_HFG,ABI_WIL,TCU,D1,BIG12,20260303-TCU-2,9faa40a0-177a-11f1-89da-3b5d2295cb78,79.21217,NA,NA,8.10041,NA,NA,NA,NA,NA,NA,5cabaece-df46-4300-b3c7-55df33123daa,2026-03-04,03:31:25,2026-03-04T03:31:25Z,2026-03-04T03:31:25Z,NA,v3,5045,471223,5b1f43e35ca0421ba59ea357c474eb40,"Dallimore, Brady",834396,Right,TCU_HFG,1bc88dc1-6635-4b4b-9c71-35b7ff2bdfa9,54.36545,-117.54183,13.19272,5.91071,0.36834,-13.72617,-1.8578,3.6546,0.72823,NA,NA,NA,NA,NA,NA,NA,NA,NA,NA,NA,NA,NA,NA,NA,NA,NA,NA,NA,NA,NA,NA,NA,NA,NA,NA,NA,NA,NA,NA,NA,NA,NA,NA,NA,NA,NA,NA,NA,NA,NA,NA,NA,NA,NA,NA,NA,NA,NA,NA,High,High,High,NA,NA,NA,NA,NA,NA,NA,NA,NA,NA,NA,NA,NA,NA,NA,NA,NA,NA,NA,NA,NA,NA,NA,NA,NA,NA,NA,NA,NA,NA,NA,NA,NA,NA,NA,NA,NA,NA,NA,NA,NA,NA,NA,NA,NA,NA,NA,NA,NA,NA,NA,NA,NA,NA,NA,NA,NA
NA,NA,NA,NA,NA,NA,NA,NA,NA,NA,NA,NA,NA,NA,NA,NA,354,2026-03-03,21:31:46,4,5,"Thomas, Ethan",1000458110,Right,TCU_HFG,"Thompson, JT",1000270096,Left,ABI_WIL,Undefined,9,Top,2,2,2,Slider,Slider,BallCalled,Undefined,Undefined,Undefined,0,0,NA,81.48059,-0.999915,-2.213506,2312.511709,88.003436,09:00:00,5.83946,1.77894,6.37484,-40.62463,1.11717,-8.25871,1.53326,-0.94697,74.41756,-8.539577,-3.709811,0.465004,NA,NA,NA,NA,NA,NA,NA,NA,NA,NA,NA,3.62571,1.30476,-1.61545,50,5.74867,4.8694,-118.30102,-3.27998,5.0767,25.08908,-30.34713,TCU_HFG,ABI_WIL,TCU,D1,BIG12,20260303-TCU-2,ac407370-177a-11f1-89da-3b5d2295cb78,81.05828,NA,NA,7.06304,NA,NA,NA,NA,NA,NA,5cabaece-df46-4300-b3c7-55df33123daa,2026-03-04,03:31:46,2026-03-04T03:31:46Z,2026-03-04T03:31:46Z,NA,v3,5045,471223,5b1f43e35ca0421ba59ea357c474eb40,"Dallimore, Brady",834396,Right,TCU_HFG,5bd01b37-4f70-45a3-81e1-d84398e5c208,54.12738,-119.17314,12.54454,5.84435,-2.22509,-15.17356,-1.78165,4.69293,2.53835,NA,NA,NA,NA,NA,NA,NA,NA,NA,NA,NA,NA,NA,NA,NA,NA,NA,NA,NA,NA,NA,NA,NA,NA,NA,NA,NA,NA,NA,NA,NA,NA,NA,NA,NA,NA,NA,NA,NA,NA,NA,NA,NA,NA,NA,NA,NA,NA,NA,NA,High,High,High,NA,NA,NA,NA,NA,NA,NA,NA,NA,NA,NA,NA,NA,NA,NA,NA,NA,NA,NA,NA,NA,NA,NA,NA,NA,NA,NA,NA,NA,NA,NA,NA,NA,NA,NA,NA,NA,NA,NA,NA,NA,NA,NA,NA,NA,NA,NA,NA,NA,NA,NA,NA,NA,NA,NA,NA,NA
NA,NA,NA,NA,NA,NA,NA,NA,NA,NA,NA,NA,NA,NA,NA,NA,355,2026-03-03,21:32:09,4,6,"Thomas, Ethan",1000458110,Right,TCU_HFG,"Thompson, JT",1000270096,Left,ABI_WIL,Undefined,9,Top,2,3,2,Fastball,Four-Seam,FoulBallNotFieldable,Undefined,Undefined,Undefined,0,0,NA,94.4695,-2.071687,-2.894902,2418.638768,216.405503,01:15:00,6.08391,1.37471,7.00941,-15.61091,14.40867,9.92839,2.89653,-0.43174,86.43899,-5.086903,-1.077464,0.394343,81.45465,40.574407,-71.584466,3806.533434,NA,NA,NA,NA,64.62371,NA,NA,-6.11748,8.56898,-1.20044,50,5.95149,6.56808,-137.27396,-5.35662,-11.6709,30.44551,-15.82617,TCU_HFG,ABI_WIL,TCU,D1,BIG12,20260303-TCU-2,ba3b3f50-177a-11f1-89da-3b5d2295cb78,95.58291,50.61081,NA,8.03052,NA,NA,NA,0.8611,2.60133,0.59209,5cabaece-df46-4300-b3c7-55df33123daa,2026-03-04,03:32:09,2026-03-04T03:32:09Z,2026-03-04T03:32:09Z,NA,v3,5045,471223,5b1f43e35ca0421ba59ea357c474eb40,"Dallimore, Brady",834396,Right,TCU_HFG,56165125-9bbc-46b0-a8f5-8fa8cea618c2,53.4934,-138.04658,15.22276,6.08233,-4.955,-7.91309,-1.37087,6.86426,-5.83545,NA,0.8611,28.66606,-13.00664,0.39197,0.09583,-0.10228,0.02974,-0.00653,0.00123,2.60133,77.70527,-25.36121,3.68083,-0.76854,0.16683,-0.0285,0.00568,-7e-4,0.59209,-86.09542,12.21044,-3.3597,0.84293,-0.19872,0.03846,-0.00843,0.00116,NA,NA,NA,NA,NA,NA,NA,NA,NA,NA,NA,NA,NA,NA,NA,NA,NA,NA,NA,NA,NA,NA,High,High,High,Medium,Undefined,NA,NA,NA,NA,NA,NA,NA,NA,NA,NA,NA,NA,NA,NA,NA,NA,NA,NA,NA,NA,NA,NA,NA,NA,NA,NA,NA,NA,NA,NA,NA,NA,NA,NA,NA,NA,NA,NA,NA,NA,NA,NA,NA,NA,NA,NA,NA,NA,NA,NA,NA,NA,NA,NA,NA
NA,NA,NA,NA,NA,NA,NA,NA,NA,NA,NA,NA,NA,NA,NA,NA,356,2026-03-03,21:32:33,4,7,"Thomas, Ethan",1000458110,Right,TCU_HFG,"Thompson, JT",1000270096,Left,ABI_WIL,Undefined,9,Top,2,3,2,Fastball,Four-Seam,FoulBallNotFieldable,Undefined,Undefined,Undefined,0,0,NA,95.20951,-0.990586,-2.755075,2435.790692,215.177398,01:15:00,6.05659,1.34786,6.73996,-13.30914,16.31284,10.88985,4.04122,-0.26402,87.57171,-3.565018,-0.772055,0.391722,82.85415,27.032284,-47.966377,3345.019249,64.23663,46.59525,-89.29493,277.06556,139.76265,-65.334423,3.835419,-6.48579,9.16343,-1.1703,50,5.98576,6.23762,-138.47079,-2.73061,-12.68721,28.74831,-14.24894,TCU_HFG,ABI_WIL,TCU,D1,BIG12,20260303-TCU-2,c8308cf0-177a-11f1-89da-3b5d2295cb78,96.22233,51.46227,NA,7.63779,NA,NA,NA,0.32703,4.11607,0.13174,5cabaece-df46-4300-b3c7-55df33123daa,2026-03-04,03:32:33,2026-03-04T03:32:33Z,2026-03-04T03:32:33Z,LineDrive,v3,5045,471223,5b1f43e35ca0421ba59ea357c474eb40,"Dallimore, Brady",834396,Right,TCU_HFG,58fe4b18-e43d-4952-85cf-ff0b454e8032,53.76389,-139.25003,14.37415,6.05454,-2.34438,-7.12447,-1.34403,6.58152,-6.34361,NA,0.32739,72.46632,-20.45491,4.52519,-0.99357,0.22242,-0.04514,0.00595,-3.3e-4,4.11572,55.23888,-18.00249,1.43554,-0.25303,0.02565,0.00235,-5.2e-4,0,0.13208,-80.40646,6.1646,-0.99504,0.14778,-0.00534,-0.00557,0.00147,-1.2e-4,NA,NA,NA,NA,NA,NA,NA,NA,NA,NA,NA,NA,NA,NA,NA,NA,NA,NA,NA,NA,NA,NA,High,High,High,High,Low,NA,NA,NA,NA,NA,NA,NA,NA,NA,NA,NA,NA,NA,NA,NA,NA,NA,NA,NA,NA,NA,NA,NA,NA,NA,NA,NA,NA,NA,NA,NA,NA,NA,NA,NA,NA,NA,NA,NA,NA,NA,NA,NA,NA,NA,NA,NA,NA,NA,NA,NA,NA,NA,NA,NA
NA,NA,NA,NA,NA,NA,NA,NA,NA,NA,NA,NA,NA,NA,NA,NA,357,2026-03-03,21:32:56,4,8,"Thomas, Ethan",1000458110,Right,TCU_HFG,"Thompson, JT",1000270096,Left,ABI_WIL,Undefined,9,Top,2,3,2,Slider,Slider,FoulBallNotFieldable,Undefined,Undefined,Undefined,0,0,NA,80.49851,1.035609,-1.36792,2203.830822,111.403125,09:45:00,5.89151,1.69633,6.0611,-38.96695,3.99827,-6.70339,3.60319,-0.12866,73.56784,-6.198438,-2.574462,0.47177,70.66161,44.557356,-171.854031,4400.331719,NA,NA,NA,NA,47.58318,NA,NA,3.07213,2.14606,-1.58647,50,5.95105,3.03919,-116.93092,0.91835,4.23407,22.98498,-29.21632,TCU_HFG,ABI_WIL,TCU,D1,BIG12,20260303-TCU-2,d66c5970-177a-11f1-89da-3b5d2295cb78,79.89586,39.86787,NA,6.93068,NA,NA,NA,1.96665,3.43156,0.16455,5cabaece-df46-4300-b3c7-55df33123daa,2026-03-04,03:32:56,2026-03-04T03:32:56Z,2026-03-04T03:32:56Z,NA,v3,5045,471223,5b1f43e35ca0421ba59ea357c474eb40,"Dallimore, Brady",834396,Right,TCU_HFG,59b83d00-81eb-4074-be0f-87b5e934fb11,54.44158,-117.80076,11.49249,5.89537,2.02401,-14.60816,-1.69845,2.87896,2.11703,3.245484,1.96665,-73.1012,1.1635,1.85024,-0.68171,0.20766,-0.05262,0.01136,-0.00138,3.43156,72.714,-31.44024,4.78935,-0.95251,0.17708,-0.03042,0.00616,-9.6e-4,0.16455,-10.46369,0.57155,1.04801,-0.32643,0.09004,-0.01968,0.00398,-5.6e-4,NA,NA,NA,NA,NA,NA,NA,NA,NA,NA,NA,NA,NA,NA,NA,NA,NA,NA,NA,NA,NA,NA,High,High,High,High,Undefined,NA,NA,NA,NA,NA,NA,NA,NA,NA,NA,NA,NA,NA,NA,NA,NA,NA,NA,NA,NA,NA,NA,NA,NA,NA,NA,NA,NA,NA,NA,NA,NA,NA,NA,NA,NA,NA,NA,NA,NA,NA,NA,NA,NA,NA,NA,NA,NA,NA,NA,NA,NA,NA,NA,NA
NA,NA,NA,NA,NA,NA,NA,NA,NA,NA,NA,NA,NA,NA,NA,NA,358,2026-03-03,21:33:21,4,9,"Thomas, Ethan",1000458110,Right,TCU_HFG,"Thompson, JT",1000270096,Left,ABI_WIL,Undefined,9,Top,2,3,2,Fastball,Four-Seam,FoulBallNotFieldable,Undefined,Undefined,Undefined,0,0,NA,94.86375,-2.058005,-2.648378,2430.202637,194.105509,12:30:00,6.03593,1.40386,7.03033,-10.39001,19.68336,4.68193,3.29724,-0.6142,85.77752,-4.142503,-1.791308,0.394696,68.19393,59.301272,-140.079176,3900.531209,NA,NA,NA,NA,23.09145,NA,NA,-3.3354,11.47946,-1.24415,50,5.90662,6.19182,-137.73677,-5.12984,-6.32842,34.11469,-10.39338,TCU_HFG,ABI_WIL,TCU,D1,BIG12,20260303-TCU-2,e4dec650-177a-11f1-89da-3b5d2295cb78,95.49749,36.42759,NA,9.08622,NA,NA,NA,0.88076,3.24372,0.69116,5cabaece-df46-4300-b3c7-55df33123daa,2026-03-04,03:33:21,2026-03-04T03:33:21Z,2026-03-04T03:33:21Z,NA,v3,5045,471223,5b1f43e35ca0421ba59ea357c474eb40,"Dallimore, Brady",834396,Right,TCU_HFG,59a03030-5ac2-4303-a8fa-cc68ac711a48,53.47083,-138.59376,17.05735,6.0322,-4.86875,-5.19669,-1.40169,6.35079,-3.16421,21.665601,0.90348,-39.8165,-3.78645,NA,NA,NA,NA,NA,NA,3.27837,85.02129,-32.90018,NA,NA,NA,NA,NA,NA,0.67943,-32.43633,7.28857,NA,NA,NA,NA,NA,NA,NA,NA,NA,NA,NA,NA,NA,NA,NA,NA,NA,NA,NA,NA,NA,NA,NA,NA,NA,NA,NA,NA,High,High,High,High,Undefined,NA,NA,NA,NA,NA,NA,NA,NA,NA,NA,NA,NA,NA,NA,NA,NA,NA,NA,NA,NA,NA,NA,NA,NA,NA,NA,NA,NA,NA,NA,NA,NA,NA,NA,NA,NA,NA,NA,NA,NA,NA,NA,NA,NA,NA,NA,NA,NA,NA,NA,NA,NA,NA,NA,NA
NA,NA,NA,NA,NA,NA,NA,NA,NA,NA,NA,NA,NA,NA,NA,NA,359,2026-03-03,21:33:43,4,10,"Thomas, Ethan",1000458110,Right,TCU_HFG,"Thompson, JT",1000270096,Left,ABI_WIL,Undefined,9,Top,2,3,2,Fastball,Four-Seam,FoulBallNotFieldable,Undefined,Undefined,Undefined,0,0,NA,94.39423,-2.54337,-2.640977,2380.929484,203.822013,12:45:00,6.06846,1.44382,6.96135,-9.22548,21.16446,8.88205,2.98154,-0.22067,85.54992,-4.410357,-1.016874,0.396768,NA,NA,NA,NA,NA,NA,NA,NA,NA,NA,NA,-5.54359,12.37229,-1.28266,50,5.90675,5.97949,-137.03447,-6.22836,-10.44254,32.92735,-8.86811,TCU_HFG,ABI_WIL,TCU,D1,BIG12,20260303-TCU-2,f25769e0-177a-11f1-89da-3b5d2295cb78,94.99878,NA,NA,8.84431,NA,NA,NA,NA,NA,NA,5cabaece-df46-4300-b3c7-55df33123daa,2026-03-04,03:33:43,2026-03-04T03:33:43Z,2026-03-04T03:33:43Z,NA,v3,5045,471223,5b1f43e35ca0421ba59ea357c474eb40,"Dallimore, Brady",834396,Right,TCU_HFG,b030e455-b178-4347-af27-afe3cdec8d90,53.54039,-137.88255,16.46367,6.06423,-5.99995,-4.43406,-1.44014,6.24845,-5.22127,NA,NA,NA,NA,NA,NA,NA,NA,NA,NA,NA,NA,NA,NA,NA,NA,NA,NA,NA,NA,NA,NA,NA,NA,NA,NA,NA,NA,NA,NA,NA,NA,NA,NA,NA,NA,NA,NA,NA,NA,NA,NA,NA,NA,NA,NA,NA,NA,NA,NA,High,High,High,NA,NA,NA,NA,NA,NA,NA,NA,NA,NA,NA,NA,NA,NA,NA,NA,NA,NA,NA,NA,NA,NA,NA,NA,NA,NA,NA,NA,NA,NA,NA,NA,NA,NA,NA,NA,NA,NA,NA,NA,NA,NA,NA,NA,NA,NA,NA,NA,NA,NA,NA,NA,NA,NA,NA,NA,NA
NA,NA,NA,NA,NA,NA,NA,NA,NA,NA,NA,NA,NA,NA,NA,NA,360,2026-03-03,21:34:09,4,11,"Thomas, Ethan",1000458110,Right,TCU_HFG,"Thompson, JT",1000270096,Left,ABI_WIL,Undefined,9,Top,2,3,2,Slider,Curveball,InPlay,Undefined,FlyBall,Out,1,0,NA,80.60776,0.446447,-1.603453,2171.929952,73.558857,08:30:00,5.83117,1.67747,6.05064,-46.70278,-3.1311,-15.97332,2.35275,-1.13845,72.88608,-8.187293,-4.479765,0.475088,93.93077,35.408021,35.040681,3256.13256,85.87413,75.13069,68.74306,321.76154,158.29779,45.394674,5.517423,7.72241,-1.36122,-1.54397,50,5.84097,3.86883,-116.94957,-0.56482,10.45167,26.73719,-34.01638,TCU_HFG,ABI_WIL,TCU,D1,BIG12,20260303-TCU-2,01738440-177b-11f1-89da-3b5d2295cb78,79.33788,101.76146,NA,7.72169,NA,NA,NA,2.41358,2.62656,1.0763,5cabaece-df46-4300-b3c7-55df33123daa,2026-03-04,03:34:09,2026-03-04T03:34:09Z,2026-03-04T03:34:09Z,FlyBall,v3,5045,471223,5b1f43e35ca0421ba59ea357c474eb40,"Dallimore, Brady",834396,Right,TCU_HFG,53ceada9-3f9b-4fee-a481-d370f5304dd7,54.45212,-117.96303,13.3686,5.83794,0.72455,-17.00819,-1.68311,3.47266,5.22584,NA,2.41898,91.83099,-25.65723,6.55616,-1.1439,0.10215,0.00221,-0.00117,6e-5,2.62381,79.85882,-17.05755,0.00558,0.34959,-0.14045,0.03367,-0.00425,2.1e-4,1.07783,64.4412,-8.95452,1.48478,-0.11103,-0.02078,0.00688,-7.2e-4,3e-5,NA,NA,NA,NA,NA,NA,NA,NA,NA,NA,NA,NA,NA,NA,NA,NA,NA,NA,NA,NA,NA,NA,High,High,High,High,Low,NA,NA,NA,NA,NA,NA,NA,NA,NA,NA,NA,NA,NA,NA,NA,NA,NA,NA,NA,NA,NA,NA,NA,NA,NA,NA,NA,NA,NA,NA,NA,NA,NA,NA,NA,NA,NA,NA,NA,NA,NA,NA,NA,NA,NA,NA,NA,NA,NA,NA,NA,NA,NA,NA,NA
NA,NA,NA,NA,NA,NA,NA,NA,NA,NA,NA,NA,NA,NA,NA,NA,361,2026-03-03,21:36:37,1,1,"Whiteaker, Evan",804867,Right,ABI_WIL,"Gargett, Kyuss",812291,Right,TCU_HFG,Undefined,9,Bottom,0,0,0,Curveball,Curveball,BallCalled,Undefined,Undefined,Undefined,0,0,NA,70.35317,1.061136,-1.027055,2101.544241,30.865653,07:00:00,6.54373,0.57519,4.86221,-71.13634,-12.25453,-8.43796,1.62036,-1.1002,65.05837,-11.662719,-2.518494,0.552283,NA,NA,NA,NA,NA,NA,NA,NA,NA,NA,NA,3.88508,-5.89426,-0.4663,50,6.58702,2.14212,-102.10018,-0.47351,4.07745,17.71293,-38.36013,TCU_HFG,ABI_WIL,TCU,D1,BIG12,20260303-TCU-2,59d5dc00-177b-11f1-89da-3b5d2295cb78,68.24838,NA,NA,5.2948,NA,NA,NA,NA,NA,NA,5cabaece-df46-4300-b3c7-55df33123daa,2026-03-04,03:36:37,2026-03-04T03:36:37Z,2026-03-04T03:36:37Z,NA,v3,5045,471223,5b1f43e35ca0421ba59ea357c474eb40,"Gray, Brady",830795,Right,ABI_WIL,96984817-3966-4b28-a1f3-c1367a31111a,55.64476,-103.07482,8.85647,6.555,1.6372,-19.18007,-0.578,1.91777,2.03873,NA,NA,NA,NA,NA,NA,NA,NA,NA,NA,NA,NA,NA,NA,NA,NA,NA,NA,NA,NA,NA,NA,NA,NA,NA,NA,NA,NA,NA,NA,NA,NA,NA,NA,NA,NA,NA,NA,NA,NA,NA,NA,NA,NA,NA,NA,NA,NA,NA,NA,High,High,High,NA,NA,NA,NA,NA,NA,NA,NA,NA,NA,NA,NA,NA,NA,NA,NA,NA,NA,NA,NA,NA,NA,NA,NA,NA,NA,NA,NA,NA,NA,NA,NA,NA,NA,NA,NA,NA,NA,NA,NA,NA,NA,NA,NA,NA,NA,NA,NA,NA,NA,NA,NA,NA,NA,NA,NA,NA
NA,NA,NA,NA,NA,NA,NA,NA,NA,NA,NA,NA,NA,NA,NA,NA,362,2026-03-03,21:36:56,1,2,"Whiteaker, Evan",804867,Right,ABI_WIL,"Gargett, Kyuss",812291,Right,TCU_HFG,Undefined,9,Bottom,0,1,0,Fastball,Four-Seam,StrikeCalled,Undefined,Undefined,Undefined,0,0,NA,88.8483,-2.593287,-1.987139,2140.587578,182.140129,12:00:00,6.4396,0.68914,6.23408,-18.00143,16.76147,0.58764,2.54392,-1.0959,81.89381,-5.996995,-1.881066,0.424355,NA,NA,NA,NA,NA,NA,NA,NA,NA,NA,NA,-0.81579,9.68567,-0.54106,50,6.23664,4.4531,-129.02598,-6.35532,-1.38506,25.04397,-15.72938,TCU_HFG,ABI_WIL,TCU,D1,BIG12,20260303-TCU-2,65052bd0-177b-11f1-89da-3b5d2295cb78,88.82289,NA,NA,6.95449,NA,NA,NA,NA,NA,NA,5cabaece-df46-4300-b3c7-55df33123daa,2026-03-04,03:36:56,2026-03-04T03:36:56Z,2026-03-04T03:36:56Z,NA,v3,5045,471223,5b1f43e35ca0421ba59ea357c474eb40,"Gray, Brady",830795,Right,ABI_WIL,77ee84f3-d4e6-4c82-8dc9-67f1d7b7c670,54.26756,-129.85167,12.52199,6.43762,-5.83672,-7.86469,-0.68863,4.49877,-0.69253,NA,NA,NA,NA,NA,NA,NA,NA,NA,NA,NA,NA,NA,NA,NA,NA,NA,NA,NA,NA,NA,NA,NA,NA,NA,NA,NA,NA,NA,NA,NA,NA,NA,NA,NA,NA,NA,NA,NA,NA,NA,NA,NA,NA,NA,NA,NA,NA,NA,NA,High,High,High,NA,NA,NA,NA,NA,NA,NA,NA,NA,NA,NA,NA,NA,NA,NA,NA,NA,NA,NA,NA,NA,NA,NA,NA,NA,NA,NA,NA,NA,NA,NA,NA,NA,NA,NA,NA,NA,NA,NA,NA,NA,NA,NA,NA,NA,NA,NA,NA,NA,NA,NA,NA,NA,NA,NA,NA,NA
NA,NA,NA,NA,NA,NA,NA,NA,NA,NA,NA,NA,NA,NA,NA,NA,363,2026-03-03,21:37:17,1,3,"Whiteaker, Evan",804867,Right,ABI_WIL,"Gargett, Kyuss",812291,Right,TCU_HFG,Undefined,9,Bottom,0,1,1,Curveball,Curveball,FoulBallNotFieldable,Undefined,Undefined,Undefined,0,0,NA,72.28318,2.104947,-0.294561,2094.843167,32.392477,07:00:00,6.53242,0.56626,4.89347,-63.47405,-8.33044,-6.2904,3.23506,-0.23658,67.04308,-9.289226,-1.404743,0.534465,67.6542,71.927239,-142.225612,6004.849185,NA,NA,NA,NA,10.70728,NA,NA,3.05079,-4.26784,-0.53173,50,6.68446,0.77644,-104.97011,1.70779,3.42591,16.69603,-36.96664,TCU_HFG,ABI_WIL,TCU,D1,BIG12,20260303-TCU-2,71e008c0-177b-11f1-89da-3b5d2295cb78,70.52373,32.27741,NA,5.2401,NA,NA,NA,1.15311,3.41515,-0.02426,5cabaece-df46-4300-b3c7-55df33123daa,2026-03-04,03:37:17,2026-03-04T03:37:17Z,2026-03-04T03:37:17Z,NA,v3,5045,471223,5b1f43e35ca0421ba59ea357c474eb40,"Gray, Brady",830795,Right,ABI_WIL,5f071e59-2dee-4d08-99da-c649f4997bfc,55.61329,-105.85917,8.34802,6.54111,3.67624,-18.48332,-0.56822,0.59402,1.71295,NA,1.16486,-24.78321,-7.24433,NA,NA,NA,NA,NA,NA,3.43004,93.76545,-34.31406,NA,NA,NA,NA,NA,NA,-0.02347,-18.88721,1.24414,NA,NA,NA,NA,NA,NA,NA,NA,NA,NA,NA,NA,NA,NA,NA,NA,NA,NA,NA,NA,NA,NA,NA,NA,NA,NA,NA,NA,High,High,High,Medium,Undefined,NA,NA,NA,NA,NA,NA,NA,NA,NA,NA,NA,NA,NA,NA,NA,NA,NA,NA,NA,NA,NA,NA,NA,NA,NA,NA,NA,NA,NA,NA,NA,NA,NA,NA,NA,NA,NA,NA,NA,NA,NA,NA,NA,NA,NA,NA,NA,NA,NA,NA,NA,NA,NA,NA,NA
NA,NA,NA,NA,NA,NA,NA,NA,NA,NA,NA,NA,NA,NA,NA,NA,364,2026-03-03,21:37:42,1,4,"Whiteaker, Evan",804867,Right,ABI_WIL,"Gargett, Kyuss",812291,Right,TCU_HFG,Undefined,9,Bottom,0,1,2,Curveball,Curveball,StrikeSwinging,Strikeout,Undefined,Undefined,0,0,NA,75.68423,-0.205172,0.18397,2213.881031,47.639312,07:30:00,6.51689,0.5035,5.28531,-58.88102,-9.21016,-11.69957,1.41745,-0.29869,70.34579,-10.806993,-1.900989,0.50725,NA,NA,NA,NA,NA,NA,NA,NA,NA,NA,NA,5.96087,-4.2078,-0.51124,50,6.45431,0.08529,-110.01508,-2.38087,7.32068,19.13921,-37.34172,TCU_HFG,ABI_WIL,TCU,D1,BIG12,20260303-TCU-2,80e3e030-177b-11f1-89da-3b5d2295cb78,74.30739,NA,NA,5.33844,NA,NA,NA,NA,NA,NA,5cabaece-df46-4300-b3c7-55df33123daa,2026-03-04,03:37:42,2026-03-04T03:37:42Z,2026-03-04T03:37:42Z,NA,v3,5045,471223,5b1f43e35ca0421ba59ea357c474eb40,"Gray, Brady",830795,Right,ABI_WIL,06a22c67-dc56-4436-a9e3-dd40b3d3cdb8,55.22164,-110.91976,9.56961,6.52514,-0.61578,-18.67086,-0.50709,-0.26075,3.66034,NA,NA,NA,NA,NA,NA,NA,NA,NA,NA,NA,NA,NA,NA,NA,NA,NA,NA,NA,NA,NA,NA,NA,NA,NA,NA,NA,NA,NA,NA,NA,NA,NA,NA,NA,NA,NA,NA,NA,NA,NA,NA,NA,NA,NA,NA,NA,NA,NA,NA,High,High,High,NA,NA,NA,NA,NA,NA,NA,NA,NA,NA,NA,NA,NA,NA,NA,NA,NA,NA,NA,NA,NA,NA,NA,NA,NA,NA,NA,NA,NA,NA,NA,NA,NA,NA,NA,NA,NA,NA,NA,NA,NA,NA,NA,NA,NA,NA,NA,NA,NA,NA,NA,NA,NA,NA,NA,NA,NA
NA,NA,NA,NA,NA,NA,NA,NA,NA,NA,NA,NA,NA,NA,NA,NA,365,2026-03-03,21:38:15,2,1,"Whiteaker, Evan",804867,Right,ABI_WIL,"Dallimore, Brady",834396,Right,TCU_HFG,Undefined,9,Bottom,1,0,0,Fastball,Four-Seam,InPlay,Undefined,FlyBall,HomeRun,0,1,NA,89.65332,-1.377341,-1.193861,2159.762368,193.876292,12:30:00,6.44175,0.62089,5.77953,-15.95611,19.13745,4.43697,3.82993,-0.12041,81.4605,-4.428931,-0.399393,0.426368,105.57721,24.008777,12.553025,3287.727495,105.80723,47.20815,30.07819,358.84756,340.62004,26.514713,4.594036,-2.62571,10.52831,-0.52507,50,6.31861,2.52194,-130.10929,-3.59243,-4.47325,28.86697,-14.23768,TCU_HFG,ABI_WIL,TCU,D1,BIG12,20260303-TCU-2,93f306b0-177b-11f1-89da-3b5d2295cb78,88.40346,66.93313,NA,8.19282,NA,NA,NA,0.21486,3.74067,0.09312,5cabaece-df46-4300-b3c7-55df33123daa,2026-03-04,03:38:15,2026-03-04T03:38:15Z,2026-03-04T03:38:15Z,FlyBall,v3,5045,471223,5b1f43e35ca0421ba59ea357c474eb40,"Gray, Brady",830795,Right,ABI_WIL,0acef05b-980c-46f6-a8b2-d7fc70ec474d,54.72192,-131.15274,14.43348,6.43917,-3.07778,-7.11884,-0.61915,2.68363,-2.23663,220.181049,0.21416,138.07733,-29.85346,6.64779,-1.3901,0.23999,-0.03109,0.00256,-9e-5,3.74252,62.96755,-18.41603,2.13913,-0.67904,0.20289,-0.04116,0.00499,-2.7e-4,0.09458,30.71701,2.85555,-0.64367,-0.09948,0.10498,-0.02912,0.00377,-1.9e-4,NA,NA,NA,NA,NA,NA,NA,NA,NA,NA,NA,NA,NA,NA,NA,NA,NA,NA,NA,NA,NA,NA,High,High,High,High,Medium,NA,NA,NA,NA,NA,NA,NA,NA,NA,NA,NA,NA,NA,NA,NA,NA,NA,NA,NA,NA,NA,NA,NA,NA,NA,NA,NA,NA,NA,NA,NA,NA,NA,NA,NA,NA,NA,NA,NA,NA,NA,NA,NA,NA,NA,NA,NA,NA,NA,NA,NA,NA,NA,NA,NA
