player_name,display_name,active,notes,id,pitcher,date,rel_speed,horz_break,induced_vert_break,original_pitch_type,new_pitch_type,new_pitcher,modified_at,pitch_key,created_at,PitchNo,Date,Time,PAofInning,PitchofPA,Pitcher,PitcherId,PitcherThrows,PitcherTeam,Batter,BatterId,BatterSide,BatterTeam,PitcherSet,Inning,Top/Bottom,Outs,Balls,Strikes,TaggedPitchType,AutoPitchType,PitchCall,KorBB,TaggedHitType,PlayResult,OutsOnPlay,RunsScored,Notes,RelSpeed,VertRelAngle,HorzRelAngle,SpinRate,SpinAxis,Tilt,RelHeight,RelSide,Extension,VertBreak,InducedVertBreak,HorzBreak,PlateLocHeight,PlateLocSide,ZoneSpeed,VertApprAngle,HorzApprAngle,ZoneTime,ExitSpeed,Angle,Direction,HitSpinRate,PositionAt110X,PositionAt110Y,PositionAt110Z,Distance,LastTrackedDistance,Bearing,HangTime,pfxx,pfxz,x0,y0,z0,vx0,vy0,vz0,ax0,ay0,az0,HomeTeam,AwayTeam,Stadium,Level,League,GameID,PitchUID,EffectiveVelo,MaxHeight,MeasuredDuration,SpeedDrop,PitchLastMeasuredX,PitchLastMeasuredY,PitchLastMeasuredZ,ContactPositionX,ContactPositionY,ContactPositionZ,GameUID,UTCDate,UTCTime,LocalDateTime,UTCDateTime,AutoHitType,System,HomeTeamForeignID,AwayTeamForeignID,GameForeignID,Catcher,CatcherId,CatcherThrows,CatcherTeam,PlayID,PitchTrajectoryXc0,PitchTrajectoryXc1,PitchTrajectoryXc2,PitchTrajectoryYc0,PitchTrajectoryYc1,PitchTrajectoryYc2,PitchTrajectoryZc0,PitchTrajectoryZc1,PitchTrajectoryZc2,HitSpinAxis,HitTrajectoryXc0,HitTrajectoryXc1,HitTrajectoryXc2,HitTrajectoryXc3,HitTrajectoryXc4,HitTrajectoryXc5,HitTrajectoryXc6,HitTrajectoryXc7,HitTrajectoryXc8,HitTrajectoryYc0,HitTrajectoryYc1,HitTrajectoryYc2,HitTrajectoryYc3,HitTrajectoryYc4,HitTrajectoryYc5,HitTrajectoryYc6,HitTrajectoryYc7,HitTrajectoryYc8,HitTrajectoryZc0,HitTrajectoryZc1,HitTrajectoryZc2,HitTrajectoryZc3,HitTrajectoryZc4,HitTrajectoryZc5,HitTrajectoryZc6,HitTrajectoryZc7,HitTrajectoryZc8,ThrowSpeed,PopTime,ExchangeTime,TimeToBase,CatchPositionX,CatchPositionY,CatchPositionZ,ThrowPositionX,ThrowPositionY,ThrowPositionZ,BasePositionX,BasePositionY,BasePositionZ,ThrowTrajectoryXc0,ThrowTrajectoryXc1,ThrowTrajectoryXc2,ThrowTrajectoryYc0,ThrowTrajectoryYc1,ThrowTrajectoryYc2,ThrowTrajectoryZc0,ThrowTrajectoryZc1,ThrowTrajectoryZc2,PitchReleaseConfidence,PitchLocationConfidence,PitchMovementConfidence,HitLaunchConfidence,HitLandingConfidence,CatcherThrowCatchConfidence,CatcherThrowReleaseConfidence,CatcherThrowLocationConfidence,SpinAxis3dTransverseAngle,SpinAxis3dLongitudinalAngle,SpinAxis3dActiveSpinRate,SpinAxis3dSpinEfficiency,SpinAxis3dTilt,SpinAxis3dVectorX,SpinAxis3dVectorY,SpinAxis3dVectorZ,SpinAxis3dSeamOrientationRotationX,SpinAxis3dSeamOrientationRotationY,SpinAxis3dSeamOrientationRotationZ,SpinAxis3dSeamOrientationBallYAmb1,SpinAxis3dSeamOrientationBallAngleHorizontalAmb1,SpinAxis3dSeamOrientationBallZAmb1,SpinAxis3dSeamOrientationBallAngleVerticalAmb2,SpinAxis3dSeamOrientationBallZAmb2,SpinAxis3dSeamOrientationBallXAmb4,SpinAxis3dSeamOrientationBallYAmb4,SpinAxis3dSeamOrientationBallAngleHorizontalAmb2,SpinAxis3dSeamOrientationBallAngleVerticalAmb1,SpinAxis3dSeamOrientationBallXAmb1,SpinAxis3dSeamOrientationBallYAmb2,SpinAxis3dSeamOrientationBallAngleHorizontalAmb4,SpinAxis3dSeamOrientationBallAngleVerticalAmb4,SpinAxis3dSeamOrientationBallXAmb2,SpinAxis3dSeamOrientationBallAngleVerticalAmb3,SpinAxis3dSeamOrientationBallAngleHorizontalAmb3,SpinAxis3dSeamOrientationBallXAmb3,SpinAxis3dSeamOrientationBallYAmb3,SpinAxis3dSeamOrientationBallZAmb3,SpinAxis3dSeamOrientationBallZAmb4,session_id,play_id,camera_slot,camera_name,camera_target,video_type,azure_blob,azure_md5,cloudinary_url,cloudinary_public_id,uploaded_at,PitchSession,Flag,CalibrationId,EffVelocity,PracticeType,Device,HitType,BatSpeed,VerticalAttackAngle,HorizontalAttackAngle
NA,NA,NA,NA,NA,NA,NA,NA,NA,NA,NA,NA,NA,NA,NA,NA,1,2025-10-04,12:04:17,1,1,"Cardenas, Diego",1000262735,Right,GEO_PAT,"Harris , a",005,Right,GEO_PAT,Undefined,1,Top,0,0,0,Fastball,Sinker,InPlay,Undefined,LineDrive,Single,0,0,NA,88.29882,-1.472063,-3.314827,2047.386975,233.374345,01:45:00,5.80367,2.7722,5.16887,-23.69962,13.29611,16.24678,2.44063,1.00285,80.52758,-5.855544,-0.442309,0.437771,87.36592,-12.673667,9.050494,NA,NA,NA,NA,12.03425,11.05376,3.328331,0.090477,-9.10095,7.405,-2.47612,50,5.64846,6.68008,-127.91184,-4.14591,-15.04702,26.89283,-19.93105,GEO_PAT,GEO_PAT,SpuhlerFieldMain,TeamExclusive,Team,20251004-SpuhlerFieldMain-Private-1,c820a390-a13b-11f0-b694-b1da4b1d52f5,86.10075,2.4142,NA,7.77125,NA,NA,NA,1.03569,2.4142,-1.0125,399095c0-9636-49a8-8bc9-7cafea40f967,2025-10-04,16:04:17,2025-10-04T16:04:17Z,2025-10-04T16:04:17Z,GroundBall,v3,471300,471300,NA,"Cowdrey, Vincent",1000469295,Right,GEO_PAT,19c09ef4-249b-464d-92a2-a7b89d4fadf1,55.33393,-129.0284,13.44642,5.80342,-3.3184,-9.96553,-2.76644,7.30482,-7.52351,170.129158,1.03585,123.43485,-23.2201,NA,NA,NA,NA,NA,NA,2.41386,-28.06266,15.36807,NA,NA,NA,NA,NA,NA,-1.0124,19.65175,-8.18974,NA,NA,NA,NA,NA,NA,NA,NA,NA,NA,NA,NA,NA,NA,NA,NA,NA,NA,NA,NA,NA,NA,NA,NA,NA,NA,NA,NA,High,High,High,High,High,NA,NA,NA,NA,NA,NA,NA,NA,NA,NA,NA,NA,NA,NA,NA,NA,NA,NA,NA,NA,NA,NA,NA,NA,NA,NA,NA,NA,NA,NA,NA,NA,NA,NA,NA,NA,NA,NA,NA,NA,NA,NA,NA,NA,NA,NA,NA,NA,NA,NA,NA,NA,NA,NA,NA
NA,NA,NA,NA,NA,NA,NA,NA,NA,NA,NA,NA,NA,NA,NA,NA,2,2025-10-04,12:04:52,2,1,"Cardenas, Diego",1000262735,Right,GEO_PAT,"Shane, a",008,Right,GEO_PAT,Undefined,1,Top,0,0,0,Slider,Changeup,InPlay,Undefined,GroundBall,Single,0,0,NA,81.59698,-1.1557,-4.860972,1804.414137,248.707479,02:15:00,5.63857,3.04251,5.06707,-35.37069,8.37272,17.67131,1.59719,-0.07947,74.40132,-7.609798,-1.749114,0.476023,96.18349,0.978261,30.407998,4092.873486,NA,NA,NA,47.65454,44.25014,29.744817,0.340242,-10.25548,4.89992,-2.59465,50,5.50049,9.28992,-117.95033,-3.63998,-14.38322,23.36733,-25.30197,GEO_PAT,GEO_PAT,SpuhlerFieldMain,TeamExclusive,Team,20251004-SpuhlerFieldMain-Private-1,dd242000-a13b-11f0-b694-b1da4b1d52f5,79.18201,1.84205,NA,7.19566,NA,NA,NA,2.72323,1.78115,0.00896,399095c0-9636-49a8-8bc9-7cafea40f967,2025-10-04,16:04:52,2025-10-04T16:04:52Z,2025-10-04T16:04:52Z,GroundBall,v3,471300,471300,NA,"Cowdrey, Vincent",1000469295,Right,GEO_PAT,3e57d20f-d4a2-4fd0-960d-515adc291be6,55.4358,-119.02235,11.68366,5.64086,-2.47921,-12.65098,-3.03598,9.94978,-7.19161,308.438212,2.73153,121.31985,-22.82086,NA,NA,NA,NA,NA,NA,1.788,2.13899,-21.78821,NA,NA,NA,NA,NA,NA,0.00905,71.38966,-5.66424,NA,NA,NA,NA,NA,NA,NA,NA,NA,NA,NA,NA,NA,NA,NA,NA,NA,NA,NA,NA,NA,NA,NA,NA,NA,NA,NA,NA,High,High,High,High,High,NA,NA,NA,NA,NA,NA,NA,NA,NA,NA,NA,NA,NA,NA,NA,NA,NA,NA,NA,NA,NA,NA,NA,NA,NA,NA,NA,NA,NA,NA,NA,NA,NA,NA,NA,NA,NA,NA,NA,NA,NA,NA,NA,NA,NA,NA,NA,NA,NA,NA,NA,NA,NA,NA,NA
NA,NA,NA,NA,NA,NA,NA,NA,NA,NA,NA,NA,NA,NA,NA,NA,3,2025-10-04,12:05:34,3,1,"Cardenas, Diego",1000262735,Right,GEO_PAT,"Babu , a",0011,Right,GEO_PAT,Undefined,1,Top,0,0,0,Slider,Slider,StrikeSwinging,Undefined,Undefined,Undefined,0,0,NA,78.02195,0.55057,-3.319707,2275.105457,109.439422,09:45:00,5.66113,2.76697,4.79421,-45.21876,3.04307,-4.09398,2.41557,-0.72379,71.24762,-7.620756,-4.03789,0.500004,NA,NA,NA,NA,NA,NA,NA,NA,NA,NA,NA,1.03264,1.79024,-2.43165,50,5.67695,6.72058,-112.91292,-0.54345,1.32478,21.76382,-29.87737,GEO_PAT,GEO_PAT,SpuhlerFieldMain,TeamExclusive,Team,20251004-SpuhlerFieldMain-Private-1,f5f76920-a13b-11f0-b694-b1da4b1d52f5,75.38431,NA,NA,6.77433,NA,NA,NA,NA,NA,NA,399095c0-9636-49a8-8bc9-7cafea40f967,2025-10-04,16:05:34,2025-10-04T16:05:34Z,2025-10-04T16:05:34Z,NA,v3,471300,471300,NA,"Cowdrey, Vincent",1000469295,Right,GEO_PAT,59734405-a097-48c5-9583-97a714b2b7d3,55.70692,-114.00761,10.88191,5.66649,0.95935,-14.93868,-2.76802,6.65395,0.66239,NA,NA,NA,NA,NA,NA,NA,NA,NA,NA,NA,NA,NA,NA,NA,NA,NA,NA,NA,NA,NA,NA,NA,NA,NA,NA,NA,NA,NA,NA,NA,NA,NA,NA,NA,NA,NA,NA,NA,NA,NA,NA,NA,NA,NA,NA,NA,NA,NA,NA,High,High,High,NA,NA,NA,NA,NA,NA,NA,NA,NA,NA,NA,NA,NA,NA,NA,NA,NA,NA,NA,NA,NA,NA,NA,NA,NA,NA,NA,NA,NA,NA,NA,NA,NA,NA,NA,NA,NA,NA,NA,NA,NA,NA,NA,NA,NA,NA,NA,NA,NA,NA,NA,NA,NA,NA,NA,NA,NA
NA,NA,NA,NA,NA,NA,NA,NA,NA,NA,NA,NA,NA,NA,NA,NA,4,2025-10-04,12:05:53,3,2,"Cardenas, Diego",1000262735,Right,GEO_PAT,"Babu , a",0011,Right,GEO_PAT,Undefined,1,Top,0,0,1,Slider,Slider,StrikeSwinging,Undefined,Undefined,Undefined,0,0,NA,77.97483,0.17086200000000001,-3.835733,2325.352118,85.417555,08:45:00,5.79137,2.73293,4.90342,-47.1155,1.23854,-5.11882,2.02705,-1.32686,71.08797,-8.341608,-4.734795,0.500481,NA,NA,NA,NA,NA,NA,NA,NA,NA,NA,NA,1.34717,1.02748,-2.3525,50,5.76874,7.77201,-112.76478,-1.34453,1.71648,22.50911,-30.86492,GEO_PAT,GEO_PAT,SpuhlerFieldMain,TeamExclusive,Team,20251004-SpuhlerFieldMain-Private-1,01788270-a13c-11f0-b694-b1da4b1d52f5,75.31242,NA,NA,6.88686,NA,NA,NA,NA,NA,NA,399095c0-9636-49a8-8bc9-7cafea40f967,2025-10-04,16:05:53,2025-10-04T16:05:53Z,2025-10-04T16:05:53Z,NA,v3,471300,471300,NA,"Cowdrey, Vincent",1000469295,Right,GEO_PAT,b58800f0-6f17-49a7-ae13-252941e3056c,55.59765,-113.87665,11.25455,5.7975,0.18009,-15.43246,-2.73432,7.68722,0.85824,NA,NA,NA,NA,NA,NA,NA,NA,NA,NA,NA,NA,NA,NA,NA,NA,NA,NA,NA,NA,NA,NA,NA,NA,NA,NA,NA,NA,NA,NA,NA,NA,NA,NA,NA,NA,NA,NA,NA,NA,NA,NA,NA,NA,NA,NA,NA,NA,NA,NA,High,High,High,NA,NA,NA,NA,NA,NA,NA,NA,NA,NA,NA,NA,NA,NA,NA,NA,NA,NA,NA,NA,NA,NA,NA,NA,NA,NA,NA,NA,NA,NA,NA,NA,NA,NA,NA,NA,NA,NA,NA,NA,NA,NA,NA,NA,NA,NA,NA,NA,NA,NA,NA,NA,NA,NA,NA,NA,NA
NA,NA,NA,NA,NA,NA,NA,NA,NA,NA,NA,NA,NA,NA,NA,NA,5,2025-10-04,12:06:16,3,3,"Cardenas, Diego",1000262735,Right,GEO_PAT,"Babu , a",0011,Right,GEO_PAT,Undefined,1,Top,0,0,2,Slider,Slider,StrikeCalled,Strikeout,Undefined,Undefined,0,0,NA,79.06205,0.769212,-3.258358,2287.61419,77.66105,08:30:00,5.62233,2.62516,4.80806,-46.26601,1.14032,-2.58646,2.49685,-0.68085,71.51392,-7.6126760000000004,-3.712343,0.495552,NA,NA,NA,NA,NA,NA,NA,NA,NA,NA,NA,0.21433,0.80784,-2.29819,50,5.65923,6.6178,-114.2965,-0.16042,0.27907,24.14568,-31.12214,GEO_PAT,GEO_PAT,SpuhlerFieldMain,TeamExclusive,Team,20251004-SpuhlerFieldMain-Private-1,0f0bb2e0-a13c-11f0-b694-b1da4b1d52f5,76.06147,NA,NA,7.54812,NA,NA,NA,NA,NA,NA,399095c0-9636-49a8-8bc9-7cafea40f967,2025-10-04,16:06:16,2025-10-04T16:06:16Z,2025-10-04T16:06:16Z,NA,v3,471300,471300,NA,"Cowdrey, Vincent",1000469295,Right,GEO_PAT,c213978b-701d-4547-86ae-c049bdad79cf,55.6916,-115.49262,12.07284,5.62899,1.3813,-15.56107,-2.62568,6.60397,0.13954,NA,NA,NA,NA,NA,NA,NA,NA,NA,NA,NA,NA,NA,NA,NA,NA,NA,NA,NA,NA,NA,NA,NA,NA,NA,NA,NA,NA,NA,NA,NA,NA,NA,NA,NA,NA,NA,NA,NA,NA,NA,NA,NA,NA,NA,NA,NA,NA,NA,NA,High,High,High,NA,NA,NA,NA,NA,NA,NA,NA,NA,NA,NA,NA,NA,NA,NA,NA,NA,NA,NA,NA,NA,NA,NA,NA,NA,NA,NA,NA,NA,NA,NA,NA,NA,NA,NA,NA,NA,NA,NA,NA,NA,NA,NA,NA,NA,NA,NA,NA,NA,NA,NA,NA,NA,NA,NA,NA,NA
NA,NA,NA,NA,NA,NA,NA,NA,NA,NA,NA,NA,NA,NA,NA,NA,6,2025-10-04,12:06:48,4,1,"Cardenas, Diego",1000262735,Right,GEO_PAT,"Jaun , a",0033,Right,GEO_PAT,Undefined,1,Top,1,0,0,ChangeUp,Changeup,InPlay,Undefined,FlyBall,Out,1,0,NA,82.82119,-0.655879,-3.658028,1875.043972,237.670802,02:00:00,5.63558,2.83996,5.08164,-31.10931,11.83064,16.09521,2.42357,0.72819,74.32286,-6.409932,-0.818128,0.471631,100.78681,30.100712,2.312461,3144.33995,109.98952,61.49136,1.51689,375.37465,375.37465,-0.656426,5.323219,-9.28815,6.54036,-2.50658,50,5.54942,6.96098,-119.70478,-2.4528,-13.20571,27.44415,-22.87512,GEO_PAT,GEO_PAT,SpuhlerFieldMain,TeamExclusive,Team,20251004-SpuhlerFieldMain-Private-1,22092620-a13c-11f0-b694-b1da4b1d52f5,79.91939,92.89846,NA,8.49833,NA,NA,NA,1.81357,2.50189,-0.7139,399095c0-9636-49a8-8bc9-7cafea40f967,2025-10-04,16:06:48,2025-10-04T16:06:48Z,2025-10-04T16:06:48Z,FlyBall,v3,471300,471300,NA,"Cowdrey, Vincent",1000469295,Right,GEO_PAT,9bac3ed9-5fcc-4b2b-abd6-34b7001e3e0a,55.41886,-120.94076,13.72207,5.63669,-1.42259,-11.43756,-2.83346,7.55572,-6.60285,168.766472,1.8167,127.72442,-26.46156,6.31093,-1.25704,0.21668,-0.0316,0.00326,-1.6e-4,2.50214,74.12155,-16.32721,0.19141,0.35104,-0.18263,0.04669,-0.00589,2.9e-4,-0.71295,5.14101,-4.00862,1.3764,-0.33497,0.0601,-0.00736,5.6e-4,-2e-5,NA,NA,NA,NA,NA,NA,NA,NA,NA,NA,NA,NA,NA,NA,NA,NA,NA,NA,NA,NA,NA,NA,High,High,High,High,High,NA,NA,NA,NA,NA,NA,NA,NA,NA,NA,NA,NA,NA,NA,NA,NA,NA,NA,NA,NA,NA,NA,NA,NA,NA,NA,NA,NA,NA,NA,NA,NA,NA,NA,NA,NA,NA,NA,NA,NA,NA,NA,NA,NA,NA,NA,NA,NA,NA,NA,NA,NA,NA,NA,NA
NA,NA,NA,NA,NA,NA,NA,NA,NA,NA,NA,NA,NA,NA,NA,NA,7,2025-10-04,12:07:26,5,1,"Cardenas, Diego",1000262735,Right,GEO_PAT,"Brown , a",0010,Right,GEO_PAT,Undefined,1,Top,2,0,0,Slider,Slider,StrikeSwinging,Undefined,Undefined,Undefined,0,0,NA,79.26345,0.16236,-4.012542,2302.596255,88.733852,09:00:00,5.76327,2.63905,5.06799,-45.28739,1.63685,-4.04295,2.1428,-1.48755,71.60533,-8.073042,-4.724522,0.493026,NA,NA,NA,NA,NA,NA,NA,NA,NA,NA,NA,0.65961,1.27386,-2.25398,50,5.74326,8.20202,-114.50742,-1.2827,0.85906,24.90619,-30.51499,GEO_PAT,GEO_PAT,SpuhlerFieldMain,TeamExclusive,Team,20251004-SpuhlerFieldMain-Private-1,3938f870-a13c-11f0-b694-b1da4b1d52f5,76.4512,NA,NA,7.65812,NA,NA,NA,NA,NA,NA,399095c0-9636-49a8-8bc9-7cafea40f967,2025-10-04,16:07:26,2025-10-04T16:07:26Z,2025-10-04T16:07:26Z,NA,v3,471300,471300,NA,"Cowdrey, Vincent",1000469295,Right,GEO_PAT,ee35b3cb-a273-4d12-b997-3fa95b771a49,55.431,-115.68267,12.4531,5.76982,0.15721,-15.2575,-2.64005,8.16149,0.42953,NA,NA,NA,NA,NA,NA,NA,NA,NA,NA,NA,NA,NA,NA,NA,NA,NA,NA,NA,NA,NA,NA,NA,NA,NA,NA,NA,NA,NA,NA,NA,NA,NA,NA,NA,NA,NA,NA,NA,NA,NA,NA,NA,NA,NA,NA,NA,NA,NA,NA,High,High,High,NA,NA,NA,NA,NA,NA,NA,NA,NA,NA,NA,NA,NA,NA,NA,NA,NA,NA,NA,NA,NA,NA,NA,NA,NA,NA,NA,NA,NA,NA,NA,NA,NA,NA,NA,NA,NA,NA,NA,NA,NA,NA,NA,NA,NA,NA,NA,NA,NA,NA,NA,NA,NA,NA,NA,NA,NA
NA,NA,NA,NA,NA,NA,NA,NA,NA,NA,NA,NA,NA,NA,NA,NA,8,2025-10-04,12:07:56,5,2,"Cardenas, Diego",1000262735,Right,GEO_PAT,"Brown , a",0010,Right,GEO_PAT,Undefined,1,Top,2,0,1,Slider,Slider,BallCalled,Undefined,Undefined,Undefined,0,0,NA,79.81836,0.864473,-5.31378,2297.208404,23.512366,06:45:00,5.75714,2.7906,4.92214,-48.06349,-0.92189,-1.21579,2.57277,-2.34914,71.35426,-7.857932,-5.526511,0.494167,NA,NA,NA,NA,NA,NA,NA,NA,NA,NA,NA,-1.32839,-0.20346,-2.26983,50,5.80229,10.74229,-114.92911,-0.02202,-1.72659,26.90061,-32.43851,GEO_PAT,GEO_PAT,SpuhlerFieldMain,TeamExclusive,Team,20251004-SpuhlerFieldMain-Private-1,4ade07a0-a13c-11f0-b694-b1da4b1d52f5,76.27474,NA,NA,8.4641,NA,NA,NA,NA,NA,NA,399095c0-9636-49a8-8bc9-7cafea40f967,2025-10-04,16:07:56,2025-10-04T16:07:56Z,2025-10-04T16:07:56Z,NA,v3,471300,471300,NA,"Cowdrey, Vincent",1000469295,Right,GEO_PAT,0b14428b-1e46-400d-b468-3b6839fd1829,55.57538,-116.22678,13.4503,5.76561,1.54278,-16.21925,-2.79004,10.82557,-0.8633,NA,NA,NA,NA,NA,NA,NA,NA,NA,NA,NA,NA,NA,NA,NA,NA,NA,NA,NA,NA,NA,NA,NA,NA,NA,NA,NA,NA,NA,NA,NA,NA,NA,NA,NA,NA,NA,NA,NA,NA,NA,NA,NA,NA,NA,NA,NA,NA,NA,NA,High,High,High,NA,NA,NA,NA,NA,NA,NA,NA,NA,NA,NA,NA,NA,NA,NA,NA,NA,NA,NA,NA,NA,NA,NA,NA,NA,NA,NA,NA,NA,NA,NA,NA,NA,NA,NA,NA,NA,NA,NA,NA,NA,NA,NA,NA,NA,NA,NA,NA,NA,NA,NA,NA,NA,NA,NA,NA,NA
NA,NA,NA,NA,NA,NA,NA,NA,NA,NA,NA,NA,NA,NA,NA,NA,9,2025-10-04,12:08:20,5,3,"Cardenas, Diego",1000262735,Right,GEO_PAT,"Brown , a",0010,Right,GEO_PAT,Undefined,1,Top,2,1,1,Slider,Slider,StrikeSwinging,Undefined,Undefined,Undefined,0,0,NA,78.87743,0.391015,-3.601538,2345.192171,95.251912,09:15:00,5.62028,2.79116,4.7416,-44.56392,1.46622,-3.79418,2.27828,-0.94599,74.03592,-7.569621,-4.266159,0.488307,NA,NA,NA,NA,NA,NA,NA,NA,NA,NA,NA,1.11039,0.9563,-2.42454,50,5.61968,7.36336,-114.50571,-0.86857,1.50822,16.57176,-30.8751,GEO_PAT,GEO_PAT,SpuhlerFieldMain,TeamExclusive,Team,20251004-SpuhlerFieldMain-Private-1,59448da0-a13c-11f0-b694-b1da4b1d52f5,77.1901,NA,NA,4.84151,NA,NA,NA,NA,NA,NA,399095c0-9636-49a8-8bc9-7cafea40f967,2025-10-04,16:08:20,2025-10-04T16:08:20Z,2025-10-04T16:08:20Z,NA,v3,471300,471300,NA,"Cowdrey, Vincent",1000469295,Right,GEO_PAT,843b8f42-95de-4a13-ba4a-988398b7fa34,55.76369,-115.33684,8.28588,5.62441,0.67992,-15.43755,-2.79194,7.28772,0.75411,NA,NA,NA,NA,NA,NA,NA,NA,NA,NA,NA,NA,NA,NA,NA,NA,NA,NA,NA,NA,NA,NA,NA,NA,NA,NA,NA,NA,NA,NA,NA,NA,NA,NA,NA,NA,NA,NA,NA,NA,NA,NA,NA,NA,NA,NA,NA,NA,NA,NA,High,High,High,NA,NA,NA,NA,NA,NA,NA,NA,NA,NA,NA,NA,NA,NA,NA,NA,NA,NA,NA,NA,NA,NA,NA,NA,NA,NA,NA,NA,NA,NA,NA,NA,NA,NA,NA,NA,NA,NA,NA,NA,NA,NA,NA,NA,NA,NA,NA,NA,NA,NA,NA,NA,NA,NA,NA,NA,NA
NA,NA,NA,NA,NA,NA,NA,NA,NA,NA,NA,NA,NA,NA,NA,NA,10,2025-10-04,12:08:39,5,4,"Cardenas, Diego",1000262735,Right,GEO_PAT,"Brown , a",0010,Right,GEO_PAT,Undefined,1,Top,2,1,2,Slider,Slider,InPlay,Undefined,LineDrive,Single,0,2,NA,78.08665,0.045793,-3.211295,2396.555109,113.451986,09:45:00,5.67054,2.83939,4.67414,-43.13534,3.9778,-6.48681,2.1195,-0.75443,73.24943,-7.659239,-4.346847,0.494018,91.59238,13.397953,-25.097482,2194.166471,97.0662,14.46606,-51.75042,187.57904,185.00857,-30.998836,1.780183,2.52102,2.24851,-2.50569,50,5.63566,6.6247,-113.37932,-1.48925,3.35188,16.56684,-29.18449,GEO_PAT,GEO_PAT,SpuhlerFieldMain,TeamExclusive,Team,20251004-SpuhlerFieldMain-Private-1,648f2da0-a13c-11f0-b694-b1da4b1d52f5,76.29776,14.69199,NA,4.83722,NA,NA,NA,2.3461,2.27717,0.68638,399095c0-9636-49a8-8bc9-7cafea40f967,2025-10-04,16:08:39,2025-10-04T16:08:39Z,2025-10-04T16:08:39Z,LineDrive,v3,471300,471300,NA,"Cowdrey, Vincent",1000469295,Right,GEO_PAT,12ba4c96-4672-4586-a65c-d2a981587c2e,55.83131,-114.2282,8.28342,5.67366,0.00616,-14.59225,-2.84074,6.45295,1.67594,95.074936,2.3461,118.34234,-22.59059,4.94021,-1.49048,0.82796,-0.46755,0.15125,-0.02013,2.27717,31.12725,-20.93799,2.00526,-0.3036,-0.02645,0.05713,-0.02238,0.0032,0.68639,-55.42827,-1.67439,2.1163,-1.16651,0.87973,-0.52707,0.17443,-0.02355,NA,NA,NA,NA,NA,NA,NA,NA,NA,NA,NA,NA,NA,NA,NA,NA,NA,NA,NA,NA,NA,NA,High,High,High,High,High,NA,NA,NA,NA,NA,NA,NA,NA,NA,NA,NA,NA,NA,NA,NA,NA,NA,NA,NA,NA,NA,NA,NA,NA,NA,NA,NA,NA,NA,NA,NA,NA,NA,NA,NA,NA,NA,NA,NA,NA,NA,NA,NA,NA,NA,NA,NA,NA,NA,NA,NA,NA,NA,NA,NA
NA,NA,NA,NA,NA,NA,NA,NA,NA,NA,NA,NA,NA,NA,NA,NA,11,2025-10-04,12:09:22,6,1,"Cardenas, Diego",1000262735,Right,GEO_PAT,"Ary , a",006,Right,GEO_PAT,Undefined,1,Top,2,0,0,Fastball,Sinker,BallCalled,Undefined,Undefined,Undefined,0,0,NA,89.21235,-0.569723,-2.404352,2020.257855,226.673679,01:30:00,5.92315,2.6487,5.05051,-21.31226,15.0391,14.68233,3.60927,1.60306,81.22168,-4.529734,0.187714,0.433942,NA,NA,NA,NA,NA,NA,NA,NA,NA,NA,NA,-7.94559,7.96859,-2.43172,50,5.85237,4.73805,-129.30844,-2.0549,-13.42812,27.42954,-18.70708,GEO_PAT,GEO_PAT,SpuhlerFieldMain,TeamExclusive,Team,20251004-SpuhlerFieldMain-Private-1,7de36690-a13c-11f0-b694-b1da4b1d52f5,86.86053,NA,NA,7.99067,NA,NA,NA,NA,NA,NA,399095c0-9636-49a8-8bc9-7cafea40f967,2025-10-04,16:09:22,2025-10-04T16:09:22Z,2025-10-04T16:09:22Z,NA,v3,471300,471300,NA,"Cowdrey, Vincent",1000469295,Right,GEO_PAT,02ac0481-a46b-42ac-a44d-87e34059e804,55.45027,-130.45945,13.71477,5.92212,-1.2699,-9.35354,-2.64236,5.30153,-6.71406,NA,NA,NA,NA,NA,NA,NA,NA,NA,NA,NA,NA,NA,NA,NA,NA,NA,NA,NA,NA,NA,NA,NA,NA,NA,NA,NA,NA,NA,NA,NA,NA,NA,NA,NA,NA,NA,NA,NA,NA,NA,NA,NA,NA,NA,NA,NA,NA,NA,NA,High,High,High,NA,NA,NA,NA,NA,NA,NA,NA,NA,NA,NA,NA,NA,NA,NA,NA,NA,NA,NA,NA,NA,NA,NA,NA,NA,NA,NA,NA,NA,NA,NA,NA,NA,NA,NA,NA,NA,NA,NA,NA,NA,NA,NA,NA,NA,NA,NA,NA,NA,NA,NA,NA,NA,NA,NA,NA,NA
NA,NA,NA,NA,NA,NA,NA,NA,NA,NA,NA,NA,NA,NA,NA,NA,12,2025-10-04,12:09:43,6,2,"Cardenas, Diego",1000262735,Right,GEO_PAT,"Ary , a",006,Right,GEO_PAT,Undefined,1,Top,2,1,0,Fastball,Sinker,BallCalled,Undefined,Undefined,Undefined,0,0,NA,88.83288,-1.962475,-2.865225,2055.4494330000002,227.023789,01:30:00,5.77964,2.69456,5.12347,-20.99844,15.59749,15.44603,2.17819,1.28059,81.04458,-5.861507,-0.135109,0.435399,NA,NA,NA,NA,NA,NA,NA,NA,NA,NA,NA,-8.48634,8.668,-2.43756,50,5.57903,5.72652,-128.67727,-5.15761,-14.21174,26.99699,-17.65811,GEO_PAT,GEO_PAT,SpuhlerFieldMain,TeamExclusive,Team,20251004-SpuhlerFieldMain-Private-1,8a378750-a13c-11f0-b694-b1da4b1d52f5,86.569820000000007,NA,NA,7.7883,NA,NA,NA,NA,NA,NA,399095c0-9636-49a8-8bc9-7cafea40f967,2025-10-04,16:09:43,2025-10-04T16:09:43Z,2025-10-04T16:09:43Z,NA,v3,471300,471300,NA,"Cowdrey, Vincent",1000469295,Right,GEO_PAT,2a27b5f2-8318-408e-90f5-f330a284f6d9,55.37791,-129.80067,13.49849,5.77836,-4.42282,-8.82905,-2.68816,6.3179,-7.10587,NA,NA,NA,NA,NA,NA,NA,NA,NA,NA,NA,NA,NA,NA,NA,NA,NA,NA,NA,NA,NA,NA,NA,NA,NA,NA,NA,NA,NA,NA,NA,NA,NA,NA,NA,NA,NA,NA,NA,NA,NA,NA,NA,NA,NA,NA,NA,NA,NA,NA,High,High,High,NA,NA,NA,NA,NA,NA,NA,NA,NA,NA,NA,NA,NA,NA,NA,NA,NA,NA,NA,NA,NA,NA,NA,NA,NA,NA,NA,NA,NA,NA,NA,NA,NA,NA,NA,NA,NA,NA,NA,NA,NA,NA,NA,NA,NA,NA,NA,NA,NA,NA,NA,NA,NA,NA,NA,NA,NA
NA,NA,NA,NA,NA,NA,NA,NA,NA,NA,NA,NA,NA,NA,NA,NA,13,2025-10-04,12:10:01,6,3,"Cardenas, Diego",1000262735,Right,GEO_PAT,"Ary , a",006,Right,GEO_PAT,Undefined,1,Top,2,2,0,Sinker,Changeup,InPlay,Undefined,GroundBall,Single,1,0,NA,87.14691,-1.384309,-3.364375,1973.254896,236.033325,01:45:00,5.67684,2.97384,5.03393,-25.29434,12.81981,17.19174,2.26035,1.22851,79.61588,-6.039331,-0.332115,0.444339,100.72896,11.953378,-12.743784,2088.709916,105.27912,18.1613,-31.87935,255.52528,255.52528,-21.146432,2.322362,-9.51977,7.1078,-2.66666,50,5.5244,6.64768,-126.23814,-3.98209,-15.35872,25.74827,-20.70668,GEO_PAT,GEO_PAT,SpuhlerFieldMain,TeamExclusive,Team,20251004-SpuhlerFieldMain-Private-1,95530100-a13c-11f0-b694-b1da4b1d52f5,84.82808,19.05362,NA,7.53103,NA,NA,NA,1.26937,2.27125,-1.23188,399095c0-9636-49a8-8bc9-7cafea40f967,2025-10-04,16:10:01,2025-10-04T16:10:01Z,2025-10-04T16:10:01Z,LineDrive,v3,471300,471300,NA,"Cowdrey, Vincent",1000469295,Right,GEO_PAT,1832da63-0160-4f1d-8fc1-c8df765f503c,55.46896,-127.34874,12.87413,5.6769,-3.08895,-10.35334,-2.96768,7.31015,-7.67936,120.828905,1.26933,140.97403,-25.72355,5.73736,-1.07874,0.11913,0.01007,-0.00667,8.4e-4,2.27131,30.59438,-13.99028,-0.10018,0.11412,0.05669,-0.04922,0.01452,-0.00157,-1.23194,-31.87817,-7.03306,2.90549,-0.72611,0.05789,0.03419,-0.01326,0.00154,NA,NA,NA,NA,NA,NA,NA,NA,NA,NA,NA,NA,NA,NA,NA,NA,NA,NA,NA,NA,NA,NA,High,High,High,High,High,NA,NA,NA,NA,NA,NA,NA,NA,NA,NA,NA,NA,NA,NA,NA,NA,NA,NA,NA,NA,NA,NA,NA,NA,NA,NA,NA,NA,NA,NA,NA,NA,NA,NA,NA,NA,NA,NA,NA,NA,NA,NA,NA,NA,NA,NA,NA,NA,NA,NA,NA,NA,NA,NA,NA
NA,NA,NA,NA,NA,NA,NA,NA,NA,NA,NA,NA,NA,NA,NA,NA,14,2025-10-04,12:13:00,1,1,"Anderson , a",0029,Right,GEO_PAT,"Clyne , Owen",1000230336,Left,GEO_PAT,Undefined,1,Bottom,0,0,0,Fastball,Changeup,BallCalled,Undefined,Undefined,Undefined,0,0,NA,85.31005,-3.544527,-2.681938,1885.76244,221.534789,01:30:00,6.26355,1.03999,5.72883,-21.92119,16.83647,13.80276,1.12763,-0.30952,78.28894,-7.633857,-0.213177,0.448075,NA,NA,NA,NA,NA,NA,NA,NA,NA,NA,NA,-7.83567,9.9463,-0.82498,50,5.95372,5.23762,-123.60162,-8.3426,-12.13013,24.47509,-16.77648,GEO_PAT,GEO_PAT,SpuhlerFieldMain,TeamExclusive,Team,20251004-SpuhlerFieldMain-Private-1,0003c750-a13d-11f0-b694-b1da4b1d52f5,84.1209,NA,NA,7.02111,NA,NA,NA,NA,NA,NA,399095c0-9636-49a8-8bc9-7cafea40f967,2025-10-04,16:13:00,2025-10-04T16:13:00Z,2025-10-04T16:13:00Z,NA,v3,471300,471300,NA,"Ary , a",006,Right,GEO_PAT,327abe74-2d20-414e-a37f-5142230fe7de,54.77438,-124.54344,12.23755,6.26233,-7.69703,-8.38824,-1.03551,5.7044,-6.06507,NA,NA,NA,NA,NA,NA,NA,NA,NA,NA,NA,NA,NA,NA,NA,NA,NA,NA,NA,NA,NA,NA,NA,NA,NA,NA,NA,NA,NA,NA,NA,NA,NA,NA,NA,NA,NA,NA,NA,NA,NA,NA,NA,NA,NA,NA,NA,NA,NA,NA,High,High,High,NA,NA,NA,NA,NA,NA,NA,NA,NA,NA,NA,NA,NA,NA,NA,NA,NA,NA,NA,NA,NA,NA,NA,NA,NA,NA,NA,NA,NA,NA,NA,NA,NA,NA,NA,NA,NA,NA,NA,NA,NA,NA,NA,NA,NA,NA,NA,NA,NA,NA,NA,NA,NA,NA,NA,NA,NA
NA,NA,NA,NA,NA,NA,NA,NA,NA,NA,NA,NA,NA,NA,NA,NA,15,2025-10-04,12:13:17,1,2,"Anderson , a",0029,Right,GEO_PAT,"Clyne , Owen",1000230336,Left,GEO_PAT,Undefined,1,Bottom,0,1,0,ChangeUp,Changeup,StrikeCalled,Undefined,Undefined,Undefined,0,0,NA,83.34147,-1.04414,-2.936059,1689.29599,219.437706,01:15:00,6.22513,1.25747,5.85543,-24.10115,16.17584,12.25827,3.24513,-0.4515,76.32856,-5.565374,-0.740636,0.456772,NA,NA,NA,NA,NA,NA,NA,NA,NA,NA,NA,-7.06898,8.94107,-1.02598,50,6.12612,5.71738,-120.9326,-2.92612,-10.48674,23.19793,-18.91009,GEO_PAT,GEO_PAT,SpuhlerFieldMain,TeamExclusive,Team,20251004-SpuhlerFieldMain-Private-1,0a642e60-a13d-11f0-b694-b1da4b1d52f5,82.51907,NA,NA,7.0129,NA,NA,NA,NA,NA,NA,399095c0-9636-49a8-8bc9-7cafea40f967,2025-10-04,16:13:17,2025-10-04T16:13:17Z,2025-10-04T16:13:17Z,NA,v3,471300,471300,NA,"Ary , a",006,Right,GEO_PAT,bfc6fa01-cf50-489b-ad9b-99d6b1460808,54.64611,-121.82058,11.59896,6.22428,-2.20227,-9.45504,-1.25252,6.11879,-5.24337,NA,NA,NA,NA,NA,NA,NA,NA,NA,NA,NA,NA,NA,NA,NA,NA,NA,NA,NA,NA,NA,NA,NA,NA,NA,NA,NA,NA,NA,NA,NA,NA,NA,NA,NA,NA,NA,NA,NA,NA,NA,NA,NA,NA,NA,NA,NA,NA,NA,NA,High,High,High,NA,NA,NA,NA,NA,NA,NA,NA,NA,NA,NA,NA,NA,NA,NA,NA,NA,NA,NA,NA,NA,NA,NA,NA,NA,NA,NA,NA,NA,NA,NA,NA,NA,NA,NA,NA,NA,NA,NA,NA,NA,NA,NA,NA,NA,NA,NA,NA,NA,NA,NA,NA,NA,NA,NA,NA,NA
NA,NA,NA,NA,NA,NA,NA,NA,NA,NA,NA,NA,NA,NA,NA,NA,16,2025-10-04,12:13:35,1,3,"Anderson , a",0029,Right,GEO_PAT,"Clyne , Owen",1000230336,Left,GEO_PAT,Undefined,1,Bottom,0,1,1,ChangeUp,Changeup,BallCalled,Undefined,Undefined,Undefined,0,0,NA,77.65061,-3.116132,-1.813869,1824.838755,221.068414,01:15:00,6.1815,1.10051,5.91628,-32.47356,13.64804,10.67304,0.57895,0.3059,71.97358,-9.102257,0.105109,0.488792,NA,NA,NA,NA,NA,NA,NA,NA,NA,NA,NA,-6.02851,8.23685,-0.96146,50,5.9126,3.19779,-112.709,-7.07982,-7.79921,19.38527,-21.51788,GEO_PAT,GEO_PAT,SpuhlerFieldMain,TeamExclusive,Team,20251004-SpuhlerFieldMain-Private-1,15157490-a13d-11f0-b694-b1da4b1d52f5,77.11351,NA,NA,5.67703,NA,NA,NA,NA,NA,NA,399095c0-9636-49a8-8bc9-7cafea40f967,2025-10-04,16:13:35,2025-10-04T16:13:35Z,2025-10-04T16:13:35Z,NA,v3,471300,471300,NA,"Ary , a",006,Right,GEO_PAT,a0565440-cb6f-4a8d-b08a-c267832ecc0f,54.58774,-113.49532,9.69263,6.18207,-6.20699,-10.75894,-1.09759,3.51414,-3.8996,NA,NA,NA,NA,NA,NA,NA,NA,NA,NA,NA,NA,NA,NA,NA,NA,NA,NA,NA,NA,NA,NA,NA,NA,NA,NA,NA,NA,NA,NA,NA,NA,NA,NA,NA,NA,NA,NA,NA,NA,NA,NA,NA,NA,NA,NA,NA,NA,NA,NA,High,High,High,NA,NA,NA,NA,NA,NA,NA,NA,NA,NA,NA,NA,NA,NA,NA,NA,NA,NA,NA,NA,NA,NA,NA,NA,NA,NA,NA,NA,NA,NA,NA,NA,NA,NA,NA,NA,NA,NA,NA,NA,NA,NA,NA,NA,NA,NA,NA,NA,NA,NA,NA,NA,NA,NA,NA,NA,NA
NA,NA,NA,NA,NA,NA,NA,NA,NA,NA,NA,NA,NA,NA,NA,NA,17,2025-10-04,12:13:54,1,4,"Anderson , a",0029,Right,GEO_PAT,"Clyne , Owen",1000230336,Left,GEO_PAT,Undefined,1,Bottom,0,2,1,ChangeUp,Changeup,BallCalled,Undefined,Undefined,Undefined,0,0,NA,84.32678,1.499588,-0.784514,1865.327907,215.274186,01:15:00,6.39419,1.15546,5.82368,-21.09702,18.21906,12.03997,6.03076,1.42936,77.0204,-2.494302,1.372489,0.451291,NA,NA,NA,NA,NA,NA,NA,NA,NA,NA,NA,-6.31461,9.23835,-1.09823,50,6.50433,1.18192,-122.4589,2.59788,-9.60922,23.7013,-18.11565,GEO_PAT,GEO_PAT,SpuhlerFieldMain,TeamExclusive,Team,20251004-SpuhlerFieldMain-Private-1,202e5630-a13d-11f0-b694-b1da4b1d52f5,83.52142,NA,NA,7.30638,NA,NA,NA,NA,NA,NA,399095c0-9636-49a8-8bc9-7cafea40f967,2025-10-04,16:13:54,2025-10-04T16:13:54Z,2025-10-04T16:13:54Z,NA,v3,471300,471300,NA,"Ary , a",006,Right,GEO_PAT,d76251df-b1b0-4c6b-9cda-ad409bf74c8a,54.67636,-123.36067,11.85065,6.39238,3.28713,-9.05783,-1.15016,1.54752,-4.80461,NA,NA,NA,NA,NA,NA,NA,NA,NA,NA,NA,NA,NA,NA,NA,NA,NA,NA,NA,NA,NA,NA,NA,NA,NA,NA,NA,NA,NA,NA,NA,NA,NA,NA,NA,NA,NA,NA,NA,NA,NA,NA,NA,NA,NA,NA,NA,NA,NA,NA,High,High,High,NA,NA,NA,NA,NA,NA,NA,NA,NA,NA,NA,NA,NA,NA,NA,NA,NA,NA,NA,NA,NA,NA,NA,NA,NA,NA,NA,NA,NA,NA,NA,NA,NA,NA,NA,NA,NA,NA,NA,NA,NA,NA,NA,NA,NA,NA,NA,NA,NA,NA,NA,NA,NA,NA,NA,NA,NA
NA,NA,NA,NA,NA,NA,NA,NA,NA,NA,NA,NA,NA,NA,NA,NA,18,2025-10-04,12:14:17,1,5,"Anderson , a",0029,Right,GEO_PAT,"Clyne , Owen",1000230336,Left,GEO_PAT,Undefined,1,Bottom,0,3,1,Fastball,Changeup,BallCalled,Walk,Undefined,Undefined,0,0,NA,85.69856,-3.730534,-2.988696,1936.529179,219.295899,01:15:00,6.27741,1.05722,5.77214,-18.79367,19.64013,15.03095,1.22989,-0.47408,78.43574,-7.273179,-0.300046,0.446198,NA,NA,NA,NA,NA,NA,NA,NA,NA,NA,NA,-8.57402,11.47134,-0.81943,50,5.95695,5.87661,-124.09814,-8.65273,-13.35883,25.03997,-14.30101,GEO_PAT,GEO_PAT,SpuhlerFieldMain,TeamExclusive,Team,20251004-SpuhlerFieldMain-Private-1,2de9cf20-a13d-11f0-b694-b1da4b1d52f5,84.47462,NA,NA,7.26281,NA,NA,NA,NA,NA,NA,399095c0-9636-49a8-8bc9-7cafea40f967,2025-10-04,16:14:17,2025-10-04T16:14:17Z,2025-10-04T16:14:17Z,NA,v3,471300,471300,NA,"Ary , a",006,Right,GEO_PAT,0fac1d9d-22fb-46db-87cd-9ea5139842fc,54.73101,-125.0491,12.51999,6.27524,-8.10961,-7.15051,-1.05224,6.38394,-6.67942,NA,NA,NA,NA,NA,NA,NA,NA,NA,NA,NA,NA,NA,NA,NA,NA,NA,NA,NA,NA,NA,NA,NA,NA,NA,NA,NA,NA,NA,NA,NA,NA,NA,NA,NA,NA,NA,NA,NA,NA,NA,NA,NA,NA,NA,NA,NA,NA,NA,NA,High,High,High,NA,NA,NA,NA,NA,NA,NA,NA,NA,NA,NA,NA,NA,NA,NA,NA,NA,NA,NA,NA,NA,NA,NA,NA,NA,NA,NA,NA,NA,NA,NA,NA,NA,NA,NA,NA,NA,NA,NA,NA,NA,NA,NA,NA,NA,NA,NA,NA,NA,NA,NA,NA,NA,NA,NA,NA,NA
NA,NA,NA,NA,NA,NA,NA,NA,NA,NA,NA,NA,NA,NA,NA,NA,19,2025-10-04,12:14:48,2,1,"Anderson , a",0029,Right,GEO_PAT,"Alberti, Lucas",1000145512,Right,GEO_PAT,Undefined,1,Bottom,0,0,0,Curveball,Curveball,BallCalled,Undefined,Undefined,Undefined,0,0,NA,74.32025,2.349979,-0.062395,2378.200397,55.088141,07:45:00,6.36249,0.84234,5.29753,-59.65743,-7.7965,-13.5093,3.5987,-0.34202,68.20473,-8.477448,-2.462935,0.518312,NA,NA,NA,NA,NA,NA,NA,NA,NA,NA,NA,6.74737,-4.09603,-0.8264,50,6.53258,0.62918,-107.86252,2.44264,7.92172,19.36396,-36.98298,GEO_PAT,GEO_PAT,SpuhlerFieldMain,TeamExclusive,Team,20251004-SpuhlerFieldMain-Private-1,407a9de0-a13d-11f0-b694-b1da4b1d52f5,72.72149,NA,NA,6.11552,NA,NA,NA,NA,NA,NA,399095c0-9636-49a8-8bc9-7cafea40f967,2025-10-04,16:14:48,2025-10-04T16:14:48Z,2025-10-04T16:14:48Z,NA,v3,471300,471300,NA,"Ary , a",006,Right,GEO_PAT,463470b1-84dc-4d75-98e9-a9ca6fcb13dc,55.20755,-108.79339,9.68198,6.37242,4.22049,-18.49149,-0.84749,0.24837,3.96086,NA,NA,NA,NA,NA,NA,NA,NA,NA,NA,NA,NA,NA,NA,NA,NA,NA,NA,NA,NA,NA,NA,NA,NA,NA,NA,NA,NA,77.81282,1.985349,0.69929,1.28606,-0.09804,3.36829,0.40807,-1.10702,6.26831,0.73474,127.30534,6.10928,0.12567,-0.97931,111.59716,-9.32643,6.28139,14.92101,-11.722,0.68137,-4.21269,2.9865,High,High,High,NA,NA,High,High,Medium,NA,NA,NA,NA,NA,NA,NA,NA,NA,NA,NA,NA,NA,NA,NA,NA,NA,NA,NA,NA,NA,NA,NA,NA,NA,NA,NA,NA,NA,NA,NA,NA,NA,NA,NA,NA,NA,NA,NA,NA,NA,NA,NA,NA,NA,NA,NA,NA,NA,NA,NA,NA
NA,NA,NA,NA,NA,NA,NA,NA,NA,NA,NA,NA,NA,NA,NA,NA,20,2025-10-04,12:15:19,2,2,"Anderson , a",0029,Right,GEO_PAT,"Alberti, Lucas",1000145512,Right,GEO_PAT,Undefined,1,Bottom,0,1,0,Fastball,Changeup,StrikeCalled,Undefined,Undefined,Undefined,0,0,NA,84.98048,-1.853632,-1.501712,1805.577864,218.327456,01:15:00,6.37115,0.93274,5.90309,-20.75411,17.94493,13.20194,2.91965,0.63848,77.7485,-5.770982,0.868375,0.447735,NA,NA,NA,NA,NA,NA,NA,NA,NA,NA,NA,-7.15989,10.07918,-0.81944,50,6.21012,2.69955,-123.3658,-4.59432,-11.03059,24.61396,-16.64598,GEO_PAT,GEO_PAT,SpuhlerFieldMain,TeamExclusive,Team,20251004-SpuhlerFieldMain-Private-1,530aa950-a13d-11f0-b694-b1da4b1d52f5,84.18463,NA,NA,7.23198,NA,NA,NA,NA,NA,NA,399095c0-9636-49a8-8bc9-7cafea40f967,2025-10-04,16:15:19,2025-10-04T16:15:19Z,2025-10-04T16:15:19Z,NA,v3,471300,471300,NA,"Ary , a",006,Right,GEO_PAT,ccd6f95e-4926-4a74-b0aa-3dcc5b145f45,54.59783,-124.27978,12.30698,6.36924,-3.97621,-8.32299,-0.92728,3.10914,-5.5153,NA,NA,NA,NA,NA,NA,NA,NA,NA,NA,NA,NA,NA,NA,NA,NA,NA,NA,NA,NA,NA,NA,NA,NA,NA,NA,NA,NA,NA,NA,NA,NA,NA,NA,NA,NA,NA,NA,NA,NA,NA,NA,NA,NA,NA,NA,NA,NA,NA,NA,High,High,High,NA,NA,NA,NA,NA,NA,NA,NA,NA,NA,NA,NA,NA,NA,NA,NA,NA,NA,NA,NA,NA,NA,NA,NA,NA,NA,NA,NA,NA,NA,NA,NA,NA,NA,NA,NA,NA,NA,NA,NA,NA,NA,NA,NA,NA,NA,NA,NA,NA,NA,NA,NA,NA,NA,NA,NA,NA
NA,NA,NA,NA,NA,NA,NA,NA,NA,NA,NA,NA,NA,NA,NA,NA,21,2025-10-04,12:15:38,2,3,"Anderson , a",0029,Right,GEO_PAT,"Alberti, Lucas",1000145512,Right,GEO_PAT,Undefined,1,Bottom,0,1,1,Curveball,Curveball,BallCalled,Undefined,Undefined,Undefined,0,0,NA,74.88419,-0.064832,-0.900559,2418.607298,45.66465,07:30:00,6.33603,0.76452,5.67986,-60.38287,-10.17504,-11.97812,1.24368,-1.07326,69.41628,-11.016626,-3.050476,0.509985,NA,NA,NA,NA,NA,NA,NA,NA,NA,NA,NA,5.90181,-4.8352,-0.6807,50,6.2919,2.13158,-108.86716,-2.02242,7.06104,19.66691,-37.95894,GEO_PAT,GEO_PAT,SpuhlerFieldMain,TeamExclusive,Team,20251004-SpuhlerFieldMain-Private-1,5e4df650-a13d-11f0-b694-b1da4b1d52f5,73.90899,NA,NA,5.46792,NA,NA,NA,NA,NA,NA,399095c0-9636-49a8-8bc9-7cafea40f967,2025-10-04,16:15:38,2025-10-04T16:15:38Z,2025-10-04T16:15:38Z,NA,v3,471300,471300,NA,"Ary , a",006,Right,GEO_PAT,38b2f36e-6df6-494c-8372-26f237fe90cc,54.82694,-109.73568,9.83346,6.3442,-0.34609,-18.97947,-0.76795,1.81975,3.53052,NA,NA,NA,NA,NA,NA,NA,NA,NA,NA,NA,NA,NA,NA,NA,NA,NA,NA,NA,NA,NA,NA,NA,NA,NA,NA,NA,NA,NA,NA,NA,NA,NA,NA,NA,NA,NA,NA,NA,NA,NA,NA,NA,NA,NA,NA,NA,NA,NA,NA,High,High,High,NA,NA,NA,NA,NA,NA,NA,NA,NA,NA,NA,NA,NA,NA,NA,NA,NA,NA,NA,NA,NA,NA,NA,NA,NA,NA,NA,NA,NA,NA,NA,NA,NA,NA,NA,NA,NA,NA,NA,NA,NA,NA,NA,NA,NA,NA,NA,NA,NA,NA,NA,NA,NA,NA,NA,NA,NA
NA,NA,NA,NA,NA,NA,NA,NA,NA,NA,NA,NA,NA,NA,NA,NA,22,2025-10-04,12:15:57,2,4,"Anderson , a",0029,Right,GEO_PAT,"Alberti, Lucas",1000145512,Right,GEO_PAT,Undefined,1,Bottom,0,2,1,Fastball,Changeup,FoulBallNotFieldable,Undefined,Undefined,Undefined,0,0,NA,84.83398,-2.971819,-2.308841,1862.185321,217.545334,01:15:00,6.32747,0.84852,5.92074,-18.89674,20.03371,14.41068,1.99009,-0.09443,77.57229,-6.553488,0.277695,0.449072,87.62345,24.153935,53.209657,4382.117876,57.2037,36.72938,93.95594,258.65855,164.86994,67.450739,3.336202,-8.0667,11.50741,-0.67185,50,6.07838,4.38947,-123.01038,-6.91712,-12.34092,24.75198,-14.56927,GEO_PAT,GEO_PAT,SpuhlerFieldMain,TeamExclusive,Team,20251004-SpuhlerFieldMain-Private-1,69cb1800-a13d-11f0-b694-b1da4b1d52f5,83.93402,39.88492,NA,7.26169,NA,NA,NA,0.97052,1.90789,0.22207,399095c0-9636-49a8-8bc9-7cafea40f967,2025-10-04,16:15:57,2025-10-04T16:15:57Z,2025-10-04T16:15:57Z,LineDrive,v3,471300,471300,NA,"Ary , a",006,Right,GEO_PAT,40163349-c5a3-4a9f-8a54-b310de7361d8,54.58139,-123.92882,12.37599,6.32501,-6.37652,-7.28464,-0.84322,4.84739,-6.17046,NA,0.97083,70.21888,-21.2968,5.15477,-1.26202,0.29524,-0.07955,0.01638,-0.00142,1.90792,52.58405,-21.09973,2.41902,-0.32748,-0.04506,0.04987,-0.01291,0.00114,0.22217,93.90685,-6.52405,-0.59498,0.36496,-0.04374,-0.02771,0.0102,-0.00103,NA,NA,NA,NA,NA,NA,NA,NA,NA,NA,NA,NA,NA,NA,NA,NA,NA,NA,NA,NA,NA,NA,High,High,High,High,Medium,NA,NA,NA,NA,NA,NA,NA,NA,NA,NA,NA,NA,NA,NA,NA,NA,NA,NA,NA,NA,NA,NA,NA,NA,NA,NA,NA,NA,NA,NA,NA,NA,NA,NA,NA,NA,NA,NA,NA,NA,NA,NA,NA,NA,NA,NA,NA,NA,NA,NA,NA,NA,NA,NA,NA
NA,NA,NA,NA,NA,NA,NA,NA,NA,NA,NA,NA,NA,NA,NA,NA,23,2025-10-04,12:16:21,2,5,"Anderson , a",0029,Right,GEO_PAT,"Alberti, Lucas",1000145512,Right,GEO_PAT,Undefined,1,Bottom,0,2,2,Curveball,Curveball,BallCalled,Undefined,Undefined,Undefined,1,0,NA,75.05862,3.104714,-0.761588,2533.999781,49.01171,07:45:00,6.39145,0.67548,5.39411,-62.24649,-11.12839,-14.78489,4.11716,-1.27042,68.30793,-8.223126,-3.390747,0.514587,NA,NA,NA,NA,NA,NA,NA,NA,NA,NA,NA,7.17457,-6.03768,-0.5967,50,6.62503,2.01194,-108.80109,3.82066,8.49821,21.19923,-39.32565,GEO_PAT,GEO_PAT,SpuhlerFieldMain,TeamExclusive,Team,20251004-SpuhlerFieldMain-Private-1,77c48450-a13d-11f0-b694-b1da4b1d52f5,73.24798,NA,NA,6.7507,NA,NA,NA,NA,NA,NA,399095c0-9636-49a8-8bc9-7cafea40f967,2025-10-04,16:16:21,2025-10-04T16:16:21Z,2025-10-04T16:16:21Z,NA,v3,471300,471300,NA,"Ary , a",006,Right,GEO_PAT,f49a3d6d-fbe8-4eba-9224-7b2e536f4c6d,55.11084,-109.79239,10.59961,6.40337,5.65957,-19.66283,-0.68149,1.61456,4.2491,NA,NA,NA,NA,NA,NA,NA,NA,NA,NA,NA,NA,NA,NA,NA,NA,NA,NA,NA,NA,NA,NA,NA,NA,NA,NA,NA,NA,78.95932,1.559709,0.6976,0.862109,-0.11887,3.89008,1.36242,-2.02771,5.93719,0.56129,64.03012,4.76491,-60.74953,-2.00118,81.89728,-6.18554,5.94596,9.00412,-12.0452,0.50321,-80.02763,10.48397,High,High,High,NA,NA,High,High,High,NA,NA,NA,NA,NA,NA,NA,NA,NA,NA,NA,NA,NA,NA,NA,NA,NA,NA,NA,NA,NA,NA,NA,NA,NA,NA,NA,NA,NA,NA,NA,NA,NA,NA,NA,NA,NA,NA,NA,NA,NA,NA,NA,NA,NA,NA,NA,NA,NA,NA,NA,NA
NA,NA,NA,NA,NA,NA,NA,NA,NA,NA,NA,NA,NA,NA,NA,NA,24,2025-10-04,12:17:00,2,6,"Anderson , a",0029,Right,GEO_PAT,"Alberti, Lucas",1000145512,Right,GEO_PAT,Undefined,1,Bottom,1,3,2,Fastball,Four-Seam,FoulBallNotFieldable,Undefined,Undefined,Undefined,0,0,NA,85.83175,-2.579566,-1.561465,1995.221397,205.473983,12:45:00,6.40624,0.92196,5.76518,-13.87816,24.64371,11.08965,2.84629,0.39241,77.71948,-5.281561,0.423187,0.446709,NA,NA,NA,NA,NA,NA,NA,NA,NA,NA,NA,-6.05941,13.67111,-0.79913,50,6.18397,2.91469,-124.36459,-5.92233,-9.40408,27.04712,-10.95671,GEO_PAT,GEO_PAT,SpuhlerFieldMain,TeamExclusive,Team,20251004-SpuhlerFieldMain-Private-1,8ff60f30-a13d-11f0-b694-b1da4b1d52f5,84.37798,NA,NA,8.11227,NA,NA,NA,NA,NA,NA,399095c0-9636-49a8-8bc9-7cafea40f967,2025-10-04,16:17:00,2025-10-04T16:17:00Z,2025-10-04T16:17:00Z,NA,v3,471300,471300,NA,"Ary , a",006,Right,GEO_PAT,bc043dc8-558f-42ce-9e17-48869253c182,54.73286,-125.38968,13.52356,6.40055,-5.50707,-5.47836,-0.91635,3.27111,-4.70204,NA,NA,NA,NA,NA,NA,NA,NA,NA,NA,NA,NA,NA,NA,NA,NA,NA,NA,NA,NA,NA,NA,NA,NA,NA,NA,NA,NA,NA,NA,NA,NA,NA,NA,NA,NA,NA,NA,NA,NA,NA,NA,NA,NA,NA,NA,NA,NA,NA,NA,High,High,High,NA,NA,NA,NA,NA,NA,NA,NA,NA,NA,NA,NA,NA,NA,NA,NA,NA,NA,NA,NA,NA,NA,NA,NA,NA,NA,NA,NA,NA,NA,NA,NA,NA,NA,NA,NA,NA,NA,NA,NA,NA,NA,NA,NA,NA,NA,NA,NA,NA,NA,NA,NA,NA,NA,NA,NA,NA
NA,NA,NA,NA,NA,NA,NA,NA,NA,NA,NA,NA,NA,NA,NA,NA,25,2025-10-04,12:17:34,2,7,"Anderson , a",0029,Right,GEO_PAT,"Alberti, Lucas",1000145512,Right,GEO_PAT,Undefined,1,Bottom,1,3,2,ChangeUp,Changeup,FoulBallNotFieldable,Undefined,Undefined,Undefined,0,0,NA,78.04123,-1.876078,-2.692434,1739.012769,225.825893,01:30:00,6.18281,0.89218,6.1945,-32.72651,13.18835,11.89949,1.72096,-0.60383,70.97468,-8.009561,-0.544686,0.487695,NA,NA,NA,NA,NA,NA,NA,NA,NA,NA,NA,-7.01327,7.89288,-0.69512,50,6.0249,4.89811,-113.14903,-4.60951,-8.98477,22.91916,-22.0624,GEO_PAT,GEO_PAT,SpuhlerFieldMain,TeamExclusive,Team,20251004-SpuhlerFieldMain-Private-1,a4171ae0-a13d-11f0-b694-b1da4b1d52f5,77.28695,NA,NA,7.06655,NA,NA,NA,NA,NA,NA,399095c0-9636-49a8-8bc9-7cafea40f967,2025-10-04,16:17:34,2025-10-04T16:17:34Z,2025-10-04T16:17:34Z,NA,v3,471300,471300,NA,"Ary , a",006,Right,GEO_PAT,710b0a5b-59b4-4689-952c-210b56c9ceb9,54.30595,-114.01789,11.45958,6.18379,-3.77312,-11.0312,-0.88727,5.23872,-4.49239,NA,NA,NA,NA,NA,NA,NA,NA,NA,NA,NA,NA,NA,NA,NA,NA,NA,NA,NA,NA,NA,NA,NA,NA,NA,NA,NA,NA,NA,NA,NA,NA,NA,NA,NA,NA,NA,NA,NA,NA,NA,NA,NA,NA,NA,NA,NA,NA,NA,NA,High,High,High,NA,NA,NA,NA,NA,NA,NA,NA,NA,NA,NA,NA,NA,NA,NA,NA,NA,NA,NA,NA,NA,NA,NA,NA,NA,NA,NA,NA,NA,NA,NA,NA,NA,NA,NA,NA,NA,NA,NA,NA,NA,NA,NA,NA,NA,NA,NA,NA,NA,NA,NA,NA,NA,NA,NA,NA,NA
NA,NA,NA,NA,NA,NA,NA,NA,NA,NA,NA,NA,NA,NA,NA,NA,26,2025-10-04,12:18:00,2,8,"Anderson , a",0029,Right,GEO_PAT,"Alberti, Lucas",1000145512,Right,GEO_PAT,Undefined,1,Bottom,1,3,2,Curveball,Curveball,BallCalled,Walk,Undefined,Undefined,0,0,NA,76.22182,-1.822032,-1.379376,2433.713475,25.482074,06:45:00,6.4065,0.69584,5.23907,-56.36086,-6.63067,-3.94469,-0.00389,-0.92966,70.26902,-11.952235,-2.082216,0.507553,NA,NA,NA,NA,NA,NA,NA,NA,NA,NA,NA,1.58587,-2.48961,-0.56576,50,6.19599,2.80848,-110.54538,-5.40706,1.94147,21.67036,-35.22189,GEO_PAT,GEO_PAT,SpuhlerFieldMain,TeamExclusive,Team,20251004-SpuhlerFieldMain-Private-1,b337a210-a13d-11f0-b694-b1da4b1d52f5,74.26305,NA,NA,5.9528,NA,NA,NA,NA,NA,NA,399095c0-9636-49a8-8bc9-7cafea40f967,2025-10-04,16:18:00,2025-10-04T16:18:00Z,2025-10-04T16:18:00Z,NA,v3,471300,471300,NA,"Ary , a",006,Right,GEO_PAT,d87fb49f-a535-4336-bb08-057fb09e53a2,55.26623,-111.57295,10.83518,6.41279,-3.73691,-17.61095,-0.69675,2.71642,0.97073,NA,NA,NA,NA,NA,NA,NA,NA,NA,NA,NA,NA,NA,NA,NA,NA,NA,NA,NA,NA,NA,NA,NA,NA,NA,NA,NA,NA,NA,NA,NA,NA,NA,NA,NA,NA,NA,NA,NA,NA,NA,NA,NA,NA,NA,NA,NA,NA,NA,NA,High,High,High,NA,NA,NA,NA,NA,NA,NA,NA,NA,NA,NA,NA,NA,NA,NA,NA,NA,NA,NA,NA,NA,NA,NA,NA,NA,NA,NA,NA,NA,NA,NA,NA,NA,NA,NA,NA,NA,NA,NA,NA,NA,NA,NA,NA,NA,NA,NA,NA,NA,NA,NA,NA,NA,NA,NA,NA,NA
NA,NA,NA,NA,NA,NA,NA,NA,NA,NA,NA,NA,NA,NA,NA,NA,27,2025-10-04,12:18:36,3,1,"Anderson , a",0029,Right,GEO_PAT,"Terilli, Lucas",1000469290,Left,GEO_PAT,Undefined,1,Bottom,1,0,0,ChangeUp,Changeup,BallCalled,Undefined,Undefined,Undefined,0,0,NA,74.39603,2.894542,-1.29172,1485.890309,233.493018,01:45:00,6.29052,1.02941,5.57651,-39.97238,11.68871,13.41953,5.6661,0.94098,67.28218,-4.538495,1.099556,0.517313,NA,NA,NA,NA,NA,NA,NA,NA,NA,NA,NA,-7.13496,5.54764,-0.92707,50,6.51422,1.92538,-107.75535,4.26505,-8.31172,20.33442,-25.71145,GEO_PAT,GEO_PAT,SpuhlerFieldMain,TeamExclusive,Team,20251004-SpuhlerFieldMain-Private-1,c87122a0-a13d-11f0-b694-b1da4b1d52f5,72.86199,NA,NA,7.11385,NA,NA,NA,NA,NA,NA,399095c0-9636-49a8-8bc9-7cafea40f967,2025-10-04,16:18:36,2025-10-04T16:18:36Z,2025-10-04T16:18:36Z,NA,v3,471300,471300,NA,"Ary , a",006,Right,GEO_PAT,95bed5b5-54e0-4e28-99f9-43f70d2fb492,54.92244,-108.68029,10.16721,6.29362,5.43457,-12.85573,-1.02324,2.30345,-4.15586,NA,NA,NA,NA,NA,NA,NA,NA,NA,NA,NA,NA,NA,NA,NA,NA,NA,NA,NA,NA,NA,NA,NA,NA,NA,NA,NA,NA,NA,NA,NA,NA,NA,NA,NA,NA,NA,NA,NA,NA,NA,NA,NA,NA,NA,NA,NA,NA,NA,NA,High,High,High,NA,NA,NA,NA,NA,NA,NA,NA,NA,NA,NA,NA,NA,NA,NA,NA,NA,NA,NA,NA,NA,NA,NA,NA,NA,NA,NA,NA,NA,NA,NA,NA,NA,NA,NA,NA,NA,NA,NA,NA,NA,NA,NA,NA,NA,NA,NA,NA,NA,NA,NA,NA,NA,NA,NA,NA,NA
NA,NA,NA,NA,NA,NA,NA,NA,NA,NA,NA,NA,NA,NA,NA,NA,28,2025-10-04,12:19:14,3,2,"Anderson , a",0029,Right,GEO_PAT,"Terilli, Lucas",1000469290,Left,GEO_PAT,Undefined,1,Bottom,1,1,0,ChangeUp,Changeup,FoulBallNotFieldable,Undefined,Undefined,Undefined,0,0,NA,77.07801,-2.202918,-2.382295,1900.233387,225.120443,01:30:00,6.22062,1.08548,6.00815,-31.56754,15.41461,13.92855,1.5462,0.0377,70.72395,-8.086048,0.123734,0.49333,NA,NA,NA,NA,NA,NA,NA,NA,NA,NA,NA,-7.89682,9.0213,-0.90602,50,6.02999,4.16309,-111.83441,-5.18355,-9.9762,20.63501,-20.77724,GEO_PAT,GEO_PAT,SpuhlerFieldMain,TeamExclusive,Team,20251004-SpuhlerFieldMain-Private-1,df591680-a13d-11f0-b694-b1da4b1d52f5,76.40406,NA,NA,6.35406,NA,NA,NA,NA,NA,NA,399095c0-9636-49a8-8bc9-7cafea40f967,2025-10-04,16:19:14,2025-10-04T16:19:14Z,2025-10-04T16:19:14Z,NA,v3,471300,471300,NA,"Ary , a",006,Right,GEO_PAT,b5dc03d8-43bf-4de2-bf18-936512399e47,54.49417,-112.66059,10.3175,6.22087,-4.35166,-10.38862,-1.0807,4.56251,-4.9881,NA,NA,NA,NA,NA,NA,NA,NA,NA,NA,NA,NA,NA,NA,NA,NA,NA,NA,NA,NA,NA,NA,NA,NA,NA,NA,NA,NA,NA,NA,NA,NA,NA,NA,NA,NA,NA,NA,NA,NA,NA,NA,NA,NA,NA,NA,NA,NA,NA,NA,High,High,High,NA,NA,NA,NA,NA,NA,NA,NA,NA,NA,NA,NA,NA,NA,NA,NA,NA,NA,NA,NA,NA,NA,NA,NA,NA,NA,NA,NA,NA,NA,NA,NA,NA,NA,NA,NA,NA,NA,NA,NA,NA,NA,NA,NA,NA,NA,NA,NA,NA,NA,NA,NA,NA,NA,NA,NA,NA
NA,NA,NA,NA,NA,NA,NA,NA,NA,NA,NA,NA,NA,NA,NA,NA,29,2025-10-04,12:19:39,3,3,"Anderson , a",0029,Right,GEO_PAT,"Terilli, Lucas",1000469290,Left,GEO_PAT,Undefined,1,Bottom,1,1,1,ChangeUp,Changeup,StrikeCalled,Undefined,Undefined,Undefined,0,0,NA,83.49576,-3.006527,-1.838155,1931.826433,232.781649,01:45:00,6.35765,1.00142,5.85906,-24.78482,15.70965,18.8456,1.49485,0.86346,76.11849,-7.642649,1.544525,0.458004,NA,NA,NA,NA,NA,NA,NA,NA,NA,NA,NA,-10.2715,9.36193,-0.8636,50,6.09894,3.15059,-121.04325,-7.10358,-15.11463,25.42635,-18.39784,GEO_PAT,GEO_PAT,SpuhlerFieldMain,TeamExclusive,Team,20251004-SpuhlerFieldMain-Private-1,edb0a860-a13d-11f0-b694-b1da4b1d52f5,82.29718,NA,NA,7.37727,NA,NA,NA,NA,NA,NA,399095c0-9636-49a8-8bc9-7cafea40f967,2025-10-04,16:19:39,2025-10-04T16:19:39Z,2025-10-04T16:19:39Z,NA,v3,471300,471300,NA,"Ary , a",006,Right,GEO_PAT,025b2b98-d233-4dba-a484-5ef7cf01c672,54.64359,-122.01478,12.71318,6.35694,-6.40061,-9.19892,-0.99501,3.72811,-7.55732,NA,NA,NA,NA,NA,NA,NA,NA,NA,NA,NA,NA,NA,NA,NA,NA,NA,NA,NA,NA,NA,NA,NA,NA,NA,NA,NA,NA,NA,NA,NA,NA,NA,NA,NA,NA,NA,NA,NA,NA,NA,NA,NA,NA,NA,NA,NA,NA,NA,NA,High,High,High,NA,NA,NA,NA,NA,NA,NA,NA,NA,NA,NA,NA,NA,NA,NA,NA,NA,NA,NA,NA,NA,NA,NA,NA,NA,NA,NA,NA,NA,NA,NA,NA,NA,NA,NA,NA,NA,NA,NA,NA,NA,NA,NA,NA,NA,NA,NA,NA,NA,NA,NA,NA,NA,NA,NA,NA,NA
NA,NA,NA,NA,NA,NA,NA,NA,NA,NA,NA,NA,NA,NA,NA,NA,30,2025-10-04,12:20:19,3,4,"Anderson , a",0029,Right,GEO_PAT,"Terilli, Lucas",1000469290,Left,GEO_PAT,Undefined,1,Bottom,1,1,2,Curveball,Curveball,BallCalled,Undefined,Undefined,Undefined,0,0,NA,75.22704,-0.226738,-0.538478,2468.356664,16.539291,06:30:00,6.30553,0.83787,5.51923,-62.14637,-11.74682,-3.9776,0.91464,0.00289,69.28196,-11.477582,-1.250919,0.510957,NA,NA,NA,NA,NA,NA,NA,NA,NA,NA,NA,1.86807,-5.54158,-0.78815,50,6.24339,1.17081,-109.26308,-2.44756,2.23503,21.10475,-38.80413,GEO_PAT,GEO_PAT,SpuhlerFieldMain,TeamExclusive,Team,20251004-SpuhlerFieldMain-Private-1,05ad1980-a13e-11f0-b694-b1da4b1d52f5,73.76826,NA,NA,5.94508,NA,NA,NA,NA,NA,NA,399095c0-9636-49a8-8bc9-7cafea40f967,2025-10-04,16:20:19,2025-10-04T16:20:19Z,2025-10-04T16:20:19Z,NA,v3,471300,471300,NA,"Ary , a",006,Right,GEO_PAT,7eb7eac8-3e9d-420e-8a52-6221f704f19c,54.98672,-110.22209,10.55238,6.31454,-0.6843,-19.40206,-0.83905,1.06925,1.11751,NA,NA,NA,NA,NA,NA,NA,NA,NA,NA,NA,NA,NA,NA,NA,NA,NA,NA,NA,NA,NA,NA,NA,NA,NA,NA,NA,NA,NA,NA,NA,NA,NA,NA,NA,NA,NA,NA,NA,NA,NA,NA,NA,NA,NA,NA,NA,NA,NA,NA,High,High,High,NA,NA,NA,NA,NA,NA,NA,NA,NA,NA,NA,NA,NA,NA,NA,NA,NA,NA,NA,NA,NA,NA,NA,NA,NA,NA,NA,NA,NA,NA,NA,NA,NA,NA,NA,NA,NA,NA,NA,NA,NA,NA,NA,NA,NA,NA,NA,NA,NA,NA,NA,NA,NA,NA,NA,NA,NA
NA,NA,NA,NA,NA,NA,NA,NA,NA,NA,NA,NA,NA,NA,NA,NA,31,2025-10-04,12:20:45,3,5,"Anderson , a",0029,Right,GEO_PAT,"Terilli, Lucas",1000469290,Left,GEO_PAT,Undefined,1,Bottom,1,2,2,ChangeUp,Changeup,FoulBallNotFieldable,Undefined,Undefined,Undefined,0,0,NA,76.87778,-1.48655,-1.949979,1639.78981,234.467485,01:45:00,6.18085,1.04637,5.9125,-34.16061,13.42123,16.51851,1.95325,0.61229,70.18061,-7.847376,1.01814,0.496469,88.06561,30.514631,-39.117407,4400.926488,78.66693,55.92426,-76.88637,300.36198,209.49262,-52.639243,4.36817,-9.08579,7.80107,-0.89946,50,6.04208,3.20287,-111.54709,-3.87303,-11.35785,21.5359,-22.42219,GEO_PAT,GEO_PAT,SpuhlerFieldMain,TeamExclusive,Team,20251004-SpuhlerFieldMain-Private-1,159b7800-a13e-11f0-b694-b1da4b1d52f5,75.92105,67.05174,NA,6.69717,NA,NA,NA,1.31246,1.96449,-0.57454,399095c0-9636-49a8-8bc9-7cafea40f967,2025-10-04,16:20:45,2025-10-04T16:20:45Z,2025-10-04T16:20:45Z,FlyBall,v3,471300,471300,NA,"Ary , a",006,Right,GEO_PAT,264891ee-b917-4334-b389-54dd62ddb3f3,54.5891,-112.4296,10.76795,6.18196,-2.95421,-11.2111,-1.04024,3.6683,-5.67892,140.770175,1.31259,86.33237,-24.1087,6.6901,-1.63271,0.37048,-0.07353,0.00993,-5.9e-4,1.96611,65.54012,-17.405639999999998,-0.12069,0.69197,-0.34688,0.09489,-0.01326,7.3e-4,-0.57438,-70.20875,5.94184,-0.69716,0.03183,-0.00618,0.00572,-0.00141,1.1e-4,NA,NA,NA,NA,NA,NA,NA,NA,NA,NA,NA,NA,NA,NA,NA,NA,NA,NA,NA,NA,NA,NA,High,High,High,High,Medium,NA,NA,NA,NA,NA,NA,NA,NA,NA,NA,NA,NA,NA,NA,NA,NA,NA,NA,NA,NA,NA,NA,NA,NA,NA,NA,NA,NA,NA,NA,NA,NA,NA,NA,NA,NA,NA,NA,NA,NA,NA,NA,NA,NA,NA,NA,NA,NA,NA,NA,NA,NA,NA,NA,NA
NA,NA,NA,NA,NA,NA,NA,NA,NA,NA,NA,NA,NA,NA,NA,NA,32,2025-10-04,12:21:18,3,6,"Anderson , a",0029,Right,GEO_PAT,"Terilli, Lucas",1000469290,Left,GEO_PAT,Undefined,1,Bottom,1,2,2,Fastball,Changeup,StrikeCalled,Strikeout,Undefined,Undefined,0,0,NA,84.53295,-3.037468,-2.671363,1940.137651,223.116349,01:30:00,6.30816,1.06334,5.97208,-22.43379,16.65028,14.40702,1.61682,-0.2146,77.52616,-7.245448,-0.082916,0.449957,NA,NA,NA,NA,NA,NA,NA,NA,NA,NA,NA,-8.1954,9.79123,-0.85987,50,6.05465,5.16178,-122.57536,-7.17025,-12.47042,24.19341,-17.27531,GEO_PAT,GEO_PAT,SpuhlerFieldMain,TeamExclusive,Team,20251004-SpuhlerFieldMain-Private-1,29237800-a13e-11f0-b694-b1da4b1d52f5,83.76891,NA,NA,7.00678,NA,NA,NA,NA,NA,NA,399095c0-9636-49a8-8bc9-7cafea40f967,2025-10-04,16:21:18,2025-10-04T16:21:18Z,2025-10-04T16:21:18Z,NA,v3,471300,471300,NA,"Ary , a",006,Right,GEO_PAT,0df186d5-b4df-488c-93f6-ff844316fc6f,54.53085,-123.4664,12.0967,6.30701,-6.53401,-8.63765,-1.05843,5.62107,-6.23521,NA,NA,NA,NA,NA,NA,NA,NA,NA,NA,NA,NA,NA,NA,NA,NA,NA,NA,NA,NA,NA,NA,NA,NA,NA,NA,NA,NA,NA,NA,NA,NA,NA,NA,NA,NA,NA,NA,NA,NA,NA,NA,NA,NA,NA,NA,NA,NA,NA,NA,High,High,High,NA,NA,NA,NA,NA,NA,NA,NA,NA,NA,NA,NA,NA,NA,NA,NA,NA,NA,NA,NA,NA,NA,NA,NA,NA,NA,NA,NA,NA,NA,NA,NA,NA,NA,NA,NA,NA,NA,NA,NA,NA,NA,NA,NA,NA,NA,NA,NA,NA,NA,NA,NA,NA,NA,NA,NA,NA
NA,NA,NA,NA,NA,NA,NA,NA,NA,NA,NA,NA,NA,NA,NA,NA,33,2025-10-04,12:21:52,4,1,"Anderson , a",0029,Right,GEO_PAT,"Butler, Jake",1000136500,Right,GEO_PAT,Undefined,1,Bottom,2,0,0,Curveball,Curveball,StrikeCalled,Undefined,Undefined,Undefined,0,0,NA,75.14961,1.054165,-1.529291,2533.000002,30.710888,07:00:00,6.38059,0.67799,5.26208,-61.17913,-10.24394,-7.06008,2.27321,-1.34751,69.05723,-10.004343,-2.784296,0.513665,NA,NA,NA,NA,NA,NA,NA,NA,NA,NA,NA,3.08016,-4.96512,-0.53245,50,6.43168,3.18187,-109.05789,-0.06725,3.68305,20.46193,-38.11099,GEO_PAT,GEO_PAT,SpuhlerFieldMain,TeamExclusive,Team,20251004-SpuhlerFieldMain-Private-1,3d886a80-a13e-11f0-b694-b1da4b1d52f5,73.37937,NA,NA,6.09238,NA,NA,NA,NA,NA,NA,399095c0-9636-49a8-8bc9-7cafea40f967,2025-10-04,16:21:52,2025-10-04T16:21:52Z,2025-10-04T16:21:52Z,NA,v3,471300,471300,NA,"Ary , a",006,Right,GEO_PAT,45460c68-b210-46cb-9644-8f89944163e6,55.24281,-110.03717,10.23096,6.39125,1.75669,-19.0555,-0.68052,3.00561,1.84153,NA,NA,NA,NA,NA,NA,NA,NA,NA,NA,NA,NA,NA,NA,NA,NA,NA,NA,NA,NA,NA,NA,NA,NA,NA,NA,NA,NA,NA,NA,NA,NA,NA,NA,NA,NA,NA,NA,NA,NA,NA,NA,NA,NA,NA,NA,NA,NA,NA,NA,High,High,High,NA,NA,NA,NA,NA,NA,NA,NA,NA,NA,NA,NA,NA,NA,NA,NA,NA,NA,NA,NA,NA,NA,NA,NA,NA,NA,NA,NA,NA,NA,NA,NA,NA,NA,NA,NA,NA,NA,NA,NA,NA,NA,NA,NA,NA,NA,NA,NA,NA,NA,NA,NA,NA,NA,NA,NA,NA
NA,NA,NA,NA,NA,NA,NA,NA,NA,NA,NA,NA,NA,NA,NA,NA,34,2025-10-04,12:22:33,4,2,"Anderson , a",0029,Right,GEO_PAT,"Butler, Jake",1000136500,Right,GEO_PAT,Undefined,1,Bottom,2,0,1,Curveball,Curveball,InPlay,Undefined,FlyBall,Out,1,0,NA,75.45897,1.682874,-0.786076,2334.710889,23.770139,06:45:00,6.35253,0.75068,5.4159,-60.1396,-9.72367,-5.02898,2.91809,-0.40488,68.89479,-9.254767,-1.682386,0.51104,89.65215,23.796035,15.744428,3726.832233,103.38367,40.62521,37.57394,290.62754,287.39809,27.768307,3.718869,2.29854,-4.99063,-0.6771,50,6.45979,1.6913,-109.48627,1.22322,2.75838,21.37757,-38.16313,GEO_PAT,GEO_PAT,SpuhlerFieldMain,TeamExclusive,Team,20251004-SpuhlerFieldMain-Private-1,5581ce60-a13e-11f0-b694-b1da4b1d52f5,73.75627,47.29054,NA,6.56418,NA,NA,NA,1.74097,3.0125,0.41124,399095c0-9636-49a8-8bc9-7cafea40f967,2025-10-04,16:22:33,2025-10-04T16:22:33Z,2025-10-04T16:22:33Z,LineDrive,v3,471300,471300,NA,"Ary , a",006,Right,GEO_PAT,574f3544-2176-4a36-939c-12a7215773ea,55.08863,-110.47538,10.68878,6.36235,2.98896,-19.08157,-0.7524,1.56368,1.37919,229.8306,1.73976,115.83587,-22.34067,5.09144,-1.44139,0.46497,-0.12481,0.01965,-0.00127,3.01346,53.02296,-17.27442,0.73897,0.2442,-0.20615,0.07121,-0.01162,7.3e-4,0.41166,32.63115,4.23954,-2.10384,0.66892,-0.16724,0.03102,-0.00345,1.7e-4,NA,NA,NA,NA,NA,NA,NA,NA,NA,NA,NA,NA,NA,NA,NA,NA,NA,NA,NA,NA,NA,NA,High,High,High,High,High,NA,NA,NA,NA,NA,NA,NA,NA,NA,NA,NA,NA,NA,NA,NA,NA,NA,NA,NA,NA,NA,NA,NA,NA,NA,NA,NA,NA,NA,NA,NA,NA,NA,NA,NA,NA,NA,NA,NA,NA,NA,NA,NA,NA,NA,NA,NA,NA,NA,NA,NA,NA,NA,NA,NA
NA,NA,NA,NA,NA,NA,NA,NA,NA,NA,NA,NA,NA,NA,NA,NA,35,2025-10-04,12:25:09,1,1,"Cardenas, Diego",1000262735,Right,GEO_PAT,"Monterrosa , a",0025,Right,GEO_PAT,Undefined,2,Top,0,0,0,Fastball,Sinker,InPlay,Undefined,FlyBall,Out,1,0,NA,88.22459,-1.666,-2.501712,2002.874378,226.721582,01:30:00,6.06685,2.44213,5.00432,-23.1193,14.09973,13.68481,2.56555,1.21935,80.56922,-5.93143,-0.08718,0.43909,71.95903,44.040002,10.606008,4770.130106,105.85161,77.00711,29.92354,205.40038,202.08974,21.631165,4.552217,-7.51378,7.81449,-2.21339,50,5.88834,4.95757,-127.84575,-4.5692,-12.42456,26.57709,-19.25227,GEO_PAT,GEO_PAT,SpuhlerFieldMain,TeamExclusive,Team,20251004-SpuhlerFieldMain-Private-1,b2e546e0-a13e-11f0-b694-b1da4b1d52f5,85.8421,77.78845,NA,7.65537,NA,NA,NA,1.68256,2.68711,-1.2179,399095c0-9636-49a8-8bc9-7cafea40f967,2025-10-04,16:25:09,2025-10-04T16:25:09Z,2025-10-04T16:25:09Z,FlyBall,v3,471300,471300,NA,"Cowdrey, Vincent",1000469295,Right,GEO_PAT,602b33b2-f244-428f-b883-a696606bfa4a,55.49772,-128.98357,13.28855,6.06631,-3.74496,-9.62614,-2.43702,5.48949,-6.21228,202.924381,1.68282,74.5703,-16.09409,3.94428,-0.93619,0.24454,-0.05543,0.00764,-4.4e-4,2.68818,73.33574,-20.51249,1.46656,0.06145,-0.16437,0.05447,-0.00789,4.3e-4,-1.21804,13.96639,1.72623,-0.50395,0.12588,-0.02995,0.00567,-6.8e-4,4e-5,NA,NA,NA,NA,NA,NA,NA,NA,NA,NA,NA,NA,NA,NA,NA,NA,NA,NA,NA,NA,NA,NA,High,High,High,High,Medium,NA,NA,NA,NA,NA,NA,NA,NA,NA,NA,NA,NA,NA,NA,NA,NA,NA,NA,NA,NA,NA,NA,NA,NA,NA,NA,NA,NA,NA,NA,NA,NA,NA,NA,NA,NA,NA,NA,NA,NA,NA,NA,NA,NA,NA,NA,NA,NA,NA,NA,NA,NA,NA,NA,NA
NA,NA,NA,NA,NA,NA,NA,NA,NA,NA,NA,NA,NA,NA,NA,NA,36,2025-10-04,12:25:49,2,1,"Cardenas, Diego",1000262735,Right,GEO_PAT,"Baturin , a",0039,Right,GEO_PAT,Undefined,2,Top,1,0,0,Sinker,Four-Seam,StrikeCalled,Undefined,Undefined,Undefined,0,0,NA,88.25167,-2.287033,-3.923285,1997.583358,215.376018,01:15:00,6.00731,2.53178,5.20755,-19.93682,17.32446,11.3778,2.1888,-0.21562,80.06695,-6.016431,-1.913442,0.439339,NA,NA,NA,NA,NA,NA,NA,NA,NA,NA,NA,-6.80878,9.68772,-2.177,50,5.78058,8.22441,-127.57956,-5.77549,-11.15025,27.81527,-16.30916,GEO_PAT,GEO_PAT,SpuhlerFieldMain,TeamExclusive,Team,20251004-SpuhlerFieldMain-Private-1,caa4af00-a13e-11f0-b694-b1da4b1d52f5,85.79343,NA,NA,8.18471,NA,NA,NA,NA,NA,NA,399095c0-9636-49a8-8bc9-7cafea40f967,2025-10-04,16:25:49,2025-10-04T16:25:49Z,2025-10-04T16:25:49Z,NA,v3,471300,471300,NA,"Cowdrey, Vincent",1000469295,Right,GEO_PAT,c820c3fe-5856-4b9e-9609-be0eb8fdff60,55.29174,-128.72812,13.90763,6.00516,-5.10205,-8.15458,-2.52611,8.68483,-5.57512,NA,NA,NA,NA,NA,NA,NA,NA,NA,NA,NA,NA,NA,NA,NA,NA,NA,NA,NA,NA,NA,NA,NA,NA,NA,NA,NA,NA,NA,NA,NA,NA,NA,NA,NA,NA,NA,NA,NA,NA,NA,NA,NA,NA,NA,NA,NA,NA,NA,NA,High,High,High,NA,NA,NA,NA,NA,NA,NA,NA,NA,NA,NA,NA,NA,NA,NA,NA,NA,NA,NA,NA,NA,NA,NA,NA,NA,NA,NA,NA,NA,NA,NA,NA,NA,NA,NA,NA,NA,NA,NA,NA,NA,NA,NA,NA,NA,NA,NA,NA,NA,NA,NA,NA,NA,NA,NA,NA,NA
NA,NA,NA,NA,NA,NA,NA,NA,NA,NA,NA,NA,NA,NA,NA,NA,37,2025-10-04,12:26:01,2,2,"Cardenas, Diego",1000262735,Right,GEO_PAT,"Baturin , a",0039,Right,GEO_PAT,Undefined,2,Top,1,0,1,Sinker,Four-Seam,StrikeSwinging,Undefined,Undefined,Undefined,0,0,NA,88.87579,-2.552614,-4.024824,1982.442424,217.537284,01:15:00,6.05591,2.19811,5.09436,-20.32521,16.72182,11.82237,1.94887,-0.61615,80.37956,-6.346063,-1.940904,0.438075,NA,NA,NA,NA,NA,NA,NA,NA,NA,NA,NA,-7.07851,9.46473,-1.82674,50,5.79861,8.47572,-128.36926,-6.43929,-11.69459,29.0281,-16.53715,GEO_PAT,GEO_PAT,SpuhlerFieldMain,TeamExclusive,Team,20251004-SpuhlerFieldMain-Private-1,d14dda70-a13e-11f0-b694-b1da4b1d52f5,86.04113,NA,NA,8.49623,NA,NA,NA,NA,NA,NA,399095c0-9636-49a8-8bc9-7cafea40f967,2025-10-04,16:26:01,2025-10-04T16:26:01Z,2025-10-04T16:26:01Z,NA,v3,471300,471300,NA,"Cowdrey, Vincent",1000469295,Right,GEO_PAT,d4571da0-626f-4991-b7c0-389ed43fc35a,55.40458,-129.58563,14.51405,6.05392,-5.74634,-8.26858,-2.19217,8.96576,-5.8473,NA,NA,NA,NA,NA,NA,NA,NA,NA,NA,NA,NA,NA,NA,NA,NA,NA,NA,NA,NA,NA,NA,NA,NA,NA,NA,NA,NA,NA,NA,NA,NA,NA,NA,NA,NA,NA,NA,NA,NA,NA,NA,NA,NA,NA,NA,NA,NA,NA,NA,High,High,High,NA,NA,NA,NA,NA,NA,NA,NA,NA,NA,NA,NA,NA,NA,NA,NA,NA,NA,NA,NA,NA,NA,NA,NA,NA,NA,NA,NA,NA,NA,NA,NA,NA,NA,NA,NA,NA,NA,NA,NA,NA,NA,NA,NA,NA,NA,NA,NA,NA,NA,NA,NA,NA,NA,NA,NA,NA
NA,NA,NA,NA,NA,NA,NA,NA,NA,NA,NA,NA,NA,NA,NA,NA,38,2025-10-04,12:26:25,2,3,"Cardenas, Diego",1000262735,Right,GEO_PAT,"Baturin , a",0039,Right,GEO_PAT,Undefined,2,Top,1,0,2,Slider,Curveball,StrikeSwinging,Strikeout,Undefined,Undefined,0,0,NA,79.42783,-0.356352,-3.383388,2463.807974,47.731565,07:30:00,5.5335,2.89539,4.72852,-49.67062,-2.5765,-4.6761,1.05557,-0.70832,72.19523,-9.283268,-4.203786,0.493918,NA,NA,NA,NA,NA,NA,NA,NA,NA,NA,NA,1.20213,-0.68319,-2.54918,50,5.45335,6.98994,-114.83662,-2.58092,1.5801,24.3782,-33.07204,GEO_PAT,GEO_PAT,SpuhlerFieldMain,TeamExclusive,Team,20251004-SpuhlerFieldMain-Private-1,dfc1cdf0-a13e-11f0-b694-b1da4b1d52f5,76.31315,NA,NA,7.2326,NA,NA,NA,NA,NA,NA,399095c0-9636-49a8-8bc9-7cafea40f967,2025-10-04,16:26:25,2025-10-04T16:26:25Z,2025-10-04T16:26:25Z,NA,v3,471300,471300,NA,"Cowdrey, Vincent",1000469295,Right,GEO_PAT,65c50173-8b01-4ba2-a5cb-9a3b1652633e,55.77257,-116.05558,12.1891,5.54106,-0.92724,-16.53602,-2.89672,6.91093,0.79005,NA,NA,NA,NA,NA,NA,NA,NA,NA,NA,NA,NA,NA,NA,NA,NA,NA,NA,NA,NA,NA,NA,NA,NA,NA,NA,NA,NA,48.19807,NA,NA,1.528223,NA,NA,NA,-5.17633,3.13865,5.41566,67.92252,4.4133,56.86081,-5.05558,53.97076,-4.07109,3.31005,24.75132,-15.72539,5.42354,35.83815,-1.42698,High,High,High,NA,NA,High,High,High,NA,NA,NA,NA,NA,NA,NA,NA,NA,NA,NA,NA,NA,NA,NA,NA,NA,NA,NA,NA,NA,NA,NA,NA,NA,NA,NA,NA,NA,NA,NA,NA,NA,NA,NA,NA,NA,NA,NA,NA,NA,NA,NA,NA,NA,NA,NA,NA,NA,NA,NA,NA
NA,NA,NA,NA,NA,NA,NA,NA,NA,NA,NA,NA,NA,NA,NA,NA,39,2025-10-04,12:26:51,3,1,"Cardenas, Diego",1000262735,Right,GEO_PAT,"Zucker, a",0015,Right,GEO_PAT,Undefined,2,Top,2,0,0,Sinker,Four-Seam,BallCalled,Undefined,Undefined,Undefined,0,0,NA,88.52275,-4.078598,-3.739788,1905.557999,213.548673,01:00:00,6.07674,2.57112,5.0834,-18.92725,18.21029,11.24044,0.64006,-0.0225,80.83006,-7.593359,-1.757529,0.438609,NA,NA,NA,NA,NA,NA,NA,NA,NA,NA,NA,-6.6887,10.59851,-2.22589,50,5.67474,7.84841,-127.85717,-9.78716,-11.04944,26.86672,-14.66584,GEO_PAT,GEO_PAT,SpuhlerFieldMain,TeamExclusive,Team,20251004-SpuhlerFieldMain-Private-1,ef7b87e0-a13e-11f0-b694-b1da4b1d52f5,85.93623,NA,NA,7.69268,NA,NA,NA,NA,NA,NA,399095c0-9636-49a8-8bc9-7cafea40f967,2025-10-04,16:26:51,2025-10-04T16:26:51Z,2025-10-04T16:26:51Z,NA,v3,471300,471300,NA,"Cowdrey, Vincent",1000469295,Right,GEO_PAT,df16f375-9315-4033-aa44-be2ed9882b60,55.4187,-128.99078,13.43336,6.07464,-9.16835,-7.33292,-2.56688,8.31462,-5.52472,NA,NA,NA,NA,NA,NA,NA,NA,NA,NA,NA,NA,NA,NA,NA,NA,NA,NA,NA,NA,NA,NA,NA,NA,NA,NA,NA,NA,NA,NA,NA,NA,NA,NA,NA,NA,NA,NA,NA,NA,NA,NA,NA,NA,NA,NA,NA,NA,NA,NA,High,High,High,NA,NA,NA,NA,NA,NA,NA,NA,NA,NA,NA,NA,NA,NA,NA,NA,NA,NA,NA,NA,NA,NA,NA,NA,NA,NA,NA,NA,NA,NA,NA,NA,NA,NA,NA,NA,NA,NA,NA,NA,NA,NA,NA,NA,NA,NA,NA,NA,NA,NA,NA,NA,NA,NA,NA,NA,NA
NA,NA,NA,NA,NA,NA,NA,NA,NA,NA,NA,NA,NA,NA,NA,NA,40,2025-10-04,12:27:08,3,2,"Cardenas, Diego",1000262735,Right,GEO_PAT,"Zucker, a",0015,Right,GEO_PAT,Undefined,2,Top,2,1,0,Slider,Slider,BallCalled,Undefined,Undefined,Undefined,0,0,NA,77.91324,1.760913,-1.5349,2305.05279,71.551616,08:30:00,5.65982,2.59171,4.57924,-48.30282,0.89681,-2.68244,3.31113,0.90745,70.25002,-6.979246,-2.004584,0.504838,NA,NA,NA,NA,NA,NA,NA,NA,NA,NA,NA,0.79764,0.43535,-2.43016,50,5.79767,3.13692,-112.65909,1.65601,1.00877,23.5149,-31.62348,GEO_PAT,GEO_PAT,SpuhlerFieldMain,TeamExclusive,Team,20251004-SpuhlerFieldMain-Private-1,f955f610-a13e-11f0-b694-b1da4b1d52f5,74.6624,NA,NA,7.66322,NA,NA,NA,NA,NA,NA,399095c0-9636-49a8-8bc9-7cafea40f967,2025-10-04,16:27:08,2025-10-04T16:27:08Z,2025-10-04T16:27:08Z,NA,v3,471300,471300,NA,"Cowdrey, Vincent",1000469295,Right,GEO_PAT,46203fc6-9828-4e32-8f3d-0768d44395a1,55.91895,-113.88783,11.75745,5.66797,3.30845,-15.81174,-2.5927,3.0842,0.50438,NA,NA,NA,NA,NA,NA,NA,NA,NA,NA,NA,NA,NA,NA,NA,NA,NA,NA,NA,NA,NA,NA,NA,NA,NA,NA,NA,NA,NA,NA,NA,NA,NA,NA,NA,NA,NA,NA,NA,NA,NA,NA,NA,NA,NA,NA,NA,NA,NA,NA,High,High,High,NA,NA,NA,NA,NA,NA,NA,NA,NA,NA,NA,NA,NA,NA,NA,NA,NA,NA,NA,NA,NA,NA,NA,NA,NA,NA,NA,NA,NA,NA,NA,NA,NA,NA,NA,NA,NA,NA,NA,NA,NA,NA,NA,NA,NA,NA,NA,NA,NA,NA,NA,NA,NA,NA,NA,NA,NA
NA,NA,NA,NA,NA,NA,NA,NA,NA,NA,NA,NA,NA,NA,NA,NA,41,2025-10-04,12:27:29,3,3,"Cardenas, Diego",1000262735,Right,GEO_PAT,"Zucker, a",0015,Right,GEO_PAT,Undefined,2,Top,2,2,0,Sinker,Sinker,BallCalled,Undefined,Undefined,Undefined,0,0,NA,88.60774,-1.053879,-2.718373,2055.366039,234.461178,01:45:00,5.8108,2.52421,4.85713,-24.85675,12.66965,15.83942,2.74057,1.26903,79.95546,-5.644024,0.068235,0.4409,NA,NA,NA,NA,NA,NA,NA,NA,NA,NA,NA,-8.63264,6.95512,-2.27009,50,5.68626,5.32649,-128.19524,-3.29949,-14.18836,29.55548,-20.74282,GEO_PAT,GEO_PAT,SpuhlerFieldMain,TeamExclusive,Team,20251004-SpuhlerFieldMain-Private-1,05a9a1a0-a13f-11f0-b694-b1da4b1d52f5,85.48979,NA,NA,8.65229,NA,NA,NA,NA,NA,NA,399095c0-9636-49a8-8bc9-7cafea40f967,2025-10-04,16:27:29,2025-10-04T16:27:29Z,2025-10-04T16:27:29Z,NA,v3,471300,471300,NA,"Cowdrey, Vincent",1000469295,Right,GEO_PAT,07779a12-393a-4a3b-8b7d-e46926651e5b,55.64242,-129.48957,14.77774,5.81086,-2.3911,-10.37141,-2.51696,5.94784,-7.09418,NA,NA,NA,NA,NA,NA,NA,NA,NA,NA,NA,NA,NA,NA,NA,NA,NA,NA,NA,NA,NA,NA,NA,NA,NA,NA,NA,NA,NA,NA,NA,NA,NA,NA,NA,NA,NA,NA,NA,NA,NA,NA,NA,NA,NA,NA,NA,NA,NA,NA,High,High,High,NA,NA,NA,NA,NA,NA,NA,NA,NA,NA,NA,NA,NA,NA,NA,NA,NA,NA,NA,NA,NA,NA,NA,NA,NA,NA,NA,NA,NA,NA,NA,NA,NA,NA,NA,NA,NA,NA,NA,NA,NA,NA,NA,NA,NA,NA,NA,NA,NA,NA,NA,NA,NA,NA,NA,NA,NA
NA,NA,NA,NA,NA,NA,NA,NA,NA,NA,NA,NA,NA,NA,NA,NA,42,2025-10-04,12:27:48,3,4,"Cardenas, Diego",1000262735,Right,GEO_PAT,"Zucker, a",0015,Right,GEO_PAT,Undefined,2,Top,2,3,0,Sinker,Sinker,StrikeCalled,Undefined,Undefined,Undefined,0,0,NA,87.95852,-1.383613,-3.538803,1933.939981,231.93468,01:45:00,5.70844,2.72199,5.03385,-24.08041,13.80324,15.87056,2.39353,0.70138,79.37654,-5.851179,-0.741009,0.442993,NA,NA,NA,NA,NA,NA,NA,NA,NA,NA,NA,-8.94245,7.66367,-2.39669,50,5.55728,7.12077,-127.18044,-3.94753,-14.4703,29.01319,-19.77299,GEO_PAT,GEO_PAT,SpuhlerFieldMain,TeamExclusive,Team,20251004-SpuhlerFieldMain-Private-1,1180f140-a13f-11f0-b694-b1da4b1d52f5,85.08579,NA,NA,8.58199,NA,NA,NA,NA,NA,NA,399095c0-9636-49a8-8bc9-7cafea40f967,2025-10-04,16:27:48,2025-10-04T16:27:48Z,2025-10-04T16:27:48Z,NA,v3,471300,471300,NA,"Cowdrey, Vincent",1000469295,Right,GEO_PAT,51e8b68f-d670-468d-80fc-832f835c9f79,55.46557,-128.42123,14.50659,5.70802,-3.10191,-9.8865,-2.71445,7.73961,-7.23515,NA,NA,NA,NA,NA,NA,NA,NA,NA,NA,NA,NA,NA,NA,NA,NA,NA,NA,NA,NA,NA,NA,NA,NA,NA,NA,NA,NA,NA,NA,NA,NA,NA,NA,NA,NA,NA,NA,NA,NA,NA,NA,NA,NA,NA,NA,NA,NA,NA,NA,High,High,High,NA,NA,NA,NA,NA,NA,NA,NA,NA,NA,NA,NA,NA,NA,NA,NA,NA,NA,NA,NA,NA,NA,NA,NA,NA,NA,NA,NA,NA,NA,NA,NA,NA,NA,NA,NA,NA,NA,NA,NA,NA,NA,NA,NA,NA,NA,NA,NA,NA,NA,NA,NA,NA,NA,NA,NA,NA
NA,NA,NA,NA,NA,NA,NA,NA,NA,NA,NA,NA,NA,NA,NA,NA,43,2025-10-04,12:28:01,3,5,"Cardenas, Diego",1000262735,Right,GEO_PAT,"Zucker, a",0015,Right,GEO_PAT,Undefined,2,Top,2,3,1,Sinker,Sinker,StrikeSwinging,Undefined,Undefined,Undefined,0,0,NA,87.15488,-1.306908,-5.152395,1967.879945,231.336353,01:45:00,5.71121,2.59031,5.01045,-24.04344,14.65465,16.57013,2.46875,-0.90545,78.69693,-5.765746,-2.242922,0.44773,NA,NA,NA,NA,NA,NA,NA,NA,NA,NA,NA,-9.73398,8.04839,-2.10846,50,5.56648,10.56692,-125.77561,-3.73853,-15.44275,27.80184,-19.40547,GEO_PAT,GEO_PAT,SpuhlerFieldMain,TeamExclusive,Team,20251004-SpuhlerFieldMain-Private-1,18e35a90-a13f-11f0-b694-b1da4b1d52f5,84.18569,NA,NA,8.45795,NA,NA,NA,NA,NA,NA,399095c0-9636-49a8-8bc9-7cafea40f967,2025-10-04,16:28:01,2025-10-04T16:28:01Z,2025-10-04T16:28:01Z,NA,v3,471300,471300,NA,"Cowdrey, Vincent",1000469295,Right,GEO_PAT,d15ed507-26f1-4801-b5b5-9d74d9157e2a,55.48897,-126.98311,13.90092,5.71055,-2.8957,-9.70273,-2.58197,11.23764,-7.72138,NA,NA,NA,NA,NA,NA,NA,NA,NA,NA,NA,NA,NA,NA,NA,NA,NA,NA,NA,NA,NA,NA,NA,NA,NA,NA,NA,NA,NA,NA,NA,NA,NA,NA,NA,NA,NA,NA,NA,NA,NA,NA,NA,NA,NA,NA,NA,NA,NA,NA,High,High,High,NA,NA,NA,NA,NA,NA,NA,NA,NA,NA,NA,NA,NA,NA,NA,NA,NA,NA,NA,NA,NA,NA,NA,NA,NA,NA,NA,NA,NA,NA,NA,NA,NA,NA,NA,NA,NA,NA,NA,NA,NA,NA,NA,NA,NA,NA,NA,NA,NA,NA,NA,NA,NA,NA,NA,NA,NA
NA,NA,NA,NA,NA,NA,NA,NA,NA,NA,NA,NA,NA,NA,NA,NA,44,2025-10-04,12:28:11,3,6,"Cardenas, Diego",1000262735,Right,GEO_PAT,"Zucker, a",0015,Right,GEO_PAT,Undefined,2,Top,2,3,2,Sinker,Changeup,InPlay,Undefined,GroundBall,Out,1,0,NA,87.81469,-1.999428,-4.379034,1913.627341,237.925876,02:00:00,5.77451,2.56286,4.9757,-25.6308,12.27627,17.513,1.7438,-0.12191,79.86012,-6.711086,-1.298469,0.44313,42.70178,-50.858696,44.145155,NA,NA,NA,NA,2.52902,2.52902,25.876979,0.035293,-9.95922,7.0337,-2.1543,50,5.56026,8.91033,-126.92553,-5.39797,-16.17004,27.12486,-20.75395,GEO_PAT,GEO_PAT,SpuhlerFieldMain,TeamExclusive,Team,20251004-SpuhlerFieldMain-Private-1,1f0b2100-a13f-11f0-b694-b1da4b1d52f5,85.0595,1.72619,NA,7.95457,NA,NA,NA,1.26732,1.72619,0.12528,399095c0-9636-49a8-8bc9-7cafea40f967,2025-10-04,16:28:11,2025-10-04T16:28:11Z,2025-10-04T16:28:11Z,GroundBall,v3,471300,471300,NA,"Cowdrey, Vincent",1000469295,Right,GEO_PAT,3e274a34-4b80-4ae6-bc12-4cf060a326f5,55.52602,-128.10104,13.56243,5.7747,-4.49856,-10.37698,-2.55563,9.61109,-8.08502,NA,1.26621,28.56436,NA,NA,NA,NA,NA,NA,NA,1.72809,-48.90998,NA,NA,NA,NA,NA,NA,NA,0.1242,27.72447,NA,NA,NA,NA,NA,NA,NA,NA,NA,NA,NA,NA,NA,NA,NA,NA,NA,NA,NA,NA,NA,NA,NA,NA,NA,NA,NA,NA,NA,High,High,High,Estimated,Estimated,NA,NA,NA,NA,NA,NA,NA,NA,NA,NA,NA,NA,NA,NA,NA,NA,NA,NA,NA,NA,NA,NA,NA,NA,NA,NA,NA,NA,NA,NA,NA,NA,NA,NA,NA,NA,NA,NA,NA,NA,NA,NA,NA,NA,NA,NA,NA,NA,NA,NA,NA,NA,NA,NA,NA
NA,NA,NA,NA,NA,NA,NA,NA,NA,NA,NA,NA,NA,NA,NA,NA,45,2025-10-04,12:30:54,1,1,"Anderson , a",0029,Right,GEO_PAT,"Westley, Matthew",824016,Right,GEO_PAT,Undefined,2,Bottom,0,0,0,Fastball,Changeup,InPlay,Undefined,GroundBall,Out,1,0,NA,84.35213,-2.958077,-2.362347,1918.8533,215.038521,01:15:00,6.33959,0.9085,5.89308,-20.87836,18.59966,12.11942,1.84833,-0.27627,77.07807,-6.89432,-0.18799,0.452219,65.23659,-1.865778,32.50144,7331.413752,NA,NA,NA,28.1625,26.02312,30.787158,0.279032,-6.95217,10.79701,-0.72534,50,6.08898,4.57475,-122.29442,-6.92776,-10.49233,24.89497,-15.879,GEO_PAT,GEO_PAT,SpuhlerFieldMain,TeamExclusive,Team,20251004-SpuhlerFieldMain-Private-1,8034a230-a13f-11f0-b694-b1da4b1d52f5,83.34994,2.05833,NA,7.27406,NA,NA,NA,2.99797,2.05833,0.24309,399095c0-9636-49a8-8bc9-7cafea40f967,2025-10-04,16:30:54,2025-10-04T16:30:54Z,2025-10-04T16:30:54Z,GroundBall,v3,471300,471300,NA,"Ary , a",006,Right,GEO_PAT,3cbf3f4a-bcbf-4a63-a1a2-c6601c594ea9,54.60965,-123.22921,12.44749,6.3379200000000004,-6.33151,-7.9395,-0.90452,4.96873,-5.24616,272.123747,3.0014,80.48772,-16.30688,NA,NA,NA,NA,NA,NA,2.05987,-3.18843,-15.04889,NA,NA,NA,NA,NA,NA,0.24269,51.40313,-2.18905,NA,NA,NA,NA,NA,NA,NA,NA,NA,NA,NA,NA,NA,NA,NA,NA,NA,NA,NA,NA,NA,NA,NA,NA,NA,NA,NA,NA,High,High,High,High,High,NA,NA,NA,NA,NA,NA,NA,NA,NA,NA,NA,NA,NA,NA,NA,NA,NA,NA,NA,NA,NA,NA,NA,NA,NA,NA,NA,NA,NA,NA,NA,NA,NA,NA,NA,NA,NA,NA,NA,NA,NA,NA,NA,NA,NA,NA,NA,NA,NA,NA,NA,NA,NA,NA,NA
NA,NA,NA,NA,NA,NA,NA,NA,NA,NA,NA,NA,NA,NA,NA,NA,46,2025-10-04,12:31:34,2,1,"Anderson , a",0029,Right,GEO_PAT,"Cowdrey, Vincent",1000469295,Right,GEO_PAT,Undefined,2,Bottom,1,0,0,Curveball,Curveball,BallCalled,Undefined,Undefined,Undefined,0,0,NA,73.94542,3.250013,0.97396,2243.27793,37.307108,07:15:00,6.23511,0.81234,5.37265,-57.45322,-5.38485,-5.30233,4.49826,1.28376,67.91289,-7.205803,0.031759,0.519348,NA,NA,NA,NA,NA,NA,NA,NA,NA,NA,NA,2.91906,-3.08799,-0.89579,50,6.48587,-1.62445,-107.26196,4.21579,3.40945,18.10885,-35.78079,GEO_PAT,GEO_PAT,SpuhlerFieldMain,TeamExclusive,Team,20251004-SpuhlerFieldMain-Private-1,9828aee0-a13f-11f0-b694-b1da4b1d52f5,72.57647,NA,NA,6.03253,NA,NA,NA,NA,NA,NA,399095c0-9636-49a8-8bc9-7cafea40f967,2025-10-04,16:31:34,2025-10-04T16:31:34Z,2025-10-04T16:31:34Z,NA,v3,471300,471300,NA,"Ary , a",006,Right,GEO_PAT,bc26e517-0270-4165-a942-1edf5d414ad5,55.13151,-108.12483,9.05443,6.24438,5.92072,-17.89039,-0.81451,-1.7869,1.70472,NA,NA,NA,NA,NA,NA,NA,NA,NA,NA,NA,NA,NA,NA,NA,NA,NA,NA,NA,NA,NA,NA,NA,NA,NA,NA,NA,NA,NA,NA,NA,NA,NA,NA,NA,NA,NA,NA,NA,NA,NA,NA,NA,NA,NA,NA,NA,NA,NA,NA,High,High,High,NA,NA,NA,NA,NA,NA,NA,NA,NA,NA,NA,NA,NA,NA,NA,NA,NA,NA,NA,NA,NA,NA,NA,NA,NA,NA,NA,NA,NA,NA,NA,NA,NA,NA,NA,NA,NA,NA,NA,NA,NA,NA,NA,NA,NA,NA,NA,NA,NA,NA,NA,NA,NA,NA,NA,NA,NA
NA,NA,NA,NA,NA,NA,NA,NA,NA,NA,NA,NA,NA,NA,NA,NA,47,2025-10-04,12:31:51,2,2,"Anderson , a",0029,Right,GEO_PAT,"Cowdrey, Vincent",1000469295,Right,GEO_PAT,Undefined,2,Bottom,1,1,0,Curveball,Curveball,BallCalled,Undefined,Undefined,Undefined,0,0,NA,74.90707,0.221502,-1.28567,2396.369804,41.900782,07:30:00,6.35472,0.69003,5.28657,-59.67318,-8.40634,-9.04178,1.59002,-1.27102,68.889,-10.561173,-2.895015,0.515335,NA,NA,NA,NA,NA,NA,NA,NA,NA,NA,NA,4.16079,-3.83575,-0.56587,50,6.33086,2.78088,-108.71819,-1.57337,4.93641,20.6133,-36.72482,GEO_PAT,GEO_PAT,SpuhlerFieldMain,TeamExclusive,Team,20251004-SpuhlerFieldMain-Private-1,a2455630-a13f-11f0-b694-b1da4b1d52f5,73.14162,NA,NA,6.01807,NA,NA,NA,NA,NA,NA,399095c0-9636-49a8-8bc9-7cafea40f967,2025-10-04,16:31:51,2025-10-04T16:31:51Z,2025-10-04T16:31:51Z,NA,v3,471300,471300,NA,"Ary , a",006,Right,GEO_PAT,13750eb1-16ca-4660-b2c9-8e03173a6d26,55.21811,-109.70309,10.30665,6.36412,0.18135,-18.36241,-0.69311,2.54502,2.4682,NA,NA,NA,NA,NA,NA,NA,NA,NA,NA,NA,NA,NA,NA,NA,NA,NA,NA,NA,NA,NA,NA,NA,NA,NA,NA,NA,NA,NA,NA,NA,NA,NA,NA,NA,NA,NA,NA,NA,NA,NA,NA,NA,NA,NA,NA,NA,NA,NA,NA,High,High,High,NA,NA,NA,NA,NA,NA,NA,NA,NA,NA,NA,NA,NA,NA,NA,NA,NA,NA,NA,NA,NA,NA,NA,NA,NA,NA,NA,NA,NA,NA,NA,NA,NA,NA,NA,NA,NA,NA,NA,NA,NA,NA,NA,NA,NA,NA,NA,NA,NA,NA,NA,NA,NA,NA,NA,NA,NA
NA,NA,NA,NA,NA,NA,NA,NA,NA,NA,NA,NA,NA,NA,NA,NA,48,2025-10-04,12:32:08,2,3,"Anderson , a",0029,Right,GEO_PAT,"Cowdrey, Vincent",1000469295,Right,GEO_PAT,Undefined,2,Bottom,1,2,0,Fastball,Changeup,BallCalled,Undefined,Undefined,Undefined,0,0,NA,84.78082,-0.455172,-2.085771,1689.052046,227.87156,01:30:00,6.31622,0.95413,5.72303,-24.34556,14.80528,14.98371,3.86315,0.25906,77.43304,-5.014261,0.593899,0.450342,NA,NA,NA,NA,NA,NA,NA,NA,NA,NA,NA,-8.18343,8.03296,-0.7891,50,6.26324,3.86207,-123.06483,-1.74127,-12.54166,24.57242,-19.86296,GEO_PAT,GEO_PAT,SpuhlerFieldMain,TeamExclusive,Team,20251004-SpuhlerFieldMain-Private-1,ac160060-a13f-11f0-b694-b1da4b1d52f5,83.69745,NA,NA,7.34778,NA,NA,NA,NA,NA,NA,399095c0-9636-49a8-8bc9-7cafea40f967,2025-10-04,16:32:08,2025-10-04T16:32:08Z,2025-10-04T16:32:08Z,NA,v3,471300,471300,NA,"Ary , a",006,Right,GEO_PAT,5cc06dd9-0d93-4abf-8daf-31d837d0021b,54.77811,-124.01521,12.28621,6.31573,-0.97304,-9.93148,-0.94786,4.34714,-6.27083,NA,NA,NA,NA,NA,NA,NA,NA,NA,NA,NA,NA,NA,NA,NA,NA,NA,NA,NA,NA,NA,NA,NA,NA,NA,NA,NA,NA,NA,NA,NA,NA,NA,NA,NA,NA,NA,NA,NA,NA,NA,NA,NA,NA,NA,NA,NA,NA,NA,NA,High,High,High,NA,NA,NA,NA,NA,NA,NA,NA,NA,NA,NA,NA,NA,NA,NA,NA,NA,NA,NA,NA,NA,NA,NA,NA,NA,NA,NA,NA,NA,NA,NA,NA,NA,NA,NA,NA,NA,NA,NA,NA,NA,NA,NA,NA,NA,NA,NA,NA,NA,NA,NA,NA,NA,NA,NA,NA,NA
NA,NA,NA,NA,NA,NA,NA,NA,NA,NA,NA,NA,NA,NA,NA,NA,49,2025-10-04,12:32:28,2,4,"Anderson , a",0029,Right,GEO_PAT,"Cowdrey, Vincent",1000469295,Right,GEO_PAT,Undefined,2,Bottom,1,3,0,Fastball,Changeup,InPlay,Undefined,LineDrive,Double,0,0,NA,84.54822,-2.879613,-1.56597,1797.097724,220.800678,01:15:00,6.39153,0.95782,5.87301,-22.22722,16.88414,13.50316,1.86123,0.62815,77.65633,-7.040241,0.857721,0.450114,98.24217,10.677375,-37.503641,3776.328394,82.27613,9.0134,-73.01121,163.45833,160.90472,-44.017278,1.371173,-7.40532,9.8269,-0.83923,50,6.14537,2.82834,-122.69837,-6.83923,-11.30335,23.9902,-17.17439,GEO_PAT,GEO_PAT,SpuhlerFieldMain,TeamExclusive,Team,20251004-SpuhlerFieldMain-Private-1,b81c4f40-a13f-11f0-b694-b1da4b1d52f5,83.73972,10.0659,NA,6.89189,NA,NA,NA,2.35599,2.06234,-0.57151,399095c0-9636-49a8-8bc9-7cafea40f967,2025-10-04,16:32:28,2025-10-04T16:32:28Z,2025-10-04T16:32:28Z,LineDrive,v3,471300,471300,NA,"Ary , a",006,Right,GEO_PAT,13f9aad9-2442-49f5-af9d-8dfd7538b9fa,54.63018,-123.60036,11.9951,6.39037,-6.19351,-8.5872,-0.95356,3.25332,-5.65167,NA,2.35599,112.32888,-26.53857,5.47542,-0.72123,-0.4829,0.49884,-0.21067,0.03556,2.06234,26.69661,-24.01624,3.23058,-0.60046,-0.00428,0.09033,-0.04328,0.00755,-0.57152,-86.20283,0.73992,2.14038,-0.27917,-0.61965,0.61987,-0.26487,0.04504,NA,NA,NA,NA,NA,NA,NA,NA,NA,NA,NA,NA,NA,NA,NA,NA,NA,NA,NA,NA,NA,NA,High,High,High,Medium,High,NA,NA,NA,NA,NA,NA,NA,NA,NA,NA,NA,NA,NA,NA,NA,NA,NA,NA,NA,NA,NA,NA,NA,NA,NA,NA,NA,NA,NA,NA,NA,NA,NA,NA,NA,NA,NA,NA,NA,NA,NA,NA,NA,NA,NA,NA,NA,NA,NA,NA,NA,NA,NA,NA,NA
NA,NA,NA,NA,NA,NA,NA,NA,NA,NA,NA,NA,NA,NA,NA,NA,50,2025-10-04,12:33:13,3,1,"Anderson , a",0029,Right,GEO_PAT,"Blanchard, Evan",10073877,Right,GEO_PAT,Undefined,2,Bottom,1,0,0,ChangeUp,Changeup,BallCalled,Undefined,Undefined,Undefined,0,0,NA,77.53739,-2.385538,-4.085271,1660.23214,239.796819,02:00:00,6.11241,0.994,6.04819,-36.40156,9.59312,14.15954,0.8635,-1.61464,72.02125,-9.087064,-1.540063,0.488118,NA,NA,NA,NA,NA,NA,NA,NA,NA,NA,NA,-8.41221,5.9352,-0.68328,50,5.90613,7.54646,-112.45369,-5.75045,-10.87213,18.61742,-24.50327,GEO_PAT,GEO_PAT,SpuhlerFieldMain,TeamExclusive,Team,20251004-SpuhlerFieldMain-Private-1,d2d9dc30-a13f-11f0-b694-b1da4b1d52f5,77.21987,NA,NA,5.51615,NA,NA,NA,NA,NA,NA,399095c0-9636-49a8-8bc9-7cafea40f967,2025-10-04,16:33:13,2025-10-04T16:33:13Z,2025-10-04T16:33:13Z,NA,v3,471300,471300,NA,"Ary , a",006,Right,GEO_PAT,dcb4439e-4da8-426d-bf1c-47da8d396540,54.45646,-113.18908,9.30871,6.11416,-4.78257,-12.25164,-0.98985,7.97591,-5.43607,NA,NA,NA,NA,NA,NA,NA,NA,NA,NA,NA,NA,NA,NA,NA,NA,NA,NA,NA,NA,NA,NA,NA,NA,NA,NA,NA,NA,NA,NA,NA,NA,NA,NA,NA,NA,NA,NA,NA,NA,NA,NA,NA,NA,NA,NA,NA,NA,NA,NA,High,High,High,NA,NA,NA,NA,NA,NA,NA,NA,NA,NA,NA,NA,NA,NA,NA,NA,NA,NA,NA,NA,NA,NA,NA,NA,NA,NA,NA,NA,NA,NA,NA,NA,NA,NA,NA,NA,NA,NA,NA,NA,NA,NA,NA,NA,NA,NA,NA,NA,NA,NA,NA,NA,NA,NA,NA,NA,NA
NA,NA,NA,NA,NA,NA,NA,NA,NA,NA,NA,NA,NA,NA,NA,NA,51,2025-10-04,12:33:35,3,2,"Anderson , a",0029,Right,GEO_PAT,"Blanchard, Evan",10073877,Right,GEO_PAT,Undefined,2,Bottom,1,1,0,Fastball,Changeup,FoulBallNotFieldable,Undefined,Undefined,Undefined,0,0,NA,84.67271,-2.512832,-1.979538,1809.020848,217.5612,01:15:00,6.21073,0.78126,5.96474,-22.10804,16.36288,11.7393,2.03545,-0.07675,78.4756,-6.639813,0.130397,0.446414,NA,NA,NA,NA,NA,NA,NA,NA,NA,NA,NA,-6.58524,9.38894,-0.63103,50,5.99871,3.80707,-123.02847,-6.06432,-10.21209,21.71176,-17.61414,GEO_PAT,GEO_PAT,SpuhlerFieldMain,TeamExclusive,Team,20251004-SpuhlerFieldMain-Private-1,e0495800-a13f-11f0-b694-b1da4b1d52f5,84.43382,NA,NA,6.19711,NA,NA,NA,NA,NA,NA,399095c0-9636-49a8-8bc9-7cafea40f967,2025-10-04,16:33:35,2025-10-04T16:33:35Z,2025-10-04T16:33:35Z,NA,v3,471300,471300,NA,"Ary , a",006,Right,GEO_PAT,5b6d3016-8185-4a15-940c-386c29704b5b,54.53965,-123.82702,10.85588,6.20984,-5.41648,-8.80707,-0.77796,4.18267,-5.10605,NA,NA,NA,NA,NA,NA,NA,NA,NA,NA,NA,NA,NA,NA,NA,NA,NA,NA,NA,NA,NA,NA,NA,NA,NA,NA,NA,NA,NA,NA,NA,NA,NA,NA,NA,NA,NA,NA,NA,NA,NA,NA,NA,NA,NA,NA,NA,NA,NA,NA,High,High,High,NA,NA,NA,NA,NA,NA,NA,NA,NA,NA,NA,NA,NA,NA,NA,NA,NA,NA,NA,NA,NA,NA,NA,NA,NA,NA,NA,NA,NA,NA,NA,NA,NA,NA,NA,NA,NA,NA,NA,NA,NA,NA,NA,NA,NA,NA,NA,NA,NA,NA,NA,NA,NA,NA,NA,NA,NA
NA,NA,NA,NA,NA,NA,NA,NA,NA,NA,NA,NA,NA,NA,NA,NA,52,2025-10-04,12:34:06,3,3,"Anderson , a",0029,Right,GEO_PAT,"Blanchard, Evan",10073877,Right,GEO_PAT,Undefined,2,Bottom,1,1,1,Fastball,Changeup,BallCalled,Undefined,Undefined,Undefined,0,0,NA,85.16542,-4.102847,-2.950419,1789.342322,216.664012,01:15:00,6.19036,0.84675,6.02426,-20.531860000000002,17.7208,12.32646,0.66765,-0.86122,78.71042,-7.942871,-0.734508,0.445146,NA,NA,NA,NA,NA,NA,NA,NA,NA,NA,NA,-7.15996,10.55717,-0.62251,50,5.85696,5.8915,-123.42099,-9.46137,-11.13238,22.72435,-15.75968,GEO_PAT,GEO_PAT,SpuhlerFieldMain,TeamExclusive,Team,20251004-SpuhlerFieldMain-Private-1,f247aac0-a13f-11f0-b694-b1da4b1d52f5,84.67437,NA,NA,6.455,NA,NA,NA,NA,NA,NA,399095c0-9636-49a8-8bc9-7cafea40f967,2025-10-04,16:34:06,2025-10-04T16:34:06Z,2025-10-04T16:34:06Z,NA,v3,471300,471300,NA,"Ary , a",006,Right,GEO_PAT,01fe4e9a-36f6-4364-9f57-3d89881e684f,54.47961,-124.24305,11.36218,6.18891,-8.89126,-7.87984,-0.84292,6.29421,-5.56619,NA,NA,NA,NA,NA,NA,NA,NA,NA,NA,NA,NA,NA,NA,NA,NA,NA,NA,NA,NA,NA,NA,NA,NA,NA,NA,NA,NA,NA,NA,NA,NA,NA,NA,NA,NA,NA,NA,NA,NA,NA,NA,NA,NA,NA,NA,NA,NA,NA,NA,High,High,High,NA,NA,NA,NA,NA,NA,NA,NA,NA,NA,NA,NA,NA,NA,NA,NA,NA,NA,NA,NA,NA,NA,NA,NA,NA,NA,NA,NA,NA,NA,NA,NA,NA,NA,NA,NA,NA,NA,NA,NA,NA,NA,NA,NA,NA,NA,NA,NA,NA,NA,NA,NA,NA,NA,NA,NA,NA
NA,NA,NA,NA,NA,NA,NA,NA,NA,NA,NA,NA,NA,NA,NA,NA,53,2025-10-04,12:34:31,3,4,"Anderson , a",0029,Right,GEO_PAT,"Blanchard, Evan",10073877,Right,GEO_PAT,Undefined,2,Bottom,1,2,1,Fastball,Changeup,StrikeSwinging,Undefined,Undefined,Undefined,0,0,NA,85.41902,-1.670421,-2.85673,1889.066172,222.868839,01:30:00,6.30224,0.90137,6.02355,-21.31096,16.6906,14.40481,2.97676,-0.54643,78.44481,-5.685699,-0.267953,0.443682,NA,NA,NA,NA,NA,NA,NA,NA,NA,NA,NA,-8.16768,9.39158,-0.68527,50,6.15956,5.61726,-123.99989,-4.24069,-12.77381,23.75548,-17.48607,GEO_PAT,GEO_PAT,SpuhlerFieldMain,TeamExclusive,Team,20251004-SpuhlerFieldMain-Private-1,015ebc10-a140-11f0-b694-b1da4b1d52f5,84.95365,NA,NA,6.97421,NA,NA,NA,NA,NA,NA,399095c0-9636-49a8-8bc9-7cafea40f967,2025-10-04,16:34:31,2025-10-04T16:34:31Z,2025-10-04T16:34:31Z,NA,v3,471300,471300,NA,"Ary , a",006,Right,GEO_PAT,dca48cbb-7bfc-4758-9679-5324630f9065,54.4787,-124.85496,11.87774,6.30087,-3.61128,-8.74304,-0.89574,6.07705,-6.38691,NA,NA,NA,NA,NA,NA,NA,NA,NA,NA,NA,NA,NA,NA,NA,NA,NA,NA,NA,NA,NA,NA,NA,NA,NA,NA,NA,NA,NA,NA,NA,NA,NA,NA,NA,NA,NA,NA,NA,NA,NA,NA,NA,NA,NA,NA,NA,NA,NA,NA,High,High,High,NA,NA,NA,NA,NA,NA,NA,NA,NA,NA,NA,NA,NA,NA,NA,NA,NA,NA,NA,NA,NA,NA,NA,NA,NA,NA,NA,NA,NA,NA,NA,NA,NA,NA,NA,NA,NA,NA,NA,NA,NA,NA,NA,NA,NA,NA,NA,NA,NA,NA,NA,NA,NA,NA,NA,NA,NA
NA,NA,NA,NA,NA,NA,NA,NA,NA,NA,NA,NA,NA,NA,NA,NA,54,2025-10-04,12:34:52,3,5,"Anderson , a",0029,Right,GEO_PAT,"Blanchard, Evan",10073877,Right,GEO_PAT,Undefined,2,Bottom,1,2,2,Fastball,Sinker,FoulBallNotFieldable,Undefined,Undefined,Undefined,0,0,NA,86.73862,-2.006152,-2.086016,1972.380411,225.185276,01:30:00,6.35729,0.81968,5.99828,-21.65773,15.33615,14.25119,2.69143,0.07336,79.45814,-6.079448,0.476573,0.43776,80.66881,29.986398,30.557407,5324.641384,87.95678,51.08454,66.05737,254.05732,214.74475,46.164003,3.946217,-7.92945,8.8028,-0.66327,50,6.18723,4.0163,-125.92565,-5.06534,-12.73695,25.4862,-18.03427,GEO_PAT,GEO_PAT,SpuhlerFieldMain,TeamExclusive,Team,20251004-SpuhlerFieldMain-Private-1,0db48a80-a140-11f0-b694-b1da4b1d52f5,86.10293,55.37606,NA,7.28048,NA,NA,NA,0.93097,2.67766,-0.096,399095c0-9636-49a8-8bc9-7cafea40f967,2025-10-04,16:34:52,2025-10-04T16:34:52Z,2025-10-04T16:34:52Z,FlyBall,v3,471300,471300,NA,"Ary , a",006,Right,GEO_PAT,66ccc3d5-df29-458b-8a91-25cc30baf261,54.50419,-126.83398,12.7431,6.3563,-4.4226,-9.01713,-0.8145,4.47025,-6.36847,223.589358,0.9298,88.27754,-22.38579,5.64506,-1.48308,0.42518,-0.10434,0.01554,-9.6e-4,2.67887,59.09936,-18.04021,0.74631,0.21056,-0.17273,0.05425,-0.00773,4e-4,-0.09592,52.09762,-0.96248,-0.51683,0.20028,-0.03879,0.00335,2e-4,-4e-5,NA,NA,NA,NA,NA,NA,NA,NA,NA,NA,NA,NA,NA,NA,NA,NA,NA,NA,NA,NA,NA,NA,High,High,High,High,Medium,NA,NA,NA,NA,NA,NA,NA,NA,NA,NA,NA,NA,NA,NA,NA,NA,NA,NA,NA,NA,NA,NA,NA,NA,NA,NA,NA,NA,NA,NA,NA,NA,NA,NA,NA,NA,NA,NA,NA,NA,NA,NA,NA,NA,NA,NA,NA,NA,NA,NA,NA,NA,NA,NA,NA
NA,NA,NA,NA,NA,NA,NA,NA,NA,NA,NA,NA,NA,NA,NA,NA,55,2025-10-04,12:35:32,3,6,"Anderson , a",0029,Right,GEO_PAT,"Blanchard, Evan",10073877,Right,GEO_PAT,Undefined,2,Bottom,1,2,2,Curveball,Curveball,StrikeCalled,Strikeout,Undefined,Undefined,0,0,NA,76.45448,0.567759,0.370335,2499.211832,52.033789,07:45:00,6.33435,0.74042,5.43662,-58.7709,-9.63075,-14.49331,1.9685,-0.12053,69.8568,-10.107367,-2.217753,0.504533,NA,NA,NA,NA,NA,NA,NA,NA,NA,NA,NA,7.43268,-4.56563,-0.7628,50,6.34378,-0.16291,-110.96865,-0.87706,9.13917,22.43341,-37.78793,GEO_PAT,GEO_PAT,SpuhlerFieldMain,TeamExclusive,Team,20251004-SpuhlerFieldMain-Private-1,26195a60-a140-11f0-b694-b1da4b1d52f5,74.70758,NA,NA,6.59768,NA,NA,NA,NA,NA,NA,399095c0-9636-49a8-8bc9-7cafea40f967,2025-10-04,16:35:32,2025-10-04T16:35:32Z,2025-10-04T16:35:32Z,NA,v3,471300,471300,NA,"Ary , a",006,Right,GEO_PAT,2210263a-566b-4717-9274-a786ce603d95,55.06795,-111.9885,11.2167,6.3446,0.84083,-18.89397,-0.74595,-0.57839,4.56958,NA,NA,NA,NA,NA,NA,NA,NA,NA,NA,NA,NA,NA,NA,NA,NA,NA,NA,NA,NA,NA,NA,NA,NA,NA,NA,NA,NA,NA,NA,NA,NA,NA,NA,NA,NA,NA,NA,NA,NA,NA,NA,NA,NA,NA,NA,NA,NA,NA,NA,High,High,High,NA,NA,NA,NA,NA,NA,NA,NA,NA,NA,NA,NA,NA,NA,NA,NA,NA,NA,NA,NA,NA,NA,NA,NA,NA,NA,NA,NA,NA,NA,NA,NA,NA,NA,NA,NA,NA,NA,NA,NA,NA,NA,NA,NA,NA,NA,NA,NA,NA,NA,NA,NA,NA,NA,NA,NA,NA
NA,NA,NA,NA,NA,NA,NA,NA,NA,NA,NA,NA,NA,NA,NA,NA,56,2025-10-04,12:36:41,4,1,"Anderson , a",0029,Right,GEO_PAT,"Hueber, Toby",1000091691,Right,GEO_PAT,Undefined,2,Bottom,2,0,0,Fastball,Changeup,BallCalled,Undefined,Undefined,Undefined,0,0,NA,85.04643,-0.227565,-1.782595,1791.377972,220.23412,01:15:00,6.418,0.85825,5.9195,-20.41379,18.60871,14.58083,4.50555,0.41844,76.78872,-4.127344,0.834419,0.449603,NA,NA,NA,NA,NA,NA,NA,NA,NA,NA,NA,-8.00626,9.99386,-0.72361,50,6.38828,3.24359,-123.36949,-1.0601,-12.18736,27.36178,-16.96115,GEO_PAT,GEO_PAT,SpuhlerFieldMain,TeamExclusive,Team,20251004-SpuhlerFieldMain-Private-1,4eccd130-a140-11f0-b694-b1da4b1d52f5,83.83497,NA,NA,8.25772,NA,NA,NA,NA,NA,NA,399095c0-9636-49a8-8bc9-7cafea40f967,2025-10-04,16:36:41,2025-10-04T16:36:41Z,2025-10-04T16:36:41Z,NA,v3,471300,471300,NA,"Ary , a",006,Right,GEO_PAT,cac6dc67-1e08-45d2-87be-0def4071b63e,54.58016,-124.38116,13.68089,6.41589,-0.43297,-8.48057,-0.85187,3.6942,-6.09368,NA,NA,NA,NA,NA,NA,NA,NA,NA,NA,NA,NA,NA,NA,NA,NA,NA,NA,NA,NA,NA,NA,NA,NA,NA,NA,NA,NA,NA,NA,NA,NA,NA,NA,NA,NA,NA,NA,NA,NA,NA,NA,NA,NA,NA,NA,NA,NA,NA,NA,High,High,High,NA,NA,NA,NA,NA,NA,NA,NA,NA,NA,NA,NA,NA,NA,NA,NA,NA,NA,NA,NA,NA,NA,NA,NA,NA,NA,NA,NA,NA,NA,NA,NA,NA,NA,NA,NA,NA,NA,NA,NA,NA,NA,NA,NA,NA,NA,NA,NA,NA,NA,NA,NA,NA,NA,NA,NA,NA
NA,NA,NA,NA,NA,NA,NA,NA,NA,NA,NA,NA,NA,NA,NA,NA,57,2025-10-04,12:37:00,4,2,"Anderson , a",0029,Right,GEO_PAT,"Hueber, Toby",1000091691,Right,GEO_PAT,Undefined,2,Bottom,2,1,0,Fastball,Changeup,StrikeCalled,Undefined,Undefined,Undefined,0,0,NA,85.61703,-2.423895,-2.837184,1986.982372,232.197485,01:45:00,6.27593,0.83587,5.94313,-23.98777,14.57009,17.00627,2.02434,-0.38098,77.59368,-6.937292,0.216631,0.446918,NA,NA,NA,NA,NA,NA,NA,NA,NA,NA,NA,-9.62079,8.63268,-0.6192,50,6.06902,5.45991,-124.03769,-5.9816,-14.81038,27.56234,-18.88478,GEO_PAT,GEO_PAT,SpuhlerFieldMain,TeamExclusive,Team,20251004-SpuhlerFieldMain-Private-1,5ab64940-a140-11f0-b694-b1da4b1d52f5,84.33863,NA,NA,8.02335,NA,NA,NA,NA,NA,NA,399095c0-9636-49a8-8bc9-7cafea40f967,2025-10-04,16:37:00,2025-10-04T16:37:00Z,2025-10-04T16:37:00Z,NA,v3,471300,471300,NA,"Ary , a",006,Right,GEO_PAT,8e0c9cbd-f141-4cb6-8551-7dd76d8c59fe,54.55795,-125.04641,13.78117,6.27528,-5.29047,-9.44239,-0.82894,6.00194,-7.40519,NA,NA,NA,NA,NA,NA,NA,NA,NA,NA,NA,NA,NA,NA,NA,NA,NA,NA,NA,NA,NA,NA,NA,NA,NA,NA,NA,NA,NA,NA,NA,NA,NA,NA,NA,NA,NA,NA,NA,NA,NA,NA,NA,NA,NA,NA,NA,NA,NA,NA,High,High,High,NA,NA,NA,NA,NA,NA,NA,NA,NA,NA,NA,NA,NA,NA,NA,NA,NA,NA,NA,NA,NA,NA,NA,NA,NA,NA,NA,NA,NA,NA,NA,NA,NA,NA,NA,NA,NA,NA,NA,NA,NA,NA,NA,NA,NA,NA,NA,NA,NA,NA,NA,NA,NA,NA,NA,NA,NA
NA,NA,NA,NA,NA,NA,NA,NA,NA,NA,NA,NA,NA,NA,NA,NA,58,2025-10-04,12:37:17,4,3,"Anderson , a",0029,Right,GEO_PAT,"Hueber, Toby",1000091691,Right,GEO_PAT,Undefined,2,Bottom,2,1,1,Curveball,Curveball,StrikeCalled,Undefined,Undefined,Undefined,0,0,NA,75.23717,1.035661,-0.125984,2428.645039,40.73694,07:15:00,6.25436,0.82774,5.62253,-61.23629,-10.72705,-10.75134,2.11797,-0.18578,68.59079,-10.133336,-2.051928,0.511513,NA,NA,NA,NA,NA,NA,NA,NA,NA,NA,NA,5.39725,-5.22937,-0.80998,50,6.30354,0.64145,-109.19476,-0.01582,6.41032,22.15038,-38.38502,GEO_PAT,GEO_PAT,SpuhlerFieldMain,TeamExclusive,Team,20251004-SpuhlerFieldMain-Private-1,64891650-a140-11f0-b694-b1da4b1d52f5,73.68811,NA,NA,6.64638,NA,NA,NA,NA,NA,NA,399095c0-9636-49a8-8bc9-7cafea40f967,2025-10-04,16:37:17,2025-10-04T16:37:17Z,2025-10-04T16:37:17Z,NA,v3,471300,471300,NA,"Ary , a",006,Right,GEO_PAT,fec59c1e-183e-4b81-ba6a-675fa95c5ec2,54.88139,-110.18051,11.07519,6.26623,1.69241,-19.19251,-0.83218,0.35617,3.20516,NA,NA,NA,NA,NA,NA,NA,NA,NA,NA,NA,NA,NA,NA,NA,NA,NA,NA,NA,NA,NA,NA,NA,NA,NA,NA,NA,NA,NA,NA,NA,NA,NA,NA,NA,NA,NA,NA,NA,NA,NA,NA,NA,NA,NA,NA,NA,NA,NA,NA,High,High,High,NA,NA,NA,NA,NA,NA,NA,NA,NA,NA,NA,NA,NA,NA,NA,NA,NA,NA,NA,NA,NA,NA,NA,NA,NA,NA,NA,NA,NA,NA,NA,NA,NA,NA,NA,NA,NA,NA,NA,NA,NA,NA,NA,NA,NA,NA,NA,NA,NA,NA,NA,NA,NA,NA,NA,NA,NA
NA,NA,NA,NA,NA,NA,NA,NA,NA,NA,NA,NA,NA,NA,NA,NA,59,2025-10-04,12:37:36,4,4,"Anderson , a",0029,Right,GEO_PAT,"Hueber, Toby",1000091691,Right,GEO_PAT,Undefined,2,Bottom,2,1,2,Fastball,Four-Seam,StrikeSwinging,Strikeout,Undefined,Undefined,0,0,NA,88.50055,-2.162451,-2.958312,1954.78269,203.256252,12:45:00,6.32046,0.84375,5.86681,-15.42213,20.7617,8.36843,3.02279,-1.20952,80.00424,-5.136484,-1.459973,0.432941,NA,NA,NA,NA,NA,NA,NA,NA,NA,NA,NA,-5.16681,11.63221,-0.60859,50,6.13601,6.26273,-128.1641,-5.25165,-8.50172,29.14418,-13.03394,GEO_PAT,GEO_PAT,SpuhlerFieldMain,TeamExclusive,Team,20251004-SpuhlerFieldMain-Private-1,6f9db230-a140-11f0-b694-b1da4b1d52f5,87.06136,NA,NA,8.49631,NA,NA,NA,NA,NA,NA,399095c0-9636-49a8-8bc9-7cafea40f967,2025-10-04,16:37:36,2025-10-04T16:37:36Z,2025-10-04T16:37:36Z,NA,v3,471300,471300,NA,"Ary , a",006,Right,GEO_PAT,eeac2f49-590b-4ce5-b318-f9bb76a4cb0d,54.63198,-129.21311,14.57209,6.31659,-4.78251,-6.51697,-0.83951,6.56874,-4.25086,NA,NA,NA,NA,NA,NA,NA,NA,NA,NA,NA,NA,NA,NA,NA,NA,NA,NA,NA,NA,NA,NA,NA,NA,NA,NA,NA,NA,NA,NA,NA,NA,NA,NA,NA,NA,NA,NA,NA,NA,NA,NA,NA,NA,NA,NA,NA,NA,NA,NA,High,High,High,NA,NA,NA,NA,NA,NA,NA,NA,NA,NA,NA,NA,NA,NA,NA,NA,NA,NA,NA,NA,NA,NA,NA,NA,NA,NA,NA,NA,NA,NA,NA,NA,NA,NA,NA,NA,NA,NA,NA,NA,NA,NA,NA,NA,NA,NA,NA,NA,NA,NA,NA,NA,NA,NA,NA,NA,NA
NA,NA,NA,NA,NA,NA,NA,NA,NA,NA,NA,NA,NA,NA,NA,NA,60,2025-10-04,12:39:55,1,1,"Stewart, Owen",10069636,Right,GEO_PAT,"Harris , a",005,Right,GEO_PAT,Undefined,3,Top,0,0,0,Cutter,Slider,BallCalled,Undefined,Undefined,Undefined,0,0,NA,85.74056,1.421738,0.249707,2313.050195,169.186837,11:45:00,6.17183,1.43277,5.17588,-35.73029,3.15874,-0.37988,4.5325,1.6361,78.63598,-5.098948,0.182422,0.448833,67.94648,-1.335022,-176.496648,1618.646446,NA,NA,NA,58.46743,38.46565,-172.127113,0.609205,0.25461,1.57811,-1.45572,50,6.27707,-0.52541,-124.45725,1.73285,0.40113,23.94253,-29.68783,GEO_PAT,GEO_PAT,SpuhlerFieldMain,TeamExclusive,Team,20251004-SpuhlerFieldMain-Private-1,c2390120-a140-11f0-b694-b1da4b1d52f5,83.97873,4.23728,NA,7.10458,NA,NA,NA,NA,NA,NA,399095c0-9636-49a8-8bc9-7cafea40f967,2025-10-04,16:39:55,2025-10-04T16:39:55Z,2025-10-04T16:39:55Z,GroundBall,v3,471300,471300,NA,"Cowdrey, Vincent",1000469295,Right,GEO_PAT,d636b7b8-853a-4b8c-b4bb-ed33f63e72c7,55.32535,-125.47754,11.97126,6.17627,2.99797,-14.84391,-1.43296,-0.54251,0.20056,225.672105,-1.77368,-99.03349,11.33492,NA,NA,NA,NA,NA,NA,4.23141,-2.18935,-7.79379,NA,NA,NA,NA,NA,NA,-1.72816,-6.45074,-6.37451,NA,NA,NA,NA,NA,NA,NA,NA,NA,NA,NA,NA,NA,NA,NA,NA,NA,NA,NA,NA,NA,NA,NA,NA,NA,NA,NA,NA,High,High,High,High,Medium,NA,NA,NA,NA,NA,NA,NA,NA,NA,NA,NA,NA,NA,NA,NA,NA,NA,NA,NA,NA,NA,NA,NA,NA,NA,NA,NA,NA,NA,NA,NA,NA,NA,NA,NA,NA,NA,NA,NA,NA,NA,NA,NA,NA,NA,NA,NA,NA,NA,NA,NA,NA,NA,NA,NA
NA,NA,NA,NA,NA,NA,NA,NA,NA,NA,NA,NA,NA,NA,NA,NA,61,2025-10-04,12:40:14,1,2,"Stewart, Owen",10069636,Right,GEO_PAT,"Harris , a",005,Right,GEO_PAT,Undefined,3,Top,0,1,0,Fastball,Four-Seam,InPlay,Undefined,GroundBall,Single,0,0,NA,91.78969,-2.07738,-2.444172,2455.21631,210.209355,01:00:00,6.0136,1.43394,5.87149,-19.13304,14.0095,7.55851,2.48692,-0.20793,84.19608,-5.667187,-1.089226,0.414347,94.86064,0.428499,-2.019099,1450.478022,NA,NA,NA,45.81645,42.60553,-2.537571,0.338807,-4.54158,8.04926,-1.24044,50,5.83411,5.36178,-133.21419,-5.45869,-8.18519,27.82664,-17.66708,GEO_PAT,GEO_PAT,SpuhlerFieldMain,TeamExclusive,Team,20251004-SpuhlerFieldMain-Private-1,ce9fbf80-a140-11f0-b694-b1da4b1d52f5,90.96828,2.47938,NA,7.59361,NA,NA,NA,0.8797,2.46918,0.20796,399095c0-9636-49a8-8bc9-7cafea40f967,2025-10-04,16:40:14,2025-10-04T16:40:14Z,2025-10-04T16:40:14Z,GroundBall,v3,471300,471300,NA,"Cowdrey, Vincent",1000469295,Right,GEO_PAT,a446869b-522e-4594-be09-76aece5f0dfd,54.63087,-134.17803,13.91332,6.01258,-4.84675,-8.83354,-1.43107,5.6453,-4.0926,32.77151,0.88357,138.88672,-18.91786,NA,NA,NA,NA,NA,NA,2.47578,0.78053,-23.92684,NA,NA,NA,NA,NA,NA,0.21052,-5.00273,-4.76088,NA,NA,NA,NA,NA,NA,NA,NA,NA,NA,NA,NA,NA,NA,NA,NA,NA,NA,NA,NA,NA,NA,NA,NA,NA,NA,NA,NA,High,High,High,High,High,NA,NA,NA,NA,NA,NA,NA,NA,NA,NA,NA,NA,NA,NA,NA,NA,NA,NA,NA,NA,NA,NA,NA,NA,NA,NA,NA,NA,NA,NA,NA,NA,NA,NA,NA,NA,NA,NA,NA,NA,NA,NA,NA,NA,NA,NA,NA,NA,NA,NA,NA,NA,NA,NA,NA
NA,NA,NA,NA,NA,NA,NA,NA,NA,NA,NA,NA,NA,NA,NA,NA,62,2025-10-04,12:40:48,2,1,"Stewart, Owen",10069636,Right,GEO_PAT,"Shane, a",008,Right,GEO_PAT,Undefined,3,Top,0,0,0,Cutter,Slider,BallCalled,Undefined,Undefined,Undefined,0,0,NA,85.94004,-0.719047,-0.147083,2468.153785,124.436832,10:15:00,6.22415,1.56255,5.44426,-33.94498,4.1039,-4.42756,2.72209,1.05587,79.63627,-6.913307,-0.936131,0.443959,NA,NA,NA,NA,NA,NA,NA,NA,NA,NA,NA,2.20272,2.56973,-1.54638,50,6.13698,0.50744,-124.93553,-2.80094,3.51854,22.66511,-28.06929,GEO_PAT,GEO_PAT,SpuhlerFieldMain,TeamExclusive,Team,20251004-SpuhlerFieldMain-Private-1,e1f87220-a140-11f0-b694-b1da4b1d52f5,84.90082,NA,NA,6.30378,NA,NA,NA,NA,NA,NA,399095c0-9636-49a8-8bc9-7cafea40f967,2025-10-04,16:40:48,2025-10-04T16:40:48Z,2025-10-04T16:40:48Z,NA,v3,471300,471300,NA,"Cowdrey, Vincent",1000469295,Right,GEO_PAT,cefbcd8b-1fce-4ae7-9d95-9cb556898846,55.05915,-125.84998,11.33255,6.22714,-1.66845,-14.03465,-1.56399,0.36548,1.75927,NA,NA,NA,NA,NA,NA,NA,NA,NA,NA,NA,NA,NA,NA,NA,NA,NA,NA,NA,NA,NA,NA,NA,NA,NA,NA,NA,NA,NA,NA,NA,NA,NA,NA,NA,NA,NA,NA,NA,NA,NA,NA,NA,NA,NA,NA,NA,NA,NA,NA,High,High,High,NA,NA,NA,NA,NA,NA,NA,NA,NA,NA,NA,NA,NA,NA,NA,NA,NA,NA,NA,NA,NA,NA,NA,NA,NA,NA,NA,NA,NA,NA,NA,NA,NA,NA,NA,NA,NA,NA,NA,NA,NA,NA,NA,NA,NA,NA,NA,NA,NA,NA,NA,NA,NA,NA,NA,NA,NA
NA,NA,NA,NA,NA,NA,NA,NA,NA,NA,NA,NA,NA,NA,NA,NA,63,2025-10-04,12:41:29,2,2,"Stewart, Owen",10069636,Right,GEO_PAT,"Shane, a",008,Right,GEO_PAT,Undefined,3,Top,0,1,0,Sweeper,Slider,StrikeCalled,Undefined,Undefined,Undefined,0,0,NA,78.28632,0.387395,-0.559603,2561.596928,80.344335,08:45:00,5.82534,1.86646,5.01006,-48.18656,-0.86256,-14.08627,2.1755,0.16437,71.72334,-8.33243,-3.050088,0.495122,NA,NA,NA,NA,NA,NA,NA,NA,NA,NA,NA,6.81205,-0.07665,-1.80082,50,5.8236,1.69024,-113.57098,-0.95719,8.84806,21.8716,-32.27361,GEO_PAT,GEO_PAT,SpuhlerFieldMain,TeamExclusive,Team,20251004-SpuhlerFieldMain-Private-1,fa702dc0-a140-11f0-b694-b1da4b1d52f5,76.12758,NA,NA,6.56299,NA,NA,NA,NA,NA,NA,399095c0-9636-49a8-8bc9-7cafea40f967,2025-10-04,16:41:29,2025-10-04T16:41:29Z,2025-10-04T16:41:29Z,NA,v3,471300,471300,NA,"Cowdrey, Vincent",1000469295,Right,GEO_PAT,4b9e691b-45a5-45f3-869e-27476869afd2,55.49248,-114.62385,10.9358,5.83228,0.59642,-16.1368,-1.87194,1.2643,4.42403,NA,NA,NA,NA,NA,NA,NA,NA,NA,NA,NA,NA,NA,NA,NA,NA,NA,NA,NA,NA,NA,NA,NA,NA,NA,NA,NA,NA,NA,NA,NA,NA,NA,NA,NA,NA,NA,NA,NA,NA,NA,NA,NA,NA,NA,NA,NA,NA,NA,NA,High,High,High,NA,NA,NA,NA,NA,NA,NA,NA,NA,NA,NA,NA,NA,NA,NA,NA,NA,NA,NA,NA,NA,NA,NA,NA,NA,NA,NA,NA,NA,NA,NA,NA,NA,NA,NA,NA,NA,NA,NA,NA,NA,NA,NA,NA,NA,NA,NA,NA,NA,NA,NA,NA,NA,NA,NA,NA,NA
NA,NA,NA,NA,NA,NA,NA,NA,NA,NA,NA,NA,NA,NA,NA,NA,64,2025-10-04,12:42:03,2,3,"Stewart, Owen",10069636,Right,GEO_PAT,"Shane, a",008,Right,GEO_PAT,Undefined,3,Top,0,1,1,Sweeper,Curveball,BallCalled,Undefined,Undefined,Undefined,0,0,NA,79.15684,-0.387956,-0.34114,2562.869433,72.608834,08:30:00,5.8479,2.00506,4.99225,-50.5933,-4.04374,-17.91501,1.26546,0.19003,72.39419,-9.511653,-3.511157,0.491054,NA,NA,NA,NA,NA,NA,NA,NA,NA,NA,NA,8.82552,-1.48138,-1.95673,50,5.76914,1.42097,-114.80573,-2.6141200000000002,11.64238,23.55498,-34.12824,GEO_PAT,GEO_PAT,SpuhlerFieldMain,TeamExclusive,Team,20251004-SpuhlerFieldMain-Private-1,0f2f9c50-a141-11f0-b694-b1da4b1d52f5,76.75824,NA,NA,6.76264,NA,NA,NA,NA,NA,NA,399095c0-9636-49a8-8bc9-7cafea40f967,2025-10-04,16:42:03,2025-10-04T16:42:03Z,2025-10-04T16:42:03Z,NA,v3,471300,471300,NA,"Cowdrey, Vincent",1000469295,Right,GEO_PAT,eee9703c-d5b0-4c36-8776-45c9c490f08d,55.51167,-115.93105,11.77749,5.85508,-0.98366,-17.06412,-2.01133,0.86476,5.82119,NA,NA,NA,NA,NA,NA,NA,NA,NA,NA,NA,NA,NA,NA,NA,NA,NA,NA,NA,NA,NA,NA,NA,NA,NA,NA,NA,NA,NA,NA,NA,NA,NA,NA,NA,NA,NA,NA,NA,NA,NA,NA,NA,NA,NA,NA,NA,NA,NA,NA,High,High,High,NA,NA,NA,NA,NA,NA,NA,NA,NA,NA,NA,NA,NA,NA,NA,NA,NA,NA,NA,NA,NA,NA,NA,NA,NA,NA,NA,NA,NA,NA,NA,NA,NA,NA,NA,NA,NA,NA,NA,NA,NA,NA,NA,NA,NA,NA,NA,NA,NA,NA,NA,NA,NA,NA,NA,NA,NA
NA,NA,NA,NA,NA,NA,NA,NA,NA,NA,NA,NA,NA,NA,NA,NA,65,2025-10-04,12:42:28,2,4,"Stewart, Owen",10069636,Right,GEO_PAT,"Shane, a",008,Right,GEO_PAT,Undefined,3,Top,0,2,1,Sweeper,Slider,InPlay,Undefined,FlyBall,Out,1,0,NA,78.87346,0.363139,-1.099413,2608.587125,79.351194,08:45:00,5.79499,2.10064,5.01008,-48.48318,-1.7248000000000001,-17.36292,2.0975799999999998,-0.38416,72.14694,-8.40488,-4.167616,0.492154,100.27769,28.310838,1.49604,2452.664281,109.99953,55.89554,0.1394,374.15385,374.15385,-4.543192,5.049754,8.34489,-0.58228,-1.98012,50,5.79041,2.90244,-114.40045,-1.01027,10.9591,22.88399,-32.93876,GEO_PAT,GEO_PAT,SpuhlerFieldMain,TeamExclusive,Team,20251004-SpuhlerFieldMain-Private-1,1d8afec0-a141-11f0-b694-b1da4b1d52f5,76.58666,83.65709,NA,6.72652,NA,NA,NA,2.48903,2.26847,0.3018,399095c0-9636-49a8-8bc9-7cafea40f967,2025-10-04,16:42:28,2025-10-04T16:42:28Z,2025-10-04T16:42:28Z,FlyBall,v3,471300,471300,NA,"Cowdrey, Vincent",1000469295,Right,GEO_PAT,1a35868f-a8a3-401c-b963-d4c74c3642c0,55.49382,-115.49417,11.442,5.80108,0.56402,-16.46938,-2.10633,2.37866,5.47955,164.364537,2.48798,129.45824,-26.00366,6.37193,-1.42491,0.2989,-0.0516,0.00568,-2.7e-4,2.27174,69.68513,-16.0797,0.43199,0.14514,-0.09662,0.02632,-0.00339,1.7e-4,0.30162,3.38342,-4.52889,1.15646,-0.25079,0.04724,-0.0072,7.3e-4,-3e-5,NA,NA,NA,NA,NA,NA,NA,NA,NA,NA,NA,NA,NA,NA,NA,NA,NA,NA,NA,NA,NA,NA,High,High,High,High,High,NA,NA,NA,NA,NA,NA,NA,NA,NA,NA,NA,NA,NA,NA,NA,NA,NA,NA,NA,NA,NA,NA,NA,NA,NA,NA,NA,NA,NA,NA,NA,NA,NA,NA,NA,NA,NA,NA,NA,NA,NA,NA,NA,NA,NA,NA,NA,NA,NA,NA,NA,NA,NA,NA,NA
NA,NA,NA,NA,NA,NA,NA,NA,NA,NA,NA,NA,NA,NA,NA,NA,66,2025-10-04,12:43:06,3,1,"Stewart, Owen",10069636,Right,GEO_PAT,"Babu , a",0011,Right,GEO_PAT,Undefined,3,Top,1,0,0,Fastball,Sinker,BallCalled,Undefined,Undefined,Undefined,0,0,NA,92.33741,-2.927014,-3.978006,2358.185059,238.263053,02:00:00,6.08868,1.46079,5.95686,-20.94458,11.99264,17.62383,1.61986,-0.76571,84.28175,-6.849965,-0.817909,0.413062,NA,NA,NA,NA,NA,NA,NA,NA,NA,NA,NA,-10.15087,7.31473,-1.15391,50,5.84361,8.52751,-133.69048,-7.54265,-18.33087,29.41658,-18.96484,GEO_PAT,GEO_PAT,SpuhlerFieldMain,TeamExclusive,Team,20251004-SpuhlerFieldMain-Private-1,345d20b0-a141-11f0-b694-b1da4b1d52f5,91.25133,NA,NA,8.05566,NA,NA,NA,NA,NA,NA,399095c0-9636-49a8-8bc9-7cafea40f967,2025-10-04,16:43:06,2025-10-04T16:43:06Z,2025-10-04T16:43:06Z,NA,v3,471300,471300,NA,"Cowdrey, Vincent",1000469295,Right,GEO_PAT,de5b14f1-6b64-4598-9f06-ac0c495d37df,54.54519,-134.68686,14.70829,6.08821,-6.90028,-9.48242,-1.45327,9.14841,-9.16544,NA,NA,NA,NA,NA,NA,NA,NA,NA,NA,NA,NA,NA,NA,NA,NA,NA,NA,NA,NA,NA,NA,NA,NA,NA,NA,NA,NA,NA,NA,NA,NA,NA,NA,NA,NA,NA,NA,NA,NA,NA,NA,NA,NA,NA,NA,NA,NA,NA,NA,High,High,High,NA,NA,NA,NA,NA,NA,NA,NA,NA,NA,NA,NA,NA,NA,NA,NA,NA,NA,NA,NA,NA,NA,NA,NA,NA,NA,NA,NA,NA,NA,NA,NA,NA,NA,NA,NA,NA,NA,NA,NA,NA,NA,NA,NA,NA,NA,NA,NA,NA,NA,NA,NA,NA,NA,NA,NA,NA
NA,NA,NA,NA,NA,NA,NA,NA,NA,NA,NA,NA,NA,NA,NA,NA,67,2025-10-04,12:43:23,3,2,"Stewart, Owen",10069636,Right,GEO_PAT,"Babu , a",0011,Right,GEO_PAT,Undefined,3,Top,1,1,0,Cutter,Slider,StrikeCalled,Undefined,Undefined,Undefined,0,0,NA,85.21431,-1.073132,-1.95841,2416.769888,94.069998,09:15:00,6.1638,1.63932,5.4467,-37.34006,1.60441,-6.49622,2.04664,-0.73642,78.77671,-7.864924,-3.115207,0.449153,NA,NA,NA,NA,NA,NA,NA,NA,NA,NA,NA,2.77744,1.41417,-1.46151,50,6.04293,4.50147,-123.74659,-3.67194,4.32777,23.56823,-29.97053,GEO_PAT,GEO_PAT,SpuhlerFieldMain,TeamExclusive,Team,20251004-SpuhlerFieldMain-Private-1,3e41c810-a141-11f0-b694-b1da4b1d52f5,83.91892,NA,NA,6.43759,NA,NA,NA,NA,NA,NA,399095c0-9636-49a8-8bc9-7cafea40f967,2025-10-04,16:43:23,2025-10-04T16:43:23Z,2025-10-04T16:43:23Z,NA,v3,471300,471300,NA,"Cowdrey, Vincent",1000469295,Right,GEO_PAT,5cd35032-c54f-47f3-abfb-eae7aed8f232,55.05697,-124.706,11.78411,6.16758,-2.45191,-14.98527,-1.64117,4.32529,2.16388,NA,NA,NA,NA,NA,NA,NA,NA,NA,NA,NA,NA,NA,NA,NA,NA,NA,NA,NA,NA,NA,NA,NA,NA,NA,NA,NA,NA,NA,NA,NA,NA,NA,NA,NA,NA,NA,NA,NA,NA,NA,NA,NA,NA,NA,NA,NA,NA,NA,NA,High,High,High,NA,NA,NA,NA,NA,NA,NA,NA,NA,NA,NA,NA,NA,NA,NA,NA,NA,NA,NA,NA,NA,NA,NA,NA,NA,NA,NA,NA,NA,NA,NA,NA,NA,NA,NA,NA,NA,NA,NA,NA,NA,NA,NA,NA,NA,NA,NA,NA,NA,NA,NA,NA,NA,NA,NA,NA,NA
NA,NA,NA,NA,NA,NA,NA,NA,NA,NA,NA,NA,NA,NA,NA,NA,68,2025-10-04,12:44:21,3,3,"Stewart, Owen",10069636,Right,GEO_PAT,"Babu , a",0011,Right,GEO_PAT,Undefined,3,Top,1,1,1,Sweeper,Slider,BallCalled,Undefined,Undefined,Undefined,0,0,NA,80.88438,-0.17202,-2.091975,2643.09111,94.541994,09:15:00,5.87287,1.77854,5.01678,-41.86231,2.94299,-17.30753,2.22189,-1.63906,73.45817,-7.776775,-5.145185,0.481766,NA,NA,NA,NA,NA,NA,NA,NA,NA,NA,NA,7.87252,1.99677,-1.56339,50,5.82304,5.02318,-117.12308,-1.87473,10.76974,25.24943,-29.44244,GEO_PAT,GEO_PAT,SpuhlerFieldMain,TeamExclusive,Team,20251004-SpuhlerFieldMain-Private-1,60faf110-a141-11f0-b694-b1da4b1d52f5,78.23809,NA,NA,7.42621,NA,NA,NA,NA,NA,NA,399095c0-9636-49a8-8bc9-7cafea40f967,2025-10-04,16:44:21,2025-10-04T16:44:21Z,2025-10-04T16:44:21Z,NA,v3,471300,471300,NA,"Cowdrey, Vincent",1000469295,Right,GEO_PAT,23d0b7eb-2d5d-4ddc-865e-ce89be34c50a,55.48351,-118.29931,12.62472,5.87843,-0.50317,-14.72122,-1.7857,4.52148,5.38487,NA,NA,NA,NA,NA,NA,NA,NA,NA,NA,NA,NA,NA,NA,NA,NA,NA,NA,NA,NA,NA,NA,NA,NA,NA,NA,NA,NA,76.36445,NA,0.739584,NA,-1.67903,1.78404,1.92261,0.61359,6.05787,2.51111,NA,NA,NA,0.70427,110.46537,-8.85175,6.08951,9.77471,-12.89072,2.46994,-1.42974,2.86388,High,High,High,NA,NA,High,High,High,NA,NA,NA,NA,NA,NA,NA,NA,NA,NA,NA,NA,NA,NA,NA,NA,NA,NA,NA,NA,NA,NA,NA,NA,NA,NA,NA,NA,NA,NA,NA,NA,NA,NA,NA,NA,NA,NA,NA,NA,NA,NA,NA,NA,NA,NA,NA,NA,NA,NA,NA,NA
NA,NA,NA,NA,NA,NA,NA,NA,NA,NA,NA,NA,NA,NA,NA,NA,69,2025-10-04,12:44:59,3,4,"Stewart, Owen",10069636,Right,GEO_PAT,"Babu , a",0011,Right,GEO_PAT,Undefined,3,Top,1,2,1,Cutter,Slider,BallCalled,Undefined,Undefined,Undefined,0,0,NA,85.58727,-1.939169,-1.946833,2416.275447,111.583847,09:45:00,6.14421,1.79558,5.45255,-35.41829,3.17221,-5.16996,1.37549,-0.45858,79.2568,-8.375253,-2.867915,0.447107,NA,NA,NA,NA,NA,NA,NA,NA,NA,NA,NA,2.11788,2.42469,-1.61995,50,5.94831,4.43809,-124.24948,-5.48782,3.33043,23.51201,-28.36116,GEO_PAT,GEO_PAT,SpuhlerFieldMain,TeamExclusive,Team,20251004-SpuhlerFieldMain-Private-1,77ecf710-a141-11f0-b694-b1da4b1d52f5,84.30292,NA,NA,6.33048,NA,NA,NA,NA,NA,NA,399095c0-9636-49a8-8bc9-7cafea40f967,2025-10-04,16:44:59,2025-10-04T16:44:59Z,2025-10-04T16:44:59Z,NA,v3,471300,471300,NA,"Cowdrey, Vincent",1000469295,Right,GEO_PAT,d10ecbdf-2f50-4f14-a282-323651cf3e08,55.05111,-125.20167,11.756,6.14729,-4.33926,-14.18058,-1.79696,4.30322,1.66521,NA,NA,NA,NA,NA,NA,NA,NA,NA,NA,NA,NA,NA,NA,NA,NA,NA,NA,NA,NA,NA,NA,NA,NA,NA,NA,NA,NA,NA,NA,NA,NA,NA,NA,NA,NA,NA,NA,NA,NA,NA,NA,NA,NA,NA,NA,NA,NA,NA,NA,High,High,High,NA,NA,NA,NA,NA,NA,NA,NA,NA,NA,NA,NA,NA,NA,NA,NA,NA,NA,NA,NA,NA,NA,NA,NA,NA,NA,NA,NA,NA,NA,NA,NA,NA,NA,NA,NA,NA,NA,NA,NA,NA,NA,NA,NA,NA,NA,NA,NA,NA,NA,NA,NA,NA,NA,NA,NA,NA
NA,NA,NA,NA,NA,NA,NA,NA,NA,NA,NA,NA,NA,NA,NA,NA,70,2025-10-04,12:45:19,3,5,"Stewart, Owen",10069636,Right,GEO_PAT,"Babu , a",0011,Right,GEO_PAT,Undefined,3,Top,1,3,1,Fastball,Four-Seam,BallCalled,Walk,Undefined,Undefined,0,0,NA,91.77975,-0.351691,-1.660356,2477.428325,200.610138,12:45:00,6.0013,1.79414,6.01941,-15.78839,17.19942,6.07855,4.35969,0.76225,83.76971,-3.369776,-0.567465,0.413379,NA,NA,NA,NA,NA,NA,NA,NA,NA,NA,NA,-3.55957,9.23288,-1.66711,50,5.96493,3.59786,-133.3007,-1.27036,-6.40809,28.5142,-15.5527,GEO_PAT,GEO_PAT,SpuhlerFieldMain,TeamExclusive,Team,20251004-SpuhlerFieldMain-Private-1,83764dc0-a141-11f0-b694-b1da4b1d52f5,91.1814,NA,NA,8.01003,NA,NA,NA,NA,NA,NA,399095c0-9636-49a8-8bc9-7cafea40f967,2025-10-04,16:45:19,2025-10-04T16:45:19Z,2025-10-04T16:45:19Z,NA,v3,471300,471300,NA,"Cowdrey, Vincent",1000469295,Right,GEO_PAT,0c48ce22-94f7-428e-b7bb-699f4d596d2d,54.48039,-134.25567,14.2571,5.99875,-0.74948,-7.77635,-1.7912,3.81247,-3.20404,NA,NA,NA,NA,NA,NA,NA,NA,NA,NA,NA,NA,NA,NA,NA,NA,NA,NA,NA,NA,NA,NA,NA,NA,NA,NA,NA,NA,NA,NA,NA,NA,NA,NA,NA,NA,NA,NA,NA,NA,NA,NA,NA,NA,NA,NA,NA,NA,NA,NA,High,High,High,NA,NA,NA,NA,NA,NA,NA,NA,NA,NA,NA,NA,NA,NA,NA,NA,NA,NA,NA,NA,NA,NA,NA,NA,NA,NA,NA,NA,NA,NA,NA,NA,NA,NA,NA,NA,NA,NA,NA,NA,NA,NA,NA,NA,NA,NA,NA,NA,NA,NA,NA,NA,NA,NA,NA,NA,NA
NA,NA,NA,NA,NA,NA,NA,NA,NA,NA,NA,NA,NA,NA,NA,NA,71,2025-10-04,12:45:50,4,1,"Stewart, Owen",10069636,Right,GEO_PAT,"Jaun , a",0033,Right,GEO_PAT,Undefined,3,Top,1,0,0,Fastball,Four-Seam,BallCalled,Undefined,Undefined,Undefined,0,0,NA,93.12534,-1.480444,-3.207187,2448.458996,193.520027,12:30:00,6.22533,1.45363,5.85752,-13.74461,18.61737,4.22638,3.70194,-1.1772,84.94122,-4.11581,-2.451232,0.409439,NA,NA,NA,NA,NA,NA,NA,NA,NA,NA,NA,-3.04248,10.22052,-1.19535,50,6.09681,7.37524,-135.01773,-3.88324,-5.61437,29.49138,-13.31395,GEO_PAT,GEO_PAT,SpuhlerFieldMain,TeamExclusive,Team,20251004-SpuhlerFieldMain-Private-1,95e4ee80-a141-11f0-b694-b1da4b1d52f5,92.05881,NA,NA,8.18412,NA,NA,NA,NA,NA,NA,399095c0-9636-49a8-8bc9-7cafea40f967,2025-10-04,16:45:50,2025-10-04T16:45:50Z,2025-10-04T16:45:50Z,NA,v3,471300,471300,NA,"Cowdrey, Vincent",1000469295,Right,GEO_PAT,26b3f515-d64d-4ae7-b319-00cd22891ba1,54.64249,-136.02799,14.74569,6.22202,-3.42715,-6.65698,-1.4513,7.56757,-2.80719,NA,NA,NA,NA,NA,NA,NA,NA,NA,NA,NA,NA,NA,NA,NA,NA,NA,NA,NA,NA,NA,NA,NA,NA,NA,NA,NA,NA,NA,NA,NA,NA,NA,NA,NA,NA,NA,NA,NA,NA,NA,NA,NA,NA,NA,NA,NA,NA,NA,NA,High,High,High,NA,NA,NA,NA,NA,NA,NA,NA,NA,NA,NA,NA,NA,NA,NA,NA,NA,NA,NA,NA,NA,NA,NA,NA,NA,NA,NA,NA,NA,NA,NA,NA,NA,NA,NA,NA,NA,NA,NA,NA,NA,NA,NA,NA,NA,NA,NA,NA,NA,NA,NA,NA,NA,NA,NA,NA,NA
NA,NA,NA,NA,NA,NA,NA,NA,NA,NA,NA,NA,NA,NA,NA,NA,72,2025-10-04,12:46:06,4,2,"Stewart, Owen",10069636,Right,GEO_PAT,"Jaun , a",0033,Right,GEO_PAT,Undefined,3,Top,1,1,0,Fastball,Four-Seam,StrikeSwinging,Undefined,Undefined,Undefined,0,0,NA,93.10242,-2.721233,-2.544617,2406.654527,210.799314,01:00:00,5.95111,1.67308,5.97189,-14.94765,17.26351,9.67292,2.17812,0.11839,85.11161,-5.568987,-0.807846,0.408484,NA,NA,NA,NA,NA,NA,NA,NA,NA,NA,NA,-5.65859,9.92504,-1.47671,50,5.72683,5.57595,-135.01722,-6.86194,-10.44949,29.28945,-13.84589,GEO_PAT,GEO_PAT,SpuhlerFieldMain,TeamExclusive,Team,20251004-SpuhlerFieldMain-Private-1,9fc7e830-a141-11f0-b694-b1da4b1d52f5,92.27406,NA,NA,7.99082,NA,NA,NA,NA,NA,NA,399095c0-9636-49a8-8bc9-7cafea40f967,2025-10-04,16:46:06,2025-10-04T16:46:06Z,2025-10-04T16:46:06Z,NA,v3,471300,471300,NA,"Cowdrey, Vincent",1000469295,Right,GEO_PAT,4591ad04-0bfd-4442-94e2-62dd825e32f3,54.52934,-135.99623,14.64472,5.94845,-6.39914,-6.92294,-1.66892,5.92523,-5.22475,NA,NA,NA,NA,NA,NA,NA,NA,NA,NA,NA,NA,NA,NA,NA,NA,NA,NA,NA,NA,NA,NA,NA,NA,NA,NA,NA,NA,NA,NA,NA,NA,NA,NA,NA,NA,NA,NA,NA,NA,NA,NA,NA,NA,NA,NA,NA,NA,NA,NA,High,High,High,NA,NA,NA,NA,NA,NA,NA,NA,NA,NA,NA,NA,NA,NA,NA,NA,NA,NA,NA,NA,NA,NA,NA,NA,NA,NA,NA,NA,NA,NA,NA,NA,NA,NA,NA,NA,NA,NA,NA,NA,NA,NA,NA,NA,NA,NA,NA,NA,NA,NA,NA,NA,NA,NA,NA,NA,NA
NA,NA,NA,NA,NA,NA,NA,NA,NA,NA,NA,NA,NA,NA,NA,NA,73,2025-10-04,12:46:26,4,3,"Stewart, Owen",10069636,Right,GEO_PAT,"Jaun , a",0033,Right,GEO_PAT,Undefined,3,Top,1,1,1,Fastball,Four-Seam,BallCalled,Undefined,Undefined,Undefined,0,0,NA,92.11693,-0.294839,-2.324071,2576.69183,206.336235,01:00:00,6.10957,1.48976,5.79558,-16.31414,16.72111,7.76402,4.47557,-0.02632,84.08657,-3.393894,-0.934848,0.413676,NA,NA,NA,NA,NA,NA,NA,NA,NA,NA,NA,-4.58099,8.90985,-1.30304,50,6.07553,5.07959,-133.7128,-1.18989,-8.30239,28.54682,-16.02629,GEO_PAT,GEO_PAT,SpuhlerFieldMain,TeamExclusive,Team,20251004-SpuhlerFieldMain-Private-1,ab416060-a141-11f0-b694-b1da4b1d52f5,91.11586,NA,NA,8.03036,NA,NA,NA,NA,NA,NA,399095c0-9636-49a8-8bc9-7cafea40f967,2025-10-04,16:46:26,2025-10-04T16:46:26Z,2025-10-04T16:46:26Z,NA,v3,471300,471300,NA,"Cowdrey, Vincent",1000469295,Right,GEO_PAT,74132649-f295-4cec-9a75-d1c47e6ced9f,54.70501,-134.71354,14.27341,6.10739,-0.62806,-8.01314,-1.48622,5.37064,-4.15119,NA,NA,NA,NA,NA,NA,NA,NA,NA,NA,NA,NA,NA,NA,NA,NA,NA,NA,NA,NA,NA,NA,NA,NA,NA,NA,NA,NA,NA,NA,NA,NA,NA,NA,NA,NA,NA,NA,NA,NA,NA,NA,NA,NA,NA,NA,NA,NA,NA,NA,High,High,High,NA,NA,NA,NA,NA,NA,NA,NA,NA,NA,NA,NA,NA,NA,NA,NA,NA,NA,NA,NA,NA,NA,NA,NA,NA,NA,NA,NA,NA,NA,NA,NA,NA,NA,NA,NA,NA,NA,NA,NA,NA,NA,NA,NA,NA,NA,NA,NA,NA,NA,NA,NA,NA,NA,NA,NA,NA
NA,NA,NA,NA,NA,NA,NA,NA,NA,NA,NA,NA,NA,NA,NA,NA,74,2025-10-04,12:46:42,4,4,"Stewart, Owen",10069636,Right,GEO_PAT,"Jaun , a",0033,Right,GEO_PAT,Undefined,3,Top,1,2,1,Fastball,Four-Seam,BallCalled,Undefined,Undefined,Undefined,0,0,NA,92.22345,-2.515352,-4.019476,2487.286861,208.640742,01:00:00,6.04054,1.51561,6.01816,-16.24359,16.61812,8.49544,2.34961,-1.50593,84.26668,-5.600568,-2.496784,0.412588,NA,NA,NA,NA,NA,NA,NA,NA,NA,NA,NA,-5.48693,9.56863,-1.20459,50,5.83384,9.022,-133.57739,-6.36424,-9.91412,28.76126,-14.88493,GEO_PAT,GEO_PAT,SpuhlerFieldMain,TeamExclusive,Team,20251004-SpuhlerFieldMain-Private-1,b56385f0-a141-11f0-b694-b1da4b1d52f5,91.35616,NA,NA,7.95677,NA,NA,NA,NA,NA,NA,399095c0-9636-49a8-8bc9-7cafea40f967,2025-10-04,16:46:42,2025-10-04T16:46:42Z,2025-10-04T16:46:42Z,NA,v3,471300,471300,NA,"Cowdrey, Vincent",1000469295,Right,GEO_PAT,1d1573a6-b763-45e1-b858-57d3d52f6205,54.48335,-134.53926,14.38063,6.03835,-5.86644,-7.44247,-1.51186,9.35357,-4.95706,NA,NA,NA,NA,NA,NA,NA,NA,NA,NA,NA,NA,NA,NA,NA,NA,NA,NA,NA,NA,NA,NA,NA,NA,NA,NA,NA,NA,NA,NA,NA,NA,NA,NA,NA,NA,NA,NA,NA,NA,NA,NA,NA,NA,NA,NA,NA,NA,NA,NA,High,High,High,NA,NA,NA,NA,NA,NA,NA,NA,NA,NA,NA,NA,NA,NA,NA,NA,NA,NA,NA,NA,NA,NA,NA,NA,NA,NA,NA,NA,NA,NA,NA,NA,NA,NA,NA,NA,NA,NA,NA,NA,NA,NA,NA,NA,NA,NA,NA,NA,NA,NA,NA,NA,NA,NA,NA,NA,NA
NA,NA,NA,NA,NA,NA,NA,NA,NA,NA,NA,NA,NA,NA,NA,NA,75,2025-10-04,12:47:01,4,5,"Stewart, Owen",10069636,Right,GEO_PAT,"Jaun , a",0033,Right,GEO_PAT,Undefined,3,Top,1,3,1,Cutter,Slider,StrikeSwinging,Undefined,Undefined,Undefined,0,0,NA,85.93335,-1.177466,-2.258112,2403.765048,105.910494,09:30:00,6.03455,1.67315,5.40648,-35.31699,3.06697,-6.79126,1.98716,-1.00975,79.38125,-7.603714,-3.465719,0.445909,NA,NA,NA,NA,NA,NA,NA,NA,NA,NA,NA,2.84658,2.16902,-1.46692,50,5.90464,5.20402,-124.74924,-3.85331,4.50614,24.03003,-28.74051,GEO_PAT,GEO_PAT,SpuhlerFieldMain,TeamExclusive,Team,20251004-SpuhlerFieldMain-Private-1,c05138e0-a141-11f0-b694-b1da4b1d52f5,84.52943,NA,NA,6.5521,NA,NA,NA,NA,NA,NA,399095c0-9636-49a8-8bc9-7cafea40f967,2025-10-04,16:47:01,2025-10-04T16:47:01Z,2025-10-04T16:47:01Z,NA,v3,471300,471300,NA,"Cowdrey, Vincent",1000469295,Right,GEO_PAT,330be020-6614-4305-a2c3-0b152324a3ce,55.09718,-125.72726,12.01502,6.03766,-2.68358,-14.37025,-1.67499,5.02062,2.25307,NA,NA,NA,NA,NA,NA,NA,NA,NA,NA,NA,NA,NA,NA,NA,NA,NA,NA,NA,NA,NA,NA,NA,NA,NA,NA,NA,NA,NA,NA,NA,NA,NA,NA,NA,NA,NA,NA,NA,NA,NA,NA,NA,NA,NA,NA,NA,NA,NA,NA,High,High,High,NA,NA,NA,NA,NA,NA,NA,NA,NA,NA,NA,NA,NA,NA,NA,NA,NA,NA,NA,NA,NA,NA,NA,NA,NA,NA,NA,NA,NA,NA,NA,NA,NA,NA,NA,NA,NA,NA,NA,NA,NA,NA,NA,NA,NA,NA,NA,NA,NA,NA,NA,NA,NA,NA,NA,NA,NA
NA,NA,NA,NA,NA,NA,NA,NA,NA,NA,NA,NA,NA,NA,NA,NA,76,2025-10-04,12:47:18,4,6,"Stewart, Owen",10069636,Right,GEO_PAT,"Jaun , a",0033,Right,GEO_PAT,Undefined,3,Top,1,3,2,Cutter,Slider,StrikeSwinging,Strikeout,Undefined,Undefined,0,0,NA,85.66934,-2.474463,-1.709496,2425.186864,121.426619,10:00:00,6.06869,1.71406,5.47517,-33.72073,4.69307,-5.88162,0.94053,-0.37631,79.53789,-8.599568,-2.758101,0.446082,NA,NA,NA,NA,NA,NA,NA,NA,NA,NA,NA,2.57319,3.29146,-1.55954,50,5.82771,3.95161,-124.38368,-6.57911,4.06355,23.076,-26.97622,GEO_PAT,GEO_PAT,SpuhlerFieldMain,TeamExclusive,Team,20251004-SpuhlerFieldMain-Private-1,caf0f2e0-a141-11f0-b694-b1da4b1d52f5,84.4966,NA,NA,6.13145,NA,NA,NA,NA,NA,NA,399095c0-9636-49a8-8bc9-7cafea40f967,2025-10-04,16:47:18,2025-10-04T16:47:18Z,2025-10-04T16:47:18Z,NA,v3,471300,471300,NA,"Cowdrey, Vincent",1000469295,Right,GEO_PAT,1cdbcd92-85a7-4b2b-8a11-466ff9bf2506,55.02941,-125.31327,11.538,6.07086,-5.4924,-13.48811,-1.71543,3.78792,2.03177,NA,NA,NA,NA,NA,NA,NA,NA,NA,NA,NA,NA,NA,NA,NA,NA,NA,NA,NA,NA,NA,NA,NA,NA,NA,NA,NA,NA,NA,NA,NA,NA,NA,NA,NA,NA,NA,NA,NA,NA,NA,NA,NA,NA,NA,NA,NA,NA,NA,NA,High,High,High,NA,NA,NA,NA,NA,NA,NA,NA,NA,NA,NA,NA,NA,NA,NA,NA,NA,NA,NA,NA,NA,NA,NA,NA,NA,NA,NA,NA,NA,NA,NA,NA,NA,NA,NA,NA,NA,NA,NA,NA,NA,NA,NA,NA,NA,NA,NA,NA,NA,NA,NA,NA,NA,NA,NA,NA,NA
NA,NA,NA,NA,NA,NA,NA,NA,NA,NA,NA,NA,NA,NA,NA,NA,77,2025-10-04,12:47:44,5,1,"Stewart, Owen",10069636,Right,GEO_PAT,"Brown , a",0010,Right,GEO_PAT,Undefined,3,Top,2,0,0,Cutter,Slider,BallCalled,Undefined,Undefined,Undefined,0,0,NA,85.35455,-0.268198,0.34792,2433.180909,115.669569,09:45:00,6.12512,1.9202,5.32078,-35.10144,3.72193,-5.42642,2.94829,1.79453,78.89436,-6.666292,-0.616762,0.448454,NA,NA,NA,NA,NA,NA,NA,NA,NA,NA,NA,2.86949,2.17984,-1.94745,50,6.07499,-0.53167,-124.07948,-1.85408,4.50724,23.07051,-28.75002,GEO_PAT,GEO_PAT,SpuhlerFieldMain,TeamExclusive,Team,20251004-SpuhlerFieldMain-Private-1,d9d386b0-a141-11f0-b694-b1da4b1d52f5,84.04971,NA,NA,6.46019,NA,NA,NA,NA,NA,NA,399095c0-9636-49a8-8bc9-7cafea40f967,2025-10-04,16:47:44,2025-10-04T16:47:44Z,2025-10-04T16:47:44Z,NA,v3,471300,471300,NA,"Cowdrey, Vincent",1000469295,Right,GEO_PAT,1aed8a25-6268-4949-9940-f7c647d62f97,55.18469,-125.03977,11.53526,6.12726,-0.65739,-14.37501,-1.92142,-0.71928,2.25362,NA,NA,NA,NA,NA,NA,NA,NA,NA,NA,NA,NA,NA,NA,NA,NA,NA,NA,NA,NA,NA,NA,NA,NA,NA,NA,NA,NA,NA,NA,NA,NA,NA,NA,NA,NA,NA,NA,NA,NA,NA,NA,NA,NA,NA,NA,NA,NA,NA,NA,High,High,High,NA,NA,NA,NA,NA,NA,NA,NA,NA,NA,NA,NA,NA,NA,NA,NA,NA,NA,NA,NA,NA,NA,NA,NA,NA,NA,NA,NA,NA,NA,NA,NA,NA,NA,NA,NA,NA,NA,NA,NA,NA,NA,NA,NA,NA,NA,NA,NA,NA,NA,NA,NA,NA,NA,NA,NA,NA
NA,NA,NA,NA,NA,NA,NA,NA,NA,NA,NA,NA,NA,NA,NA,NA,78,2025-10-04,12:47:59,5,2,"Stewart, Owen",10069636,Right,GEO_PAT,"Brown , a",0010,Right,GEO_PAT,Undefined,3,Top,2,1,0,Fastball,Four-Seam,FoulBallNotFieldable,Undefined,Undefined,Undefined,0,0,NA,92.03655,-1.782406,-3.329968,2496.116241,206.308268,01:00:00,5.98794,1.66112,6.06166,-14.7693,18.05501,8.41154,3.1041,-0.72352,84.12211,-4.610259,-1.819317,0.412353,NA,NA,NA,NA,NA,NA,NA,NA,NA,NA,NA,-5.29083,10.13997,-1.40693,50,5.84142,7.41887,-133.51738,-4.5825,-9.55563,28.61028,-13.86056,GEO_PAT,GEO_PAT,SpuhlerFieldMain,TeamExclusive,Team,20251004-SpuhlerFieldMain-Private-1,e31b2ac0-a141-11f0-b694-b1da4b1d52f5,91.40816,NA,NA,7.91444,NA,NA,NA,NA,NA,NA,399095c0-9636-49a8-8bc9-7cafea40f967,2025-10-04,16:47:59,2025-10-04T16:47:59Z,2025-10-04T16:47:59Z,NA,v3,471300,471300,NA,"Cowdrey, Vincent",1000469295,Right,GEO_PAT,0e803602-7134-4ca8-885d-ed33a63ef959,54.44124,-134.46569,14.30514,5.9857,-4.12309,-6.93028,-1.65808,7.73559,-4.77782,NA,NA,NA,NA,NA,NA,NA,NA,NA,NA,NA,NA,NA,NA,NA,NA,NA,NA,NA,NA,NA,NA,NA,NA,NA,NA,NA,NA,NA,NA,NA,NA,NA,NA,NA,NA,NA,NA,NA,NA,NA,NA,NA,NA,NA,NA,NA,NA,NA,NA,High,High,High,NA,NA,NA,NA,NA,NA,NA,NA,NA,NA,NA,NA,NA,NA,NA,NA,NA,NA,NA,NA,NA,NA,NA,NA,NA,NA,NA,NA,NA,NA,NA,NA,NA,NA,NA,NA,NA,NA,NA,NA,NA,NA,NA,NA,NA,NA,NA,NA,NA,NA,NA,NA,NA,NA,NA,NA,NA
NA,NA,NA,NA,NA,NA,NA,NA,NA,NA,NA,NA,NA,NA,NA,NA,79,2025-10-04,12:48:36,5,3,"Stewart, Owen",10069636,Right,GEO_PAT,"Brown , a",0010,Right,GEO_PAT,Undefined,3,Top,2,1,1,Cutter,Slider,StrikeCalled,Undefined,Undefined,Undefined,0,0,NA,85.13749,0.142428,-1.167894,2391.575984,127.070527,10:15:00,6.22414,1.71443,5.42331,-35.17687,4.10595,-3.78343,3.42617,0.30501,77.88166,-6.308769,-1.841231,0.4511,NA,NA,NA,NA,NA,NA,NA,NA,NA,NA,NA,1.56764,2.41469,-1.60804,50,6.21245,2.68191,-123.56994,-0.96268,2.41953,25.03545,-28.44718,GEO_PAT,GEO_PAT,SpuhlerFieldMain,TeamExclusive,Team,20251004-SpuhlerFieldMain-Private-1,f923e230-a141-11f0-b694-b1da4b1d52f5,83.55675,NA,NA,7.25583,NA,NA,NA,NA,NA,NA,399095c0-9636-49a8-8bc9-7cafea40f967,2025-10-04,16:48:36,2025-10-04T16:48:36Z,2025-10-04T16:48:36Z,NA,v3,471300,471300,NA,"Cowdrey, Vincent",1000469295,Right,GEO_PAT,47c1ddcf-f6cb-488c-9585-76930a0219b2,55.07766,-124.59443,12.51773,6.22803,0.20143,-14.22359,-1.71577,2.58289,1.20977,NA,NA,NA,NA,NA,NA,NA,NA,NA,NA,NA,NA,NA,NA,NA,NA,NA,NA,NA,NA,NA,NA,NA,NA,NA,NA,NA,NA,NA,NA,NA,NA,NA,NA,NA,NA,NA,NA,NA,NA,NA,NA,NA,NA,NA,NA,NA,NA,NA,NA,High,High,High,NA,NA,NA,NA,NA,NA,NA,NA,NA,NA,NA,NA,NA,NA,NA,NA,NA,NA,NA,NA,NA,NA,NA,NA,NA,NA,NA,NA,NA,NA,NA,NA,NA,NA,NA,NA,NA,NA,NA,NA,NA,NA,NA,NA,NA,NA,NA,NA,NA,NA,NA,NA,NA,NA,NA,NA,NA
NA,NA,NA,NA,NA,NA,NA,NA,NA,NA,NA,NA,NA,NA,NA,NA,80,2025-10-04,12:48:57,5,4,"Stewart, Owen",10069636,Right,GEO_PAT,"Brown , a",0010,Right,GEO_PAT,Undefined,3,Top,2,1,2,Sweeper,Slider,StrikeSwinging,Strikeout,Undefined,Undefined,0,0,NA,79.73913,-0.228659,-1.715329,2664.995991,81.066565,08:45:00,5.88393,1.82142,5.06836,-47.66349,-1.28079,-19.18863,1.69627,-1.39552,71.99937,-8.879065,-5.108191,0.490173,NA,NA,NA,NA,NA,NA,NA,NA,NA,NA,NA,8.91843,-0.04906,-1.64258,50,5.82482,4.26466,-115.41664,-2.17843,11.73462,26.39685,-32.23858,GEO_PAT,GEO_PAT,SpuhlerFieldMain,TeamExclusive,Team,20251004-SpuhlerFieldMain-Private-1,05f4d410-a142-11f0-b694-b1da4b1d52f5,76.89617,NA,NA,7.73976,NA,NA,NA,NA,NA,NA,399095c0-9636-49a8-8bc9-7cafea40f967,2025-10-04,16:48:57,2025-10-04T16:48:57Z,2025-10-04T16:48:57Z,NA,v3,471300,471300,NA,"Cowdrey, Vincent",1000469295,Right,GEO_PAT,1760d262-3013-447e-9e06-4fa6132e54ac,55.43228,-116.65244,13.19843,5.89148,-0.66914,-16.11929,-1.82937,3.71529,5.86731,NA,NA,NA,NA,NA,NA,NA,NA,NA,NA,NA,NA,NA,NA,NA,NA,NA,NA,NA,NA,NA,NA,NA,NA,NA,NA,NA,NA,49.59102,2.980481,1.452698,1.527783,1.33524,1.68349,1.4028,-5.51365,3.35629,4.18233,77.08812,2.84405,47.69593,-5.42319,60.60119,-4.36457,3.45729,23.04743,-15.41317,4.19719,30.43018,-1.28918,High,High,High,NA,NA,High,High,High,NA,NA,NA,NA,NA,NA,NA,NA,NA,NA,NA,NA,NA,NA,NA,NA,NA,NA,NA,NA,NA,NA,NA,NA,NA,NA,NA,NA,NA,NA,NA,NA,NA,NA,NA,NA,NA,NA,NA,NA,NA,NA,NA,NA,NA,NA,NA,NA,NA,NA,NA,NA
NA,NA,NA,NA,NA,NA,NA,NA,NA,NA,NA,NA,NA,NA,NA,NA,81,2025-10-04,12:51:28,1,1,"Anderson , a",0029,Right,GEO_PAT,"Canody, Andrew",1000415298,Right,GEO_PAT,Undefined,3,Bottom,0,0,0,ChangeUp,Changeup,FoulBallNotFieldable,Undefined,Undefined,Undefined,0,0,NA,80.09638,0.232405,-1.036434,1845.042135,182.425069,12:00:00,6.72895,1.10208,5.74901,-30.76147,12.96894,0.49142,4.38191,0.17797,73.35809,-5.493141,-0.94848,0.475952,NA,NA,NA,NA,NA,NA,NA,NA,NA,NA,NA,-0.53972,6.948,-1.01627,50,6.72949,2.08616,-116.34264,-0.46678,-0.73988,21.79886,-22.64971,GEO_PAT,GEO_PAT,SpuhlerFieldMain,TeamExclusive,Team,20251004-SpuhlerFieldMain-Private-1,5fcd7820-a142-11f0-b694-b1da4b1d52f5,79.19378,NA,NA,6.73828,NA,NA,NA,NA,NA,NA,399095c0-9636-49a8-8bc9-7cafea40f967,2025-10-04,16:51:28,2025-10-04T16:51:28Z,2025-10-04T16:51:28Z,NA,v3,471300,471300,NA,"Ary , a",006,Right,GEO_PAT,5d5c168f-c320-4b85-bc8b-f86a89fdccc3,54.75289,-117.22979,10.89943,6.72973,0.455,-11.32486,-1.10178,2.11628,-0.36994,NA,NA,NA,NA,NA,NA,NA,NA,NA,NA,NA,NA,NA,NA,NA,NA,NA,NA,NA,NA,NA,NA,NA,NA,NA,NA,NA,NA,NA,NA,NA,NA,NA,NA,NA,NA,NA,NA,NA,NA,NA,NA,NA,NA,NA,NA,NA,NA,NA,NA,High,High,High,NA,NA,NA,NA,NA,NA,NA,NA,NA,NA,NA,NA,NA,NA,NA,NA,NA,NA,NA,NA,NA,NA,NA,NA,NA,NA,NA,NA,NA,NA,NA,NA,NA,NA,NA,NA,NA,NA,NA,NA,NA,NA,NA,NA,NA,NA,NA,NA,NA,NA,NA,NA,NA,NA,NA,NA,NA
NA,NA,NA,NA,NA,NA,NA,NA,NA,NA,NA,NA,NA,NA,NA,NA,82,2025-10-04,12:51:49,1,2,"Anderson , a",0029,Right,GEO_PAT,"Canody, Andrew",1000415298,Right,GEO_PAT,Undefined,3,Bottom,0,0,1,ChangeUp,Curveball,BallCalled,Undefined,Undefined,Undefined,0,0,NA,71.59415,0.430297,-1.858002,1957.53961,359.747277,06:00:00,6.65585,0.99866,5.32856,-69.86118,-13.36568,0.06764,1.23808,-0.7398,65.60633,-12.183511,-1.845938,0.540977,NA,NA,NA,NA,NA,NA,NA,NA,NA,NA,NA,-0.64587,-6.39201,-0.83064,50,6.64387,3.36588,-103.83302,-1.44486,-0.69276,20.22507,-39.03015,GEO_PAT,GEO_PAT,SpuhlerFieldMain,TeamExclusive,Team,20251004-SpuhlerFieldMain-Private-1,6c6d47e0-a142-11f0-b694-b1da4b1d52f5,69.6748,NA,NA,5.98782,NA,NA,NA,NA,NA,NA,399095c0-9636-49a8-8bc9-7cafea40f967,2025-10-04,16:51:49,2025-10-04T16:51:49Z,2025-10-04T16:51:49Z,NA,v3,471300,471300,NA,"Ary , a",006,Right,GEO_PAT,7d4d061a-8114-4085-98f7-5152bc4e0636,55.1769,-104.83655,10.11254,6.66752,0.49174,-19.51508,-0.9985,3.40026,-0.34638,NA,NA,NA,NA,NA,NA,NA,NA,NA,NA,NA,NA,NA,NA,NA,NA,NA,NA,NA,NA,NA,NA,NA,NA,NA,NA,NA,NA,NA,NA,NA,NA,NA,NA,NA,NA,NA,NA,NA,NA,NA,NA,NA,NA,NA,NA,NA,NA,NA,NA,High,High,High,NA,NA,NA,NA,NA,NA,NA,NA,NA,NA,NA,NA,NA,NA,NA,NA,NA,NA,NA,NA,NA,NA,NA,NA,NA,NA,NA,NA,NA,NA,NA,NA,NA,NA,NA,NA,NA,NA,NA,NA,NA,NA,NA,NA,NA,NA,NA,NA,NA,NA,NA,NA,NA,NA,NA,NA,NA
NA,NA,NA,NA,NA,NA,NA,NA,NA,NA,NA,NA,NA,NA,NA,NA,83,2025-10-04,12:52:06,1,3,"Anderson , a",0029,Right,GEO_PAT,"Canody, Andrew",1000415298,Right,GEO_PAT,Undefined,3,Bottom,0,1,1,Cutter,Slider,FoulBallNotFieldable,Undefined,Undefined,Undefined,0,0,NA,81.93286,-2.807129,-0.912176,1946.36036,180.510809,12:00:00,6.57336,1.12545,5.67049,-30.53372,11.78257,0.0922,1.40908,0.28255,74.88074,-8.44726,-0.89567,0.468193,NA,NA,NA,NA,NA,NA,NA,NA,NA,NA,NA,-0.32063,7.2467,-1.04846,50,6.31691,1.88752,-118.77603,-6.79476,-0.45458,24.34823,-21.89963,GEO_PAT,GEO_PAT,SpuhlerFieldMain,TeamExclusive,Team,20251004-SpuhlerFieldMain-Private-1,7661a6b0-a142-11f0-b694-b1da4b1d52f5,80.50619,NA,NA,7.05211,NA,NA,NA,NA,NA,NA,399095c0-9636-49a8-8bc9-7cafea40f967,2025-10-04,16:52:06,2025-10-04T16:52:06Z,2025-10-04T16:52:06Z,NA,v3,471300,471300,NA,"Ary , a",006,Right,GEO_PAT,e5de3f9a-ca1f-4c97-b12b-2726d4c4176c,54.83084,-119.76222,12.17411,6.57416,-5.90775,-10.94982,-1.12529,1.90594,-0.22729,NA,NA,NA,NA,NA,NA,NA,NA,NA,NA,NA,NA,NA,NA,NA,NA,NA,NA,NA,NA,NA,NA,NA,NA,NA,NA,NA,NA,NA,NA,NA,NA,NA,NA,NA,NA,NA,NA,NA,NA,NA,NA,NA,NA,NA,NA,NA,NA,NA,NA,High,High,High,NA,NA,NA,NA,NA,NA,NA,NA,NA,NA,NA,NA,NA,NA,NA,NA,NA,NA,NA,NA,NA,NA,NA,NA,NA,NA,NA,NA,NA,NA,NA,NA,NA,NA,NA,NA,NA,NA,NA,NA,NA,NA,NA,NA,NA,NA,NA,NA,NA,NA,NA,NA,NA,NA,NA,NA,NA
NA,NA,NA,NA,NA,NA,NA,NA,NA,NA,NA,NA,NA,NA,NA,NA,84,2025-10-04,12:52:27,1,4,"Anderson , a",0029,Right,GEO_PAT,"Canody, Andrew",1000415298,Right,GEO_PAT,Undefined,3,Bottom,0,1,2,Splitter,Changeup,StrikeSwinging,Strikeout,Undefined,Undefined,0,0,NA,71.2908,1.494899,-2.401236,1110.506487,197.407986,12:30:00,6.5259,1.26516,5.26501,-48.01207,8.87867,2.17185,3.93087,-0.81108,64.841,-7.315834,-2.016507,0.542865,NA,NA,NA,NA,NA,NA,NA,NA,NA,NA,NA,-1.81173,4.56685,-1.04689,50,6.62789,4.2489,-103.23631,1.23555,-1.93792,18.60808,-27.28914,GEO_PAT,GEO_PAT,SpuhlerFieldMain,TeamExclusive,Team,20251004-SpuhlerFieldMain-Private-1,82e34010-a142-11f0-b694-b1da4b1d52f5,69.43238,NA,NA,6.4498,NA,NA,NA,NA,NA,NA,399095c0-9636-49a8-8bc9-7cafea40f967,2025-10-04,16:52:27,2025-10-04T16:52:27Z,2025-10-04T16:52:27Z,NA,v3,471300,471300,NA,"Ary , a",006,Right,GEO_PAT,65a839ff-54e4-402f-b713-5a13bd6192a7,55.23397,-104.17545,9.30404,6.53078,2.61281,-13.64457,-1.2638,4.34671,-0.96896,NA,NA,NA,NA,NA,NA,NA,NA,NA,NA,NA,NA,NA,NA,NA,NA,NA,NA,NA,NA,NA,NA,NA,NA,NA,NA,NA,NA,NA,NA,NA,NA,NA,NA,NA,NA,NA,NA,NA,NA,NA,NA,NA,NA,NA,NA,NA,NA,NA,NA,High,High,High,NA,NA,NA,NA,NA,NA,NA,NA,NA,NA,NA,NA,NA,NA,NA,NA,NA,NA,NA,NA,NA,NA,NA,NA,NA,NA,NA,NA,NA,NA,NA,NA,NA,NA,NA,NA,NA,NA,NA,NA,NA,NA,NA,NA,NA,NA,NA,NA,NA,NA,NA,NA,NA,NA,NA,NA,NA
NA,NA,NA,NA,NA,NA,NA,NA,NA,NA,NA,NA,NA,NA,NA,NA,85,2025-10-04,12:53:06,2,1,"Anderson , a",0029,Right,GEO_PAT,"Clyne , Owen",1000230336,Left,GEO_PAT,Undefined,3,Bottom,1,0,0,Curveball,Curveball,BallCalled,Undefined,Undefined,Undefined,0,0,NA,67.32812,3.494627,-0.629316,1907.008901,24.46125,06:45:00,6.61782,1.09325,5.43779,-78.04158,-15.11824,-7.76359,3.3912,-0.14307,62.09928,-10.646687,-2.012874,0.570923,NA,NA,NA,NA,NA,NA,NA,NA,NA,NA,NA,3.70933,-7.96465,-1.03203,50,6.87343,1.33825,-97.69659,3.62601,3.57197,15.91565,-39.84374,GEO_PAT,GEO_PAT,SpuhlerFieldMain,TeamExclusive,Team,20251004-SpuhlerFieldMain-Private-1,9a2513c0-a142-11f0-b694-b1da4b1d52f5,66.02021,NA,NA,5.22885,NA,NA,NA,NA,NA,NA,399095c0-9636-49a8-8bc9-7cafea40f967,2025-10-04,16:53:06,2025-10-04T16:53:06Z,2025-10-04T16:53:06Z,NA,v3,471300,471300,NA,"Ary , a",006,Right,GEO_PAT,96fb74f1-4a31-4cb4-98ea-f68161d27c27,55.07026,-98.51912,7.95783,6.63283,5.68515,-19.92187,-1.09643,1.15365,1.78598,NA,NA,NA,NA,NA,NA,NA,NA,NA,NA,NA,NA,NA,NA,NA,NA,NA,NA,NA,NA,NA,NA,NA,NA,NA,NA,NA,NA,NA,NA,NA,NA,NA,NA,NA,NA,NA,NA,NA,NA,NA,NA,NA,NA,NA,NA,NA,NA,NA,NA,High,High,High,NA,NA,NA,NA,NA,NA,NA,NA,NA,NA,NA,NA,NA,NA,NA,NA,NA,NA,NA,NA,NA,NA,NA,NA,NA,NA,NA,NA,NA,NA,NA,NA,NA,NA,NA,NA,NA,NA,NA,NA,NA,NA,NA,NA,NA,NA,NA,NA,NA,NA,NA,NA,NA,NA,NA,NA,NA
NA,NA,NA,NA,NA,NA,NA,NA,NA,NA,NA,NA,NA,NA,NA,NA,86,2025-10-04,12:53:27,2,2,"Anderson , a",0029,Right,GEO_PAT,"Clyne , Owen",1000230336,Left,GEO_PAT,Undefined,3,Bottom,1,1,0,Cutter,Slider,InPlay,Undefined,Bunt,Single,0,0,NA,80.55684,-0.347842,-2.295917,1993.482914,188.90743,12:15:00,6.62849,1.20202,5.57296,-35.10809,8.35827,1.10224,3.37763,-0.8519,74.11764,-6.804256,-2.099374,0.474513,33.3255,-39.168948,-41.712666,NA,NA,NA,NA,7.5483,7.5483,-17.173036,0.115879,-1.18811,4.68547,-1.00486,50,6.57528,4.64725,-116.96154,-1.85071,-1.64979,21.56047,-25.66782,GEO_PAT,GEO_PAT,SpuhlerFieldMain,TeamExclusive,Team,20251004-SpuhlerFieldMain-Private-1,a6499900-a142-11f0-b694-b1da4b1d52f5,79.43393,3.66196,NA,6.4392,NA,NA,NA,3.85627,3.66196,0.76227,399095c0-9636-49a8-8bc9-7cafea40f967,2025-10-04,16:53:27,2025-10-04T16:53:27Z,2025-10-04T16:53:27Z,GroundBall,v3,471300,471300,NA,"Ary , a",006,Right,GEO_PAT,882f2049-0ed4-496b-a969-bdb7f9361afc,54.93058,-117.86693,10.78024,6.63036,-0.77284,-12.83391,-1.20147,4.71653,-0.8249,NA,3.84379,28.95683,NA,NA,NA,NA,NA,NA,NA,3.67558,-31.60184,NA,NA,NA,NA,NA,NA,NA,0.7734,-25.81108,NA,NA,NA,NA,NA,NA,NA,NA,NA,NA,NA,NA,NA,NA,NA,NA,NA,NA,NA,NA,NA,NA,NA,NA,NA,NA,NA,NA,NA,High,High,High,Estimated,Estimated,NA,NA,NA,NA,NA,NA,NA,NA,NA,NA,NA,NA,NA,NA,NA,NA,NA,NA,NA,NA,NA,NA,NA,NA,NA,NA,NA,NA,NA,NA,NA,NA,NA,NA,NA,NA,NA,NA,NA,NA,NA,NA,NA,NA,NA,NA,NA,NA,NA,NA,NA,NA,NA,NA,NA
NA,NA,NA,NA,NA,NA,NA,NA,NA,NA,NA,NA,NA,NA,NA,NA,87,2025-10-04,12:55:01,3,1,"Anderson , a",0029,Right,GEO_PAT,"Alberti, Lucas",1000145512,Right,GEO_PAT,Undefined,3,Bottom,1,0,0,Cutter,Changeup,StrikeCalled,Undefined,Undefined,Undefined,0,0,NA,80.3957,-2.211436,-0.761732,1958.242748,198.06287,12:30:00,6.72772,0.73289,5.4985,-33.89573,9.85934,2.77646,1.83329,0.25169,74.21252,-8.417305,-0.266213,0.476086,NA,NA,NA,NA,NA,NA,NA,NA,NA,NA,NA,-1.61311,5.97607,-0.66821,50,6.5113,1.44278,-116.69514,-5.6179500000000004,-2.23201,21.25573,-23.90515,GEO_PAT,GEO_PAT,SpuhlerFieldMain,TeamExclusive,Team,20251004-SpuhlerFieldMain-Private-1,dea03480-a142-11f0-b694-b1da4b1d52f5,79.17146,NA,NA,6.18318,NA,NA,NA,NA,NA,NA,399095c0-9636-49a8-8bc9-7cafea40f967,2025-10-04,16:55:01,2025-10-04T16:55:01Z,2025-10-04T16:55:01Z,NA,v3,471300,471300,NA,"Ary , a",006,Right,GEO_PAT,3caa61c5-bdd5-44a6-b8c8-d36791d7a45c,55.0036,-117.60301,10.62787,6.72944,-4.59692,-11.95258,-0.73187,1.53811,-1.11601,NA,NA,NA,NA,NA,NA,NA,NA,NA,NA,NA,NA,NA,NA,NA,NA,NA,NA,NA,NA,NA,NA,NA,NA,NA,NA,NA,NA,NA,NA,NA,NA,NA,NA,NA,NA,NA,NA,NA,NA,NA,NA,NA,NA,NA,NA,NA,NA,NA,NA,High,High,High,NA,NA,NA,NA,NA,NA,NA,NA,NA,NA,NA,NA,NA,NA,NA,NA,NA,NA,NA,NA,NA,NA,NA,NA,NA,NA,NA,NA,NA,NA,NA,NA,NA,NA,NA,NA,NA,NA,NA,NA,NA,NA,NA,NA,NA,NA,NA,NA,NA,NA,NA,NA,NA,NA,NA,NA,NA
NA,NA,NA,NA,NA,NA,NA,NA,NA,NA,NA,NA,NA,NA,NA,NA,88,2025-10-04,12:55:23,3,2,"Anderson , a",0029,Right,GEO_PAT,"Alberti, Lucas",1000145512,Right,GEO_PAT,Undefined,3,Bottom,1,0,1,Cutter,Changeup,StrikeCalled,Undefined,Undefined,Undefined,0,0,NA,80.5136,-2.077302,-2.374657,1923.709015,205.35918,12:45:00,6.66171,0.68284,5.75161,-30.81226,12.54749,5.29622,2.15758,-1.08784,74.03892,-7.774698,-1.42664,0.473931,NA,NA,NA,NA,NA,NA,NA,NA,NA,NA,NA,-3.35673,7.38335,-0.48882,50,6.47021,4.64008,-116.79452,-5.19215,-4.64207,21.75462,-21.96349,GEO_PAT,GEO_PAT,SpuhlerFieldMain,TeamExclusive,Team,20251004-SpuhlerFieldMain-Private-1,eb90bc50-a142-11f0-b694-b1da4b1d52f5,79.53156,NA,NA,6.47468,NA,NA,NA,NA,NA,NA,399095c0-9636-49a8-8bc9-7cafea40f967,2025-10-04,16:55:23,2025-10-04T16:55:23Z,2025-10-04T16:55:23Z,NA,v3,471300,471300,NA,"Ary , a",006,Right,GEO_PAT,e93183c1-26f1-42ea-bb67-abb15be87bc9,54.74974,-117.6759,10.87731,6.66254,-4.30231,-10.98175,-0.68062,4.82815,-2.32104,NA,NA,NA,NA,NA,NA,NA,NA,NA,NA,NA,NA,NA,NA,NA,NA,NA,NA,NA,NA,NA,NA,NA,NA,NA,NA,NA,NA,NA,NA,NA,NA,NA,NA,NA,NA,NA,NA,NA,NA,NA,NA,NA,NA,NA,NA,NA,NA,NA,NA,High,High,High,NA,NA,NA,NA,NA,NA,NA,NA,NA,NA,NA,NA,NA,NA,NA,NA,NA,NA,NA,NA,NA,NA,NA,NA,NA,NA,NA,NA,NA,NA,NA,NA,NA,NA,NA,NA,NA,NA,NA,NA,NA,NA,NA,NA,NA,NA,NA,NA,NA,NA,NA,NA,NA,NA,NA,NA,NA
NA,NA,NA,NA,NA,NA,NA,NA,NA,NA,NA,NA,NA,NA,NA,NA,89,2025-10-04,12:55:46,3,3,"Anderson , a",0029,Right,GEO_PAT,"Alberti, Lucas",1000145512,Right,GEO_PAT,Undefined,3,Bottom,1,0,2,Splitter,Changeup,BallCalled,Undefined,Undefined,Undefined,0,0,NA,71.08405,-1.588186,-2.457007,1193.503223,203.749066,12:45:00,6.48017,1.03915,5.31114,-44.50089,13.58957,4.9513,1.27922,-0.85598,64.00723,-9.784703,-1.577444,0.54856,NA,NA,NA,NA,NA,NA,NA,NA,NA,NA,NA,-3.36469,8.0167,-0.81987,50,6.30439,4.22915,-102.74949,-4.15296,-3.50162,21.23141,-23.83106,GEO_PAT,GEO_PAT,SpuhlerFieldMain,TeamExclusive,Team,20251004-SpuhlerFieldMain-Private-1,f994d700-a142-11f0-b694-b1da4b1d52f5,68.71165,NA,NA,7.07682,NA,NA,NA,NA,NA,NA,399095c0-9636-49a8-8bc9-7cafea40f967,2025-10-04,16:55:46,2025-10-04T16:55:46Z,2025-10-04T16:55:46Z,NA,v3,471300,471300,NA,"Ary , a",006,Right,GEO_PAT,97cb2497-38a9-4159-b59a-665945beb807,55.18642,-103.81564,10.61571,6.48289,-2.95626,-11.91553,-1.03665,4.40499,-1.75081,NA,NA,NA,NA,NA,NA,NA,NA,NA,NA,NA,NA,NA,NA,NA,NA,NA,NA,NA,NA,NA,NA,NA,NA,NA,NA,NA,NA,NA,NA,NA,NA,NA,NA,NA,NA,NA,NA,NA,NA,NA,NA,NA,NA,NA,NA,NA,NA,NA,NA,High,High,High,NA,NA,NA,NA,NA,NA,NA,NA,NA,NA,NA,NA,NA,NA,NA,NA,NA,NA,NA,NA,NA,NA,NA,NA,NA,NA,NA,NA,NA,NA,NA,NA,NA,NA,NA,NA,NA,NA,NA,NA,NA,NA,NA,NA,NA,NA,NA,NA,NA,NA,NA,NA,NA,NA,NA,NA,NA
NA,NA,NA,NA,NA,NA,NA,NA,NA,NA,NA,NA,NA,NA,NA,NA,90,2025-10-04,12:56:22,3,4,"Anderson , a",0029,Right,GEO_PAT,"Alberti, Lucas",1000145512,Right,GEO_PAT,Undefined,3,Bottom,1,1,2,Curveball,Curveball,StrikeCalled,Strikeout,Undefined,Undefined,0,0,NA,68.46099,2.178781,-1.147982,1903.787128,33.017771,07:00:00,6.55785,0.87106,5.43449,-73.44122,-11.99808,-9.16682,2.47962,-0.96809,62.66357,-11.152742,-2.783187,0.564167,NA,NA,NA,NA,NA,NA,NA,NA,NA,NA,NA,4.24886,-6.14296,-0.76276,50,6.69995,2.30533,-99.29213,1.56474,4.1776,18.14184,-38.21401,GEO_PAT,GEO_PAT,SpuhlerFieldMain,TeamExclusive,Team,20251004-SpuhlerFieldMain-Private-1,0ed6e310-a143-11f0-b694-b1da4b1d52f5,66.81073,NA,NA,5.79743,NA,NA,NA,NA,NA,NA,399095c0-9636-49a8-8bc9-7cafea40f967,2025-10-04,16:56:22,2025-10-04T16:56:22Z,2025-10-04T16:56:22Z,NA,v3,471300,471300,NA,"Ary , a",006,Right,GEO_PAT,f6ad5bf3-71bd-49f8-ae06-36e6048113f1,55.07096,-100.21437,9.07092,6.57103,3.50735,-19.107,-0.87455,2.09296,2.0888,NA,NA,NA,NA,NA,NA,NA,NA,NA,NA,NA,NA,NA,NA,NA,NA,NA,NA,NA,NA,NA,NA,NA,NA,NA,NA,NA,NA,NA,NA,NA,NA,NA,NA,NA,NA,NA,NA,NA,NA,NA,NA,NA,NA,NA,NA,NA,NA,NA,NA,High,High,High,NA,NA,NA,NA,NA,NA,NA,NA,NA,NA,NA,NA,NA,NA,NA,NA,NA,NA,NA,NA,NA,NA,NA,NA,NA,NA,NA,NA,NA,NA,NA,NA,NA,NA,NA,NA,NA,NA,NA,NA,NA,NA,NA,NA,NA,NA,NA,NA,NA,NA,NA,NA,NA,NA,NA,NA,NA
NA,NA,NA,NA,NA,NA,NA,NA,NA,NA,NA,NA,NA,NA,NA,NA,91,2025-10-04,12:56:51,4,1,"Anderson , a",0029,Right,GEO_PAT,"Terilli, Lucas",1000469290,Left,GEO_PAT,Undefined,3,Bottom,2,0,0,Splitter,Changeup,BallCalled,Undefined,Undefined,Undefined,1,0,NA,71.59516,-2.055985,-2.976972,1183.339396,198.445553,12:30:00,6.5021,1.67772,5.26052,-44.36581,12.06552,3.37173,0.8698,-0.84086,65.66532,-10.13695,-2.378879,0.540669,NA,NA,NA,NA,NA,NA,NA,NA,NA,NA,NA,-2.60508,7.19945,-1.40739,50,6.28084,5.2692,-103.63536,-5.05938,-2.80942,18.67775,-24.40995,GEO_PAT,GEO_PAT,SpuhlerFieldMain,TeamExclusive,Team,20251004-SpuhlerFieldMain-Private-1,200ed890-a143-11f0-b694-b1da4b1d52f5,69.71444,NA,NA,5.9298400000000004,NA,NA,NA,NA,NA,NA,399095c0-9636-49a8-8bc9-7cafea40f967,2025-10-04,16:56:51,2025-10-04T16:56:51Z,2025-10-04T16:56:51Z,NA,v3,471300,471300,NA,"Ary , a",006,Right,GEO_PAT,67ff6fbe-9413-40b6-99f4-6af4d9a42b56,55.24065,-104.5756,9.33887,6.5046,-3.83058,-12.20497,-1.6762,5.41063,-1.40471,NA,NA,NA,NA,NA,NA,NA,NA,NA,NA,NA,NA,NA,NA,NA,NA,NA,NA,NA,NA,NA,NA,NA,NA,NA,NA,NA,NA,NA,NA,NA,NA,NA,NA,NA,NA,NA,NA,NA,NA,NA,NA,NA,NA,NA,NA,NA,NA,NA,NA,High,High,High,NA,NA,NA,NA,NA,NA,NA,NA,NA,NA,NA,NA,NA,NA,NA,NA,NA,NA,NA,NA,NA,NA,NA,NA,NA,NA,NA,NA,NA,NA,NA,NA,NA,NA,NA,NA,NA,NA,NA,NA,NA,NA,NA,NA,NA,NA,NA,NA,NA,NA,NA,NA,NA,NA,NA,NA,NA
NA,NA,NA,NA,NA,NA,NA,NA,NA,NA,NA,NA,NA,NA,NA,NA,92,2025-10-04,12:58:57,1,1,"Stewart, Owen",10069636,Right,GEO_PAT,"Ary , a",006,Right,GEO_PAT,Undefined,4,Top,0,0,0,Fastball,Four-Seam,BallCalled,Undefined,Undefined,Undefined,0,0,NA,90.9607,-0.20045,-0.008108,2554.144525,204.297784,12:45:00,6.14645,1.5699,5.66061,-21.226,13.20859,5.41827,4.19068,2.01386,82.13622,-4.198241,0.960262,0.422346,NA,NA,NA,NA,NA,NA,NA,NA,NA,NA,NA,-2.7289,7.10823,-1.57261,50,6.1163,-0.22904,-131.92165,-1.17128,-4.75192,31.17527,-19.79619,GEO_PAT,GEO_PAT,SpuhlerFieldMain,TeamExclusive,Team,20251004-SpuhlerFieldMain-Private-1,6af24b30-a143-11f0-b694-b1da4b1d52f5,89.24535,NA,NA,8.82448,NA,NA,NA,NA,NA,NA,399095c0-9636-49a8-8bc9-7cafea40f967,2025-10-04,16:58:57,2025-10-04T16:58:57Z,2025-10-04T16:58:57Z,NA,v3,471300,471300,NA,"Cowdrey, Vincent",1000469295,Right,GEO_PAT,9f2615ae-f22c-4db6-9f19-5d81fd3403ce,54.83745,-133.05991,15.58764,6.14587,-0.44849,-9.89809,-1.56742,-0.05554,-2.37596,NA,NA,NA,NA,NA,NA,NA,NA,NA,NA,NA,NA,NA,NA,NA,NA,NA,NA,NA,NA,NA,NA,NA,NA,NA,NA,NA,NA,NA,NA,NA,NA,NA,NA,NA,NA,NA,NA,NA,NA,NA,NA,NA,NA,NA,NA,NA,NA,NA,NA,High,High,High,NA,NA,NA,NA,NA,NA,NA,NA,NA,NA,NA,NA,NA,NA,NA,NA,NA,NA,NA,NA,NA,NA,NA,NA,NA,NA,NA,NA,NA,NA,NA,NA,NA,NA,NA,NA,NA,NA,NA,NA,NA,NA,NA,NA,NA,NA,NA,NA,NA,NA,NA,NA,NA,NA,NA,NA,NA
NA,NA,NA,NA,NA,NA,NA,NA,NA,NA,NA,NA,NA,NA,NA,NA,93,2025-10-04,12:59:08,1,2,"Stewart, Owen",10069636,Right,GEO_PAT,"Ary , a",006,Right,GEO_PAT,Undefined,4,Top,0,1,0,Cutter,Slider,FoulBallNotFieldable,Undefined,Undefined,Undefined,0,0,NA,85.85497,-1.186449,-0.974677,2412.408831,157.952162,11:15:00,6.10775,1.35031,5.34483,-32.93281,5.50059,-1.77083,2.25004,0.28832,79.30064,-7.19359,-1.289641,0.446196,NA,NA,NA,NA,NA,NA,NA,NA,NA,NA,NA,0.64717,3.37051,-1.26108,50,5.97694,2.19583,-124.72355,-3.77809,1.02572,23.63525,-26.832,GEO_PAT,GEO_PAT,SpuhlerFieldMain,TeamExclusive,Team,20251004-SpuhlerFieldMain-Private-1,71e7c1e0-a143-11f0-b694-b1da4b1d52f5,84.47505,NA,NA,6.55433,NA,NA,NA,NA,NA,NA,399095c0-9636-49a8-8bc9-7cafea40f967,2025-10-04,16:59:08,2025-10-04T16:59:08Z,2025-10-04T16:59:08Z,NA,v3,471300,471300,NA,"Cowdrey, Vincent",1000469295,Right,GEO_PAT,933e22f2-cb23-4bd4-a505-53fe4666d6fe,55.15927,-125.69744,11.81762,6.10983,-2.67248,-13.416,-1.35069,2.15357,0.51286,NA,NA,NA,NA,NA,NA,NA,NA,NA,NA,NA,NA,NA,NA,NA,NA,NA,NA,NA,NA,NA,NA,NA,NA,NA,NA,NA,NA,NA,NA,NA,NA,NA,NA,NA,NA,NA,NA,NA,NA,NA,NA,NA,NA,NA,NA,NA,NA,NA,NA,High,High,High,NA,NA,NA,NA,NA,NA,NA,NA,NA,NA,NA,NA,NA,NA,NA,NA,NA,NA,NA,NA,NA,NA,NA,NA,NA,NA,NA,NA,NA,NA,NA,NA,NA,NA,NA,NA,NA,NA,NA,NA,NA,NA,NA,NA,NA,NA,NA,NA,NA,NA,NA,NA,NA,NA,NA,NA,NA
NA,NA,NA,NA,NA,NA,NA,NA,NA,NA,NA,NA,NA,NA,NA,NA,94,2025-10-04,12:59:26,1,3,"Stewart, Owen",10069636,Right,GEO_PAT,"Ary , a",006,Right,GEO_PAT,Undefined,4,Top,0,1,1,Sweeper,Slider,StrikeCalled,Undefined,Undefined,Undefined,0,0,NA,81.0835,0.310836,-0.13089,2533.355875,82.232517,08:45:00,5.90746,1.58939,4.862,-45.10939,0.15654,-11.76949,2.44256,0.48471,72.70064,-7.896392,-2.206307,0.484236,NA,NA,NA,NA,NA,NA,NA,NA,NA,NA,NA,5.72225,0.49555,-1.56595,50,5.90023,0.79007,-117.29868,-1.05858,7.76762,27.49938,-31.50137,GEO_PAT,GEO_PAT,SpuhlerFieldMain,TeamExclusive,Team,20251004-SpuhlerFieldMain-Private-1,7c78fcf0-a143-11f0-b694-b1da4b1d52f5,77.83897,NA,NA,8.38287,NA,NA,NA,NA,NA,NA,399095c0-9636-49a8-8bc9-7cafea40f967,2025-10-04,16:59:26,2025-10-04T16:59:26Z,2025-10-04T16:59:26Z,NA,v3,471300,471300,NA,"Cowdrey, Vincent",1000469295,Right,GEO_PAT,5d994883-3310-47ee-b805-7862ceb9f5a4,55.63632,-118.61269,13.74969,5.91485,0.44667,-15.75069,-1.59483,0.4189,3.88381,NA,NA,NA,NA,NA,NA,NA,NA,NA,NA,NA,NA,NA,NA,NA,NA,NA,NA,NA,NA,NA,NA,NA,NA,NA,NA,NA,NA,NA,NA,NA,NA,NA,NA,NA,NA,NA,NA,NA,NA,NA,NA,NA,NA,NA,NA,NA,NA,NA,NA,High,High,High,NA,NA,NA,NA,NA,NA,NA,NA,NA,NA,NA,NA,NA,NA,NA,NA,NA,NA,NA,NA,NA,NA,NA,NA,NA,NA,NA,NA,NA,NA,NA,NA,NA,NA,NA,NA,NA,NA,NA,NA,NA,NA,NA,NA,NA,NA,NA,NA,NA,NA,NA,NA,NA,NA,NA,NA,NA
NA,NA,NA,NA,NA,NA,NA,NA,NA,NA,NA,NA,NA,NA,NA,NA,95,2025-10-04,12:59:41,1,4,"Stewart, Owen",10069636,Right,GEO_PAT,"Ary , a",006,Right,GEO_PAT,Undefined,4,Top,0,1,2,Fastball,Four-Seam,FoulBallNotFieldable,Undefined,Undefined,Undefined,0,0,NA,91.67485,-2.529586,-2.654005,2491.859813,194.101904,12:30:00,6.45175,1.03495,5.95572,-11.83162,21.83781,5.17977,3.11574,-0.99655,82.70116,-4.854079,-1.724979,0.417628,56.42296,19.164453,53.73536,3114.103886,NA,NA,NA,124.31561,123.991,59.554599,1.825667,-3.5552,12.45816,-0.82694,50,6.24419,5.94124,-132.8221,-6.16957,-6.25777,32.34648,-10.24551,GEO_PAT,GEO_PAT,SpuhlerFieldMain,TeamExclusive,Team,20251004-SpuhlerFieldMain-Private-1,856eb070-a143-11f0-b694-b1da4b1d52f5,90.25366,14.30815,NA,8.97369,NA,NA,NA,1.8917,3.23068,1.16484,399095c0-9636-49a8-8bc9-7cafea40f967,2025-10-04,16:59:41,2025-10-04T16:59:41Z,2025-10-04T16:59:41Z,LineDrive,v3,471300,471300,NA,"Cowdrey, Vincent",1000469295,Right,GEO_PAT,4f8ad616-10d9-43b3-bcce-a7f448c8b161,54.5468,-133.92481,16.17324,6.44856,-5.8203,-5.12276,-1.03312,6.15457,-3.12888,NA,1.8917,46.23614,-9.12083,1.65112,-0.24744,-0.07619,0.07713,-0.03436,0.00653,3.23067,27.16675,-17.43797,1.09978,-0.23262,0.12154,-0.070930000000000007,0.02946,-0.00523,1.16483,63.027,-2.91421,0.11759,-0.0379,0.02686,0.00554,-0.01105,0.00292,NA,NA,NA,NA,NA,NA,NA,NA,NA,NA,NA,NA,NA,NA,NA,NA,NA,NA,NA,NA,NA,NA,High,High,High,High,High,NA,NA,NA,NA,NA,NA,NA,NA,NA,NA,NA,NA,NA,NA,NA,NA,NA,NA,NA,NA,NA,NA,NA,NA,NA,NA,NA,NA,NA,NA,NA,NA,NA,NA,NA,NA,NA,NA,NA,NA,NA,NA,NA,NA,NA,NA,NA,NA,NA,NA,NA,NA,NA,NA,NA
NA,NA,NA,NA,NA,NA,NA,NA,NA,NA,NA,NA,NA,NA,NA,NA,96,2025-10-04,12:59:57,1,5,"Stewart, Owen",10069636,Right,GEO_PAT,"Ary , a",006,Right,GEO_PAT,Undefined,4,Top,0,1,2,Cutter,Slider,FoulBallNotFieldable,Undefined,Undefined,Undefined,0,0,NA,84.68683,0.023046,-0.296746,2378.382274,70.432253,08:15:00,6.40833,1.18357,5.19316,-41.41553,-1.47209,-7.6143,2.97872,0.26989,77.79625,-7.492566,-1.647708,0.454877,73.62801,66.864882,167.555532,5001.693879,NA,NA,NA,NA,26.67825,NA,NA,3.75977,-0.45154,-1.14987,50,6.37865,0.95972,-122.98216,-1.5041,5.75521,24.50633,-32.86524,GEO_PAT,GEO_PAT,SpuhlerFieldMain,TeamExclusive,Team,20251004-SpuhlerFieldMain-Private-1,8f2765d0-a143-11f0-b694-b1da4b1d52f5,82.86286,57.51149,NA,6.89058,NA,NA,NA,2.75493,3.22729,-0.30835,399095c0-9636-49a8-8bc9-7cafea40f967,2025-10-04,16:59:57,2025-10-04T16:59:57Z,2025-10-04T16:59:57Z,NA,v3,471300,471300,NA,"Cowdrey, Vincent",1000469295,Right,GEO_PAT,2c615ff4-512a-4f70-9bd1-40fc659a2ecb,55.31105,-124.03597,12.25316,6.41295,-0.09085,-16.43262,-1.18582,0.71224,2.87761,341.480875,2.75493,-41.43125,-3.01864,2.28433,-0.19334,-1.58755,3.16183,-3.09083,1.2491,3.22729,99.3034,-32.22906,4.52726,-0.67292,-0.71681,1.63691,-1.67189,0.69747,-0.30835,9.14317,-7.16067,1.91854,-0.17751,-0.79212,1.60187,-1.58825,0.64982,NA,NA,NA,NA,NA,NA,NA,NA,NA,NA,NA,NA,NA,NA,NA,NA,NA,NA,NA,NA,NA,NA,High,High,High,High,Undefined,NA,NA,NA,NA,NA,NA,NA,NA,NA,NA,NA,NA,NA,NA,NA,NA,NA,NA,NA,NA,NA,NA,NA,NA,NA,NA,NA,NA,NA,NA,NA,NA,NA,NA,NA,NA,NA,NA,NA,NA,NA,NA,NA,NA,NA,NA,NA,NA,NA,NA,NA,NA,NA,NA,NA
NA,NA,NA,NA,NA,NA,NA,NA,NA,NA,NA,NA,NA,NA,NA,NA,97,2025-10-04,13:00:16,1,6,"Stewart, Owen",10069636,Right,GEO_PAT,"Ary , a",006,Right,GEO_PAT,Undefined,4,Top,0,1,2,Fastball,Four-Seam,FoulBallNotFieldable,Undefined,Undefined,Undefined,0,0,NA,91.80513,-1.131831,-1.991604,2463.629774,209.249637,01:00:00,6.05934,1.68063,5.96658,-19.06914,14.14595,7.30603,3.42,0.44204,83.51298,-4.739489,-0.679226,0.414801,69.509,35.836117,-163.425296,3632.341683,-105.53089,37.37604,-31.03565,189.35304,77.95327,-165.389174,2.66726,-4.35016,7.92737,-1.52678,50,5.95895,4.32157,-133.25329,-3.23548,-7.77966,30.06992,-17.99698,GEO_PAT,GEO_PAT,SpuhlerFieldMain,TeamExclusive,Team,20251004-SpuhlerFieldMain-Private-1,9a2f7e90-a143-11f0-b694-b1da4b1d52f5,90.86881,38.36157,NA,8.29216,NA,NA,NA,1.04284,3.47022,-0.45959,399095c0-9636-49a8-8bc9-7cafea40f967,2025-10-04,17:00:16,2025-10-04T17:00:16Z,2025-10-04T17:00:16Z,FlyBall,v3,471300,471300,NA,"Cowdrey, Vincent",1000469295,Right,GEO_PAT,53b88afe-d3cd-459b-a402-755a37c15d6d,54.53492,-134.27274,15.03496,6.0583,-2.62533,-8.99849,-1.67776,4.58532,-3.88983,356.936214,1.04281,-79.21076,5.51267,-0.91552,0.03235,0.097,-0.05303,0.01382,-0.00146,3.47023,59.68419,-28.99847,3.5285,-0.5608,-0.00115,0.02808,-0.00674,6.2e-4,-0.45964,-23.57557,1.18883,0.54361,-0.03724,-0.03594,0.00696,0.00313,-7.7e-4,NA,NA,NA,NA,NA,NA,NA,NA,NA,NA,NA,NA,NA,NA,NA,NA,NA,NA,NA,NA,NA,NA,High,High,High,High,Medium,NA,NA,NA,NA,NA,NA,NA,NA,NA,NA,NA,NA,NA,NA,NA,NA,NA,NA,NA,NA,NA,NA,NA,NA,NA,NA,NA,NA,NA,NA,NA,NA,NA,NA,NA,NA,NA,NA,NA,NA,NA,NA,NA,NA,NA,NA,NA,NA,NA,NA,NA,NA,NA,NA,NA
NA,NA,NA,NA,NA,NA,NA,NA,NA,NA,NA,NA,NA,NA,NA,NA,98,2025-10-04,13:00:34,1,7,"Stewart, Owen",10069636,Right,GEO_PAT,"Ary , a",006,Right,GEO_PAT,Undefined,4,Top,0,1,2,Fastball,Four-Seam,BallCalled,Undefined,Undefined,Undefined,0,0,NA,92.13085,0.241905,-0.557007,2490.300577,202.574473,12:45:00,6.27634,1.40685,5.64595,-15.56123,17.87658,6.96485,5.20524,1.46764,83.42042,-2.734801,0.687058,0.416189,NA,NA,NA,NA,NA,NA,NA,NA,NA,NA,NA,-3.66701,9.29308,-1.36395,50,6.28712,0.97676,-133.67223,0.0965,-6.58744,30.73838,-15.47991,GEO_PAT,GEO_PAT,SpuhlerFieldMain,TeamExclusive,Team,20251004-SpuhlerFieldMain-Private-1,a4f16690-a143-11f0-b694-b1da4b1d52f5,90.56577,NA,NA,8.71043,NA,NA,NA,NA,NA,NA,399095c0-9636-49a8-8bc9-7cafea40f967,2025-10-04,17:00:34,2025-10-04T17:00:34Z,2025-10-04T17:00:34Z,NA,v3,471300,471300,NA,"Cowdrey, Vincent",1000469295,Right,GEO_PAT,33ac05f4-5076-4fb2-ae11-c064aec4677b,54.85261,-134.78349,15.36919,6.27351,0.65613,-7.73996,-1.40356,1.21491,-3.29372,NA,NA,NA,NA,NA,NA,NA,NA,NA,NA,NA,NA,NA,NA,NA,NA,NA,NA,NA,NA,NA,NA,NA,NA,NA,NA,NA,NA,NA,NA,NA,NA,NA,NA,NA,NA,NA,NA,NA,NA,NA,NA,NA,NA,NA,NA,NA,NA,NA,NA,High,High,High,NA,NA,NA,NA,NA,NA,NA,NA,NA,NA,NA,NA,NA,NA,NA,NA,NA,NA,NA,NA,NA,NA,NA,NA,NA,NA,NA,NA,NA,NA,NA,NA,NA,NA,NA,NA,NA,NA,NA,NA,NA,NA,NA,NA,NA,NA,NA,NA,NA,NA,NA,NA,NA,NA,NA,NA,NA
NA,NA,NA,NA,NA,NA,NA,NA,NA,NA,NA,NA,NA,NA,NA,NA,99,2025-10-04,13:00:47,1,8,"Stewart, Owen",10069636,Right,GEO_PAT,"Ary , a",006,Right,GEO_PAT,Undefined,4,Top,0,2,2,Sweeper,Slider,StrikeCalled,Strikeout,Undefined,Undefined,0,0,NA,80.08296,1.010142,0.596848,2551.614802,81.150117,08:45:00,5.83024,1.72922,5.12551,-46.48278,-1.44323,-18.69107,2.90829,0.73383,73.16908,-7.434782,-2.714054,0.483024,NA,NA,NA,NA,NA,NA,NA,NA,NA,NA,NA,9.4404,-0.54921,-1.77027,50,5.88919,-0.42416,-116.19317,0.36362,12.83149,22.94523,-32.92053,GEO_PAT,GEO_PAT,SpuhlerFieldMain,TeamExclusive,Team,20251004-SpuhlerFieldMain-Private-1,ad0c2360-a143-11f0-b694-b1da4b1d52f5,78.03435,NA,NA,6.91388,NA,NA,NA,NA,NA,NA,399095c0-9636-49a8-8bc9-7cafea40f967,2025-10-04,17:00:47,2025-10-04T17:00:47Z,2025-10-04T17:00:47Z,NA,v3,471300,471300,NA,"Cowdrey, Vincent",1000469295,Right,GEO_PAT,2127461f-8429-4557-84f6-80fad333b4e1,55.37739,-117.25026,11.47261,5.8375,1.88028,-16.46027,-1.73711,-1.01531,6.4157400000000004,NA,NA,NA,NA,NA,NA,NA,NA,NA,NA,NA,NA,NA,NA,NA,NA,NA,NA,NA,NA,NA,NA,NA,NA,NA,NA,NA,NA,68.49054,NA,NA,0.917993,NA,NA,NA,2.6693,5.52352,-4.86451,70.54892,4.82557,-54.23001,2.71134,79.3055,-5.89872,5.5385,10.64555,-12.44524,-4.91164,-59.28922,6.07102,High,High,High,NA,NA,High,High,High,NA,NA,NA,NA,NA,NA,NA,NA,NA,NA,NA,NA,NA,NA,NA,NA,NA,NA,NA,NA,NA,NA,NA,NA,NA,NA,NA,NA,NA,NA,NA,NA,NA,NA,NA,NA,NA,NA,NA,NA,NA,NA,NA,NA,NA,NA,NA,NA,NA,NA,NA,NA
NA,NA,NA,NA,NA,NA,NA,NA,NA,NA,NA,NA,NA,NA,NA,NA,100,2025-10-04,13:01:11,2,1,"Stewart, Owen",10069636,Right,GEO_PAT,"Monterrosa , a",0025,Right,GEO_PAT,Undefined,4,Top,1,0,0,Cutter,Slider,StrikeCalled,Undefined,Undefined,Undefined,0,0,NA,85.40577,-0.278977,-0.115084,2409.807778,79.702677,08:45:00,6.31969,1.0898,5.05225,-39.4203,-0.03665,-6.75689,2.77153,0.41818,78.62899,-7.414414,-1.310885,0.451679,NA,NA,NA,NA,NA,NA,NA,NA,NA,NA,NA,3.32453,0.42087,-1.07321,50,6.2616,0.54968,-124.0066,-2.13404,5.19267,24.08502,-31.51669,GEO_PAT,GEO_PAT,SpuhlerFieldMain,TeamExclusive,Team,20251004-SpuhlerFieldMain-Private-1,bb44bb90-a143-11f0-b694-b1da4b1d52f5,83.449700000000007,NA,NA,6.77678,NA,NA,NA,NA,NA,NA,399095c0-9636-49a8-8bc9-7cafea40f967,2025-10-04,17:01:11,2025-10-04T17:01:11Z,2025-10-04T17:01:11Z,NA,v3,471300,471300,NA,"Cowdrey, Vincent",1000469295,Right,GEO_PAT,0958fe28-5101-457b-8fcc-86a3ded570a4,55.45046,-125.06073,12.04251,6.32482,-0.75465,-15.75834,-1.0923,0.32241,2.59634,NA,NA,NA,NA,NA,NA,NA,NA,NA,NA,NA,NA,NA,NA,NA,NA,NA,NA,NA,NA,NA,NA,NA,NA,NA,NA,NA,NA,NA,NA,NA,NA,NA,NA,NA,NA,NA,NA,NA,NA,NA,NA,NA,NA,NA,NA,NA,NA,NA,NA,High,High,High,NA,NA,NA,NA,NA,NA,NA,NA,NA,NA,NA,NA,NA,NA,NA,NA,NA,NA,NA,NA,NA,NA,NA,NA,NA,NA,NA,NA,NA,NA,NA,NA,NA,NA,NA,NA,NA,NA,NA,NA,NA,NA,NA,NA,NA,NA,NA,NA,NA,NA,NA,NA,NA,NA,NA,NA,NA
NA,NA,NA,NA,NA,NA,NA,NA,NA,NA,NA,NA,NA,NA,NA,NA,101,2025-10-04,13:01:22,2,2,"Stewart, Owen",10069636,Right,GEO_PAT,"Monterrosa , a",0025,Right,GEO_PAT,Undefined,4,Top,1,0,1,Sweeper,Slider,InPlay,Undefined,Popup,Out,1,0,NA,78.52282,1.250636,0.455421,2521.909337,85.899298,08:45:00,5.78421,1.60039,4.90883,-47.20156,0.26079,-18.94178,3.03368,0.45261,71.3918,-7.314492,-2.885569,0.495845,83.38641,58.752737,-12.152799,NA,106.86523,139.56526,-26.07279,184.07061,183.42275,-14.858322,5.971602,9.55812,0.15197,-1.62791,50,5.86686,-0.12247,-113.83,0.78946,12.40337,23.03199,-31.97682,GEO_PAT,GEO_PAT,SpuhlerFieldMain,TeamExclusive,Team,20251004-SpuhlerFieldMain-Private-1,c1fb5480-a143-11f0-b694-b1da4b1d52f5,76.01653,139.878,NA,7.13102,NA,NA,NA,2.33669,3.26751,-0.52509,399095c0-9636-49a8-8bc9-7cafea40f967,2025-10-04,17:01:22,2025-10-04T17:01:22Z,2025-10-04T17:01:22Z,Popup,v3,471300,471300,NA,"Cowdrey, Vincent",1000469295,Right,GEO_PAT,47a7da74-50ed-45bb-84d3-7e806812b465,55.59445,-114.95639,11.51599,5.79001,2.3533,-15.98841,-1.60709,-0.72906,6.20169,179.087351,2.31641,62.33193,-20.9922,7.79005,-2.35553,0.54597,-0.08144,0.0066,-2.2e-4,3.23347,105.19664,-26.92688,5.78497,-2.87982,1.06022,-0.22419,0.02417,-0.00103,-0.52055,-13.43076,4.16111,-1.77011,0.61007,-0.16139,0.02743,-0.00255,1e-4,NA,NA,NA,NA,NA,NA,NA,NA,NA,NA,NA,NA,NA,NA,NA,NA,NA,NA,NA,NA,NA,NA,High,High,High,High,Medium,NA,NA,NA,NA,NA,NA,NA,NA,NA,NA,NA,NA,NA,NA,NA,NA,NA,NA,NA,NA,NA,NA,NA,NA,NA,NA,NA,NA,NA,NA,NA,NA,NA,NA,NA,NA,NA,NA,NA,NA,NA,NA,NA,NA,NA,NA,NA,NA,NA,NA,NA,NA,NA,NA,NA
NA,NA,NA,NA,NA,NA,NA,NA,NA,NA,NA,NA,NA,NA,NA,NA,102,2025-10-04,13:01:51,3,1,"Stewart, Owen",10069636,Right,GEO_PAT,"Baturin , a",0039,Right,GEO_PAT,Undefined,4,Top,2,0,0,Sweeper,Slider,BallCalled,Undefined,Undefined,Undefined,0,0,NA,79.9636,-0.419083,0.835512,2470.580003,82.033101,08:45:00,5.86032,1.31796,5.00865,-46.31999,-0.84035,-16.87773,1.60468,0.70022,73.10554,-8.799715,-2.151371,0.485378,NA,NA,NA,NA,NA,NA,NA,NA,NA,NA,NA,8.66902,0.11039,-1.38367,50,5.78244,-0.99041,-115.98266,-2.53135,11.70686,23.43639,-32.02497,GEO_PAT,GEO_PAT,SpuhlerFieldMain,TeamExclusive,Team,20251004-SpuhlerFieldMain-Private-1,d3228120-a143-11f0-b694-b1da4b1d52f5,77.65588,NA,NA,6.85806,NA,NA,NA,NA,NA,NA,399095c0-9636-49a8-8bc9-7cafea40f967,2025-10-04,17:01:51,2025-10-04T17:01:51Z,2025-10-04T17:01:51Z,NA,v3,471300,471300,NA,"Cowdrey, Vincent",1000469295,Right,GEO_PAT,e421ec94-7dde-4eb2-b95d-ba028a66e07d,55.49477,-117.08772,11.7182,5.8662,-1.02133,-16.01249,-1.32396,-1.5424,5.85343,NA,NA,NA,NA,NA,NA,NA,NA,NA,NA,NA,NA,NA,NA,NA,NA,NA,NA,NA,NA,NA,NA,NA,NA,NA,NA,NA,NA,NA,NA,NA,NA,NA,NA,NA,NA,NA,NA,NA,NA,NA,NA,NA,NA,NA,NA,NA,NA,NA,NA,High,High,High,NA,NA,NA,NA,NA,NA,NA,NA,NA,NA,NA,NA,NA,NA,NA,NA,NA,NA,NA,NA,NA,NA,NA,NA,NA,NA,NA,NA,NA,NA,NA,NA,NA,NA,NA,NA,NA,NA,NA,NA,NA,NA,NA,NA,NA,NA,NA,NA,NA,NA,NA,NA,NA,NA,NA,NA,NA
NA,NA,NA,NA,NA,NA,NA,NA,NA,NA,NA,NA,NA,NA,NA,NA,103,2025-10-04,13:02:02,3,2,"Stewart, Owen",10069636,Right,GEO_PAT,"Baturin , a",0039,Right,GEO_PAT,Undefined,4,Top,2,1,0,Cutter,Slider,BallCalled,Undefined,Undefined,Undefined,0,0,NA,86.79463,0.122308,-0.618842,2466.451908,117.972154,10:00:00,6.13493,1.51116,5.28235,-33.45128,4.14142,-5.78059,3.4622,0.44822,80.16587,-5.978261,-1.645197,0.441289,NA,NA,NA,NA,NA,NA,NA,NA,NA,NA,NA,2.73957,2.37803,-1.45031,50,6.12149,1.61613,-126.12248,-0.98823,4.45339,23.4385,-28.30837,GEO_PAT,GEO_PAT,SpuhlerFieldMain,TeamExclusive,Team,20251004-SpuhlerFieldMain-Private-1,d9bd0690-a143-11f0-b694-b1da4b1d52f5,85.41439,NA,NA,6.62876,NA,NA,NA,NA,NA,NA,399095c0-9636-49a8-8bc9-7cafea40f967,2025-10-04,17:02:02,2025-10-04T17:02:02Z,2025-10-04T17:02:02Z,NA,v3,471300,471300,NA,"Cowdrey, Vincent",1000469295,Right,GEO_PAT,57214b9a-5593-4f3a-b4b1-642f7cb9f21c,55.22037,-127.08893,11.71925,6.13818,0.17901,-14.15418,-1.51316,1.4325,2.2267,NA,NA,NA,NA,NA,NA,NA,NA,NA,NA,NA,NA,NA,NA,NA,NA,NA,NA,NA,NA,NA,NA,NA,NA,NA,NA,NA,NA,NA,NA,NA,NA,NA,NA,NA,NA,NA,NA,NA,NA,NA,NA,NA,NA,NA,NA,NA,NA,NA,NA,High,High,High,NA,NA,NA,NA,NA,NA,NA,NA,NA,NA,NA,NA,NA,NA,NA,NA,NA,NA,NA,NA,NA,NA,NA,NA,NA,NA,NA,NA,NA,NA,NA,NA,NA,NA,NA,NA,NA,NA,NA,NA,NA,NA,NA,NA,NA,NA,NA,NA,NA,NA,NA,NA,NA,NA,NA,NA,NA
NA,NA,NA,NA,NA,NA,NA,NA,NA,NA,NA,NA,NA,NA,NA,NA,104,2025-10-04,13:02:15,3,3,"Stewart, Owen",10069636,Right,GEO_PAT,"Baturin , a",0039,Right,GEO_PAT,Undefined,4,Top,2,2,0,Fastball,Four-Seam,BallCalled,Undefined,Undefined,Undefined,0,0,NA,91.62276,-4.158694,-2.366797,2494.578722,205.379515,12:45:00,6.26211,1.22732,6.04158,-14.42749,19.06926,8.49292,1.19912,-0.25765,83.29171,-6.924685,-0.839523,0.416555,NA,NA,NA,NA,NA,NA,NA,NA,NA,NA,NA,-5.10307,11.43005,-1.04728,50,5.92925,5.12407,-132.62577,-10.04648,-9.01979,30.38865,-11.97125,GEO_PAT,GEO_PAT,SpuhlerFieldMain,TeamExclusive,Team,20251004-SpuhlerFieldMain-Private-1,e14bb000-a143-11f0-b694-b1da4b1d52f5,90.48604,NA,NA,8.33105,NA,NA,NA,NA,NA,NA,399095c0-9636-49a8-8bc9-7cafea40f967,2025-10-04,17:02:15,2025-10-04T17:02:15Z,2025-10-04T17:02:15Z,NA,v3,471300,471300,NA,"Cowdrey, Vincent",1000469295,Right,GEO_PAT,dac17032-18f2-4415-8d21-a944cd9cf2bc,54.45993,-133.64377,15.19433,6.25908,-9.64546,-5.98563,-1.224,5.42622,-4.5099,NA,NA,NA,NA,NA,NA,NA,NA,NA,NA,NA,NA,NA,NA,NA,NA,NA,NA,NA,NA,NA,NA,NA,NA,NA,NA,NA,NA,NA,NA,NA,NA,NA,NA,NA,NA,NA,NA,NA,NA,NA,NA,NA,NA,NA,NA,NA,NA,NA,NA,High,High,High,NA,NA,NA,NA,NA,NA,NA,NA,NA,NA,NA,NA,NA,NA,NA,NA,NA,NA,NA,NA,NA,NA,NA,NA,NA,NA,NA,NA,NA,NA,NA,NA,NA,NA,NA,NA,NA,NA,NA,NA,NA,NA,NA,NA,NA,NA,NA,NA,NA,NA,NA,NA,NA,NA,NA,NA,NA
NA,NA,NA,NA,NA,NA,NA,NA,NA,NA,NA,NA,NA,NA,NA,NA,105,2025-10-04,13:02:27,3,4,"Stewart, Owen",10069636,Right,GEO_PAT,"Baturin , a",0039,Right,GEO_PAT,Undefined,4,Top,2,3,0,Fastball,Four-Seam,StrikeCalled,Undefined,Undefined,Undefined,0,0,NA,90.28981,-2.063051,-2.538302,2504.620865,206.765579,01:00:00,5.93309,1.65089,5.99751,-15.72753,18.67773,8.82937,2.70794,0.03291,82.00038,-5.079973,-0.952487,0.422167,NA,NA,NA,NA,NA,NA,NA,NA,NA,NA,NA,-5.26847,10.54028,-1.45558,50,5.76169,5.42455,-130.90891,-5.15366,-9.08476,29.26246,-13.99872,GEO_PAT,GEO_PAT,SpuhlerFieldMain,TeamExclusive,Team,20251004-SpuhlerFieldMain-Private-1,e8b06340-a143-11f0-b694-b1da4b1d52f5,89.2833,NA,NA,8.28943,NA,NA,NA,NA,NA,NA,399095c0-9636-49a8-8bc9-7cafea40f967,2025-10-04,17:02:27,2025-10-04T17:02:27Z,2025-10-04T17:02:27Z,NA,v3,471300,471300,NA,"Cowdrey, Vincent",1000469295,Right,GEO_PAT,0b1181bc-a4d9-4816-abcc-ea74f73ee14e,54.50239,-131.9115,14.63123,5.93005,-4.67403,-6.99936,-1.64677,5.73581,-4.54238,NA,NA,NA,NA,NA,NA,NA,NA,NA,NA,NA,NA,NA,NA,NA,NA,NA,NA,NA,NA,NA,NA,NA,NA,NA,NA,NA,NA,NA,NA,NA,NA,NA,NA,NA,NA,NA,NA,NA,NA,NA,NA,NA,NA,NA,NA,NA,NA,NA,NA,High,High,High,NA,NA,NA,NA,NA,NA,NA,NA,NA,NA,NA,NA,NA,NA,NA,NA,NA,NA,NA,NA,NA,NA,NA,NA,NA,NA,NA,NA,NA,NA,NA,NA,NA,NA,NA,NA,NA,NA,NA,NA,NA,NA,NA,NA,NA,NA,NA,NA,NA,NA,NA,NA,NA,NA,NA,NA,NA
NA,NA,NA,NA,NA,NA,NA,NA,NA,NA,NA,NA,NA,NA,NA,NA,106,2025-10-04,13:02:46,3,5,"Stewart, Owen",10069636,Right,GEO_PAT,"Baturin , a",0039,Right,GEO_PAT,Undefined,4,Top,2,3,1,Sweeper,Slider,StrikeCalled,Undefined,Undefined,Undefined,0,0,NA,78.56486,0.569721,-0.203116,2577.087736,83.267091,08:45:00,5.83953,1.63195,4.87692,-48.17644,-0.38339,-17.88513,2.36395,-0.05068,71.10841,-8.165511,-3.357349,0.497569,NA,NA,NA,NA,NA,NA,NA,NA,NA,NA,NA,8.72008,0.14575,-1.59607,50,5.85511,1.16449,-113.79197,-0.62414,11.23065,24.33806,-31.98633,GEO_PAT,GEO_PAT,SpuhlerFieldMain,TeamExclusive,Team,20251004-SpuhlerFieldMain-Private-1,f3de0560-a143-11f0-b694-b1da4b1d52f5,75.75311,NA,NA,7.45645,NA,NA,NA,NA,NA,NA,399095c0-9636-49a8-8bc9-7cafea40f967,2025-10-04,17:02:46,2025-10-04T17:02:46Z,2025-10-04T17:02:46Z,NA,v3,471300,471300,NA,"Cowdrey, Vincent",1000469295,Right,GEO_PAT,77756999-3b46-4f34-82f8-273d148b1f5c,55.62386,-114.98852,12.16903,5.84714,0.94843,-15.99317,-1.63975,0.61235,5.61532,NA,NA,NA,NA,NA,NA,NA,NA,NA,NA,NA,NA,NA,NA,NA,NA,NA,NA,NA,NA,NA,NA,NA,NA,NA,NA,NA,NA,NA,NA,NA,NA,NA,NA,NA,NA,NA,NA,NA,NA,NA,NA,NA,NA,NA,NA,NA,NA,NA,NA,High,High,High,NA,NA,NA,NA,NA,NA,NA,NA,NA,NA,NA,NA,NA,NA,NA,NA,NA,NA,NA,NA,NA,NA,NA,NA,NA,NA,NA,NA,NA,NA,NA,NA,NA,NA,NA,NA,NA,NA,NA,NA,NA,NA,NA,NA,NA,NA,NA,NA,NA,NA,NA,NA,NA,NA,NA,NA,NA
NA,NA,NA,NA,NA,NA,NA,NA,NA,NA,NA,NA,NA,NA,NA,NA,107,2025-10-04,13:02:59,3,6,"Stewart, Owen",10069636,Right,GEO_PAT,"Baturin , a",0039,Right,GEO_PAT,Undefined,4,Top,2,3,2,Sweeper,Curveball,BallCalled,Walk,Undefined,Undefined,0,0,NA,79.72278,-1.796547,-2.155466,2585.7399,68.958221,08:15:00,5.82978,1.58895,5.24431,-50.47845,-4.59725,-16.15509,-0.06697,-1.78405,72.79517,-10.894708,-5.025823,0.487516,NA,NA,NA,NA,NA,NA,NA,NA,NA,NA,NA,7.48437,-1.37618,-1.37793,50,5.62661,4.98288,-115.46555,-5.38983,9.90597,25.43211,-33.99549,GEO_PAT,GEO_PAT,SpuhlerFieldMain,TeamExclusive,Team,20251004-SpuhlerFieldMain-Private-1,fb996420-a143-11f0-b694-b1da4b1d52f5,77.31533,NA,NA,6.92761,NA,NA,NA,NA,NA,NA,399095c0-9636-49a8-8bc9-7cafea40f967,2025-10-04,17:02:59,2025-10-04T17:02:59Z,2025-10-04T17:02:59Z,NA,v3,471300,471300,NA,"Cowdrey, Vincent",1000469295,Right,GEO_PAT,406fe45c-efab-46be-9d3a-aa63787c509c,55.25975,-116.6183,12.71606,5.83599,-3.84894,-16.99774,-1.59361,4.53388,4.95299,NA,NA,NA,NA,NA,NA,NA,NA,NA,NA,NA,NA,NA,NA,NA,NA,NA,NA,NA,NA,NA,NA,NA,NA,NA,NA,NA,NA,NA,NA,NA,NA,NA,NA,NA,NA,NA,NA,NA,NA,NA,NA,NA,NA,NA,NA,NA,NA,NA,NA,High,High,High,NA,NA,NA,NA,NA,NA,NA,NA,NA,NA,NA,NA,NA,NA,NA,NA,NA,NA,NA,NA,NA,NA,NA,NA,NA,NA,NA,NA,NA,NA,NA,NA,NA,NA,NA,NA,NA,NA,NA,NA,NA,NA,NA,NA,NA,NA,NA,NA,NA,NA,NA,NA,NA,NA,NA,NA,NA
NA,NA,NA,NA,NA,NA,NA,NA,NA,NA,NA,NA,NA,NA,NA,NA,108,2025-10-04,13:03:33,4,1,"Stewart, Owen",10069636,Right,GEO_PAT,"Zucker, a",0015,Right,GEO_PAT,Undefined,4,Top,2,0,0,Cutter,Slider,StrikeCalled,Undefined,Undefined,Undefined,0,0,NA,85.68039,-1.360523,-2.385959,2402.767487,123.913386,10:15:00,6.1373,1.65272,5.4344,-33.27521,5.2628,-6.15201,2.08886,-1.09574,79.20597,-7.426486,-3.48012,0.446803,NA,NA,NA,NA,NA,NA,NA,NA,NA,NA,NA,2.49158,3.34256,-1.43682,50,5.99351,5.44044,-124.36749,-4.15259,3.92617,23.51811,-26.90696,GEO_PAT,GEO_PAT,SpuhlerFieldMain,TeamExclusive,Team,20251004-SpuhlerFieldMain-Private-1,0fecca70-a144-11f0-b694-b1da4b1d52f5,84.36028,NA,NA,6.47442,NA,NA,NA,NA,NA,NA,399095c0-9636-49a8-8bc9-7cafea40f967,2025-10-04,17:03:33,2025-10-04T17:03:33Z,2025-10-04T17:03:33Z,NA,v3,471300,471300,NA,"Cowdrey, Vincent",1000469295,Right,GEO_PAT,42e5579d-e906-4eb2-8d67-c5c7f253fb29,55.068600000000004,-125.3223,11.75906,6.13993,-3.06019,-13.45348,-1.65446,5.28104,1.96308,NA,NA,NA,NA,NA,NA,NA,NA,NA,NA,NA,NA,NA,NA,NA,NA,NA,NA,NA,NA,NA,NA,NA,NA,NA,NA,NA,NA,NA,NA,NA,NA,NA,NA,NA,NA,NA,NA,NA,NA,NA,NA,NA,NA,NA,NA,NA,NA,NA,NA,High,High,High,NA,NA,NA,NA,NA,NA,NA,NA,NA,NA,NA,NA,NA,NA,NA,NA,NA,NA,NA,NA,NA,NA,NA,NA,NA,NA,NA,NA,NA,NA,NA,NA,NA,NA,NA,NA,NA,NA,NA,NA,NA,NA,NA,NA,NA,NA,NA,NA,NA,NA,NA,NA,NA,NA,NA,NA,NA
NA,NA,NA,NA,NA,NA,NA,NA,NA,NA,NA,NA,NA,NA,NA,NA,109,2025-10-04,13:03:49,4,2,"Stewart, Owen",10069636,Right,GEO_PAT,"Zucker, a",0015,Right,GEO_PAT,Undefined,4,Top,2,0,1,Sweeper,Slider,StrikeCalled,Undefined,Undefined,Undefined,0,0,NA,80.88262,0.689969,-1.766211,2562.508145,92.079203,09:00:00,5.85726,2.12356,5.49717,-41.58616,2.06638,-17.83355,3.0375,-1.01525,73.87893,-6.926831,-4.940026,0.475528,NA,NA,NA,NA,NA,NA,NA,NA,NA,NA,NA,8.43532,1.28453,-1.95678,50,5.88979,4.3432,-117.34012,-0.00978,11.66799,23.83763,-30.39727,GEO_PAT,GEO_PAT,SpuhlerFieldMain,TeamExclusive,Team,20251004-SpuhlerFieldMain-Private-1,19143c50-a144-11f0-b694-b1da4b1d52f5,79.26435,NA,NA,7.0037,NA,NA,NA,NA,NA,NA,399095c0-9636-49a8-8bc9-7cafea40f967,2025-10-04,17:03:49,2025-10-04T17:03:49Z,2025-10-04T17:03:49Z,NA,v3,471300,471300,NA,"Cowdrey, Vincent",1000469295,Right,GEO_PAT,103b7452-d0fc-4d92-a1cf-c9dece05cb3c,55.0047,-118.35246,11.91882,5.8628,1.28113,-15.19864,-2.13071,3.84769,5.834,NA,NA,NA,NA,NA,NA,NA,NA,NA,NA,NA,NA,NA,NA,NA,NA,NA,NA,NA,NA,NA,NA,NA,NA,NA,NA,NA,NA,NA,NA,NA,NA,NA,NA,NA,NA,NA,NA,NA,NA,NA,NA,NA,NA,NA,NA,NA,NA,NA,NA,High,High,High,NA,NA,NA,NA,NA,NA,NA,NA,NA,NA,NA,NA,NA,NA,NA,NA,NA,NA,NA,NA,NA,NA,NA,NA,NA,NA,NA,NA,NA,NA,NA,NA,NA,NA,NA,NA,NA,NA,NA,NA,NA,NA,NA,NA,NA,NA,NA,NA,NA,NA,NA,NA,NA,NA,NA,NA,NA
NA,NA,NA,NA,NA,NA,NA,NA,NA,NA,NA,NA,NA,NA,NA,NA,110,2025-10-04,13:04:05,4,3,"Stewart, Owen",10069636,Right,GEO_PAT,"Zucker, a",0015,Right,GEO_PAT,Undefined,4,Top,2,0,2,Cutter,Slider,StrikeSwinging,Strikeout,Undefined,Undefined,0,0,NA,85.52329,-0.184455,-1.720354,2383.668584,114.571647,09:45:00,6.33117,1.71161,5.42764,-34.76238,3.82366,-5.93414,3.26146,-0.39473,79.00894,-6.531184,-2.776034,0.447081,NA,NA,NA,NA,NA,NA,NA,NA,NA,NA,NA,2.55106,2.31512,-1.55472,50,6.29057,3.98303,-124.23831,-1.66139,4.01764,23.11496,-28.52804,GEO_PAT,GEO_PAT,SpuhlerFieldMain,TeamExclusive,Team,20251004-SpuhlerFieldMain-Private-1,22dafb70-a144-11f0-b694-b1da4b1d52f5,84.30782,NA,NA,6.51435,NA,NA,NA,NA,NA,NA,399095c0-9636-49a8-8bc9-7cafea40f967,2025-10-04,17:04:05,2025-10-04T17:04:05Z,2025-10-04T17:04:05Z,NA,v3,471300,471300,NA,"Cowdrey, Vincent",1000469295,Right,GEO_PAT,a4fdfe74-1057-4210-8d93-fdfcd8102def,55.0752,-125.17901,11.55748,6.33456,-0.5004,-14.26402,-1.71348,3.81952,2.00882,NA,NA,NA,NA,NA,NA,NA,NA,NA,NA,NA,NA,NA,NA,NA,NA,NA,NA,NA,NA,NA,NA,NA,NA,NA,NA,NA,NA,45.85942,NA,NA,NA,NA,NA,NA,-2.4897,4.82999,3.31074,NA,NA,NA,-2.45342,55.20989,-3.65701,4.87645,18.03663,-15.36768,3.32303,32.76192,-1.55059,High,High,High,NA,NA,High,High,Medium,NA,NA,NA,NA,NA,NA,NA,NA,NA,NA,NA,NA,NA,NA,NA,NA,NA,NA,NA,NA,NA,NA,NA,NA,NA,NA,NA,NA,NA,NA,NA,NA,NA,NA,NA,NA,NA,NA,NA,NA,NA,NA,NA,NA,NA,NA,NA,NA,NA,NA,NA,NA
NA,NA,NA,NA,NA,NA,NA,NA,NA,NA,NA,NA,NA,NA,NA,NA,111,2025-10-04,13:06:37,1,1,"Boneno , W",NA,Right,GEO_PAT,"Terilli, Lucas",1000469290,Left,GEO_PAT,Undefined,4,Bottom,0,0,0,Fastball,Four-Seam,BallCalled,Undefined,Undefined,Undefined,0,0,NA,90.03045,0.638856,-1.551336,2245.872184,219.095517,01:15:00,6.14638,2.17592,5.03793,-14.69465,21.54265,16.4145,5.5248,2.07984,80.58085,-2.193297,1.346663,0.433261,NA,NA,NA,NA,NA,NA,NA,NA,NA,NA,NA,-8.52709,10.77497,-2.04114,50,6.19653,2.71779,-130.28714,1.02204,-14.40424,31.77549,-13.97261,GEO_PAT,GEO_PAT,SpuhlerFieldMain,TeamExclusive,Team,20251004-SpuhlerFieldMain-Private-1,7d9d3c30-a144-11f0-b694-b1da4b1d52f5,86.9971,NA,NA,9.4496,NA,NA,NA,NA,NA,NA,399095c0-9636-49a8-8bc9-7cafea40f967,2025-10-04,17:06:37,2025-10-04T17:06:37Z,2025-10-04T17:06:37Z,NA,v3,471300,471300,NA,"Ary, a",006,Right,GEO_PAT,5f598d43-c371-40a8-9b14-eb9aa9b615fc,55.45854,-131.61168,15.88774,6.14179,1.60448,-6.9863,-2.16694,3.31822,-7.20212,NA,NA,NA,NA,NA,NA,NA,NA,NA,NA,NA,NA,NA,NA,NA,NA,NA,NA,NA,NA,NA,NA,NA,NA,NA,NA,NA,NA,NA,NA,NA,NA,NA,NA,NA,NA,NA,NA,NA,NA,NA,NA,NA,NA,NA,NA,NA,NA,NA,NA,High,High,High,NA,NA,NA,NA,NA,NA,NA,NA,NA,NA,NA,NA,NA,NA,NA,NA,NA,NA,NA,NA,NA,NA,NA,NA,NA,NA,NA,NA,NA,NA,NA,NA,NA,NA,NA,NA,NA,NA,NA,NA,NA,NA,NA,NA,NA,NA,NA,NA,NA,NA,NA,NA,NA,NA,NA,NA,NA
NA,NA,NA,NA,NA,NA,NA,NA,NA,NA,NA,NA,NA,NA,NA,NA,112,2025-10-04,13:06:53,1,2,"Boneno , W",NA,Right,GEO_PAT,"Terilli, Lucas",1000469290,Left,GEO_PAT,Undefined,4,Bottom,0,1,0,Sinker,Changeup,FoulBallNotFieldable,Undefined,Undefined,Undefined,0,0,NA,81.58126,-1.754035,-4.242555,2082.014931,240.82771,02:00:00,6.14367,2.10065,5.53338,-28.97962,14.50784,23.01856,2.08403,0.04569,73.42225,-7.167427,-0.148304,0.474628,67.10593,11.718349,-169.256968,927.77267,NA,NA,NA,96.86938,49.121339999999996,-167.782102,1.165209,-13.10245,8.36965,-1.7477,50,5.97199,7.82099,-117.92954,-4.52889,-18.11504,26.24358,-20.60243,GEO_PAT,GEO_PAT,SpuhlerFieldMain,TeamExclusive,Team,20251004-SpuhlerFieldMain-Private-1,871f7840-a144-11f0-b694-b1da4b1d52f5,79.41468,7.2308,NA,8.15901,NA,NA,NA,3.06214,2.21011,-0.05007,399095c0-9636-49a8-8bc9-7cafea40f967,2025-10-04,17:06:53,2025-10-04T17:06:53Z,2025-10-04T17:06:53Z,GroundBall,v3,471300,471300,NA,"Ary, a",006,Right,GEO_PAT,b2a7dbcc-207a-41e9-824c-05caed3245df,54.96821,-119.03001,13.12179,6.14379,-3.66497,-10.30122,-2.09158,8.58061,-9.05752,324.108653,3.06215,-94.68417,9.55081,-0.75198,1.90767,-3.79918,4.31983,-2.49627,0.56566,2.21011,19.98957,-20.8908,2.13004,-0.40017,0.20057,-0.16923,0.11273,-0.03135,-0.05007,-17.96423,-0.21646,0.54604,0.0821,-0.38495,0.46274,-0.2632,0.05782,NA,NA,NA,NA,NA,NA,NA,NA,NA,NA,NA,NA,NA,NA,NA,NA,NA,NA,NA,NA,NA,NA,High,High,High,High,Medium,NA,NA,NA,NA,NA,NA,NA,NA,NA,NA,NA,NA,NA,NA,NA,NA,NA,NA,NA,NA,NA,NA,NA,NA,NA,NA,NA,NA,NA,NA,NA,NA,NA,NA,NA,NA,NA,NA,NA,NA,NA,NA,NA,NA,NA,NA,NA,NA,NA,NA,NA,NA,NA,NA,NA
NA,NA,NA,NA,NA,NA,NA,NA,NA,NA,NA,NA,NA,NA,NA,NA,113,2025-10-04,13:07:13,1,3,"Boneno , W",NA,Right,GEO_PAT,"Terilli, Lucas",1000469290,Left,GEO_PAT,Undefined,4,Bottom,0,1,1,Fastball,Four-Seam,InPlay,Undefined,GroundBall,Out,1,0,NA,88.67914,-1.956656,-2.786622,2194.331414,212.701017,01:00:00,6.1645,2.05757,5.1474,-19.16355,18.24269,10.77666,2.72239,0.32987,79.36506,-5.580346,-0.8817,0.440193,92.3394,-17.107639,1.11733,NA,NA,NA,NA,9.94988,9.52096,-1.027335,0.067338,-6.31426,10.1517,-1.80533,50,5.96726,5.73736,-128.16755,-5.01453,-10.27934,31.75108,-15.64747,GEO_PAT,GEO_PAT,SpuhlerFieldMain,TeamExclusive,Team,20251004-SpuhlerFieldMain-Private-1,92ddc1a0-a144-11f0-b694-b1da4b1d52f5,85.62703,2.68838,NA,9.31408,NA,NA,NA,1.21538,2.68838,-0.34872,399095c0-9636-49a8-8bc9-7cafea40f967,2025-10-04,17:07:13,2025-10-04T17:07:13Z,2025-10-04T17:07:13Z,GroundBall,v3,471300,471300,NA,"Ary, a",006,Right,GEO_PAT,d64a4353-04ed-413b-8776-554d0116760e,55.35098,-129.48637,15.87554,6.16204,-4.36459,-7.82374,-2.05251,6.16432,-5.13967,180,1.21242,129.68704,NA,NA,NA,NA,NA,NA,NA,2.68929,-39.92346,NA,NA,NA,NA,NA,NA,NA,-0.34878,2.52936,NA,NA,NA,NA,NA,NA,NA,NA,NA,NA,NA,NA,NA,NA,NA,NA,NA,NA,NA,NA,NA,NA,NA,NA,NA,NA,NA,NA,NA,High,High,High,High,High,NA,NA,NA,NA,NA,NA,NA,NA,NA,NA,NA,NA,NA,NA,NA,NA,NA,NA,NA,NA,NA,NA,NA,NA,NA,NA,NA,NA,NA,NA,NA,NA,NA,NA,NA,NA,NA,NA,NA,NA,NA,NA,NA,NA,NA,NA,NA,NA,NA,NA,NA,NA,NA,NA,NA
NA,NA,NA,NA,NA,NA,NA,NA,NA,NA,NA,NA,NA,NA,NA,NA,114,2025-10-04,13:07:47,2,1,"Boneno , W",NA,Right,GEO_PAT,"Butler, Jake",1000136500,Right,GEO_PAT,Undefined,4,Bottom,1,0,0,Slider,Slider,BallCalled,Undefined,Undefined,Undefined,0,0,NA,76.63091,0.616068,-3.077957,2364.413942,70.726883,08:15:00,6.04743,2.18055,4.91596,-51.85802,-1.55508,-9.60268,2.30933,-1.5329,69.50839,-8.760382,-4.767406,0.510467,NA,NA,NA,NA,NA,NA,NA,NA,NA,NA,NA,3.71232,-0.41976,-1.87136,50,6.06469,6.35525,-110.82671,-0.64445,4.53661,23.02859,-32.68703,GEO_PAT,GEO_PAT,SpuhlerFieldMain,TeamExclusive,Team,20251004-SpuhlerFieldMain-Private-1,a72d0940-a144-11f0-b694-b1da4b1d52f5,73.83906,NA,NA,7.12251,NA,NA,NA,NA,NA,NA,399095c0-9636-49a8-8bc9-7cafea40f967,2025-10-04,17:07:47,2025-10-04T17:07:47Z,2025-10-04T17:07:47Z,NA,v3,471300,471300,NA,"Ary, a",006,Right,GEO_PAT,1bb4f1d0-527d-4ae4-93b1-1b02c00c0046,55.58424,-111.98104,11.51429,6.05593,0.99403,-16.34351,-2.18422,6.12784,2.26831,NA,NA,NA,NA,NA,NA,NA,NA,NA,NA,NA,NA,NA,NA,NA,NA,NA,NA,NA,NA,NA,NA,NA,NA,NA,NA,NA,NA,NA,NA,NA,NA,NA,NA,NA,NA,NA,NA,NA,NA,NA,NA,NA,NA,NA,NA,NA,NA,NA,NA,High,High,High,NA,NA,NA,NA,NA,NA,NA,NA,NA,NA,NA,NA,NA,NA,NA,NA,NA,NA,NA,NA,NA,NA,NA,NA,NA,NA,NA,NA,NA,NA,NA,NA,NA,NA,NA,NA,NA,NA,NA,NA,NA,NA,NA,NA,NA,NA,NA,NA,NA,NA,NA,NA,NA,NA,NA,NA,NA
NA,NA,NA,NA,NA,NA,NA,NA,NA,NA,NA,NA,NA,NA,NA,NA,115,2025-10-04,13:08:05,2,2,"Boneno , W",NA,Right,GEO_PAT,"Butler, Jake",1000136500,Right,GEO_PAT,Undefined,4,Bottom,1,1,0,Fastball,Four-Seam,InPlay,Undefined,LineDrive,Single,0,0,NA,89.14578,-2.194513,-3.658412,2268.594227,219.702875,01:15:00,6.08624,2.16043,5.33953,-18.02013,18.76962,14.39272,2.52051,-0.07708,79.78106,-5.624537,-1.108243,0.436551,94.77222,8.328801,-5.966588,796.158245,NA,NA,NA,119.75145,119.75145,-3.642619,0.995574,-8.48371,10.56371,-1.84078,50,5.87558,7.5808,-128.78937,-5.51291,-13.94837,32.00922,-14.80585,GEO_PAT,GEO_PAT,SpuhlerFieldMain,TeamExclusive,Team,20251004-SpuhlerFieldMain-Private-1,b19d4ed0-a144-11f0-b694-b1da4b1d52f5,86.34145,6.67972,NA,9.36473,NA,NA,NA,1.87665,2.5517,0.06473,399095c0-9636-49a8-8bc9-7cafea40f967,2025-10-04,17:08:05,2025-10-04T17:08:05Z,2025-10-04T17:08:05Z,LineDrive,v3,471300,471300,NA,"Ary, a",006,Right,GEO_PAT,fdc78531-4235-4e60-a825-a19f96a0814e,55.16004,-130.06552,16.00461,6.08361,-4.92262,-7.40293,-2.1541,8.1369,-6.97419,316.940901,1.87665,136.78796,-20.88261,2.60179,-0.48926,0.07239,-0.01075,0.00164,-1.3e-4,2.5517,20.13451,-26.06673,4.03089,-0.94314,0.23622,-0.05316,0.01062,-0.00129,0.06473,-14.29635,8.63395,-2.54222,0.65419,-0.16638,0.03898,-0.00797,9.7e-4,NA,NA,NA,NA,NA,NA,NA,NA,NA,NA,NA,NA,NA,NA,NA,NA,NA,NA,NA,NA,NA,NA,High,High,High,High,High,NA,NA,NA,NA,NA,NA,NA,NA,NA,NA,NA,NA,NA,NA,NA,NA,NA,NA,NA,NA,NA,NA,NA,NA,NA,NA,NA,NA,NA,NA,NA,NA,NA,NA,NA,NA,NA,NA,NA,NA,NA,NA,NA,NA,NA,NA,NA,NA,NA,NA,NA,NA,NA,NA,NA
NA,NA,NA,NA,NA,NA,NA,NA,NA,NA,NA,NA,NA,NA,NA,NA,116,2025-10-04,13:08:56,3,1,"Boneno , W",NA,Right,GEO_PAT,"Westley, Matthew",824016,Right,GEO_PAT,Undefined,4,Bottom,1,0,0,ChangeUp,Changeup,StrikeCalled,Undefined,Undefined,Undefined,0,0,NA,81.03779,-0.190936,-3.193196,2018.894116,244.231543,02:15:00,6.1306,1.9073,5.89113,-31.65104,12.21331,21.57493,3.31545,0.73709,72.06001,-6.164428,0.674964,0.47668,NA,NA,NA,NA,NA,NA,NA,NA,NA,NA,NA,-12.07469,6.82705,-1.66153,50,6.09751,5.66497,-117.2147,-1.33639,-16.29565,28.33699,-22.96048,GEO_PAT,GEO_PAT,SpuhlerFieldMain,TeamExclusive,Team,20251004-SpuhlerFieldMain-Private-1,d0115410-a144-11f0-b694-b1da4b1d52f5,79.0728,NA,NA,8.97778,NA,NA,NA,NA,NA,NA,399095c0-9636-49a8-8bc9-7cafea40f967,2025-10-04,17:08:56,2025-10-04T17:08:56Z,2025-10-04T17:08:56Z,NA,v3,471300,471300,NA,"Ary, a",006,Right,GEO_PAT,bac046e6-ccbf-4dbb-9595-565535af3da5,54.60571,-118.32291,14.1685,6.13222,-0.43845,-11.48024,-1.89554,6.30226,-8.14782,NA,NA,NA,NA,NA,NA,NA,NA,NA,NA,NA,NA,NA,NA,NA,NA,NA,NA,NA,NA,NA,NA,NA,NA,NA,NA,NA,NA,NA,NA,NA,NA,NA,NA,NA,NA,NA,NA,NA,NA,NA,NA,NA,NA,NA,NA,NA,NA,NA,NA,High,High,High,NA,NA,NA,NA,NA,NA,NA,NA,NA,NA,NA,NA,NA,NA,NA,NA,NA,NA,NA,NA,NA,NA,NA,NA,NA,NA,NA,NA,NA,NA,NA,NA,NA,NA,NA,NA,NA,NA,NA,NA,NA,NA,NA,NA,NA,NA,NA,NA,NA,NA,NA,NA,NA,NA,NA,NA,NA
NA,NA,NA,NA,NA,NA,NA,NA,NA,NA,NA,NA,NA,NA,NA,NA,117,2025-10-04,13:10:23,3,2,"Boneno , W",NA,Right,GEO_PAT,"Westley, Matthew",824016,Right,GEO_PAT,Undefined,4,Bottom,1,0,1,Fastball,Sinker,InPlay,Undefined,FlyBall,Out,1,0,NA,87.23931,-2.752143,-3.458288,2090.594984,228.485114,01:30:00,6.13835,1.9581,5.14773,-22.36922,16.19757,16.64336,1.67632,0.08503,78.50987,-6.928479,-0.516798,0.44697,100.64231,26.452622,1.690467,3446.970841,109.77271,52.16031,7.0675,349.98362,349.98362,9.392777,4.830613,-9.4639,9.38666,-1.64774,50,5.86367,6.86612,-126.02968,-6.83433,-14.95947,29.72525,-17.33669,GEO_PAT,GEO_PAT,SpuhlerFieldMain,TeamExclusive,Team,20251004-SpuhlerFieldMain-Private-1,04a25c10-a145-11f0-b694-b1da4b1d52f5,84.32884,76.12353,NA,8.72944,NA,NA,NA,1.98861,1.77857,-0.07633,399095c0-9636-49a8-8bc9-7cafea40f967,2025-10-04,17:10:23,2025-10-04T17:10:23Z,2025-10-04T17:10:23Z,FlyBall,v3,471300,471300,NA,"Ary, a",006,Right,GEO_PAT,afe04a9c-ce3b-4580-a441-3c8ecad648d7,55.35274,-127.28591,14.86263,6.13702,-6.10165,-8.66835,-1.95127,7.49833,-7.47973,198.766674,1.9877,132.11471,-29.34631,7.51656,-1.8023,0.39915,-0.06885,0.00732,-3.4e-4,1.77999,65.7241,-14.99938,-0.2142,0.41798,-0.16532,0.03558,-0.0039,1.7e-4,-0.07644,3.90144,4.40158,-1.31975,0.33133,-0.06858,0.01047,-0.001,4e-5,NA,NA,NA,NA,NA,NA,NA,NA,NA,NA,NA,NA,NA,NA,NA,NA,NA,NA,NA,NA,NA,NA,High,High,High,High,High,NA,NA,NA,NA,NA,NA,NA,NA,NA,NA,NA,NA,NA,NA,NA,NA,NA,NA,NA,NA,NA,NA,NA,NA,NA,NA,NA,NA,NA,NA,NA,NA,NA,NA,NA,NA,NA,NA,NA,NA,NA,NA,NA,NA,NA,NA,NA,NA,NA,NA,NA,NA,NA,NA,NA
NA,NA,NA,NA,NA,NA,NA,NA,NA,NA,NA,NA,NA,NA,NA,NA,118,2025-10-04,13:10:58,4,1,"Boneno , W",NA,Right,GEO_PAT,"Cowdrey, Vincent",1000469295,Right,GEO_PAT,Undefined,4,Bottom,2,0,0,Slider,Curveball,BallCalled,Undefined,Undefined,Undefined,0,0,NA,76.72376,-0.102463,-3.795753,2346.108088,52.759378,07:45:00,6.13887,2.02085,4.44469,-54.98723,-4.1076,-7.69304,1.45865,-2.24591,70.1317,-9.898935,-5.137178,0.513385,NA,NA,NA,NA,NA,NA,NA,NA,NA,NA,NA,2.57721,-1.55539,-1.6104,50,6.07419,7.6797,-110.89799,-2.25371,3.16933,22.14805,-34.08679,GEO_PAT,GEO_PAT,SpuhlerFieldMain,TeamExclusive,Team,20251004-SpuhlerFieldMain-Private-1,1946efa0-a145-11f0-b694-b1da4b1d52f5,73.41939,NA,NA,6.59207,NA,NA,NA,NA,NA,NA,399095c0-9636-49a8-8bc9-7cafea40f967,2025-10-04,17:10:58,2025-10-04T17:10:58Z,2025-10-04T17:10:58Z,NA,v3,471300,471300,NA,"Ary, a",006,Right,GEO_PAT,e5f1c3ce-32ff-4ed2-ab93-015cd7c966ca,56.0584,-112.10142,11.07403,6.14633,-0.40158,-17.0434,-2.023,7.50749,1.58467,NA,NA,NA,NA,NA,NA,NA,NA,NA,NA,NA,NA,NA,NA,NA,NA,NA,NA,NA,NA,NA,NA,NA,NA,NA,NA,NA,NA,NA,NA,NA,NA,NA,NA,NA,NA,NA,NA,NA,NA,NA,NA,NA,NA,NA,NA,NA,NA,NA,NA,High,High,High,NA,NA,NA,NA,NA,NA,NA,NA,NA,NA,NA,NA,NA,NA,NA,NA,NA,NA,NA,NA,NA,NA,NA,NA,NA,NA,NA,NA,NA,NA,NA,NA,NA,NA,NA,NA,NA,NA,NA,NA,NA,NA,NA,NA,NA,NA,NA,NA,NA,NA,NA,NA,NA,NA,NA,NA,NA
NA,NA,NA,NA,NA,NA,NA,NA,NA,NA,NA,NA,NA,NA,NA,NA,119,2025-10-04,13:11:47,4,2,"Boneno , W",NA,Right,GEO_PAT,"Cowdrey, Vincent",1000469295,Right,GEO_PAT,Undefined,4,Bottom,2,1,0,Slider,Curveball,BallCalled,Undefined,Undefined,Undefined,0,0,NA,75.85961,0.477435,-3.702355,2372.218296,30.497622,07:00:00,6.07702,2.06884,4.72113,-59.73015,-7.66843,-5.66729,1.55354,-1.92176,68.62847,-10.241279,-4.696322,0.519315,NA,NA,NA,NA,NA,NA,NA,NA,NA,NA,NA,1.49496,-3.40055,-1.68888,50,6.07203,7.32351,-109.57044,-1.24883,1.77413,23.65944,-36.20961,GEO_PAT,GEO_PAT,SpuhlerFieldMain,TeamExclusive,Team,20251004-SpuhlerFieldMain-Private-1,36792610-a145-11f0-b694-b1da4b1d52f5,72.58112,NA,NA,7.23114,NA,NA,NA,NA,NA,NA,399095c0-9636-49a8-8bc9-7cafea40f967,2025-10-04,17:11:47,2025-10-04T17:11:47Z,2025-10-04T17:11:47Z,NA,v3,471300,471300,NA,"Ary, a",006,Right,GEO_PAT,6a29a332-5e42-47f4-9213-0ecb5ac703c1,55.7804,-110.81157,11.82972,6.08772,0.65066,-18.1048,-2.07061,7.23044,0.88706,NA,NA,NA,NA,NA,NA,NA,NA,NA,NA,NA,NA,NA,NA,NA,NA,NA,NA,NA,NA,NA,NA,NA,NA,NA,NA,NA,NA,NA,NA,NA,NA,NA,NA,NA,NA,NA,NA,NA,NA,NA,NA,NA,NA,NA,NA,NA,NA,NA,NA,High,High,High,NA,NA,NA,NA,NA,NA,NA,NA,NA,NA,NA,NA,NA,NA,NA,NA,NA,NA,NA,NA,NA,NA,NA,NA,NA,NA,NA,NA,NA,NA,NA,NA,NA,NA,NA,NA,NA,NA,NA,NA,NA,NA,NA,NA,NA,NA,NA,NA,NA,NA,NA,NA,NA,NA,NA,NA,NA
NA,NA,NA,NA,NA,NA,NA,NA,NA,NA,NA,NA,NA,NA,NA,NA,120,2025-10-04,13:12:08,4,3,"Boneno , W",NA,Right,GEO_PAT,"Cowdrey, Vincent",1000469295,Right,GEO_PAT,Undefined,4,Bottom,2,2,0,Fastball,Sinker,StrikeCalled,Undefined,Undefined,Undefined,0,0,NA,87.92729,-1.872382,-4.105509,2177.400282,222.724039,01:30:00,6.12401,1.94414,4.96349,-20.20572,18.39241,15.52946,2.6661,-0.64702,78.22969,-5.687841,-1.375126,0.447151,NA,NA,NA,NA,NA,NA,NA,NA,NA,NA,NA,-9.03839,10.15127,-1.55935,50,5.92674,8.34956,-126.77532,-4.82882,-14.33899,32.00214,-16.06951,GEO_PAT,GEO_PAT,SpuhlerFieldMain,TeamExclusive,Team,20251004-SpuhlerFieldMain-Private-1,426e8500-a145-11f0-b694-b1da4b1d52f5,84.29461,NA,NA,9.69761,NA,NA,NA,NA,NA,NA,399095c0-9636-49a8-8bc9-7cafea40f967,2025-10-04,17:12:08,2025-10-04T17:12:08Z,2025-10-04T17:12:08Z,NA,v3,471300,471300,NA,"Ary, a",006,Right,GEO_PAT,1c4f40b2-3f0c-4cb6-a93e-0d6839948b72,55.53238,-128.16426,16.00107,6.12118,-4.13138,-8.03475,-1.93523,8.97189,-7.16949,NA,NA,NA,NA,NA,NA,NA,NA,NA,NA,NA,NA,NA,NA,NA,NA,NA,NA,NA,NA,NA,NA,NA,NA,NA,NA,NA,NA,76.85601,NA,0.731494,NA,-0.63332,2.4587,0.69438,-1.71003,5.90063,0.48175,NA,NA,NA,-1.62793,111.32616,-10.27954,5.90523,5.06321,-10.87282,0.45814,-5.89257,2.36323,High,High,High,NA,NA,High,High,Low,NA,NA,NA,NA,NA,NA,NA,NA,NA,NA,NA,NA,NA,NA,NA,NA,NA,NA,NA,NA,NA,NA,NA,NA,NA,NA,NA,NA,NA,NA,NA,NA,NA,NA,NA,NA,NA,NA,NA,NA,NA,NA,NA,NA,NA,NA,NA,NA,NA,NA,NA,NA
NA,NA,NA,NA,NA,NA,NA,NA,NA,NA,NA,NA,NA,NA,NA,NA,121,2025-10-04,13:12:39,4,4,"Boneno , W",NA,Right,GEO_PAT,"Cowdrey, Vincent",1000469295,Right,GEO_PAT,Undefined,4,Bottom,2,2,1,Fastball,Sinker,BallCalled,Undefined,Undefined,Undefined,0,0,NA,88.75182,-2.272715,-0.934459,2233.402283,226.486076,01:30:00,6.15593,2.0914,5.12168,-20.46808,17.08737,16.39332,2.308,2.57719,79.09494,-6.130176,1.96716,0.44107,NA,NA,NA,NA,NA,NA,NA,NA,NA,NA,NA,-8.74997,9.81878,-2.01758,50,5.92727,1.37133,-128.37115,-5.79433,-14.1555,34.12371,-16.28941,GEO_PAT,GEO_PAT,SpuhlerFieldMain,TeamExclusive,Team,20251004-SpuhlerFieldMain-Private-1,550aec80-a145-11f0-b694-b1da4b1d52f5,85.45672,NA,NA,9.65688,NA,NA,NA,NA,NA,NA,399095c0-9636-49a8-8bc9-7cafea40f967,2025-10-04,17:12:39,2025-10-04T17:12:39Z,2025-10-04T17:12:39Z,NA,v3,471300,471300,NA,"Ary, a",006,Right,GEO_PAT,76c3ef1b-f43b-44ac-9802-9b418645900c,55.38105,-129.79367,17.06186,6.15467,-5.11528,-8.1447,-2.08704,1.96143,-7.07775,NA,NA,NA,NA,NA,NA,NA,NA,NA,NA,NA,NA,NA,NA,NA,NA,NA,NA,NA,NA,NA,NA,NA,NA,NA,NA,NA,NA,NA,NA,NA,NA,NA,NA,NA,NA,NA,NA,NA,NA,NA,NA,NA,NA,NA,NA,NA,NA,NA,NA,High,High,High,NA,NA,NA,NA,NA,NA,NA,NA,NA,NA,NA,NA,NA,NA,NA,NA,NA,NA,NA,NA,NA,NA,NA,NA,NA,NA,NA,NA,NA,NA,NA,NA,NA,NA,NA,NA,NA,NA,NA,NA,NA,NA,NA,NA,NA,NA,NA,NA,NA,NA,NA,NA,NA,NA,NA,NA,NA
NA,NA,NA,NA,NA,NA,NA,NA,NA,NA,NA,NA,NA,NA,NA,NA,122,2025-10-04,13:13:01,4,5,"Boneno , W",NA,Right,GEO_PAT,"Cowdrey, Vincent",1000469295,Right,GEO_PAT,Undefined,4,Bottom,2,3,1,ChangeUp,Changeup,BallCalled,Walk,Undefined,Undefined,0,0,NA,82.54595,-1.721905,-5.647194,2031.267375,227.222135,01:30:00,6.09121,2.03435,5.56004,-27.19986,15.33776,14.8452,2.2074,-2.02203,74.34846,-6.806762,-3.017378,0.469416,NA,NA,NA,NA,NA,NA,NA,NA,NA,NA,NA,-9.26493,8.7563,-1.55479,50,5.92419,11.14923,-119.03935,-4.44367,-13.09626,26.02574,-19.79673,GEO_PAT,GEO_PAT,SpuhlerFieldMain,TeamExclusive,Team,20251004-SpuhlerFieldMain-Private-1,6235e540-a145-11f0-b694-b1da4b1d52f5,80.29642,NA,NA,8.19749,NA,NA,NA,NA,NA,NA,399095c0-9636-49a8-8bc9-7cafea40f967,2025-10-04,17:13:01,2025-10-04T17:13:01Z,2025-10-04T17:13:01Z,NA,v3,471300,471300,NA,"Ary, a",006,Right,GEO_PAT,c9c73d9b-b46e-4ffd-bfde-1e49429a8540,54.9383,-120.11417,13.01287,6.09083,-3.62611,-9.89837,-2.0264,11.69009,-6.54813,NA,NA,NA,NA,NA,NA,NA,NA,NA,NA,NA,NA,NA,NA,NA,NA,NA,NA,NA,NA,NA,NA,NA,NA,NA,NA,NA,NA,NA,NA,NA,NA,NA,NA,NA,NA,NA,NA,NA,NA,NA,NA,NA,NA,NA,NA,NA,NA,NA,NA,High,High,High,NA,NA,NA,NA,NA,NA,NA,NA,NA,NA,NA,NA,NA,NA,NA,NA,NA,NA,NA,NA,NA,NA,NA,NA,NA,NA,NA,NA,NA,NA,NA,NA,NA,NA,NA,NA,NA,NA,NA,NA,NA,NA,NA,NA,NA,NA,NA,NA,NA,NA,NA,NA,NA,NA,NA,NA,NA
NA,NA,NA,NA,NA,NA,NA,NA,NA,NA,NA,NA,NA,NA,NA,NA,123,2025-10-04,13:13:31,5,1,"Boneno , W",NA,Right,GEO_PAT,"Blanchard, Evan",10073877,Right,GEO_PAT,Undefined,4,Bottom,2,0,0,Fastball,Four-Seam,BallCalled,Undefined,Undefined,Undefined,0,0,NA,88.86091,-1.988092,-4.858693,2132.736846,221.471695,01:30:00,6.13102,1.94724,5.20888,-19.65485,17.61765,14.29095,2.61591,-1.44222,79.55998,-5.698439,-2.339248,0.439406,NA,NA,NA,NA,NA,NA,NA,NA,NA,NA,NA,-8.69284,9.83347,-1.50778,50,5.9323,10.22057,-128.14923,-5.10987,-14.18335,31.13266,-16.12965,GEO_PAT,GEO_PAT,SpuhlerFieldMain,TeamExclusive,Team,20251004-SpuhlerFieldMain-Private-1,7446fcb0-a145-11f0-b694-b1da4b1d52f5,85.78052,NA,NA,9.30093,NA,NA,NA,NA,NA,NA,399095c0-9636-49a8-8bc9-7cafea40f967,2025-10-04,17:13:31,2025-10-04T17:13:31Z,2025-10-04T17:13:31Z,NA,v3,471300,471300,NA,"Ary, a",006,Right,GEO_PAT,53b04924-5988-4132-8b3d-91c0e29edc06,55.28872,-129.4277,15.56633,6.12854,-4.4475,-8.06482,-1.93945,10.80301,-7.09167,NA,NA,NA,NA,NA,NA,NA,NA,NA,NA,NA,NA,NA,NA,NA,NA,NA,NA,NA,NA,NA,NA,NA,NA,NA,NA,NA,NA,NA,NA,NA,NA,NA,NA,NA,NA,NA,NA,NA,NA,NA,NA,NA,NA,NA,NA,NA,NA,NA,NA,High,High,High,NA,NA,NA,NA,NA,NA,NA,NA,NA,NA,NA,NA,NA,NA,NA,NA,NA,NA,NA,NA,NA,NA,NA,NA,NA,NA,NA,NA,NA,NA,NA,NA,NA,NA,NA,NA,NA,NA,NA,NA,NA,NA,NA,NA,NA,NA,NA,NA,NA,NA,NA,NA,NA,NA,NA,NA,NA
NA,NA,NA,NA,NA,NA,NA,NA,NA,NA,NA,NA,NA,NA,NA,NA,124,2025-10-04,13:14:33,5,2,"Boneno , W",NA,Right,GEO_PAT,"Blanchard, Evan",10073877,Right,GEO_PAT,Undefined,4,Bottom,2,1,0,Slider,Curveball,StrikeCalled,Undefined,Undefined,Undefined,0,0,NA,75.3634,0.445494,-2.127601,2331.757159,61.854715,08:00:00,6.14307,2.07575,4.65062,-56.73133,-4.97693,-12.36044,1.83907,-0.97686,69.40947,-9.696395,-4.296859,0.51778,NA,NA,NA,NA,NA,NA,NA,NA,NA,NA,NA,5.47177,-2.15016,-1.84604,50,6.13648,4.55783,-109.24645,-1.19779,6.58326,20.04785,-34.76095,GEO_PAT,GEO_PAT,SpuhlerFieldMain,TeamExclusive,Team,20251004-SpuhlerFieldMain-Private-1,99243e30-a145-11f0-b694-b1da4b1d52f5,72.79628,NA,NA,5.95393,NA,NA,NA,NA,NA,NA,399095c0-9636-49a8-8bc9-7cafea40f967,2025-10-04,17:14:33,2025-10-04T17:14:33Z,2025-10-04T17:14:33Z,NA,v3,471300,471300,NA,"Ary, a",006,Right,GEO_PAT,2f3d28fa-8ade-472a-b2dd-be2ea35bf1cf,55.85383,-110.31546,10.02393,6.15093,0.65576,-17.38048,-2.07972,4.20679,3.29163,NA,NA,NA,NA,NA,NA,NA,NA,NA,NA,NA,NA,NA,NA,NA,NA,NA,NA,NA,NA,NA,NA,NA,NA,NA,NA,NA,NA,NA,NA,NA,NA,NA,NA,NA,NA,NA,NA,NA,NA,NA,NA,NA,NA,NA,NA,NA,NA,NA,NA,High,High,High,NA,NA,NA,NA,NA,NA,NA,NA,NA,NA,NA,NA,NA,NA,NA,NA,NA,NA,NA,NA,NA,NA,NA,NA,NA,NA,NA,NA,NA,NA,NA,NA,NA,NA,NA,NA,NA,NA,NA,NA,NA,NA,NA,NA,NA,NA,NA,NA,NA,NA,NA,NA,NA,NA,NA,NA,NA
NA,NA,NA,NA,NA,NA,NA,NA,NA,NA,NA,NA,NA,NA,NA,NA,125,2025-10-04,13:14:54,5,3,"Boneno , W",NA,Right,GEO_PAT,"Blanchard, Evan",10073877,Right,GEO_PAT,Undefined,4,Bottom,2,1,1,Slider,Curveball,BallCalled,Undefined,Undefined,Undefined,0,0,NA,76.53785,-0.861638,-2.43905,2387.864692,66.952141,08:15:00,6.11246,2.18516,4.68992,-51.86656,-1.21181,-7.03681,0.97131,-0.71855,69.84062,-10.165112,-3.675473,0.512249,NA,NA,NA,NA,NA,NA,NA,NA,NA,NA,NA,2.69752,0.11323,-1.93046,50,5.97805,5.00521,-110.76291,-3.53484,3.3013,22.52842,-32.03545,GEO_PAT,GEO_PAT,SpuhlerFieldMain,TeamExclusive,Team,20251004-SpuhlerFieldMain-Private-1,a634aa10-a145-11f0-b694-b1da4b1d52f5,73.58219,NA,NA,6.69723,NA,NA,NA,NA,NA,NA,399095c0-9636-49a8-8bc9-7cafea40f967,2025-10-04,17:14:54,2025-10-04T17:14:54Z,2025-10-04T17:14:54Z,NA,v3,471300,471300,NA,"Ary, a",006,Right,GEO_PAT,6d0cd0ef-8e2e-4863-becc-4b2a3b4ef656,55.81237,-111.93887,11.26421,6.11893,-1.86263,-16.01773,-2.18723,4.83288,1.65065,NA,NA,NA,NA,NA,NA,NA,NA,NA,NA,NA,NA,NA,NA,NA,NA,NA,NA,NA,NA,NA,NA,NA,NA,NA,NA,NA,NA,NA,NA,NA,NA,NA,NA,NA,NA,NA,NA,NA,NA,NA,NA,NA,NA,NA,NA,NA,NA,NA,NA,High,High,High,NA,NA,NA,NA,NA,NA,NA,NA,NA,NA,NA,NA,NA,NA,NA,NA,NA,NA,NA,NA,NA,NA,NA,NA,NA,NA,NA,NA,NA,NA,NA,NA,NA,NA,NA,NA,NA,NA,NA,NA,NA,NA,NA,NA,NA,NA,NA,NA,NA,NA,NA,NA,NA,NA,NA,NA,NA
NA,NA,NA,NA,NA,NA,NA,NA,NA,NA,NA,NA,NA,NA,NA,NA,126,2025-10-04,13:15:21,5,4,"Boneno , W",NA,Right,GEO_PAT,"Blanchard, Evan",10073877,Right,GEO_PAT,Undefined,4,Bottom,2,2,1,Fastball,Sinker,InPlay,Undefined,GroundBall,Single,0,1,NA,89.23987,-1.763436,-2.781381,2160.28732,225.69279,01:30:00,6.06769,2.09347,5.14414,-20.45804,16.31761,15.30048,2.69994,0.74754,80.18963,-5.604003,-0.075973,0.436467,83.17438,-10.554062,-46.539462,NA,NA,NA,NA,15.91303,15.33154,-43.959733,0.121312,-8.53276,9.08937,-1.84526,50,5.8873,5.55675,-129.07074,-4.6822,-14.14757,31.15724,-17.10362,GEO_PAT,GEO_PAT,SpuhlerFieldMain,TeamExclusive,Team,20251004-SpuhlerFieldMain-Private-1,b5c5cd60-a145-11f0-b694-b1da4b1d52f5,86.35802,2.78855,NA,9.05025,NA,NA,NA,1.73304,2.78855,-0.69282,399095c0-9636-49a8-8bc9-7cafea40f967,2025-10-04,17:15:21,2025-10-04T17:15:21Z,2025-10-04T17:15:21Z,GroundBall,v3,471300,471300,NA,"Ary, a",006,Right,GEO_PAT,3383b0a6-48ad-4922-9cfe-7568df46de6f,55.35542,-130.35711,15.57862,6.06604,-3.97605,-8.55181,-2.08674,6.14086,-7.07378,129.216741,1.73348,82.44343,-19.07044,NA,NA,NA,NA,NA,NA,2.78845,-22.33219,-5.38503,NA,NA,NA,NA,NA,NA,-0.69309,-87.01857,13.84004,NA,NA,NA,NA,NA,NA,NA,NA,NA,NA,NA,NA,NA,NA,NA,NA,NA,NA,NA,NA,NA,NA,NA,NA,NA,NA,NA,NA,High,High,High,High,High,NA,NA,NA,NA,NA,NA,NA,NA,NA,NA,NA,NA,NA,NA,NA,NA,NA,NA,NA,NA,NA,NA,NA,NA,NA,NA,NA,NA,NA,NA,NA,NA,NA,NA,NA,NA,NA,NA,NA,NA,NA,NA,NA,NA,NA,NA,NA,NA,NA,NA,NA,NA,NA,NA,NA
NA,NA,NA,NA,NA,NA,NA,NA,NA,NA,NA,NA,NA,NA,NA,NA,127,2025-10-04,13:16:16,6,1,"Boneno , W",NA,Right,GEO_PAT,"Hueber, Toby",1000091691,Right,GEO_PAT,Undefined,4,Bottom,2,0,0,Slider,Curveball,BallCalled,Undefined,Undefined,Undefined,0,0,NA,75.38892,2.581805,-0.702198,2296.464787,27.457798,07:00:00,6.05431,2.29561,4.775,-58.31893,-6.87012,-4.42114,3.64387,1.26144,69.00795,-7.915624,-1.479766,0.516249,NA,NA,NA,NA,NA,NA,NA,NA,NA,NA,NA,1.96488,-3.60221,-2.22123,50,6.26151,1.52029,-109.2649,2.82205,2.36891,19.74192,-36.51699,GEO_PAT,GEO_PAT,SpuhlerFieldMain,TeamExclusive,Team,20251004-SpuhlerFieldMain-Private-1,d64cd420-a145-11f0-b694-b1da4b1d52f5,73.01217,NA,NA,6.38097,NA,NA,NA,NA,NA,NA,399095c0-9636-49a8-8bc9-7cafea40f967,2025-10-04,17:16:16,2025-10-04T17:16:16Z,2025-10-04T17:16:16Z,NA,v3,471300,471300,NA,"Ary, a",006,Right,GEO_PAT,73612525-7457-4ee9-bbb0-a298357f767c,55.72853,-110.29507,9.87096,6.06454,4.72757,-18.2585,-2.29734,1.39667,1.18446,NA,NA,NA,NA,NA,NA,NA,NA,NA,NA,NA,NA,NA,NA,NA,NA,NA,NA,NA,NA,NA,NA,NA,NA,NA,NA,NA,NA,NA,NA,NA,NA,NA,NA,NA,NA,NA,NA,NA,NA,NA,NA,NA,NA,NA,NA,NA,NA,NA,NA,High,High,High,NA,NA,NA,NA,NA,NA,NA,NA,NA,NA,NA,NA,NA,NA,NA,NA,NA,NA,NA,NA,NA,NA,NA,NA,NA,NA,NA,NA,NA,NA,NA,NA,NA,NA,NA,NA,NA,NA,NA,NA,NA,NA,NA,NA,NA,NA,NA,NA,NA,NA,NA,NA,NA,NA,NA,NA,NA
NA,NA,NA,NA,NA,NA,NA,NA,NA,NA,NA,NA,NA,NA,NA,NA,128,2025-10-04,13:16:34,6,2,"Boneno , W",NA,Right,GEO_PAT,"Hueber, Toby",1000091691,Right,GEO_PAT,Undefined,4,Bottom,2,1,0,Fastball,Sinker,HitByPitch,Undefined,Undefined,Undefined,0,0,NA,87.95968,0.172026,-0.64288,2067.132183,222.95887,01:30:00,6.17232,2.1825,5.18223,-20.35753,17.12674,14.72804,4.63773,2.80491,79.40571,-3.657071,1.96533,0.440652,NA,NA,NA,NA,NA,NA,NA,NA,NA,NA,NA,-7.58087,8.87083,-2.13462,50,6.17357,0.765,-127.51263,-0.30233,-12.33141,29.16108,-17.7443,GEO_PAT,GEO_PAT,SpuhlerFieldMain,TeamExclusive,Team,20251004-SpuhlerFieldMain-Private-1,e1299720-a145-11f0-b694-b1da4b1d52f5,85.53785,NA,NA,8.55397,NA,NA,NA,NA,NA,NA,399095c0-9636-49a8-8bc9-7cafea40f967,2025-10-04,17:16:34,2025-10-04T17:16:34Z,2025-10-04T17:16:34Z,NA,v3,471300,471300,NA,"Ary, a",006,Right,GEO_PAT,60fce94c-a398-41a4-90b0-8b286abed219,55.31858,-128.7232,14.58054,6.17083,0.43429,-8.87215,-2.177,1.27691,-6.16571,NA,NA,NA,NA,NA,NA,NA,NA,NA,NA,NA,NA,NA,NA,NA,NA,NA,NA,NA,NA,NA,NA,NA,NA,NA,NA,NA,NA,NA,NA,NA,NA,NA,NA,NA,NA,NA,NA,NA,NA,NA,NA,NA,NA,NA,NA,NA,NA,NA,NA,High,High,High,NA,NA,NA,NA,NA,NA,NA,NA,NA,NA,NA,NA,NA,NA,NA,NA,NA,NA,NA,NA,NA,NA,NA,NA,NA,NA,NA,NA,NA,NA,NA,NA,NA,NA,NA,NA,NA,NA,NA,NA,NA,NA,NA,NA,NA,NA,NA,NA,NA,NA,NA,NA,NA,NA,NA,NA,NA
NA,NA,NA,NA,NA,NA,NA,NA,NA,NA,NA,NA,NA,NA,NA,NA,129,2025-10-04,13:18:22,7,1,"Boneno , W",NA,Right,GEO_PAT,"Canody, Andrew",1000415298,Right,GEO_PAT,Undefined,4,Bottom,2,0,0,Fastball,Four-Seam,BallCalled,Undefined,Undefined,Undefined,0,0,NA,86.33305,-3.268893,-2.702488,2265.739721,196.94752,12:30:00,6.10495,2.16296,5.17521,-19.2704,20.14269,5.67437,1.41615,0.09077,77.59616,-6.903516,-1.69897,0.451847,NA,NA,NA,NA,NA,NA,NA,NA,NA,NA,NA,-3.75205,11.58292,-1.91578,50,5.78623,5.63471,-124.70188,-7.74105,-5.79377,29.60548,-14.28818,GEO_PAT,GEO_PAT,SpuhlerFieldMain,TeamExclusive,Team,20251004-SpuhlerFieldMain-Private-1,215e5ba0-a146-11f0-b694-b1da4b1d52f5,83.41853,NA,NA,8.73689,NA,NA,NA,NA,NA,NA,399095c0-9636-49a8-8bc9-7cafea40f967,2025-10-04,17:18:22,2025-10-04T17:18:22Z,2025-10-04T17:18:22Z,NA,v3,471300,471300,NA,"Ary, a",006,Right,GEO_PAT,6bad0e9b-414c-48a7-b37a-aea032810a0f,55.32426,-125.95957,14.80274,6.10219,-7.13407,-7.14409,-2.16038,5.88084,-2.89689,NA,NA,NA,NA,NA,NA,NA,NA,NA,NA,NA,NA,NA,NA,NA,NA,NA,NA,NA,NA,NA,NA,NA,NA,NA,NA,NA,NA,NA,NA,NA,NA,NA,NA,NA,NA,NA,NA,NA,NA,NA,NA,NA,NA,NA,NA,NA,NA,NA,NA,High,High,High,NA,NA,NA,NA,NA,NA,NA,NA,NA,NA,NA,NA,NA,NA,NA,NA,NA,NA,NA,NA,NA,NA,NA,NA,NA,NA,NA,NA,NA,NA,NA,NA,NA,NA,NA,NA,NA,NA,NA,NA,NA,NA,NA,NA,NA,NA,NA,NA,NA,NA,NA,NA,NA,NA,NA,NA,NA
NA,NA,NA,NA,NA,NA,NA,NA,NA,NA,NA,NA,NA,NA,NA,NA,130,2025-10-04,13:18:46,7,2,"Boneno , W",NA,Right,GEO_PAT,"Canody, Andrew",1000415298,Right,GEO_PAT,Undefined,4,Bottom,2,1,0,Fastball,Four-Seam,BallCalled,Undefined,Undefined,Undefined,0,0,NA,88.22561,-1.285448,-3.771138,2166.067799,214.241049,01:15:00,6.14101,2.06998,4.99792,-14.91261,22.8945,14.62627,3.68182,-0.27679,79.23947,-4.150954,-1.19749,0.442546,NA,NA,NA,NA,NA,NA,NA,NA,NA,NA,NA,-8.37969,12.09186,-1.71905,50,6.006,7.70357,-127.47758,-3.30318,-13.59773,29.59881,-12.55259,GEO_PAT,GEO_PAT,SpuhlerFieldMain,TeamExclusive,Team,20251004-SpuhlerFieldMain-Private-1,30520670-a146-11f0-b694-b1da4b1d52f5,85.17183,NA,NA,8.98615,NA,NA,NA,NA,NA,NA,399095c0-9636-49a8-8bc9-7cafea40f967,2025-10-04,17:18:46,2025-10-04T17:18:46Z,2025-10-04T17:18:46Z,NA,v3,471300,471300,NA,"Ary, a",006,Right,GEO_PAT,b287dff2-0d57-4d8d-8507-63d0f47edf6b,55.50006,-128.7483,14.79941,6.13624,-2.76428,-6.27629,-2.06231,8.28734,-6.79886,NA,NA,NA,NA,NA,NA,NA,NA,NA,NA,NA,NA,NA,NA,NA,NA,NA,NA,NA,NA,NA,NA,NA,NA,NA,NA,NA,NA,NA,NA,NA,NA,NA,NA,NA,NA,NA,NA,NA,NA,NA,NA,NA,NA,NA,NA,NA,NA,NA,NA,High,High,High,NA,NA,NA,NA,NA,NA,NA,NA,NA,NA,NA,NA,NA,NA,NA,NA,NA,NA,NA,NA,NA,NA,NA,NA,NA,NA,NA,NA,NA,NA,NA,NA,NA,NA,NA,NA,NA,NA,NA,NA,NA,NA,NA,NA,NA,NA,NA,NA,NA,NA,NA,NA,NA,NA,NA,NA,NA
NA,NA,NA,NA,NA,NA,NA,NA,NA,NA,NA,NA,NA,NA,NA,NA,131,2025-10-04,13:19:07,7,3,"Boneno , W",NA,Right,GEO_PAT,"Canody, Andrew",1000415298,Right,GEO_PAT,Undefined,4,Bottom,2,2,0,Fastball,Four-Seam,StrikeSwinging,Undefined,Undefined,Undefined,0,0,NA,88.7621,-2.184325,-2.295335,2177.784298,212.868717,01:00:00,6.08482,2.07987,5.10685,-13.69209,23.39954,14.23784,2.88301,1.10245,79.93816,-4.827324,0.220441,0.438338,NA,NA,NA,NA,NA,NA,NA,NA,NA,NA,NA,-7.79359,12.7006,-1.87502,50,5.8689,4.48219,-128.4279,-5.29084,-12.842,29.92598,-11.24647,GEO_PAT,GEO_PAT,SpuhlerFieldMain,TeamExclusive,Team,20251004-SpuhlerFieldMain-Private-1,3c67bea0-a146-11f0-b694-b1da4b1d52f5,85.98941,NA,NA,8.82394,NA,NA,NA,NA,NA,NA,399095c0-9636-49a8-8bc9-7cafea40f967,2025-10-04,17:19:07,2025-10-04T17:19:07Z,2025-10-04T17:19:07Z,NA,v3,471300,471300,NA,"Ary, a",006,Right,GEO_PAT,e37731c0-75c7-45b6-af1a-682ba78ec643,55.39264,-129.67839,14.96299,6.08016,-4.8209,-5.62324,-2.07352,5.0188,-6.421,NA,NA,NA,NA,NA,NA,NA,NA,NA,NA,NA,NA,NA,NA,NA,NA,NA,NA,NA,NA,NA,NA,NA,NA,NA,NA,NA,NA,NA,NA,NA,NA,NA,NA,NA,NA,NA,NA,NA,NA,NA,NA,NA,NA,NA,NA,NA,NA,NA,NA,High,High,High,NA,NA,NA,NA,NA,NA,NA,NA,NA,NA,NA,NA,NA,NA,NA,NA,NA,NA,NA,NA,NA,NA,NA,NA,NA,NA,NA,NA,NA,NA,NA,NA,NA,NA,NA,NA,NA,NA,NA,NA,NA,NA,NA,NA,NA,NA,NA,NA,NA,NA,NA,NA,NA,NA,NA,NA,NA
NA,NA,NA,NA,NA,NA,NA,NA,NA,NA,NA,NA,NA,NA,NA,NA,132,2025-10-04,13:19:27,7,4,"Boneno , W",NA,Right,GEO_PAT,"Canody, Andrew",1000415298,Right,GEO_PAT,Undefined,4,Bottom,2,2,1,Fastball,Four-Seam,FoulBallNotFieldable,Undefined,Undefined,Undefined,0,0,NA,89.20584,-2.231956,-2.874575,2166.819034,207.815501,01:00:00,6.11139,2.0047,5.05756,-13.23209,23.31552,11.63532,2.90004,0.26103,80.91001,-4.772752,-0.82227,0.435112,NA,NA,NA,NA,NA,NA,NA,NA,NA,NA,NA,-6.66772,12.63453,-1.74085,50,5.88919,5.9484,-129.12802,-5.43361,-11.19067,28.38841,-10.96907,GEO_PAT,GEO_PAT,SpuhlerFieldMain,TeamExclusive,Team,20251004-SpuhlerFieldMain-Private-1,488d0730-a146-11f0-b694-b1da4b1d52f5,86.62699,NA,NA,8.29582,NA,NA,NA,NA,NA,NA,399095c0-9636-49a8-8bc9-7cafea40f967,2025-10-04,17:19:27,2025-10-04T17:19:27Z,2025-10-04T17:19:27Z,NA,v3,471300,471300,NA,"Ary, a",006,Right,GEO_PAT,c01b778d-12ac-4845-ba1c-fee4e5c749a0,55.44421,-130.31942,14.1942,6.10757,-4.97326,-5.48453,-2.00035,6.41805,-5.59534,NA,NA,NA,NA,NA,NA,NA,NA,NA,NA,NA,NA,NA,NA,NA,NA,NA,NA,NA,NA,NA,NA,NA,NA,NA,NA,NA,NA,NA,NA,NA,NA,NA,NA,NA,NA,NA,NA,NA,NA,NA,NA,NA,NA,NA,NA,NA,NA,NA,NA,High,High,High,NA,NA,NA,NA,NA,NA,NA,NA,NA,NA,NA,NA,NA,NA,NA,NA,NA,NA,NA,NA,NA,NA,NA,NA,NA,NA,NA,NA,NA,NA,NA,NA,NA,NA,NA,NA,NA,NA,NA,NA,NA,NA,NA,NA,NA,NA,NA,NA,NA,NA,NA,NA,NA,NA,NA,NA,NA
NA,NA,NA,NA,NA,NA,NA,NA,NA,NA,NA,NA,NA,NA,NA,NA,133,2025-10-04,13:19:59,7,5,"Boneno , W",NA,Right,GEO_PAT,"Canody, Andrew",1000415298,Right,GEO_PAT,Undefined,4,Bottom,2,2,2,Slider,Curveball,InPlay,Undefined,GroundBall,Out,1,0,NA,75.5913,1.385658,-0.79214,2366.093926,26.540977,07:00:00,6.03872,2.06849,4.75276,-60.79928,-9.16087,-5.46666,2.28668,0.86161,68.87151,-9.542607,-1.754811,0.517199,85.53245,-12.977834,-43.6474,NA,NA,NA,NA,13.33693,12.97446,-37.269021,0.085989,2.45374,-4.52992,-1.9837,50,6.12368,1.73507,-109.53548,0.46077,2.94092,21.78154,-37.60338,GEO_PAT,GEO_PAT,SpuhlerFieldMain,TeamExclusive,Team,20251004-SpuhlerFieldMain-Private-1,5bc7f8a0-a146-11f0-b694-b1da4b1d52f5,72.87798,2.64702,NA,6.71979,NA,NA,NA,3.07241,2.64702,-0.94108,399095c0-9636-49a8-8bc9-7cafea40f967,2025-10-04,17:19:59,2025-10-04T17:19:59Z,2025-10-04T17:19:59Z,GroundBall,v3,471300,471300,NA,"Ary, a",006,Right,GEO_PAT,d2a97439-2e8c-49dd-9e9e-b88498519ce1,55.75136,-110.67325,10.89077,6.04831,2.425,-18.80169,-2.07032,1.58144,1.47046,335.467945,3.07237,88.46113,-8.8513,NA,NA,NA,NA,NA,NA,2.64716,-28.19262,-30.16516,NA,NA,NA,NA,NA,NA,-0.94108,-84.37393,16.22922,NA,NA,NA,NA,NA,NA,NA,NA,NA,NA,NA,NA,NA,NA,NA,NA,NA,NA,NA,NA,NA,NA,NA,NA,NA,NA,NA,NA,High,High,High,Medium,High,NA,NA,NA,NA,NA,NA,NA,NA,NA,NA,NA,NA,NA,NA,NA,NA,NA,NA,NA,NA,NA,NA,NA,NA,NA,NA,NA,NA,NA,NA,NA,NA,NA,NA,NA,NA,NA,NA,NA,NA,NA,NA,NA,NA,NA,NA,NA,NA,NA,NA,NA,NA,NA,NA,NA
NA,NA,NA,NA,NA,NA,NA,NA,NA,NA,NA,NA,NA,NA,NA,NA,134,2025-10-04,13:23:02,1,1,"Thomas, Parker",814826,Right,GEO_PAT,"Harris, a",005,Right,GEO_PAT,Undefined,5,Top,0,0,0,ChangeUp,Changeup,BallCalled,Undefined,Undefined,Undefined,0,0,NA,82.12267,-0.899521,-2.376387,1817.144839,231.431883,01:45:00,5.61208,2.51109,6.24071,-29.4058,11.94237,13.15339,2.33105,1.41386,74.44537,-6.438819,-6.27e-4,0.462806,NA,NA,NA,NA,NA,NA,NA,NA,NA,NA,NA,-7.52272,6.90796,-2.33998,50,5.53061,4.44347,-119.13983,-2.71449,-10.68554,25.39921,-22.36172,GEO_PAT,GEO_PAT,SpuhlerFieldMain,TeamExclusive,Team,20251004-SpuhlerFieldMain-Private-1,c84a98c0-a146-11f0-b694-b1da4b1d52f5,81.4432,NA,NA,7.6773,NA,NA,NA,NA,NA,NA,399095c0-9636-49a8-8bc9-7cafea40f967,2025-10-04,17:23:02,2025-10-04T17:23:02Z,2025-10-04T17:23:02Z,NA,v3,471300,471300,NA,"Cowdrey, Vincent",1000469295,Right,GEO_PAT,2a5fa90c-f022-44d1-9386-cf1e71023f7e,54.25877,-120.04431,12.6996,5.6131,-1.91817,-11.18086,-2.50499,4.82399,-5.34277,NA,NA,NA,NA,NA,NA,NA,NA,NA,NA,NA,NA,NA,NA,NA,NA,NA,NA,NA,NA,NA,NA,NA,NA,NA,NA,NA,NA,NA,NA,NA,NA,NA,NA,NA,NA,NA,NA,NA,NA,NA,NA,NA,NA,NA,NA,NA,NA,NA,NA,High,High,High,NA,NA,NA,NA,NA,NA,NA,NA,NA,NA,NA,NA,NA,NA,NA,NA,NA,NA,NA,NA,NA,NA,NA,NA,NA,NA,NA,NA,NA,NA,NA,NA,NA,NA,NA,NA,NA,NA,NA,NA,NA,NA,NA,NA,NA,NA,NA,NA,NA,NA,NA,NA,NA,NA,NA,NA,NA
NA,NA,NA,NA,NA,NA,NA,NA,NA,NA,NA,NA,NA,NA,NA,NA,135,2025-10-04,13:23:16,1,2,"Thomas, Parker",814826,Right,GEO_PAT,"Harris, a",005,Right,GEO_PAT,Undefined,5,Top,0,1,0,ChangeUp,Changeup,BallCalled,Undefined,Undefined,Undefined,0,0,NA,82.23211,-0.589503,-2.001592,1920.885893,232.541133,01:45:00,5.57148,2.59633,6.08788,-27.38427,14.31788,16.67501,2.74375,2.13345,74.03888,-5.773084,1.001968,0.464783,NA,NA,NA,NA,NA,NA,NA,NA,NA,NA,NA,-9.16571,8.01689,-2.44999,50,5.51167,3.50629,-119.22633,-2.00943,-12.96133,26.68062,-20.83729,GEO_PAT,GEO_PAT,SpuhlerFieldMain,TeamExclusive,Team,20251004-SpuhlerFieldMain-Private-1,d0f56090-a146-11f0-b694-b1da4b1d52f5,81.09678,NA,NA,8.19323,NA,NA,NA,NA,NA,NA,399095c0-9636-49a8-8bc9-7cafea40f967,2025-10-04,17:23:16,2025-10-04T17:23:16Z,2025-10-04T17:23:16Z,NA,v3,471300,471300,NA,"Cowdrey, Vincent",1000469295,Right,GEO_PAT,b2527242-1155-4c72-b706-7dfb2831dd54,54.41015,-120.20919,13.34031,5.57156,-1.24182,-10.41865,-2.58795,3.98376,-6.48067,NA,NA,NA,NA,NA,NA,NA,NA,NA,NA,NA,NA,NA,NA,NA,NA,NA,NA,NA,NA,NA,NA,NA,NA,NA,NA,NA,NA,NA,NA,NA,NA,NA,NA,NA,NA,NA,NA,NA,NA,NA,NA,NA,NA,NA,NA,NA,NA,NA,NA,High,High,High,NA,NA,NA,NA,NA,NA,NA,NA,NA,NA,NA,NA,NA,NA,NA,NA,NA,NA,NA,NA,NA,NA,NA,NA,NA,NA,NA,NA,NA,NA,NA,NA,NA,NA,NA,NA,NA,NA,NA,NA,NA,NA,NA,NA,NA,NA,NA,NA,NA,NA,NA,NA,NA,NA,NA,NA,NA
NA,NA,NA,NA,NA,NA,NA,NA,NA,NA,NA,NA,NA,NA,NA,NA,136,2025-10-04,13:23:32,1,3,"Thomas, Parker",814826,Right,GEO_PAT,"Harris, a",005,Right,GEO_PAT,Undefined,5,Top,0,2,0,Sinker,Changeup,BallCalled,Undefined,Undefined,Undefined,0,0,NA,87.8899,-1.482214,-2.220926,1854.1137430000001,243.286318,02:00:00,5.59349,2.66154,6.1383,-25.89214,10.25552,17.91403,2.06457,2.10069,79.84919,-6.342307,1.010069,0.432724,NA,NA,NA,NA,NA,NA,NA,NA,NA,NA,NA,-9.86741,6.12489,-2.50071,50,5.46702,4.20577,-127.53024,-4.11523,-16.10387,28.43808,-22.17807,GEO_PAT,GEO_PAT,SpuhlerFieldMain,TeamExclusive,Team,20251004-SpuhlerFieldMain-Private-1,da3cb680-a146-11f0-b694-b1da4b1d52f5,87.10494,NA,NA,8.04072,NA,NA,NA,NA,NA,NA,399095c0-9636-49a8-8bc9-7cafea40f967,2025-10-04,17:23:32,2025-10-04T17:23:32Z,2025-10-04T17:23:32Z,NA,v3,471300,471300,NA,"Cowdrey, Vincent",1000469295,Right,GEO_PAT,5a71b595-4ba6-41b8-b809-bb7729eaf545,54.36233,-128.49932,14.21904,5.59438,-3.35948,-11.08904,-2.65338,4.75454,-8.05194,NA,NA,NA,NA,NA,NA,NA,NA,NA,NA,NA,NA,NA,NA,NA,NA,NA,NA,NA,NA,NA,NA,NA,NA,NA,NA,NA,NA,NA,NA,NA,NA,NA,NA,NA,NA,NA,NA,NA,NA,NA,NA,NA,NA,NA,NA,NA,NA,NA,NA,High,High,High,NA,NA,NA,NA,NA,NA,NA,NA,NA,NA,NA,NA,NA,NA,NA,NA,NA,NA,NA,NA,NA,NA,NA,NA,NA,NA,NA,NA,NA,NA,NA,NA,NA,NA,NA,NA,NA,NA,NA,NA,NA,NA,NA,NA,NA,NA,NA,NA,NA,NA,NA,NA,NA,NA,NA,NA,NA
NA,NA,NA,NA,NA,NA,NA,NA,NA,NA,NA,NA,NA,NA,NA,NA,137,2025-10-04,13:23:49,1,4,"Thomas, Parker",814826,Right,GEO_PAT,"Harris, a",005,Right,GEO_PAT,Undefined,5,Top,0,3,0,Sinker,Sinker,FoulBallNotFieldable,Undefined,Undefined,Undefined,0,0,NA,88.29708,-0.785442,-3.315142,1931.909403,245.818637,02:15:00,5.58697,2.39618,6.11977,-26.82915,9.11134,17.4956,2.62376,0.78568,79.96323,-5.821893,-0.165531,0.431483,69.43009,55.962398,-69.830299,4519.330209,14.62637,77.65771,-109.02295,174.08282,77.56413,-85.420637,4.182757,-10.07473,5.31,-2.15094,50,5.51276,6.70367,-128.03225,-2.61223,-16.53741,29.17123,-23.45784,GEO_PAT,GEO_PAT,SpuhlerFieldMain,TeamExclusive,Team,20251004-SpuhlerFieldMain-Private-1,e4cb3270-a146-11f0-b694-b1da4b1d52f5,87.35561,79.33337,NA,8.33386,NA,NA,NA,0.46979,2.81173,-1.45632,399095c0-9636-49a8-8bc9-7cafea40f967,2025-10-04,17:23:49,2025-10-04T17:23:49Z,2025-10-04T17:23:49Z,Popup,v3,471300,471300,NA,"Cowdrey, Vincent",1000469295,Right,GEO_PAT,dbb455c2-2dd1-485c-9d56-b617915584c4,54.38203,-129.0268,14.58562,5.58819,-1.81246,-11.72892,-2.38911,7.26749,-8.2687,141.728587,0.47593,19.48529,-10.1097,1.83334,0.94005,-0.82953,0.26432,-0.03901,0.00221,2.81522,84.29804,-27.64064,2.74269,0.01613,-0.2005,0.04961,-0.00375,-3e-5,-1.45676,-53.50475,2.20006,0.46198,0.10577,-0.26986,0.12828,-0.02492,0.00175,NA,NA,NA,NA,NA,NA,NA,NA,NA,NA,NA,NA,NA,NA,NA,NA,NA,NA,NA,NA,NA,NA,High,High,High,Medium,Low,NA,NA,NA,NA,NA,NA,NA,NA,NA,NA,NA,NA,NA,NA,NA,NA,NA,NA,NA,NA,NA,NA,NA,NA,NA,NA,NA,NA,NA,NA,NA,NA,NA,NA,NA,NA,NA,NA,NA,NA,NA,NA,NA,NA,NA,NA,NA,NA,NA,NA,NA,NA,NA,NA,NA
NA,NA,NA,NA,NA,NA,NA,NA,NA,NA,NA,NA,NA,NA,NA,NA,138,2025-10-04,13:24:10,1,5,"Thomas, Parker",814826,Right,GEO_PAT,"Harris, a",005,Right,GEO_PAT,Undefined,5,Top,0,3,1,Sweeper,Slider,StrikeCalled,Undefined,Undefined,Undefined,0,0,NA,78.51819,-0.197634,-0.847808,2072.468653,129.968225,10:15:00,5.64732,2.58295,6.07393,-35.58482,10.62717,-10.49426,2.49902,0.92384,70.21698,-6.894147,-2.738251,0.48927,NA,NA,NA,NA,NA,NA,NA,NA,NA,NA,NA,5.04977,6.08764,-2.51207,50,5.61365,2.08224,-113.76361,-1.41347,6.42868,26.42723,-24.42407,GEO_PAT,GEO_PAT,SpuhlerFieldMain,TeamExclusive,Team,20251004-SpuhlerFieldMain-Private-1,f0d1cf70-a146-11f0-b694-b1da4b1d52f5,77.03808,NA,NA,8.30122,NA,NA,NA,NA,NA,NA,399095c0-9636-49a8-8bc9-7cafea40f967,2025-10-04,17:24:10,2025-10-04T17:24:10Z,2025-10-04T17:24:10Z,NA,v3,471300,471300,NA,"Cowdrey, Vincent",1000469295,Right,GEO_PAT,60089b11-9479-424b-acbc-bb33b97877b7,54.42216,-114.78628,13.21362,5.65006,-0.46832,-12.21203,-2.58783,1.83346,3.21434,NA,NA,NA,NA,NA,NA,NA,NA,NA,NA,NA,NA,NA,NA,NA,NA,NA,NA,NA,NA,NA,NA,NA,NA,NA,NA,NA,NA,NA,NA,NA,NA,NA,NA,NA,NA,NA,NA,NA,NA,NA,NA,NA,NA,NA,NA,NA,NA,NA,NA,High,High,High,NA,NA,NA,NA,NA,NA,NA,NA,NA,NA,NA,NA,NA,NA,NA,NA,NA,NA,NA,NA,NA,NA,NA,NA,NA,NA,NA,NA,NA,NA,NA,NA,NA,NA,NA,NA,NA,NA,NA,NA,NA,NA,NA,NA,NA,NA,NA,NA,NA,NA,NA,NA,NA,NA,NA,NA,NA
NA,NA,NA,NA,NA,NA,NA,NA,NA,NA,NA,NA,NA,NA,NA,NA,139,2025-10-04,13:24:28,1,6,"Thomas, Parker",814826,Right,GEO_PAT,"Harris, a",005,Right,GEO_PAT,Undefined,5,Top,0,3,2,Sweeper,Slider,FoulBallNotFieldable,Undefined,Undefined,Undefined,0,0,NA,79.74854,-0.608135,-0.862371,1997.343668,165.746061,11:30:00,5.76814,2.43675,5.76438,-31.09427,13.93615,-3.10595,2.61083,1.3752,71.67012,-6.444626,-1.418654,0.482975,67.32972,4.189949,-175.107644,1889.610305,NA,NA,NA,86.16867,42.91332,-170.784863,0.993467,1.25142,7.81189,-2.36366,50,5.69951,1.86804,-115.48244,-2.1573,1.65727,25.38086,-21.82849,GEO_PAT,GEO_PAT,SpuhlerFieldMain,TeamExclusive,Team,20251004-SpuhlerFieldMain-Private-1,fb70ed30-a146-11f0-b694-b1da4b1d52f5,78.04224,3.93759,NA,8.07842,NA,NA,NA,2.55238,2.60892,-1.54265,399095c0-9636-49a8-8bc9-7cafea40f967,2025-10-04,17:24:28,2025-10-04T17:24:28Z,2025-10-04T17:24:28Z,GroundBall,v3,471300,471300,NA,"Cowdrey, Vincent",1000469295,Right,GEO_PAT,97615182-6d7c-48ee-a964-e6f261ac521c,54.72757,-116.51684,12.69043,5.7693,-1.26768,-10.91425,-2.43842,1.8005,0.82864,219.191469,2.48374,-97.18773,9.19516,NA,NA,NA,NA,NA,NA,2.60253,7.31352,-9.9945,NA,NA,NA,NA,NA,NA,-1.50704,-8.89313,-3.53486,NA,NA,NA,NA,NA,NA,NA,NA,NA,NA,NA,NA,NA,NA,NA,NA,NA,NA,NA,NA,NA,NA,NA,NA,NA,NA,NA,NA,High,High,High,Medium,Low,NA,NA,NA,NA,NA,NA,NA,NA,NA,NA,NA,NA,NA,NA,NA,NA,NA,NA,NA,NA,NA,NA,NA,NA,NA,NA,NA,NA,NA,NA,NA,NA,NA,NA,NA,NA,NA,NA,NA,NA,NA,NA,NA,NA,NA,NA,NA,NA,NA,NA,NA,NA,NA,NA,NA
NA,NA,NA,NA,NA,NA,NA,NA,NA,NA,NA,NA,NA,NA,NA,NA,140,2025-10-04,13:24:49,1,7,"Thomas, Parker",814826,Right,GEO_PAT,"Harris, a",005,Right,GEO_PAT,Undefined,5,Top,0,3,2,Sweeper,Curveball,InPlay,Undefined,LineDrive,Out,1,0,NA,74.96141,0.722264,-0.319311,2082.166423,91.322119,09:00:00,5.51832,2.53903,5.86155,-48.50463,2.38264,-19.93796,2.14735,0.58087,67.54448,-8.263274,-3.89916,0.513424,90.8663,8.907602,15.727942,1546.250479,104.74884,6.32598,33.58071,150.2237,144.84307,18.904996,1.289594,10.09878,1.49728,-2.50136,50,5.54899,1.32449,-108.69898,-0.07334,11.77325,23.59882,-30.42849,GEO_PAT,GEO_PAT,SpuhlerFieldMain,TeamExclusive,Team,20251004-SpuhlerFieldMain-Private-1,08818020-a147-11f0-b694-b1da4b1d52f5,73.41389,8.09723,NA,7.41693,NA,NA,NA,1.91725,2.25791,-0.61056,399095c0-9636-49a8-8bc9-7cafea40f967,2025-10-04,17:24:49,2025-10-04T17:24:49Z,2025-10-04T17:24:49Z,GroundBall,v3,471300,471300,NA,"Cowdrey, Vincent",1000469295,Right,GEO_PAT,7d5882c1-c368-4aaa-a01d-8848b2d79bbd,54.63945,-109.70159,11.79941,5.52465,1.21944,-15.21424,-2.547,0.8243,5.88662,271.413101,1.91725,126.73352,-17.26024,3.25717,-0.68448,0.13525,-0.0276,0.00482,-4.7e-4,2.25791,20.63577,-19.09237,1.66989,-0.32326,0.06696,-0.01198,0.00212,-2.2e-4,-0.61056,35.68988,2.96343,-1.07795,0.30607,-0.07491,0.01685,-0.00306,3.1e-4,NA,NA,NA,NA,NA,NA,NA,NA,NA,NA,NA,NA,NA,NA,NA,NA,NA,NA,NA,NA,NA,NA,High,High,High,High,High,NA,NA,NA,NA,NA,NA,NA,NA,NA,NA,NA,NA,NA,NA,NA,NA,NA,NA,NA,NA,NA,NA,NA,NA,NA,NA,NA,NA,NA,NA,NA,NA,NA,NA,NA,NA,NA,NA,NA,NA,NA,NA,NA,NA,NA,NA,NA,NA,NA,NA,NA,NA,NA,NA,NA
NA,NA,NA,NA,NA,NA,NA,NA,NA,NA,NA,NA,NA,NA,NA,NA,141,2025-10-04,13:25:18,2,1,"Thomas, Parker",814826,Right,GEO_PAT,"Shane, a",008,Right,GEO_PAT,Undefined,5,Top,1,0,0,Cutter,Slider,BallCalled,Undefined,Undefined,Undefined,0,0,NA,79.7697,-0.571014,-1.287461,2055.969021,126.516612,10:15:00,5.62919,2.71683,5.655,-41.07286,3.48012,-2.70933,1.67373,1.29007,72.95151,-8.114973,-1.772195,0.480407,NA,NA,NA,NA,NA,NA,NA,NA,NA,NA,NA,0.98827,2.40095,-2.60599,50,5.55494,2.7081,-115.75899,-2.50386,1.3322,22.92787,-28.93751,GEO_PAT,GEO_PAT,SpuhlerFieldMain,TeamExclusive,Team,20251004-SpuhlerFieldMain-Private-1,19d4ece0-a147-11f0-b694-b1da4b1d52f5,78.45931,NA,NA,6.81819,NA,NA,NA,NA,NA,NA,399095c0-9636-49a8-8bc9-7cafea40f967,2025-10-04,17:25:18,2025-10-04T17:25:18Z,2025-10-04T17:25:18Z,NA,v3,471300,471300,NA,"Cowdrey, Vincent",1000469295,Right,GEO_PAT,f9484dc5-ca63-4a44-abf2-2b7d3ffa8ec7,54.84551,-116.71477,11.46393,5.63418,-1.29756,-14.46875,-2.71773,2.65257,0.6661,NA,NA,NA,NA,NA,NA,NA,NA,NA,NA,NA,NA,NA,NA,NA,NA,NA,NA,NA,NA,NA,NA,NA,NA,NA,NA,NA,NA,NA,NA,NA,NA,NA,NA,NA,NA,NA,NA,NA,NA,NA,NA,NA,NA,NA,NA,NA,NA,NA,NA,High,High,High,NA,NA,NA,NA,NA,NA,NA,NA,NA,NA,NA,NA,NA,NA,NA,NA,NA,NA,NA,NA,NA,NA,NA,NA,NA,NA,NA,NA,NA,NA,NA,NA,NA,NA,NA,NA,NA,NA,NA,NA,NA,NA,NA,NA,NA,NA,NA,NA,NA,NA,NA,NA,NA,NA,NA,NA,NA
NA,NA,NA,NA,NA,NA,NA,NA,NA,NA,NA,NA,NA,NA,NA,NA,142,2025-10-04,13:25:36,2,2,"Thomas, Parker",814826,Right,GEO_PAT,"Shane, a",008,Right,GEO_PAT,Undefined,5,Top,1,1,0,ChangeUp,Changeup,BallCalled,Undefined,Undefined,Undefined,0,0,NA,82.25215,1.144196,-1.486326,1784.31718,241.146753,02:00:00,5.59334,2.57933,6.17528,-31.38872,10.01969,15.51713,4.03487,2.49936,74.17113,-4.771752,1.312648,0.463144,NA,NA,NA,NA,NA,NA,NA,NA,NA,NA,NA,-8.43272,5.25563,-2.47419,50,5.66424,2.4921,-119.33459,1.45824,-11.98016,26.13701,-24.70754,GEO_PAT,GEO_PAT,SpuhlerFieldMain,TeamExclusive,Team,20251004-SpuhlerFieldMain-Private-1,24171d90-a147-11f0-b694-b1da4b1d52f5,81.38389,NA,NA,8.08101,NA,NA,NA,NA,NA,NA,399095c0-9636-49a8-8bc9-7cafea40f967,2025-10-04,17:25:36,2025-10-04T17:25:36Z,2025-10-04T17:25:36Z,NA,v3,471300,471300,NA,"Cowdrey, Vincent",1000469295,Right,GEO_PAT,da7ce435-a19a-49ef-85f1-71bb72c754fc,54.32376,-120.27786,13.0685,5.59552,2.34993,-12.35377,-2.57193,2.92446,-5.99008,NA,NA,NA,NA,NA,NA,NA,NA,NA,NA,NA,NA,NA,NA,NA,NA,NA,NA,NA,NA,NA,NA,NA,NA,NA,NA,NA,NA,NA,NA,NA,NA,NA,NA,NA,NA,NA,NA,NA,NA,NA,NA,NA,NA,NA,NA,NA,NA,NA,NA,High,High,High,NA,NA,NA,NA,NA,NA,NA,NA,NA,NA,NA,NA,NA,NA,NA,NA,NA,NA,NA,NA,NA,NA,NA,NA,NA,NA,NA,NA,NA,NA,NA,NA,NA,NA,NA,NA,NA,NA,NA,NA,NA,NA,NA,NA,NA,NA,NA,NA,NA,NA,NA,NA,NA,NA,NA,NA,NA
NA,NA,NA,NA,NA,NA,NA,NA,NA,NA,NA,NA,NA,NA,NA,NA,143,2025-10-04,13:25:56,2,3,"Thomas, Parker",814826,Right,GEO_PAT,"Shane, a",008,Right,GEO_PAT,Undefined,5,Top,1,2,0,Sinker,Changeup,BallCalled,Undefined,Undefined,Undefined,0,0,NA,86.99018,-0.870668,-1.766343,1807.345395,243.021446,02:00:00,5.53239,2.45841,5.97845,-26.65517,10.47717,18.06698,2.50355,2.32603,78.91818,-5.86612,1.482728,0.438579,NA,NA,NA,NA,NA,NA,NA,NA,NA,NA,NA,-9.71737,6.03674,-2.32807,50,5.44891,3.12866,-126.22639,-2.77226,-15.525,28.03343,-22.52945,GEO_PAT,GEO_PAT,SpuhlerFieldMain,TeamExclusive,Team,20251004-SpuhlerFieldMain-Private-1,300f3ba0-a147-11f0-b694-b1da4b1d52f5,85.94224,NA,NA,8.07201,NA,NA,NA,NA,NA,NA,399095c0-9636-49a8-8bc9-7cafea40f967,2025-10-04,17:25:56,2025-10-04T17:25:56Z,2025-10-04T17:25:56Z,NA,v3,471300,471300,NA,"Cowdrey, Vincent",1000469295,Right,GEO_PAT,1f8180a4-6a67-4af5-90b0-e46f00fc391a,54.5212,-127.22653,14.01672,5.53347,-1.96848,-11.26472,-2.44958,3.68255,-7.7625,NA,NA,NA,NA,NA,NA,NA,NA,NA,NA,NA,NA,NA,NA,NA,NA,NA,NA,NA,NA,NA,NA,NA,NA,NA,NA,NA,NA,NA,NA,NA,NA,NA,NA,NA,NA,NA,NA,NA,NA,NA,NA,NA,NA,NA,NA,NA,NA,NA,NA,High,High,High,NA,NA,NA,NA,NA,NA,NA,NA,NA,NA,NA,NA,NA,NA,NA,NA,NA,NA,NA,NA,NA,NA,NA,NA,NA,NA,NA,NA,NA,NA,NA,NA,NA,NA,NA,NA,NA,NA,NA,NA,NA,NA,NA,NA,NA,NA,NA,NA,NA,NA,NA,NA,NA,NA,NA,NA,NA
NA,NA,NA,NA,NA,NA,NA,NA,NA,NA,NA,NA,NA,NA,NA,NA,144,2025-10-04,13:26:14,2,4,"Thomas, Parker",814826,Right,GEO_PAT,"Shane, a",008,Right,GEO_PAT,Undefined,5,Top,1,3,0,Sinker,Sinker,BallCalled,Walk,Undefined,Undefined,0,0,NA,89.20109,-1.472435,-2.596108,1927.384924,242.059292,02:00:00,5.5922,2.67462,6.13817,-24.81698,10.25162,17.07922,2.16154,1.69683,81.07869,-6.133134,0.482829,0.426217,NA,NA,NA,NA,NA,NA,NA,NA,NA,NA,NA,-9.56075,6.09772,-2.48481,50,5.46696,5.15628,-129.41622,-4.11756,-16.08806,28.9786,-21.91329,GEO_PAT,GEO_PAT,SpuhlerFieldMain,TeamExclusive,Team,20251004-SpuhlerFieldMain-Private-1,3aee6fa0-a147-11f0-b694-b1da4b1d52f5,88.43488,NA,NA,8.1224,NA,NA,NA,NA,NA,NA,399095c0-9636-49a8-8bc9-7cafea40f967,2025-10-04,17:26:14,2025-10-04T17:26:14Z,2025-10-04T17:26:14Z,NA,v3,471300,471300,NA,"Cowdrey, Vincent",1000469295,Right,GEO_PAT,0916a084-3912-4388-ab20-e5866eaf184d,54.36284,-130.38948,14.4893,5.59289,-3.38159,-10.95665,-2.66706,5.6966,-8.04403,NA,NA,NA,NA,NA,NA,NA,NA,NA,NA,NA,NA,NA,NA,NA,NA,NA,NA,NA,NA,NA,NA,NA,NA,NA,NA,NA,NA,NA,NA,NA,NA,NA,NA,NA,NA,NA,NA,NA,NA,NA,NA,NA,NA,NA,NA,NA,NA,NA,NA,High,High,High,NA,NA,NA,NA,NA,NA,NA,NA,NA,NA,NA,NA,NA,NA,NA,NA,NA,NA,NA,NA,NA,NA,NA,NA,NA,NA,NA,NA,NA,NA,NA,NA,NA,NA,NA,NA,NA,NA,NA,NA,NA,NA,NA,NA,NA,NA,NA,NA,NA,NA,NA,NA,NA,NA,NA,NA,NA
NA,NA,NA,NA,NA,NA,NA,NA,NA,NA,NA,NA,NA,NA,NA,NA,145,2025-10-04,13:26:49,3,1,"Thomas, Parker",814826,Right,GEO_PAT,"Babu, a",0011,Right,GEO_PAT,Undefined,5,Top,1,0,0,Cutter,Slider,FoulBallNotFieldable,Undefined,Undefined,Undefined,0,0,NA,81.42519,-0.209691,-1.985417,2067.783333,127.504085,10:15:00,5.53729,2.75095,5.98309,-35.80951,6.7902,-6.88071,2.35867,0.33646,73.74445,-6.875858,-3.221781,0.469759,68.68473,15.548859,165.882851,1707.991066,NA,NA,NA,124.89318,48.96303,168.269441,1.490383,2.86291,4.03587,-2.59044,50,5.50135,4.36415,-118.06565,-1.54963,3.98075,25.6074,-26.56232,GEO_PAT,GEO_PAT,SpuhlerFieldMain,TeamExclusive,Team,20251004-SpuhlerFieldMain-Private-1,4faa0da0-a147-11f0-b694-b1da4b1d52f5,80.23791,11.47233,NA,7.68074,NA,NA,NA,3.132,2.53946,-0.4181,399095c0-9636-49a8-8bc9-7cafea40f967,2025-10-04,17:26:49,2025-10-04T17:26:49Z,2025-10-04T17:26:49Z,LineDrive,v3,471300,471300,NA,"Cowdrey, Vincent",1000469295,Right,GEO_PAT,e913d330-255c-421b-a8c5-84e285eb5884,54.51504,-119.04089,12.8037,5.5411,-0.53802,-13.28116,-2.75376,4.21255,1.99038,318.95181,3.13199,-94.11825,6.976,-0.20049,-0.31922,0.67108,-0.60711,0.28287,-0.05355,2.53946,27.00396,-21.53481,1.89624,-0.40429,0.20492,-0.1277,0.0558,-0.01041,-0.41809,23.67044,-4.7379,0.3757,0.11853,-0.34024,0.31594,-0.14782,0.02801,NA,NA,NA,NA,NA,NA,NA,NA,NA,NA,NA,NA,NA,NA,NA,NA,NA,NA,NA,NA,NA,NA,High,High,High,High,Medium,NA,NA,NA,NA,NA,NA,NA,NA,NA,NA,NA,NA,NA,NA,NA,NA,NA,NA,NA,NA,NA,NA,NA,NA,NA,NA,NA,NA,NA,NA,NA,NA,NA,NA,NA,NA,NA,NA,NA,NA,NA,NA,NA,NA,NA,NA,NA,NA,NA,NA,NA,NA,NA,NA,NA
NA,NA,NA,NA,NA,NA,NA,NA,NA,NA,NA,NA,NA,NA,NA,NA,146,2025-10-04,13:27:11,3,2,"Thomas, Parker",814826,Right,GEO_PAT,"Babu, a",0011,Right,GEO_PAT,Undefined,5,Top,1,0,1,Sweeper,Curveball,BallCalled,Undefined,Undefined,Undefined,0,0,NA,76.0598,-0.432657,-0.338234,2115.09842,85.754598,08:45:00,5.48147,2.64753,5.37185,-49.54857,0.31496,-19.13092,0.94675,0.73615,69.38014,-9.458801,-3.745945,0.508233,NA,NA,NA,NA,NA,NA,NA,NA,NA,NA,NA,9.58504,0.73445,-2.60285,50,5.40745,1.37393,-110.33478,-2.44968,11.63442,22.44104,-31.28257,GEO_PAT,GEO_PAT,SpuhlerFieldMain,TeamExclusive,Team,20251004-SpuhlerFieldMain-Private-1,5cc8f870-a147-11f0-b694-b1da4b1d52f5,74.16368,NA,NA,6.67966,NA,NA,NA,NA,NA,NA,399095c0-9636-49a8-8bc9-7cafea40f967,2025-10-04,17:27:11,2025-10-04T17:27:11Z,2025-10-04T17:27:11Z,NA,v3,471300,471300,NA,"Cowdrey, Vincent",1000469295,Right,GEO_PAT,e275ef48-5db2-41a5-9c2a-c064e0d54ae9,55.13146,-111.37358,11.22052,5.48733,-1.0016,-15.64128,-2.65399,0.83537,5.81721,NA,NA,NA,NA,NA,NA,NA,NA,NA,NA,NA,NA,NA,NA,NA,NA,NA,NA,NA,NA,NA,NA,NA,NA,NA,NA,NA,NA,NA,NA,NA,NA,NA,NA,NA,NA,NA,NA,NA,NA,NA,NA,NA,NA,NA,NA,NA,NA,NA,NA,High,High,High,NA,NA,NA,NA,NA,NA,NA,NA,NA,NA,NA,NA,NA,NA,NA,NA,NA,NA,NA,NA,NA,NA,NA,NA,NA,NA,NA,NA,NA,NA,NA,NA,NA,NA,NA,NA,NA,NA,NA,NA,NA,NA,NA,NA,NA,NA,NA,NA,NA,NA,NA,NA,NA,NA,NA,NA,NA
NA,NA,NA,NA,NA,NA,NA,NA,NA,NA,NA,NA,NA,NA,NA,NA,147,2025-10-04,13:27:30,3,3,"Thomas, Parker",814826,Right,GEO_PAT,"Babu, a",0011,Right,GEO_PAT,Undefined,5,Top,1,1,1,Sweeper,Curveball,BallCalled,Undefined,Undefined,Undefined,0,0,NA,77.58409,-2.04898,-2.262759,2129.084375,82.867024,08:45:00,5.62816,2.59273,5.48029,-48.45117,-0.52764,-17.48131,-0.32902,-0.98245,71.04231,-10.82382,-5.380085,0.498248,NA,NA,NA,NA,NA,NA,NA,NA,NA,NA,NA,8.21445,0.77307,-2.38137,50,5.41489,5.09238,-112.40761,-5.60302,10.32873,23.65723,-31.20199,GEO_PAT,GEO_PAT,SpuhlerFieldMain,TeamExclusive,Team,20251004-SpuhlerFieldMain-Private-1,6882d500-a147-11f0-b694-b1da4b1d52f5,75.64991,NA,NA,6.54178,NA,NA,NA,NA,NA,NA,399095c0-9636-49a8-8bc9-7cafea40f967,2025-10-04,17:27:30,2025-10-04T17:27:30Z,2025-10-04T17:27:30Z,NA,v3,471300,471300,NA,"Cowdrey, Vincent",1000469295,Right,GEO_PAT,cd3a56d4-012f-424c-a8c0-ad844f12a0a5,55.02362,-113.45995,11.82862,5.63325,-4.21506,-15.60099,-2.59767,4.63293,5.16436,NA,NA,NA,NA,NA,NA,NA,NA,NA,NA,NA,NA,NA,NA,NA,NA,NA,NA,NA,NA,NA,NA,NA,NA,NA,NA,NA,NA,NA,NA,NA,NA,NA,NA,NA,NA,NA,NA,NA,NA,NA,NA,NA,NA,NA,NA,NA,NA,NA,NA,High,High,High,NA,NA,NA,NA,NA,NA,NA,NA,NA,NA,NA,NA,NA,NA,NA,NA,NA,NA,NA,NA,NA,NA,NA,NA,NA,NA,NA,NA,NA,NA,NA,NA,NA,NA,NA,NA,NA,NA,NA,NA,NA,NA,NA,NA,NA,NA,NA,NA,NA,NA,NA,NA,NA,NA,NA,NA,NA
NA,NA,NA,NA,NA,NA,NA,NA,NA,NA,NA,NA,NA,NA,NA,NA,148,2025-10-04,13:27:51,3,4,"Thomas, Parker",814826,Right,GEO_PAT,"Babu, a",0011,Right,GEO_PAT,Undefined,5,Top,1,2,1,Sinker,Changeup,StrikeCalled,Undefined,Undefined,Undefined,0,0,NA,87.99825,-0.714455,-3.196023,1898.206959,243.414505,02:00:00,5.60169,2.75366,5.92294,-27.1234,9.21666,15.95103,2.67733,1.11394,79.93152,-5.781066,-0.33498,0.433875,NA,NA,NA,NA,NA,NA,NA,NA,NA,NA,NA,-9.11548,5.30268,-2.50656,50,5.52909,6.45613,-127.59841,-2.48783,-14.91796,28.05535,-23.49596,GEO_PAT,GEO_PAT,SpuhlerFieldMain,TeamExclusive,Team,20251004-SpuhlerFieldMain-Private-1,74e79790-a147-11f0-b694-b1da4b1d52f5,86.87403,NA,NA,8.06673,NA,NA,NA,NA,NA,NA,399095c0-9636-49a8-8bc9-7cafea40f967,2025-10-04,17:27:51,2025-10-04T17:27:51Z,2025-10-04T17:27:51Z,NA,v3,471300,471300,NA,"Cowdrey, Vincent",1000469295,Right,GEO_PAT,84df88a0-0e74-4d43-befd-996afa795876,54.57839,-128.60113,14.02767,5.603,-1.64807,-11.74798,-2.74683,6.98931,-7.45898,NA,NA,NA,NA,NA,NA,NA,NA,NA,NA,NA,NA,NA,NA,NA,NA,NA,NA,NA,NA,NA,NA,NA,NA,NA,NA,NA,NA,NA,NA,NA,NA,NA,NA,NA,NA,NA,NA,NA,NA,NA,NA,NA,NA,NA,NA,NA,NA,NA,NA,High,High,High,NA,NA,NA,NA,NA,NA,NA,NA,NA,NA,NA,NA,NA,NA,NA,NA,NA,NA,NA,NA,NA,NA,NA,NA,NA,NA,NA,NA,NA,NA,NA,NA,NA,NA,NA,NA,NA,NA,NA,NA,NA,NA,NA,NA,NA,NA,NA,NA,NA,NA,NA,NA,NA,NA,NA,NA,NA
NA,NA,NA,NA,NA,NA,NA,NA,NA,NA,NA,NA,NA,NA,NA,NA,149,2025-10-04,13:28:09,3,5,"Thomas, Parker",814826,Right,GEO_PAT,"Babu, a",0011,Right,GEO_PAT,Undefined,5,Top,1,2,2,Sinker,Changeup,BallCalled,Undefined,Undefined,Undefined,0,0,NA,88.20143,-2.796894,-4.059239,1877.128434,239.627807,02:00:00,5.62247,2.41937,6.0886,-25.8345,10.0802,15.18123,0.87362,-0.07703,80.67454,-7.611853,-1.330085,0.431328,NA,NA,NA,NA,NA,NA,NA,NA,NA,NA,NA,-9.06709,6.34752,-2.11387,50,5.3922,8.46496,-127.75032,-7.07797,-14.94002,27.04155,-21.71512,GEO_PAT,GEO_PAT,SpuhlerFieldMain,TeamExclusive,Team,20251004-SpuhlerFieldMain-Private-1,7f933870-a147-11f0-b694-b1da4b1d52f5,87.38696,NA,NA,7.52689,NA,NA,NA,NA,NA,NA,399095c0-9636-49a8-8bc9-7cafea40f967,2025-10-04,17:28:09,2025-10-04T17:28:09Z,2025-10-04T17:28:09Z,NA,v3,471300,471300,NA,"Cowdrey, Vincent",1000469295,Right,GEO_PAT,ef163f1a-8224-4813-973d-1ab33f282c0c,54.41486,-128.68144,13.52078,5.62304,-6.33025,-10.85756,-2.41421,8.97939,-7.47001,NA,NA,NA,NA,NA,NA,NA,NA,NA,NA,NA,NA,NA,NA,NA,NA,NA,NA,NA,NA,NA,NA,NA,NA,NA,NA,NA,NA,NA,NA,NA,NA,NA,NA,NA,NA,NA,NA,NA,NA,NA,NA,NA,NA,NA,NA,NA,NA,NA,NA,High,High,High,NA,NA,NA,NA,NA,NA,NA,NA,NA,NA,NA,NA,NA,NA,NA,NA,NA,NA,NA,NA,NA,NA,NA,NA,NA,NA,NA,NA,NA,NA,NA,NA,NA,NA,NA,NA,NA,NA,NA,NA,NA,NA,NA,NA,NA,NA,NA,NA,NA,NA,NA,NA,NA,NA,NA,NA,NA
NA,NA,NA,NA,NA,NA,NA,NA,NA,NA,NA,NA,NA,NA,NA,NA,150,2025-10-04,13:28:41,3,6,"Thomas, Parker",814826,Right,GEO_PAT,"Babu, a",0011,Right,GEO_PAT,Undefined,5,Top,1,3,2,Cutter,Slider,StrikeCalled,Strikeout,Undefined,Undefined,0,0,NA,80.9736,-1.043144,-3.176358,2060.484479,135.082735,10:30:00,5.67666,2.5276,5.99877,-38.38207,4.44536,-3.01335,1.50991,-0.66997,74.03469,-8.130705,-3.717492,0.471013,NA,NA,NA,NA,NA,NA,NA,NA,NA,NA,NA,0.59945,2.98965,-2.27557,50,5.57323,6.62783,-117.42217,-3.33216,0.82978,24.00398,-28.03553,GEO_PAT,GEO_PAT,SpuhlerFieldMain,TeamExclusive,Team,20251004-SpuhlerFieldMain-Private-1,92c30650-a147-11f0-b694-b1da4b1d52f5,80.02427,NA,NA,6.93891,NA,NA,NA,NA,NA,NA,399095c0-9636-49a8-8bc9-7cafea40f967,2025-10-04,17:28:41,2025-10-04T17:28:41Z,2025-10-04T17:28:41Z,NA,v3,471300,471300,NA,"Cowdrey, Vincent",1000469295,Right,GEO_PAT,c96b2238-933b-4f09-b93d-a2af4680f53a,54.50346,-118.3392,12.00199,5.68007,-2.26111,-14.01777,-2.52817,6.59613,0.41489,NA,NA,NA,NA,NA,NA,NA,NA,NA,NA,NA,NA,NA,NA,NA,NA,NA,NA,NA,NA,NA,NA,NA,NA,NA,NA,NA,NA,72.74155,NA,0.837171,NA,2.51877,1.66612,0.59847,-0.04326,5.70814,2.37453,NA,NA,NA,0.03488,105.4179,-7.94798,5.7229,8.01805,-11.78697,2.35664,1.79671,1.46791,High,High,High,NA,NA,High,Medium,Low,NA,NA,NA,NA,NA,NA,NA,NA,NA,NA,NA,NA,NA,NA,NA,NA,NA,NA,NA,NA,NA,NA,NA,NA,NA,NA,NA,NA,NA,NA,NA,NA,NA,NA,NA,NA,NA,NA,NA,NA,NA,NA,NA,NA,NA,NA,NA,NA,NA,NA,NA,NA
NA,NA,NA,NA,NA,NA,NA,NA,NA,NA,NA,NA,NA,NA,NA,NA,151,2025-10-04,13:29:16,4,1,"Thomas, Parker",814826,Right,GEO_PAT,"Jaun, a",0033,Right,GEO_PAT,Undefined,5,Top,2,0,0,Sweeper,Curveball,BallCalled,Undefined,Undefined,Undefined,0,0,NA,75.39186,0.315379,-2.294607,2182.621503,93.154442,09:00:00,5.41172,2.95589,5.67083,-46.98357,2.72303,-21.80505,1.79072,-1.00182,69.51369,-8.271322,-6.185423,0.507433,NA,NA,NA,NA,NA,NA,NA,NA,NA,NA,NA,10.45457,1.74287,-2.74793,50,5.40873,5.17484,-109.45752,-0.84756,12.63475,20.01306,-30.06771,GEO_PAT,GEO_PAT,SpuhlerFieldMain,TeamExclusive,Team,20251004-SpuhlerFieldMain-Private-1,a77d92e0-a147-11f0-b694-b1da4b1d52f5,74.28067,NA,NA,5.87817,NA,NA,NA,NA,NA,NA,399095c0-9636-49a8-8bc9-7cafea40f967,2025-10-04,17:29:16,2025-10-04T17:29:16Z,2025-10-04T17:29:16Z,NA,v3,471300,471300,NA,"Cowdrey, Vincent",1000469295,Right,GEO_PAT,97791deb-26a3-4e60-b205-b69bd052e6ac,54.83324,-110.33769,10.00653,5.41693,0.4748,-15.03386,-2.96329,4.6191700000000004,6.31738,NA,NA,NA,NA,NA,NA,NA,NA,NA,NA,NA,NA,NA,NA,NA,NA,NA,NA,NA,NA,NA,NA,NA,NA,NA,NA,NA,NA,NA,NA,NA,NA,NA,NA,NA,NA,NA,NA,NA,NA,NA,NA,NA,NA,NA,NA,NA,NA,NA,NA,High,High,High,NA,NA,NA,NA,NA,NA,NA,NA,NA,NA,NA,NA,NA,NA,NA,NA,NA,NA,NA,NA,NA,NA,NA,NA,NA,NA,NA,NA,NA,NA,NA,NA,NA,NA,NA,NA,NA,NA,NA,NA,NA,NA,NA,NA,NA,NA,NA,NA,NA,NA,NA,NA,NA,NA,NA,NA,NA
NA,NA,NA,NA,NA,NA,NA,NA,NA,NA,NA,NA,NA,NA,NA,NA,152,2025-10-04,13:29:33,4,2,"Thomas, Parker",814826,Right,GEO_PAT,"Jaun, a",0033,Right,GEO_PAT,Undefined,5,Top,2,1,0,Cutter,Slider,StrikeCalled,Undefined,Undefined,Undefined,0,0,NA,82.27849,-1.159128,-1.924271,2105.595347,157.390252,11:15:00,5.785,2.53695,5.88341,-33.33203,7.84378,-2.74496,1.93011,0.52049,75.8073,-7.313118,-2.4169,0.461841,NA,NA,NA,NA,NA,NA,NA,NA,NA,NA,NA,0.89122,4.7067,-2.3799,50,5.672,4.12015,-119.50497,-3.47794,1.29222,22.46693,-25.34963,GEO_PAT,GEO_PAT,SpuhlerFieldMain,TeamExclusive,Team,20251004-SpuhlerFieldMain-Private-1,b1dfceb0-a147-11f0-b694-b1da4b1d52f5,81.61347,NA,NA,6.4712,NA,NA,NA,NA,NA,NA,399095c0-9636-49a8-8bc9-7cafea40f967,2025-10-04,17:29:33,2025-10-04T17:29:33Z,2025-10-04T17:29:33Z,NA,v3,471300,471300,NA,"Cowdrey, Vincent",1000469295,Right,GEO_PAT,fcb85096-4351-40e7-a817-84426e733b60,54.61894,-120.3702,11.233459999999999,5.78714,-2.5017,-12.67482,-2.53761,4.07039,0.64611,NA,NA,NA,NA,NA,NA,NA,NA,NA,NA,NA,NA,NA,NA,NA,NA,NA,NA,NA,NA,NA,NA,NA,NA,NA,NA,NA,NA,NA,NA,NA,NA,NA,NA,NA,NA,NA,NA,NA,NA,NA,NA,NA,NA,NA,NA,NA,NA,NA,NA,High,High,High,NA,NA,NA,NA,NA,NA,NA,NA,NA,NA,NA,NA,NA,NA,NA,NA,NA,NA,NA,NA,NA,NA,NA,NA,NA,NA,NA,NA,NA,NA,NA,NA,NA,NA,NA,NA,NA,NA,NA,NA,NA,NA,NA,NA,NA,NA,NA,NA,NA,NA,NA,NA,NA,NA,NA,NA,NA
NA,NA,NA,NA,NA,NA,NA,NA,NA,NA,NA,NA,NA,NA,NA,NA,153,2025-10-04,13:29:51,4,3,"Thomas, Parker",814826,Right,GEO_PAT,"Jaun, a",0033,Right,GEO_PAT,Undefined,5,Top,2,1,1,Sweeper,Curveball,BallCalled,Undefined,Undefined,Undefined,0,0,NA,77.13329,-1.755885,-2.823288,2158.177092,88.096933,09:00:00,5.54425,2.79869,5.68803,-47.13345,0.91492,-21.21048,-0.02269,-1.60255,70.77321,-10.323083,-6.612448,0.498897,NA,NA,NA,NA,NA,NA,NA,NA,NA,NA,NA,9.99634,1.4389,-2.54705,50,5.36664,6.28291,-111.78563,-4.90902,12.45118,23.08965,-30.38178,GEO_PAT,GEO_PAT,SpuhlerFieldMain,TeamExclusive,Team,20251004-SpuhlerFieldMain-Private-1,bc1ecb10-a147-11f0-b694-b1da4b1d52f5,75.55156,NA,NA,6.36008,NA,NA,NA,NA,NA,NA,399095c0-9636-49a8-8bc9-7cafea40f967,2025-10-04,17:29:51,2025-10-04T17:29:51Z,2025-10-04T17:29:51Z,NA,v3,471300,471300,NA,"Cowdrey, Vincent",1000469295,Right,GEO_PAT,c89bc539-9790-4153-9e9c-eef3b31b667b,54.81591,-112.77598,11.54482,5.54925,-3.60589,-15.19089,-2.80508,5.74886,6.22559,NA,NA,NA,NA,NA,NA,NA,NA,NA,NA,NA,NA,NA,NA,NA,NA,NA,NA,NA,NA,NA,NA,NA,NA,NA,NA,NA,NA,NA,NA,NA,NA,NA,NA,NA,NA,NA,NA,NA,NA,NA,NA,NA,NA,NA,NA,NA,NA,NA,NA,High,High,High,NA,NA,NA,NA,NA,NA,NA,NA,NA,NA,NA,NA,NA,NA,NA,NA,NA,NA,NA,NA,NA,NA,NA,NA,NA,NA,NA,NA,NA,NA,NA,NA,NA,NA,NA,NA,NA,NA,NA,NA,NA,NA,NA,NA,NA,NA,NA,NA,NA,NA,NA,NA,NA,NA,NA,NA,NA
NA,NA,NA,NA,NA,NA,NA,NA,NA,NA,NA,NA,NA,NA,NA,NA,154,2025-10-04,13:30:32,4,4,"Thomas, Parker",814826,Right,GEO_PAT,"Jaun, a",0033,Right,GEO_PAT,Undefined,5,Top,2,2,1,Cutter,Slider,FoulBallNotFieldable,Undefined,Undefined,Undefined,0,0,NA,81.58905,-1.258845,-2.514901,2072.40861,138.773829,10:45:00,5.59342,2.33977,6.23747,-34.17793,7.79241,-5.54666,1.58266,-0.44395,74.17873,-7.635856,-3.516105,0.466276,58.86393,29.857766,122.406036,4548.330485,-68.10929,17.18566,86.37775,141.11593,45.7042,130.235798,2.252828,2.08445,4.87016,-2.14946,50,5.4827,5.40202,-118.34034,-3.60963,2.91555,25.46219,-25.36203,GEO_PAT,GEO_PAT,SpuhlerFieldMain,TeamExclusive,Team,20251004-SpuhlerFieldMain-Private-1,d4a79db0-a147-11f0-b694-b1da4b1d52f5,80.83726,23.74161,NA,7.41032,NA,NA,NA,2.00492,1.61282,0.36309,399095c0-9636-49a8-8bc9-7cafea40f967,2025-10-04,17:30:32,2025-10-04T17:30:32Z,2025-10-04T17:30:32Z,LineDrive,v3,471300,471300,NA,"Cowdrey, Vincent",1000469295,Right,GEO_PAT,37fdb433-9243-45f1-bb62-d63683afe7c0,54.26303,-119.25404,12.73109,5.5959,-2.69952,-12.68102,-2.34143,5.2974,1.45778,NA,2.00491,-40.1249,-2.51437,1.42654,-0.32004,-0.0067,0.03349,-0.00859,7.1e-4,1.61281,42.98238,-22.7857,2.22916,-0.47681,0.11587,-0.03939,0.01145,-0.00144,0.36297,63.22263,-8.96479,1.65474,-0.78789,0.56432,-0.30213,0.08264,-0.0087,NA,NA,NA,NA,NA,NA,NA,NA,NA,NA,NA,NA,NA,NA,NA,NA,NA,NA,NA,NA,NA,NA,High,High,High,Medium,Low,NA,NA,NA,NA,NA,NA,NA,NA,NA,NA,NA,NA,NA,NA,NA,NA,NA,NA,NA,NA,NA,NA,NA,NA,NA,NA,NA,NA,NA,NA,NA,NA,NA,NA,NA,NA,NA,NA,NA,NA,NA,NA,NA,NA,NA,NA,NA,NA,NA,NA,NA,NA,NA,NA,NA
NA,NA,NA,NA,NA,NA,NA,NA,NA,NA,NA,NA,NA,NA,NA,NA,155,2025-10-04,13:30:56,4,5,"Thomas, Parker",814826,Right,GEO_PAT,"Jaun, a",0033,Right,GEO_PAT,Undefined,5,Top,2,2,2,Sweeper,Curveball,StrikeSwinging,Strikeout,Undefined,Undefined,0,0,NA,77.12408,-0.469423,-3.362062,2138.235289,118.010147,10:00:00,5.5355,2.6121,5.63048,-40.19002,8.35882,-12.33288,1.74755,-1.55638,69.68201,-7.888507,-5.557537,0.501488,NA,NA,NA,NA,NA,NA,NA,NA,NA,NA,NA,5.1128,4.91099,-2.31734,50,5.47009,7.02238,-111.58523,-2.15261,6.304,24.21075,-26.11887,GEO_PAT,GEO_PAT,SpuhlerFieldMain,TeamExclusive,Team,20251004-SpuhlerFieldMain-Private-1,e2e035e0-a147-11f0-b694-b1da4b1d52f5,75.16114,NA,NA,7.44207,NA,NA,NA,NA,NA,NA,399095c0-9636-49a8-8bc9-7cafea40f967,2025-10-04,17:30:56,2025-10-04T17:30:56Z,2025-10-04T17:30:56Z,NA,v3,471300,471300,NA,"Cowdrey, Vincent",1000469295,Right,GEO_PAT,605fa86c-04c9-4db6-a08b-abc850b4a5b0,54.86884,-112.63668,12.10537,5.53894,-1.0183,-13.05944,-2.61637,6.74861,3.152,NA,NA,NA,NA,NA,NA,NA,NA,NA,NA,NA,NA,NA,NA,NA,NA,NA,NA,NA,NA,NA,NA,NA,NA,NA,NA,NA,NA,NA,NA,NA,NA,NA,NA,NA,NA,NA,NA,NA,NA,NA,NA,NA,NA,NA,NA,NA,NA,NA,NA,High,High,High,NA,NA,NA,NA,NA,NA,NA,NA,NA,NA,NA,NA,NA,NA,NA,NA,NA,NA,NA,NA,NA,NA,NA,NA,NA,NA,NA,NA,NA,NA,NA,NA,NA,NA,NA,NA,NA,NA,NA,NA,NA,NA,NA,NA,NA,NA,NA,NA,NA,NA,NA,NA,NA,NA,NA,NA,NA
NA,NA,NA,NA,NA,NA,NA,NA,NA,NA,NA,NA,NA,NA,NA,NA,156,2025-10-04,13:34:01,1,1,"KIm , A",NA,Left,GEO_PAT,"Clyne , Owen",1000230336,Left,GEO_PAT,Undefined,5,Bottom,0,0,0,Slider,Curveball,FoulBallNotFieldable,Undefined,Undefined,Undefined,0,0,NA,79.13603,0.46209,2.9774,2544.678074,288.334017,03:30:00,5.46549,-3.00443,5.53223,-46.86518,-1.09736,7.97957,1.99261,0.44635,72.13861,-8.102881,4.397601,0.486913,57.26751,23.399961,-69.315551,5852.351041,NA,NA,NA,123.49464,107.71532,-75.472522,2.04487,-3.15063,-0.35512,2.73987,50,5.4741,-6.26953,-114.69907,-0.62669,-4.14559,23.64852,-32.64131,GEO_PAT,GEO_PAT,SpuhlerFieldMain,TeamExclusive,Team,20251004-SpuhlerFieldMain-Private-1,513a0700-a148-11f0-b694-b1da4b1d52f5,77.41099,17.97533,NA,6.99742,NA,NA,NA,2.55468,2.30302,0.02371,399095c0-9636-49a8-8bc9-7cafea40f967,2025-10-04,17:34:01,2025-10-04T17:34:01Z,2025-10-04T17:34:01Z,LineDrive,v3,471300,471300,NA,"Ary, a",006,Right,GEO_PAT,351e7ede-a797-4de3-ae2a-d1fc40e90d78,54.97119,-115.71949,11.82426,5.47075,0.78176,-16.32065,3.00654,-6.09065,-2.07279,NA,2.55468,27.22759,-10.08789,2.49317,-0.51975,0.11654,-0.03248,0.0082,-0.00105,2.30302,33.35721,-18.7773,1.21194,-0.10406,-0.08352,0.07173,-0.02643,0.00377,0.02371,-72.11522,10.37716,-2.59831,0.55136,-0.12876,0.0381,-0.01001,0.00129,NA,NA,NA,NA,NA,NA,NA,NA,NA,NA,NA,NA,NA,NA,NA,NA,NA,NA,NA,NA,NA,NA,High,High,High,High,Medium,NA,NA,NA,NA,NA,NA,NA,NA,NA,NA,NA,NA,NA,NA,NA,NA,NA,NA,NA,NA,NA,NA,NA,NA,NA,NA,NA,NA,NA,NA,NA,NA,NA,NA,NA,NA,NA,NA,NA,NA,NA,NA,NA,NA,NA,NA,NA,NA,NA,NA,NA,NA,NA,NA,NA
NA,NA,NA,NA,NA,NA,NA,NA,NA,NA,NA,NA,NA,NA,NA,NA,157,2025-10-04,13:34:27,1,2,"KIm , A",NA,Left,GEO_PAT,"Clyne , Owen",1000230336,Left,GEO_PAT,Undefined,5,Bottom,0,0,1,Fastball,Four-Seam,BallCalled,Undefined,Undefined,Undefined,0,0,NA,88.56889,1.747631,1.256785,2195.024555,154.936014,11:15:00,5.77053,-2.34989,6.15672,-16.36347,19.16497,-8.41193,6.02246,-1.88954,80.09997,-1.417694,-0.259493,0.429002,NA,NA,NA,NA,NA,NA,NA,NA,NA,NA,NA,4.61859,9.64382,2.25792,50,5.89436,-2.45084,-128.48054,3.51656,7.66907,28.26276,-16.16065,GEO_PAT,GEO_PAT,SpuhlerFieldMain,TeamExclusive,Team,20251004-SpuhlerFieldMain-Private-1,60aaf820-a148-11f0-b694-b1da4b1d52f5,87.86074,NA,NA,8.46892,NA,NA,NA,NA,NA,NA,399095c0-9636-49a8-8bc9-7cafea40f967,2025-10-04,17:34:27,2025-10-04T17:34:27Z,2025-10-04T17:34:27Z,NA,v3,471300,471300,NA,"Ary, a",006,Right,GEO_PAT,184be98d-da38-4f1e-ba8a-d804e253fe9b,54.33888,-129.43147,14.13138,5.7669,4.0603,-8.08032,2.34472,-2.70887,3.83453,NA,NA,NA,NA,NA,NA,NA,NA,NA,NA,NA,NA,NA,NA,NA,NA,NA,NA,NA,NA,NA,NA,NA,NA,NA,NA,NA,NA,NA,NA,NA,NA,NA,NA,NA,NA,NA,NA,NA,NA,NA,NA,NA,NA,NA,NA,NA,NA,NA,NA,High,High,High,NA,NA,NA,NA,NA,NA,NA,NA,NA,NA,NA,NA,NA,NA,NA,NA,NA,NA,NA,NA,NA,NA,NA,NA,NA,NA,NA,NA,NA,NA,NA,NA,NA,NA,NA,NA,NA,NA,NA,NA,NA,NA,NA,NA,NA,NA,NA,NA,NA,NA,NA,NA,NA,NA,NA,NA,NA
NA,NA,NA,NA,NA,NA,NA,NA,NA,NA,NA,NA,NA,NA,NA,NA,158,2025-10-04,13:34:53,1,3,"KIm , A",NA,Left,GEO_PAT,"Clyne , Owen",1000230336,Left,GEO_PAT,Undefined,5,Bottom,0,1,1,Slider,Slider,FoulBallNotFieldable,Undefined,Undefined,Undefined,0,0,NA,78.33114,1.451949,1.650548,2480.415992,296.221285,03:45:00,5.45892,-2.89606,5.34267,-50.67385,-4.6141,11.94485,2.59906,-0.35181,72.71286,-7.72629,3.772262,0.488464,65.94796,10.657166,-165.201688,2858.282425,NA,NA,NA,86.95929,49.17715,-165.799507,1.016826,-5.63382,-2.37284,2.7381,50,5.5529,-3.73886,-113.83412,1.14781,-7.45865,19.14343,-35.31546,GEO_PAT,GEO_PAT,SpuhlerFieldMain,TeamExclusive,Team,20251004-SpuhlerFieldMain-Private-1,7079c0b0-a148-11f0-b694-b1da4b1d52f5,77.1653,6.37962,NA,5.61828,NA,NA,NA,2.03174,2.57611,0.38839,399095c0-9636-49a8-8bc9-7cafea40f967,2025-10-04,17:34:53,2025-10-04T17:34:53Z,2025-10-04T17:34:53Z,GroundBall,v3,471300,471300,NA,"Ary, a",006,Right,GEO_PAT,a2185dda-c506-4919-9fb4-7876b14fc965,55.16341,-114.69916,9.57171,5.46498,2.74363,-17.65773,2.89944,-3.40182,-3.72933,8.117367,2.03174,-91.90213,7.06988,-0.24294,-0.04186,0.28404,-0.35595,0.23128,-0.0615,2.57611,17.88725,-21.79643,1.95344,-0.32402,0.04491,0.03472,-0.02782,0.0074400000000000004,0.38839,-24.27865,2.48449,0.43234,-0.1325,0.18575,-0.20208,0.12925,-0.03434,NA,NA,NA,NA,NA,NA,NA,NA,NA,NA,NA,NA,NA,NA,NA,NA,NA,NA,NA,NA,NA,NA,High,High,High,High,Medium,NA,NA,NA,NA,NA,NA,NA,NA,NA,NA,NA,NA,NA,NA,NA,NA,NA,NA,NA,NA,NA,NA,NA,NA,NA,NA,NA,NA,NA,NA,NA,NA,NA,NA,NA,NA,NA,NA,NA,NA,NA,NA,NA,NA,NA,NA,NA,NA,NA,NA,NA,NA,NA,NA,NA
NA,NA,NA,NA,NA,NA,NA,NA,NA,NA,NA,NA,NA,NA,NA,NA,159,2025-10-04,13:35:18,1,4,"KIm , A",NA,Left,GEO_PAT,"Clyne , Owen",1000230336,Left,GEO_PAT,Undefined,5,Bottom,0,1,2,Slider,Curveball,FoulBallNotFieldable,Undefined,Undefined,Undefined,0,0,NA,78.60193,0.715214,2.579714,2478.851003,303.568235,04:00:00,5.39782,-2.89217,5.46362,-52.61519,-6.80512,12.24493,1.68339,0.54451,72.83371,-8.812292,4.75857,0.487138,62.91576,44.46035,-81.893097,4591.453301,5.50582,54.30762,-109.86194,183.09768,78.39814,-91.043397,3.675656,-5.53622,-3.31272,2.65599,50,5.42422,-5.6084,-114.15437,-0.36011,-7.32646,20.44352,-36.55802,GEO_PAT,GEO_PAT,SpuhlerFieldMain,TeamExclusive,Team,20251004-SpuhlerFieldMain-Private-1,7f6d4470-a148-11f0-b694-b1da4b1d52f5,77.37534,55.59062,NA,5.76823,NA,NA,NA,2.33522,1.82485,-0.46835,399095c0-9636-49a8-8bc9-7cafea40f967,2025-10-04,17:35:18,2025-10-04T17:35:18Z,2025-10-04T17:35:18Z,Popup,v3,471300,471300,NA,"Ary, a",006,Right,GEO_PAT,6c744b45-3505-4919-87a9-61169aef3d12,55.04244,-115.05386,10.22176,5.40467,1.2484,-18.27901,2.89566,-5.28604,-3.66323,NA,2.33494,9.29643,-5.67549,1.35491,-0.36857,0.13688,-0.04213,0.00721,-5e-4,1.82534,64.61914,-22.0361,1.99835,-0.27744,-0.02034,0.01822,-0.00278,1.1e-4,-0.46824,-65.20339,9.04133,-2.31296,0.4822,-0.13288,0.04336,-0.00868,6.8e-4,NA,NA,NA,NA,NA,NA,NA,NA,NA,NA,NA,NA,NA,NA,NA,NA,NA,NA,NA,NA,NA,NA,High,High,High,Medium,Low,NA,NA,NA,NA,NA,NA,NA,NA,NA,NA,NA,NA,NA,NA,NA,NA,NA,NA,NA,NA,NA,NA,NA,NA,NA,NA,NA,NA,NA,NA,NA,NA,NA,NA,NA,NA,NA,NA,NA,NA,NA,NA,NA,NA,NA,NA,NA,NA,NA,NA,NA,NA,NA,NA,NA
NA,NA,NA,NA,NA,NA,NA,NA,NA,NA,NA,NA,NA,NA,NA,NA,160,2025-10-04,13:35:44,1,5,"KIm , A",NA,Left,GEO_PAT,"Clyne , Owen",1000230336,Left,GEO_PAT,Undefined,5,Bottom,0,1,2,Fastball,Four-Seam,FoulBallNotFieldable,Undefined,Undefined,Undefined,0,0,NA,89.41993,-1.035251,1.911002,2227.843429,175.022023,11:45:00,5.68384,-2.60527,6.29373,-18.2169,16.03237,-1.30681,3.21112,-0.95248,82.12455,-4.497113,1.67488,0.421209,72.33783,60.898536,-126.473996,5318.985173,NA,NA,NA,NA,24.91413,NA,NA,1.19158,8.9443,2.46522,50,5.59867,-4.28579,-129.98345,-2.86667,2.04721,26.16677,-16.80687,GEO_PAT,GEO_PAT,SpuhlerFieldMain,TeamExclusive,Team,20251004-SpuhlerFieldMain-Private-1,8ea1c8d0-a148-11f0-b694-b1da4b1d52f5,89.48641,44.66318,NA,7.29538,NA,NA,NA,1.5887,3.33297,0.93526,399095c0-9636-49a8-8bc9-7cafea40f967,2025-10-04,17:35:44,2025-10-04T17:35:44Z,2025-10-04T17:35:44Z,NA,v3,471300,471300,NA,"Ary, a",006,Right,GEO_PAT,ec2433dc-77d6-49de-b539-892e28d1428c,54.2089,-130.82799,13.08339,5.68244,-2.32423,-8.40344,2.60461,-4.35187,1.02361,26.055467,1.5887,-30.6744,-6.65158,2.55643,1.83674,-13.01071,34.40099,-43.66543,21.55437,3.33297,92.70177,-27.98994,3.36069,-0.0402,-2.9793,7.87791,-9.8226,4.77613,0.93526,-41.49313,6.65111,-1.15784,-0.14772,1.61239,-4.16673,5.18029,-2.51544,NA,NA,NA,NA,NA,NA,NA,NA,NA,NA,NA,NA,NA,NA,NA,NA,NA,NA,NA,NA,NA,NA,High,High,High,High,Undefined,NA,NA,NA,NA,NA,NA,NA,NA,NA,NA,NA,NA,NA,NA,NA,NA,NA,NA,NA,NA,NA,NA,NA,NA,NA,NA,NA,NA,NA,NA,NA,NA,NA,NA,NA,NA,NA,NA,NA,NA,NA,NA,NA,NA,NA,NA,NA,NA,NA,NA,NA,NA,NA,NA,NA
NA,NA,NA,NA,NA,NA,NA,NA,NA,NA,NA,NA,NA,NA,NA,NA,161,2025-10-04,13:36:09,1,6,"KIm , A",NA,Left,GEO_PAT,"Clyne , Owen",1000230336,Left,GEO_PAT,Undefined,5,Bottom,0,1,2,Fastball,Four-Seam,BallCalled,Undefined,Undefined,Undefined,0,0,NA,88.3002,-1.611857,3.754643,2260.320367,175.766877,11:45:00,5.66043,-2.37455,6.36224,-16.59977,18.67261,-1.30028,2.7901,0.97754,80.84948,-4.79066,3.520145,0.427453,NA,NA,NA,NA,NA,NA,NA,NA,NA,NA,NA,1.7048,10.50119,2.10293,50,5.53538,-8.35308,-128.06792,-4.0364,2.83535,26.09691,-14.70881,GEO_PAT,GEO_PAT,SpuhlerFieldMain,TeamExclusive,Team,20251004-SpuhlerFieldMain-Private-1,9dd1e060-a148-11f0-b694-b1da4b1d52f5,88.17906,NA,NA,7.45072,NA,NA,NA,NA,NA,NA,399095c0-9636-49a8-8bc9-7cafea40f967,2025-10-04,17:36:09,2025-10-04T17:36:09Z,2025-10-04T17:36:09Z,NA,v3,471300,471300,NA,"Ary, a",006,Right,GEO_PAT,ea940bc2-95a8-486f-adc2-263de62e2adc,54.13839,-128.90846,13.04846,5.65775,-3.56265,-7.3544,2.37344,-8.44441,1.41768,NA,NA,NA,NA,NA,NA,NA,NA,NA,NA,NA,NA,NA,NA,NA,NA,NA,NA,NA,NA,NA,NA,NA,NA,NA,NA,NA,NA,NA,NA,NA,NA,NA,NA,NA,NA,NA,NA,NA,NA,NA,NA,NA,NA,NA,NA,NA,NA,NA,NA,High,High,High,NA,NA,NA,NA,NA,NA,NA,NA,NA,NA,NA,NA,NA,NA,NA,NA,NA,NA,NA,NA,NA,NA,NA,NA,NA,NA,NA,NA,NA,NA,NA,NA,NA,NA,NA,NA,NA,NA,NA,NA,NA,NA,NA,NA,NA,NA,NA,NA,NA,NA,NA,NA,NA,NA,NA,NA,NA
NA,NA,NA,NA,NA,NA,NA,NA,NA,NA,NA,NA,NA,NA,NA,NA,162,2025-10-04,13:36:32,1,7,"KIm , A",NA,Left,GEO_PAT,"Clyne , Owen",1000230336,Left,GEO_PAT,Undefined,5,Bottom,0,2,2,Slider,Slider,FoulBallNotFieldable,Undefined,Undefined,Undefined,0,0,NA,79.13586,2.362811,1.661714,2495.231945,298.361722,04:00:00,5.38887,-3.02094,5.38226,-50.40022,-5.49244,12.35304,3.40602,-0.43334,73.59426,-6.770922,3.855554,0.482316,85.67692,41.103601,-42.612028,4363.586538,73.50646,86.90823,-81.83359,275.65214,137.89042,-54.649365,5.289667,-5.86185,-3.03268,2.86297,50,5.56415,-3.81359,-115.0065,3.00401,-7.95824,18.59719,-36.29131,GEO_PAT,GEO_PAT,SpuhlerFieldMain,TeamExclusive,Team,20251004-SpuhlerFieldMain-Private-1,ab8f0700-a148-11f0-b694-b1da4b1d52f5,78.14878,100.29364,NA,5.5416,NA,NA,NA,1.03713,3.65526,0.23109,399095c0-9636-49a8-8bc9-7cafea40f967,2025-10-04,17:36:32,2025-10-04T17:36:32Z,2025-10-04T17:36:32Z,FlyBall,v3,471300,471300,NA,"Ary, a",006,Right,GEO_PAT,a7e8198a-da20-4b61-8e8f-8f9a649feffd,55.12438,-115.83218,9.29859,5.39501,4.61527,-18.14566,3.02444,-3.46026,-3.97912,153.416647,1.04375,69.54563,-20.90879,5.29852,-0.67753,-0.07072,0.04284,-0.00611,3e-4,3.65033,82.69842,-20.08268,1.25886,-0.12327,-0.01551,0.01463,-0.00292,1.8e-4,0.22901,-64.06322,8.69283,-1.39113,-3e-5,0.08083,-0.0228,0.00275,-1.3e-4,NA,NA,NA,NA,NA,NA,NA,NA,NA,NA,NA,NA,NA,NA,NA,NA,NA,NA,NA,NA,NA,NA,High,High,High,High,Low,NA,NA,NA,NA,NA,NA,NA,NA,NA,NA,NA,NA,NA,NA,NA,NA,NA,NA,NA,NA,NA,NA,NA,NA,NA,NA,NA,NA,NA,NA,NA,NA,NA,NA,NA,NA,NA,NA,NA,NA,NA,NA,NA,NA,NA,NA,NA,NA,NA,NA,NA,NA,NA,NA,NA
NA,NA,NA,NA,NA,NA,NA,NA,NA,NA,NA,NA,NA,NA,NA,NA,163,2025-10-04,13:37:04,1,8,"KIm , A",NA,Left,GEO_PAT,"Clyne , Owen",1000230336,Left,GEO_PAT,Undefined,5,Bottom,0,2,2,Fastball,Four-Seam,StrikeSwinging,Strikeout,Undefined,Undefined,0,0,NA,88.55478,-1.474616,3.277129,2234.189797,176.272568,12:00:00,5.64237,-2.4499,6.5183,-17.99572,16.93777,-1.0302,2.7871,0.47464,80.85468,-4.921096,3.090586,0.425395,NA,NA,NA,NA,NA,NA,NA,NA,NA,NA,NA,1.47224,9.63445,2.22176,50,5.53134,-7.31815,-128.50526,-3.77763,2.4561,27.21117,-16.10124,GEO_PAT,GEO_PAT,SpuhlerFieldMain,TeamExclusive,Team,20251004-SpuhlerFieldMain-Private-1,be4a1a10-a148-11f0-b694-b1da4b1d52f5,88.60577,NA,NA,7.70011,NA,NA,NA,NA,NA,NA,399095c0-9636-49a8-8bc9-7cafea40f967,2025-10-04,17:37:04,2025-10-04T17:37:04Z,2025-10-04T17:37:04Z,NA,v3,471300,471300,NA,"Ary, a",006,Right,GEO_PAT,ca8dc232-8293-4218-888c-f85d33e2e681,53.98215,-129.34574,13.60559,5.64033,-3.28031,-8.05062,2.44896,-7.39401,1.22805,NA,NA,NA,NA,NA,NA,NA,NA,NA,NA,NA,NA,NA,NA,NA,NA,NA,NA,NA,NA,NA,NA,NA,NA,NA,NA,NA,NA,69.46149,2.734756,1.722061,1.012695,-0.84102,2.58898,-0.59638,-2.33434,6.59455,0.82554,69.74553,11.64907,55.04138,-2.19452,79.28327,-8.09124,6.63531,18.13708,-13.00393,0.90056,58.31339,-4.7632,High,High,High,NA,NA,High,High,High,NA,NA,NA,NA,NA,NA,NA,NA,NA,NA,NA,NA,NA,NA,NA,NA,NA,NA,NA,NA,NA,NA,NA,NA,NA,NA,NA,NA,NA,NA,NA,NA,NA,NA,NA,NA,NA,NA,NA,NA,NA,NA,NA,NA,NA,NA,NA,NA,NA,NA,NA,NA
NA,NA,NA,NA,NA,NA,NA,NA,NA,NA,NA,NA,NA,NA,NA,NA,164,2025-10-04,13:37:41,2,1,"KIm , A",NA,Left,GEO_PAT,"Alberti, Lucas",1000145512,Right,GEO_PAT,Undefined,5,Bottom,1,0,0,Slider,Slider,StrikeCalled,Undefined,Undefined,Undefined,0,0,NA,79.3086,1.399475,2.752818,2495.555315,289.383359,03:45:00,5.4345,-2.98467,5.46659,-47.542230000000004,-2.67406,11.16682,2.78428,0.52441,73.46428,-7.23844,4.736728,0.482104,NA,NA,NA,NA,NA,NA,NA,NA,NA,NA,NA,-4.93079,-1.32213,2.73431,50,5.52509,-5.97297,-115.14609,1.18919,-6.66922,19.89037,-33.96232,GEO_PAT,GEO_PAT,SpuhlerFieldMain,TeamExclusive,Team,20251004-SpuhlerFieldMain-Private-1,d4238420-a148-11f0-b694-b1da4b1d52f5,78.18322,NA,NA,5.84431,NA,NA,NA,NA,NA,NA,399095c0-9636-49a8-8bc9-7cafea40f967,2025-10-04,17:37:41,2025-10-04T17:37:41Z,2025-10-04T17:37:41Z,NA,v3,471300,471300,NA,"Ary, a",006,Right,GEO_PAT,dae21e28-dfe6-4d56-a228-882beb9072df,55.03798,-116.01308,9.94519,5.44099,2.66957,-16.98116,2.98833,-5.68226,-3.33461,NA,NA,NA,NA,NA,NA,NA,NA,NA,NA,NA,NA,NA,NA,NA,NA,NA,NA,NA,NA,NA,NA,NA,NA,NA,NA,NA,NA,NA,NA,NA,NA,NA,NA,NA,NA,NA,NA,NA,NA,NA,NA,NA,NA,NA,NA,NA,NA,NA,NA,High,High,High,NA,NA,NA,NA,NA,NA,NA,NA,NA,NA,NA,NA,NA,NA,NA,NA,NA,NA,NA,NA,NA,NA,NA,NA,NA,NA,NA,NA,NA,NA,NA,NA,NA,NA,NA,NA,NA,NA,NA,NA,NA,NA,NA,NA,NA,NA,NA,NA,NA,NA,NA,NA,NA,NA,NA,NA,NA
NA,NA,NA,NA,NA,NA,NA,NA,NA,NA,NA,NA,NA,NA,NA,NA,165,2025-10-04,13:38:00,2,2,"KIm , A",NA,Left,GEO_PAT,"Alberti, Lucas",1000145512,Right,GEO_PAT,Undefined,5,Bottom,1,0,1,Slider,Curveball,BallCalled,Undefined,Undefined,Undefined,0,0,NA,77.70951,1.572673,-0.109031,2581.652546,301.776065,04:00:00,5.36582,-3.01628,5.39213,-54.33109,-7.48886,14.27268,2.31261,-1.92908,71.89272,-8.280255,2.432828,0.492595,NA,NA,NA,NA,NA,NA,NA,NA,NA,NA,NA,-7.19666,-3.74571,3.01569,50,5.46783,-0.34207,-112.94672,1.22853,-9.34389,19.58882,-37.03734,GEO_PAT,GEO_PAT,SpuhlerFieldMain,TeamExclusive,Team,20251004-SpuhlerFieldMain-Private-1,df5e6cb0-a148-11f0-b694-b1da4b1d52f5,76.51809,NA,NA,5.8168,NA,NA,NA,NA,NA,NA,399095c0-9636-49a8-8bc9-7cafea40f967,2025-10-04,17:38:00,2025-10-04T17:38:00Z,2025-10-04T17:38:00Z,NA,v3,471300,471300,NA,"Ary, a",006,Right,GEO_PAT,fa2042a6-50f4-464e-9ce5-9e8a40d6addc,55.11371,-113.83015,9.79441,5.37476,2.89888,-18.51867,3.02161,0.07933,-4.67195,NA,NA,NA,NA,NA,NA,NA,NA,NA,NA,NA,NA,NA,NA,NA,NA,NA,NA,NA,NA,NA,NA,NA,NA,NA,NA,NA,NA,NA,NA,NA,NA,NA,NA,NA,NA,NA,NA,NA,NA,NA,NA,NA,NA,NA,NA,NA,NA,NA,NA,High,High,High,NA,NA,NA,NA,NA,NA,NA,NA,NA,NA,NA,NA,NA,NA,NA,NA,NA,NA,NA,NA,NA,NA,NA,NA,NA,NA,NA,NA,NA,NA,NA,NA,NA,NA,NA,NA,NA,NA,NA,NA,NA,NA,NA,NA,NA,NA,NA,NA,NA,NA,NA,NA,NA,NA,NA,NA,NA
NA,NA,NA,NA,NA,NA,NA,NA,NA,NA,NA,NA,NA,NA,NA,NA,166,2025-10-04,13:38:22,2,3,"KIm , A",NA,Left,GEO_PAT,"Alberti, Lucas",1000145512,Right,GEO_PAT,Undefined,5,Bottom,1,1,1,Fastball,Four-Seam,BallCalled,Undefined,Undefined,Undefined,0,0,NA,87.38272,0.04786,1.81576,2243.427625,162.894449,11:30:00,5.63984,-2.58675,6.37099,-18.52182,17.50312,-5.02819,4.14042,-1.33439,79.53784,-3.507521,0.905926,0.431989,NA,NA,NA,NA,NA,NA,NA,NA,NA,NA,NA,3.1215,9.43717,2.45763,50,5.63437,-3.82359,-126.92964,-0.37541,5.07583,26.7723,-16.82831,GEO_PAT,GEO_PAT,SpuhlerFieldMain,TeamExclusive,Team,20251004-SpuhlerFieldMain-Private-1,ec6cdcc0-a148-11f0-b694-b1da4b1d52f5,87.25316,NA,NA,7.84488,NA,NA,NA,NA,NA,NA,399095c0-9636-49a8-8bc9-7cafea40f967,2025-10-04,17:38:22,2025-10-04T17:38:22Z,2025-10-04T17:38:22Z,NA,v3,471300,471300,NA,"Ary, a",006,Right,GEO_PAT,59330080-4a4a-4ba5-b3e8-9c124856b02a,54.12836,-127.79744,13.38615,5.63769,0.17006,-8.41416,2.58423,-3.98812,2.53791,NA,NA,NA,NA,NA,NA,NA,NA,NA,NA,NA,NA,NA,NA,NA,NA,NA,NA,NA,NA,NA,NA,NA,NA,NA,NA,NA,NA,NA,NA,NA,NA,NA,NA,NA,NA,NA,NA,NA,NA,NA,NA,NA,NA,NA,NA,NA,NA,NA,NA,High,High,High,NA,NA,NA,NA,NA,NA,NA,NA,NA,NA,NA,NA,NA,NA,NA,NA,NA,NA,NA,NA,NA,NA,NA,NA,NA,NA,NA,NA,NA,NA,NA,NA,NA,NA,NA,NA,NA,NA,NA,NA,NA,NA,NA,NA,NA,NA,NA,NA,NA,NA,NA,NA,NA,NA,NA,NA,NA
NA,NA,NA,NA,NA,NA,NA,NA,NA,NA,NA,NA,NA,NA,NA,NA,167,2025-10-04,13:38:43,2,4,"KIm , A",NA,Left,GEO_PAT,"Alberti, Lucas",1000145512,Right,GEO_PAT,Undefined,5,Bottom,1,2,1,Slider,Curveball,BallCalled,Undefined,Undefined,Undefined,0,0,NA,79.6339,-0.451587,0.99036,2442.821024,294.985053,03:45:00,5.44631,-2.98933,5.61084,-46.67424,-2.40055,7.92713,1.13519,-1.4042,73.78771,-8.944592,2.408656,0.478899,NA,NA,NA,NA,NA,NA,NA,NA,NA,NA,NA,-3.75839,-0.68933,2.89944,50,5.37743,-2.30751,-115.74657,-2.4871,-5.12126,20.70918,-33.11336,GEO_PAT,GEO_PAT,SpuhlerFieldMain,TeamExclusive,Team,20251004-SpuhlerFieldMain-Private-1,f9105600-a148-11f0-b694-b1da4b1d52f5,78.70639,NA,NA,5.84619,NA,NA,NA,NA,NA,NA,399095c0-9636-49a8-8bc9-7cafea40f967,2025-10-04,17:38:43,2025-10-04T17:38:43Z,2025-10-04T17:38:43Z,NA,v3,471300,471300,NA,"Ary, a",006,Right,GEO_PAT,e1a30eb2-dfbc-402c-9780-4e3bf33c7992,54.89302,-116.61873,10.35459,5.45281,-1.09253,-16.55668,2.99208,-2.09182,-2.56063,NA,NA,NA,NA,NA,NA,NA,NA,NA,NA,NA,NA,NA,NA,NA,NA,NA,NA,NA,NA,NA,NA,NA,NA,NA,NA,NA,NA,NA,NA,NA,NA,NA,NA,NA,NA,NA,NA,NA,NA,NA,NA,NA,NA,NA,NA,NA,NA,NA,NA,High,High,High,NA,NA,NA,NA,NA,NA,NA,NA,NA,NA,NA,NA,NA,NA,NA,NA,NA,NA,NA,NA,NA,NA,NA,NA,NA,NA,NA,NA,NA,NA,NA,NA,NA,NA,NA,NA,NA,NA,NA,NA,NA,NA,NA,NA,NA,NA,NA,NA,NA,NA,NA,NA,NA,NA,NA,NA,NA
NA,NA,NA,NA,NA,NA,NA,NA,NA,NA,NA,NA,NA,NA,NA,NA,168,2025-10-04,13:39:04,2,5,"KIm , A",NA,Left,GEO_PAT,"Alberti, Lucas",1000145512,Right,GEO_PAT,Undefined,5,Bottom,1,3,1,Fastball,Four-Seam,BallCalled,Walk,Undefined,Undefined,0,0,NA,89.1382,-0.734438,2.420351,2261.831001,166.80949,11:30:00,5.64616,-2.58362,6.35316,-18.5404,16.10698,-3.51331,3.42445,-0.64718,81.26421,-4.276887,1.785193,0.423649,NA,NA,NA,NA,NA,NA,NA,NA,NA,NA,NA,2.51177,8.92638,2.40944,50,5.5839,-5.32942,-129.43578,-2.16778,4.25012,27.67067,-17.06988,GEO_PAT,GEO_PAT,SpuhlerFieldMain,TeamExclusive,Team,20251004-SpuhlerFieldMain-Private-1,060104e0-a149-11f0-b694-b1da4b1d52f5,88.97085,NA,NA,7.87399,NA,NA,NA,NA,NA,NA,399095c0-9636-49a8-8bc9-7cafea40f967,2025-10-04,17:39:04,2025-10-04T17:39:04Z,2025-10-04T17:39:04Z,NA,v3,471300,471300,NA,"Ary, a",006,Right,GEO_PAT,424c7fb0-e666-49a6-a1e4-2b9786cb3b9e,54.14689,-130.31928,13.83534,5.64441,-1.62276,-8.53494,2.58177,-5.46512,2.12506,NA,NA,NA,NA,NA,NA,NA,NA,NA,NA,NA,NA,NA,NA,NA,NA,NA,NA,NA,NA,NA,NA,NA,NA,NA,NA,NA,NA,NA,NA,NA,NA,NA,NA,NA,NA,NA,NA,NA,NA,NA,NA,NA,NA,NA,NA,NA,NA,NA,NA,High,High,High,NA,NA,NA,NA,NA,NA,NA,NA,NA,NA,NA,NA,NA,NA,NA,NA,NA,NA,NA,NA,NA,NA,NA,NA,NA,NA,NA,NA,NA,NA,NA,NA,NA,NA,NA,NA,NA,NA,NA,NA,NA,NA,NA,NA,NA,NA,NA,NA,NA,NA,NA,NA,NA,NA,NA,NA,NA
NA,NA,NA,NA,NA,NA,NA,NA,NA,NA,NA,NA,NA,NA,NA,NA,169,2025-10-04,13:39:43,3,1,"KIm , A",NA,Left,GEO_PAT,"Terilli, Lucas",1000469290,Left,GEO_PAT,Undefined,5,Bottom,1,0,0,Fastball,Four-Seam,StrikeCalled,Undefined,Undefined,Undefined,0,0,NA,87.54788,-0.696598,2.345805,2186.164604,177.373847,12:00:00,5.63479,-2.57934,6.24125,-21.61548,14.42143,-0.60882,3.19036,-0.465,79.96171,-4.787842,2.235967,0.432061,NA,NA,NA,NA,NA,NA,NA,NA,NA,NA,NA,0.97673,8.02209,2.40476,50,5.57205,-5.18306,-127.12073,-2.17257,1.59585,26.42393,-19.06695,GEO_PAT,GEO_PAT,SpuhlerFieldMain,TeamExclusive,Team,20251004-SpuhlerFieldMain-Private-1,1d724d00-a149-11f0-b694-b1da4b1d52f5,87.23869,NA,NA,7.58617,NA,NA,NA,NA,NA,NA,399095c0-9636-49a8-8bc9-7cafea40f967,2025-10-04,17:39:43,2025-10-04T17:39:43Z,2025-10-04T17:39:43Z,NA,v3,471300,471300,NA,"Ary, a",006,Right,GEO_PAT,8db8235c-f225-44fd-b017-814cade5f278,54.25877,-128.00292,13.21196,5.63396,-1.536,-9.53347,2.57869,-5.23634,0.79793,NA,NA,NA,NA,NA,NA,NA,NA,NA,NA,NA,NA,NA,NA,NA,NA,NA,NA,NA,NA,NA,NA,NA,NA,NA,NA,NA,NA,NA,NA,NA,NA,NA,NA,NA,NA,NA,NA,NA,NA,NA,NA,NA,NA,NA,NA,NA,NA,NA,NA,High,High,High,NA,NA,NA,NA,NA,NA,NA,NA,NA,NA,NA,NA,NA,NA,NA,NA,NA,NA,NA,NA,NA,NA,NA,NA,NA,NA,NA,NA,NA,NA,NA,NA,NA,NA,NA,NA,NA,NA,NA,NA,NA,NA,NA,NA,NA,NA,NA,NA,NA,NA,NA,NA,NA,NA,NA,NA,NA
NA,NA,NA,NA,NA,NA,NA,NA,NA,NA,NA,NA,NA,NA,NA,NA,170,2025-10-04,13:40:59,3,2,"KIm , A",NA,Left,GEO_PAT,"Terilli, Lucas",1000469290,Left,GEO_PAT,Undefined,5,Bottom,1,0,1,Slider,Slider,BallCalled,Undefined,Undefined,Undefined,0,0,NA,80.85865,1.514818,0.969032,2583.993408,282.761599,03:30:00,5.45225,-3.04681,5.45496,-44.08077,-0.51776,8.40473,3.1975,-1.43917,73.9163,-6.550266,2.465448,0.47504,NA,NA,NA,NA,NA,NA,NA,NA,NA,NA,NA,-3.93366,-0.24193,2.95546,50,5.55582,-2.32931,-117.34026,1.5641,-5.46713,22.85731,-32.51027,GEO_PAT,GEO_PAT,SpuhlerFieldMain,TeamExclusive,Team,20251004-SpuhlerFieldMain-Private-1,4a9f3e00-a149-11f0-b694-b1da4b1d52f5,79.34578,NA,NA,6.94235,NA,NA,NA,NA,NA,NA,399095c0-9636-49a8-8bc9-7cafea40f967,2025-10-04,17:40:59,2025-10-04T17:40:59Z,2025-10-04T17:40:59Z,NA,v3,471300,471300,NA,"Ary, a",006,Right,GEO_PAT,45cc008b-9832-44ea-b9c1-422206759989,55.04667,-118.31924,11.42866,5.45901,2.95653,-16.25514,3.05021,-2.09515,-2.73356,NA,NA,NA,NA,NA,NA,NA,NA,NA,NA,NA,NA,NA,NA,NA,NA,NA,NA,NA,NA,NA,NA,NA,NA,NA,NA,NA,NA,NA,NA,NA,NA,NA,NA,NA,NA,NA,NA,NA,NA,NA,NA,NA,NA,NA,NA,NA,NA,NA,NA,High,High,High,NA,NA,NA,NA,NA,NA,NA,NA,NA,NA,NA,NA,NA,NA,NA,NA,NA,NA,NA,NA,NA,NA,NA,NA,NA,NA,NA,NA,NA,NA,NA,NA,NA,NA,NA,NA,NA,NA,NA,NA,NA,NA,NA,NA,NA,NA,NA,NA,NA,NA,NA,NA,NA,NA,NA,NA,NA
NA,NA,NA,NA,NA,NA,NA,NA,NA,NA,NA,NA,NA,NA,NA,NA,171,2025-10-04,13:41:20,3,3,"KIm , A",NA,Left,GEO_PAT,"Terilli, Lucas",1000469290,Left,GEO_PAT,Undefined,5,Bottom,1,1,1,Slider,Slider,BallCalled,Undefined,Undefined,Undefined,0,0,NA,79.76414,0.112111,2.564877,2486.384783,293.094387,03:45:00,5.33265,-3.09815,5.5659,-47.032470000000004,-2.76591,9.48158,1.51812,0.08976,73.89691,-8.435183,4.255405,0.478861,NA,NA,NA,NA,NA,NA,NA,NA,NA,NA,NA,-4.1317,-1.04614,2.87029,50,5.31118,-5.55626,-115.84325,-1.36829,-5.64001,20.71858,-33.6021,GEO_PAT,GEO_PAT,SpuhlerFieldMain,TeamExclusive,Team,20251004-SpuhlerFieldMain-Private-1,574d1780-a149-11f0-b694-b1da4b1d52f5,78.71272,NA,NA,5.86724,NA,NA,NA,NA,NA,NA,399095c0-9636-49a8-8bc9-7cafea40f967,2025-10-04,17:41:20,2025-10-04T17:41:20Z,2025-10-04T17:41:20Z,NA,v3,471300,471300,NA,"Ary, a",006,Right,GEO_PAT,6cf35b9d-7c52-47c5-a26a-2907d079a57f,54.9384,-116.72314,10.35929,5.33899,0.05875,-16.80105,3.10116,-5.31673,-2.82,NA,NA,NA,NA,NA,NA,NA,NA,NA,NA,NA,NA,NA,NA,NA,NA,NA,NA,NA,NA,NA,NA,NA,NA,NA,NA,NA,NA,NA,NA,NA,NA,NA,NA,NA,NA,NA,NA,NA,NA,NA,NA,NA,NA,NA,NA,NA,NA,NA,NA,High,High,High,NA,NA,NA,NA,NA,NA,NA,NA,NA,NA,NA,NA,NA,NA,NA,NA,NA,NA,NA,NA,NA,NA,NA,NA,NA,NA,NA,NA,NA,NA,NA,NA,NA,NA,NA,NA,NA,NA,NA,NA,NA,NA,NA,NA,NA,NA,NA,NA,NA,NA,NA,NA,NA,NA,NA,NA,NA
NA,NA,NA,NA,NA,NA,NA,NA,NA,NA,NA,NA,NA,NA,NA,NA,172,2025-10-04,13:41:43,3,4,"KIm , A",NA,Left,GEO_PAT,"Terilli, Lucas",1000469290,Left,GEO_PAT,Undefined,5,Bottom,1,2,1,Slider,Curveball,FoulBallNotFieldable,Undefined,Undefined,Undefined,0,0,NA,78.61359,1.572364,1.837746,2557.348336,300.870809,04:00:00,5.34388,-3.02337,5.52105,-50.68255,-5.00083,10.59945,2.59163,-0.42118,72.56751,-7.651891,3.726218,0.486455,69.13504,9.841068,-154.100374,3111.286738,NA,NA,NA,110.58928,53.7921,-153.637729,1.256719,-4.87626,-2.56429,2.85595,50,5.44661,-4.0714,-114.1803,1.42184,-6.45858,20.37477,-35.57044,GEO_PAT,GEO_PAT,SpuhlerFieldMain,TeamExclusive,Team,20251004-SpuhlerFieldMain-Private-1,644d56c0-a149-11f0-b694-b1da4b1d52f5,77.48392,7.00931,NA,6.04608,NA,NA,NA,0.02048,2.28144,0.31416,399095c0-9636-49a8-8bc9-7cafea40f967,2025-10-04,17:41:43,2025-10-04T17:41:43Z,2025-10-04T17:41:43Z,GroundBall,v3,471300,471300,NA,"Ary, a",006,Right,GEO_PAT,04ba33a2-4cdc-4929-9bd3-a7814c3643cd,54.98383,-115.0662,10.18738,5.35117,2.96844,-17.78522,3.02687,-3.79058,-3.22929,207.052522,0.02048,-89.8714,9.79158,-1.04728,0.21598,-0.03363,0.00471,-7.8e-4,8e-5,2.28144,17.3305,-16.44621,1.10404,-0.15041,0.03673,-0.00524,5.2e-4,-5e-5,0.31416,-43.63849,3.97267,-0.53506,0.10222,-0.01744,0.00243,-3.7e-4,4e-5,NA,NA,NA,NA,NA,NA,NA,NA,NA,NA,NA,NA,NA,NA,NA,NA,NA,NA,NA,NA,NA,NA,High,High,High,High,Medium,NA,NA,NA,NA,NA,NA,NA,NA,NA,NA,NA,NA,NA,NA,NA,NA,NA,NA,NA,NA,NA,NA,NA,NA,NA,NA,NA,NA,NA,NA,NA,NA,NA,NA,NA,NA,NA,NA,NA,NA,NA,NA,NA,NA,NA,NA,NA,NA,NA,NA,NA,NA,NA,NA,NA
NA,NA,NA,NA,NA,NA,NA,NA,NA,NA,NA,NA,NA,NA,NA,NA,173,2025-10-04,13:42:08,3,5,"KIm , A",NA,Left,GEO_PAT,"Terilli, Lucas",1000469290,Left,GEO_PAT,Undefined,5,Bottom,1,2,2,Fastball,Four-Seam,InPlay,Undefined,FlyBall,Sacrifice,1,1,NA,88.61953,-1.836415,2.222965,2236.514716,165.454416,11:30:00,5.56397,-2.54069,6.64649,-17.23473,17.47119,-4.23803,2.44491,-0.85802,80.80933,-5.15682,1.452173,0.424007,81.50084,38.532699,-3.637243,3988.925598,108.82257,74.34232,-16.05106,260.96041,241.12433,-15.345001,4.863923,2.89496,10.10233,2.39236,50,5.43276,-4.84002,-128.73005,-4.55866,4.83514,27.88708,-15.30112,GEO_PAT,GEO_PAT,SpuhlerFieldMain,TeamExclusive,Team,20251004-SpuhlerFieldMain-Private-1,7368add0-a149-11f0-b694-b1da4b1d52f5,88.89573,83.7558,NA,7.8102,NA,NA,NA,1.98821,2.53834,0.88726,399095c0-9636-49a8-8bc9-7cafea40f967,2025-10-04,17:42:08,2025-10-04T17:42:08Z,2025-10-04T17:42:08Z,FlyBall,v3,471300,471300,NA,"Ary, a",006,Right,GEO_PAT,4d46bff7-206d-421a-9557-d34db6b94cd5,53.85558,-129.5626,13.94354,5.56204,-4.10186,-7.65056,2.53901,-4.98437,2.41757,151.658889,1.99153,93.24645,-19.75312,4.30705,-0.58298,0.01535,0.00701,-5.6e-4,-1e-5,2.53861,74.45256,-19.16392,1.05379,0.10177,-0.1506,0.05235,-0.00799,4.5e-4,0.88833,-5.95646,-5.54141,1.70295,-0.32218,0.03666,-0.00291,3.4e-4,-3e-5,NA,NA,NA,NA,NA,NA,NA,NA,NA,NA,NA,NA,NA,NA,NA,NA,NA,NA,NA,NA,NA,NA,High,High,High,High,Medium,NA,NA,NA,NA,NA,NA,NA,NA,NA,NA,NA,NA,NA,NA,NA,NA,NA,NA,NA,NA,NA,NA,NA,NA,NA,NA,NA,NA,NA,NA,NA,NA,NA,NA,NA,NA,NA,NA,NA,NA,NA,NA,NA,NA,NA,NA,NA,NA,NA,NA,NA,NA,NA,NA,NA
NA,NA,NA,NA,NA,NA,NA,NA,NA,NA,NA,NA,NA,NA,NA,NA,174,2025-10-04,13:42:59,4,1,"KIm , A",NA,Left,GEO_PAT,"Butler, Jake",1000136500,Right,GEO_PAT,Undefined,5,Bottom,2,0,0,Slider,Slider,StrikeCalled,Undefined,Undefined,Undefined,0,0,NA,78.39989,1.197407,0.608661,2593.016795,290.240982,03:45:00,5.57048,-2.86703,5.29215,-50.3877,-3.75252,14.20139,2.4961,-1.11203,71.85605,-7.96099,3.131733,0.491505,NA,NA,NA,NA,NA,NA,NA,NA,NA,NA,NA,-6.89315,-1.72284,2.80103,50,5.64291,-1.78473,-113.79015,0.61287,-8.99925,21.71338,-34.42328,GEO_PAT,GEO_PAT,SpuhlerFieldMain,TeamExclusive,Team,20251004-SpuhlerFieldMain-Private-1,91a639c0-a149-11f0-b694-b1da4b1d52f5,76.68776,NA,NA,6.54383,NA,NA,NA,NA,NA,NA,399095c0-9636-49a8-8bc9-7cafea40f967,2025-10-04,17:42:59,2025-10-04T17:42:59Z,2025-10-04T17:42:59Z,NA,v3,471300,471300,NA,"Ary, a",006,Right,GEO_PAT,d9d23d3f-c556-4e3b-978d-e909b0d452e4,55.21073,-114.78016,10.85669,5.57919,2.18237,-17.21164,2.87305,-1.37442,-4.49963,NA,NA,NA,NA,NA,NA,NA,NA,NA,NA,NA,NA,NA,NA,NA,NA,NA,NA,NA,NA,NA,NA,NA,NA,NA,NA,NA,NA,NA,NA,NA,NA,NA,NA,NA,NA,NA,NA,NA,NA,NA,NA,NA,NA,NA,NA,NA,NA,NA,NA,High,High,High,NA,NA,NA,NA,NA,NA,NA,NA,NA,NA,NA,NA,NA,NA,NA,NA,NA,NA,NA,NA,NA,NA,NA,NA,NA,NA,NA,NA,NA,NA,NA,NA,NA,NA,NA,NA,NA,NA,NA,NA,NA,NA,NA,NA,NA,NA,NA,NA,NA,NA,NA,NA,NA,NA,NA,NA,NA
NA,NA,NA,NA,NA,NA,NA,NA,NA,NA,NA,NA,NA,NA,NA,NA,175,2025-10-04,13:43:18,4,2,"KIm , A",NA,Left,GEO_PAT,"Butler, Jake",1000136500,Right,GEO_PAT,Undefined,5,Bottom,2,0,1,Fastball,Four-Seam,BallCalled,Undefined,Undefined,Undefined,0,0,NA,90.06846,-3.277794,2.128483,2301.138701,186.9706,12:15:00,5.59567,-2.71037,6.41653,-16.01056,18.05938,2.06658,1.24255,-0.58037,82.0174,-6.349506,2.502663,0.420104,NA,NA,NA,NA,NA,NA,NA,NA,NA,NA,NA,-0.44358,10.75575,2.55737,50,5.35357,-4.9359,-130.59172,-7.89485,-0.7607,29.29548,-13.72953,GEO_PAT,GEO_PAT,SpuhlerFieldMain,TeamExclusive,Team,20251004-SpuhlerFieldMain-Private-1,9d6d0ea0-a149-11f0-b694-b1da4b1d52f5,89.72161,NA,NA,8.05106,NA,NA,NA,NA,NA,NA,399095c0-9636-49a8-8bc9-7cafea40f967,2025-10-04,17:43:18,2025-10-04T17:43:18Z,2025-10-04T17:43:18Z,NA,v3,471300,471300,NA,"Ary, a",006,Right,GEO_PAT,f0ccb971-b476-4bd2-9cfb-5883a14d02b2,54.08394,-131.50467,14.64774,5.59294,-7.46699,-6.86476,2.71082,-4.91219,-0.38035,NA,NA,NA,NA,NA,NA,NA,NA,NA,NA,NA,NA,NA,NA,NA,NA,NA,NA,NA,NA,NA,NA,NA,NA,NA,NA,NA,NA,NA,NA,NA,NA,NA,NA,NA,NA,NA,NA,NA,NA,NA,NA,NA,NA,NA,NA,NA,NA,NA,NA,High,High,High,NA,NA,NA,NA,NA,NA,NA,NA,NA,NA,NA,NA,NA,NA,NA,NA,NA,NA,NA,NA,NA,NA,NA,NA,NA,NA,NA,NA,NA,NA,NA,NA,NA,NA,NA,NA,NA,NA,NA,NA,NA,NA,NA,NA,NA,NA,NA,NA,NA,NA,NA,NA,NA,NA,NA,NA,NA
NA,NA,NA,NA,NA,NA,NA,NA,NA,NA,NA,NA,NA,NA,NA,NA,176,2025-10-04,13:43:44,4,3,"KIm , A",NA,Left,GEO_PAT,"Butler, Jake",1000136500,Right,GEO_PAT,Undefined,5,Bottom,2,1,1,Fastball,Four-Seam,BallCalled,Undefined,Undefined,Undefined,0,0,NA,89.0816,-0.543201,3.003619,2329.101032,187.165315,12:15:00,5.62382,-2.47581,6.33733,-17.2593,17.56643,2.0652,3.68469,0.46445,81.04769,-3.856204,3.376309,0.424738,NA,NA,NA,NA,NA,NA,NA,NA,NA,NA,NA,-0.19008,9.63213,2.25598,50,5.5758,-6.8659,-129.26178,-1.68051,-0.31997,28.22146,-15.95999,GEO_PAT,GEO_PAT,SpuhlerFieldMain,TeamExclusive,Team,20251004-SpuhlerFieldMain-Private-1,acefb300-a149-11f0-b694-b1da4b1d52f5,88.74272,NA,NA,8.03392,NA,NA,NA,NA,NA,NA,399095c0-9636-49a8-8bc9-7cafea40f967,2025-10-04,17:43:44,2025-10-04T17:43:44Z,2025-10-04T17:43:44Z,NA,v3,471300,471300,NA,"Ary, a",006,Right,GEO_PAT,716975be-fb5a-4e60-83b1-4058c47063e7,54.16237,-130.16737,14.11073,5.62151,-1.16837,-7.98,2.47613,-6.85563,-0.15998,NA,NA,NA,NA,NA,NA,NA,NA,NA,NA,NA,NA,NA,NA,NA,NA,NA,NA,NA,NA,NA,NA,NA,NA,NA,NA,NA,NA,NA,NA,NA,NA,NA,NA,NA,NA,NA,NA,NA,NA,NA,NA,NA,NA,NA,NA,NA,NA,NA,NA,High,High,High,NA,NA,NA,NA,NA,NA,NA,NA,NA,NA,NA,NA,NA,NA,NA,NA,NA,NA,NA,NA,NA,NA,NA,NA,NA,NA,NA,NA,NA,NA,NA,NA,NA,NA,NA,NA,NA,NA,NA,NA,NA,NA,NA,NA,NA,NA,NA,NA,NA,NA,NA,NA,NA,NA,NA,NA,NA
NA,NA,NA,NA,NA,NA,NA,NA,NA,NA,NA,NA,NA,NA,NA,NA,177,2025-10-04,13:44:09,4,4,"KIm , A",NA,Left,GEO_PAT,"Butler, Jake",1000136500,Right,GEO_PAT,Undefined,5,Bottom,2,2,1,Slider,Curveball,BallCalled,Undefined,Undefined,Undefined,0,0,NA,79.12879,-0.49755,1.302561,2584.743448,293.353116,03:45:00,5.52467,-2.96037,5.36359,-49.01184,-3.5004,11.33796,0.97363,-0.79385,73.05071,-9.372682,3.321492,0.485548,NA,NA,NA,NA,NA,NA,NA,NA,NA,NA,NA,-5.33544,-1.19378,2.83504,50,5.445,-3.0623,-114.90419,-2.70194,-7.12499,21.51809,-33.76826,GEO_PAT,GEO_PAT,SpuhlerFieldMain,TeamExclusive,Team,20251004-SpuhlerFieldMain-Private-1,bb939020-a149-11f0-b694-b1da4b1d52f5,77.62872,NA,NA,6.07808,NA,NA,NA,NA,NA,NA,399095c0-9636-49a8-8bc9-7cafea40f967,2025-10-04,17:44:09,2025-10-04T17:44:09Z,2025-10-04T17:44:09Z,NA,v3,471300,471300,NA,"Ary, a",006,Right,GEO_PAT,d693b1bf-5a95-479b-97be-8558c129ec42,55.14019,-115.8628,10.75904,5.53186,-1.19761,-16.88413,2.96439,-2.7449,-3.5625,NA,NA,NA,NA,NA,NA,NA,NA,NA,NA,NA,NA,NA,NA,NA,NA,NA,NA,NA,NA,NA,NA,NA,NA,NA,NA,NA,NA,NA,NA,NA,NA,NA,NA,NA,NA,NA,NA,NA,NA,NA,NA,NA,NA,NA,NA,NA,NA,NA,NA,High,High,High,NA,NA,NA,NA,NA,NA,NA,NA,NA,NA,NA,NA,NA,NA,NA,NA,NA,NA,NA,NA,NA,NA,NA,NA,NA,NA,NA,NA,NA,NA,NA,NA,NA,NA,NA,NA,NA,NA,NA,NA,NA,NA,NA,NA,NA,NA,NA,NA,NA,NA,NA,NA,NA,NA,NA,NA,NA
NA,NA,NA,NA,NA,NA,NA,NA,NA,NA,NA,NA,NA,NA,NA,NA,178,2025-10-04,13:44:31,4,5,"KIm , A",NA,Left,GEO_PAT,"Butler, Jake",1000136500,Right,GEO_PAT,Undefined,5,Bottom,2,3,1,Slider,Slider,BallCalled,Walk,Undefined,Undefined,0,0,NA,79.29095,0.793895,-0.01166,2526.437462,288.364882,03:30:00,5.39078,-3.22508,5.36325,-49.10526,-3.92004,15.89639,2.04321,-1.91132,73.11832,-8.123892,2.818057,0.483804,NA,NA,NA,NA,NA,NA,NA,NA,NA,NA,NA,-7.98359,-1.76327,3.21447,50,5.42701,-0.61156,-115.2079,-0.12021,-10.74625,21.10108,-34.54747,GEO_PAT,GEO_PAT,SpuhlerFieldMain,TeamExclusive,Team,20251004-SpuhlerFieldMain-Private-1,c8d237f0-a149-11f0-b694-b1da4b1d52f5,77.90845,NA,NA,6.17264,NA,NA,NA,NA,NA,NA,399095c0-9636-49a8-8bc9-7cafea40f967,2025-10-04,17:44:31,2025-10-04T17:44:31Z,2025-10-04T17:44:31Z,NA,v3,471300,471300,NA,"Ary, a",006,Right,GEO_PAT,7aeb2eb4-891b-4b27-a520-80c92e84f31c,55.14133,-116.14575,10.55054,5.39823,1.41527,-17.27374,3.23104,-0.13393,-5.37312,NA,NA,NA,NA,NA,NA,NA,NA,NA,NA,NA,NA,NA,NA,NA,NA,NA,NA,NA,NA,NA,NA,NA,NA,NA,NA,NA,NA,NA,NA,NA,NA,NA,NA,NA,NA,NA,NA,NA,NA,NA,NA,NA,NA,NA,NA,NA,NA,NA,NA,High,High,High,NA,NA,NA,NA,NA,NA,NA,NA,NA,NA,NA,NA,NA,NA,NA,NA,NA,NA,NA,NA,NA,NA,NA,NA,NA,NA,NA,NA,NA,NA,NA,NA,NA,NA,NA,NA,NA,NA,NA,NA,NA,NA,NA,NA,NA,NA,NA,NA,NA,NA,NA,NA,NA,NA,NA,NA,NA
NA,NA,NA,NA,NA,NA,NA,NA,NA,NA,NA,NA,NA,NA,NA,NA,179,2025-10-04,13:45:07,5,1,"KIm , A",NA,Left,GEO_PAT,"Westley, Matthew",824016,Right,GEO_PAT,Undefined,5,Bottom,2,0,0,Slider,Curveball,StrikeCalled,Undefined,Undefined,Undefined,0,0,NA,78.44182,1.487174,2.644411,2528.489437,302.442173,04:00:00,5.43173,-3.02113,5.53189,-54.21129,-8.12481,14.94643,2.30616,0.69821,72.34165,-8.356331,5.304679,0.488605,NA,NA,NA,NA,NA,NA,NA,NA,NA,NA,NA,-6.81453,-4.10827,2.78101,50,5.52479,-5.8352,-113.85399,1.11642,-8.93347,21.15057,-37.55976,GEO_PAT,GEO_PAT,SpuhlerFieldMain,TeamExclusive,Team,20251004-SpuhlerFieldMain-Private-1,de5da910-a149-11f0-b694-b1da4b1d52f5,77.14292,NA,NA,6.10016,NA,NA,NA,NA,NA,NA,399095c0-9636-49a8-8bc9-7cafea40f967,2025-10-04,17:45:07,2025-10-04T17:45:07Z,2025-10-04T17:45:07Z,NA,v3,471300,471300,NA,"Ary, a",006,Right,GEO_PAT,fc3e9f3d-9165-43c2-a355-fc8ab337f214,54.9736,-114.77421,10.57529,5.44067,2.75057,-18.77988,3.02643,-5.44652,-4.46674,NA,NA,NA,NA,NA,NA,NA,NA,NA,NA,NA,NA,NA,NA,NA,NA,NA,NA,NA,NA,NA,NA,NA,NA,NA,NA,NA,NA,NA,NA,NA,NA,NA,NA,NA,NA,NA,NA,NA,NA,NA,NA,NA,NA,NA,NA,NA,NA,NA,NA,High,High,High,NA,NA,NA,NA,NA,NA,NA,NA,NA,NA,NA,NA,NA,NA,NA,NA,NA,NA,NA,NA,NA,NA,NA,NA,NA,NA,NA,NA,NA,NA,NA,NA,NA,NA,NA,NA,NA,NA,NA,NA,NA,NA,NA,NA,NA,NA,NA,NA,NA,NA,NA,NA,NA,NA,NA,NA,NA
NA,NA,NA,NA,NA,NA,NA,NA,NA,NA,NA,NA,NA,NA,NA,NA,180,2025-10-04,13:45:27,5,2,"KIm , A",NA,Left,GEO_PAT,"Westley, Matthew",824016,Right,GEO_PAT,Undefined,5,Bottom,2,0,1,Slider,Slider,BallCalled,Undefined,Undefined,Undefined,0,0,NA,78.42349,2.328918,0.163006,2612.114979,298.153323,04:00:00,5.5838,-2.92996,5.2666,-54.08928,-7.29544,16.47532,3.26548,-1.40388,71.58895,-7.500164,3.087381,0.492341,NA,NA,NA,NA,NA,NA,NA,NA,NA,NA,NA,-8.15977,-3.85193,2.9025,50,5.75711,-0.99248,-113.76118,2.71167,-10.61939,22.21318,-37.18708,GEO_PAT,GEO_PAT,SpuhlerFieldMain,TeamExclusive,Team,20251004-SpuhlerFieldMain-Private-1,ea36a660-a149-11f0-b694-b1da4b1d52f5,76.55765,NA,NA,6.83453,NA,NA,NA,NA,NA,NA,399095c0-9636-49a8-8bc9-7cafea40f967,2025-10-04,17:45:27,2025-10-04T17:45:27Z,2025-10-04T17:45:27Z,NA,v3,471300,471300,NA,"Ary, a",006,Right,GEO_PAT,04b624ed-5e57-4623-aef0-49ce617697ca,55.23751,-114.7793,11.10659,5.59376,4.41611,-18.59354,2.93683,-0.50574,-5.3097,NA,NA,NA,NA,NA,NA,NA,NA,NA,NA,NA,NA,NA,NA,NA,NA,NA,NA,NA,NA,NA,NA,NA,NA,NA,NA,NA,NA,NA,NA,NA,NA,NA,NA,NA,NA,NA,NA,NA,NA,NA,NA,NA,NA,NA,NA,NA,NA,NA,NA,High,High,High,NA,NA,NA,NA,NA,NA,NA,NA,NA,NA,NA,NA,NA,NA,NA,NA,NA,NA,NA,NA,NA,NA,NA,NA,NA,NA,NA,NA,NA,NA,NA,NA,NA,NA,NA,NA,NA,NA,NA,NA,NA,NA,NA,NA,NA,NA,NA,NA,NA,NA,NA,NA,NA,NA,NA,NA,NA
NA,NA,NA,NA,NA,NA,NA,NA,NA,NA,NA,NA,NA,NA,NA,NA,181,2025-10-04,13:45:52,5,3,"KIm , A",NA,Left,GEO_PAT,"Westley, Matthew",824016,Right,GEO_PAT,Undefined,5,Bottom,2,1,1,Fastball,Four-Seam,BallCalled,Undefined,Undefined,Undefined,0,0,NA,88.67338,-1.493575,1.549151,2281.961482,183.332134,12:00:00,5.70372,-2.83207,6.35534,-16.81521,18.2845,0.9965,2.92689,-1.32278,80.6627,-4.728864,1.729456,0.426406,NA,NA,NA,NA,NA,NA,NA,NA,NA,NA,NA,-0.05894,10.29253,2.7193,50,5.58716,-3.52221,-128.74787,-3.78724,-0.09836,28.15975,-14.99704,GEO_PAT,GEO_PAT,SpuhlerFieldMain,TeamExclusive,Team,20251004-SpuhlerFieldMain-Private-1,f8ea13e0-a149-11f0-b694-b1da4b1d52f5,88.39569,NA,NA,8.01068,NA,NA,NA,NA,NA,NA,399095c0-9636-49a8-8bc9-7cafea40f967,2025-10-04,17:45:52,2025-10-04T17:45:52Z,2025-10-04T17:45:52Z,NA,v3,471300,471300,NA,"Ary, a",006,Right,GEO_PAT,ca56b8b6-a31f-409f-a1d8-2f5c285a42aa,54.14379,-129.65103,14.07988,5.70092,-3.30624,-7.49852,2.83222,-3.51906,-0.04918,NA,NA,NA,NA,NA,NA,NA,NA,NA,NA,NA,NA,NA,NA,NA,NA,NA,NA,NA,NA,NA,NA,NA,NA,NA,NA,NA,NA,NA,NA,NA,NA,NA,NA,NA,NA,NA,NA,NA,NA,NA,NA,NA,NA,NA,NA,NA,NA,NA,NA,High,High,High,NA,NA,NA,NA,NA,NA,NA,NA,NA,NA,NA,NA,NA,NA,NA,NA,NA,NA,NA,NA,NA,NA,NA,NA,NA,NA,NA,NA,NA,NA,NA,NA,NA,NA,NA,NA,NA,NA,NA,NA,NA,NA,NA,NA,NA,NA,NA,NA,NA,NA,NA,NA,NA,NA,NA,NA,NA
NA,NA,NA,NA,NA,NA,NA,NA,NA,NA,NA,NA,NA,NA,NA,NA,182,2025-10-04,13:46:16,5,4,"KIm , A",NA,Left,GEO_PAT,"Westley, Matthew",824016,Right,GEO_PAT,Undefined,5,Bottom,2,2,1,Slider,Curveball,StrikeCalled,Undefined,Undefined,Undefined,0,0,NA,80.36919,0.83962,1.416814,2502.216401,316.031345,04:30:00,5.41469,-3.02956,5.4928,-52.3292,-8.09122,9.20941,1.83968,-0.9364,73.47169,-8.684543,3.05957,0.478706,NA,NA,NA,NA,NA,NA,NA,NA,NA,NA,NA,-4.20843,-3.88949,2.89909,50,5.45281,-3.25515,-116.63634,-0.13125,-5.74325,23.84782,-37.48206,GEO_PAT,GEO_PAT,SpuhlerFieldMain,TeamExclusive,Team,20251004-SpuhlerFieldMain-Private-1,07345f50-a14a-11f0-b694-b1da4b1d52f5,78.73816,NA,NA,6.8975,NA,NA,NA,NA,NA,NA,399095c0-9636-49a8-8bc9-7cafea40f967,2025-10-04,17:46:16,2025-10-04T17:46:16Z,2025-10-04T17:46:16Z,NA,v3,471300,471300,NA,"Ary, a",006,Right,GEO_PAT,9a6438f3-dcf2-4a99-9c84-34f951a790cc,55.01068,-117.65638,11.92391,5.42414,1.47197,-18.74103,3.03307,-3.0095,-2.87163,NA,NA,NA,NA,NA,NA,NA,NA,NA,NA,NA,NA,NA,NA,NA,NA,NA,NA,NA,NA,NA,NA,NA,NA,NA,NA,NA,NA,78.64924,2.076932,0.783206,1.293726,-0.02599,1.61544,0.85873,-0.46579,6.48158,1.01948,127.30933,7.24546,1.98752,-0.25624,112.19108,-10.58812,6.48437,14.81257,-10.99821,1.00144,-0.11103,0.68214,High,High,High,NA,NA,High,High,High,NA,NA,NA,NA,NA,NA,NA,NA,NA,NA,NA,NA,NA,NA,NA,NA,NA,NA,NA,NA,NA,NA,NA,NA,NA,NA,NA,NA,NA,NA,NA,NA,NA,NA,NA,NA,NA,NA,NA,NA,NA,NA,NA,NA,NA,NA,NA,NA,NA,NA,NA,NA
NA,NA,NA,NA,NA,NA,NA,NA,NA,NA,NA,NA,NA,NA,NA,NA,183,2025-10-04,13:46:52,5,5,"KIm , A",NA,Left,GEO_PAT,"Westley, Matthew",824016,Right,GEO_PAT,Undefined,5,Bottom,2,2,2,Slider,Curveball,InPlay,Undefined,GroundBall,Out,1,0,NA,77.11744,1.414134,0.475247,2541.630977,304.784743,04:15:00,5.35074,-3.06353,5.29241,-56.43397,-8.54075,14.34182,1.9761,-1.42211,71.23828,-8.795843,3.024992,0.498091,65.27365,-88.312312,-81.982923,NA,NA,NA,NA,1.37427,1.41315,72.214198,0.019477,-7.07705,-4.26681,3.00929,50,5.43781,-1.486,-112.04633,0.81741,-9.01051,19.95528,-37.60657,GEO_PAT,GEO_PAT,SpuhlerFieldMain,TeamExclusive,Team,20251004-SpuhlerFieldMain-Private-1,1c9f0200-a14a-11f0-b694-b1da4b1d52f5,75.67385,1.86977,NA,5.87915,NA,NA,NA,0.4121,1.86977,1.36314,399095c0-9636-49a8-8bc9-7cafea40f967,2025-10-04,17:46:52,2025-10-04T17:46:52Z,2025-10-04T17:46:52Z,GroundBall,v3,471300,471300,NA,"Ary, a",006,Right,GEO_PAT,9ca3571f-2a57-413b-a776-f9969c2cce03,55.21369,-112.97106,9.97764,5.35955,2.56011,-18.80328,3.06848,-1.06845,-4.50525,NA,0.4121,0.39449,NA,NA,NA,NA,NA,NA,NA,1.87073,-95.99933,NA,NA,NA,NA,NA,NA,NA,1.36317,-2.8009,NA,NA,NA,NA,NA,NA,NA,NA,NA,NA,NA,NA,NA,NA,NA,NA,NA,NA,NA,NA,NA,NA,NA,NA,NA,NA,NA,NA,NA,High,High,High,Low,Low,NA,NA,NA,NA,NA,NA,NA,NA,NA,NA,NA,NA,NA,NA,NA,NA,NA,NA,NA,NA,NA,NA,NA,NA,NA,NA,NA,NA,NA,NA,NA,NA,NA,NA,NA,NA,NA,NA,NA,NA,NA,NA,NA,NA,NA,NA,NA,NA,NA,NA,NA,NA,NA,NA,NA
NA,NA,NA,NA,NA,NA,NA,NA,NA,NA,NA,NA,NA,NA,NA,NA,184,2025-10-04,13:49:18,1,1,"Thomas, Parker",814826,Right,GEO_PAT,"Brown, a",0010,Right,GEO_PAT,Undefined,6,Top,0,0,0,Cutter,Slider,BallCalled,Undefined,Undefined,Undefined,0,0,NA,80.77792,-1.429613,-1.432937,1874.925348,141.135754,10:45:00,5.82865,2.48571,6.04562,-37.01345,6.43638,-3.87024,1.4199,0.83623,72.89733,-8.319894,-2.130405,0.474423,NA,NA,NA,NA,NA,NA,NA,NA,NA,NA,NA,1.50787,4.26055,-2.37195,50,5.6975,3.0746000000000002,-117.09831,-4.04757,2.04661,26.74278,-26.39123,GEO_PAT,GEO_PAT,SpuhlerFieldMain,TeamExclusive,Team,20251004-SpuhlerFieldMain-Private-1,73f715b0-a14a-11f0-b694-b1da4b1d52f5,79.44909,NA,NA,7.88059,NA,NA,NA,NA,NA,NA,399095c0-9636-49a8-8bc9-7cafea40f967,2025-10-04,17:49:18,2025-10-04T17:49:18Z,2025-10-04T17:49:18Z,NA,v3,471300,471300,NA,"Cowdrey, Vincent",1000469295,Right,GEO_PAT,e4cb8b0c-9f3b-49e0-b4b0-3da22bc27295,54.45412,-118.11116,13.37139,5.83187,-3.04804,-13.19561,-2.48693,2.99709,1.02331,NA,NA,NA,NA,NA,NA,NA,NA,NA,NA,NA,NA,NA,NA,NA,NA,NA,NA,NA,NA,NA,NA,NA,NA,NA,NA,NA,NA,NA,NA,NA,NA,NA,NA,NA,NA,NA,NA,NA,NA,NA,NA,NA,NA,NA,NA,NA,NA,NA,NA,High,High,High,NA,NA,NA,NA,NA,NA,NA,NA,NA,NA,NA,NA,NA,NA,NA,NA,NA,NA,NA,NA,NA,NA,NA,NA,NA,NA,NA,NA,NA,NA,NA,NA,NA,NA,NA,NA,NA,NA,NA,NA,NA,NA,NA,NA,NA,NA,NA,NA,NA,NA,NA,NA,NA,NA,NA,NA,NA
NA,NA,NA,NA,NA,NA,NA,NA,NA,NA,NA,NA,NA,NA,NA,NA,185,2025-10-04,13:49:31,1,2,"Thomas, Parker",814826,Right,GEO_PAT,"Brown, a",0010,Right,GEO_PAT,Undefined,6,Top,0,1,0,Sinker,Changeup,FoulBallNotFieldable,Undefined,Undefined,Undefined,0,0,NA,87.2063,-0.971447,-3.85965,1910.269995,250.807365,02:15:00,5.58892,2.55069,6.04348,-29.20588,7.38717,17.89525,2.25351,0.46293,79.87164,-6.402334,-0.644662,0.435382,68.60645,18.74821,162.190642,3550.98025,NA,NA,NA,136.82336,49.568600000000004,167.676682,1.682673,-10.29548,4.41827,-2.25902,50,5.49721,7.81495,-126.49991,-3.10281,-16.69427,25.63701,-25.00975,GEO_PAT,GEO_PAT,SpuhlerFieldMain,TeamExclusive,Team,20251004-SpuhlerFieldMain-Private-1,7bb5a8c0-a14a-11f0-b694-b1da4b1d52f5,86.57321,14.36725,NA,7.33466,NA,NA,NA,1.09344,2.18238,-0.43985,399095c0-9636-49a8-8bc9-7cafea40f967,2025-10-04,17:49:31,2025-10-04T17:49:31Z,2025-10-04T17:49:31Z,LineDrive,v3,471300,471300,NA,"Cowdrey, Vincent",1000469295,Right,GEO_PAT,6240f2c1-499d-4aa4-a784-d22a6e19d0b2,54.45985,-127.40056,12.8185,5.59078,-2.2242,-12.50488,-2.54387,8.40143,-8.34713,307.382535,1.09342,-90.71574,6.26874,0.11158,-0.36237,0.52893,-0.40016,0.16141,-0.02666,2.18238,32.34142,-23.02536,2.36554,-0.51247,0.18072,-0.07958,0.02865,-0.00461,-0.43984,29.14125,-8.13926,0.98125,0.02869,-0.32848,0.27921,-0.11471,0.01902,NA,NA,NA,NA,NA,NA,NA,NA,NA,NA,NA,NA,NA,NA,NA,NA,NA,NA,NA,NA,NA,NA,High,High,High,High,Medium,NA,NA,NA,NA,NA,NA,NA,NA,NA,NA,NA,NA,NA,NA,NA,NA,NA,NA,NA,NA,NA,NA,NA,NA,NA,NA,NA,NA,NA,NA,NA,NA,NA,NA,NA,NA,NA,NA,NA,NA,NA,NA,NA,NA,NA,NA,NA,NA,NA,NA,NA,NA,NA,NA,NA
NA,NA,NA,NA,NA,NA,NA,NA,NA,NA,NA,NA,NA,NA,NA,NA,186,2025-10-04,13:49:50,1,3,"Thomas, Parker",814826,Right,GEO_PAT,"Brown, a",0010,Right,GEO_PAT,Undefined,6,Top,0,1,1,Sweeper,Curveball,InPlay,Undefined,FlyBall,Double,0,0,NA,75.85566,0.309043,-1.098759,2063.919362,88.354836,09:00:00,5.48555,2.64513,5.76129,-48.02428,1.13736,-17.02304,1.77125,0.20368,69.41381,-8.510266,-4.148981,0.504643,78.18905,27.548427,-28.966545,2035.258845,93.17178,41.48125,-58.47196,257.23012,254.95972,-36.872587,3.480642,8.42819,0.8889,-2.54322,50,5.48176,2.71903,-110.14821,-0.87473,10.24652,21.46927,-31.09338,GEO_PAT,GEO_PAT,SpuhlerFieldMain,TeamExclusive,Team,20251004-SpuhlerFieldMain-Private-1,86f09150-a14a-11f0-b694-b1da4b1d52f5,74.69125,44.06375,NA,6.44185,NA,NA,NA,3.45281,2.12586,-0.32884,399095c0-9636-49a8-8bc9-7cafea40f967,2025-10-04,17:49:50,2025-10-04T17:49:50Z,2025-10-04T17:49:50Z,LineDrive,v3,471300,471300,NA,"Cowdrey, Vincent",1000469295,Right,GEO_PAT,07cb858d-b6de-408d-bcc6-dcc06ec0ffb4,54.74255,-111.06874,10.73464,5.49068,0.45846,-15.54669,-2.65039,2.27969,5.12326,134.204503,3.45232,88.97331,-16.9858,4.51427,-1.31902,0.44836,-0.13481,0.02447,-0.00181,2.12644,53.01829,-18.02076,0.63061,0.33717,-0.26381,0.09368,-0.01587,0.00102,-0.32873,-49.24531,1.13872,0.44304,-0.1674,0.00824,0.01088,-0.00338,3.2e-4,NA,NA,NA,NA,NA,NA,NA,NA,NA,NA,NA,NA,NA,NA,NA,NA,NA,NA,NA,NA,NA,NA,High,High,High,High,High,NA,NA,NA,NA,NA,NA,NA,NA,NA,NA,NA,NA,NA,NA,NA,NA,NA,NA,NA,NA,NA,NA,NA,NA,NA,NA,NA,NA,NA,NA,NA,NA,NA,NA,NA,NA,NA,NA,NA,NA,NA,NA,NA,NA,NA,NA,NA,NA,NA,NA,NA,NA,NA,NA,NA
NA,NA,NA,NA,NA,NA,NA,NA,NA,NA,NA,NA,NA,NA,NA,NA,187,2025-10-04,13:50:44,2,1,"Thomas, Parker",814826,Right,GEO_PAT,"Ary, a",006,Right,GEO_PAT,Undefined,6,Top,0,0,0,Sinker,Changeup,StrikeSwinging,Undefined,Undefined,Undefined,0,0,NA,88.27145,-1.846832,-3.670678,1874.521793,240.660453,02:00:00,5.6612,2.65402,5.73194,-24.06419,12.45997,19.88064,1.93171,0.88745,80.00327,-6.349842,-0.118894,0.434972,NA,NA,NA,NA,NA,NA,NA,NA,NA,NA,NA,-11.25977,7.2778,-2.36009,50,5.4922,7.3513,-127.82411,-4.92234,-18.44789,28.74226,-20.25021,GEO_PAT,GEO_PAT,SpuhlerFieldMain,TeamExclusive,Team,20251004-SpuhlerFieldMain-Private-1,a75d5950-a14a-11f0-b694-b1da4b1d52f5,86.65482,NA,NA,8.26818,NA,NA,NA,NA,NA,NA,399095c0-9636-49a8-8bc9-7cafea40f967,2025-10-04,17:50:44,2025-10-04T17:50:44Z,2025-10-04T17:50:44Z,NA,v3,471300,471300,NA,"Cowdrey, Vincent",1000469295,Right,GEO_PAT,a5f458e1-d8da-4e50-a873-4d5e8b23a791,54.77001,-128.89222,14.37113,5.66114,-4.16981,-10.12511,-2.64602,8.03685,-9.22394,NA,NA,NA,NA,NA,NA,NA,NA,NA,NA,NA,NA,NA,NA,NA,NA,NA,NA,NA,NA,NA,NA,NA,NA,NA,NA,NA,NA,NA,NA,NA,NA,NA,NA,NA,NA,NA,NA,NA,NA,NA,NA,NA,NA,NA,NA,NA,NA,NA,NA,High,High,High,NA,NA,NA,NA,NA,NA,NA,NA,NA,NA,NA,NA,NA,NA,NA,NA,NA,NA,NA,NA,NA,NA,NA,NA,NA,NA,NA,NA,NA,NA,NA,NA,NA,NA,NA,NA,NA,NA,NA,NA,NA,NA,NA,NA,NA,NA,NA,NA,NA,NA,NA,NA,NA,NA,NA,NA,NA
NA,NA,NA,NA,NA,NA,NA,NA,NA,NA,NA,NA,NA,NA,NA,NA,188,2025-10-04,13:51:01,2,2,"Thomas, Parker",814826,Right,GEO_PAT,"Ary, a",006,Right,GEO_PAT,Undefined,6,Top,0,0,1,Sinker,Changeup,BallCalled,Undefined,Undefined,Undefined,0,0,NA,88.10392,-2.401403,-3.967723,1713.365318,253.5563,02:30:00,5.57994,2.59005,6.03883,-28.48045,7.86032,22.24584,0.97629,0.76398,79.89997,-7.710155,0.031567,0.433879,NA,NA,NA,NA,NA,NA,NA,NA,NA,NA,NA,-12.76245,5.1626,-2.29219,50,5.37663,7.94598,-127.56671,-6.2906,-20.77291,29.24106,-23.7711,GEO_PAT,GEO_PAT,SpuhlerFieldMain,TeamExclusive,Team,20251004-SpuhlerFieldMain-Private-1,b10fcd20-a14a-11f0-b694-b1da4b1d52f5,86.87316,NA,NA,8.20395,NA,NA,NA,NA,NA,NA,399095c0-9636-49a8-8bc9-7cafea40f967,2025-10-04,17:51:01,2025-10-04T17:51:01Z,2025-10-04T17:51:01Z,NA,v3,471300,471300,NA,"Cowdrey, Vincent",1000469295,Right,GEO_PAT,92137893-9c5a-42ba-aa10-60b418f1ada5,54.46428,-128.58595,14.62053,5.58146,-5.46202,-11.88555,-2.58178,8.67005,-10.38645,NA,NA,NA,NA,NA,NA,NA,NA,NA,NA,NA,NA,NA,NA,NA,NA,NA,NA,NA,NA,NA,NA,NA,NA,NA,NA,NA,NA,NA,NA,NA,NA,NA,NA,NA,NA,NA,NA,NA,NA,NA,NA,NA,NA,NA,NA,NA,NA,NA,NA,High,High,High,NA,NA,NA,NA,NA,NA,NA,NA,NA,NA,NA,NA,NA,NA,NA,NA,NA,NA,NA,NA,NA,NA,NA,NA,NA,NA,NA,NA,NA,NA,NA,NA,NA,NA,NA,NA,NA,NA,NA,NA,NA,NA,NA,NA,NA,NA,NA,NA,NA,NA,NA,NA,NA,NA,NA,NA,NA
NA,NA,NA,NA,NA,NA,NA,NA,NA,NA,NA,NA,NA,NA,NA,NA,189,2025-10-04,13:51:23,2,3,"Thomas, Parker",814826,Right,GEO_PAT,"Ary, a",006,Right,GEO_PAT,Undefined,6,Top,0,1,1,Cutter,Slider,StrikeSwinging,Undefined,Undefined,Undefined,0,0,NA,81.61672,-0.397193,-2.540939,2003.759459,150.979977,11:00:00,5.77895,2.54795,5.77968,-33.73447,9.14272,-4.20449,2.59779,-0.16831,73.67629,-6.675563,-3.2929,0.471286,NA,NA,NA,NA,NA,NA,NA,NA,NA,NA,NA,1.29445,5.25859,-2.33553,50,5.72616,5.41522,-118.22053,-1.8878,1.79991,26.21374,-24.86207,GEO_PAT,GEO_PAT,SpuhlerFieldMain,TeamExclusive,Team,20251004-SpuhlerFieldMain-Private-1,be4c7920-a14a-11f0-b694-b1da4b1d52f5,79.97783,NA,NA,7.94044,NA,NA,NA,NA,NA,NA,399095c0-9636-49a8-8bc9-7cafea40f967,2025-10-04,17:51:23,2025-10-04T17:51:23Z,2025-10-04T17:51:23Z,NA,v3,471300,471300,NA,"Cowdrey, Vincent",1000469295,Right,GEO_PAT,c122c436-c1cd-41c3-8a8d-88f712508d29,54.71831,-119.26216,13.10687,5.78154,-0.89988,-12.43104,-2.54929,5.3437,0.89996,NA,NA,NA,NA,NA,NA,NA,NA,NA,NA,NA,NA,NA,NA,NA,NA,NA,NA,NA,NA,NA,NA,NA,NA,NA,NA,NA,NA,NA,NA,NA,NA,NA,NA,NA,NA,NA,NA,NA,NA,NA,NA,NA,NA,NA,NA,NA,NA,NA,NA,High,High,High,NA,NA,NA,NA,NA,NA,NA,NA,NA,NA,NA,NA,NA,NA,NA,NA,NA,NA,NA,NA,NA,NA,NA,NA,NA,NA,NA,NA,NA,NA,NA,NA,NA,NA,NA,NA,NA,NA,NA,NA,NA,NA,NA,NA,NA,NA,NA,NA,NA,NA,NA,NA,NA,NA,NA,NA,NA
NA,NA,NA,NA,NA,NA,NA,NA,NA,NA,NA,NA,NA,NA,NA,NA,190,2025-10-04,13:51:45,2,4,"Thomas, Parker",814826,Right,GEO_PAT,"Ary, a",006,Right,GEO_PAT,Undefined,6,Top,0,1,2,Sinker,Changeup,BallCalled,Undefined,Undefined,Undefined,0,0,NA,88.7749,-2.502915,-6.537243,1824.085086,241.315175,02:00:00,5.59498,2.41873,6.37383,-24.26123,11.31753,18.34639,1.25367,-2.09372,80.35709,-7.080564,-3.243818,0.429306,NA,NA,NA,NA,NA,NA,NA,NA,NA,NA,NA,-11.50843,7.04307,-1.95255,50,5.40178,13.93238,-128.04116,-6.35348,-18.91643,28.8778,-20.59732,GEO_PAT,GEO_PAT,SpuhlerFieldMain,TeamExclusive,Team,20251004-SpuhlerFieldMain-Private-1,cb8aabc0-a14a-11f0-b694-b1da4b1d52f5,87.79861,NA,NA,8.41782,NA,NA,NA,NA,NA,NA,399095c0-9636-49a8-8bc9-7cafea40f967,2025-10-04,17:51:45,2025-10-04T17:51:45Z,2025-10-04T17:51:45Z,NA,v3,471300,471300,NA,"Cowdrey, Vincent",1000469295,Right,GEO_PAT,b9982a01-8fa7-403b-a7bb-267563af3c92,54.12705,-128.96859,14.4389,5.5952,-5.69198,-10.29866,-2.40975,14.53989,-9.45822,NA,NA,NA,NA,NA,NA,NA,NA,NA,NA,NA,NA,NA,NA,NA,NA,NA,NA,NA,NA,NA,NA,NA,NA,NA,NA,NA,NA,NA,NA,NA,NA,NA,NA,NA,NA,NA,NA,NA,NA,NA,NA,NA,NA,NA,NA,NA,NA,NA,NA,High,High,High,NA,NA,NA,NA,NA,NA,NA,NA,NA,NA,NA,NA,NA,NA,NA,NA,NA,NA,NA,NA,NA,NA,NA,NA,NA,NA,NA,NA,NA,NA,NA,NA,NA,NA,NA,NA,NA,NA,NA,NA,NA,NA,NA,NA,NA,NA,NA,NA,NA,NA,NA,NA,NA,NA,NA,NA,NA
NA,NA,NA,NA,NA,NA,NA,NA,NA,NA,NA,NA,NA,NA,NA,NA,191,2025-10-04,13:52:05,2,5,"Thomas, Parker",814826,Right,GEO_PAT,"Ary, a",006,Right,GEO_PAT,Undefined,6,Top,0,2,2,Sweeper,Curveball,BallCalled,Undefined,Undefined,Undefined,0,0,NA,75.65019,-0.782879,-0.601682,2173.68974,87.484929,09:00:00,5.60285,2.85299,5.39776,-48.99825,0.73732,-18.15718,0.78589,0.776,69.92019,-9.669386,-3.837626,0.507581,NA,NA,NA,NA,NA,NA,NA,NA,NA,NA,NA,9.07126,0.97126,-2.78578,50,5.4982,1.82157,-109.88667,-3.08441,11.06725,19.87221,-30.98907,GEO_PAT,GEO_PAT,SpuhlerFieldMain,TeamExclusive,Team,20251004-SpuhlerFieldMain-Private-1,d7770a00-a14a-11f0-b694-b1da4b1d52f5,74.25904,NA,NA,5.73,NA,NA,NA,NA,NA,NA,399095c0-9636-49a8-8bc9-7cafea40f967,2025-10-04,17:52:05,2025-10-04T17:52:05Z,2025-10-04T17:52:05Z,NA,v3,471300,471300,NA,"Cowdrey, Vincent",1000469295,Right,GEO_PAT,2f8cf112-39ed-462b-85fe-6976a5702ddc,55.10723,-110.80642,9.93611,5.60776,-1.65013,-15.49453,-2.85824,1.30934,5.53363,NA,NA,NA,NA,NA,NA,NA,NA,NA,NA,NA,NA,NA,NA,NA,NA,NA,NA,NA,NA,NA,NA,NA,NA,NA,NA,NA,NA,NA,NA,NA,NA,NA,NA,NA,NA,NA,NA,NA,NA,NA,NA,NA,NA,NA,NA,NA,NA,NA,NA,High,High,High,NA,NA,NA,NA,NA,NA,NA,NA,NA,NA,NA,NA,NA,NA,NA,NA,NA,NA,NA,NA,NA,NA,NA,NA,NA,NA,NA,NA,NA,NA,NA,NA,NA,NA,NA,NA,NA,NA,NA,NA,NA,NA,NA,NA,NA,NA,NA,NA,NA,NA,NA,NA,NA,NA,NA,NA,NA
NA,NA,NA,NA,NA,NA,NA,NA,NA,NA,NA,NA,NA,NA,NA,NA,192,2025-10-04,13:52:26,2,6,"Thomas, Parker",814826,Right,GEO_PAT,"Ary, a",006,Right,GEO_PAT,Undefined,6,Top,0,3,2,Sinker,Changeup,BallCalled,Walk,Undefined,Undefined,0,0,NA,88.10628,-1.396498,-1.909237,1731.830777,240.254448,02:00:00,5.63833,2.64473,5.78036,-27.00564,9.08296,13.92973,2.08747,2.02838,80.84951,-6.401187,0.586742,0.432371,NA,NA,NA,NA,NA,NA,NA,NA,NA,NA,NA,-7.8213,5.31847,-2.49625,50,5.5065,3.71583,-127.98963,-4.03158,-12.97416,26.40938,-23.35164,GEO_PAT,GEO_PAT,SpuhlerFieldMain,TeamExclusive,Team,20251004-SpuhlerFieldMain-Private-1,e397e5c0-a14a-11f0-b694-b1da4b1d52f5,87.17617,NA,NA,7.25676,NA,NA,NA,NA,NA,NA,399095c0-9636-49a8-8bc9-7cafea40f967,2025-10-04,17:52:26,2025-10-04T17:52:26Z,2025-10-04T17:52:26Z,NA,v3,471300,471300,NA,"Cowdrey, Vincent",1000469295,Right,GEO_PAT,5037026f-dc85-48ab-b7c4-2f6c8ba9bc17,54.72521,-128.96094,13.20469,5.63899,-3.17272,-11.67582,-2.64169,4.19301,-6.48708,NA,NA,NA,NA,NA,NA,NA,NA,NA,NA,NA,NA,NA,NA,NA,NA,NA,NA,NA,NA,NA,NA,NA,NA,NA,NA,NA,NA,NA,NA,NA,NA,NA,NA,NA,NA,NA,NA,NA,NA,NA,NA,NA,NA,NA,NA,NA,NA,NA,NA,High,High,High,NA,NA,NA,NA,NA,NA,NA,NA,NA,NA,NA,NA,NA,NA,NA,NA,NA,NA,NA,NA,NA,NA,NA,NA,NA,NA,NA,NA,NA,NA,NA,NA,NA,NA,NA,NA,NA,NA,NA,NA,NA,NA,NA,NA,NA,NA,NA,NA,NA,NA,NA,NA,NA,NA,NA,NA,NA
NA,NA,NA,NA,NA,NA,NA,NA,NA,NA,NA,NA,NA,NA,NA,NA,193,2025-10-04,13:52:58,3,1,"Thomas, Parker",814826,Right,GEO_PAT,"Monterrosa, a",0025,Right,GEO_PAT,Undefined,6,Top,0,0,0,Sinker,Changeup,BallCalled,Undefined,Undefined,Undefined,0,0,NA,88.14785,-2.594921,-4.151364,1711.00755,238.725783,02:00:00,5.6304,2.57196,5.91627,-25.92281,10.0119,14.66631,1.0538,-0.06553,81.16136,-7.397753,-1.524191,0.431448,NA,NA,NA,NA,NA,NA,NA,NA,NA,NA,NA,-8.65453,6.15032,-2.24714,50,5.40679,8.67499,-127.72772,-6.65919,-14.37131,25.03256,-21.96108,GEO_PAT,GEO_PAT,SpuhlerFieldMain,TeamExclusive,Team,20251004-SpuhlerFieldMain-Private-1,f70f1ce0-a14a-11f0-b694-b1da4b1d52f5,87.36267,NA,NA,6.9865,NA,NA,NA,NA,NA,NA,399095c0-9636-49a8-8bc9-7cafea40f967,2025-10-04,17:52:58,2025-10-04T17:52:58Z,2025-10-04T17:52:58Z,NA,v3,471300,471300,NA,"Cowdrey, Vincent",1000469295,Right,GEO_PAT,cce6e34d-2fb3-4263-bb9e-33023bf84672,54.5874,-128.62363,12.51628,5.63106,-5.8732,-10.98054,-2.56682,9.18933,-7.18565,NA,NA,NA,NA,NA,NA,NA,NA,NA,NA,NA,NA,NA,NA,NA,NA,NA,NA,NA,NA,NA,NA,NA,NA,NA,NA,NA,NA,NA,NA,NA,NA,NA,NA,NA,NA,NA,NA,NA,NA,NA,NA,NA,NA,NA,NA,NA,NA,NA,NA,High,High,High,NA,NA,NA,NA,NA,NA,NA,NA,NA,NA,NA,NA,NA,NA,NA,NA,NA,NA,NA,NA,NA,NA,NA,NA,NA,NA,NA,NA,NA,NA,NA,NA,NA,NA,NA,NA,NA,NA,NA,NA,NA,NA,NA,NA,NA,NA,NA,NA,NA,NA,NA,NA,NA,NA,NA,NA,NA
NA,NA,NA,NA,NA,NA,NA,NA,NA,NA,NA,NA,NA,NA,NA,NA,194,2025-10-04,13:53:16,3,2,"Thomas, Parker",814826,Right,GEO_PAT,"Monterrosa, a",0025,Right,GEO_PAT,Undefined,6,Top,0,1,0,Cutter,Slider,InPlay,Undefined,GroundBall,Single,1,0,NA,80.16739,-0.648469,-2.343831,2010.091881,131.578593,10:30:00,5.79638,2.57259,5.80796,-36.62215,7.11339,-6.45244,2.14093,-0.14609,73.5535,-7.40291,-3.499185,0.47598,36.7499,-5.257809,-7.948836,NA,NA,NA,NA,14.30579,13.32598,-7.185528,0.22718,2.65209,4.20402,-2.37614,50,5.72116,5.00356,-116.36371,-2.46534,3.62438,22.50521,-26.42877,GEO_PAT,GEO_PAT,SpuhlerFieldMain,TeamExclusive,Team,20251004-SpuhlerFieldMain-Private-1,01826fb0-a14b-11f0-b694-b1da4b1d52f5,79.18913,2.13729,NA,6.61388,NA,NA,NA,2.20866,2.13729,0.04128,399095c0-9636-49a8-8bc9-7cafea40f967,2025-10-04,17:53:16,2025-10-04T17:53:16Z,2025-10-04T17:53:16Z,GroundBall,v3,471300,471300,NA,"Cowdrey, Vincent",1000469295,Right,GEO_PAT,03e482d5-5671-4da4-a1b7-2f7686d34ee2,54.69475,-117.26817,11.25261,5.79889,-1.40319,-13.21438,-2.5743,4.8579,1.81219,38.66589,2.20811,53.18889,-1.89035,NA,NA,NA,NA,NA,NA,2.1374,-4.94535,-19.64862,NA,NA,NA,NA,NA,NA,0.04131,-7.42429,-2.79195,NA,NA,NA,NA,NA,NA,NA,NA,NA,NA,NA,NA,NA,NA,NA,NA,NA,NA,NA,NA,NA,NA,NA,NA,NA,NA,NA,NA,High,High,High,Medium,High,NA,NA,NA,NA,NA,NA,NA,NA,NA,NA,NA,NA,NA,NA,NA,NA,NA,NA,NA,NA,NA,NA,NA,NA,NA,NA,NA,NA,NA,NA,NA,NA,NA,NA,NA,NA,NA,NA,NA,NA,NA,NA,NA,NA,NA,NA,NA,NA,NA,NA,NA,NA,NA,NA,NA
NA,NA,NA,NA,NA,NA,NA,NA,NA,NA,NA,NA,NA,NA,NA,NA,195,2025-10-04,13:53:55,4,1,"Thomas, Parker",814826,Right,GEO_PAT,"Baturin, a",0039,Right,GEO_PAT,Undefined,6,Top,1,0,0,Sweeper,Curveball,StrikeCalled,Undefined,Undefined,Undefined,0,0,NA,76.13931,0.655111,-1.365729,2097.32238,105.837991,09:30:00,5.48347,2.84168,5.38397,-43.61365,5.58607,-14.25418,2.46331,0.37335,69.90077,-7.321364,-3.899116,0.504839,NA,NA,NA,NA,NA,NA,NA,NA,NA,NA,NA,6.78339,3.08299,-2.70905,50,5.51139,3.17911,-110.50839,-0.14422,8.37024,20.0902,-28.36984,GEO_PAT,GEO_PAT,SpuhlerFieldMain,TeamExclusive,Team,20251004-SpuhlerFieldMain-Private-1,18def750-a14b-11f0-b694-b1da4b1d52f5,74.66235,NA,NA,6.23854,NA,NA,NA,NA,NA,NA,399095c0-9636-49a8-8bc9-7cafea40f967,2025-10-04,17:53:55,2025-10-04T17:53:55Z,2025-10-04T17:53:55Z,NA,v3,471300,471300,NA,"Cowdrey, Vincent",1000469295,Right,GEO_PAT,b1916976-e5fd-4e9b-b945-e26273ee77ba,55.11814,-111.43497,10.0451,5.48787,1.16423,-14.18492,-2.84677,2.79307,4.18512,NA,NA,NA,NA,NA,NA,NA,NA,NA,NA,NA,NA,NA,NA,NA,NA,NA,NA,NA,NA,NA,NA,NA,NA,NA,NA,NA,NA,NA,NA,NA,NA,NA,NA,NA,NA,NA,NA,NA,NA,NA,NA,NA,NA,NA,NA,NA,NA,NA,NA,High,High,High,NA,NA,NA,NA,NA,NA,NA,NA,NA,NA,NA,NA,NA,NA,NA,NA,NA,NA,NA,NA,NA,NA,NA,NA,NA,NA,NA,NA,NA,NA,NA,NA,NA,NA,NA,NA,NA,NA,NA,NA,NA,NA,NA,NA,NA,NA,NA,NA,NA,NA,NA,NA,NA,NA,NA,NA,NA
NA,NA,NA,NA,NA,NA,NA,NA,NA,NA,NA,NA,NA,NA,NA,NA,196,2025-10-04,13:54:13,4,2,"Thomas, Parker",814826,Right,GEO_PAT,"Baturin, a",0039,Right,GEO_PAT,Undefined,6,Top,1,0,1,Sweeper,Curveball,StrikeSwinging,Undefined,Undefined,Undefined,0,0,NA,74.47223,-1.186134,-2.085531,2094.925815,81.214851,08:45:00,5.41957,2.66935,5.78164,-51.91436,-1.10697,-17.42914,-0.01117,-0.72444,68.9123,-10.628073,-5.211203,0.513021,NA,NA,NA,NA,NA,NA,NA,NA,NA,NA,NA,8.42867,0.12264,-2.48605,50,5.28977,4.53002,-108.14279,-3.79509,9.91886,19.96341,-32.0297,GEO_PAT,GEO_PAT,SpuhlerFieldMain,TeamExclusive,Team,20251004-SpuhlerFieldMain-Private-1,239cc0a0-a14b-11f0-b694-b1da4b1d52f5,73.47158,NA,NA,5.55993,NA,NA,NA,NA,NA,NA,399095c0-9636-49a8-8bc9-7cafea40f967,2025-10-04,17:54:13,2025-10-04T17:54:13Z,2025-10-04T17:54:13Z,NA,v3,471300,471300,NA,"Cowdrey, Vincent",1000469295,Right,GEO_PAT,556f2ead-971c-4784-9388-a311ec32e2b8,54.7239,-109.01135,9.9817,5.42457,-2.40156,-16.01485,-2.67376,4.09848,4.95943,NA,NA,NA,NA,NA,NA,NA,NA,NA,NA,NA,NA,NA,NA,NA,NA,NA,NA,NA,NA,NA,NA,NA,NA,NA,NA,NA,NA,NA,NA,NA,NA,NA,NA,NA,NA,NA,NA,NA,NA,NA,NA,NA,NA,NA,NA,NA,NA,NA,NA,High,High,High,NA,NA,NA,NA,NA,NA,NA,NA,NA,NA,NA,NA,NA,NA,NA,NA,NA,NA,NA,NA,NA,NA,NA,NA,NA,NA,NA,NA,NA,NA,NA,NA,NA,NA,NA,NA,NA,NA,NA,NA,NA,NA,NA,NA,NA,NA,NA,NA,NA,NA,NA,NA,NA,NA,NA,NA,NA
NA,NA,NA,NA,NA,NA,NA,NA,NA,NA,NA,NA,NA,NA,NA,NA,197,2025-10-04,13:54:51,4,3,"Thomas, Parker",814826,Right,GEO_PAT,"Baturin, a",0039,Right,GEO_PAT,Undefined,6,Top,1,0,2,Cutter,Slider,InPlay,Undefined,GroundBall,Single,0,1,NA,82.95124,-0.351422,-2.206271,2050.949415,189.930963,12:15:00,5.80207,2.41452,5.6803,-34.53486,6.09677,0.86161,2.59631,0.42856,76.65284,-6.695379,-2.052304,0.458779,83.29169,-13.008089,2.588909,NA,NA,NA,NA,11.88768,11.08821,0.383878,0.095184,-1.00413,3.53961,-2.22903,50,5.75055,4.60874,-120.51074,-1.89475,-1.48822,21.70469,-26.92805,GEO_PAT,GEO_PAT,SpuhlerFieldMain,TeamExclusive,Team,20251004-SpuhlerFieldMain-Private-1,3a1291c0-a14b-11f0-b694-b1da4b1d52f5,82.15816,2.56992,NA,6.2984,NA,NA,NA,0.72342,2.56992,-0.418,399095c0-9636-49a8-8bc9-7cafea40f967,2025-10-04,17:54:51,2025-10-04T17:54:51Z,2025-10-04T17:54:51Z,GroundBall,v3,471300,471300,NA,"Cowdrey, Vincent",1000469295,Right,GEO_PAT,05501a61-0984-4742-a792-86b5a2442452,54.82272,-121.37623,10.85235,5.8047,-0.82098,-13.46403,-2.41399,4.66808,-0.74411,177.373751,0.72354,118.88773,-16.82472,NA,NA,NA,NA,NA,NA,2.56975,-27.474240000000002,5.02441,NA,NA,NA,NA,NA,NA,-0.41798,5.37428,-1.53792,NA,NA,NA,NA,NA,NA,NA,NA,NA,NA,NA,NA,NA,NA,NA,NA,NA,NA,NA,NA,NA,NA,NA,NA,NA,NA,NA,NA,High,High,High,High,High,NA,NA,NA,NA,NA,NA,NA,NA,NA,NA,NA,NA,NA,NA,NA,NA,NA,NA,NA,NA,NA,NA,NA,NA,NA,NA,NA,NA,NA,NA,NA,NA,NA,NA,NA,NA,NA,NA,NA,NA,NA,NA,NA,NA,NA,NA,NA,NA,NA,NA,NA,NA,NA,NA,NA
NA,NA,NA,NA,NA,NA,NA,NA,NA,NA,NA,NA,NA,NA,NA,NA,198,2025-10-04,13:55:49,5,1,"Thomas, Parker",814826,Right,GEO_PAT,"Zucker, a",0015,Right,GEO_PAT,Undefined,6,Top,1,0,0,Sweeper,Curveball,StrikeCalled,Undefined,Undefined,Undefined,0,0,NA,74.76053,0.253243,-1.061046,2163.231287,88.536468,09:00:00,5.60869,2.72572,5.08298,-50.54042,1.18661,-18.25025,1.63575,0.20455,68.72425,-8.893644,-4.290546,0.517643,NA,NA,NA,NA,NA,NA,NA,NA,NA,NA,NA,8.82095,0.96004,-2.60997,50,5.59272,2.70864,-108.48209,-1.20936,10.45507,19.93158,-31.03615,GEO_PAT,GEO_PAT,SpuhlerFieldMain,TeamExclusive,Team,20251004-SpuhlerFieldMain-Private-1,5ccccc30-a14b-11f0-b694-b1da4b1d52f5,72.81554,NA,NA,6.03628,NA,NA,NA,NA,NA,NA,399095c0-9636-49a8-8bc9-7cafea40f967,2025-10-04,17:55:49,2025-10-04T17:55:49Z,2025-10-04T17:55:49Z,NA,v3,471300,471300,NA,"Cowdrey, Vincent",1000469295,Right,GEO_PAT,5beeee0c-c50f-4245-96d2-53bd6bd4c728,55.42082,-109.47353,9.96579,5.61448,0.33445,-15.51807,-2.73177,2.18858,5.22754,NA,NA,NA,NA,NA,NA,NA,NA,NA,NA,NA,NA,NA,NA,NA,NA,NA,NA,NA,NA,NA,NA,NA,NA,NA,NA,NA,NA,NA,NA,NA,NA,NA,NA,NA,NA,NA,NA,NA,NA,NA,NA,NA,NA,NA,NA,NA,NA,NA,NA,High,High,High,NA,NA,NA,NA,NA,NA,NA,NA,NA,NA,NA,NA,NA,NA,NA,NA,NA,NA,NA,NA,NA,NA,NA,NA,NA,NA,NA,NA,NA,NA,NA,NA,NA,NA,NA,NA,NA,NA,NA,NA,NA,NA,NA,NA,NA,NA,NA,NA,NA,NA,NA,NA,NA,NA,NA,NA,NA
NA,NA,NA,NA,NA,NA,NA,NA,NA,NA,NA,NA,NA,NA,NA,NA,199,2025-10-04,13:56:22,5,2,"Thomas, Parker",814826,Right,GEO_PAT,"Zucker, a",0015,Right,GEO_PAT,Undefined,6,Top,1,0,1,Sweeper,Curveball,InPlay,Undefined,LineDrive,Single,0,1,NA,74.20726,1.292137,-0.82827,2135.457379,83.310591,08:45:00,5.75973,2.67649,5.16838,-52.70121,-0.5089,-18.13733,2.58441,0.38545,68.27003,-8.265533,-4.041361,0.519966,91.20157,15.29186,-28.146172,2486.432586,93.71267,15.14967,-57.60008,180.09406,178.21399,-34.439606,1.676948,8.95808,-0.28925,-2.58429,50,5.83934,2.22541,-107.73175,0.70964,10.49709,19.22732,-32.51298,GEO_PAT,GEO_PAT,SpuhlerFieldMain,TeamExclusive,Team,20251004-SpuhlerFieldMain-Private-1,70333a70-a14b-11f0-b694-b1da4b1d52f5,72.49026,15.71218,NA,5.93723,NA,NA,NA,3.09875,2.81919,-0.46222,399095c0-9636-49a8-8bc9-7cafea40f967,2025-10-04,17:56:22,2025-10-04T17:56:22Z,2025-10-04T17:56:22Z,LineDrive,v3,471300,471300,NA,"Cowdrey, Vincent",1000469295,Right,GEO_PAT,676184d5-1cfb-487d-863d-41674f6886c5,55.33715,-108.68012,9.61366,5.76478,2.31331,-16.25649,-2.68129,1.70765,5.24855,72.74691,3.09875,113.76849,-20.48867,3.57234,-0.75376,0.13776,-0.02636,0.0042,-3.3e-4,2.81919,35.27787,-26.44094,3.61594,-0.82075,0.18336,-0.03622,0.00599,-5.3e-4,-0.46222,-60.8646,-1.91483,1.97665,-0.62235,0.17464,-0.03903,0.00684,-6.3e-4,NA,NA,NA,NA,NA,NA,NA,NA,NA,NA,NA,NA,NA,NA,NA,NA,NA,NA,NA,NA,NA,NA,High,High,High,High,High,NA,NA,NA,NA,NA,NA,NA,NA,NA,NA,NA,NA,NA,NA,NA,NA,NA,NA,NA,NA,NA,NA,NA,NA,NA,NA,NA,NA,NA,NA,NA,NA,NA,NA,NA,NA,NA,NA,NA,NA,NA,NA,NA,NA,NA,NA,NA,NA,NA,NA,NA,NA,NA,NA,NA
NA,NA,NA,NA,NA,NA,NA,NA,NA,NA,NA,NA,NA,NA,NA,NA,200,2025-10-04,14:00:53,6,1,"Okeeffe, Shaun",1000297082,Left,GEO_PAT,"Harris, a",005,Right,GEO_PAT,Undefined,6,Top,1,0,0,Slider,Slider,FoulBallNotFieldable,Undefined,Undefined,Undefined,0,0,NA,78.40481,2.051712,1.661508,2285.047372,284.718321,03:30:00,5.48972,-2.00103,4.38598,-49.71715,-1.42075,11.26457,3.3073,0.52457,71.67661,-6.858073,3.625622,0.500183,65.64139,17.993356,-164.857702,3269.180844,NA,NA,NA,112.51084,50.26054,-164.422121,1.406374,-5.00055,-0.86059,1.8114,50,5.65972,-3.78498,-113.54667,2.15322,-6.50914,21.36493,-33.29424,GEO_PAT,GEO_PAT,SpuhlerFieldMain,TeamExclusive,Team,20251004-SpuhlerFieldMain-Private-1,11ebfc30-a14c-11f0-b694-b1da4b1d52f5,75.35731,12.25495,NA,6.7282,NA,NA,NA,1.15042,3.21901,-0.54281,399095c0-9636-49a8-8bc9-7cafea40f967,2025-10-04,18:00:53,2025-10-04T18:00:53Z,2025-10-04T18:00:53Z,LineDrive,v3,471300,471300,NA,"Cowdrey, Vincent",1000469295,Right,GEO_PAT,506c3dd9-a00a-456f-992b-c6318047c019,56.11701,-114.69187,10.68247,5.49648,3.93786,-16.64712,2.00493,-3.43608,-3.25457,358.676444,1.15042,-88.38611,7.40481,0.02318,0.02878,-0.05134,0.05758,-0.02518,0.00416,3.21901,29.73982,-26.11179,2.8932,-0.30259,-0.24082,0.24475,-0.09891,0.01603,-0.54281,-23.9184,1.82988,0.14044,0.00302,-0.04025,0.03916,-0.01633,0.00267,NA,NA,NA,NA,NA,NA,NA,NA,NA,NA,NA,NA,NA,NA,NA,NA,NA,NA,NA,NA,NA,NA,High,High,High,High,Medium,NA,NA,NA,NA,NA,NA,NA,NA,NA,NA,NA,NA,NA,NA,NA,NA,NA,NA,NA,NA,NA,NA,NA,NA,NA,NA,NA,NA,NA,NA,NA,NA,NA,NA,NA,NA,NA,NA,NA,NA,NA,NA,NA,NA,NA,NA,NA,NA,NA,NA,NA,NA,NA,NA,NA
NA,NA,NA,NA,NA,NA,NA,NA,NA,NA,NA,NA,NA,NA,NA,NA,201,2025-10-04,14:01:18,6,2,"Okeeffe, Shaun",1000297082,Left,GEO_PAT,"Harris, a",005,Right,GEO_PAT,Undefined,6,Top,1,0,1,Slider,Curveball,InPlay,Undefined,LineDrive,Out,1,0,NA,77.92799,2.61043,1.205991,2476.408046,325.44019,04:45:00,5.437,-2.10234,4.59009,-56.01723,-6.87481,5.95154,3.25436,-0.45901,70.35459,-7.476668,2.248639,0.504545,94.38808,19.680435,29.243659,1376.508914,93.16909,32.84756,58.47608,290.38214,284.4167,37.160547,3.225762,-2.51898,-3.74748,1.97176,50,5.65447,-2.62821,-112.71709,3.02104,-3.18785,23.60789,-36.91661,GEO_PAT,GEO_PAT,SpuhlerFieldMain,TeamExclusive,Team,20251004-SpuhlerFieldMain-Private-1,20e6abe0-a14c-11f0-b694-b1da4b1d52f5,74.70584,37.30818,NA,7.5734,NA,NA,NA,1.5399,3.26715,0.67737,399095c0-9636-49a8-8bc9-7cafea40f967,2025-10-04,18:01:18,2025-10-04T18:01:18Z,2025-10-04T18:01:18Z,LineDrive,v3,471300,471300,NA,"Cowdrey, Vincent",1000469295,Right,GEO_PAT,9da5144e-7261-4f42-bf66-f87f5a1a25ac,55.91216,-113.94863,11.80395,5.44664,4.94684,-18.45831,2.10453,-2.46191,-1.59392,NA,1.54003,113.73135,-22.73259,5.14846,-1.07281,0.17017,-0.01543,-3e-4,1.6e-4,3.26704,46.62529,-17.31498,1.10723,-0.1991,0.06738,-0.02226,0.00479,-4.2e-4,0.6774,63.6776,-3.33372,-0.13703,0.21169,-0.08607,0.0237,-0.00398,3e-4,NA,NA,NA,NA,NA,NA,NA,NA,NA,NA,NA,NA,NA,NA,NA,NA,NA,NA,NA,NA,NA,NA,High,High,High,Medium,Medium,NA,NA,NA,NA,NA,NA,NA,NA,NA,NA,NA,NA,NA,NA,NA,NA,NA,NA,NA,NA,NA,NA,NA,NA,NA,NA,NA,NA,NA,NA,NA,NA,NA,NA,NA,NA,NA,NA,NA,NA,NA,NA,NA,NA,NA,NA,NA,NA,NA,NA,NA,NA,NA,NA,NA
NA,NA,NA,NA,NA,NA,NA,NA,NA,NA,NA,NA,NA,NA,NA,NA,202,2025-10-04,14:01:56,7,1,"Okeeffe, Shaun",1000297082,Left,GEO_PAT,"Shane, a",008,Right,GEO_PAT,Undefined,6,Top,2,0,0,Sinker,Changeup,BallCalled,Undefined,Undefined,Undefined,0,0,NA,84.02158,-1.440435,4.442585,2240.662692,83.688618,08:45:00,5.64345,-1.79354,5.32126,-41.15786,-0.21972,-14.59902,0.85743,1.16759,76.67422,-8.92073,1.854591,0.460506,NA,NA,NA,NA,NA,NA,NA,NA,NA,NA,NA,8.70626,0.68732,1.4016,50,5.48264,-8.82969,-121.54373,-4.56618,12.91951,25.6034,-31.1541,GEO_PAT,GEO_PAT,SpuhlerFieldMain,TeamExclusive,Team,20251004-SpuhlerFieldMain-Private-1,37c7e900-a14c-11f0-b694-b1da4b1d52f5,81.85003,NA,NA,7.34736,NA,NA,NA,NA,NA,NA,399095c0-9636-49a8-8bc9-7cafea40f967,2025-10-04,18:01:56,2025-10-04T18:01:56Z,2025-10-04T18:01:56Z,NA,v3,471300,471300,NA,"Cowdrey, Vincent",1000469295,Right,GEO_PAT,aee1db26-af61-4821-b2a4-44d4094844b0,55.18201,-122.63047,12.8017,5.64839,-3.24384,-15.57705,1.78802,-9.37806,6.45976,NA,NA,NA,NA,NA,NA,NA,NA,NA,NA,NA,NA,NA,NA,NA,NA,NA,NA,NA,NA,NA,NA,NA,NA,NA,NA,NA,NA,NA,NA,NA,NA,NA,NA,NA,NA,NA,NA,NA,NA,NA,NA,NA,NA,NA,NA,NA,NA,NA,NA,High,High,High,NA,NA,NA,NA,NA,NA,NA,NA,NA,NA,NA,NA,NA,NA,NA,NA,NA,NA,NA,NA,NA,NA,NA,NA,NA,NA,NA,NA,NA,NA,NA,NA,NA,NA,NA,NA,NA,NA,NA,NA,NA,NA,NA,NA,NA,NA,NA,NA,NA,NA,NA,NA,NA,NA,NA,NA,NA
NA,NA,NA,NA,NA,NA,NA,NA,NA,NA,NA,NA,NA,NA,NA,NA,203,2025-10-04,14:02:17,7,2,"Okeeffe, Shaun",1000297082,Left,GEO_PAT,"Shane, a",008,Right,GEO_PAT,Undefined,6,Top,2,1,0,Sinker,Changeup,BallCalled,Undefined,Undefined,Undefined,0,0,NA,82.39776,-1.372555,4.594147,2151.785026,81.207315,08:45:00,5.59602,-1.8889,5.37751,-43.41191,-0.92413,-15.33107,0.68718,1.14984,75.25396,-9.262251,1.873626,0.469141,NA,NA,NA,NA,NA,NA,NA,NA,NA,NA,NA,9.10875,0.35232,1.48785,50,5.44181,-8.94453,-119.18531,-4.41424,12.99918,24.58879,-31.67127,GEO_PAT,GEO_PAT,SpuhlerFieldMain,TeamExclusive,Team,20251004-SpuhlerFieldMain-Private-1,443b9fb0-a14c-11f0-b694-b1da4b1d52f5,80.34353,NA,NA,7.1438,NA,NA,NA,NA,NA,NA,399095c0-9636-49a8-8bc9-7cafea40f967,2025-10-04,18:02:17,2025-10-04T18:02:17Z,2025-10-04T18:02:17Z,NA,v3,471300,471300,NA,"Cowdrey, Vincent",1000469295,Right,GEO_PAT,97851a62-7512-41db-857f-21d539233c37,55.12559,-120.2381,12.2944,5.60178,-3.0582,-15.83564,1.88274,-9.50111,6.49959,NA,NA,NA,NA,NA,NA,NA,NA,NA,NA,NA,NA,NA,NA,NA,NA,NA,NA,NA,NA,NA,NA,NA,NA,NA,NA,NA,NA,NA,NA,NA,NA,NA,NA,NA,NA,NA,NA,NA,NA,NA,NA,NA,NA,NA,NA,NA,NA,NA,NA,High,High,High,NA,NA,NA,NA,NA,NA,NA,NA,NA,NA,NA,NA,NA,NA,NA,NA,NA,NA,NA,NA,NA,NA,NA,NA,NA,NA,NA,NA,NA,NA,NA,NA,NA,NA,NA,NA,NA,NA,NA,NA,NA,NA,NA,NA,NA,NA,NA,NA,NA,NA,NA,NA,NA,NA,NA,NA,NA
NA,NA,NA,NA,NA,NA,NA,NA,NA,NA,NA,NA,NA,NA,NA,NA,204,2025-10-04,14:02:56,7,3,"Okeeffe, Shaun",1000297082,Left,GEO_PAT,"Shane, a",008,Right,GEO_PAT,Undefined,6,Top,2,2,0,Slider,Curveball,StrikeCalled,Undefined,Undefined,Undefined,0,0,NA,79.20091,1.357215,1.696983,2432.687626,347.870124,05:30:00,5.50709,-2.05637,4.42429,-55.86861,-8.58583,2.17354,2.14717,-0.2556,72.5186,-8.613486,2.076995,0.494906,NA,NA,NA,NA,NA,NA,NA,NA,NA,NA,NA,-0.5624,-4.14047,1.87381,50,5.59599,-3.49553,-114.75487,0.5131,-0.74651,22.14509,-37.66989,GEO_PAT,GEO_PAT,SpuhlerFieldMain,TeamExclusive,Team,20251004-SpuhlerFieldMain-Private-1,5b3dd250-a14c-11f0-b694-b1da4b1d52f5,76.16076,NA,NA,6.6823,NA,NA,NA,NA,NA,NA,399095c0-9636-49a8-8bc9-7cafea40f967,2025-10-04,18:02:56,2025-10-04T18:02:56Z,2025-10-04T18:02:56Z,NA,v3,471300,471300,NA,"Cowdrey, Vincent",1000469295,Right,GEO_PAT,5a4d5b0c-9d6d-4c77-be35-efbb64d57ef8,56.07961,-115.92216,11.07255,5.51661,2.49872,-18.83495,2.05702,-3.45618,-0.37325,NA,NA,NA,NA,NA,NA,NA,NA,NA,NA,NA,NA,NA,NA,NA,NA,NA,NA,NA,NA,NA,NA,NA,NA,NA,NA,NA,NA,NA,NA,NA,NA,NA,NA,NA,NA,NA,NA,NA,NA,NA,NA,NA,NA,NA,NA,NA,NA,NA,NA,High,High,High,NA,NA,NA,NA,NA,NA,NA,NA,NA,NA,NA,NA,NA,NA,NA,NA,NA,NA,NA,NA,NA,NA,NA,NA,NA,NA,NA,NA,NA,NA,NA,NA,NA,NA,NA,NA,NA,NA,NA,NA,NA,NA,NA,NA,NA,NA,NA,NA,NA,NA,NA,NA,NA,NA,NA,NA,NA
NA,NA,NA,NA,NA,NA,NA,NA,NA,NA,NA,NA,NA,NA,NA,NA,205,2025-10-04,14:03:16,7,4,"Okeeffe, Shaun",1000297082,Left,GEO_PAT,"Shane, a",008,Right,GEO_PAT,Undefined,6,Top,2,2,1,Slider,Curveball,BallCalled,Undefined,Undefined,Undefined,0,0,NA,80.17077,0.104949,3.853332,2468.900477,353.4825,05:45:00,5.52124,-1.99466,4.42164,-50.57459,-3.9511,0.63559,1.40707,1.7407,73.0009,-8.92785,3.964158,0.491444,NA,NA,NA,NA,NA,NA,NA,NA,NA,NA,NA,0.89158,-1.50618,1.58393,50,5.48269,-7.83151,-115.85132,-1.78332,1.19788,23.95115,-34.19772,GEO_PAT,GEO_PAT,SpuhlerFieldMain,TeamExclusive,Team,20251004-SpuhlerFieldMain-Private-1,67b113d0-a14c-11f0-b694-b1da4b1d52f5,76.69735,NA,NA,7.16986,NA,NA,NA,NA,NA,NA,399095c0-9636-49a8-8bc9-7cafea40f967,2025-10-04,18:03:16,2025-10-04T18:03:16Z,2025-10-04T18:03:16Z,NA,v3,471300,471300,NA,"Cowdrey, Vincent",1000469295,Right,GEO_PAT,2ba1da4e-aea9-44b5-9580-3327abcae857,56.0801,-117.10158,11.97558,5.52918,0.00181,-17.09886,1.99437,-7.89404,0.59894,NA,NA,NA,NA,NA,NA,NA,NA,NA,NA,NA,NA,NA,NA,NA,NA,NA,NA,NA,NA,NA,NA,NA,NA,NA,NA,NA,NA,NA,NA,NA,NA,NA,NA,NA,NA,NA,NA,NA,NA,NA,NA,NA,NA,NA,NA,NA,NA,NA,NA,High,High,High,NA,NA,NA,NA,NA,NA,NA,NA,NA,NA,NA,NA,NA,NA,NA,NA,NA,NA,NA,NA,NA,NA,NA,NA,NA,NA,NA,NA,NA,NA,NA,NA,NA,NA,NA,NA,NA,NA,NA,NA,NA,NA,NA,NA,NA,NA,NA,NA,NA,NA,NA,NA,NA,NA,NA,NA,NA
NA,NA,NA,NA,NA,NA,NA,NA,NA,NA,NA,NA,NA,NA,NA,NA,206,2025-10-04,14:03:39,7,5,"Okeeffe, Shaun",1000297082,Left,GEO_PAT,"Shane, a",008,Right,GEO_PAT,Undefined,6,Top,2,3,1,Sinker,Changeup,InPlay,Undefined,LineDrive,Out,1,0,NA,82.7798,-0.576429,4.095693,2217.331907,94.311691,09:15:00,5.62865,-1.81289,5.31519,-39.3873,2.70969,-16.93288,1.80393,0.62682,75.40451,-7.769813,1.094293,0.466979,76.80122,10.096949,-23.388741,3930.437401,NA,NA,NA,119.72521,109.62204,-29.701188,1.242594,9.80178,1.88591,1.45406,50,5.54752,-7.88453,-119.8429,-2.60534,14.14864,24.7746,-29.45181,GEO_PAT,GEO_PAT,SpuhlerFieldMain,TeamExclusive,Team,20251004-SpuhlerFieldMain-Private-1,756c3ea0-a14c-11f0-b694-b1da4b1d52f5,80.71557,7.37616,NA,7.37529,NA,NA,NA,2.45085,1.94517,-0.60373,399095c0-9636-49a8-8bc9-7cafea40f967,2025-10-04,18:03:39,2025-10-04T18:03:39Z,2025-10-04T18:03:39Z,LineDrive,v3,471300,471300,NA,"Cowdrey, Vincent",1000469295,Right,GEO_PAT,b8fe279c-3a42-4e7f-bf29-8258e066a177,55.18846,-120.91073,12.3873,5.63246,-1.33591,-14.7259,1.80704,-8.49436,7.07432,95.400938,2.45085,101.78495,-20.03536,3.95644,-0.80306,0.1333,-0.02201,0.00313,-2.6e-4,1.94517,19.74768,-18.70724,1.47014,-0.20865,0.02803,-0.00142,6e-5,-2e-5,-0.60373,-44.02254,-4.7548,2.48276,-0.80764,0.21474,-0.05025,0.00933,-9.6e-4,NA,NA,NA,NA,NA,NA,NA,NA,NA,NA,NA,NA,NA,NA,NA,NA,NA,NA,NA,NA,NA,NA,High,High,High,High,High,NA,NA,NA,NA,NA,NA,NA,NA,NA,NA,NA,NA,NA,NA,NA,NA,NA,NA,NA,NA,NA,NA,NA,NA,NA,NA,NA,NA,NA,NA,NA,NA,NA,NA,NA,NA,NA,NA,NA,NA,NA,NA,NA,NA,NA,NA,NA,NA,NA,NA,NA,NA,NA,NA,NA
NA,NA,NA,NA,NA,NA,NA,NA,NA,NA,NA,NA,NA,NA,NA,NA,207,2025-10-04,14:05:48,1,1,"KIm , A",NA,Left,GEO_PAT,"Cowdrey, Vincent",1000469295,Right,GEO_PAT,Undefined,6,Bottom,0,0,0,Fastball,Changeup,StrikeCalled,Undefined,Undefined,Undefined,0,0,NA,84.34646,-2.617826,-4.20124,2005.21222,233.462392,01:45:00,6.28959,1.72583,6.06073,-26.61431,12.94934,15.60084,1.64048,-0.8697,76.68084,-7.603833,-1.39939,0.452709,NA,NA,NA,NA,NA,NA,NA,NA,NA,NA,NA,-9.31028,7.87611,-1.40727,50,6.07145,8.35333,-122.05302,-6.3922,-13.92046,26.00026,-20.39797,GEO_PAT,GEO_PAT,SpuhlerFieldMain,TeamExclusive,Team,20251004-SpuhlerFieldMain-Private-1,c1e5e1a0-a14c-11f0-b694-b1da4b1d52f5,83.2597,NA,NA,7.66561,NA,NA,NA,NA,NA,NA,399095c0-9636-49a8-8bc9-7cafea40f967,2025-10-04,18:05:48,2025-10-04T18:05:48Z,2025-10-04T18:05:48Z,NA,v3,471300,471300,NA,"Ary, a",006,Right,GEO_PAT,96a39634-5055-4a83-b8d9-b6b46609c599,54.44037,-122.99529,13.00013,6.28971,-5.65296,-10.19898,-1.71914,8.85781,-6.96023,NA,NA,NA,NA,NA,NA,NA,NA,NA,NA,NA,NA,NA,NA,NA,NA,NA,NA,NA,NA,NA,NA,NA,NA,NA,NA,NA,NA,NA,NA,NA,NA,NA,NA,NA,NA,NA,NA,NA,NA,NA,NA,NA,NA,NA,NA,NA,NA,NA,NA,High,High,High,NA,NA,NA,NA,NA,NA,NA,NA,NA,NA,NA,NA,NA,NA,NA,NA,NA,NA,NA,NA,NA,NA,NA,NA,NA,NA,NA,NA,NA,NA,NA,NA,NA,NA,NA,NA,NA,NA,NA,NA,NA,NA,NA,NA,NA,NA,NA,NA,NA,NA,NA,NA,NA,NA,NA,NA,NA
NA,NA,NA,NA,NA,NA,NA,NA,NA,NA,NA,NA,NA,NA,NA,NA,208,2025-10-04,14:06:04,1,2,"KIm , A",NA,Left,GEO_PAT,"Cowdrey, Vincent",1000469295,Right,GEO_PAT,Undefined,6,Bottom,0,0,1,Splitter,Changeup,InPlay,Undefined,GroundBall,Error,0,0,NA,76.00908,-0.885182,-2.574706,1064.751124,247.797484,02:15:00,6.10386,2.07325,5.75291,-41.32298,7.32815,14.16902,1.83531,0.85544,69.93594,-8.486669,-0.036811,0.502016,51.95676,-71.641317,-74.192085,NA,NA,NA,NA,4.30403,3.96781,-20.975375,0.030693,-8.00961,4.40508,-1.86842,50,6.00487,4.45676,-110.33439,-2.95101,-9.86642,19.76317,-26.74778,GEO_PAT,GEO_PAT,SpuhlerFieldMain,TeamExclusive,Team,20251004-SpuhlerFieldMain-Private-1,cb7ae260-a14c-11f0-b694-b1da4b1d52f5,75.08209,2.23328,NA,6.07314,NA,NA,NA,3.81692,2.23328,-0.8276,399095c0-9636-49a8-8bc9-7cafea40f967,2025-10-04,18:06:04,2025-10-04T18:06:04Z,2025-10-04T18:06:04Z,GroundBall,v3,471300,471300,NA,"Ary, a",006,Right,GEO_PAT,6f7e6ec4-d173-485f-b798-fb4a820a5cb1,54.75061,-111.18206,9.88158,6.10684,-1.80376,-13.37389,-2.06865,4.87995,-4.93321,NA,3.81673,6.57775,NA,NA,NA,NA,NA,NA,NA,2.23544,-72.76138,NA,NA,NA,NA,NA,NA,NA,-0.82691,-23.23303,NA,NA,NA,NA,NA,NA,NA,NA,NA,NA,NA,NA,NA,NA,NA,NA,NA,NA,NA,NA,NA,NA,NA,NA,NA,NA,NA,NA,NA,High,High,High,Low,Low,NA,NA,NA,NA,NA,NA,NA,NA,NA,NA,NA,NA,NA,NA,NA,NA,NA,NA,NA,NA,NA,NA,NA,NA,NA,NA,NA,NA,NA,NA,NA,NA,NA,NA,NA,NA,NA,NA,NA,NA,NA,NA,NA,NA,NA,NA,NA,NA,NA,NA,NA,NA,NA,NA,NA
NA,NA,NA,NA,NA,NA,NA,NA,NA,NA,NA,NA,NA,NA,NA,NA,209,2025-10-04,14:06:50,2,1,"KIm , A",NA,Left,GEO_PAT,"Blanchard, Evan",10073877,Right,GEO_PAT,Undefined,6,Bottom,0,0,0,Fastball,Changeup,InPlay,Undefined,Bunt,Sacrifice,1,0,NA,83.63383,-2.499169,-2.309961,1940.245399,224.999097,01:30:00,6.1842,1.8417,5.96865,-24.09923,16.3565,14.8769,1.85535,0.93849,75.64308,-7.048907,0.363965,0.457785,NA,NA,NA,NA,NA,NA,NA,NA,NA,NA,NA,-8.443,9.64028,-1.66706,50,5.97261,4.31163,-121.18289,-5.99022,-12.36362,27.05006,-18.05714,GEO_PAT,GEO_PAT,SpuhlerFieldMain,TeamExclusive,Team,20251004-SpuhlerFieldMain-Private-1,e6f1fb50-a14c-11f0-b694-b1da4b1d52f5,82.33656,NA,NA,7.99075,NA,NA,NA,NA,NA,NA,399095c0-9636-49a8-8bc9-7cafea40f967,2025-10-04,18:06:50,2025-10-04T18:06:50Z,2025-10-04T18:06:50Z,NA,v3,471300,471300,NA,"Ary, a",006,Right,GEO_PAT,2bb9411e-bb25-421f-a770-d6efc0b970f1,54.5327,-122.19048,13.52503,6.18321,-5.31761,-9.02857,-1.83625,4.77216,-6.18181,NA,NA,NA,NA,NA,NA,NA,NA,NA,NA,NA,NA,NA,NA,NA,NA,NA,NA,NA,NA,NA,NA,NA,NA,NA,NA,NA,NA,NA,NA,NA,NA,NA,NA,NA,NA,NA,NA,NA,NA,NA,NA,NA,NA,NA,NA,NA,NA,NA,NA,High,High,High,NA,NA,NA,NA,NA,NA,NA,NA,NA,NA,NA,NA,NA,NA,NA,NA,NA,NA,NA,NA,NA,NA,NA,NA,NA,NA,NA,NA,NA,NA,NA,NA,NA,NA,NA,NA,NA,NA,NA,NA,NA,NA,NA,NA,NA,NA,NA,NA,NA,NA,NA,NA,NA,NA,NA,NA,NA
NA,NA,NA,NA,NA,NA,NA,NA,NA,NA,NA,NA,NA,NA,NA,NA,210,2025-10-04,14:07:33,3,1,"KIm , A",NA,Left,GEO_PAT,"Bagnerise , Julius",1000469309,Right,GEO_PAT,Undefined,6,Bottom,1,0,0,Fastball,Changeup,InPlay,Undefined,LineDrive,Double,0,1,NA,84.25272,-1.201912,-2.954637,1936.304284,229.430611,01:45:00,6.19641,1.8524,5.95781,-23.39147,16.36446,17.46044,3.13084,0.56492,76.20167,-5.632121,0.179572,0.453808,93.49129,16.280944,-27.486847,3660.732643,93.20147,26.91627,-58.42501,271.24683,270.26507,-38.365636,2.977742,-9.90756,9.18528,-1.62736,50,6.08785,5.61143,-122.13186,-3.24417,-14.78288,26.77963,-18.46885,GEO_PAT,GEO_PAT,SpuhlerFieldMain,TeamExclusive,Team,20251004-SpuhlerFieldMain-Private-1,00942d30-a14d-11f0-b694-b1da4b1d52f5,83.05806,29.32794,NA,8.05105,NA,NA,NA,0.85302,3.06862,-0.51303,399095c0-9636-49a8-8bc9-7cafea40f967,2025-10-04,18:07:33,2025-10-04T18:07:33Z,2025-10-04T18:07:33Z,LineDrive,v3,471300,471300,NA,"Ary, a",006,Right,GEO_PAT,638de074-b2f3-47c8-9d2d-19a7ffccc9af,54.54335,-123.12404,13.38981,6.19537,-2.5599,-9.23443,-1.84541,6.15913,-7.39144,126.109519,0.85309,116.76053,-27.13677,6.77948,-1.4633,0.23111,-0.01827,-0.00129,3.4e-4,3.06852,38.44565,-14.38846,-0.0127,0.22267,-0.02364,-0.01412,0.00607,-7.1e-4,-0.51303,-60.74936,-0.50141,1.85633,-0.80093,0.23913,-0.05309,0.00746,-4.9e-4,NA,NA,NA,NA,NA,NA,NA,NA,NA,NA,NA,NA,NA,NA,NA,NA,NA,NA,NA,NA,NA,NA,High,High,High,High,High,NA,NA,NA,NA,NA,NA,NA,NA,NA,NA,NA,NA,NA,NA,NA,NA,NA,NA,NA,NA,NA,NA,NA,NA,NA,NA,NA,NA,NA,NA,NA,NA,NA,NA,NA,NA,NA,NA,NA,NA,NA,NA,NA,NA,NA,NA,NA,NA,NA,NA,NA,NA,NA,NA,NA
NA,NA,NA,NA,NA,NA,NA,NA,NA,NA,NA,NA,NA,NA,NA,NA,211,2025-10-04,14:08:21,4,1,"KIm , A",NA,Left,GEO_PAT,"Canody, Andrew",1000415298,Right,GEO_PAT,Undefined,6,Bottom,1,0,0,Splitter,Changeup,InPlay,Undefined,Bunt,Out,1,0,NA,74.81633,0.230149,-1.974449,1127.032513,240.14077,02:00:00,6.07818,2.1287,5.70043,-41.3816,9.37725,13.27367,2.84431,1.39417,68.04896,-7.434364,0.400096,0.512775,24.76754,36.772636,-29.711346,1783.292849,NA,NA,NA,46.09169,44.82503,-31.091879,1.54328,-7.41804,5.17048,-1.97161,50,6.07176,3.26707,-108.52832,-0.78483,-8.75096,20.92551,-26.0745,GEO_PAT,GEO_PAT,SpuhlerFieldMain,TeamExclusive,Team,20251004-SpuhlerFieldMain-Private-1,1cf55800-a14d-11f0-b694-b1da4b1d52f5,73.50671,10.57776,NA,6.76737,NA,NA,NA,3.2247,3.07263,-1.38112,399095c0-9636-49a8-8bc9-7cafea40f967,2025-10-04,18:08:21,2025-10-04T18:08:21Z,2025-10-04T18:08:21Z,GroundBall,v3,471300,471300,NA,"Ary, a",006,Right,GEO_PAT,c3820263-f94e-4bb4-a7c0-ed943789c184,54.80146,-109.45018,10.46276,6.08103,0.36387,-13.03725,-2.12403,3.65259,-4.37548,143.90626,3.22469,25.27322,-2.02355,0.80285,-0.19493,-0.16965,0.30863,-0.16526,0.03045,3.07263,21.74683,-16.10885,0.68561,-0.53941,0.79111,-0.62014,0.23171,-0.0345,-1.38112,-14.42156,-0.11261,0.03794,-0.0056,-0.01408,0.02039,-0.01038,0.00187,NA,NA,NA,NA,NA,NA,NA,NA,NA,NA,NA,NA,NA,NA,NA,NA,NA,NA,NA,NA,NA,NA,High,High,High,High,High,NA,NA,NA,NA,NA,NA,NA,NA,NA,NA,NA,NA,NA,NA,NA,NA,NA,NA,NA,NA,NA,NA,NA,NA,NA,NA,NA,NA,NA,NA,NA,NA,NA,NA,NA,NA,NA,NA,NA,NA,NA,NA,NA,NA,NA,NA,NA,NA,NA,NA,NA,NA,NA,NA,NA
NA,NA,NA,NA,NA,NA,NA,NA,NA,NA,NA,NA,NA,NA,NA,NA,212,2025-10-04,14:08:58,5,1,"KIm , A",NA,Left,GEO_PAT,"Clyne , Owen",1000230336,Left,GEO_PAT,Undefined,6,Bottom,2,0,0,Curveball,Curveball,StrikeCalled,Undefined,Undefined,Undefined,0,0,NA,70.04797,1.884644,-0.853574,1638.05789,60.39661,08:00:00,6.11257,2.20079,5.6904,-62.54598,-4.13441,-10.99666,2.65782,0.48877,63.55148,-9.596993,-2.82215,0.550074,NA,NA,NA,NA,NA,NA,NA,NA,NA,NA,NA,5.25465,-2.02622,-2.12218,50,6.23278,1.89946,-101.5397,1.49375,5.37875,19.65676,-34.24811,GEO_PAT,GEO_PAT,SpuhlerFieldMain,TeamExclusive,Team,20251004-SpuhlerFieldMain-Private-1,335be6e0-a14d-11f0-b694-b1da4b1d52f5,68.52254,NA,NA,6.49649,NA,NA,NA,NA,NA,NA,399095c0-9636-49a8-8bc9-7cafea40f967,2025-10-04,18:08:58,2025-10-04T18:08:58Z,2025-10-04T18:08:58Z,NA,v3,471300,471300,NA,"Ary, a",006,Right,GEO_PAT,190c5c66-3e15-4b18-866f-c77c60154319,54.81061,-102.46674,9.82838,6.12424,3.10894,-17.12406,-2.20578,1.64578,2.68938,NA,NA,NA,NA,NA,NA,NA,NA,NA,NA,NA,NA,NA,NA,NA,NA,NA,NA,NA,NA,NA,NA,NA,NA,NA,NA,NA,NA,NA,NA,NA,NA,NA,NA,NA,NA,NA,NA,NA,NA,NA,NA,NA,NA,NA,NA,NA,NA,NA,NA,High,High,High,NA,NA,NA,NA,NA,NA,NA,NA,NA,NA,NA,NA,NA,NA,NA,NA,NA,NA,NA,NA,NA,NA,NA,NA,NA,NA,NA,NA,NA,NA,NA,NA,NA,NA,NA,NA,NA,NA,NA,NA,NA,NA,NA,NA,NA,NA,NA,NA,NA,NA,NA,NA,NA,NA,NA,NA,NA
NA,NA,NA,NA,NA,NA,NA,NA,NA,NA,NA,NA,NA,NA,NA,NA,213,2025-10-04,14:09:16,5,2,"KIm , A",NA,Left,GEO_PAT,"Clyne , Owen",1000230336,Left,GEO_PAT,Undefined,6,Bottom,2,0,1,Fastball,Changeup,InPlay,Undefined,LineDrive,Single,0,1,NA,84.24209,-0.579179,-2.609727,1976.01495,225.748503,01:30:00,6.45558,2.09125,5.96994,-24.55773,15.59143,14.41064,3.87154,0.87079,75.37344,-5.250765,-0.022045,0.456047,87.20667,18.747851,3.801696,727.033286,109.76233,28.74809,7.22435,245.00827,245.00827,3.912396,2.754079,-8.31418,8.63831,-1.89242,50,6.39626,4.98482,-122.02518,-1.94582,-12.24207,29.25865,-19.45468,GEO_PAT,GEO_PAT,SpuhlerFieldMain,TeamExclusive,Team,20251004-SpuhlerFieldMain-Private-1,3dbee600-a14d-11f0-b694-b1da4b1d52f5,82.65035,29.70995,NA,8.86866,NA,NA,NA,1.91238,3.94394,-0.88282,399095c0-9636-49a8-8bc9-7cafea40f967,2025-10-04,18:09:16,2025-10-04T18:09:16Z,2025-10-04T18:09:16Z,LineDrive,v3,471300,471300,NA,"Ary, a",006,Right,GEO_PAT,42bdb335-eb36-49a6-942e-5278b9e82984,54.52931,-123.10641,14.62932,6.45488,-1.22689,-9.72734,-2.08499,5.43721,-6.12103,197.662988,1.91253,120.84317,-20.0045,4.65427,-0.92431,0.17998,-0.04359,0.00867,-7.6e-4,3.94379,41.11519,-17.39479,0.90882,-0.11628,0.00481,0.01054,-0.00344,3.7e-4,-0.88296,8.03633,0.39664,-0.76719,0.24271,-0.06667,0.02172,-0.00498,4.8e-4,NA,NA,NA,NA,NA,NA,NA,NA,NA,NA,NA,NA,NA,NA,NA,NA,NA,NA,NA,NA,NA,NA,High,High,High,High,High,NA,NA,NA,NA,NA,NA,NA,NA,NA,NA,NA,NA,NA,NA,NA,NA,NA,NA,NA,NA,NA,NA,NA,NA,NA,NA,NA,NA,NA,NA,NA,NA,NA,NA,NA,NA,NA,NA,NA,NA,NA,NA,NA,NA,NA,NA,NA,NA,NA,NA,NA,NA,NA,NA,NA
NA,NA,NA,NA,NA,NA,NA,NA,NA,NA,NA,NA,NA,NA,NA,NA,214,2025-10-04,14:09:53,6,1,"KIm , A",NA,Left,GEO_PAT,"Alberti, Lucas",1000145512,Right,GEO_PAT,Undefined,6,Bottom,2,0,0,Splitter,Changeup,BallCalled,Undefined,Undefined,Undefined,0,0,NA,75.90649,0.786657,-2.363093,1129.994839,238.748083,02:00:00,6.15933,2.18121,5.89706,-40.417230000000004,8.40103,11.1469,3.52226,0.91487,69.14144,-6.722995,-0.3634,0.502878,NA,NA,NA,NA,NA,NA,NA,NA,NA,NA,NA,-6.37721,4.57335,-1.99714,50,6.19975,4.13546,-110.11216,0.32514,-7.77761,20.76508,-26.5964,GEO_PAT,GEO_PAT,SpuhlerFieldMain,TeamExclusive,Team,20251004-SpuhlerFieldMain-Private-1,53e20340-a14d-11f0-b694-b1da4b1d52f5,74.95346,NA,NA,6.76504,NA,NA,NA,NA,NA,NA,399095c0-9636-49a8-8bc9-7cafea40f967,2025-10-04,18:09:53,2025-10-04T18:09:53Z,2025-10-04T18:09:53Z,NA,v3,471300,471300,NA,"Ary, a",006,Right,GEO_PAT,98eed2d6-0765-4cd1-907e-9032d1aebf42,54.60292,-110.97679,10.38254,6.16316,1.43258,-13.2982,-2.17607,4.45931,-3.8888,NA,NA,NA,NA,NA,NA,NA,NA,NA,NA,NA,NA,NA,NA,NA,NA,NA,NA,NA,NA,NA,NA,NA,NA,NA,NA,NA,NA,NA,NA,NA,NA,NA,NA,NA,NA,NA,NA,NA,NA,NA,NA,NA,NA,NA,NA,NA,NA,NA,NA,High,High,High,NA,NA,NA,NA,NA,NA,NA,NA,NA,NA,NA,NA,NA,NA,NA,NA,NA,NA,NA,NA,NA,NA,NA,NA,NA,NA,NA,NA,NA,NA,NA,NA,NA,NA,NA,NA,NA,NA,NA,NA,NA,NA,NA,NA,NA,NA,NA,NA,NA,NA,NA,NA,NA,NA,NA,NA,NA
NA,NA,NA,NA,NA,NA,NA,NA,NA,NA,NA,NA,NA,NA,NA,NA,215,2025-10-04,14:10:13,6,2,"KIm , A",NA,Left,GEO_PAT,"Alberti, Lucas",1000145512,Right,GEO_PAT,Undefined,6,Bottom,2,1,0,Splitter,Changeup,InPlay,Undefined,GroundBall,Single,0,0,NA,75.04241,-0.927708,-3.342162,1171.204524,226.968907,01:30:00,6.14813,2.16679,5.79821,-36.85108,13.60276,12.64568,2.21274,0.10829,68.17156,-7.785767,-1.079442,0.511233,95.39163,-2.284856,-25.623181,3557.137255,NA,NA,NA,37.77307,33.6946,-25.029047,0.261069,-7.53205,7.73993,-1.89949,50,6.04982,5.89692,-108.70781,-2.81149,-8.9058,21.17431,-23.02248,GEO_PAT,GEO_PAT,SpuhlerFieldMain,TeamExclusive,Team,20251004-SpuhlerFieldMain-Private-1,5ff94210-a14d-11f0-b694-b1da4b1d52f5,73.72855,2.48254,NA,6.87085,NA,NA,NA,2.74715,2.48254,-0.22271,399095c0-9636-49a8-8bc9-7cafea40f967,2025-10-04,18:10:13,2025-10-04T18:10:13Z,2025-10-04T18:10:13Z,GroundBall,v3,471300,471300,NA,"Ary, a",006,Right,GEO_PAT,6f12f28a-59e6-4c3f-a0be-8956565c463b,54.70258,-109.61995,10.58716,6.14957,-1.81972,-11.51124,-2.16178,6.28057,-4.4529,88.30013,2.7501,125.89831,-20.47054,NA,NA,NA,NA,NA,NA,2.48358,-5.63068,-14.88625,NA,NA,NA,NA,NA,NA,-0.22207,-60.48764,0.46927,NA,NA,NA,NA,NA,NA,NA,NA,NA,NA,NA,NA,NA,NA,NA,NA,NA,NA,NA,NA,NA,NA,NA,NA,NA,NA,NA,NA,High,High,High,High,Medium,NA,NA,NA,NA,NA,NA,NA,NA,NA,NA,NA,NA,NA,NA,NA,NA,NA,NA,NA,NA,NA,NA,NA,NA,NA,NA,NA,NA,NA,NA,NA,NA,NA,NA,NA,NA,NA,NA,NA,NA,NA,NA,NA,NA,NA,NA,NA,NA,NA,NA,NA,NA,NA,NA,NA
NA,NA,NA,NA,NA,NA,NA,NA,NA,NA,NA,NA,NA,NA,NA,NA,216,2025-10-04,14:10:57,7,1,"KIm , A",NA,Left,GEO_PAT,"Terilli, Lucas",1000469290,Left,GEO_PAT,Undefined,6,Bottom,2,0,0,Splitter,Changeup,StrikeCalled,Undefined,Undefined,Undefined,0,0,NA,75.16066,-0.713904,-2.524106,1289.272519,244.424166,02:15:00,6.04056,2.28368,5.8773,-41.40049,8.54036,14.24973,1.92677,1.12528,68.5671,-8.38071,0.034005,0.508627,NA,NA,NA,NA,NA,NA,NA,NA,NA,NA,NA,-8.04359,5.10733,-2.08769,50,5.95902,4.29188,-109.00792,-2.56787,-9.58995,20.79735,-26.08486,GEO_PAT,GEO_PAT,SpuhlerFieldMain,TeamExclusive,Team,20251004-SpuhlerFieldMain-Private-1,7a186c20-a14d-11f0-b694-b1da4b1d52f5,74.10625,NA,NA,6.59356,NA,NA,NA,NA,NA,NA,399095c0-9636-49a8-8bc9-7cafea40f967,2025-10-04,18:10:57,2025-10-04T18:10:57Z,2025-10-04T18:10:57Z,NA,v3,471300,471300,NA,"Ary, a",006,Right,GEO_PAT,5c263807-669e-4682-bbc6-b6ff9f3a115a,54.6233,-109.88645,10.39867,6.04422,-1.46598,-13.04243,-2.27754,4.69698,-4.79498,NA,NA,NA,NA,NA,NA,NA,NA,NA,NA,NA,NA,NA,NA,NA,NA,NA,NA,NA,NA,NA,NA,NA,NA,NA,NA,NA,NA,NA,NA,NA,NA,NA,NA,NA,NA,NA,NA,NA,NA,NA,NA,NA,NA,NA,NA,NA,NA,NA,NA,High,High,High,NA,NA,NA,NA,NA,NA,NA,NA,NA,NA,NA,NA,NA,NA,NA,NA,NA,NA,NA,NA,NA,NA,NA,NA,NA,NA,NA,NA,NA,NA,NA,NA,NA,NA,NA,NA,NA,NA,NA,NA,NA,NA,NA,NA,NA,NA,NA,NA,NA,NA,NA,NA,NA,NA,NA,NA,NA
NA,NA,NA,NA,NA,NA,NA,NA,NA,NA,NA,NA,NA,NA,NA,NA,217,2025-10-04,14:11:16,7,2,"KIm , A",NA,Left,GEO_PAT,"Terilli, Lucas",1000469290,Left,GEO_PAT,Undefined,6,Bottom,2,0,1,Fastball,Four-Seam,BallCalled,Undefined,Undefined,Undefined,0,0,NA,86.70472,-3.502119,-4.491506,2133.297837,216.056343,01:15:00,6.34139,1.88011,6.09998,-18.67761,19.19493,12.90312,1.53177,-1.20738,77.87638,-7.086488,-2.176192,0.442929,NA,NA,NA,NA,NA,NA,NA,NA,NA,NA,NA,-8.14225,11.48422,-1.54031,50,6.06095,9.30586,-125.16914,-8.1778,-12.66445,29.88361,-14.31148,GEO_PAT,GEO_PAT,SpuhlerFieldMain,TeamExclusive,Team,20251004-SpuhlerFieldMain-Private-1,85a19bc0-a14d-11f0-b694-b1da4b1d52f5,85.09822,NA,NA,8.82834,NA,NA,NA,NA,NA,NA,399095c0-9636-49a8-8bc9-7cafea40f967,2025-10-04,18:11:16,2025-10-04T18:11:16Z,2025-10-04T18:11:16Z,NA,v3,471300,471300,NA,"Ary, a",006,Right,GEO_PAT,d3e4ddea-4f6b-4451-913d-b6df02319425,54.3989,-126.21499,14.9418,6.33839,-7.67694,-7.15574,-1.87375,9.74908,-6.33223,NA,NA,NA,NA,NA,NA,NA,NA,NA,NA,NA,NA,NA,NA,NA,NA,NA,NA,NA,NA,NA,NA,NA,NA,NA,NA,NA,NA,NA,NA,NA,NA,NA,NA,NA,NA,NA,NA,NA,NA,NA,NA,NA,NA,NA,NA,NA,NA,NA,NA,High,High,High,NA,NA,NA,NA,NA,NA,NA,NA,NA,NA,NA,NA,NA,NA,NA,NA,NA,NA,NA,NA,NA,NA,NA,NA,NA,NA,NA,NA,NA,NA,NA,NA,NA,NA,NA,NA,NA,NA,NA,NA,NA,NA,NA,NA,NA,NA,NA,NA,NA,NA,NA,NA,NA,NA,NA,NA,NA
NA,NA,NA,NA,NA,NA,NA,NA,NA,NA,NA,NA,NA,NA,NA,NA,218,2025-10-04,14:11:36,7,3,"KIm , A",NA,Left,GEO_PAT,"Terilli, Lucas",1000469290,Left,GEO_PAT,Undefined,6,Bottom,2,1,1,Splitter,Changeup,BallCalled,Undefined,Undefined,Undefined,0,0,NA,74.00783,-2.123128,-3.713142,1152.754583,217.308728,01:15:00,5.99302,2.37076,5.96309,-37.87569,13.68828,9.04422,0.86291,-0.32355,67.560059999999993,-9.1529,-2.090028,0.516826,NA,NA,NA,NA,NA,NA,NA,NA,NA,NA,NA,-5.80461,8.21209,-2.08082,50,5.80308,6.64205,-107.14449,-5.01885,-6.6793,20.26281,-22.72448,GEO_PAT,GEO_PAT,SpuhlerFieldMain,TeamExclusive,Team,20251004-SpuhlerFieldMain-Private-1,9159f1b0-a14d-11f0-b694-b1da4b1d52f5,72.93057,NA,NA,6.44777,NA,NA,NA,NA,NA,NA,399095c0-9636-49a8-8bc9-7cafea40f967,2025-10-04,18:11:36,2025-10-04T18:11:36Z,2025-10-04T18:11:36Z,NA,v3,471300,471300,NA,"Ary, a",006,Right,GEO_PAT,de10ff12-ea17-4607-af90-def6b85c3438,54.537350000000004,-107.99917,10.13141,5.99456,-4.06033,-11.36224,-2.36692,6.92378,-3.33965,NA,NA,NA,NA,NA,NA,NA,NA,NA,NA,NA,NA,NA,NA,NA,NA,NA,NA,NA,NA,NA,NA,NA,NA,NA,NA,NA,NA,NA,NA,NA,NA,NA,NA,NA,NA,NA,NA,NA,NA,NA,NA,NA,NA,NA,NA,NA,NA,NA,NA,High,High,High,NA,NA,NA,NA,NA,NA,NA,NA,NA,NA,NA,NA,NA,NA,NA,NA,NA,NA,NA,NA,NA,NA,NA,NA,NA,NA,NA,NA,NA,NA,NA,NA,NA,NA,NA,NA,NA,NA,NA,NA,NA,NA,NA,NA,NA,NA,NA,NA,NA,NA,NA,NA,NA,NA,NA,NA,NA
NA,NA,NA,NA,NA,NA,NA,NA,NA,NA,NA,NA,NA,NA,NA,NA,219,2025-10-04,14:11:57,7,4,"KIm , A",NA,Left,GEO_PAT,"Terilli, Lucas",1000469290,Left,GEO_PAT,Undefined,6,Bottom,2,2,1,Slider,Curveball,InPlay,Undefined,GroundBall,Out,1,0,NA,72.19054,1.694599,-2.161919,1703.958481,13.89347,06:30:00,6.09274,2.10645,5.71106,-65.27956,-9.99378,-2.9874,2.23321,-0.1577,65.23219,-10.263607,-2.696937,0.535153,85.93325,-13.628571,33.211241,NA,NA,NA,NA,12.16146,11.66889,28.408142,0.084724,0.75894,-5.15894,-1.92338,50,6.19427,4.05304,-104.58478,1.11463,0.81876,21.90855,-37.73956,GEO_PAT,GEO_PAT,SpuhlerFieldMain,TeamExclusive,Team,20251004-SpuhlerFieldMain-Private-1,9ddceaa0-a14d-11f0-b694-b1da4b1d52f5,70.433,2.52171,NA,6.95835,NA,NA,NA,1.99507,2.52171,0.08899,399095c0-9636-49a8-8bc9-7cafea40f967,2025-10-04,18:11:57,2025-10-04T18:11:57Z,2025-10-04T18:11:57Z,GroundBall,v3,471300,471300,NA,"Ary, a",006,Right,GEO_PAT,5e63353c-f354-49ff-bc5e-82881fb7e417,54.79198,-105.58384,10.95428,6.1042,2.8356,-18.86978,-2.10735,4.0157,0.40938,180,1.99194,102.70904,NA,NA,NA,NA,NA,NA,NA,2.52262,-29.76388,NA,NA,NA,NA,NA,NA,NA,0.08694,67.23969,NA,NA,NA,NA,NA,NA,NA,NA,NA,NA,NA,NA,NA,NA,NA,NA,NA,NA,NA,NA,NA,NA,NA,NA,NA,NA,NA,NA,NA,High,High,High,Low,Low,NA,NA,NA,NA,NA,NA,NA,NA,NA,NA,NA,NA,NA,NA,NA,NA,NA,NA,NA,NA,NA,NA,NA,NA,NA,NA,NA,NA,NA,NA,NA,NA,NA,NA,NA,NA,NA,NA,NA,NA,NA,NA,NA,NA,NA,NA,NA,NA,NA,NA,NA,NA,NA,NA,NA
NA,NA,NA,NA,NA,NA,NA,NA,NA,NA,NA,NA,NA,NA,NA,NA,220,2025-10-04,14:14:48,1,1,"Rozich , Landen",1000469268,Right,GEO_PAT,"Babu, a",0011,Right,GEO_PAT,Undefined,7,Top,0,0,0,Fastball,Sinker,BallCalled,Undefined,Undefined,Undefined,0,0,NA,90.66293,-3.229568,-4.451083,2201.604461,224.55573,01:30:00,5.82014,1.22573,5.22646,-17.11777,18.58186,16.94962,1.34497,-1.55493,81.45145,-6.473517,-1.458002,0.430034,NA,NA,NA,NA,NA,NA,NA,NA,NA,NA,NA,-9.92997,10.71922,-0.82789,50,5.50911,9.38763,-130.78367,-7.95912,-16.91376,31.84418,-13.91594,GEO_PAT,GEO_PAT,SpuhlerFieldMain,TeamExclusive,Team,20251004-SpuhlerFieldMain-Private-1,03f4eef0-a14e-11f0-b694-b1da4b1d52f5,87.64982,NA,NA,9.21149,NA,NA,NA,NA,NA,NA,399095c0-9636-49a8-8bc9-7cafea40f967,2025-10-04,18:14:48,2025-10-04T18:14:48Z,2025-10-04T18:14:48Z,NA,v3,471300,471300,NA,"Cowdrey, Vincent",1000469295,Right,GEO_PAT,344c036c-75c4-4749-bda7-5d3955dbf43d,55.27375,-132.06152,15.92209,5.81729,-7.4007,-6.95797,-1.21822,10.06635,-8.45688,NA,NA,NA,NA,NA,NA,NA,NA,NA,NA,NA,NA,NA,NA,NA,NA,NA,NA,NA,NA,NA,NA,NA,NA,NA,NA,NA,NA,NA,NA,NA,NA,NA,NA,NA,NA,NA,NA,NA,NA,NA,NA,NA,NA,NA,NA,NA,NA,NA,NA,High,High,High,NA,NA,NA,NA,NA,NA,NA,NA,NA,NA,NA,NA,NA,NA,NA,NA,NA,NA,NA,NA,NA,NA,NA,NA,NA,NA,NA,NA,NA,NA,NA,NA,NA,NA,NA,NA,NA,NA,NA,NA,NA,NA,NA,NA,NA,NA,NA,NA,NA,NA,NA,NA,NA,NA,NA,NA,NA
NA,NA,NA,NA,NA,NA,NA,NA,NA,NA,NA,NA,NA,NA,NA,NA,221,2025-10-04,14:15:01,1,2,"Rozich , Landen",1000469268,Right,GEO_PAT,"Babu, a",0011,Right,GEO_PAT,Undefined,7,Top,0,1,0,Fastball,Sinker,BallCalled,Undefined,Undefined,Undefined,0,0,NA,90.19258,-0.382915,-1.412941,2242.905258,228.636925,01:30:00,5.74699,1.38235,4.9804,-19.65103,16.67792,17.34926,3.74765,1.49341,80.55164,-4.087619,1.647951,0.433808,NA,NA,NA,NA,NA,NA,NA,NA,NA,NA,NA,-8.96319,8.7428,-1.26061,50,5.69492,2.35886,-130.46941,-1.55458,-15.11436,33.00496,-17.43137,GEO_PAT,GEO_PAT,SpuhlerFieldMain,TeamExclusive,Team,20251004-SpuhlerFieldMain-Private-1,0b8ff470-a14e-11f0-b694-b1da4b1d52f5,86.88729,NA,NA,9.64094,NA,NA,NA,NA,NA,NA,399095c0-9636-49a8-8bc9-7cafea40f967,2025-10-04,18:15:01,2025-10-04T18:15:01Z,2025-10-04T18:15:01Z,NA,v3,471300,471300,NA,"Cowdrey, Vincent",1000469295,Right,GEO_PAT,d93a5759-5e82-4dcf-8954-3505d1b138c1,55.51616,-131.85746,16.50248,5.74488,-0.82149,-8.71569,-1.37319,2.99451,-7.55718,NA,NA,NA,NA,NA,NA,NA,NA,NA,NA,NA,NA,NA,NA,NA,NA,NA,NA,NA,NA,NA,NA,NA,NA,NA,NA,NA,NA,NA,NA,NA,NA,NA,NA,NA,NA,NA,NA,NA,NA,NA,NA,NA,NA,NA,NA,NA,NA,NA,NA,High,High,High,NA,NA,NA,NA,NA,NA,NA,NA,NA,NA,NA,NA,NA,NA,NA,NA,NA,NA,NA,NA,NA,NA,NA,NA,NA,NA,NA,NA,NA,NA,NA,NA,NA,NA,NA,NA,NA,NA,NA,NA,NA,NA,NA,NA,NA,NA,NA,NA,NA,NA,NA,NA,NA,NA,NA,NA,NA
NA,NA,NA,NA,NA,NA,NA,NA,NA,NA,NA,NA,NA,NA,NA,NA,222,2025-10-04,14:15:17,1,3,"Rozich , Landen",1000469268,Right,GEO_PAT,"Babu, a",0011,Right,GEO_PAT,Undefined,7,Top,0,2,0,ChangeUp,Changeup,StrikeCalled,Undefined,Undefined,Undefined,0,0,NA,77.46828,0.8676,-2.875813,2219.260628,277.228219,03:15:00,5.8544,1.12904,4.99523,-49.87944,-1.04595,21.95694,2.51806,0.2412,70.23376,-8.189679,1.00137,0.502956,NA,NA,NA,NA,NA,NA,NA,NA,NA,NA,NA,-11.73749,-0.2635,-0.87075,50,5.89764,4.7234,-112.16028,-0.0722,-14.75177,22.81842,-32.50523,GEO_PAT,GEO_PAT,SpuhlerFieldMain,TeamExclusive,Team,20251004-SpuhlerFieldMain-Private-1,14ff92e0-a14e-11f0-b694-b1da4b1d52f5,74.94177,NA,NA,7.23452,NA,NA,NA,NA,NA,NA,399095c0-9636-49a8-8bc9-7cafea40f967,2025-10-04,18:15:17,2025-10-04T18:15:17Z,2025-10-04T18:15:17Z,NA,v3,471300,471300,NA,"Cowdrey, Vincent",1000469295,Right,GEO_PAT,0a49d513-ff22-43a1-9ba5-c30b1e3fd880,55.50717,-113.27514,11.40921,5.86238,1.51594,-16.25262,-1.11913,5.44414,-7.37589,NA,NA,NA,NA,NA,NA,NA,NA,NA,NA,NA,NA,NA,NA,NA,NA,NA,NA,NA,NA,NA,NA,NA,NA,NA,NA,NA,NA,NA,NA,NA,NA,NA,NA,NA,NA,NA,NA,NA,NA,NA,NA,NA,NA,NA,NA,NA,NA,NA,NA,High,High,High,NA,NA,NA,NA,NA,NA,NA,NA,NA,NA,NA,NA,NA,NA,NA,NA,NA,NA,NA,NA,NA,NA,NA,NA,NA,NA,NA,NA,NA,NA,NA,NA,NA,NA,NA,NA,NA,NA,NA,NA,NA,NA,NA,NA,NA,NA,NA,NA,NA,NA,NA,NA,NA,NA,NA,NA,NA
NA,NA,NA,NA,NA,NA,NA,NA,NA,NA,NA,NA,NA,NA,NA,NA,223,2025-10-04,14:15:31,1,4,"Rozich , Landen",1000469268,Right,GEO_PAT,"Babu, a",0011,Right,GEO_PAT,Undefined,7,Top,0,2,1,ChangeUp,Changeup,StrikeSwinging,Undefined,Undefined,Undefined,0,0,NA,78.57588,-0.178111,-3.352511,2221.94225,269.1739,03:00:00,5.91304,1.1376,5.18707,-45.45136,2.15473,21.48324,1.95757,-0.2299,70.62656,-8.493376,0.45339,0.496595,NA,NA,NA,NA,NA,NA,NA,NA,NA,NA,NA,-11.85682,1.65764,-0.84294,50,5.86231,5.7716,-113.62619,-1.92461,-15.14146,25.32404,-30.05718,GEO_PAT,GEO_PAT,SpuhlerFieldMain,TeamExclusive,Team,20251004-SpuhlerFieldMain-Private-1,1d5b5050-a14e-11f0-b694-b1da4b1d52f5,75.90171,NA,NA,7.94932,NA,NA,NA,NA,NA,NA,399095c0-9636-49a8-8bc9-7cafea40f967,2025-10-04,18:15:31,2025-10-04T18:15:31Z,2025-10-04T18:15:31Z,NA,v3,471300,471300,NA,"Cowdrey, Vincent",1000469295,Right,GEO_PAT,a163de7c-ef95-4f86-892e-5dbbe9ac06f9,55.31365,-114.80434,12.66202,5.91932,-0.52626,-15.02859,-1.12784,6.47602,-7.57073,NA,NA,NA,NA,NA,NA,NA,NA,NA,NA,NA,NA,NA,NA,NA,NA,NA,NA,NA,NA,NA,NA,NA,NA,NA,NA,NA,NA,NA,NA,NA,NA,NA,NA,NA,NA,NA,NA,NA,NA,NA,NA,NA,NA,NA,NA,NA,NA,NA,NA,High,High,High,NA,NA,NA,NA,NA,NA,NA,NA,NA,NA,NA,NA,NA,NA,NA,NA,NA,NA,NA,NA,NA,NA,NA,NA,NA,NA,NA,NA,NA,NA,NA,NA,NA,NA,NA,NA,NA,NA,NA,NA,NA,NA,NA,NA,NA,NA,NA,NA,NA,NA,NA,NA,NA,NA,NA,NA,NA
NA,NA,NA,NA,NA,NA,NA,NA,NA,NA,NA,NA,NA,NA,NA,NA,224,2025-10-04,14:15:48,1,5,"Rozich , Landen",1000469268,Right,GEO_PAT,"Babu, a",0011,Right,GEO_PAT,Undefined,7,Top,0,2,2,ChangeUp,Changeup,StrikeSwinging,Strikeout,Undefined,Undefined,0,0,NA,77.18913,0.178659,-3.030927,2227.2542,280.079015,03:15:00,5.90252,0.75277,4.81819,-51.88255,-1.77807,21.05836,1.74845,-0.36617,69.34644,-9.222286,0.677617,0.509459,NA,NA,NA,NA,NA,NA,NA,NA,NA,NA,NA,-11.43127,-0.40051,-0.47083,50,5.8757,5.0248,-111.56808,-1.52045,-14.04172,24.83181,-32.66602,GEO_PAT,GEO_PAT,SpuhlerFieldMain,TeamExclusive,Team,20251004-SpuhlerFieldMain-Private-1,279f2eb0-a14e-11f0-b694-b1da4b1d52f5,73.98517,NA,NA,7.84269,NA,NA,NA,NA,NA,NA,399095c0-9636-49a8-8bc9-7cafea40f967,2025-10-04,18:15:48,2025-10-04T18:15:48Z,2025-10-04T18:15:48Z,NA,v3,471300,471300,NA,"Cowdrey, Vincent",1000469295,Right,GEO_PAT,417209a8-b3ca-4996-a21f-018f4f66a24b,55.68302,-112.82587,12.41591,5.91081,0.13416,-16.33301,-0.74336,5.73604,-7.02086,NA,NA,NA,NA,NA,NA,NA,NA,NA,NA,NA,NA,NA,NA,NA,NA,NA,NA,NA,NA,NA,NA,NA,NA,NA,NA,NA,NA,66.90271,NA,NA,0.940381,NA,NA,NA,5.99451,5.65987,-5.44184,81.55388,2.52676,-43.22546,6.03911,86.26391,-6.34705,5.68273,9.03655,-13.182,-5.47501,-44.23837,4.35976,High,High,High,NA,NA,High,High,High,NA,NA,NA,NA,NA,NA,NA,NA,NA,NA,NA,NA,NA,NA,NA,NA,NA,NA,NA,NA,NA,NA,NA,NA,NA,NA,NA,NA,NA,NA,NA,NA,NA,NA,NA,NA,NA,NA,NA,NA,NA,NA,NA,NA,NA,NA,NA,NA,NA,NA,NA,NA
NA,NA,NA,NA,NA,NA,NA,NA,NA,NA,NA,NA,NA,NA,NA,NA,225,2025-10-04,14:16:12,2,1,"Rozich , Landen",1000469268,Right,GEO_PAT,"Jaun, a",0033,Right,GEO_PAT,Undefined,7,Top,1,0,0,Fastball,Sinker,InPlay,Undefined,FlyBall,Out,1,0,NA,90.16189,-1.661564,-2.13371,2213.890572,225.014897,01:30:00,5.88372,0.98733,5.21763,-17.24017,18.78544,17.40261,2.88315,0.43028,80.6803,-4.945073,0.949175,0.431993,89.31791,35.643414,7.032113,4154.584453,108.21323,71.17439,19.74574,310.89327,310.16588,16.973156,5.014671,-9.47304,10.35103,-0.80412,50,5.71811,4.05516,-130.45736,-4.34408,-15.97057,33.00764,-14.72328,GEO_PAT,GEO_PAT,SpuhlerFieldMain,TeamExclusive,Team,20251004-SpuhlerFieldMain-Private-1,35b7e2d0-a14e-11f0-b694-b1da4b1d52f5,87.25235,89.22989,NA,9.48159,NA,NA,NA,1.43114,2.92061,-0.41921,399095c0-9636-49a8-8bc9-7cafea40f967,2025-10-04,18:16:12,2025-10-04T18:16:12Z,2025-10-04T18:16:12Z,FlyBall,v3,471300,471300,NA,"Cowdrey, Vincent",1000469295,Right,GEO_PAT,d12f365f-3209-4cee-9b5d-802d76e196a9,55.28272,-131.78719,16.50382,5.88117,-3.7509,-7.36164,-0.98046,4.69859,-7.98529,204.725459,1.432,105.64171,-22.3663,5.57455,-1.21916,0.24784,-0.04264,0.00485,-2.5e-4,2.92257,76.29384,-18.82909,0.78495,0.23916,-0.16931,0.04564,-0.00587,2.9e-4,-0.41942,13.03864,3.31138,-1.08668,0.26087,-0.04516,0.00499,-3.1e-4,1e-5,NA,NA,NA,NA,NA,NA,NA,NA,NA,NA,NA,NA,NA,NA,NA,NA,NA,NA,NA,NA,NA,NA,High,High,High,High,Medium,NA,NA,NA,NA,NA,NA,NA,NA,NA,NA,NA,NA,NA,NA,NA,NA,NA,NA,NA,NA,NA,NA,NA,NA,NA,NA,NA,NA,NA,NA,NA,NA,NA,NA,NA,NA,NA,NA,NA,NA,NA,NA,NA,NA,NA,NA,NA,NA,NA,NA,NA,NA,NA,NA,NA
NA,NA,NA,NA,NA,NA,NA,NA,NA,NA,NA,NA,NA,NA,NA,NA,226,2025-10-04,14:16:43,3,1,"Rozich , Landen",1000469268,Right,GEO_PAT,"Brown, a",0010,Right,GEO_PAT,Undefined,7,Top,2,0,0,ChangeUp,Changeup,StrikeCalled,Undefined,Undefined,Undefined,0,0,NA,78.30656,-0.038307,-1.980729,2248.436342,276.686851,03:15:00,5.93009,0.68632,4.83955,-49.02404,-0.81654,22.03017,1.80846,0.64586,70.89958,-8.910582,1.904281,0.499722,NA,NA,NA,NA,NA,NA,NA,NA,NA,NA,NA,-11.52477,0.0928,-0.51034,50,5.88437,2.99463,-113.3824,-1.85928,-14.73342,24.19875,-32.0554,GEO_PAT,GEO_PAT,SpuhlerFieldMain,TeamExclusive,Team,20251004-SpuhlerFieldMain-Private-1,48a1ce10-a14e-11f0-b694-b1da4b1d52f5,75.42676,NA,NA,7.40698,NA,NA,NA,NA,NA,NA,399095c0-9636-49a8-8bc9-7cafea40f967,2025-10-04,18:16:43,2025-10-04T18:16:43Z,2025-10-04T18:16:43Z,NA,v3,471300,471300,NA,"Cowdrey, Vincent",1000469295,Right,GEO_PAT,8c96fc22-2464-40e1-8b78-e01553dd9e62,55.66288,-114.58463,12.09938,5.93718,-0.26672,-16.0277,-0.6773,3.7266,-7.36671,NA,NA,NA,NA,NA,NA,NA,NA,NA,NA,NA,NA,NA,NA,NA,NA,NA,NA,NA,NA,NA,NA,NA,NA,NA,NA,NA,NA,NA,NA,NA,NA,NA,NA,NA,NA,NA,NA,NA,NA,NA,NA,NA,NA,NA,NA,NA,NA,NA,NA,High,High,High,NA,NA,NA,NA,NA,NA,NA,NA,NA,NA,NA,NA,NA,NA,NA,NA,NA,NA,NA,NA,NA,NA,NA,NA,NA,NA,NA,NA,NA,NA,NA,NA,NA,NA,NA,NA,NA,NA,NA,NA,NA,NA,NA,NA,NA,NA,NA,NA,NA,NA,NA,NA,NA,NA,NA,NA,NA
NA,NA,NA,NA,NA,NA,NA,NA,NA,NA,NA,NA,NA,NA,NA,NA,227,2025-10-04,14:16:55,3,2,"Rozich , Landen",1000469268,Right,GEO_PAT,"Brown, a",0010,Right,GEO_PAT,Undefined,7,Top,2,0,1,Fastball,Four-Seam,InPlay,Undefined,Popup,Out,1,0,NA,91.09102,-2.507245,-2.267126,2190.738757,222.194003,01:30:00,5.78979,1.19751,5.17298,-16.78458,18.6347,15.6382,2.0282,0.36602,81.50817,-5.699064,0.500733,0.428342,89.49225,67.399572,-14.474727,NA,NA,NA,NA,106.44354,48.95204,-12.380905,6.289392,-8.58808,10.5354,-0.99889,50,5.54406,4.47228,-131.68442,-6.31829,-14.74976,33.67393,-14.07978,GEO_PAT,GEO_PAT,SpuhlerFieldMain,TeamExclusive,Team,20251004-SpuhlerFieldMain-Private-1,4fc61cf0-a14e-11f0-b694-b1da4b1d52f5,87.99606,166.06065,NA,9.58285,NA,NA,NA,2.07212,2.68421,-0.5203,399095c0-9636-49a8-8bc9-7cafea40f967,2025-10-04,18:16:55,2025-10-04T18:16:55Z,2025-10-04T18:16:55Z,Popup,v3,471300,471300,NA,"Cowdrey, Vincent",1000469295,Right,GEO_PAT,658aa8e0-1167-4ee2-881b-49f80c073e55,55.32643,-133.03951,16.83696,5.78691,-5.7517,-7.03989,-1.19081,5.06583,-7.37488,180.815181,2.0656,48.94666,-20.51206,7.0177,-1.80732,0.36333,-0.05075,0.00411,-1.4e-4,2.67243,121.38305,-29.47214,4.28466,-1.24755,0.35947,-0.07107,0.00749,-3.1e-4,-0.51824,-12.64253,5.85391,-2.05979,0.54762,-0.11406,0.01648,-0.00138,5e-5,NA,NA,NA,NA,NA,NA,NA,NA,NA,NA,NA,NA,NA,NA,NA,NA,NA,NA,NA,NA,NA,NA,High,High,High,High,Low,NA,NA,NA,NA,NA,NA,NA,NA,NA,NA,NA,NA,NA,NA,NA,NA,NA,NA,NA,NA,NA,NA,NA,NA,NA,NA,NA,NA,NA,NA,NA,NA,NA,NA,NA,NA,NA,NA,NA,NA,NA,NA,NA,NA,NA,NA,NA,NA,NA,NA,NA,NA,NA,NA,NA
NA,NA,NA,NA,NA,NA,NA,NA,NA,NA,NA,NA,NA,NA,NA,NA,228,2025-10-04,14:19:43,1,1,"Simurdiak , a",NA,Right,GEO_PAT,"Butler, Jake",1000136500,Right,GEO_PAT,Undefined,7,Bottom,0,0,0,Fastball,Changeup,BallCalled,Undefined,Undefined,Undefined,0,0,NA,82.34133,-1.291229,-3.670223,1760.566423,222.656683,01:30:00,5.74549,1.26321,5.29097,-26.96155,16.13607,13.34642,2.2835,-1.07574,73.93964,-6.330431,-1.307173,0.472496,NA,NA,NA,NA,NA,NA,NA,NA,NA,NA,NA,-7.81559,8.95682,-0.93834,50,5.60861,7.04926,-118.97422,-3.55416,-10.99917,26.68653,-19.56878,GEO_PAT,GEO_PAT,SpuhlerFieldMain,TeamExclusive,Team,20251004-SpuhlerFieldMain-Private-1,b36224c0-a14e-11f0-b694-b1da4b1d52f5,79.77305,NA,NA,8.40168,NA,NA,NA,NA,NA,NA,399095c0-9636-49a8-8bc9-7cafea40f967,2025-10-04,18:19:43,2025-10-04T18:19:43Z,2025-10-04T18:19:43Z,NA,v3,471300,471300,NA,"Ary, a",006,Right,GEO_PAT,a725a90f-aad4-45e8-8328-52bb3bef12e9,55.20549,-120.13616,13.34326,5.74481,-2.70213,-9.78439,-1.25569,7.52817,-5.49959,NA,NA,NA,NA,NA,NA,NA,NA,NA,NA,NA,NA,NA,NA,NA,NA,NA,NA,NA,NA,NA,NA,NA,NA,NA,NA,NA,NA,NA,NA,NA,NA,NA,NA,NA,NA,NA,NA,NA,NA,NA,NA,NA,NA,NA,NA,NA,NA,NA,NA,High,High,High,NA,NA,NA,NA,NA,NA,NA,NA,NA,NA,NA,NA,NA,NA,NA,NA,NA,NA,NA,NA,NA,NA,NA,NA,NA,NA,NA,NA,NA,NA,NA,NA,NA,NA,NA,NA,NA,NA,NA,NA,NA,NA,NA,NA,NA,NA,NA,NA,NA,NA,NA,NA,NA,NA,NA,NA,NA
NA,NA,NA,NA,NA,NA,NA,NA,NA,NA,NA,NA,NA,NA,NA,NA,229,2025-10-04,14:20:00,1,2,"Simurdiak , a",NA,Right,GEO_PAT,"Butler, Jake",1000136500,Right,GEO_PAT,Undefined,7,Bottom,0,1,0,Fastball,Changeup,InPlay,Undefined,FlyBall,Out,1,0,NA,86.70211,-1.358666,-3.598465,1974.522834,229.872705,01:45:00,5.72734,1.54544,5.3033,-24.61312,14.30398,15.17965,2.39796,-0.57231,77.64795,-5.965827,-0.909405,0.448995,85.29246,32.676531,27.230522,4872.246363,92.69148,58.7232,59.23001,282.25759,260.04306,40.736955,4.343621,-8.83355,8.04276,-1.22965,50,5.58636,7.20358,-125.30817,-3.81124,-13.74749,30.32815,-19.65727,GEO_PAT,GEO_PAT,SpuhlerFieldMain,TeamExclusive,Team,20251004-SpuhlerFieldMain-Private-1,bdb370a0-a14e-11f0-b694-b1da4b1d52f5,83.94845,67.76887,NA,9.05415,NA,NA,NA,1.44254,2.43411,0.55198,399095c0-9636-49a8-8bc9-7cafea40f967,2025-10-04,18:20:00,2025-10-04T18:20:00Z,2025-10-04T18:20:00Z,FlyBall,v3,471300,471300,NA,"Ary, a",006,Right,GEO_PAT,1c597bd1-e729-4632-a69b-68348c926cbf,55.19591,-126.55948,15.16408,5.72687,-3.0002,-9.82864,-1.53856,7.77079,-6.87374,220.633244,1.44247,93.63623,-22.16228,5.59233,-1.37968,0.37145,-0.09154,0.01402,-8.8e-4,2.43532,67.50308,-19.36364,0.94162,0.23373,-0.20973,0.06799,-0.0101,5.6e-4,0.55181,48.18374,-0.68293,-0.6488,0.22707,-0.04111,0.00327,2.6e-4,-5e-5,NA,NA,NA,NA,NA,NA,NA,NA,NA,NA,NA,NA,NA,NA,NA,NA,NA,NA,NA,NA,NA,NA,High,High,High,High,High,NA,NA,NA,NA,NA,NA,NA,NA,NA,NA,NA,NA,NA,NA,NA,NA,NA,NA,NA,NA,NA,NA,NA,NA,NA,NA,NA,NA,NA,NA,NA,NA,NA,NA,NA,NA,NA,NA,NA,NA,NA,NA,NA,NA,NA,NA,NA,NA,NA,NA,NA,NA,NA,NA,NA
NA,NA,NA,NA,NA,NA,NA,NA,NA,NA,NA,NA,NA,NA,NA,NA,230,2025-10-04,14:20:33,2,1,"Simurdiak , a",NA,Right,GEO_PAT,"Westley, Matthew",824016,Right,GEO_PAT,Undefined,7,Bottom,1,0,0,Cutter,Curveball,BallCalled,Undefined,Undefined,Undefined,0,0,NA,75.66943,-0.408685,-2.608393,1814.791004,133.861401,10:30:00,5.6321,1.43248,5.01742,-46.31412,4.8737,-3.17666,1.38647,-1.29574,68.80628,-8.824902,-3.169148,0.514938,NA,NA,NA,NA,NA,NA,NA,NA,NA,NA,NA,0.74319,3.07666,-1.17958,50,5.55592,5.11606,-109.51615,-2.34697,0.8901,21.8437,-28.48928,GEO_PAT,GEO_PAT,SpuhlerFieldMain,TeamExclusive,Team,20251004-SpuhlerFieldMain-Private-1,d159f520-a14e-11f0-b694-b1da4b1d52f5,73.19805,NA,NA,6.86315,NA,NA,NA,NA,NA,NA,399095c0-9636-49a8-8bc9-7cafea40f967,2025-10-04,18:20:33,2025-10-04T18:20:33Z,2025-10-04T18:20:33Z,NA,v3,471300,471300,NA,"Ary, a",006,Right,GEO_PAT,e9729989-19a8-452c-a108-9595979d7645,55.48215,-110.60419,10.92185,5.63748,-0.92791,-14.24464,-1.43331,5.07172,0.44505,NA,NA,NA,NA,NA,NA,NA,NA,NA,NA,NA,NA,NA,NA,NA,NA,NA,NA,NA,NA,NA,NA,NA,NA,NA,NA,NA,NA,NA,NA,NA,NA,NA,NA,NA,NA,NA,NA,NA,NA,NA,NA,NA,NA,NA,NA,NA,NA,NA,NA,High,High,High,NA,NA,NA,NA,NA,NA,NA,NA,NA,NA,NA,NA,NA,NA,NA,NA,NA,NA,NA,NA,NA,NA,NA,NA,NA,NA,NA,NA,NA,NA,NA,NA,NA,NA,NA,NA,NA,NA,NA,NA,NA,NA,NA,NA,NA,NA,NA,NA,NA,NA,NA,NA,NA,NA,NA,NA,NA
NA,NA,NA,NA,NA,NA,NA,NA,NA,NA,NA,NA,NA,NA,NA,NA,231,2025-10-04,14:20:54,2,2,"Simurdiak , a",NA,Right,GEO_PAT,"Westley, Matthew",824016,Right,GEO_PAT,Undefined,7,Bottom,1,1,0,Fastball,Changeup,BallCalled,Undefined,Undefined,Undefined,0,0,NA,86.17688,-3.845575,-4.168507,1876.521445,222.568085,01:30:00,5.74496,1.44799,5.3516,-22.67501,16.39202,13.76678,0.23336,-1.32161,78.25398,-8.060477,-1.729282,0.449859,NA,NA,NA,NA,NA,NA,NA,NA,NA,NA,NA,-8.15638,9.79756,-1.08223,50,5.38159,8.46077,-124.38223,-9.13082,-12.66689,26.96871,-16.95839,GEO_PAT,GEO_PAT,SpuhlerFieldMain,TeamExclusive,Team,20251004-SpuhlerFieldMain-Private-1,de0c3b70-a14e-11f0-b694-b1da4b1d52f5,83.78719,NA,NA,7.9229,NA,NA,NA,NA,NA,NA,399095c0-9636-49a8-8bc9-7cafea40f967,2025-10-04,18:20:54,2025-10-04T18:20:54Z,2025-10-04T18:20:54Z,NA,v3,471300,471300,NA,"Ary, a",006,Right,GEO_PAT,c3641a75-9469-43d0-9f58-b1936583c7dc,55.1484,-125.49355,13.48436,5.74345,-8.43201,-8.4792,-1.44163,8.98275,-6.33345,NA,NA,NA,NA,NA,NA,NA,NA,NA,NA,NA,NA,NA,NA,NA,NA,NA,NA,NA,NA,NA,NA,NA,NA,NA,NA,NA,NA,NA,NA,NA,NA,NA,NA,NA,NA,NA,NA,NA,NA,NA,NA,NA,NA,NA,NA,NA,NA,NA,NA,High,High,High,NA,NA,NA,NA,NA,NA,NA,NA,NA,NA,NA,NA,NA,NA,NA,NA,NA,NA,NA,NA,NA,NA,NA,NA,NA,NA,NA,NA,NA,NA,NA,NA,NA,NA,NA,NA,NA,NA,NA,NA,NA,NA,NA,NA,NA,NA,NA,NA,NA,NA,NA,NA,NA,NA,NA,NA,NA
NA,NA,NA,NA,NA,NA,NA,NA,NA,NA,NA,NA,NA,NA,NA,NA,232,2025-10-04,14:21:14,2,3,"Simurdiak , a",NA,Right,GEO_PAT,"Westley, Matthew",824016,Right,GEO_PAT,Undefined,7,Bottom,1,2,0,ChangeUp,Changeup,StrikeSwinging,Undefined,Undefined,Undefined,0,0,NA,75.22093,-1.009254,-1.486074,1442.002809,251.177679,02:15:00,5.61304,1.30911,5.3718,-44.66093,6.01524,12.64918,0.94459,0.96954,68.90971,-9.165033,0.766808,0.512358,NA,NA,NA,NA,NA,NA,NA,NA,NA,NA,NA,-6.83973,3.79331,-1.18527,50,5.49084,2.35757,-109.10975,-3.34342,-8.18568,20.49328,-27.63428,GEO_PAT,GEO_PAT,SpuhlerFieldMain,TeamExclusive,Team,20251004-SpuhlerFieldMain-Private-1,e9c554b0-a14e-11f0-b694-b1da4b1d52f5,73.56665,NA,NA,6.31122,NA,NA,NA,NA,NA,NA,399095c0-9636-49a8-8bc9-7cafea40f967,2025-10-04,18:21:14,2025-10-04T18:21:14Z,2025-10-04T18:21:14Z,NA,v3,471300,471300,NA,"Ary, a",006,Right,GEO_PAT,e96a964c-bca3-458a-b7e7-4df60c71fb3f,55.1304,-110.06914,10.24664,5.61708,-2.04973,-13.81714,-1.30461,2.74077,-4.09284,NA,NA,NA,NA,NA,NA,NA,NA,NA,NA,NA,NA,NA,NA,NA,NA,NA,NA,NA,NA,NA,NA,NA,NA,NA,NA,NA,NA,NA,NA,NA,NA,NA,NA,NA,NA,NA,NA,NA,NA,NA,NA,NA,NA,NA,NA,NA,NA,NA,NA,High,High,High,NA,NA,NA,NA,NA,NA,NA,NA,NA,NA,NA,NA,NA,NA,NA,NA,NA,NA,NA,NA,NA,NA,NA,NA,NA,NA,NA,NA,NA,NA,NA,NA,NA,NA,NA,NA,NA,NA,NA,NA,NA,NA,NA,NA,NA,NA,NA,NA,NA,NA,NA,NA,NA,NA,NA,NA,NA
NA,NA,NA,NA,NA,NA,NA,NA,NA,NA,NA,NA,NA,NA,NA,NA,233,2025-10-04,14:21:41,2,4,"Simurdiak , a",NA,Right,GEO_PAT,"Westley, Matthew",824016,Right,GEO_PAT,Undefined,7,Bottom,1,2,1,Fastball,Sinker,StrikeCalled,Undefined,Undefined,Undefined,0,0,NA,86.0804,-1.669059,-3.578794,1974.567719,224.017591,01:30:00,5.79231,1.39772,5.27501,-20.75029,18.32599,16.37001,2.49186,-0.60406,77.90854,-5.568489,-0.680831,0.449913,NA,NA,NA,NA,NA,NA,NA,NA,NA,NA,NA,-9.21749,10.05304,-1.0827,50,5.62478,7.05366,-124.53292,-4.30209,-14.35157,27.00055,-16.52152,GEO_PAT,GEO_PAT,SpuhlerFieldMain,TeamExclusive,Team,20251004-SpuhlerFieldMain-Private-1,f9e104c0-a14e-11f0-b694-b1da4b1d52f5,83.77724,NA,NA,8.17185,NA,NA,NA,NA,NA,NA,399095c0-9636-49a8-8bc9-7cafea40f967,2025-10-04,18:21:41,2025-10-04T18:21:41Z,2025-10-04T18:21:41Z,NA,v3,471300,471300,NA,"Ary, a",006,Right,GEO_PAT,9d8b35dd-29ea-4682-9085-0de76b7ba103,55.2244,-125.66054,13.50028,5.79004,-3.6121,-8.26076,-1.38979,7.65302,-7.17578,NA,NA,NA,NA,NA,NA,NA,NA,NA,NA,NA,NA,NA,NA,NA,NA,NA,NA,NA,NA,NA,NA,NA,NA,NA,NA,NA,NA,NA,NA,NA,NA,NA,NA,NA,NA,NA,NA,NA,NA,NA,NA,NA,NA,NA,NA,NA,NA,NA,NA,High,High,High,NA,NA,NA,NA,NA,NA,NA,NA,NA,NA,NA,NA,NA,NA,NA,NA,NA,NA,NA,NA,NA,NA,NA,NA,NA,NA,NA,NA,NA,NA,NA,NA,NA,NA,NA,NA,NA,NA,NA,NA,NA,NA,NA,NA,NA,NA,NA,NA,NA,NA,NA,NA,NA,NA,NA,NA,NA
NA,NA,NA,NA,NA,NA,NA,NA,NA,NA,NA,NA,NA,NA,NA,NA,234,2025-10-04,14:22:00,2,5,"Simurdiak , a",NA,Right,GEO_PAT,"Westley, Matthew",824016,Right,GEO_PAT,Undefined,7,Bottom,1,2,2,Fastball,Changeup,FoulBallNotFieldable,Undefined,Undefined,Undefined,0,0,NA,85.7687,-1.054984,-2.314234,1901.831382,221.595472,01:30:00,5.741,1.53009,5.37552,-20.74009,18.07977,14.92536,3.02265,0.60299,78.21868,-4.945027,0.336936,0.448434,61.03646,11.410433,46.295166,4515.294945,NA,NA,NA,102.89911,99.85091,51.732854,1.351682,-8.18115,9.7626,-1.33372,50,5.63214,4.38712,-124.39774,-2.95844,-12.79804,25.34794,-16.90203,GEO_PAT,GEO_PAT,SpuhlerFieldMain,TeamExclusive,Team,20251004-SpuhlerFieldMain-Private-1,050be7c0-a14f-11f0-b694-b1da4b1d52f5,84.05354,8.08828,NA,7.55002,NA,NA,NA,0.78962,2.96736,-0.63702,399095c0-9636-49a8-8bc9-7cafea40f967,2025-10-04,18:22:00,2025-10-04T18:22:00Z,2025-10-04T18:22:00Z,GroundBall,v3,471300,471300,NA,"Ary, a",006,Right,GEO_PAT,04312dc7-14a1-46ee-9fcb-e51d111e1fd9,55.12643,-125.43798,12.67397,5.73931,-2.26481,-8.45102,-1.52453,4.91233,-6.39902,250.090796,0.78962,60.63083,-12.86905,2.39285,-0.51535,0.08136,-0.01116,0.00115,-1e-5,2.96736,17.71021,-15.77886,0.8726,-0.09416,0.01991,-0.00163,4.3e-4,-1.2e-4,-0.63702,63.43562,-2.22968,-0.25458,0.16551,-0.04888,0.00999,-0.00111,3e-5,NA,NA,NA,NA,NA,NA,NA,NA,NA,NA,NA,NA,NA,NA,NA,NA,NA,NA,NA,NA,NA,NA,High,High,High,High,High,NA,NA,NA,NA,NA,NA,NA,NA,NA,NA,NA,NA,NA,NA,NA,NA,NA,NA,NA,NA,NA,NA,NA,NA,NA,NA,NA,NA,NA,NA,NA,NA,NA,NA,NA,NA,NA,NA,NA,NA,NA,NA,NA,NA,NA,NA,NA,NA,NA,NA,NA,NA,NA,NA,NA
NA,NA,NA,NA,NA,NA,NA,NA,NA,NA,NA,NA,NA,NA,NA,NA,235,2025-10-04,14:22:23,2,6,"Simurdiak , a",NA,Right,GEO_PAT,"Westley, Matthew",824016,Right,GEO_PAT,Undefined,7,Bottom,1,2,2,ChangeUp,Changeup,FoulBallNotFieldable,Undefined,Undefined,Undefined,0,0,NA,74.84479,-0.24767,-1.653236,1557.214021,243.397077,02:00:00,5.63608,1.29536,5.18741,-41.94967,9.06626,14.98851,1.90716,0.98855,69.03806,-7.893672,1.004163,0.514072,91.69501,-3.928161,-49.09423,NA,NA,NA,NA,32.21769,25.35575,-46.827068,0.222423,-8.00685,5.01658,-1.15393,50,5.58112,2.57585,-108.66608,-1.81854,-9.60766,18.41323,-26.1545,GEO_PAT,GEO_PAT,SpuhlerFieldMain,TeamExclusive,Team,20251004-SpuhlerFieldMain-Private-1,136415e0-a14f-11f0-b694-b1da4b1d52f5,73.32126,2.05129,NA,5.80673,NA,NA,NA,2.48211,2.05129,-0.91849,399095c0-9636-49a8-8bc9-7cafea40f967,2025-10-04,18:22:23,2025-10-04T18:22:23Z,2025-10-04T18:22:23Z,GroundBall,v3,471300,471300,NA,"Ary, a",006,Right,GEO_PAT,f190b244-1f68-4d68-8f13-62e88ac25503,55.31635,-109.56322,9.20662,5.63868,-0.54423,-13.07725,-1.29083,3.0439600000000002,-4.80383,180,2.4789,87.94644,NA,NA,NA,NA,NA,NA,NA,2.0516200000000002,-9.22245,NA,NA,NA,NA,NA,NA,NA,-0.91479,-101.50749,NA,NA,NA,NA,NA,NA,NA,NA,NA,NA,NA,NA,NA,NA,NA,NA,NA,NA,NA,NA,NA,NA,NA,NA,NA,NA,NA,NA,NA,High,High,High,High,Medium,NA,NA,NA,NA,NA,NA,NA,NA,NA,NA,NA,NA,NA,NA,NA,NA,NA,NA,NA,NA,NA,NA,NA,NA,NA,NA,NA,NA,NA,NA,NA,NA,NA,NA,NA,NA,NA,NA,NA,NA,NA,NA,NA,NA,NA,NA,NA,NA,NA,NA,NA,NA,NA,NA,NA
NA,NA,NA,NA,NA,NA,NA,NA,NA,NA,NA,NA,NA,NA,NA,NA,236,2025-10-04,14:22:45,2,7,"Simurdiak , a",NA,Right,GEO_PAT,"Westley, Matthew",824016,Right,GEO_PAT,Undefined,7,Bottom,1,2,2,Fastball,Changeup,FoulBallNotFieldable,Undefined,Undefined,Undefined,0,0,NA,85.67357,-0.941636,-3.102922,1859.260901,233.44845,01:45:00,5.68361,1.57614,5.33695,-25.3349,13.5032,16.57225,2.68753,0.04309,78.49783,-5.630266,-0.162918,0.448539,67.88039,23.089019,159.416179,3623.008053,-106.2172,16.9119,28.59822,154.32658,51.21457,167.58416,2.022996,-9.203,7.39264,-1.30833,50,5.58049,6.02865,-124.25073,-2.91535,-14.42654,24.2529,-20.58543,GEO_PAT,GEO_PAT,SpuhlerFieldMain,TeamExclusive,Team,20251004-SpuhlerFieldMain-Private-1,20737050-a14f-11f0-b694-b1da4b1d52f5,84.03379,20.18419,NA,7.17574,NA,NA,NA,1.45177,2.62674,-0.10114,399095c0-9636-49a8-8bc9-7cafea40f967,2025-10-04,18:22:45,2025-10-04T18:22:45Z,2025-10-04T18:22:45Z,LineDrive,v3,471300,471300,NA,"Ary, a",006,Right,GEO_PAT,0835111e-2b5c-4ee1-aa33-da6d5cda2083,55.1662,-125.25508,12.12645,5.68356,-2.06287,-10.29272,-1.57036,6.62607,-7.21327,305.336195,1.45186,-85.74348,4.71858,-0.01715,0.66979,-0.81898,0.52664,-0.16806,0.02084,2.62675,39.04222,-23.6528,2.50178,-0.52881,0.17421,-0.06934,0.02238,-0.00328,-0.10123,32.20579,-9.52176,1.58773,-1.09846,1.0244,-0.62816,0.20016,-0.02512,NA,NA,NA,NA,NA,NA,NA,NA,NA,NA,NA,NA,NA,NA,NA,NA,NA,NA,NA,NA,NA,NA,High,High,High,High,Medium,NA,NA,NA,NA,NA,NA,NA,NA,NA,NA,NA,NA,NA,NA,NA,NA,NA,NA,NA,NA,NA,NA,NA,NA,NA,NA,NA,NA,NA,NA,NA,NA,NA,NA,NA,NA,NA,NA,NA,NA,NA,NA,NA,NA,NA,NA,NA,NA,NA,NA,NA,NA,NA,NA,NA
NA,NA,NA,NA,NA,NA,NA,NA,NA,NA,NA,NA,NA,NA,NA,NA,237,2025-10-04,14:23:10,2,8,"Simurdiak , a",NA,Right,GEO_PAT,"Westley, Matthew",824016,Right,GEO_PAT,Undefined,7,Bottom,1,2,2,Fastball,Changeup,BallCalled,Undefined,Undefined,Undefined,0,0,NA,84.86153,0.701984,-2.88039,1883.043993,232.924449,01:45:00,5.75797,1.41243,5.18146,-26.02608,14.30347,17.05564,4.25053,0.12118,76.58995,-4.145747,0.135767,0.45707,NA,NA,NA,NA,NA,NA,NA,NA,NA,NA,NA,-9.31981,7.31217,-1.15773,50,5.80412,5.41503,-122.85563,0.61698,-14.101,26.62356,-21.11066,GEO_PAT,GEO_PAT,SpuhlerFieldMain,TeamExclusive,Team,20251004-SpuhlerFieldMain-Private-1,2eea7110-a14f-11f0-b694-b1da4b1d52f5,82.46527,NA,NA,8.27157,NA,NA,NA,NA,NA,NA,399095c0-9636-49a8-8bc9-7cafea40f967,2025-10-04,18:23:10,2025-10-04T18:23:10Z,2025-10-04T18:23:10Z,NA,v3,471300,471300,NA,"Ary, a",006,Right,GEO_PAT,526e658a-2819-4bca-a690-d47e0534b37a,55.31764,-124.00264,13.31178,5.75795,1.52649,-10.55533,-1.4041,6.02253,-7.0505,NA,NA,NA,NA,NA,NA,NA,NA,NA,NA,NA,NA,NA,NA,NA,NA,NA,NA,NA,NA,NA,NA,NA,NA,NA,NA,NA,NA,NA,NA,NA,NA,NA,NA,NA,NA,NA,NA,NA,NA,NA,NA,NA,NA,NA,NA,NA,NA,NA,NA,High,High,High,NA,NA,NA,NA,NA,NA,NA,NA,NA,NA,NA,NA,NA,NA,NA,NA,NA,NA,NA,NA,NA,NA,NA,NA,NA,NA,NA,NA,NA,NA,NA,NA,NA,NA,NA,NA,NA,NA,NA,NA,NA,NA,NA,NA,NA,NA,NA,NA,NA,NA,NA,NA,NA,NA,NA,NA,NA
NA,NA,NA,NA,NA,NA,NA,NA,NA,NA,NA,NA,NA,NA,NA,NA,238,2025-10-04,14:23:29,2,9,"Simurdiak , a",NA,Right,GEO_PAT,"Westley, Matthew",824016,Right,GEO_PAT,Undefined,7,Bottom,1,3,2,Fastball,Changeup,FoulBallNotFieldable,Undefined,Undefined,Undefined,0,0,NA,82.0963,-0.783388,-1.630949,1769.527985,218.566836,01:15:00,5.74671,1.44876,5.38912,-24.16529,18.17123,13.38678,2.99832,1.0352,74.91366,-5.299499,0.748737,0.468305,92.52965,66.512708,-47.067088,3914.373994,NA,NA,NA,NA,57.85796,NA,NA,-7.24996,9.77969,-1.31297,50,5.6601,2.84878,-119.12396,-2.3876,-10.39085,23.43507,-18.15756,GEO_PAT,GEO_PAT,SpuhlerFieldMain,TeamExclusive,Team,20251004-SpuhlerFieldMain-Private-1,3a44ef90-a14f-11f0-b694-b1da4b1d52f5,80.48692,133.01234,NA,7.18264,NA,NA,NA,2.70894,2.31506,-1.13473,399095c0-9636-49a8-8bc9-7cafea40f967,2025-10-04,18:23:29,2025-10-04T18:23:29Z,2025-10-04T18:23:29Z,NA,v3,471300,471300,NA,"Ary, a",006,Right,GEO_PAT,c525a1b9-0a10-4c0e-a66d-41a172455525,55.11308,-120.12564,11.71753,5.74556,-1.61149,-9.07878,-1.44423,3.29291,-5.19543,166.369794,2.70899,36.83607,-17.96757,5.62363,-1.44619,0.70704,-0.54593,0.26357,-0.05087,2.31505,124.46763,-29.8318,3.82863,-0.74448,0.07284,0.07896,-0.05659,0.01208,-1.13474,-39.59879,7.926,-1.98788,0.44271,-0.17406,0.11505,-0.05278,0.01,NA,NA,NA,NA,NA,NA,NA,NA,NA,NA,NA,NA,NA,NA,NA,NA,NA,NA,NA,NA,NA,NA,High,High,High,Medium,Undefined,NA,NA,NA,NA,NA,NA,NA,NA,NA,NA,NA,NA,NA,NA,NA,NA,NA,NA,NA,NA,NA,NA,NA,NA,NA,NA,NA,NA,NA,NA,NA,NA,NA,NA,NA,NA,NA,NA,NA,NA,NA,NA,NA,NA,NA,NA,NA,NA,NA,NA,NA,NA,NA,NA,NA
NA,NA,NA,NA,NA,NA,NA,NA,NA,NA,NA,NA,NA,NA,NA,NA,239,2025-10-04,14:24:04,2,10,"Simurdiak , a",NA,Right,GEO_PAT,"Westley, Matthew",824016,Right,GEO_PAT,Undefined,7,Bottom,1,3,2,Fastball,Changeup,StrikeSwinging,Strikeout,Undefined,Undefined,0,0,NA,82.46397,-1.455231,-2.378056,1743.818447,204.610257,12:45:00,5.60049,1.44942,5.48261,-24.24013,17.82198,7.50296,2.21738,-0.15171,74.9703,-5.993703,-1.042867,0.466785,NA,NA,NA,NA,NA,NA,NA,NA,NA,NA,NA,-4.47614,9.83497,-1.24587,50,5.45658,4.65056,-119.49333,-3.78576,-6.43012,24.41336,-18.0458,GEO_PAT,GEO_PAT,SpuhlerFieldMain,TeamExclusive,Team,20251004-SpuhlerFieldMain-Private-1,4f4510a0-a14f-11f0-b694-b1da4b1d52f5,80.74904,NA,NA,7.49366,NA,NA,NA,NA,NA,NA,399095c0-9636-49a8-8bc9-7cafea40f967,2025-10-04,18:24:04,2025-10-04T18:24:04Z,2025-10-04T18:24:04Z,NA,v3,471300,471300,NA,"Ary, a",006,Right,GEO_PAT,f5e3d5c0-3a7b-450f-8a4a-3a3b795e9609,55.0166,-120.5139,12.20668,5.59907,-3.03138,-9.0229,-1.4459,4.91936,-3.21506,NA,NA,NA,NA,NA,NA,NA,NA,NA,NA,NA,NA,NA,NA,NA,NA,NA,NA,NA,NA,NA,NA,NA,NA,NA,NA,NA,NA,66.01513,2.603049,1.594675,1.008374,-0.67917,1.99349,0.1889,-1.9599,6.70521,3.73878,66.6542,10.13063,58.1321,-1.89623,74.53143,-6.48771,6.76147,18.93077,-15.45179,3.76382,57.33291,-3.38456,High,High,High,NA,NA,High,High,High,NA,NA,NA,NA,NA,NA,NA,NA,NA,NA,NA,NA,NA,NA,NA,NA,NA,NA,NA,NA,NA,NA,NA,NA,NA,NA,NA,NA,NA,NA,NA,NA,NA,NA,NA,NA,NA,NA,NA,NA,NA,NA,NA,NA,NA,NA,NA,NA,NA,NA,NA,NA
NA,NA,NA,NA,NA,NA,NA,NA,NA,NA,NA,NA,NA,NA,NA,NA,240,2025-10-04,14:24:35,3,1,"Simurdiak , a",NA,Right,GEO_PAT,"Cowdrey, Vincent",1000469295,Right,GEO_PAT,Undefined,7,Bottom,2,0,0,Curveball,Curveball,StrikeCalled,Undefined,Undefined,Undefined,0,0,NA,70.51838,1.705137,-1.156449,1741.054313,104.502173,09:30:00,5.56473,1.37867,4.85479,-54.50456,4.26536,-9.02725,2.63764,-0.46848,64.51756,-8.168568,-2.745549,0.551759,NA,NA,NA,NA,NA,NA,NA,NA,NA,NA,NA,4.09949,2.18138,-1.25639,50,5.68692,2.40511,-102.17793,1.27601,4.31108,17.66536,-29.88007,GEO_PAT,GEO_PAT,SpuhlerFieldMain,TeamExclusive,Team,20251004-SpuhlerFieldMain-Private-1,61b22ac0-a14f-11f0-b694-b1da4b1d52f5,68.31329,NA,NA,6.00083,NA,NA,NA,NA,NA,NA,399095c0-9636-49a8-8bc9-7cafea40f967,2025-10-04,18:24:35,2025-10-04T18:24:35Z,2025-10-04T18:24:35Z,NA,v3,471300,471300,NA,"Ary, a",006,Right,GEO_PAT,9cdf7b3d-f2cc-4337-8221-24ca7a9241cb,55.64597,-103.14943,8.83268,5.57156,2.91926,-14.94003,-1.38215,2.16803,2.15554,NA,NA,NA,NA,NA,NA,NA,NA,NA,NA,NA,NA,NA,NA,NA,NA,NA,NA,NA,NA,NA,NA,NA,NA,NA,NA,NA,NA,NA,NA,NA,NA,NA,NA,NA,NA,NA,NA,NA,NA,NA,NA,NA,NA,NA,NA,NA,NA,NA,NA,High,High,High,NA,NA,NA,NA,NA,NA,NA,NA,NA,NA,NA,NA,NA,NA,NA,NA,NA,NA,NA,NA,NA,NA,NA,NA,NA,NA,NA,NA,NA,NA,NA,NA,NA,NA,NA,NA,NA,NA,NA,NA,NA,NA,NA,NA,NA,NA,NA,NA,NA,NA,NA,NA,NA,NA,NA,NA,NA
NA,NA,NA,NA,NA,NA,NA,NA,NA,NA,NA,NA,NA,NA,NA,NA,241,2025-10-04,14:24:51,3,2,"Simurdiak , a",NA,Right,GEO_PAT,"Cowdrey, Vincent",1000469295,Right,GEO_PAT,Undefined,7,Bottom,2,0,1,Fastball,Changeup,StrikeCalled,Undefined,Undefined,Undefined,0,0,NA,84.46558,-1.711966,-3.099915,1904.181752,216.495143,01:15:00,5.76385,1.53254,5.2729799999999996,-22.42261,17.92568,12.25631,2.28435,-0.36082,76.9231,-5.89753,-0.92903,0.457176,NA,NA,NA,NA,NA,NA,NA,NA,NA,NA,NA,-6.99804,9.85099,-1.25825,50,5.59109,6.08968,-122.31535,-4.38722,-10.56756,24.85283,-17.29835,GEO_PAT,GEO_PAT,SpuhlerFieldMain,TeamExclusive,Team,20251004-SpuhlerFieldMain-Private-1,6b1e94e0-a14f-11f0-b694-b1da4b1d52f5,82.44616,NA,NA,7.54249,NA,NA,NA,NA,NA,NA,399095c0-9636-49a8-8bc9-7cafea40f967,2025-10-04,18:24:51,2025-10-04T18:24:51Z,2025-10-04T18:24:51Z,NA,v3,471300,471300,NA,"Ary, a",006,Right,GEO_PAT,55c5f660-e137-4dad-b127-972b6acb408b,55.22694,-123.37283,12.42641,5.7621,-3.65118,-8.64918,-1.52693,6.53932,-5.28378,NA,NA,NA,NA,NA,NA,NA,NA,NA,NA,NA,NA,NA,NA,NA,NA,NA,NA,NA,NA,NA,NA,NA,NA,NA,NA,NA,NA,NA,NA,NA,NA,NA,NA,NA,NA,NA,NA,NA,NA,NA,NA,NA,NA,NA,NA,NA,NA,NA,NA,High,High,High,NA,NA,NA,NA,NA,NA,NA,NA,NA,NA,NA,NA,NA,NA,NA,NA,NA,NA,NA,NA,NA,NA,NA,NA,NA,NA,NA,NA,NA,NA,NA,NA,NA,NA,NA,NA,NA,NA,NA,NA,NA,NA,NA,NA,NA,NA,NA,NA,NA,NA,NA,NA,NA,NA,NA,NA,NA
NA,NA,NA,NA,NA,NA,NA,NA,NA,NA,NA,NA,NA,NA,NA,NA,242,2025-10-04,14:25:12,3,3,"Simurdiak , a",NA,Right,GEO_PAT,"Cowdrey, Vincent",1000469295,Right,GEO_PAT,Undefined,7,Bottom,2,0,2,Fastball,Changeup,BallCalled,Undefined,Undefined,Undefined,0,0,NA,86.56849,-3.501587,-4.348012,1968.979193,214.116259,01:15:00,5.6538,1.53482,5.4587,-20.17033,17.9778,11.33631,0.68156,-1.59848,79.32419,-7.261542,-2.337493,0.444537,NA,NA,NA,NA,NA,NA,NA,NA,NA,NA,NA,-6.95146,10.41158,-1.15902,50,5.33035,9.03775,-125.15012,-8.32853,-11.04159,24.90103,-15.6365,GEO_PAT,GEO_PAT,SpuhlerFieldMain,TeamExclusive,Team,20251004-SpuhlerFieldMain-Private-1,77ac1520-a14f-11f0-b694-b1da4b1d52f5,84.7903,NA,NA,7.2443,NA,NA,NA,NA,NA,NA,399095c0-9636-49a8-8bc9-7cafea40f967,2025-10-04,18:25:12,2025-10-04T18:25:12Z,2025-10-04T18:25:12Z,NA,v3,471300,471300,NA,"Ary, a",006,Right,GEO_PAT,b5c7949e-0f21-411f-b453-03efc61f667f,55.04405,-126.14974,12.45052,5.65209,-7.70082,-7.81825,-1.53072,9.48099,-5.52079,NA,NA,NA,NA,NA,NA,NA,NA,NA,NA,NA,NA,NA,NA,NA,NA,NA,NA,NA,NA,NA,NA,NA,NA,NA,NA,NA,NA,NA,NA,NA,NA,NA,NA,NA,NA,NA,NA,NA,NA,NA,NA,NA,NA,NA,NA,NA,NA,NA,NA,High,High,High,NA,NA,NA,NA,NA,NA,NA,NA,NA,NA,NA,NA,NA,NA,NA,NA,NA,NA,NA,NA,NA,NA,NA,NA,NA,NA,NA,NA,NA,NA,NA,NA,NA,NA,NA,NA,NA,NA,NA,NA,NA,NA,NA,NA,NA,NA,NA,NA,NA,NA,NA,NA,NA,NA,NA,NA,NA
NA,NA,NA,NA,NA,NA,NA,NA,NA,NA,NA,NA,NA,NA,NA,NA,243,2025-10-04,14:25:32,3,4,"Simurdiak , a",NA,Right,GEO_PAT,"Cowdrey, Vincent",1000469295,Right,GEO_PAT,Undefined,7,Bottom,2,1,2,ChangeUp,Changeup,BallCalled,Undefined,Undefined,Undefined,0,0,NA,72.14857,0.592321,0.203481,1271.09622,276.965848,03:15:00,5.61767,1.16842,5.22998,-55.00038,0.28276,12.48028,1.59116,2.39974,66.24108,-9.395332,2.420425,0.53514,NA,NA,NA,NA,NA,NA,NA,NA,NA,NA,NA,-6.16115,0.5311,-1.19682,50,5.6313,-0.8367,-104.69199,-0.67732,-6.79654,18.6744,-31.58816,GEO_PAT,GEO_PAT,SpuhlerFieldMain,TeamExclusive,Team,20251004-SpuhlerFieldMain-Private-1,83825350-a14f-11f0-b694-b1da4b1d52f5,70.43466,NA,NA,5.9075,NA,NA,NA,NA,NA,NA,399095c0-9636-49a8-8bc9-7cafea40f967,2025-10-04,18:25:32,2025-10-04T18:25:32Z,2025-10-04T18:25:32Z,NA,v3,471300,471300,NA,"Ary, a",006,Right,GEO_PAT,a8ce99da-1f8b-4728-9aa0-be67d4b32e89,55.27212,-105.62822,9.3372,5.62556,0.90633,-15.79408,-1.16341,-0.49596,-3.39827,NA,NA,NA,NA,NA,NA,NA,NA,NA,NA,NA,NA,NA,NA,NA,NA,NA,NA,NA,NA,NA,NA,NA,NA,NA,NA,NA,NA,NA,NA,NA,NA,NA,NA,NA,NA,NA,NA,NA,NA,NA,NA,NA,NA,NA,NA,NA,NA,NA,NA,High,High,High,NA,NA,NA,NA,NA,NA,NA,NA,NA,NA,NA,NA,NA,NA,NA,NA,NA,NA,NA,NA,NA,NA,NA,NA,NA,NA,NA,NA,NA,NA,NA,NA,NA,NA,NA,NA,NA,NA,NA,NA,NA,NA,NA,NA,NA,NA,NA,NA,NA,NA,NA,NA,NA,NA,NA,NA,NA
NA,NA,NA,NA,NA,NA,NA,NA,NA,NA,NA,NA,NA,NA,NA,NA,244,2025-10-04,14:25:49,3,5,"Simurdiak , a",NA,Right,GEO_PAT,"Cowdrey, Vincent",1000469295,Right,GEO_PAT,Undefined,7,Bottom,2,2,2,Fastball,Four-Seam,FoulBallNotFieldable,Undefined,Undefined,Undefined,0,0,NA,85.59649,-2.577226,-3.106741,1930.201916,219.590995,01:15:00,5.57409,1.47383,5.44051,-20.87895,18.1308,13.91863,1.41564,-0.27834,78.1384,-6.484409,-0.633136,0.449529,79.43878,50.674124,71.188206,5566.979412,12.98981,94.22936,109.23024,213.11127,75.69691,90.016982,4.836837,-7.91949,10.25532,-1.20878,50,5.33155,6.13834,-123.96873,-6.25148,-12.29861,25.26429,-16.24801,GEO_PAT,GEO_PAT,SpuhlerFieldMain,TeamExclusive,Team,20251004-SpuhlerFieldMain-Private-1,8db3e230-a14f-11f0-b694-b1da4b1d52f5,83.84868,95.46461,NA,7.45809,NA,NA,NA,1.19786,1.77082,-0.16608,399095c0-9636-49a8-8bc9-7cafea40f967,2025-10-04,18:25:49,2025-10-04T18:25:49Z,2025-10-04T18:25:49Z,FlyBall,v3,471300,471300,NA,"Ary, a",006,Right,GEO_PAT,a2bb9853-9fb8-47ab-b4cc-7dee43bdb13d,55.06137,-124.99596,12.63215,5.5723,-5.59084,-8.124,-1.46852,6.6384,-6.1493,NA,1.26584,22.36132,-9.80601,-4.91338,7.22939,-3.56338,0.88207,-0.10856,0.00528,1.76912,90.17988,-26.46256,3.36548,-0.95906,0.32171,-0.08012,0.01118,-6.4e-4,-0.15041,69.57542,-9.21892,-0.06205,1.27953,-0.60253,0.12961,-0.0131,4.9e-4,NA,NA,NA,NA,NA,NA,NA,NA,NA,NA,NA,NA,NA,NA,NA,NA,NA,NA,NA,NA,NA,NA,High,High,High,Medium,Low,NA,NA,NA,NA,NA,NA,NA,NA,NA,NA,NA,NA,NA,NA,NA,NA,NA,NA,NA,NA,NA,NA,NA,NA,NA,NA,NA,NA,NA,NA,NA,NA,NA,NA,NA,NA,NA,NA,NA,NA,NA,NA,NA,NA,NA,NA,NA,NA,NA,NA,NA,NA,NA,NA,NA
NA,NA,NA,NA,NA,NA,NA,NA,NA,NA,NA,NA,NA,NA,NA,NA,245,2025-10-04,14:26:14,3,6,"Simurdiak , a",NA,Right,GEO_PAT,"Cowdrey, Vincent",1000469295,Right,GEO_PAT,Undefined,7,Bottom,2,2,2,Fastball,Changeup,BallCalled,Undefined,Undefined,Undefined,0,0,NA,85.18733,-1.205176,-3.700827,1812.161021,202.437262,12:45:00,5.69189,1.40711,5.39272,-21.44005,18.02446,6.90603,2.77314,-1.49081,77.64676,-5.219267,-2.476889,0.452142,NA,NA,NA,NA,NA,NA,NA,NA,NA,NA,NA,-4.50051,9.77241,-1.0811,50,5.56929,7.67802,-123.34137,-3.28077,-6.9217,24.90487,-17.14431,GEO_PAT,GEO_PAT,SpuhlerFieldMain,TeamExclusive,Team,20251004-SpuhlerFieldMain-Private-1,9cd66530-a14f-11f0-b694-b1da4b1d52f5,83.3642,NA,NA,7.54057,NA,NA,NA,NA,NA,NA,399095c0-9636-49a8-8bc9-7cafea40f967,2025-10-04,18:26:14,2025-10-04T18:26:14Z,2025-10-04T18:26:14Z,NA,v3,471300,471300,NA,"Ary, a",006,Right,GEO_PAT,68a3cf81-e4fd-414b-9a0b-f61a18ea36e3,55.10681,-124.36825,12.45243,5.68999,-2.57387,-8.57216,-1.40357,7.96342,-3.46085,NA,NA,NA,NA,NA,NA,NA,NA,NA,NA,NA,NA,NA,NA,NA,NA,NA,NA,NA,NA,NA,NA,NA,NA,NA,NA,NA,NA,NA,NA,NA,NA,NA,NA,NA,NA,NA,NA,NA,NA,NA,NA,NA,NA,NA,NA,NA,NA,NA,NA,High,High,High,NA,NA,NA,NA,NA,NA,NA,NA,NA,NA,NA,NA,NA,NA,NA,NA,NA,NA,NA,NA,NA,NA,NA,NA,NA,NA,NA,NA,NA,NA,NA,NA,NA,NA,NA,NA,NA,NA,NA,NA,NA,NA,NA,NA,NA,NA,NA,NA,NA,NA,NA,NA,NA,NA,NA,NA,NA
NA,NA,NA,NA,NA,NA,NA,NA,NA,NA,NA,NA,NA,NA,NA,NA,246,2025-10-04,14:26:36,3,7,"Simurdiak , a",NA,Right,GEO_PAT,"Cowdrey, Vincent",1000469295,Right,GEO_PAT,Undefined,7,Bottom,2,3,2,Fastball,Changeup,BallCalled,Walk,Undefined,Undefined,0,0,NA,87.00319,-3.450493,-4.718573,1776.32294,209.507363,01:00:00,5.61854,1.39401,5.49902,-21.40942,16.51769,8.61993,0.59196,-2.31138,79.40316,-7.436043,-3.19029,0.443247,NA,NA,NA,NA,NA,NA,NA,NA,NA,NA,NA,-5.68882,9.70158,-0.98637,50,5.30121,9.99524,-125.63124,-8.29362,-9.06679,26.10882,-16.71175,GEO_PAT,GEO_PAT,SpuhlerFieldMain,TeamExclusive,Team,20251004-SpuhlerFieldMain-Private-1,a9c71410-a14f-11f0-b694-b1da4b1d52f5,85.03703,NA,NA,7.60003,NA,NA,NA,NA,NA,NA,399095c0-9636-49a8-8bc9-7cafea40f967,2025-10-04,18:26:36,2025-10-04T18:26:36Z,2025-10-04T18:26:36Z,NA,v3,471300,471300,NA,"Ary, a",006,Right,GEO_PAT,63071b6c-d029-428e-a177-e4c9fadc9b7b,55.00119,-126.66633,13.05441,5.61688,-7.63108,-8.35588,-1.38976,10.3547,-4.53339,NA,NA,NA,NA,NA,NA,NA,NA,NA,NA,NA,NA,NA,NA,NA,NA,NA,NA,NA,NA,NA,NA,NA,NA,NA,NA,NA,NA,NA,NA,NA,NA,NA,NA,NA,NA,NA,NA,NA,NA,NA,NA,NA,NA,NA,NA,NA,NA,NA,NA,High,High,High,NA,NA,NA,NA,NA,NA,NA,NA,NA,NA,NA,NA,NA,NA,NA,NA,NA,NA,NA,NA,NA,NA,NA,NA,NA,NA,NA,NA,NA,NA,NA,NA,NA,NA,NA,NA,NA,NA,NA,NA,NA,NA,NA,NA,NA,NA,NA,NA,NA,NA,NA,NA,NA,NA,NA,NA,NA
NA,NA,NA,NA,NA,NA,NA,NA,NA,NA,NA,NA,NA,NA,NA,NA,247,2025-10-04,14:27:13,4,1,"Simurdiak , a",NA,Right,GEO_PAT,"Blanchard, Evan",10073877,Right,GEO_PAT,Undefined,7,Bottom,2,0,0,ChangeUp,Changeup,InPlay,Undefined,FlyBall,Out,1,0,NA,79.79375,-0.530392,-2.893758,1832.480763,209.854682,01:00:00,5.69627,1.62191,5.39513,-24.67596,20.81159,10.97843,3.1422,-0.17758,71.80206,-5.191198,-0.945006,0.48542,95.13109,24.581765,-20.722397,1660.583803,101.015,41.64783,-43.54179,307.19303,299.58675,-27.333535,3.606374,-6.4976,11.12138,-1.37157,50,5.63231,5.39964,-115.50224,-1.79518,-8.63304,24.81781,-17.39765,GEO_PAT,GEO_PAT,SpuhlerFieldMain,TeamExclusive,Team,20251004-SpuhlerFieldMain-Private-1,bfa0f350-a14f-11f0-b694-b1da4b1d52f5,77.64911,48.6182,NA,7.99169,NA,NA,NA,1.96813,3.22203,0.15386,399095c0-9636-49a8-8bc9-7cafea40f967,2025-10-04,18:27:13,2025-10-04T18:27:13Z,2025-10-04T18:27:13Z,LineDrive,v3,471300,471300,NA,"Ary, a",006,Right,GEO_PAT,6854e4b0-2063-4bb8-a352-3db396e68d7e,55.10475,-116.59393,12.4089,5.69445,-1.02989,-8.69883,-1.61744,5.77939,-4.31652,124.974112,1.96818,118.6722,-23.6434,6.33813,-1.60309,0.38682,-0.08722,0.01299,-8e-4,3.22268,58.01916,-20.76163,1.31523,0.31774,-0.31115,0.11626,-0.02097,0.00149,0.15403,-44.9016,-0.65707,1.92107,-0.69996,0.14311,-0.0136,-4.1e-4,1.2e-4,NA,NA,NA,NA,NA,NA,NA,NA,NA,NA,NA,NA,NA,NA,NA,NA,NA,NA,NA,NA,NA,NA,High,High,High,High,Medium,NA,NA,NA,NA,NA,NA,NA,NA,NA,NA,NA,NA,NA,NA,NA,NA,NA,NA,NA,NA,NA,NA,NA,NA,NA,NA,NA,NA,NA,NA,NA,NA,NA,NA,NA,NA,NA,NA,NA,NA,NA,NA,NA,NA,NA,NA,NA,NA,NA,NA,NA,NA,NA,NA,NA
NA,NA,NA,NA,NA,NA,NA,NA,NA,NA,NA,NA,NA,NA,NA,NA,248,2025-10-04,14:30:02,1,1,"Peters, Jackson",1000469296,Right,GEO_PAT,"Ary, a",006,Right,GEO_PAT,Undefined,8,Top,0,0,0,Sinker,Changeup,InPlay,Undefined,LineDrive,Double,0,0,NA,85.0644,0.530212,-3.610561,1828.385623,260.880171,02:45:00,4.10747,2.08449,5.79548,-35.50911,3.57288,14.0882,1.64259,-0.10456,77.32338,-6.036914,-1.091716,0.449945,98.29468,12.33924,-15.939792,1086.14313,105.81053,18.69799,-30.06653,258.99017,258.99017,-15.885175,2.495062,-8.28343,2.03217,-1.79571,50,4.12987,7.20738,-123.29845,-0.06097,-12.66378,26.09238,-29.06724,GEO_PAT,GEO_PAT,SpuhlerFieldMain,TeamExclusive,Team,20251004-SpuhlerFieldMain-Private-1,24f1b000-a150-11f0-b694-b1da4b1d52f5,83.77115,20.00366,NA,7.74102,NA,NA,NA,1.45245,1.64667,0.11391,399095c0-9636-49a8-8bc9-7cafea40f967,2025-10-04,18:30:02,2025-10-04T18:30:02Z,2025-10-04T18:30:02Z,LineDrive,v3,471300,471300,NA,"Cowdrey, Vincent",1000469295,Right,GEO_PAT,fe29c956-ef54-464a-afb6-28069bffc739,54.70699,-124.29055,13.04619,4.11118,1.04424,-14.53362,-2.0789,7.68889,-6.33189,173.065054,1.45245,135.41989,-22.861,5.22156,-1.14532,0.23723,-0.04348,0.00579,-3.8e-4,1.64667,30.80805,-13.07081,0.00872,0.14088,-0.05013,0.01227,-0.00167,1e-4,0.11391,-38.6771,5.52809,-0.70848,0.0497,0.00651,-0.00293,4.9e-4,-4e-5,NA,NA,NA,NA,NA,NA,NA,NA,NA,NA,NA,NA,NA,NA,NA,NA,NA,NA,NA,NA,NA,NA,High,High,High,High,High,NA,NA,NA,NA,NA,NA,NA,NA,NA,NA,NA,NA,NA,NA,NA,NA,NA,NA,NA,NA,NA,NA,NA,NA,NA,NA,NA,NA,NA,NA,NA,NA,NA,NA,NA,NA,NA,NA,NA,NA,NA,NA,NA,NA,NA,NA,NA,NA,NA,NA,NA,NA,NA,NA,NA
NA,NA,NA,NA,NA,NA,NA,NA,NA,NA,NA,NA,NA,NA,NA,NA,249,2025-10-04,14:30:47,2,1,"Peters, Jackson",1000469296,Right,GEO_PAT,"Monterrosa, a",0025,Right,GEO_PAT,Undefined,8,Top,0,0,0,Sinker,Changeup,BallCalled,Undefined,Undefined,Undefined,0,0,NA,87.05317,2.235917,-2.63272,2086.573852,263.452603,02:45:00,4.24982,2.44236,5.85107,-34.15376,3.32024,17.38422,3.48465,1.44287,78.37066,-4.11657,0.480262,0.440592,NA,NA,NA,NA,NA,NA,NA,NA,NA,NA,NA,-9.63831,1.40228,-2.23809,50,4.41224,5.05243,-126.11319,3.74566,-15.31294,28.87869,-29.94614,GEO_PAT,GEO_PAT,SpuhlerFieldMain,TeamExclusive,Team,20251004-SpuhlerFieldMain-Private-1,3f0ba9f0-a150-11f0-b694-b1da4b1d52f5,85.54956,NA,NA,8.68251,NA,NA,NA,NA,NA,NA,399095c0-9636-49a8-8bc9-7cafea40f967,2025-10-04,18:30:47,2025-10-04T18:30:47Z,2025-10-04T18:30:47Z,NA,v3,471300,471300,NA,"Cowdrey, Vincent",1000469295,Right,GEO_PAT,2bfc0faf-0b0d-49fe-a176-8ecca6e9870c,54.64922,-127.17336,14.43935,4.25455,4.84502,-14.97307,-2.43389,5.61459,-7.65647,NA,NA,NA,NA,NA,NA,NA,NA,NA,NA,NA,NA,NA,NA,NA,NA,NA,NA,NA,NA,NA,NA,NA,NA,NA,NA,NA,NA,NA,NA,NA,NA,NA,NA,NA,NA,NA,NA,NA,NA,NA,NA,NA,NA,NA,NA,NA,NA,NA,NA,High,High,High,NA,NA,NA,NA,NA,NA,NA,NA,NA,NA,NA,NA,NA,NA,NA,NA,NA,NA,NA,NA,NA,NA,NA,NA,NA,NA,NA,NA,NA,NA,NA,NA,NA,NA,NA,NA,NA,NA,NA,NA,NA,NA,NA,NA,NA,NA,NA,NA,NA,NA,NA,NA,NA,NA,NA,NA,NA
NA,NA,NA,NA,NA,NA,NA,NA,NA,NA,NA,NA,NA,NA,NA,NA,250,2025-10-04,14:31:06,2,2,"Peters, Jackson",1000469296,Right,GEO_PAT,"Monterrosa, a",0025,Right,GEO_PAT,Undefined,8,Top,0,1,0,Sinker,Changeup,InPlay,Undefined,GroundBall,Error,0,0,NA,88.178,1.364819,-3.918788,2054.879025,264.4024,02:45:00,4.20384,2.39699,5.8801,-33.4188,3.26941,19.478,2.68971,0.37493,79.08026,-4.857453,-0.433268,0.435948,85.8673,-27.249286,15.127617,NA,NA,NA,NA,5.75452,5.55926,9.423997,0.045382,-11.25965,1.59882,-2.09127,50,4.29522,7.91444,-127.62094,1.89009,-18.22827,30.77022,-29.58573,GEO_PAT,GEO_PAT,SpuhlerFieldMain,TeamExclusive,Team,20251004-SpuhlerFieldMain-Private-1,4ae829b0-a150-11f0-b694-b1da4b1d52f5,86.46086,2.62338,NA,9.09774,NA,NA,NA,0.75961,2.62338,-0.38708,399095c0-9636-49a8-8bc9-7cafea40f967,2025-10-04,18:31:06,2025-10-04T18:31:06Z,2025-10-04T18:31:06Z,GroundBall,v3,471300,471300,NA,"Cowdrey, Vincent",1000469295,Right,GEO_PAT,ad163e4a-bbf0-4329-b4da-886186c07da5,54.62128,-128.73034,15.38511,4.20785,2.95678,-14.79287,-2.38847,8.57165,-9.11414,180,0.75765,108.35156,NA,NA,NA,NA,NA,NA,NA,2.62443,-57.80617,NA,NA,NA,NA,NA,NA,NA,-0.38761,29.29153,NA,NA,NA,NA,NA,NA,NA,NA,NA,NA,NA,NA,NA,NA,NA,NA,NA,NA,NA,NA,NA,NA,NA,NA,NA,NA,NA,NA,NA,High,High,High,Low,Low,NA,NA,NA,NA,NA,NA,NA,NA,NA,NA,NA,NA,NA,NA,NA,NA,NA,NA,NA,NA,NA,NA,NA,NA,NA,NA,NA,NA,NA,NA,NA,NA,NA,NA,NA,NA,NA,NA,NA,NA,NA,NA,NA,NA,NA,NA,NA,NA,NA,NA,NA,NA,NA,NA,NA
NA,NA,NA,NA,NA,NA,NA,NA,NA,NA,NA,NA,NA,NA,NA,NA,251,2025-10-04,14:31:46,3,1,"Peters, Jackson",1000469296,Right,GEO_PAT,"Baturin, a",0039,Right,GEO_PAT,Undefined,8,Top,0,0,0,Slider,Curveball,StrikeCalled,Undefined,Undefined,Undefined,0,0,NA,79.13382,2.49319,-1.502886,2092.291679,81.003897,08:45:00,4.31859,2.40101,5.65545,-47.13203,-0.64906,-15.82056,2.7185,-0.31938,70.41114,-6.235126,-4.325235,0.490703,NA,NA,NA,NA,NA,NA,NA,NA,NA,NA,NA,7.39099,-0.68051,-2.26365,50,4.50086,3.6405,-114.44396,3.42738,9.48596,27.46651,-33.04747,GEO_PAT,GEO_PAT,SpuhlerFieldMain,TeamExclusive,Team,20251004-SpuhlerFieldMain-Private-1,62b54d70-a150-11f0-b694-b1da4b1d52f5,76.81319,NA,NA,8.72268,NA,NA,NA,NA,NA,NA,399095c0-9636-49a8-8bc9-7cafea40f967,2025-10-04,18:31:46,2025-10-04T18:31:46Z,2025-10-04T18:31:46Z,NA,v3,471300,471300,NA,"Cowdrey, Vincent",1000469295,Right,GEO_PAT,0b84a564-3b74-4777-a8a8-237d5a674ff1,54.84252,-115.60032,13.73326,4.32727,4.8187,-16.52374,-2.40851,3.24113,4.74298,NA,NA,NA,NA,NA,NA,NA,NA,NA,NA,NA,NA,NA,NA,NA,NA,NA,NA,NA,NA,NA,NA,NA,NA,NA,NA,NA,NA,NA,NA,NA,NA,NA,NA,NA,NA,NA,NA,NA,NA,NA,NA,NA,NA,NA,NA,NA,NA,NA,NA,High,High,High,NA,NA,NA,NA,NA,NA,NA,NA,NA,NA,NA,NA,NA,NA,NA,NA,NA,NA,NA,NA,NA,NA,NA,NA,NA,NA,NA,NA,NA,NA,NA,NA,NA,NA,NA,NA,NA,NA,NA,NA,NA,NA,NA,NA,NA,NA,NA,NA,NA,NA,NA,NA,NA,NA,NA,NA,NA
NA,NA,NA,NA,NA,NA,NA,NA,NA,NA,NA,NA,NA,NA,NA,NA,252,2025-10-04,14:32:04,3,2,"Peters, Jackson",1000469296,Right,GEO_PAT,"Baturin, a",0039,Right,GEO_PAT,Undefined,8,Top,0,0,1,Slider,Curveball,BallCalled,Undefined,Undefined,Undefined,0,0,NA,79.771960000000007,2.926238,0.083739,2029.364656,78.818157,08:45:00,4.26611,2.28544,5.37284,-47.0544,-1.08347,-14.47717,3.09093,1.15753,71.17464,-5.737923,-2.488056,0.487992,NA,NA,NA,NA,NA,NA,NA,NA,NA,NA,NA,7.19394,-0.97862,-2.28263,50,4.4961,0.44462,-115.36258,4.25126,9.44657,26.58091,-33.4591,GEO_PAT,GEO_PAT,SpuhlerFieldMain,TeamExclusive,Team,20251004-SpuhlerFieldMain-Private-1,6d83b890-a150-11f0-b694-b1da4b1d52f5,77.23982,NA,NA,8.59732,NA,NA,NA,NA,NA,NA,399095c0-9636-49a8-8bc9-7cafea40f967,2025-10-04,18:32:04,2025-10-04T18:32:04Z,2025-10-04T18:32:04Z,NA,v3,471300,471300,NA,"Cowdrey, Vincent",1000469295,Right,GEO_PAT,ebe38513-56eb-440a-b150-6a399cdf9384,55.12499,-116.53745,13.29045,4.27551,5.73015,-16.72955,-2.29306,0.02708,4.72328,NA,NA,NA,NA,NA,NA,NA,NA,NA,NA,NA,NA,NA,NA,NA,NA,NA,NA,NA,NA,NA,NA,NA,NA,NA,NA,NA,NA,NA,NA,NA,NA,NA,NA,NA,NA,NA,NA,NA,NA,NA,NA,NA,NA,NA,NA,NA,NA,NA,NA,High,High,High,NA,NA,NA,NA,NA,NA,NA,NA,NA,NA,NA,NA,NA,NA,NA,NA,NA,NA,NA,NA,NA,NA,NA,NA,NA,NA,NA,NA,NA,NA,NA,NA,NA,NA,NA,NA,NA,NA,NA,NA,NA,NA,NA,NA,NA,NA,NA,NA,NA,NA,NA,NA,NA,NA,NA,NA,NA
NA,NA,NA,NA,NA,NA,NA,NA,NA,NA,NA,NA,NA,NA,NA,NA,253,2025-10-04,14:32:25,3,3,"Peters, Jackson",1000469296,Right,GEO_PAT,"Baturin, a",0039,Right,GEO_PAT,Undefined,8,Top,0,1,1,Sinker,Changeup,BallCalled,Undefined,Undefined,Undefined,0,0,NA,86.76822,1.219404,-6.029042,1860.221776,256.799876,02:30:00,4.14448,2.1726,5.60532,-32.46726,5.4378,17.90651,2.58373,-1.9844,78.922,-4.761753,-2.858916,0.443119,NA,NA,NA,NA,NA,NA,NA,NA,NA,NA,NA,-10.68843,2.7954,-1.66631,50,4.22853,12.45895,-125.32045,1.53184,-16.99365,25.38576,-27.72964,GEO_PAT,GEO_PAT,SpuhlerFieldMain,TeamExclusive,Team,20251004-SpuhlerFieldMain-Private-1,79d7d950-a150-11f0-b694-b1da4b1d52f5,85.06174,NA,NA,7.84622,NA,NA,NA,NA,NA,NA,399095c0-9636-49a8-8bc9-7cafea40f967,2025-10-04,18:32:25,2025-10-04T18:32:25Z,2025-10-04T18:32:25Z,NA,v3,471300,471300,NA,"Cowdrey, Vincent",1000469295,Right,GEO_PAT,fb93781a-beb8-4ad0-b994-20b24e830ede,54.89673,-126.30847,12.69288,4.14791,2.61108,-13.86482,-2.16408,13.12034,-8.49682,NA,NA,NA,NA,NA,NA,NA,NA,NA,NA,NA,NA,NA,NA,NA,NA,NA,NA,NA,NA,NA,NA,NA,NA,NA,NA,NA,NA,NA,NA,NA,NA,NA,NA,NA,NA,NA,NA,NA,NA,NA,NA,NA,NA,NA,NA,NA,NA,NA,NA,High,High,High,NA,NA,NA,NA,NA,NA,NA,NA,NA,NA,NA,NA,NA,NA,NA,NA,NA,NA,NA,NA,NA,NA,NA,NA,NA,NA,NA,NA,NA,NA,NA,NA,NA,NA,NA,NA,NA,NA,NA,NA,NA,NA,NA,NA,NA,NA,NA,NA,NA,NA,NA,NA,NA,NA,NA,NA,NA
NA,NA,NA,NA,NA,NA,NA,NA,NA,NA,NA,NA,NA,NA,NA,NA,254,2025-10-04,14:32:47,3,4,"Peters, Jackson",1000469296,Right,GEO_PAT,"Baturin, a",0039,Right,GEO_PAT,Undefined,8,Top,0,2,1,Slider,Slider,FoulBallNotFieldable,Undefined,Undefined,Undefined,0,0,NA,79.67566,1.338434,-1.165674,2438.58046,98.264852,09:15:00,4.16633,2.37465,5.40139,-40.82797,4.80496,-21.81879,2.01873,-0.53608,71.90707,-6.182256,-5.041334,0.486195,57.49665,-0.438076,166.957065,1400.046332,NA,NA,NA,21.60127,21.60127,164.282757,0.259301,10.64678,2.39921,-2.25456,50,4.25729,3.21956,-115.46232,1.33683,14.08927,25.45147,-28.99908,GEO_PAT,GEO_PAT,SpuhlerFieldMain,TeamExclusive,Team,20251004-SpuhlerFieldMain-Private-1,86b77130-a150-11f0-b694-b1da4b1d52f5,77.52533,1.69744,NA,7.7686,NA,NA,NA,0.30565,1.69744,0.73727,399095c0-9636-49a8-8bc9-7cafea40f967,2025-10-04,18:32:47,2025-10-04T18:32:47Z,2025-10-04T18:32:47Z,GroundBall,v3,471300,471300,NA,"Cowdrey, Vincent",1000469295,Right,GEO_PAT,44c9da6b-203a-4f2d-a36c-f81026862294,55.1006,-116.58122,12.72573,4.1705,2.6117,-14.49954,-2.38248,2.60016,7.04464,26.439612,0.30658,-82.19768,3.16475,NA,NA,NA,NA,NA,NA,1.69786,-0.66575,-22.6905,NA,NA,NA,NA,NA,NA,0.73695,19.04689,2.61852,NA,NA,NA,NA,NA,NA,NA,NA,NA,NA,NA,NA,NA,NA,NA,NA,NA,NA,NA,NA,NA,NA,NA,NA,NA,NA,NA,NA,High,High,High,High,High,NA,NA,NA,NA,NA,NA,NA,NA,NA,NA,NA,NA,NA,NA,NA,NA,NA,NA,NA,NA,NA,NA,NA,NA,NA,NA,NA,NA,NA,NA,NA,NA,NA,NA,NA,NA,NA,NA,NA,NA,NA,NA,NA,NA,NA,NA,NA,NA,NA,NA,NA,NA,NA,NA,NA
NA,NA,NA,NA,NA,NA,NA,NA,NA,NA,NA,NA,NA,NA,NA,NA,255,2025-10-04,14:33:29,3,5,"Peters, Jackson",1000469296,Right,GEO_PAT,"Baturin, a",0039,Right,GEO_PAT,Undefined,8,Top,0,2,2,Sinker,Sinker,BallCalled,Undefined,Undefined,Undefined,0,0,NA,88.15621,-0.4003,-3.812279,2185.207732,265.447998,02:45:00,4.10781,2.27011,5.77143,-33.4536,2.94532,21.6671,0.94664,0.52261,80.22959,-6.576823,0.062517,0.434226,NA,NA,NA,NA,NA,NA,NA,NA,NA,NA,NA,-12.23119,1.95114,-1.968,50,4.05427,7.60627,-127.79685,-2.07646,-20.0987,27.9062,-28.96787,GEO_PAT,GEO_PAT,SpuhlerFieldMain,TeamExclusive,Team,20251004-SpuhlerFieldMain-Private-1,9fb7e4d0-a150-11f0-b694-b1da4b1d52f5,86.80378,NA,NA,7.92662,NA,NA,NA,NA,NA,NA,399095c0-9636-49a8-8bc9-7cafea40f967,2025-10-04,18:33:29,2025-10-04T18:33:29Z,2025-10-04T18:33:29Z,NA,v3,471300,471300,NA,"Cowdrey, Vincent",1000469295,Right,GEO_PAT,50b6c7b4-74c4-4d3d-ac5e-5e9663f1a5d3,54.73256,-128.82613,13.9531,4.11115,-1.00802,-14.48393,-2.26221,8.34758,-10.04935,NA,NA,NA,NA,NA,NA,NA,NA,NA,NA,NA,NA,NA,NA,NA,NA,NA,NA,NA,NA,NA,NA,NA,NA,NA,NA,NA,NA,NA,NA,NA,NA,NA,NA,NA,NA,NA,NA,NA,NA,NA,NA,NA,NA,NA,NA,NA,NA,NA,NA,High,High,High,NA,NA,NA,NA,NA,NA,NA,NA,NA,NA,NA,NA,NA,NA,NA,NA,NA,NA,NA,NA,NA,NA,NA,NA,NA,NA,NA,NA,NA,NA,NA,NA,NA,NA,NA,NA,NA,NA,NA,NA,NA,NA,NA,NA,NA,NA,NA,NA,NA,NA,NA,NA,NA,NA,NA,NA,NA
NA,NA,NA,NA,NA,NA,NA,NA,NA,NA,NA,NA,NA,NA,NA,NA,256,2025-10-04,14:33:52,3,6,"Peters, Jackson",1000469296,Right,GEO_PAT,"Baturin, a",0039,Right,GEO_PAT,Undefined,8,Top,0,3,2,Slider,Slider,FoulBallNotFieldable,Undefined,Undefined,Undefined,0,0,NA,81.25965,2.594762,-1.199248,2307.885131,94.991687,09:15:00,4.04095,2.30512,5.31612,-40.80628,2.4652,-13.12064,3.07804,0.08598,74.34404,-4.869404,-3.525405,0.473448,75.17828,29.520496,43.470163,3984.219503,71.70433,49.33877,83.41753,228.53314,173.0941,55.791196,3.801251,6.2691,0.88567,-2.1864,50,4.24668,3.00344,-117.86874,3.91359,8.82205,22.34164,-30.92773,GEO_PAT,GEO_PAT,SpuhlerFieldMain,TeamExclusive,Team,20251004-SpuhlerFieldMain-Private-1,adfc63e0-a150-11f0-b694-b1da4b1d52f5,79.61263,51.11764,NA,6.91561,NA,NA,NA,0.43012,2.97078,-0.10528,399095c0-9636-49a8-8bc9-7cafea40f967,2025-10-04,18:33:52,2025-10-04T18:33:52Z,2025-10-04T18:33:52Z,LineDrive,v3,471300,471300,NA,"Cowdrey, Vincent",1000469295,Right,GEO_PAT,ef55021f-2e4f-42b1-85f0-542d803365bb,55.18707,-118.84786,11.17082,4.04547,5.26901,-15.46387,-2.30955,2.61681,4.41102,215.159605,0.42959,69.64442,-19.95584,5.15236,-1.09715,0.21157,-0.03796,0.00501,-3e-4,2.97152,54.31215,-15.92002,0.21959,0.12252,-0.04599,0.00853,-2.9e-4,-7e-5,-0.1055,66.01575,-7.89591,1.65782,-0.35062,0.09134,-0.02242,0.00336,-2.1e-4,NA,NA,NA,NA,NA,NA,NA,NA,NA,NA,NA,NA,NA,NA,NA,NA,NA,NA,NA,NA,NA,NA,High,High,High,High,Medium,NA,NA,NA,NA,NA,NA,NA,NA,NA,NA,NA,NA,NA,NA,NA,NA,NA,NA,NA,NA,NA,NA,NA,NA,NA,NA,NA,NA,NA,NA,NA,NA,NA,NA,NA,NA,NA,NA,NA,NA,NA,NA,NA,NA,NA,NA,NA,NA,NA,NA,NA,NA,NA,NA,NA
NA,NA,NA,NA,NA,NA,NA,NA,NA,NA,NA,NA,NA,NA,NA,NA,257,2025-10-04,14:34:21,3,7,"Peters, Jackson",1000469296,Right,GEO_PAT,"Baturin, a",0039,Right,GEO_PAT,Undefined,8,Top,0,3,2,Sinker,Sinker,StrikeCalled,Strikeout,Undefined,Undefined,0,0,NA,87.74057,0.728679,-5.029763,2074.409908,256.712418,02:30:00,4.08638,2.20241,5.70493,-31.11293,5.95677,19.76422,2.17529,-0.84938,79.32529,-5.040261,-1.512722,0.438209,NA,NA,NA,NA,NA,NA,NA,NA,NA,NA,NA,-11.46847,3.20473,-1.7917,50,4.12862,10.29874,-126.87619,0.52701,-18.54124,27.94129,-26.99294,GEO_PAT,GEO_PAT,SpuhlerFieldMain,TeamExclusive,Team,20251004-SpuhlerFieldMain-Private-1,bee48bb0-a150-11f0-b694-b1da4b1d52f5,86.01482,NA,NA,8.41528,NA,NA,NA,NA,NA,NA,399095c0-9636-49a8-8bc9-7cafea40f967,2025-10-04,18:34:21,2025-10-04T18:34:21Z,2025-10-04T18:34:21Z,NA,v3,471300,471300,NA,"Cowdrey, Vincent",1000469295,Right,GEO_PAT,56fccf42-6db6-4cd8-87ea-2b3a63c1ada4,54.79602,-127.92803,13.97065,4.08966,1.54315,-13.49647,-2.19253,10.99672,-9.27062,NA,NA,NA,NA,NA,NA,NA,NA,NA,NA,NA,NA,NA,NA,NA,NA,NA,NA,NA,NA,NA,NA,NA,NA,NA,NA,NA,NA,NA,NA,NA,NA,NA,NA,NA,NA,NA,NA,NA,NA,NA,NA,NA,NA,NA,NA,NA,NA,NA,NA,High,High,High,NA,NA,NA,NA,NA,NA,NA,NA,NA,NA,NA,NA,NA,NA,NA,NA,NA,NA,NA,NA,NA,NA,NA,NA,NA,NA,NA,NA,NA,NA,NA,NA,NA,NA,NA,NA,NA,NA,NA,NA,NA,NA,NA,NA,NA,NA,NA,NA,NA,NA,NA,NA,NA,NA,NA,NA,NA
NA,NA,NA,NA,NA,NA,NA,NA,NA,NA,NA,NA,NA,NA,NA,NA,258,2025-10-04,14:34:54,4,1,"Peters, Jackson",1000469296,Right,GEO_PAT,"Zucker, a",0015,Right,GEO_PAT,Undefined,8,Top,1,0,0,Slider,Slider,StrikeSwinging,Undefined,Undefined,Undefined,0,0,NA,80.69693,1.709251,-2.649185,2407.113974,97.41592,09:15:00,4.1718,2.34842,5.42318,-41.20423,3.17055,-12.48296,2.34138,-1.17513,72.99131,-5.864573,-4.863444,0.479446,NA,NA,NA,NA,NA,NA,NA,NA,NA,NA,NA,5.38776,1.53287,-2.10426,50,4.29553,5.9228,-116.82185,2.07631,7.33728,24.99412,-30.08651,GEO_PAT,GEO_PAT,SpuhlerFieldMain,TeamExclusive,Team,20251004-SpuhlerFieldMain-Private-1,d2dbef50-a150-11f0-b694-b1da4b1d52f5,78.61666,NA,NA,7.70562,NA,NA,NA,NA,NA,NA,399095c0-9636-49a8-8bc9-7cafea40f967,2025-10-04,18:34:54,2025-10-04T18:34:54Z,2025-10-04T18:34:54Z,NA,v3,471300,471300,NA,"Cowdrey, Vincent",1000469295,Right,GEO_PAT,699d1707-465b-46c7-9460-eade138ef491,55.07627,-117.90292,12.49706,4.17758,3.37764,-15.04326,-2.35357,5.60544,3.66864,NA,NA,NA,NA,NA,NA,NA,NA,NA,NA,NA,NA,NA,NA,NA,NA,NA,NA,NA,NA,NA,NA,NA,NA,NA,NA,NA,NA,NA,NA,NA,NA,NA,NA,NA,NA,NA,NA,NA,NA,NA,NA,NA,NA,NA,NA,NA,NA,NA,NA,High,High,High,NA,NA,NA,NA,NA,NA,NA,NA,NA,NA,NA,NA,NA,NA,NA,NA,NA,NA,NA,NA,NA,NA,NA,NA,NA,NA,NA,NA,NA,NA,NA,NA,NA,NA,NA,NA,NA,NA,NA,NA,NA,NA,NA,NA,NA,NA,NA,NA,NA,NA,NA,NA,NA,NA,NA,NA,NA
NA,NA,NA,NA,NA,NA,NA,NA,NA,NA,NA,NA,NA,NA,NA,NA,259,2025-10-04,14:35:13,4,2,"Peters, Jackson",1000469296,Right,GEO_PAT,"Zucker, a",0015,Right,GEO_PAT,Undefined,8,Top,1,0,1,Slider,Curveball,BallCalled,Undefined,Undefined,Undefined,0,0,NA,78.84025,0.512546,-0.719391,2100.191494,82.053715,08:45:00,4.13469,2.19362,5.39895,-46.85396,-0.5148,-15.19351,0.71057,0.25329,71.67634,-8.051698,-3.42416,0.489943,NA,NA,NA,NA,NA,NA,NA,NA,NA,NA,NA,7.4789,-0.03134,-2.11814,50,4.14736,2.02916,-114.36309,-0.55819,9.76038,23.96198,-32.21494,GEO_PAT,GEO_PAT,SpuhlerFieldMain,TeamExclusive,Team,20251004-SpuhlerFieldMain-Private-1,de573c40-a150-11f0-b694-b1da4b1d52f5,76.93233,NA,NA,7.1639099999999996,NA,NA,NA,NA,NA,NA,399095c0-9636-49a8-8bc9-7cafea40f967,2025-10-04,18:35:13,2025-10-04T18:35:13Z,2025-10-04T18:35:13Z,NA,v3,471300,471300,NA,"Cowdrey, Vincent",1000469295,Right,GEO_PAT,d53936b7-a867-4991-a65c-3318b3ad764d,55.1041,-115.42758,11.98099,4.14036,0.87292,-16.10747,-2.19865,1.59556,4.88019,NA,NA,NA,NA,NA,NA,NA,NA,NA,NA,NA,NA,NA,NA,NA,NA,NA,NA,NA,NA,NA,NA,NA,NA,NA,NA,NA,NA,NA,NA,NA,NA,NA,NA,NA,NA,NA,NA,NA,NA,NA,NA,NA,NA,NA,NA,NA,NA,NA,NA,High,High,High,NA,NA,NA,NA,NA,NA,NA,NA,NA,NA,NA,NA,NA,NA,NA,NA,NA,NA,NA,NA,NA,NA,NA,NA,NA,NA,NA,NA,NA,NA,NA,NA,NA,NA,NA,NA,NA,NA,NA,NA,NA,NA,NA,NA,NA,NA,NA,NA,NA,NA,NA,NA,NA,NA,NA,NA,NA
NA,NA,NA,NA,NA,NA,NA,NA,NA,NA,NA,NA,NA,NA,NA,NA,260,2025-10-04,14:35:35,4,3,"Peters, Jackson",1000469296,Right,GEO_PAT,"Zucker, a",0015,Right,GEO_PAT,Undefined,8,Top,1,1,1,Sinker,Sinker,StrikeCalled,Undefined,Undefined,Undefined,0,0,NA,87.95141,0.942348,-5.19152,2153.982495,277.827964,03:15:00,3.98662,2.26724,5.71923,-38.09321,-1.56913,19.79474,1.69373,-0.93263,80.3935,-6.041937,-1.667783,0.434972,NA,NA,NA,NA,NA,NA,NA,NA,NA,NA,NA,-11.44953,-0.6887,-1.84434,50,4.04216,10.71768,-127.32405,0.70599,-18.82542,25.74929,-33.30639,GEO_PAT,GEO_PAT,SpuhlerFieldMain,TeamExclusive,Team,20251004-SpuhlerFieldMain-Private-1,ead700e0-a150-11f0-b694-b1da4b1d52f5,86.65489,NA,NA,7.55791,NA,NA,NA,NA,NA,NA,399095c0-9636-49a8-8bc9-7cafea40f967,2025-10-04,18:35:35,2025-10-04T18:35:35Z,2025-10-04T18:35:35Z,NA,v3,471300,471300,NA,"Cowdrey, Vincent",1000469295,Right,GEO_PAT,23b0ad75-88d3-47ca-8f27-9c38073c21b5,54.78502,-128.28809,12.87465,3.99238,1.95298,-16.6532,-2.2588,11.4225,-9.41271,NA,NA,NA,NA,NA,NA,NA,NA,NA,NA,NA,NA,NA,NA,NA,NA,NA,NA,NA,NA,NA,NA,NA,NA,NA,NA,NA,NA,NA,NA,NA,NA,NA,NA,NA,NA,NA,NA,NA,NA,NA,NA,NA,NA,NA,NA,NA,NA,NA,NA,High,High,High,NA,NA,NA,NA,NA,NA,NA,NA,NA,NA,NA,NA,NA,NA,NA,NA,NA,NA,NA,NA,NA,NA,NA,NA,NA,NA,NA,NA,NA,NA,NA,NA,NA,NA,NA,NA,NA,NA,NA,NA,NA,NA,NA,NA,NA,NA,NA,NA,NA,NA,NA,NA,NA,NA,NA,NA,NA
NA,NA,NA,NA,NA,NA,NA,NA,NA,NA,NA,NA,NA,NA,NA,NA,261,2025-10-04,14:35:57,4,4,"Peters, Jackson",1000469296,Right,GEO_PAT,"Zucker, a",0015,Right,GEO_PAT,Undefined,8,Top,1,1,2,Sinker,Sinker,StrikeCalled,Strikeout,Undefined,Undefined,0,0,NA,86.81884,0.943209,-4.439086,2205.060894,271.502584,03:00:00,4.03078,2.0963,5.80039,-36.58053,0.65024,19.03497,1.86244,-0.45467,79.52076,-5.786622,-1.039962,0.439159,NA,NA,NA,NA,NA,NA,NA,NA,NA,NA,NA,-10.90969,0.41945,-1.74231,50,4.08653,8.98075,-125.85305,0.78849,-17.55185,24.80051,-31.49921,GEO_PAT,GEO_PAT,SpuhlerFieldMain,TeamExclusive,Team,20251004-SpuhlerFieldMain-Private-1,f8831080-a150-11f0-b694-b1da4b1d52f5,85.82859,NA,NA,7.29807,NA,NA,NA,NA,NA,NA,399095c0-9636-49a8-8bc9-7cafea40f967,2025-10-04,18:35:57,2025-10-04T18:35:57Z,2025-10-04T18:35:57Z,NA,v3,471300,471300,NA,"Cowdrey, Vincent",1000469295,Right,GEO_PAT,c28aa5b1-9822-473f-9136-9bba25311994,54.70401,-126.77662,12.40025,4.03532,1.96154,-15.7496,-2.08892,9.63439,-8.77593,NA,NA,NA,NA,NA,NA,NA,NA,NA,NA,NA,NA,NA,NA,NA,NA,NA,NA,NA,NA,NA,NA,NA,NA,NA,NA,NA,NA,NA,NA,NA,NA,NA,NA,NA,NA,NA,NA,NA,NA,NA,NA,NA,NA,NA,NA,NA,NA,NA,NA,High,High,High,NA,NA,NA,NA,NA,NA,NA,NA,NA,NA,NA,NA,NA,NA,NA,NA,NA,NA,NA,NA,NA,NA,NA,NA,NA,NA,NA,NA,NA,NA,NA,NA,NA,NA,NA,NA,NA,NA,NA,NA,NA,NA,NA,NA,NA,NA,NA,NA,NA,NA,NA,NA,NA,NA,NA,NA,NA
NA,NA,NA,NA,NA,NA,NA,NA,NA,NA,NA,NA,NA,NA,NA,NA,262,2025-10-04,14:36:35,5,1,"Peters, Jackson",1000469296,Right,GEO_PAT,"Harris, a",005,Right,GEO_PAT,Undefined,8,Top,2,0,0,Splitter,Changeup,BallCalled,Undefined,Undefined,Undefined,0,0,NA,84.01013,0.049706,-4.098425,1637.445332,284.012661,03:30:00,4.02277,2.2445,5.60537,-42.80431,-2.9002,16.37001,0.50226,-0.2239,77.49388,-7.751915,-1.180862,0.454653,NA,NA,NA,NA,NA,NA,NA,NA,NA,NA,NA,-9.4941,-1.24327,-1.90445,50,3.99857,8.08712,-121.87978,-1.39634,-14.35833,22.73918,-34.05431,GEO_PAT,GEO_PAT,SpuhlerFieldMain,TeamExclusive,Team,20251004-SpuhlerFieldMain-Private-1,0ebbffb0-a151-11f0-b694-b1da4b1d52f5,82.90371,NA,NA,6.51625,NA,NA,NA,NA,NA,NA,399095c0-9636-49a8-8bc9-7cafea40f967,2025-10-04,18:36:35,2025-10-04T18:36:35Z,2025-10-04T18:36:35Z,NA,v3,471300,471300,NA,"Cowdrey, Vincent",1000469295,Right,GEO_PAT,80d650b2-1d9d-4591-9122-19b418c976f4,54.90092,-122.79074,11.36959,4.02718,-0.03208,-17.02715,-2.23995,8.66234,-7.17917,NA,NA,NA,NA,NA,NA,NA,NA,NA,NA,NA,NA,NA,NA,NA,NA,NA,NA,NA,NA,NA,NA,NA,NA,NA,NA,NA,NA,NA,NA,NA,NA,NA,NA,NA,NA,NA,NA,NA,NA,NA,NA,NA,NA,NA,NA,NA,NA,NA,NA,High,High,High,NA,NA,NA,NA,NA,NA,NA,NA,NA,NA,NA,NA,NA,NA,NA,NA,NA,NA,NA,NA,NA,NA,NA,NA,NA,NA,NA,NA,NA,NA,NA,NA,NA,NA,NA,NA,NA,NA,NA,NA,NA,NA,NA,NA,NA,NA,NA,NA,NA,NA,NA,NA,NA,NA,NA,NA,NA
NA,NA,NA,NA,NA,NA,NA,NA,NA,NA,NA,NA,NA,NA,NA,NA,263,2025-10-04,14:37:01,5,2,"Peters, Jackson",1000469296,Right,GEO_PAT,"Harris, a",005,Right,GEO_PAT,Undefined,8,Top,2,1,0,Sinker,Changeup,StrikeCalled,Undefined,Undefined,Undefined,0,0,NA,87.25548,0.685766,-3.05592,2106.169198,273.969195,03:15:00,3.93611,2.28316,5.67324,-37.12856,-0.19476,19.07206,1.48238,1.0206,80.03998,-6.126875,0.350736,0.437405,NA,NA,NA,NA,NA,NA,NA,NA,NA,NA,NA,-10.54792,0.03264,-2.03741,50,3.97044,5.96175,-126.67303,0.17504,-17.18172,25.26571,-32.12089,GEO_PAT,GEO_PAT,SpuhlerFieldMain,TeamExclusive,Team,20251004-SpuhlerFieldMain-Private-1,1e5b7ae0-a151-11f0-b694-b1da4b1d52f5,86.17294,NA,NA,7.2155,NA,NA,NA,NA,NA,NA,399095c0-9636-49a8-8bc9-7cafea40f967,2025-10-04,18:37:01,2025-10-04T18:37:01Z,2025-10-04T18:37:01Z,NA,v3,471300,471300,NA,"Cowdrey, Vincent",1000469295,Right,GEO_PAT,d27d75ec-317d-49d8-aeb5-69cd9203a45d,54.83155,-127.63307,12.63285,3.9406,1.39556,-16.06045,-2.27635,6.61462,-8.59086,NA,NA,NA,NA,NA,NA,NA,NA,NA,NA,NA,NA,NA,NA,NA,NA,NA,NA,NA,NA,NA,NA,NA,NA,NA,NA,NA,NA,NA,NA,NA,NA,NA,NA,NA,NA,NA,NA,NA,NA,NA,NA,NA,NA,NA,NA,NA,NA,NA,NA,High,High,High,NA,NA,NA,NA,NA,NA,NA,NA,NA,NA,NA,NA,NA,NA,NA,NA,NA,NA,NA,NA,NA,NA,NA,NA,NA,NA,NA,NA,NA,NA,NA,NA,NA,NA,NA,NA,NA,NA,NA,NA,NA,NA,NA,NA,NA,NA,NA,NA,NA,NA,NA,NA,NA,NA,NA,NA,NA
NA,NA,NA,NA,NA,NA,NA,NA,NA,NA,NA,NA,NA,NA,NA,NA,264,2025-10-04,14:37:21,5,3,"Peters, Jackson",1000469296,Right,GEO_PAT,"Harris, a",005,Right,GEO_PAT,Undefined,8,Top,2,1,1,Splitter,Changeup,BallCalled,Undefined,Undefined,Undefined,0,0,NA,84.10901,0.903922,-2.221077,1665.901551,287.367572,03:30:00,3.95046,2.16918,5.49716,-43.50672,-3.60453,15.31454,1.17116,1.3667,77.45021,-7.025897,0.50862,0.454642,NA,NA,NA,NA,NA,NA,NA,NA,NA,NA,NA,-8.34426,-1.72626,-1.98555,50,3.99983,4.10593,-122.17335,0.35182,-12.66675,23.08953,-34.79453,GEO_PAT,GEO_PAT,SpuhlerFieldMain,TeamExclusive,Team,20251004-SpuhlerFieldMain-Private-1,2a150950-a151-11f0-b694-b1da4b1d52f5,82.90572,NA,NA,6.6588,NA,NA,NA,NA,NA,NA,399095c0-9636-49a8-8bc9-7cafea40f967,2025-10-04,18:37:21,2025-10-04T18:37:21Z,2025-10-04T18:37:21Z,NA,v3,471300,471300,NA,"Cowdrey, Vincent",1000469295,Right,GEO_PAT,1c069cee-2d79-4aee-a214-46dac5e1f90f,55.0079,-123.11615,11.54476,3.95646,1.77257,-17.39726,-2.16377,4.62315,-6.33337,NA,NA,NA,NA,NA,NA,NA,NA,NA,NA,NA,NA,NA,NA,NA,NA,NA,NA,NA,NA,NA,NA,NA,NA,NA,NA,NA,NA,NA,NA,NA,NA,NA,NA,NA,NA,NA,NA,NA,NA,NA,NA,NA,NA,NA,NA,NA,NA,NA,NA,High,High,High,NA,NA,NA,NA,NA,NA,NA,NA,NA,NA,NA,NA,NA,NA,NA,NA,NA,NA,NA,NA,NA,NA,NA,NA,NA,NA,NA,NA,NA,NA,NA,NA,NA,NA,NA,NA,NA,NA,NA,NA,NA,NA,NA,NA,NA,NA,NA,NA,NA,NA,NA,NA,NA,NA,NA,NA,NA
NA,NA,NA,NA,NA,NA,NA,NA,NA,NA,NA,NA,NA,NA,NA,NA,265,2025-10-04,14:37:42,5,4,"Peters, Jackson",1000469296,Right,GEO_PAT,"Harris, a",005,Right,GEO_PAT,Undefined,8,Top,2,2,1,Sinker,Sinker,StrikeCalled,Undefined,Undefined,Undefined,0,0,NA,85.47258,0.679399,-2.886979,2169.812128,261.641394,02:45:00,3.93903,2.20499,5.65937,-34.55447,4.10937,19.5632,1.69393,1.1406,78.0462,-5.693431,0.606203,0.447532,NA,NA,NA,NA,NA,NA,NA,NA,NA,NA,NA,-10.74827,2.25764,-1.97312,50,3.9747,5.43884,-124.02549,0.26838,-16.71502,25.17428,-28.66313,GEO_PAT,GEO_PAT,SpuhlerFieldMain,TeamExclusive,Team,20251004-SpuhlerFieldMain-Private-1,371325b0-a151-11f0-b694-b1da4b1d52f5,84.22297,NA,NA,7.42638,NA,NA,NA,NA,NA,NA,399095c0-9636-49a8-8bc9-7cafea40f967,2025-10-04,18:37:42,2025-10-04T18:37:42Z,2025-10-04T18:37:42Z,NA,v3,471300,471300,NA,"Cowdrey, Vincent",1000469295,Right,GEO_PAT,57d51869-92d0-43e6-8778-e0aabdf07bdc,54.84397,-125.00484,12.58714,3.94257,1.38345,-14.33157,-2.19735,6.0891,-8.35751,NA,NA,NA,NA,NA,NA,NA,NA,NA,NA,NA,NA,NA,NA,NA,NA,NA,NA,NA,NA,NA,NA,NA,NA,NA,NA,NA,NA,NA,NA,NA,NA,NA,NA,NA,NA,NA,NA,NA,NA,NA,NA,NA,NA,NA,NA,NA,NA,NA,NA,High,High,High,NA,NA,NA,NA,NA,NA,NA,NA,NA,NA,NA,NA,NA,NA,NA,NA,NA,NA,NA,NA,NA,NA,NA,NA,NA,NA,NA,NA,NA,NA,NA,NA,NA,NA,NA,NA,NA,NA,NA,NA,NA,NA,NA,NA,NA,NA,NA,NA,NA,NA,NA,NA,NA,NA,NA,NA,NA
NA,NA,NA,NA,NA,NA,NA,NA,NA,NA,NA,NA,NA,NA,NA,NA,266,2025-10-04,14:38:04,5,5,"Peters, Jackson",1000469296,Right,GEO_PAT,"Harris, a",005,Right,GEO_PAT,Undefined,8,Top,2,2,2,Slider,Slider,BallCalled,Undefined,Undefined,Undefined,0,0,NA,80.24776,2.32517,1.621268,2414.681975,105.523011,09:30:00,3.96096,2.23463,5.45286,-40.04266,4.39595,-10.51666,2.80296,2.87647,72.83785,-5.050033,-0.249333,0.47979,NA,NA,NA,NA,NA,NA,NA,NA,NA,NA,NA,5.7287,1.99768,-2.37045,50,4.13915,-2.85838,-116.30204,3.36552,7.7996,23.02641,-29.45421,GEO_PAT,GEO_PAT,SpuhlerFieldMain,TeamExclusive,Team,20251004-SpuhlerFieldMain-Private-1,4426c5e0-a151-11f0-b694-b1da4b1d52f5,78.56021,NA,NA,7.4099,NA,NA,NA,NA,NA,NA,399095c0-9636-49a8-8bc9-7cafea40f967,2025-10-04,18:38:04,2025-10-04T18:38:04Z,2025-10-04T18:38:04Z,NA,v3,471300,471300,NA,"Cowdrey, Vincent",1000469295,Right,GEO_PAT,dcf6656f-07ea-4f50-9578-1f6e1126d8dd,55.047110000000004,-117.29705,11.51321,3.96622,4.63828,-14.7271,-2.23966,-3.19541,3.8998,NA,NA,NA,NA,NA,NA,NA,NA,NA,NA,NA,NA,NA,NA,NA,NA,NA,NA,NA,NA,NA,NA,NA,NA,NA,NA,NA,NA,NA,NA,NA,NA,NA,NA,NA,NA,NA,NA,NA,NA,NA,NA,NA,NA,NA,NA,NA,NA,NA,NA,High,High,High,NA,NA,NA,NA,NA,NA,NA,NA,NA,NA,NA,NA,NA,NA,NA,NA,NA,NA,NA,NA,NA,NA,NA,NA,NA,NA,NA,NA,NA,NA,NA,NA,NA,NA,NA,NA,NA,NA,NA,NA,NA,NA,NA,NA,NA,NA,NA,NA,NA,NA,NA,NA,NA,NA,NA,NA,NA
NA,NA,NA,NA,NA,NA,NA,NA,NA,NA,NA,NA,NA,NA,NA,NA,267,2025-10-04,14:38:29,5,6,"Peters, Jackson",1000469296,Right,GEO_PAT,"Harris, a",005,Right,GEO_PAT,Undefined,8,Top,2,3,2,Slider,Slider,StrikeSwinging,Strikeout,Undefined,Undefined,0,0,NA,79.76349,0.295602,-1.64978,2361.248357,90.447626,09:00:00,4.07017,2.17645,5.6069,-43.3066,1.68492,-15.63879,0.73736,-0.66729,72.45879,-7.659945,-4.440812,0.482766,NA,NA,NA,NA,NA,NA,NA,NA,NA,NA,NA,7.47524,1.13933,-2.02455,50,4.06734,3.93194,-115.69106,-0.82222,9.96998,24.78903,-30.6545,GEO_PAT,GEO_PAT,SpuhlerFieldMain,TeamExclusive,Team,20251004-SpuhlerFieldMain-Private-1,52b6f3f0-a151-11f0-b694-b1da4b1d52f5,78.076,NA,NA,7.30469,NA,NA,NA,NA,NA,NA,399095c0-9636-49a8-8bc9-7cafea40f967,2025-10-04,18:38:29,2025-10-04T18:38:29Z,2025-10-04T18:38:29Z,NA,v3,471300,471300,NA,"Cowdrey, Vincent",1000469295,Right,GEO_PAT,a93e6d98-6457-4473-a451-5df3de0278a2,54.89598,-116.7354,12.39451,4.07478,0.46923,-15.32725,-2.18135,3.51192,4.98499,NA,NA,NA,NA,NA,NA,NA,NA,NA,NA,NA,NA,NA,NA,NA,NA,NA,NA,NA,NA,NA,NA,NA,NA,NA,NA,NA,NA,NA,NA,NA,NA,NA,NA,NA,NA,NA,NA,NA,NA,NA,NA,NA,NA,NA,NA,NA,NA,NA,NA,High,High,High,NA,NA,NA,NA,NA,NA,NA,NA,NA,NA,NA,NA,NA,NA,NA,NA,NA,NA,NA,NA,NA,NA,NA,NA,NA,NA,NA,NA,NA,NA,NA,NA,NA,NA,NA,NA,NA,NA,NA,NA,NA,NA,NA,NA,NA,NA,NA,NA,NA,NA,NA,NA,NA,NA,NA,NA,NA
NA,NA,NA,NA,NA,NA,NA,NA,NA,NA,NA,NA,NA,NA,NA,NA,268,2025-10-04,14:41:19,1,1,"Zucker , D",NA,Right,GEO_PAT,"Bagnerise , Julius",1000469309,Right,GEO_PAT,Undefined,8,Bottom,0,0,0,ChangeUp,Changeup,StrikeCalled,Undefined,Undefined,Undefined,0,0,NA,79.83092,0.370565,-2.40476,2075.293443,237.453051,02:00:00,5.77369,1.84223,5.00378,-34.75671,10.35056,14.09375,3.22744,0.7452,73.434,-5.973783,0.081765,0.483387,NA,NA,NA,NA,NA,NA,NA,NA,NA,NA,NA,-7.58701,5.44957,-1.62294,50,5.7814,4.2703,-115.81329,-0.46709,-10.37416,20.26043,-24.72253,GEO_PAT,GEO_PAT,SpuhlerFieldMain,TeamExclusive,Team,20251004-SpuhlerFieldMain-Private-1,b7fb0670-a151-11f0-b694-b1da4b1d52f5,77.97574,NA,NA,6.39692,NA,NA,NA,NA,NA,NA,399095c0-9636-49a8-8bc9-7cafea40f967,2025-10-04,18:41:19,2025-10-04T18:41:19Z,2025-10-04T18:41:19Z,NA,v3,471300,471300,NA,"Ary, a",006,Right,GEO_PAT,ae35e7e3-3dfb-4873-9517-0a3a04ab527e,55.49795,-116.77114,10.13021,5.77586,0.70172,-12.36127,-1.83642,4.76075,-5.18708,NA,NA,NA,NA,NA,NA,NA,NA,NA,NA,NA,NA,NA,NA,NA,NA,NA,NA,NA,NA,NA,NA,NA,NA,NA,NA,NA,NA,NA,NA,NA,NA,NA,NA,NA,NA,NA,NA,NA,NA,NA,NA,NA,NA,NA,NA,NA,NA,NA,NA,High,High,High,NA,NA,NA,NA,NA,NA,NA,NA,NA,NA,NA,NA,NA,NA,NA,NA,NA,NA,NA,NA,NA,NA,NA,NA,NA,NA,NA,NA,NA,NA,NA,NA,NA,NA,NA,NA,NA,NA,NA,NA,NA,NA,NA,NA,NA,NA,NA,NA,NA,NA,NA,NA,NA,NA,NA,NA,NA
NA,NA,NA,NA,NA,NA,NA,NA,NA,NA,NA,NA,NA,NA,NA,NA,269,2025-10-04,14:41:34,1,2,"Zucker , D",NA,Right,GEO_PAT,"Bagnerise , Julius",1000469309,Right,GEO_PAT,Undefined,8,Bottom,0,0,1,ChangeUp,Changeup,InPlay,Undefined,GroundBall,Single,0,0,NA,80.7691,-0.650596,-2.992186,2077.95697,246.886406,02:15:00,5.76309,1.811,4.89785,-35.66522,8.72146,17.20178,2.17474,0.41164,74.24252,-7.130807,0.037184,0.47951,98.47947,-6.825205,-30.496316,NA,NA,NA,NA,16.80997,15.60378,-30.9812,0.113718,-9.33626,4.87496,-1.53308,50,5.66944,5.39277,-117.09473,-2.61741,-13.01075,21.33934,-25.38044,GEO_PAT,GEO_PAT,SpuhlerFieldMain,TeamExclusive,Team,20251004-SpuhlerFieldMain-Private-1,c13256d0-a151-11f0-b694-b1da4b1d52f5,78.60613,2.08113,NA,6.52658,NA,NA,NA,0.70556,2.08113,-0.38675,399095c0-9636-49a8-8bc9-7cafea40f967,2025-10-04,18:41:34,2025-10-04T18:41:34Z,2025-10-04T18:41:34Z,GroundBall,v3,471300,471300,NA,"Ary, a",006,Right,GEO_PAT,52579c6e-6148-4197-8db3-dafe0182fd0c,55.60542,-118.11184,10.66967,5.76536,-1.40769,-12.69022,-1.8049,6.01291,-6.50537,98.219637,0.70594,123.52877,-26.44065,NA,NA,NA,NA,NA,NA,2.08115,-17.16683,-9.97504,NA,NA,NA,NA,NA,NA,-0.38666,-72.78948,0.84914,NA,NA,NA,NA,NA,NA,NA,NA,NA,NA,NA,NA,NA,NA,NA,NA,NA,NA,NA,NA,NA,NA,NA,NA,NA,NA,NA,NA,High,High,High,High,High,NA,NA,NA,NA,NA,NA,NA,NA,NA,NA,NA,NA,NA,NA,NA,NA,NA,NA,NA,NA,NA,NA,NA,NA,NA,NA,NA,NA,NA,NA,NA,NA,NA,NA,NA,NA,NA,NA,NA,NA,NA,NA,NA,NA,NA,NA,NA,NA,NA,NA,NA,NA,NA,NA,NA
NA,NA,NA,NA,NA,NA,NA,NA,NA,NA,NA,NA,NA,NA,NA,NA,270,2025-10-04,14:42:38,2,1,"Zucker , D",NA,Right,GEO_PAT,"Canody, Andrew",1000415298,Right,GEO_PAT,Undefined,8,Bottom,0,0,0,Fastball,Four-Seam,InPlay,Undefined,Bunt,Sacrifice,1,0,NA,85.02834,-0.528859,-2.926276,2278.537431,218.539914,01:15:00,6.04408,1.39211,5.35265,-24.28655,14.75721,10.87347,3.5235,-0.44885,78.55724,-5.016802,-0.997358,0.449725,39.58491,-28.788928,19.335754,NA,NA,NA,NA,10.59017,10.39181,14.95462,0.129105,-6.26012,7.89382,-1.13686,50,5.9792,5.86526,-123.46906,-1.96543,-9.77755,21.86835,-19.8449,GEO_PAT,GEO_PAT,SpuhlerFieldMain,TeamExclusive,Team,20251004-SpuhlerFieldMain-Private-1,e7773ea0-a151-11f0-b694-b1da4b1d52f5,83.81216,3.80154,NA,6.4711,NA,NA,NA,4.09312,3.80154,0.49466,399095c0-9636-49a8-8bc9-7cafea40f967,2025-10-04,18:42:38,2025-10-04T18:42:38Z,2025-10-04T18:42:38Z,GroundBall,v3,471300,471300,NA,"Ary, a",006,Right,GEO_PAT,9e1b5670-1693-4ffe-a150-c2c867079407,55.15201,-124.37821,10.93417,6.04376,-1.1404,-9.92245,-1.38916,6.27175,-4.88878,244.895585,4.09313,48.01095,-3.60692,NA,NA,NA,NA,NA,NA,3.8016200000000002,-27.96757,-11.45481,NA,NA,NA,NA,NA,NA,0.49469,16.84486,3.80159,NA,NA,NA,NA,NA,NA,NA,NA,NA,NA,NA,NA,NA,NA,NA,NA,NA,NA,NA,NA,NA,NA,NA,NA,NA,NA,NA,NA,High,High,High,High,High,NA,NA,NA,NA,NA,NA,NA,NA,NA,NA,NA,NA,NA,NA,NA,NA,NA,NA,NA,NA,NA,NA,NA,NA,NA,NA,NA,NA,NA,NA,NA,NA,NA,NA,NA,NA,NA,NA,NA,NA,NA,NA,NA,NA,NA,NA,NA,NA,NA,NA,NA,NA,NA,NA,NA
NA,NA,NA,NA,NA,NA,NA,NA,NA,NA,NA,NA,NA,NA,NA,NA,271,2025-10-04,14:44:28,3,1,"Zucker , D",NA,Right,GEO_PAT,"Clyne , Owen",1000230336,Left,GEO_PAT,Undefined,8,Bottom,1,0,0,Curveball,Curveball,FoulBallNotFieldable,Undefined,Undefined,Undefined,0,0,NA,71.33133,1.070003,-0.530273,2430.870673,66.792028,08:15:00,6.09054,1.72477,5.00513,-60.26759,-3.89378,-12.85957,2.0785,0.15254,66.3179,-9.766709,-2.805067,0.540393,58.03425,39.295864,-136.982521,5327.088748,-87.45823,26.67568,-66.71622,144.95547,54.88925,-144.49742,2.663222,6.3039,-1.82602,-1.66269,50,6.14374,1.42648,-103.63632,-0.02727,6.89538,16.38882,-34.17139,GEO_PAT,GEO_PAT,SpuhlerFieldMain,TeamExclusive,Team,20251004-SpuhlerFieldMain-Private-1,291493d0-a152-11f0-b694-b1da4b1d52f5,69.75,34.49842,NA,5.01343,NA,NA,NA,2.07247,2.33425,-0.25418,399095c0-9636-49a8-8bc9-7cafea40f967,2025-10-04,18:44:28,2025-10-04T18:44:28Z,2025-10-04T18:44:28Z,Popup,v3,471300,471300,NA,"Ary, a",006,Right,GEO_PAT,c4e664e0-2ef0-470f-a7cc-9f973bfbed49,55.50093,-104.50261,8.19441,6.09745,1.77897,-17.0857,-1.72846,1.062,3.44769,36.624304,2.07256,-48.16616,-0.91253,1.24235,-0.11016,-0.2074,0.14397,-0.038,0.00366,2.3343,53.90506,-25.29907,2.79427,-0.56224,0.105,-0.0338,0.01133,-0.00147,-0.25412,-44.94272,6.80142,-1.21749,0.51871,-0.36451,0.19652,-0.05361,0.00556,NA,NA,NA,NA,NA,NA,NA,NA,NA,NA,NA,NA,NA,NA,NA,NA,NA,NA,NA,NA,NA,NA,High,High,High,High,Low,NA,NA,NA,NA,NA,NA,NA,NA,NA,NA,NA,NA,NA,NA,NA,NA,NA,NA,NA,NA,NA,NA,NA,NA,NA,NA,NA,NA,NA,NA,NA,NA,NA,NA,NA,NA,NA,NA,NA,NA,NA,NA,NA,NA,NA,NA,NA,NA,NA,NA,NA,NA,NA,NA,NA
NA,NA,NA,NA,NA,NA,NA,NA,NA,NA,NA,NA,NA,NA,NA,NA,272,2025-10-04,14:44:48,3,2,"Zucker , D",NA,Right,GEO_PAT,"Clyne , Owen",1000230336,Left,GEO_PAT,Undefined,8,Bottom,1,0,1,ChangeUp,Changeup,InPlay,Undefined,GroundBall,Out,1,0,NA,80.05886,0.595035,-2.187787,1963.337916,263.850806,02:45:00,5.79248,1.8073,4.89213,-42.19687,2.80697,13.66532,2.8394,0.87545,73.81265,-7.03515,0.220098,0.482832,77.93344,-3.373562,-2.00475,1985.861209,NA,NA,NA,28.695430000000002,27.11909,-3.961899,0.244059,-7.36111,1.59087,-1.60499,50,5.81506,3.86828,-116.18814,-0.33727,-10.12704,20.46202,-29.98541,GEO_PAT,GEO_PAT,SpuhlerFieldMain,TeamExclusive,Team,20251004-SpuhlerFieldMain-Private-1,349d4e40-a152-11f0-b694-b1da4b1d52f5,78.06533,2.8802,NA,6.24621,NA,NA,NA,1.72193,2.8802,-0.8686,399095c0-9636-49a8-8bc9-7cafea40f967,2025-10-04,18:44:48,2025-10-04T18:44:48Z,2025-10-04T18:44:48Z,GroundBall,v3,471300,471300,NA,"Ary, a",006,Right,GEO_PAT,d2fe3cd0-a7da-4849-98ab-557486dfe857,55.61205,-117.17231,10.23101,5.7966,1.10496,-14.99271,-1.80276,4.35537,-5.06352,25.825608,1.7231,113.97042,-15.3268,NA,NA,NA,NA,NA,NA,2.88199,-6.82319,-20.45613,NA,NA,NA,NA,NA,NA,-0.86817,-4.01501,-2.2665,NA,NA,NA,NA,NA,NA,NA,NA,NA,NA,NA,NA,NA,NA,NA,NA,NA,NA,NA,NA,NA,NA,NA,NA,NA,NA,NA,NA,High,High,High,High,High,NA,NA,NA,NA,NA,NA,NA,NA,NA,NA,NA,NA,NA,NA,NA,NA,NA,NA,NA,NA,NA,NA,NA,NA,NA,NA,NA,NA,NA,NA,NA,NA,NA,NA,NA,NA,NA,NA,NA,NA,NA,NA,NA,NA,NA,NA,NA,NA,NA,NA,NA,NA,NA,NA,NA
NA,NA,NA,NA,NA,NA,NA,NA,NA,NA,NA,NA,NA,NA,NA,NA,273,2025-10-04,14:45:30,4,1,"Zucker , D",NA,Right,GEO_PAT,"Alberti, Lucas",1000145512,Right,GEO_PAT,Undefined,8,Bottom,2,0,0,Fastball,Changeup,StrikeCalled,Undefined,Undefined,Undefined,0,0,NA,81.5085,-0.358324,-3.467107,2049.396459,242.544766,02:00:00,5.97122,1.63496,5.22345,-34.03829,9.19945,15.03225,2.79718,-0.37613,74.58831,-6.597816,-0.806853,0.473264,NA,NA,NA,NA,NA,NA,NA,NA,NA,NA,NA,-8.44418,5.11488,-1.32636,50,5.91282,6.52221,-118.10383,-1.92101,-11.93224,22.39711,-24.94635,GEO_PAT,GEO_PAT,SpuhlerFieldMain,TeamExclusive,Team,20251004-SpuhlerFieldMain-Private-1,4d654cc0-a152-11f0-b694-b1da4b1d52f5,79.64366,NA,NA,6.92019,NA,NA,NA,NA,NA,NA,399095c0-9636-49a8-8bc9-7cafea40f967,2025-10-04,18:45:30,2025-10-04T18:45:30Z,2025-10-04T18:45:30Z,NA,v3,471300,471300,NA,"Ary, a",006,Right,GEO_PAT,3ae33479-532a-4f1f-89bd-a65220fd32bd,55.27796,-119.10054,11.19855,5.97361,-0.81086,-12.47317,-1.62842,7.05322,-5.96612,NA,NA,NA,NA,NA,NA,NA,NA,NA,NA,NA,NA,NA,NA,NA,NA,NA,NA,NA,NA,NA,NA,NA,NA,NA,NA,NA,NA,NA,NA,NA,NA,NA,NA,NA,NA,NA,NA,NA,NA,NA,NA,NA,NA,NA,NA,NA,NA,NA,NA,High,High,High,NA,NA,NA,NA,NA,NA,NA,NA,NA,NA,NA,NA,NA,NA,NA,NA,NA,NA,NA,NA,NA,NA,NA,NA,NA,NA,NA,NA,NA,NA,NA,NA,NA,NA,NA,NA,NA,NA,NA,NA,NA,NA,NA,NA,NA,NA,NA,NA,NA,NA,NA,NA,NA,NA,NA,NA,NA
NA,NA,NA,NA,NA,NA,NA,NA,NA,NA,NA,NA,NA,NA,NA,NA,274,2025-10-04,14:45:51,4,2,"Zucker , D",NA,Right,GEO_PAT,"Alberti, Lucas",1000145512,Right,GEO_PAT,Undefined,8,Bottom,2,0,1,Fastball,Slider,BallCalled,Undefined,Undefined,Undefined,0,0,NA,81.86636,-1.023913,-4.327277,2494.791229,169.207713,11:45:00,6.10009,1.48981,4.97829,-39.08545,4.23788,-0.55114,1.87303,-2.65094,75.34688,-8.080219,-4.424155,0.473732,NA,NA,NA,NA,NA,NA,NA,NA,NA,NA,NA,-0.91421,2.77831,-1.07078,50,5.96902,8.98706,-118.45716,-3.56216,-1.30079,22.33489,-28.2209,GEO_PAT,GEO_PAT,SpuhlerFieldMain,TeamExclusive,Team,20251004-SpuhlerFieldMain-Private-1,5a756a80-a152-11f0-b694-b1da4b1d52f5,79.56498,NA,NA,6.51949,NA,NA,NA,NA,NA,NA,399095c0-9636-49a8-8bc9-7cafea40f967,2025-10-04,18:45:51,2025-10-04T18:45:51Z,2025-10-04T18:45:51Z,NA,v3,471300,471300,NA,"Ary, a",006,Right,GEO_PAT,f7e88cdf-e84e-4950-a513-4264dd7cd749,55.52362,-119.49409,11.16744,6.10398,-2.25196,-14.11045,-1.48942,9.04745,-0.65039,NA,NA,NA,NA,NA,NA,NA,NA,NA,NA,NA,NA,NA,NA,NA,NA,NA,NA,NA,NA,NA,NA,NA,NA,NA,NA,NA,NA,NA,NA,NA,NA,NA,NA,NA,NA,NA,NA,NA,NA,NA,NA,NA,NA,NA,NA,NA,NA,NA,NA,High,High,High,NA,NA,NA,NA,NA,NA,NA,NA,NA,NA,NA,NA,NA,NA,NA,NA,NA,NA,NA,NA,NA,NA,NA,NA,NA,NA,NA,NA,NA,NA,NA,NA,NA,NA,NA,NA,NA,NA,NA,NA,NA,NA,NA,NA,NA,NA,NA,NA,NA,NA,NA,NA,NA,NA,NA,NA,NA
NA,NA,NA,NA,NA,NA,NA,NA,NA,NA,NA,NA,NA,NA,NA,NA,275,2025-10-04,14:46:08,4,3,"Zucker , D",NA,Right,GEO_PAT,"Alberti, Lucas",1000145512,Right,GEO_PAT,Undefined,8,Bottom,2,1,1,Curveball,Curveball,BallCalled,Undefined,Undefined,Undefined,0,0,NA,75.3047,-1.098051,-1.936485,2755.545116,79.074294,08:45:00,6.09171,1.36315,4.96202,-51.92759,-0.90016,-12.70501,0.72629,-1.52582,69.81466,-10.406199,-4.181346,0.51413,NA,NA,NA,NA,NA,NA,NA,NA,NA,NA,NA,5.82941,0.22945,-1.16443,50,5.94218,4.18112,-109.25391,-3.87408,7.04303,19.32223,-31.89683,GEO_PAT,GEO_PAT,SpuhlerFieldMain,TeamExclusive,Team,20251004-SpuhlerFieldMain-Private-1,64a68430-a152-11f0-b694-b1da4b1d52f5,73.31298,NA,NA,5.49004,NA,NA,NA,NA,NA,NA,399095c0-9636-49a8-8bc9-7cafea40f967,2025-10-04,18:46:08,2025-10-04T18:46:08Z,2025-10-04T18:46:08Z,NA,v3,471300,471300,NA,"Ary, a",006,Right,GEO_PAT,482db641-30ee-4509-bf0d-9e7384725520,55.54279,-110.22983,9.66112,6.09716,-2.26305,-15.94842,-1.36662,3.82539,3.52152,NA,NA,NA,NA,NA,NA,NA,NA,NA,NA,NA,NA,NA,NA,NA,NA,NA,NA,NA,NA,NA,NA,NA,NA,NA,NA,NA,NA,NA,NA,NA,NA,NA,NA,NA,NA,NA,NA,NA,NA,NA,NA,NA,NA,NA,NA,NA,NA,NA,NA,High,High,High,NA,NA,NA,NA,NA,NA,NA,NA,NA,NA,NA,NA,NA,NA,NA,NA,NA,NA,NA,NA,NA,NA,NA,NA,NA,NA,NA,NA,NA,NA,NA,NA,NA,NA,NA,NA,NA,NA,NA,NA,NA,NA,NA,NA,NA,NA,NA,NA,NA,NA,NA,NA,NA,NA,NA,NA,NA
NA,NA,NA,NA,NA,NA,NA,NA,NA,NA,NA,NA,NA,NA,NA,NA,276,2025-10-04,14:46:32,4,4,"Zucker , D",NA,Right,GEO_PAT,"Alberti, Lucas",1000145512,Right,GEO_PAT,Undefined,8,Bottom,2,2,1,Fastball,Changeup,BallCalled,Undefined,Undefined,Undefined,0,0,NA,80.46704,1.199512,-4.198824,2021.950013,266.33327,03:00:00,5.7845,1.70419,5.11244,-41.95002,2.52705,17.92406,3.42199,-0.76511,73.76927,-6.425478,-1.037814,0.479998,NA,NA,NA,NA,NA,NA,NA,NA,NA,NA,NA,-10.02508,1.3511,-1.32263,50,5.865,7.80476,-116.53617,0.93971,-13.83872,21.1208,-30.30898,GEO_PAT,GEO_PAT,SpuhlerFieldMain,TeamExclusive,Team,20251004-SpuhlerFieldMain-Private-1,72afa7f0-a152-11f0-b694-b1da4b1d52f5,78.52622,NA,NA,6.69776,NA,NA,NA,NA,NA,NA,399095c0-9636-49a8-8bc9-7cafea40f967,2025-10-04,18:46:32,2025-10-04T18:46:32Z,2025-10-04T18:46:32Z,NA,v3,471300,471300,NA,"Ary, a",006,Right,GEO_PAT,22f4a4ef-1909-400d-8fe7-dce7b4ed2523,55.39108,-117.50918,10.5604,5.78955,2.33601,-15.15449,-1.69687,8.44229,-6.91936,NA,NA,NA,NA,NA,NA,NA,NA,NA,NA,NA,NA,NA,NA,NA,NA,NA,NA,NA,NA,NA,NA,NA,NA,NA,NA,NA,NA,NA,NA,NA,NA,NA,NA,NA,NA,NA,NA,NA,NA,NA,NA,NA,NA,NA,NA,NA,NA,NA,NA,High,High,High,NA,NA,NA,NA,NA,NA,NA,NA,NA,NA,NA,NA,NA,NA,NA,NA,NA,NA,NA,NA,NA,NA,NA,NA,NA,NA,NA,NA,NA,NA,NA,NA,NA,NA,NA,NA,NA,NA,NA,NA,NA,NA,NA,NA,NA,NA,NA,NA,NA,NA,NA,NA,NA,NA,NA,NA,NA
NA,NA,NA,NA,NA,NA,NA,NA,NA,NA,NA,NA,NA,NA,NA,NA,277,2025-10-04,14:46:56,4,5,"Zucker , D",NA,Right,GEO_PAT,"Alberti, Lucas",1000145512,Right,GEO_PAT,Undefined,8,Bottom,2,3,1,Curveball,Slider,BallinDirt,Walk,Undefined,Undefined,0,1,NA,78.77806,-1.615605,-3.904239,2576.242438,148.547532,11:00:00,5.71909,1.54799,4.7407,-41.29431,5.7676,-2.65362,0.74132,-2.38256,72.86903,-9.018822,-4.369217,0.493749,NA,NA,NA,NA,NA,NA,NA,NA,NA,NA,NA,0.27114,3.66099,-1.15176,50,5.51941,7.89165,-114.02282,-4.72255,0.35837,20.20082,-27.33556,GEO_PAT,GEO_PAT,SpuhlerFieldMain,TeamExclusive,Team,20251004-SpuhlerFieldMain-Private-1,810935a0-a152-11f0-b694-b1da4b1d52f5,76.33928,NA,NA,5.90904,NA,NA,NA,NA,NA,NA,399095c0-9636-49a8-8bc9-7cafea40f967,2025-10-04,18:46:56,2025-10-04T18:46:56Z,2025-10-04T18:46:56Z,NA,v3,471300,471300,NA,"Ary, a",006,Right,GEO_PAT,11e5e4cd-2e2a-446f-9971-5302600983ff,55.76217,-115.03914,10.10041,5.72241,-3.34727,-13.66778,-1.54834,7.87362,0.17919,NA,NA,NA,NA,NA,NA,NA,NA,NA,NA,NA,NA,NA,NA,NA,NA,NA,NA,NA,NA,NA,NA,NA,NA,NA,NA,NA,NA,NA,NA,NA,NA,NA,NA,NA,NA,NA,NA,NA,NA,NA,NA,NA,NA,NA,NA,NA,NA,NA,NA,High,High,High,NA,NA,NA,NA,NA,NA,NA,NA,NA,NA,NA,NA,NA,NA,NA,NA,NA,NA,NA,NA,NA,NA,NA,NA,NA,NA,NA,NA,NA,NA,NA,NA,NA,NA,NA,NA,NA,NA,NA,NA,NA,NA,NA,NA,NA,NA,NA,NA,NA,NA,NA,NA,NA,NA,NA,NA,NA
NA,NA,NA,NA,NA,NA,NA,NA,NA,NA,NA,NA,NA,NA,NA,NA,278,2025-10-04,14:47:55,5,1,"Zucker , D",NA,Right,GEO_PAT,"Terilli, Lucas",1000469290,Left,GEO_PAT,Undefined,8,Bottom,2,0,0,Curveball,Curveball,BallCalled,Undefined,Undefined,Undefined,0,0,NA,73.77178,3.304792,-0.295793,2487.282472,66.633364,08:15:00,6.12059,1.54431,4.66143,-57.3235,-3.34114,-11.68579,4.48675,0.28948,67.43897,-7.016364,-2.344696,0.528807,NA,NA,NA,NA,NA,NA,NA,NA,NA,NA,NA,5.61154,-2.03874,-1.50284,50,6.40602,1.02626,-106.83867,4.13505,6.47545,18.68679,-34.52668,GEO_PAT,GEO_PAT,SpuhlerFieldMain,TeamExclusive,Team,20251004-SpuhlerFieldMain-Private-1,a4107ea0-a152-11f0-b694-b1da4b1d52f5,71.27823,NA,NA,6.33282,NA,NA,NA,NA,NA,NA,399095c0-9636-49a8-8bc9-7cafea40f967,2025-10-04,18:47:55,2025-10-04T18:47:55Z,2025-10-04T18:47:55Z,NA,v3,471300,471300,NA,"Ary, a",006,Right,GEO_PAT,adacd62f-8d72-4942-97e2-45a0e346069b,55.84165,-107.85558,9.3434,6.12987,6.01393,-17.26334,-1.5491,0.67387,3.23772,NA,NA,NA,NA,NA,NA,NA,NA,NA,NA,NA,NA,NA,NA,NA,NA,NA,NA,NA,NA,NA,NA,NA,NA,NA,NA,NA,NA,NA,NA,NA,NA,NA,NA,NA,NA,NA,NA,NA,NA,NA,NA,NA,NA,NA,NA,NA,NA,NA,NA,High,High,High,NA,NA,NA,NA,NA,NA,NA,NA,NA,NA,NA,NA,NA,NA,NA,NA,NA,NA,NA,NA,NA,NA,NA,NA,NA,NA,NA,NA,NA,NA,NA,NA,NA,NA,NA,NA,NA,NA,NA,NA,NA,NA,NA,NA,NA,NA,NA,NA,NA,NA,NA,NA,NA,NA,NA,NA,NA
NA,NA,NA,NA,NA,NA,NA,NA,NA,NA,NA,NA,NA,NA,NA,NA,279,2025-10-04,14:48:11,5,2,"Zucker , D",NA,Right,GEO_PAT,"Terilli, Lucas",1000469290,Left,GEO_PAT,Undefined,8,Bottom,2,1,0,Fastball,Four-Seam,FoulBallNotFieldable,Undefined,Undefined,Undefined,0,0,NA,86.271,-1.031788,-3.094086,2429.257804,201.549264,12:45:00,5.9919,1.43321,5.54479,-19.52387,18.81753,6.91772,3.3991,-0.88485,78.32929,-4.722945,-1.863361,0.445662,62.46857,55.767924,-148.02269,4492.967243,-97.31897,53.98759,-51.27385,156.75935,55.81757,-153.407905,3.561401,-4.42173,10.20264,-1.1696,50,5.8898,6.46275,-125.00026,-2.85102,-6.95286,26.65007,-16.13115,GEO_PAT,GEO_PAT,SpuhlerFieldMain,TeamExclusive,Team,20251004-SpuhlerFieldMain-Private-1,adc42af0-a152-11f0-b694-b1da4b1d52f5,84.57634,61.76807,NA,7.94171,NA,NA,NA,1.03933,3.51276,0.86556,399095c0-9636-49a8-8bc9-7cafea40f967,2025-10-04,18:48:11,2025-10-04T18:48:11Z,2025-10-04T18:48:11Z,Popup,v3,471300,471300,NA,"Ary, a",006,Right,GEO_PAT,e371b4f2-4da4-4a1f-8453-e01104a5e95e,54.95584,-126.05242,13.32503,5.98979,-2.21416,-8.06557,-1.43017,6.73725,-3.47643,10.84196,1.03901,-43.71487,-1.69726,1.50039,-0.17785,-0.13676,0.08481,-0.01875,0.00149,3.51347,75.72303,-28.90281,3.24717,-0.17803,-0.21009,0.08451,-0.01325,7.5e-4,0.86523,-27.28688,1.9558,0.17127,-0.0619,-0.03639,0.03334,-0.00871,7.6e-4,NA,NA,NA,NA,NA,NA,NA,NA,NA,NA,NA,NA,NA,NA,NA,NA,NA,NA,NA,NA,NA,NA,High,High,High,High,Low,NA,NA,NA,NA,NA,NA,NA,NA,NA,NA,NA,NA,NA,NA,NA,NA,NA,NA,NA,NA,NA,NA,NA,NA,NA,NA,NA,NA,NA,NA,NA,NA,NA,NA,NA,NA,NA,NA,NA,NA,NA,NA,NA,NA,NA,NA,NA,NA,NA,NA,NA,NA,NA,NA,NA
NA,NA,NA,NA,NA,NA,NA,NA,NA,NA,NA,NA,NA,NA,NA,NA,280,2025-10-04,14:48:35,5,3,"Zucker , D",NA,Right,GEO_PAT,"Terilli, Lucas",1000469290,Left,GEO_PAT,Undefined,8,Bottom,2,1,1,ChangeUp,Changeup,StrikeCalled,Undefined,Undefined,Undefined,0,0,NA,80.77673,0.109392,-2.604729,2032.468658,248.502837,02:15:00,5.86116,1.84005,4.85645,-36.09691,9.15756,19.0306,2.95675,0.95858,72.82155,-6.50473,0.744469,0.484175,NA,NA,NA,NA,NA,NA,NA,NA,NA,NA,NA,-10.15465,4.95965,-1.59993,50,5.8419,4.4761,-116.86319,-1.07572,-13.83046,25.13333,-25.41908,GEO_PAT,GEO_PAT,SpuhlerFieldMain,TeamExclusive,Team,20251004-SpuhlerFieldMain-Private-1,bc2cacc0-a152-11f0-b694-b1da4b1d52f5,77.84884,NA,NA,7.95518,NA,NA,NA,NA,NA,NA,399095c0-9636-49a8-8bc9-7cafea40f967,2025-10-04,18:48:35,2025-10-04T18:48:35Z,2025-10-04T18:48:35Z,NA,v3,471300,471300,NA,"Ary, a",006,Right,GEO_PAT,da953cfc-231a-42e5-8ea0-1970f143d012,55.64276,-118.07052,12.56666,5.86424,0.14533,-12.70954,-1.83091,5.14048,-6.91523,NA,NA,NA,NA,NA,NA,NA,NA,NA,NA,NA,NA,NA,NA,NA,NA,NA,NA,NA,NA,NA,NA,NA,NA,NA,NA,NA,NA,NA,NA,NA,NA,NA,NA,NA,NA,NA,NA,NA,NA,NA,NA,NA,NA,NA,NA,NA,NA,NA,NA,High,High,High,NA,NA,NA,NA,NA,NA,NA,NA,NA,NA,NA,NA,NA,NA,NA,NA,NA,NA,NA,NA,NA,NA,NA,NA,NA,NA,NA,NA,NA,NA,NA,NA,NA,NA,NA,NA,NA,NA,NA,NA,NA,NA,NA,NA,NA,NA,NA,NA,NA,NA,NA,NA,NA,NA,NA,NA,NA
NA,NA,NA,NA,NA,NA,NA,NA,NA,NA,NA,NA,NA,NA,NA,NA,281,2025-10-04,14:49:01,5,4,"Zucker , D",NA,Right,GEO_PAT,"Terilli, Lucas",1000469290,Left,GEO_PAT,Undefined,8,Bottom,2,1,2,ChangeUp,Changeup,FoulBallNotFieldable,Undefined,Undefined,Undefined,0,0,NA,81.61062,-0.641399,-3.881113,2081.454339,243.653308,02:00:00,5.80061,1.60154,4.97604,-32.89037,10.91867,19.02572,2.45251,-0.48439,74.24066,-6.667002,-0.530949,0.47638,83.55112,24.364478,40.09968,2945.11814,78.49612,35.67634,77.06042,249.37005,236.48567,52.101373,3.077319,-10.64717,6.00303,-1.2429,50,5.71196,7.20771,-118.10739,-2.48641,-14.95198,23.71435,-23.74388,GEO_PAT,GEO_PAT,SpuhlerFieldMain,TeamExclusive,Team,20251004-SpuhlerFieldMain-Private-1,cbcc9d20-a152-11f0-b694-b1da4b1d52f5,79.12269,37.4824,NA,7.36997,NA,NA,NA,3.13797,2.68615,0.77135,399095c0-9636-49a8-8bc9-7cafea40f967,2025-10-04,18:49:01,2025-10-04T18:49:01Z,2025-10-04T18:49:01Z,LineDrive,v3,471300,471300,NA,"Ary, a",006,Right,GEO_PAT,ad3ea3d4-fa5a-4ab2-be7c-7151bec9295d,55.52681,-119.21194,11.85718,5.80202,-1.38049,-11.87194,-1.59483,7.90412,-7.47599,NA,3.13805,85.38313,-19.22717,4.07346,-0.79275,0.07446,0.01578,-0.00729,8.5e-4,2.68609,50.55591,-20.46733,1.92306,-0.43498,0.13715,-0.04313,0.00932,-8.8e-4,0.77137,71.90056,-2.3171,-0.50503,0.30585,-0.12405,0.03898,-0.00786,7e-4,NA,NA,NA,NA,NA,NA,NA,NA,NA,NA,NA,NA,NA,NA,NA,NA,NA,NA,NA,NA,NA,NA,High,High,High,Medium,Medium,NA,NA,NA,NA,NA,NA,NA,NA,NA,NA,NA,NA,NA,NA,NA,NA,NA,NA,NA,NA,NA,NA,NA,NA,NA,NA,NA,NA,NA,NA,NA,NA,NA,NA,NA,NA,NA,NA,NA,NA,NA,NA,NA,NA,NA,NA,NA,NA,NA,NA,NA,NA,NA,NA,NA
NA,NA,NA,NA,NA,NA,NA,NA,NA,NA,NA,NA,NA,NA,NA,NA,282,2025-10-04,14:49:29,5,5,"Zucker , D",NA,Right,GEO_PAT,"Terilli, Lucas",1000469290,Left,GEO_PAT,Undefined,8,Bottom,2,1,2,Fastball,Changeup,BallCalled,Undefined,Undefined,Undefined,0,0,NA,86.48859,-0.022377,-1.701369,2288.448202,236.781828,02:00:00,6.01183,1.54872,5.12907,-24.93269,13.8841,19.14072,3.91302,1.54087,78.23136,-4.657746,1.684871,0.448416,NA,NA,NA,NA,NA,NA,NA,NA,NA,NA,NA,-10.01418,7.30052,-1.40439,50,5.99098,2.85136,-125.34059,-0.92604,-15.77101,27.70686,-20.67668,GEO_PAT,GEO_PAT,SpuhlerFieldMain,TeamExclusive,Team,20251004-SpuhlerFieldMain-Private-1,dbe9d3d0-a152-11f0-b694-b1da4b1d52f5,84.05682,NA,NA,8.25723,NA,NA,NA,NA,NA,NA,399095c0-9636-49a8-8bc9-7cafea40f967,2025-10-04,18:49:29,2025-10-04T18:49:29Z,2025-10-04T18:49:29Z,NA,v3,471300,471300,NA,"Ary, a",006,Right,GEO_PAT,3d566955-c1b1-4421-aab5-8700336ca3c7,55.37124,-126.52234,13.85343,6.01167,-0.04414,-10.33834,-1.54035,3.52403,-7.8855,NA,NA,NA,NA,NA,NA,NA,NA,NA,NA,NA,NA,NA,NA,NA,NA,NA,NA,NA,NA,NA,NA,NA,NA,NA,NA,NA,NA,74.90764,2.131932,0.785203,1.346729,-0.69695,3.73685,-1.60549,-1.85684,6.69276,-1.47953,127.29022,2.62112,-7.49563,-1.72361,107.31376,-8.65545,6.73186,14.1347,-12.79727,-1.49601,-5.66763,0.91326,High,High,High,NA,NA,High,High,High,NA,NA,NA,NA,NA,NA,NA,NA,NA,NA,NA,NA,NA,NA,NA,NA,NA,NA,NA,NA,NA,NA,NA,NA,NA,NA,NA,NA,NA,NA,NA,NA,NA,NA,NA,NA,NA,NA,NA,NA,NA,NA,NA,NA,NA,NA,NA,NA,NA,NA,NA,NA
NA,NA,NA,NA,NA,NA,NA,NA,NA,NA,NA,NA,NA,NA,NA,NA,283,2025-10-04,14:49:54,5,6,"Zucker , D",NA,Right,GEO_PAT,"Terilli, Lucas",1000469290,Left,GEO_PAT,Undefined,8,Bottom,2,2,2,Curveball,Curveball,InPlay,Undefined,LineDrive,Single,0,1,NA,75.76937,0.349798,-1.13835,2631.698586,55.89863,07:45:00,6.11244,1.31527,4.97816,-53.07971,-2.38288,-6.0004,2.01958,-0.26006,69.39602,-9.237311,-2.199042,0.512462,85.67155,9.911787,-26.159249,3443.790334,94.86295,6.24181,-55.68675,144.94884,141.98532,-31.951769,1.342989,2.64126,-0.82909,-1.20015,50,6.1026300000000004,2.42108,-109.87637,-1.17341,3.20391,20.87887,-33.17977,GEO_PAT,GEO_PAT,SpuhlerFieldMain,TeamExclusive,Team,20251004-SpuhlerFieldMain-Private-1,eb3ab9d0-a152-11f0-b694-b1da4b1d52f5,73.55163,8.47015,NA,6.37336,NA,NA,NA,1.31479,2.02992,0.25759,399095c0-9636-49a8-8bc9-7cafea40f967,2025-10-04,18:49:54,2025-10-04T18:49:54Z,2025-10-04T18:49:54Z,GroundBall,v3,471300,471300,NA,"Ary, a",006,Right,GEO_PAT,3fd800e2-aca3-4d8f-96b4-1046503acbd9,55.52458,-110.92119,10.43944,6.11981,0.48697,-16.58989,-1.31729,2.26075,1.60195,93.142819,1.31479,111.09782,-19.10477,3.68852,-0.74872,0.11961,-0.01907,0.00263,-2.1e-4,2.02992,21.6286,-19.06375,1.64884,-0.26114,0.04254,-0.00471,6.6e-4,-9e-5,0.25759,-54.56879,-4.17518,2.34558,-0.77038,0.20404,-0.04671,0.00841,-8.1e-4,NA,NA,NA,NA,NA,NA,NA,NA,NA,NA,NA,NA,NA,NA,NA,NA,NA,NA,NA,NA,NA,NA,High,High,High,High,High,NA,NA,NA,NA,NA,NA,NA,NA,NA,NA,NA,NA,NA,NA,NA,NA,NA,NA,NA,NA,NA,NA,NA,NA,NA,NA,NA,NA,NA,NA,NA,NA,NA,NA,NA,NA,NA,NA,NA,NA,NA,NA,NA,NA,NA,NA,NA,NA,NA,NA,NA,NA,NA,NA,NA
NA,NA,NA,NA,NA,NA,NA,NA,NA,NA,NA,NA,NA,NA,NA,NA,284,2025-10-04,14:50:47,6,1,"Zucker , D",NA,Right,GEO_PAT,"Butler, Jake",1000136500,Right,GEO_PAT,Undefined,8,Bottom,2,0,0,ChangeUp,Changeup,FoulBallNotFieldable,Undefined,Undefined,Undefined,0,0,NA,81.19399,-0.05893,-3.078679,1918.83623,251.985804,02:30:00,5.89459,1.5947,5.25531,-36.41797,7.27776,17.88001,2.80431,0.18905,73.976,-6.739241,0.090067,0.475763,NA,NA,NA,NA,NA,NA,NA,NA,NA,NA,NA,-9.93422,4.04418,-1.32628,50,5.86224,5.60099,-117.67738,-1.37555,-13.85031,23.5279,-26.53568,GEO_PAT,GEO_PAT,SpuhlerFieldMain,TeamExclusive,Team,20251004-SpuhlerFieldMain-Private-1,0a8a5200-a153-11f0-b694-b1da4b1d52f5,79.22517,NA,NA,7.21799,NA,NA,NA,NA,NA,NA,399095c0-9636-49a8-8bc9-7cafea40f967,2025-10-04,18:50:47,2025-10-04T18:50:47Z,2025-10-04T18:50:47Z,NA,v3,471300,471300,NA,"Ary, a",006,Right,GEO_PAT,beae8d01-19fb-47f2-8aaf-57ff6d3b16a5,55.24795,-118.722,11.76395,5.89716,-0.1974,-13.26784,-1.58861,6.21593,-6.92516,NA,NA,NA,NA,NA,NA,NA,NA,NA,NA,NA,NA,NA,NA,NA,NA,NA,NA,NA,NA,NA,NA,NA,NA,NA,NA,NA,NA,NA,NA,NA,NA,NA,NA,NA,NA,NA,NA,NA,NA,NA,NA,NA,NA,NA,NA,NA,NA,NA,NA,High,High,High,NA,NA,NA,NA,NA,NA,NA,NA,NA,NA,NA,NA,NA,NA,NA,NA,NA,NA,NA,NA,NA,NA,NA,NA,NA,NA,NA,NA,NA,NA,NA,NA,NA,NA,NA,NA,NA,NA,NA,NA,NA,NA,NA,NA,NA,NA,NA,NA,NA,NA,NA,NA,NA,NA,NA,NA,NA
NA,NA,NA,NA,NA,NA,NA,NA,NA,NA,NA,NA,NA,NA,NA,NA,285,2025-10-04,14:51:11,6,2,"Zucker , D",NA,Right,GEO_PAT,"Butler, Jake",1000136500,Right,GEO_PAT,Undefined,8,Bottom,2,0,1,Slider,Slider,FoulBallNotFieldable,Undefined,Undefined,Undefined,0,0,NA,80.00254,0.855028,-2.462478,2554.813619,174.763607,11:45:00,5.74636,1.79817,4.93473,-36.14844,9.3341,-0.71961,3.543,-0.59087,72.94125,-5.749751,-2.589142,0.485393,NA,NA,NA,NA,NA,NA,NA,NA,NA,NA,NA,-0.35315,4.78579,-1.55778,50,5.79996,5.01464,-115.90352,0.45673,-0.47864,22.38945,-25.68734,GEO_PAT,GEO_PAT,SpuhlerFieldMain,TeamExclusive,Team,20251004-SpuhlerFieldMain-Private-1,18f1c260-a153-11f0-b694-b1da4b1d52f5,77.65339,NA,NA,7.06129,NA,NA,NA,NA,NA,NA,399095c0-9636-49a8-8bc9-7cafea40f967,2025-10-04,18:51:11,2025-10-04T18:51:11Z,2025-10-04T18:51:11Z,NA,v3,471300,471300,NA,"Ary, a",006,Right,GEO_PAT,6b8bc696-52c4-45c2-be3a-abe076a16a1d,55.56628,-116.97383,11.19472,5.74878,1.68469,-12.84367,-1.79805,5.03752,-0.23932,NA,NA,NA,NA,NA,NA,NA,NA,NA,NA,NA,NA,NA,NA,NA,NA,NA,NA,NA,NA,NA,NA,NA,NA,NA,NA,NA,NA,NA,NA,NA,NA,NA,NA,NA,NA,NA,NA,NA,NA,NA,NA,NA,NA,NA,NA,NA,NA,NA,NA,High,High,High,NA,NA,NA,NA,NA,NA,NA,NA,NA,NA,NA,NA,NA,NA,NA,NA,NA,NA,NA,NA,NA,NA,NA,NA,NA,NA,NA,NA,NA,NA,NA,NA,NA,NA,NA,NA,NA,NA,NA,NA,NA,NA,NA,NA,NA,NA,NA,NA,NA,NA,NA,NA,NA,NA,NA,NA,NA
NA,NA,NA,NA,NA,NA,NA,NA,NA,NA,NA,NA,NA,NA,NA,NA,286,2025-10-04,14:51:39,6,3,"Zucker , D",NA,Right,GEO_PAT,"Butler, Jake",1000136500,Right,GEO_PAT,Undefined,8,Bottom,2,0,2,Slider,Slider,BallCalled,Undefined,Undefined,Undefined,0,0,NA,79.30337,0.251454,-4.147605,2536.019304,153.478312,11:00:00,5.71529,1.83002,4.94068,-42.0901,4.68107,-1.5237,2.44607,-2.22387,72.01883,-7.39357,-4.415132,0.492221,NA,NA,NA,NA,NA,NA,NA,NA,NA,NA,NA,-0.53748,2.71579,-1.42485,50,5.7053,8.37543,-114.60909,-0.9993,-0.70692,23.38221,-28.60201,GEO_PAT,GEO_PAT,SpuhlerFieldMain,TeamExclusive,Team,20251004-SpuhlerFieldMain-Private-1,29d68ed0-a153-11f0-b694-b1da4b1d52f5,76.5762,NA,NA,7.28453,NA,NA,NA,NA,NA,NA,399095c0-9636-49a8-8bc9-7cafea40f967,2025-10-04,18:51:39,2025-10-04T18:51:39Z,2025-10-04T18:51:39Z,NA,v3,471300,471300,NA,"Ary, a",006,Right,GEO_PAT,2874f0e0-510c-48ef-996a-8302bf8b9acc,55.55893,-115.73764,11.69111,5.72021,0.38119,-14.301,-1.82992,8.40955,-0.35346,NA,NA,NA,NA,NA,NA,NA,NA,NA,NA,NA,NA,NA,NA,NA,NA,NA,NA,NA,NA,NA,NA,NA,NA,NA,NA,NA,NA,NA,NA,NA,NA,NA,NA,NA,NA,NA,NA,NA,NA,NA,NA,NA,NA,NA,NA,NA,NA,NA,NA,High,High,High,NA,NA,NA,NA,NA,NA,NA,NA,NA,NA,NA,NA,NA,NA,NA,NA,NA,NA,NA,NA,NA,NA,NA,NA,NA,NA,NA,NA,NA,NA,NA,NA,NA,NA,NA,NA,NA,NA,NA,NA,NA,NA,NA,NA,NA,NA,NA,NA,NA,NA,NA,NA,NA,NA,NA,NA,NA
NA,NA,NA,NA,NA,NA,NA,NA,NA,NA,NA,NA,NA,NA,NA,NA,287,2025-10-04,14:52:10,6,4,"Zucker , D",NA,Right,GEO_PAT,"Butler, Jake",1000136500,Right,GEO_PAT,Undefined,8,Bottom,2,1,2,Fastball,Four-Seam,InPlay,Undefined,FlyBall,Out,1,0,NA,85.16504,-0.671026,-1.734905,2424.62884,209.349065,01:00:00,6.11851,1.40878,5.20049,-23.06363,16.78469,8.66937,3.56506,0.49887,77.23427,-4.978696,-0.199488,0.454335,92.21954,43.396044,-33.571348,4400.741966,86.49906,100.00759,-67.95503,294.42877,122.47801,-43.97352,5.82793,-4.87496,8.98213,-1.25494,50,6.03951,3.36255,-123.44706,-2.21699,-7.46217,26.42092,-18.42501,GEO_PAT,GEO_PAT,SpuhlerFieldMain,TeamExclusive,Team,20251004-SpuhlerFieldMain-Private-1,3c77b140-a153-11f0-b694-b1da4b1d52f5,82.96171,124.34404,NA,7.93078,NA,NA,NA,2.08323,4.38385,-1.03318,399095c0-9636-49a8-8bc9-7cafea40f967,2025-10-04,18:52:10,2025-10-04T18:52:10Z,2025-10-04T18:52:10Z,FlyBall,v3,471300,471300,NA,"Ary, a",006,Right,GEO_PAT,73468362-6087-423c-ac7b-3bdc5f29541f,55.30039,-124.57632,13.21046,6.11743,-1.42949,-9.2125,-1.40547,3.68149,-3.73108,160.612284,2.08816,81.79579,-23.85544,6.27524,-1.02205,0.05342,0.01311,-0.00242,1.2e-4,4.37954,92.98333,-20.61745,1.20462,-0.07091,-0.02678,0.0126,-0.00204,1.1e-4,-1.0352,-54.30869,7.79869,-1.3998,0.1099,0.02055,-0.00682,7.1e-4,-3e-5,NA,NA,NA,NA,NA,NA,NA,NA,NA,NA,NA,NA,NA,NA,NA,NA,NA,NA,NA,NA,NA,NA,High,High,High,Medium,Low,NA,NA,NA,NA,NA,NA,NA,NA,NA,NA,NA,NA,NA,NA,NA,NA,NA,NA,NA,NA,NA,NA,NA,NA,NA,NA,NA,NA,NA,NA,NA,NA,NA,NA,NA,NA,NA,NA,NA,NA,NA,NA,NA,NA,NA,NA,NA,NA,NA,NA,NA,NA,NA,NA,NA
