player_name,display_name,active,notes,id,pitcher,date,rel_speed,horz_break,induced_vert_break,original_pitch_type,new_pitch_type,new_pitcher,modified_at,pitch_key,created_at,PitchNo,Date,Time,PAofInning,PitchofPA,Pitcher,PitcherId,PitcherThrows,PitcherTeam,Batter,BatterId,BatterSide,BatterTeam,PitcherSet,Inning,Top/Bottom,Outs,Balls,Strikes,TaggedPitchType,AutoPitchType,PitchCall,KorBB,TaggedHitType,PlayResult,OutsOnPlay,RunsScored,Notes,RelSpeed,VertRelAngle,HorzRelAngle,SpinRate,SpinAxis,Tilt,RelHeight,RelSide,Extension,VertBreak,InducedVertBreak,HorzBreak,PlateLocHeight,PlateLocSide,ZoneSpeed,VertApprAngle,HorzApprAngle,ZoneTime,ExitSpeed,Angle,Direction,HitSpinRate,PositionAt110X,PositionAt110Y,PositionAt110Z,Distance,LastTrackedDistance,Bearing,HangTime,pfxx,pfxz,x0,y0,z0,vx0,vy0,vz0,ax0,ay0,az0,HomeTeam,AwayTeam,Stadium,Level,League,GameID,PitchUID,EffectiveVelo,MaxHeight,MeasuredDuration,SpeedDrop,PitchLastMeasuredX,PitchLastMeasuredY,PitchLastMeasuredZ,ContactPositionX,ContactPositionY,ContactPositionZ,GameUID,UTCDate,UTCTime,LocalDateTime,UTCDateTime,AutoHitType,System,HomeTeamForeignID,AwayTeamForeignID,GameForeignID,Catcher,CatcherId,CatcherThrows,CatcherTeam,PlayID,PitchTrajectoryXc0,PitchTrajectoryXc1,PitchTrajectoryXc2,PitchTrajectoryYc0,PitchTrajectoryYc1,PitchTrajectoryYc2,PitchTrajectoryZc0,PitchTrajectoryZc1,PitchTrajectoryZc2,HitSpinAxis,HitTrajectoryXc0,HitTrajectoryXc1,HitTrajectoryXc2,HitTrajectoryXc3,HitTrajectoryXc4,HitTrajectoryXc5,HitTrajectoryXc6,HitTrajectoryXc7,HitTrajectoryXc8,HitTrajectoryYc0,HitTrajectoryYc1,HitTrajectoryYc2,HitTrajectoryYc3,HitTrajectoryYc4,HitTrajectoryYc5,HitTrajectoryYc6,HitTrajectoryYc7,HitTrajectoryYc8,HitTrajectoryZc0,HitTrajectoryZc1,HitTrajectoryZc2,HitTrajectoryZc3,HitTrajectoryZc4,HitTrajectoryZc5,HitTrajectoryZc6,HitTrajectoryZc7,HitTrajectoryZc8,ThrowSpeed,PopTime,ExchangeTime,TimeToBase,CatchPositionX,CatchPositionY,CatchPositionZ,ThrowPositionX,ThrowPositionY,ThrowPositionZ,BasePositionX,BasePositionY,BasePositionZ,ThrowTrajectoryXc0,ThrowTrajectoryXc1,ThrowTrajectoryXc2,ThrowTrajectoryYc0,ThrowTrajectoryYc1,ThrowTrajectoryYc2,ThrowTrajectoryZc0,ThrowTrajectoryZc1,ThrowTrajectoryZc2,PitchReleaseConfidence,PitchLocationConfidence,PitchMovementConfidence,HitLaunchConfidence,HitLandingConfidence,CatcherThrowCatchConfidence,CatcherThrowReleaseConfidence,CatcherThrowLocationConfidence,SpinAxis3dTransverseAngle,SpinAxis3dLongitudinalAngle,SpinAxis3dActiveSpinRate,SpinAxis3dSpinEfficiency,SpinAxis3dTilt,SpinAxis3dVectorX,SpinAxis3dVectorY,SpinAxis3dVectorZ,SpinAxis3dSeamOrientationRotationX,SpinAxis3dSeamOrientationRotationY,SpinAxis3dSeamOrientationRotationZ,SpinAxis3dSeamOrientationBallYAmb1,SpinAxis3dSeamOrientationBallAngleHorizontalAmb1,SpinAxis3dSeamOrientationBallZAmb1,SpinAxis3dSeamOrientationBallAngleVerticalAmb2,SpinAxis3dSeamOrientationBallZAmb2,SpinAxis3dSeamOrientationBallXAmb4,SpinAxis3dSeamOrientationBallYAmb4,SpinAxis3dSeamOrientationBallAngleHorizontalAmb2,SpinAxis3dSeamOrientationBallAngleVerticalAmb1,SpinAxis3dSeamOrientationBallXAmb1,SpinAxis3dSeamOrientationBallYAmb2,SpinAxis3dSeamOrientationBallAngleHorizontalAmb4,SpinAxis3dSeamOrientationBallAngleVerticalAmb4,SpinAxis3dSeamOrientationBallXAmb2,SpinAxis3dSeamOrientationBallAngleVerticalAmb3,SpinAxis3dSeamOrientationBallAngleHorizontalAmb3,SpinAxis3dSeamOrientationBallXAmb3,SpinAxis3dSeamOrientationBallYAmb3,SpinAxis3dSeamOrientationBallZAmb3,SpinAxis3dSeamOrientationBallZAmb4,session_id,play_id,camera_slot,camera_name,camera_target,video_type,azure_blob,azure_md5,cloudinary_url,cloudinary_public_id,uploaded_at,PitchSession,Flag,CalibrationId,EffVelocity,PracticeType,Device,HitType,BatSpeed,VerticalAttackAngle,HorizontalAttackAngle
NA,NA,NA,NA,NA,NA,NA,NA,NA,NA,NA,NA,NA,NA,NA,NA,1,2025-10-18,09:04:38,NA,NA,NA,NA,Undefined,GEO_PAT,"Meeks, Gardner",1000324679,Right,GEO_PAT,Undefined,1,Bottom,0,0,0,Undefined,NA,Undefined,Undefined,Undefined,Undefined,0,0,NA,49.32726,-3.871839,-4.287679,1838.300642,NA,NA,4.74987,0.26645,28.73888,NA,NA,NA,1.04175,-1.40229,44.98255,-10.371341,-2.003749,0.444752,91.82126,22.688059,20.201568,1378.376632,103.71133,38.70895,36.66003,312.49874,312.49874,18.748604,3.847443,-13.24662,30.77998,-1.79199,50,5.46329,7.0601,-75.78828,-0.95248,-7.086,16.14055,-15.70896,GEO_PAT,NA,SpuhlerFieldMain,NA,NA,20251018-SpuhlerFieldMain-BP-1,0165ffa0-ac23-11f0-81f2-195cbb24ffac,84.74927,48.31542,NA,4.34471,NA,NA,NA,3.15998,1.31976,0.98372,de988b4a-7493-4841-bf63-462d2c1b23e8,2025-10-18,13:04:38,2025-10-18T13:04:38Z,2025-10-18T13:04:38Z,LineDrive,v3,471300,NA,NA,NA,NA,Undefined,GEO_PAT,8b55ea3c-076c-472f-843f-48a90c11b779,31.76532,-71.79992,8.07027,4.74834,-4.8342,-7.85448,-0.26376,5.30914,-3.543,169.176555,3.15988,116.6085,-20.37346,4.66153,-0.96523,0.18122,-0.02701,0.00241,-8e-5,1.31967,51.94891,-15.07489,0.40125,-0.02927,0.03588,-0.01912,0.00445,-3.8e-4,0.98376,42.90468,-9.41574,2.50104,-0.56422,0.10433,-0.01398,0.00112,-4e-5,NA,NA,NA,NA,NA,NA,NA,NA,NA,NA,NA,NA,NA,NA,NA,NA,NA,NA,NA,NA,NA,NA,Low,Low,Low,High,High,NA,NA,NA,NA,NA,NA,NA,NA,NA,NA,NA,NA,NA,NA,NA,NA,NA,NA,NA,NA,NA,NA,NA,NA,NA,NA,NA,NA,NA,NA,NA,NA,NA,NA,NA,NA,NA,NA,NA,NA,NA,NA,NA,NA,NA,NA,NA,NA,NA,NA,NA,NA,NA,NA,NA
NA,NA,NA,NA,NA,NA,NA,NA,NA,NA,NA,NA,NA,NA,NA,NA,1,2025-10-18,10:41:09,NA,NA,NA,NA,Undefined,GEO_PAT,"Meeks, Gardner",1000324679,Right,GEO_PAT,Undefined,1,Bottom,0,0,0,Undefined,NA,Undefined,Undefined,Undefined,Undefined,0,0,NA,50.62941,-0.65574,-1.218393,1254.007891,NA,NA,6.30786,1.40858,28.55565,NA,NA,NA,2.70266,-0.52603,47.61399,-12.95586,-6.058629,0.430446,NA,NA,NA,NA,NA,NA,NA,NA,NA,NA,NA,23.31966,-4.67142,-1.4241,50,5.54784,-1.53706,-77.85106,7.34746,13.4431,15.27496,-34.86698,GEO_PAT,NA,SpuhlerFieldMain,NA,NA,20251018-SpuhlerFieldMain-BP-1,7cdf9300-ac30-11f0-9c53-6792ea22c25e,87.56607,NA,NA,3.01543,NA,NA,NA,NA,NA,NA,de988b4a-7493-4841-bf63-462d2c1b23e8,2025-10-18,14:41:09,2025-10-18T14:41:09Z,2025-10-18T14:41:09Z,NA,v3,471300,NA,NA,NA,NA,Undefined,GEO_PAT,4a2f76b7-2d71-41c2-a6b5-384c602687a6,31.95389,-74.22588,7.63748,6.30966,-0.92748,-17.43349,-1.4103,1.65337,6.72155,NA,NA,NA,NA,NA,NA,NA,NA,NA,NA,NA,NA,NA,NA,NA,NA,NA,NA,NA,NA,NA,NA,NA,NA,NA,NA,NA,NA,NA,NA,NA,NA,NA,NA,NA,NA,NA,NA,NA,NA,NA,NA,NA,NA,NA,NA,NA,NA,NA,NA,Low,Low,Low,NA,NA,NA,NA,NA,NA,NA,NA,NA,NA,NA,NA,NA,NA,NA,NA,NA,NA,NA,NA,NA,NA,NA,NA,NA,NA,NA,NA,NA,NA,NA,NA,NA,NA,NA,NA,NA,NA,NA,NA,NA,NA,NA,NA,NA,NA,NA,NA,NA,NA,NA,NA,NA,NA,NA,NA,NA
NA,NA,NA,NA,NA,NA,NA,NA,NA,NA,NA,NA,NA,NA,NA,NA,2,2025-10-18,09:04:42,NA,NA,NA,NA,Undefined,GEO_PAT,"Meeks, Gardner",1000324679,Right,GEO_PAT,Undefined,1,Bottom,0,0,0,Undefined,Changeup,Undefined,Undefined,Undefined,Undefined,0,0,NA,48.05813,0.568823,-1.87413,915.399796,230.068102,01:45:00,4.26899,0.45068,28.77745,-34.15159,4.06559,3.81437,1.72416,-0.22343,45.7069,-10.330334,-0.670567,0.444939,90.78582,14.933635,21.127178,767.834109,101.49868,19.80928,42.40292,223.93059,223.93059,25.081707,2.286472,-6.53752,6.70485,-1.14305,50,3.17831,3.15969,-72.96013,7.93554,-3.45559,10.13611,-28.63002,GEO_PAT,NA,SpuhlerFieldMain,NA,NA,20251018-SpuhlerFieldMain-BP-1,03c9e040-ac23-11f0-81f2-195cbb24ffac,84.71365,20.03441,NA,2.35123,NA,NA,NA,2.90149,2.07085,0.27934,de988b4a-7493-4841-bf63-462d2c1b23e8,2025-10-18,13:04:42,2025-10-18T13:04:42Z,2025-10-18T13:04:42Z,LineDrive,v3,471300,NA,NA,NA,NA,Undefined,GEO_PAT,e998877c-b0e6-4c5a-8856-321f9c3e0345,31.73016,-70.37621,5.06805,4.27099,0.6371,-14.31501,-0.44986,2.27877,-1.7278,230.533499,2.90149,120.00737,-21.41691,4.76301,-1.06526,0.22806,-0.04406,0.00622,-4.3e-4,2.07085,34.31305,-17.53639,1.27569,-0.21355,0.03606,-0.00491,7.2e-4,-6e-5,0.27934,46.37213,-2.60383,0.1682,0.03236,-0.01774,0.00444,-6.9e-4,5e-5,NA,NA,NA,NA,NA,NA,NA,NA,NA,NA,NA,NA,NA,NA,NA,NA,NA,NA,NA,NA,NA,NA,High,High,High,High,High,NA,NA,NA,NA,NA,NA,NA,NA,NA,NA,NA,NA,NA,NA,NA,NA,NA,NA,NA,NA,NA,NA,NA,NA,NA,NA,NA,NA,NA,NA,NA,NA,NA,NA,NA,NA,NA,NA,NA,NA,NA,NA,NA,NA,NA,NA,NA,NA,NA,NA,NA,NA,NA,NA,NA
NA,NA,NA,NA,NA,NA,NA,NA,NA,NA,NA,NA,NA,NA,NA,NA,3,2025-10-18,09:04:58,NA,NA,NA,NA,Undefined,GEO_PAT,"Meeks, Gardner",1000324679,Right,GEO_PAT,Undefined,1,Bottom,0,0,0,Undefined,NA,Undefined,Undefined,Undefined,Undefined,0,0,NA,49.97652,-3.396324,-5.776642,1029.732205,NA,NA,4.60685,0.55604,28.8188,NA,NA,NA,0.82996,-1.34422,45.57682,-11.114015,-1.397588,0.438447,90.02157,7.964638,26.807132,2100.443695,NA,NA,NA,107.025,107.025,29.401673,0.896287,-24.31474,23.13194,-2.72075,50,5.08454,10.48085,-76.74484,0.44144,-13.32037,16.65028,-19.50165,GEO_PAT,NA,SpuhlerFieldMain,NA,NA,20251018-SpuhlerFieldMain-BP-1,0d0cf070-ac23-11f0-81f2-195cbb24ffac,85.96806,4.76784,NA,4.3997,NA,NA,NA,3.98123,1.15624,1.37216,de988b4a-7493-4841-bf63-462d2c1b23e8,2025-10-18,13:04:58,2025-10-18T13:04:58Z,2025-10-18T13:04:58Z,GroundBall,v3,471300,NA,NA,NA,NA,Undefined,GEO_PAT,a2cfeb26-236a-4374-93a4-ab24edb0c29d,31.68698,-72.66317,8.32514,4.60679,-4.33921,-9.75082,-0.5517,7.21548,-6.66019,NA,3.98123,116.70523,-21.86483,3.67857,-0.76322,0.13193,-0.02271,0.00369,-3.1e-4,1.15624,18.29452,-24.43643,3.46231,-0.78313,0.18428,-0.03885,0.00765,-9.5e-4,1.37216,58.97029,-0.93268,-1.70735,0.58753,-0.18132,0.04559,-0.01006,0.00136,NA,NA,NA,NA,NA,NA,NA,NA,NA,NA,NA,NA,NA,NA,NA,NA,NA,NA,NA,NA,NA,NA,Low,Low,Low,High,High,NA,NA,NA,NA,NA,NA,NA,NA,NA,NA,NA,NA,NA,NA,NA,NA,NA,NA,NA,NA,NA,NA,NA,NA,NA,NA,NA,NA,NA,NA,NA,NA,NA,NA,NA,NA,NA,NA,NA,NA,NA,NA,NA,NA,NA,NA,NA,NA,NA,NA,NA,NA,NA,NA,NA
NA,NA,NA,NA,NA,NA,NA,NA,NA,NA,NA,NA,NA,NA,NA,NA,4,2025-10-18,09:05:02,NA,NA,NA,NA,Undefined,GEO_PAT,"Meeks, Gardner",1000324679,Right,GEO_PAT,Undefined,1,Bottom,0,0,0,Undefined,Changeup,Undefined,Undefined,Undefined,Undefined,0,0,NA,48.92841,-0.258292,-2.714682,947.103658,222.210975,01:30:00,4.21577,0.54132,28.68222,-32.15332,4.80091,3.63528,1.39908,-0.59769,46.78223,-10.457277,-1.572223,0.437526,95.77807,10.267359,8.23896,730.975503,108.66842,5.90572,17.05851,143.34208,143.34208,8.999564,1.160233,-6.46914,8.00811,-1.49359,50,3.44559,4.2622,-74.04319,6.55806,-3.55323,9.71669,-27.77553,GEO_PAT,NA,SpuhlerFieldMain,NA,NA,20251018-SpuhlerFieldMain-BP-1,0fbb2080-ac23-11f0-81f2-195cbb24ffac,86.14907,8.14454,NA,2.14618,NA,NA,NA,3.14458,1.75267,0.6133,de988b4a-7493-4841-bf63-462d2c1b23e8,2025-10-18,13:05:02,2025-10-18T13:05:02Z,2025-10-18T13:05:02Z,LineDrive,v3,471300,NA,NA,NA,NA,Undefined,GEO_PAT,f9f400bb-b676-43d5-a276-fe92201248ca,31.82565,-71.61846,4.85834,4.2173,-0.3731,-13.88776,-0.54062,3.37553,-1.77661,339.073939,3.14458,136.79821,-17.32856,2.42474,-0.487,0.07837,-0.01386,0.00247,-2.3e-4,1.75267,25.03837,-26.16918,3.55461,-0.7946,0.18394,-0.03742,0.00695,-7.7e-4,0.6133,19.80788,0.13262,-1.15731,0.3427,-0.09976,0.02307,-0.0045,5.2e-4,NA,NA,NA,NA,NA,NA,NA,NA,NA,NA,NA,NA,NA,NA,NA,NA,NA,NA,NA,NA,NA,NA,High,High,High,High,High,NA,NA,NA,NA,NA,NA,NA,NA,NA,NA,NA,NA,NA,NA,NA,NA,NA,NA,NA,NA,NA,NA,NA,NA,NA,NA,NA,NA,NA,NA,NA,NA,NA,NA,NA,NA,NA,NA,NA,NA,NA,NA,NA,NA,NA,NA,NA,NA,NA,NA,NA,NA,NA,NA,NA
NA,NA,NA,NA,NA,NA,NA,NA,NA,NA,NA,NA,NA,NA,NA,NA,5,2025-10-18,09:05:07,NA,NA,NA,NA,Undefined,GEO_PAT,"Meeks, Gardner",1000324679,Right,GEO_PAT,Undefined,1,Bottom,0,0,0,Undefined,NA,Undefined,Undefined,Undefined,Undefined,0,0,NA,50.23024,-3.810244,-5.61389,2031.195033,NA,NA,4.48373,0.56841,28.67699,NA,NA,NA,0.66325,-1.42394,45.7825,-10.798005,-1.875545,0.438337,93.09183,13.534201,23.912613,1066.503996,99.13291,14.01193,47.67091,186.8102,179.02315,27.709167,1.778094,-20.98092,26.49395,-2.61379,50,5.14827,9.86535,-77.03491,-0.62371,-11.59937,16.64935,-17.52677,GEO_PAT,NA,SpuhlerFieldMain,NA,NA,20251018-SpuhlerFieldMain-BP-1,12521f10-ac23-11f0-81f2-195cbb24ffac,85.9897,14.11815,NA,4.44775,NA,NA,NA,3.59781,0.94128,1.04019,de988b4a-7493-4841-bf63-462d2c1b23e8,2025-10-18,13:05:07,2025-10-18T13:05:07Z,2025-10-18T13:05:07Z,LineDrive,v3,471300,NA,NA,NA,NA,Undefined,GEO_PAT,1842c0ef-d48d-409a-9b9f-69476da0a26f,31.82817,-73.00191,8.32468,4.48299,-4.86925,-8.76339,-0.56439,7.05562,-5.79969,251.375761,3.59784,121.3449,-24.5969,5.74447,-1.00965,0.07597,0.00617,0.00339,-0.00145,0.94123,31.95758,-20.7606,2.12382,-0.81081,0.40051,-0.13182,0.02048,-6.6e-4,1.04023,53.80174,-5.27992,1.59321,-0.0806,-0.1738,0.07523,-0.00999,-2.6e-4,NA,NA,NA,NA,NA,NA,NA,NA,NA,NA,NA,NA,NA,NA,NA,NA,NA,NA,NA,NA,NA,NA,Low,Low,Low,Medium,High,NA,NA,NA,NA,NA,NA,NA,NA,NA,NA,NA,NA,NA,NA,NA,NA,NA,NA,NA,NA,NA,NA,NA,NA,NA,NA,NA,NA,NA,NA,NA,NA,NA,NA,NA,NA,NA,NA,NA,NA,NA,NA,NA,NA,NA,NA,NA,NA,NA,NA,NA,NA,NA,NA,NA
NA,NA,NA,NA,NA,NA,NA,NA,NA,NA,NA,NA,NA,NA,NA,NA,6,2025-10-18,09:05:11,NA,NA,NA,NA,Undefined,GEO_PAT,"Meeks, Gardner",1000324679,Right,GEO_PAT,Undefined,1,Bottom,0,0,0,Undefined,NA,Undefined,Undefined,Undefined,Undefined,0,0,NA,50.14712,-3.636252,-5.154329,1992.95393,NA,NA,4.56352,0.42957,29.01931,NA,NA,NA,0.90201,-1.32157,45.72746,-10.540889,-1.505458,0.433592,95.90658,15.161088,29.0891,1855.271965,93.02041,15.12739,58.71236,187.79405,181.78317,35.207725,1.69512,-20.51029,26.47612,-2.36707,50,5.17364,9.26581,-77.08891,-0.3121,-11.34359,16.75434,-17.53097,GEO_PAT,NA,SpuhlerFieldMain,NA,NA,20251018-SpuhlerFieldMain-BP-1,1507f040-ac23-11f0-81f2-195cbb24ffac,86.93072,15.27427,NA,4.41966,NA,NA,NA,4.10901,1.31508,1.16729,de988b4a-7493-4841-bf63-462d2c1b23e8,2025-10-18,13:05:11,2025-10-18T13:05:11Z,2025-10-18T13:05:11Z,LineDrive,v3,471300,NA,NA,NA,NA,Undefined,GEO_PAT,270ba009-b46d-4c64-ba5e-14000b82c31b,31.48605,-72.95425,8.37717,4.56279,-4.63842,-8.76548,-0.42585,6.46642,-5.67179,NA,4.10901,118.6418,-24.25983,5.17554,-1.19591,0.24845,-0.04711,0.00671,-5.3e-4,1.31508,36.78802,-26.63233,3.66827,-0.84285,0.18714,-0.03711,0.00596,-5.3e-4,1.16729,66.0058,0.08466,-1.74237,0.64474,-0.18345,0.03759,-0.00534,4e-4,NA,NA,NA,NA,NA,NA,NA,NA,NA,NA,NA,NA,NA,NA,NA,NA,NA,NA,NA,NA,NA,NA,Low,Low,Low,High,High,NA,NA,NA,NA,NA,NA,NA,NA,NA,NA,NA,NA,NA,NA,NA,NA,NA,NA,NA,NA,NA,NA,NA,NA,NA,NA,NA,NA,NA,NA,NA,NA,NA,NA,NA,NA,NA,NA,NA,NA,NA,NA,NA,NA,NA,NA,NA,NA,NA,NA,NA,NA,NA,NA,NA
NA,NA,NA,NA,NA,NA,NA,NA,NA,NA,NA,NA,NA,NA,NA,NA,7,2025-10-18,09:05:28,NA,NA,NA,NA,Undefined,GEO_PAT,"Meeks, Gardner",1000324679,Right,GEO_PAT,Undefined,1,Bottom,0,0,0,Undefined,NA,Undefined,Undefined,Undefined,Undefined,0,0,NA,50.55276,-4.393583,-4.724423,1061.720558,NA,NA,5.08996,0.37674,28.70332,NA,NA,NA,1.19278,-1.4204,46.08759,-10.515833,-2.0415740000000002,0.434863,NA,NA,NA,NA,NA,NA,NA,NA,NA,NA,NA,-15.25816,30.05139,-2.06201,50,5.99802,8.03712,-77.50862,-1.92738,-8.5559,16.69906,-15.32296,GEO_PAT,NA,SpuhlerFieldMain,NA,NA,20251018-SpuhlerFieldMain-BP-1,1ebf4610-ac23-11f0-81f2-195cbb24ffac,86.67657,NA,NA,4.46517,NA,NA,NA,NA,NA,NA,de988b4a-7493-4841-bf63-462d2c1b23e8,2025-10-18,13:05:28,2025-10-18T13:05:28Z,2025-10-18T13:05:28Z,NA,v3,471300,NA,NA,NA,NA,Undefined,GEO_PAT,77e353c3-7a64-48b0-8c89-d9b8172b8683,31.80031,-73.483,8.34953,5.08815,-5.62127,-7.66148,-0.37312,5.97456,-4.27795,NA,NA,NA,NA,NA,NA,NA,NA,NA,NA,NA,NA,NA,NA,NA,NA,NA,NA,NA,NA,NA,NA,NA,NA,NA,NA,NA,NA,NA,NA,NA,NA,NA,NA,NA,NA,NA,NA,NA,NA,NA,NA,NA,NA,NA,NA,NA,NA,NA,NA,Low,Low,Low,NA,NA,NA,NA,NA,NA,NA,NA,NA,NA,NA,NA,NA,NA,NA,NA,NA,NA,NA,NA,NA,NA,NA,NA,NA,NA,NA,NA,NA,NA,NA,NA,NA,NA,NA,NA,NA,NA,NA,NA,NA,NA,NA,NA,NA,NA,NA,NA,NA,NA,NA,NA,NA,NA,NA,NA,NA
NA,NA,NA,NA,NA,NA,NA,NA,NA,NA,NA,NA,NA,NA,NA,NA,8,2025-10-18,09:05:32,NA,NA,NA,NA,Undefined,GEO_PAT,"Meeks, Gardner",1000324679,Right,GEO_PAT,Undefined,1,Bottom,0,0,0,Undefined,Changeup,Undefined,Undefined,Undefined,Undefined,0,0,NA,48.26355,0.226426,-2.038143,973.712605,224.57755,01:30:00,4.15213,0.42516,28.71835,-31.74041,5.89197,5.085,1.62721,-0.23204,46.33973,-9.857488,-0.436553,0.441522,NA,NA,NA,NA,NA,NA,NA,NA,NA,NA,NA,-8.45367,9.64044,-1.20145,50,3.2254,3.63936,-72.84713,7.08314,-4.54251,8.55959,-26.99383,GEO_PAT,NA,SpuhlerFieldMain,NA,NA,20251018-SpuhlerFieldMain-BP-1,21577d20-ac23-11f0-81f2-195cbb24ffac,85.36936,NA,NA,1.92382,NA,NA,NA,NA,NA,NA,de988b4a-7493-4841-bf63-462d2c1b23e8,2025-10-18,13:05:32,2025-10-18T13:05:32Z,2025-10-18T13:05:32Z,NA,v3,471300,NA,NA,NA,NA,Undefined,GEO_PAT,c5eaec79-b24a-4763-97bc-87197a33a60d,31.78923,-70.67497,4.2798,4.15369,0.23292,-13.49692,-0.42416,2.4866,-2.27126,NA,NA,NA,NA,NA,NA,NA,NA,NA,NA,NA,NA,NA,NA,NA,NA,NA,NA,NA,NA,NA,NA,NA,NA,NA,NA,NA,NA,NA,NA,NA,NA,NA,NA,NA,NA,NA,NA,NA,NA,NA,NA,NA,NA,NA,NA,NA,NA,NA,NA,High,High,High,NA,NA,NA,NA,NA,NA,NA,NA,NA,NA,NA,NA,NA,NA,NA,NA,NA,NA,NA,NA,NA,NA,NA,NA,NA,NA,NA,NA,NA,NA,NA,NA,NA,NA,NA,NA,NA,NA,NA,NA,NA,NA,NA,NA,NA,NA,NA,NA,NA,NA,NA,NA,NA,NA,NA,NA,NA
NA,NA,NA,NA,NA,NA,NA,NA,NA,NA,NA,NA,NA,NA,NA,NA,9,2025-10-18,09:05:49,NA,NA,NA,NA,Undefined,GEO_PAT,"Meeks, Gardner",1000324679,Right,GEO_PAT,Undefined,1,Bottom,0,0,0,Undefined,NA,Undefined,Undefined,Undefined,Undefined,0,0,NA,49.71386,-2.835703,-4.614544,956.661155,NA,NA,4.80586,0.39851,28.74253,NA,NA,NA,1.28991,-0.89251,45.27059,-10.696413,-0.248801,0.441314,NA,NA,NA,NA,NA,NA,NA,NA,NA,NA,NA,-23.43383,22.82182,-2.17158,50,5.09605,8.82071,-76.5404,1.23471,-12.73791,16.75775,-19.76882,GEO_PAT,NA,SpuhlerFieldMain,NA,NA,20251018-SpuhlerFieldMain-BP-1,2bc2e0b0-ac23-11f0-81f2-195cbb24ffac,85.4096,NA,NA,4.44327,NA,NA,NA,NA,NA,NA,de988b4a-7493-4841-bf63-462d2c1b23e8,2025-10-18,13:05:49,2025-10-18T13:05:49Z,2025-10-18T13:05:49Z,NA,v3,471300,NA,NA,NA,NA,Undefined,GEO_PAT,684154c2-2682-4051-b1a7-39487b719722,31.76262,-72.43754,8.37887,4.80584,-3.60535,-9.88441,-0.39375,5.70205,-6.36895,NA,NA,NA,NA,NA,NA,NA,NA,NA,NA,NA,NA,NA,NA,NA,NA,NA,NA,NA,NA,NA,NA,NA,NA,NA,NA,NA,NA,NA,NA,NA,NA,NA,NA,NA,NA,NA,NA,NA,NA,NA,NA,NA,NA,NA,NA,NA,NA,NA,NA,Low,Low,Low,NA,NA,NA,NA,NA,NA,NA,NA,NA,NA,NA,NA,NA,NA,NA,NA,NA,NA,NA,NA,NA,NA,NA,NA,NA,NA,NA,NA,NA,NA,NA,NA,NA,NA,NA,NA,NA,NA,NA,NA,NA,NA,NA,NA,NA,NA,NA,NA,NA,NA,NA,NA,NA,NA,NA,NA,NA
NA,NA,NA,NA,NA,NA,NA,NA,NA,NA,NA,NA,NA,NA,NA,NA,10,2025-10-18,09:06:16,NA,NA,NA,NA,Undefined,GEO_PAT,"Meeks, Gardner",1000324679,Right,GEO_PAT,Undefined,1,Bottom,0,0,0,Undefined,NA,Undefined,Undefined,Undefined,Undefined,0,0,NA,50.12608,-4.354859,-4.590899,1027.784147,NA,NA,4.92308,0.36839,28.45712,NA,NA,NA,0.93689,-1.3389,45.7021,-10.774345,-1.785437,0.44221,NA,NA,NA,NA,NA,NA,NA,NA,NA,NA,NA,-15.5691,29.82529,-1.98835,50,5.79342,7.79718,-76.77834,-1.74489,-8.57313,16.32406,-15.75076,GEO_PAT,NA,SpuhlerFieldMain,NA,NA,20251018-SpuhlerFieldMain-BP-1,3b986000-ac23-11f0-81f2-195cbb24ffac,85.23644,NA,NA,4.42398,NA,NA,NA,NA,NA,NA,de988b4a-7493-4841-bf63-462d2c1b23e8,2025-10-18,13:06:16,2025-10-18T13:06:16Z,2025-10-18T13:06:16Z,NA,v3,471300,NA,NA,NA,NA,Undefined,GEO_PAT,0066da5b-df2c-427c-b7fa-2cdf1ba0d734,32.04554,-72.86106,8.16203,4.92119,-5.52459,-7.87538,-0.36411,5.73989,-4.28656,NA,NA,NA,NA,NA,NA,NA,NA,NA,NA,NA,NA,NA,NA,NA,NA,NA,NA,NA,NA,NA,NA,NA,NA,NA,NA,NA,NA,NA,NA,NA,NA,NA,NA,NA,NA,NA,NA,NA,NA,NA,NA,NA,NA,NA,NA,NA,NA,NA,NA,Low,Low,Low,NA,NA,NA,NA,NA,NA,NA,NA,NA,NA,NA,NA,NA,NA,NA,NA,NA,NA,NA,NA,NA,NA,NA,NA,NA,NA,NA,NA,NA,NA,NA,NA,NA,NA,NA,NA,NA,NA,NA,NA,NA,NA,NA,NA,NA,NA,NA,NA,NA,NA,NA,NA,NA,NA,NA,NA,NA
NA,NA,NA,NA,NA,NA,NA,NA,NA,NA,NA,NA,NA,NA,NA,NA,11,2025-10-18,09:06:20,NA,NA,NA,NA,Undefined,GEO_PAT,"Meeks, Gardner",1000324679,Right,GEO_PAT,Undefined,1,Bottom,0,0,0,Undefined,NA,Undefined,Undefined,Undefined,Undefined,0,0,NA,50.571,-4.020744,-4.533644,2112.43871,NA,NA,4.59565,0.37692,28.64749,NA,NA,NA,0.94413,-1.43949,46.02761,-9.963019,-2.293495,0.435394,NA,NA,NA,NA,NA,NA,NA,NA,NA,NA,NA,-13.25753,30.91702,-1.97229,50,5.40208,7.55369,-77.69193,-1.5917,-7.44209,17.07646,-14.81882,GEO_PAT,NA,SpuhlerFieldMain,NA,NA,20251018-SpuhlerFieldMain-BP-1,3e0bf810-ac23-11f0-81f2-195cbb24ffac,86.57095,NA,NA,4.5434,NA,NA,NA,NA,NA,NA,de988b4a-7493-4841-bf63-462d2c1b23e8,2025-10-18,13:06:20,2025-10-18T13:06:20Z,2025-10-18T13:06:20Z,NA,v3,471300,NA,NA,NA,NA,Undefined,GEO_PAT,8261188e-495d-4911-b2d2-43e0d4c17446,31.8577,-73.59636,8.53823,4.59412,-5.14581,-7.40941,-0.37467,5.7688,-3.72105,NA,NA,NA,NA,NA,NA,NA,NA,NA,NA,NA,NA,NA,NA,NA,NA,NA,NA,NA,NA,NA,NA,NA,NA,NA,NA,NA,NA,NA,NA,NA,NA,NA,NA,NA,NA,NA,NA,NA,NA,NA,NA,NA,NA,NA,NA,NA,NA,NA,NA,Low,Low,Low,NA,NA,NA,NA,NA,NA,NA,NA,NA,NA,NA,NA,NA,NA,NA,NA,NA,NA,NA,NA,NA,NA,NA,NA,NA,NA,NA,NA,NA,NA,NA,NA,NA,NA,NA,NA,NA,NA,NA,NA,NA,NA,NA,NA,NA,NA,NA,NA,NA,NA,NA,NA,NA,NA,NA,NA,NA
NA,NA,NA,NA,NA,NA,NA,NA,NA,NA,NA,NA,NA,NA,NA,NA,12,2025-10-18,09:06:25,NA,NA,NA,NA,Undefined,GEO_PAT,"Meeks, Gardner",1000324679,Right,GEO_PAT,Undefined,1,Bottom,0,0,0,Undefined,Changeup,Undefined,Undefined,Undefined,Undefined,0,0,NA,49.29193,-0.427558,-1.617208,2054.494597,252.850029,02:30:00,4.32031,0.36053,28.64263,-33.34183,3.46166,8.31189,1.31449,0.19348,46.77014,-11.010457,0.997589,0.436632,83.39613,21.792798,-13.978693,1182.292371,107.066,33.5899,-25.23508,257.20787,257.20787,-11.722704,3.280871,-13.20855,6.2028,-1.06679,50,3.60328,3.77695,-74.97158,6.46173,-7.32083,11.27613,-28.73614,GEO_PAT,NA,SpuhlerFieldMain,NA,NA,20251018-SpuhlerFieldMain-BP-1,40d04830-ac23-11f0-81f2-195cbb24ffac,86.32535,36.30324,NA,2.52178,NA,NA,NA,0.70387,1.2304,-0.19197,de988b4a-7493-4841-bf63-462d2c1b23e8,2025-10-18,13:06:25,2025-10-18T13:06:25Z,2025-10-18T13:06:25Z,LineDrive,v3,471300,NA,NA,NA,NA,Undefined,GEO_PAT,dcbdcfa3-2643-4cad-a324-68027bfadf79,31.86471,-72.19242,5.63806,4.32308,-0.62068,-14.36807,-0.35826,1.97263,-3.66041,187.790872,0.70398,110.20533,-18.53272,4.27598,-0.83488,0.11971,-0.00643,-0.00138,2.2e-4,1.23028,45.41367,-15.49588,0.5836,-0.08694,0.0496,-0.02282,0.00547,-5e-4,-0.19202,-27.4327,5.73766,-1.01067,0.11549,0.01174,-0.01075,0.00257,-2.3e-4,NA,NA,NA,NA,NA,NA,NA,NA,NA,NA,NA,NA,NA,NA,NA,NA,NA,NA,NA,NA,NA,NA,High,High,High,High,High,NA,NA,NA,NA,NA,NA,NA,NA,NA,NA,NA,NA,NA,NA,NA,NA,NA,NA,NA,NA,NA,NA,NA,NA,NA,NA,NA,NA,NA,NA,NA,NA,NA,NA,NA,NA,NA,NA,NA,NA,NA,NA,NA,NA,NA,NA,NA,NA,NA,NA,NA,NA,NA,NA,NA
NA,NA,NA,NA,NA,NA,NA,NA,NA,NA,NA,NA,NA,NA,NA,NA,13,2025-10-18,09:06:29,NA,NA,NA,NA,Undefined,GEO_PAT,"Meeks, Gardner",1000324679,Right,GEO_PAT,Undefined,1,Bottom,0,0,0,Undefined,Curveball,Undefined,Undefined,Undefined,Undefined,0,0,NA,49.26006,-0.114614,-1.775637,1272.240855,232.355958,01:45:00,4.16177,0.41629,28.7841,-33.73974,2.6428,2.34658,1.28946,-0.32776,46.89051,-10.861458,-1.033522,0.434128,96.32873,21.905847,-21.074069,1072.33836,102.03875,37.4514,-41.08631,304.84024,304.84024,-23.959916,3.622591,-4.2454,4.70622,-1.0413,50,3.303,2.80844,-74.83955,7.13759,-2.35688,10.81264,-29.56134,GEO_PAT,NA,SpuhlerFieldMain,NA,NA,20251018-SpuhlerFieldMain-BP-1,436e99c0-ac23-11f0-81f2-195cbb24ffac,86.82331,45.62183,NA,2.36956,NA,NA,NA,1.21401,1.28066,0.38187,de988b4a-7493-4841-bf63-462d2c1b23e8,2025-10-18,13:06:29,2025-10-18T13:06:29Z,2025-10-18T13:06:29Z,LineDrive,v3,471300,NA,NA,NA,NA,Undefined,GEO_PAT,509aa4b2-8c04-462f-8eb0-ce202a899b6f,31.72373,-72.15073,5.40632,4.1639099999999996,-0.21353,-14.78067,-0.41579,2.22234,-1.17844,158.607143,1.21424,122.30564,-24.62289,6.03305,-1.25652,0.19827,-0.01723,-2e-4,1.3e-4,1.28035,52.72088,-16.7984,0.80011,-0.17445,0.10243,-0.04037,0.00807,-6.2e-4,0.38185,-47.13338,5.59501,-0.79463,0.07531,-0.0037,1.1e-4,4e-5,-1e-5,NA,NA,NA,NA,NA,NA,NA,NA,NA,NA,NA,NA,NA,NA,NA,NA,NA,NA,NA,NA,NA,NA,High,High,High,High,High,NA,NA,NA,NA,NA,NA,NA,NA,NA,NA,NA,NA,NA,NA,NA,NA,NA,NA,NA,NA,NA,NA,NA,NA,NA,NA,NA,NA,NA,NA,NA,NA,NA,NA,NA,NA,NA,NA,NA,NA,NA,NA,NA,NA,NA,NA,NA,NA,NA,NA,NA,NA,NA,NA,NA
NA,NA,NA,NA,NA,NA,NA,NA,NA,NA,NA,NA,NA,NA,NA,NA,14,2025-10-18,09:06:45,NA,NA,NA,NA,Undefined,GEO_PAT,"Meeks, Gardner",1000324679,Right,GEO_PAT,Undefined,1,Bottom,0,0,0,Undefined,Curveball,Undefined,Undefined,Undefined,Undefined,0,0,NA,48.82608,-1.951296,-3.595231,2104.928351,219.594029,01:15:00,4.29498,0.49207,28.78058,-31.05277,5.89969,4.21343,0.67248,-1.06137,46.88049,-11.775919,-2.267099,0.437515,96.9772,17.288402,15.299537,1086.689557,105.15393,28.47218,32.28978,316.16736,316.16736,19.873837,3.418857,-7.67559,10.31355,-1.7474,50,4.08009,5.51611,-73.77616,4.20093,-4.18909,9.57765,-26.54525,GEO_PAT,NA,SpuhlerFieldMain,NA,NA,20251018-SpuhlerFieldMain-BP-1,4d252c40-ac23-11f0-81f2-195cbb24ffac,86.15117,35.4756,NA,1.94558,NA,NA,NA,3.05744,1.04208,0.99767,de988b4a-7493-4841-bf63-462d2c1b23e8,2025-10-18,13:06:45,2025-10-18T13:06:45Z,2025-10-18T13:06:45Z,LineDrive,v3,471300,NA,NA,NA,NA,Undefined,GEO_PAT,3e1ea4e7-d10c-4d34-b21f-3777d1615a97,31.72719,-71.36456,4.78883,4.29637,-2.48302,-13.27263,-0.49126,4.46132,-2.09455,208.017288,3.05737,130.99445,-23.50579,5.17064,-0.9349,0.09307,0.00953,-0.00462,4.7e-4,1.04219,42.26755,-13.21089,0.12385,-0.07886,0.11798,-0.05407,0.01188,-0.00101,0.99793,35.82761,-0.82763,-0.57171,0.22633,-0.04294,0.00257,5.5e-4,-8e-5,NA,NA,NA,NA,NA,NA,NA,NA,NA,NA,NA,NA,NA,NA,NA,NA,NA,NA,NA,NA,NA,NA,High,High,High,High,High,NA,NA,NA,NA,NA,NA,NA,NA,NA,NA,NA,NA,NA,NA,NA,NA,NA,NA,NA,NA,NA,NA,NA,NA,NA,NA,NA,NA,NA,NA,NA,NA,NA,NA,NA,NA,NA,NA,NA,NA,NA,NA,NA,NA,NA,NA,NA,NA,NA,NA,NA,NA,NA,NA,NA
NA,NA,NA,NA,NA,NA,NA,NA,NA,NA,NA,NA,NA,NA,NA,NA,15,2025-10-18,09:06:50,NA,NA,NA,NA,Undefined,GEO_PAT,"Meeks, Gardner",1000324679,Right,GEO_PAT,Undefined,1,Bottom,0,0,0,Undefined,NA,Undefined,Undefined,Undefined,Undefined,0,0,NA,50.62331,-5.02257,-4.645432,1125.312612,NA,NA,4.78557,0.4073,28.3462,NA,NA,NA,0.35992,-1.14623,46.23126,-11.645616,-1.133479,0.439844,97.63769,-3.112433,22.137469,NA,NA,NA,NA,15.91978,15.91978,20.822069,0.090706,-19.09985,28.26053,-2.08582,50,5.85507,8.38716,-77.51046,-2.60303,-10.70371,16.75251,-16.33664,GEO_PAT,NA,SpuhlerFieldMain,NA,NA,20251018-SpuhlerFieldMain-BP-1,4fbd3c40-ac23-11f0-81f2-195cbb24ffac,85.69501,0.79671,NA,4.39206,NA,NA,NA,3.05074,0.79671,0.76873,de988b4a-7493-4841-bf63-462d2c1b23e8,2025-10-18,13:06:50,2025-10-18T13:06:50Z,2025-10-18T13:06:50Z,GroundBall,v3,471300,NA,NA,NA,NA,Undefined,GEO_PAT,8ff7f198-96a6-4e8e-9b19-a8074e232437,32.15843,-73.55331,8.37626,4.78444,-6.46195,-8.16832,-0.40328,5.85882,-5.35185,249.688341,3.05088,132.42802,-22.24507,NA,NA,NA,NA,NA,NA,0.79672,-7.77661,-11.1018,NA,NA,NA,NA,NA,NA,0.7687,53.88739,0.28761,NA,NA,NA,NA,NA,NA,NA,NA,NA,NA,NA,NA,NA,NA,NA,NA,NA,NA,NA,NA,NA,NA,NA,NA,NA,NA,NA,NA,Low,Low,Low,Medium,High,NA,NA,NA,NA,NA,NA,NA,NA,NA,NA,NA,NA,NA,NA,NA,NA,NA,NA,NA,NA,NA,NA,NA,NA,NA,NA,NA,NA,NA,NA,NA,NA,NA,NA,NA,NA,NA,NA,NA,NA,NA,NA,NA,NA,NA,NA,NA,NA,NA,NA,NA,NA,NA,NA,NA
NA,NA,NA,NA,NA,NA,NA,NA,NA,NA,NA,NA,NA,NA,NA,NA,16,2025-10-18,09:06:58,NA,NA,NA,NA,Undefined,GEO_PAT,"Meeks, Gardner",1000324679,Right,GEO_PAT,Undefined,1,Bottom,0,0,0,Undefined,NA,Undefined,Undefined,Undefined,Undefined,0,0,NA,50.24125,-3.04367,-3.917493,2017.898947,NA,NA,4.48328,0.23082,28.5526,NA,NA,NA,1.24177,-1.13802,45.61853,-9.407223,-1.21349,0.439237,98.68785,9.856886,10.447787,2288.867843,108.31041,10.39772,19.20557,190.14627,190.14627,9.465792,1.610428,-15.00028,29.17978,-1.64747,50,4.94823,6.91945,-77.30901,-0.02988,-8.32639,17.01716,-15.97686,GEO_PAT,NA,SpuhlerFieldMain,NA,NA,20251018-SpuhlerFieldMain-BP-1,54db0cc0-ac23-11f0-81f2-195cbb24ffac,85.81346,10.49802,NA,4.62271,NA,NA,NA,2.9008,1.36074,0.70437,de988b4a-7493-4841-bf63-462d2c1b23e8,2025-10-18,13:06:58,2025-10-18T13:06:58Z,2025-10-18T13:06:58Z,LineDrive,v3,471300,NA,NA,NA,NA,Undefined,GEO_PAT,0162f072-97ba-4d95-ad2c-c29fabd153df,31.95156,-73.22853,8.50858,4.48175,-3.86092,-7.98843,-0.22765,4.92289,-4.1632,146.045213,2.90083,140.23719,-21.06344,4.13599,-0.66796,0.16586,-0.1586,0.08234,-0.01509,1.36071,24.78132,-17.88443,1.8331,-0.61756,0.13937,0.06688,-0.05626,0.01139,0.70434,25.86413,-5.27889,1.06552,-0.493,0.10865,0.09693,-0.07328,0.01463,NA,NA,NA,NA,NA,NA,NA,NA,NA,NA,NA,NA,NA,NA,NA,NA,NA,NA,NA,NA,NA,NA,Low,Low,Low,High,High,NA,NA,NA,NA,NA,NA,NA,NA,NA,NA,NA,NA,NA,NA,NA,NA,NA,NA,NA,NA,NA,NA,NA,NA,NA,NA,NA,NA,NA,NA,NA,NA,NA,NA,NA,NA,NA,NA,NA,NA,NA,NA,NA,NA,NA,NA,NA,NA,NA,NA,NA,NA,NA,NA,NA
NA,NA,NA,NA,NA,NA,NA,NA,NA,NA,NA,NA,NA,NA,NA,NA,17,2025-10-18,09:07:10,NA,NA,NA,NA,Undefined,GEO_PAT,"Meeks, Gardner",1000324679,Right,GEO_PAT,Undefined,1,Bottom,0,0,0,Undefined,NA,Undefined,Undefined,Undefined,Undefined,0,0,NA,50.75975,-4.34939,-4.676645,1178.122515,NA,NA,4.77409,0.43304,28.51438,NA,NA,NA,0.92784,-1.42544,46.22025,-10.287932,-2.277414,0.435914,92.21038,24.965303,28.03541,1717.168204,94.11426,42.35925,56.94299,346.16589,344.94033,37.892371,4.103556,-13.97083,30.79364,-2.06846,50,5.68237,7.83437,-77.85412,-2.07579,-7.88846,17.01073,-14.78682,GEO_PAT,NA,SpuhlerFieldMain,NA,NA,20251018-SpuhlerFieldMain-BP-1,5b898f60-ac23-11f0-81f2-195cbb24ffac,86.46752,54.72318,NA,4.5395,NA,NA,NA,3.45305,1.29238,1.25075,de988b4a-7493-4841-bf63-462d2c1b23e8,2025-10-18,13:07:10,2025-10-18T13:07:10Z,2025-10-18T13:07:10Z,LineDrive,v3,471300,NA,NA,NA,NA,Undefined,GEO_PAT,f63a0cee-4fcc-4517-b95d-de4a3ccb549e,31.99027,-73.81427,8.50537,4.7724,-5.58749,-7.39341,-0.43035,5.96095,-3.94423,NA,3.45257,108.23578,-20.9184,5.07677,-1.1939,0.29113,-0.06894,0.01101,-7.4e-4,1.29363,57.04325,-16.13953,0.18158,0.42437,-0.25497,0.08208,-0.0131,8.1e-4,1.25103,57.61867,-0.93778,-0.66032,0.24774,-0.03802,-4.7e-4,0.00112,-1.1e-4,NA,NA,NA,NA,NA,NA,NA,NA,NA,NA,NA,NA,NA,NA,NA,NA,NA,NA,NA,NA,NA,NA,Low,Low,Low,High,Medium,NA,NA,NA,NA,NA,NA,NA,NA,NA,NA,NA,NA,NA,NA,NA,NA,NA,NA,NA,NA,NA,NA,NA,NA,NA,NA,NA,NA,NA,NA,NA,NA,NA,NA,NA,NA,NA,NA,NA,NA,NA,NA,NA,NA,NA,NA,NA,NA,NA,NA,NA,NA,NA,NA,NA
NA,NA,NA,NA,NA,NA,NA,NA,NA,NA,NA,NA,NA,NA,NA,NA,18,2025-10-18,09:07:14,NA,NA,NA,NA,Undefined,GEO_PAT,"Meeks, Gardner",1000324679,Right,GEO_PAT,Undefined,1,Bottom,0,0,0,Undefined,Curveball,Undefined,Undefined,Undefined,Undefined,0,0,NA,48.76683,0.215802,-1.400003,1985.622522,220.309305,01:15:00,4.21383,0.56838,28.59053,-34.23829,3.06835,1.95402,1.47556,-0.01426,46.73435,-10.604438,-0.786256,0.439607,86.42285,25.798364,15.504923,1718.815008,105.59714,43.64352,30.80978,292.39814,292.39814,18.796679,3.925673,-3.43004,5.17146,-1.05832,50,3.25406,2.20278,-73.79598,7.5156,-1.87655,9.42941,-29.34478,GEO_PAT,NA,SpuhlerFieldMain,NA,NA,20251018-SpuhlerFieldMain-BP-1,5e479df0-ac23-11f0-81f2-195cbb24ffac,85.74127,51.78642,NA,2.03249,NA,NA,NA,3.41443,1.95623,-0.01044,de988b4a-7493-4841-bf63-462d2c1b23e8,2025-10-18,13:07:14,2025-10-18T13:07:14Z,2025-10-18T13:07:14Z,LineDrive,v3,471300,NA,NA,NA,NA,Undefined,GEO_PAT,ddf7a909-3062-434d-b508-11d0ad3494fe,31.91752,-71.44811,4.7147,4.21574,0.20892,-14.67239,-0.56801,1.73553,-0.93827,196.120124,3.41408,109.97547,-19.82707,4.58264,-1.03655,0.22995,-0.04226,0.00482,-2.3e-4,1.95649,55.15744,-16.68045,0.93966,-0.09462,-0.002,0.00127,4.5e-4,-9e-5,-0.01055,30.50967,-2.81502,0.51291,-0.10434,0.02603,-0.00571,6.8e-4,-3e-5,NA,NA,NA,NA,NA,NA,NA,NA,NA,NA,NA,NA,NA,NA,NA,NA,NA,NA,NA,NA,NA,NA,High,High,High,High,High,NA,NA,NA,NA,NA,NA,NA,NA,NA,NA,NA,NA,NA,NA,NA,NA,NA,NA,NA,NA,NA,NA,NA,NA,NA,NA,NA,NA,NA,NA,NA,NA,NA,NA,NA,NA,NA,NA,NA,NA,NA,NA,NA,NA,NA,NA,NA,NA,NA,NA,NA,NA,NA,NA,NA
NA,NA,NA,NA,NA,NA,NA,NA,NA,NA,NA,NA,NA,NA,NA,NA,19,2025-10-18,09:07:19,NA,NA,NA,NA,Undefined,GEO_PAT,"Meeks, Gardner",1000324679,Right,GEO_PAT,Undefined,1,Bottom,0,0,0,Undefined,NA,Undefined,Undefined,Undefined,Undefined,0,0,NA,50.65927,-4.205104,-4.763961,1983.178827,NA,NA,4.60493,0.40155,28.82152,NA,NA,NA,0.85303,-1.43611,46.16056,-10.219999,-2.181678,0.432151,NA,NA,NA,NA,NA,NA,NA,NA,NA,NA,NA,-14.94643,30.1558,-2.10911,50,5.46352,8.08992,-77.75976,-1.71996,-8.42431,16.91649,-15.17723,GEO_PAT,NA,SpuhlerFieldMain,NA,NA,20251018-SpuhlerFieldMain-BP-1,60f16130-ac23-11f0-81f2-195cbb24ffac,87.22058,NA,NA,4.49871,NA,NA,NA,NA,NA,NA,de988b4a-7493-4841-bf63-462d2c1b23e8,2025-10-18,13:07:19,2025-10-18T13:07:19Z,2025-10-18T13:07:19Z,NA,v3,471300,NA,NA,NA,NA,Undefined,GEO_PAT,aaaf8558-d604-43d7-8f8e-8ebb5c10889d,31.68285,-73.6672,8.45825,4.60326,-5.39175,-7.58862,-0.39847,6.05185,-4.21216,NA,NA,NA,NA,NA,NA,NA,NA,NA,NA,NA,NA,NA,NA,NA,NA,NA,NA,NA,NA,NA,NA,NA,NA,NA,NA,NA,NA,NA,NA,NA,NA,NA,NA,NA,NA,NA,NA,NA,NA,NA,NA,NA,NA,NA,NA,NA,NA,NA,NA,Low,Low,Low,NA,NA,NA,NA,NA,NA,NA,NA,NA,NA,NA,NA,NA,NA,NA,NA,NA,NA,NA,NA,NA,NA,NA,NA,NA,NA,NA,NA,NA,NA,NA,NA,NA,NA,NA,NA,NA,NA,NA,NA,NA,NA,NA,NA,NA,NA,NA,NA,NA,NA,NA,NA,NA,NA,NA,NA,NA
NA,NA,NA,NA,NA,NA,NA,NA,NA,NA,NA,NA,NA,NA,NA,NA,20,2025-10-18,09:07:23,NA,NA,NA,NA,Undefined,GEO_PAT,"Meeks, Gardner",1000324679,Right,GEO_PAT,Undefined,1,Bottom,0,0,0,Undefined,NA,Undefined,Undefined,Undefined,Undefined,0,0,NA,50.70281,-4.60344,-5.035782,1927.234434,NA,NA,5.1145,0.48223,28.7551,NA,NA,NA,1.11182,-1.44229,46.25306,-10.711946,-2.220565,0.433014,NA,NA,NA,NA,NA,NA,NA,NA,NA,NA,NA,-16.2243,29.91175,-2.28783,50,6.09455,8.60503,-77.73362,-2.22541,-9.14474,16.84829,-15.31446,GEO_PAT,NA,SpuhlerFieldMain,NA,NA,20251018-SpuhlerFieldMain-BP-1,63a73260-ac23-11f0-81f2-195cbb24ffac,87.04669,NA,NA,4.44975,NA,NA,NA,NA,NA,NA,de988b4a-7493-4841-bf63-462d2c1b23e8,2025-10-18,13:07:23,2025-10-18T13:07:23Z,2025-10-18T13:07:23Z,NA,v3,471300,NA,NA,NA,NA,Undefined,GEO_PAT,24a58800-f55b-443f-b1ca-b65cf4945f7d,31.74969,-73.67185,8.42415,5.11302,-5.9174,-7.65723,-0.47909,6.40043,-4.57237,NA,NA,NA,NA,NA,NA,NA,NA,NA,NA,NA,NA,NA,NA,NA,NA,NA,NA,NA,NA,NA,NA,NA,NA,NA,NA,NA,NA,NA,NA,NA,NA,NA,NA,NA,NA,NA,NA,NA,NA,NA,NA,NA,NA,NA,NA,NA,NA,NA,NA,Low,Low,Low,NA,NA,NA,NA,NA,NA,NA,NA,NA,NA,NA,NA,NA,NA,NA,NA,NA,NA,NA,NA,NA,NA,NA,NA,NA,NA,NA,NA,NA,NA,NA,NA,NA,NA,NA,NA,NA,NA,NA,NA,NA,NA,NA,NA,NA,NA,NA,NA,NA,NA,NA,NA,NA,NA,NA,NA,NA
NA,NA,NA,NA,NA,NA,NA,NA,NA,NA,NA,NA,NA,NA,NA,NA,21,2025-10-18,09:07:36,NA,NA,NA,NA,Undefined,GEO_PAT,"Meeks, Gardner",1000324679,Right,GEO_PAT,Undefined,1,Bottom,0,0,0,Undefined,NA,Undefined,Undefined,Undefined,Undefined,0,0,NA,50.1601,-2.412686,-4.32207,936.933706,NA,NA,4.52502,0.32427,28.44194,NA,NA,NA,1.52832,-1.15731,45.46154,-9.098996,-1.211004,0.44173,91.60177,20.4767,6.703598,1059.181703,109.41301,33.81073,11.34785,285.9128,285.9128,3.65375,3.462856,-17.10532,27.71726,-1.88303,50,4.77231,7.67385,-77.17406,0.9704,-9.45405,17.02326,-16.85482,GEO_PAT,NA,SpuhlerFieldMain,NA,NA,20251018-SpuhlerFieldMain-BP-1,6b147120-ac23-11f0-81f2-195cbb24ffac,85.32906,39.76782,NA,4.69855,NA,NA,NA,3.26182,1.71005,0.84027,de988b4a-7493-4841-bf63-462d2c1b23e8,2025-10-18,13:07:36,2025-10-18T13:07:36Z,2025-10-18T13:07:36Z,LineDrive,v3,471300,NA,NA,NA,NA,Undefined,GEO_PAT,e8b0fda8-f48e-4cef-8d9b-447628c2b91b,32.06214,-73.11029,8.51163,4.52371,-3.05317,-8.42741,-0.32051,5.41699,-4.7270200000000004,165.089029,3.26187,124.99777,-22.97765,5.30774,-1.14201,0.22445,-0.03586,0.00374,-1.8e-4,1.71003,46.99952,-15.48298,0.68958,-0.06282,0.00168,-7e-5,2.5e-4,-3e-5,0.84029,14.6916,-5.16359,1.21894,-0.26711,0.05327,-0.00859,9.1e-4,-4e-5,NA,NA,NA,NA,NA,NA,NA,NA,NA,NA,NA,NA,NA,NA,NA,NA,NA,NA,NA,NA,NA,NA,Low,Low,Low,High,High,NA,NA,NA,NA,NA,NA,NA,NA,NA,NA,NA,NA,NA,NA,NA,NA,NA,NA,NA,NA,NA,NA,NA,NA,NA,NA,NA,NA,NA,NA,NA,NA,NA,NA,NA,NA,NA,NA,NA,NA,NA,NA,NA,NA,NA,NA,NA,NA,NA,NA,NA,NA,NA,NA,NA
NA,NA,NA,NA,NA,NA,NA,NA,NA,NA,NA,NA,NA,NA,NA,NA,22,2025-10-18,09:07:40,NA,NA,NA,NA,Undefined,GEO_PAT,"Meeks, Gardner",1000324679,Right,GEO_PAT,Undefined,1,Bottom,0,0,0,Undefined,NA,Undefined,Undefined,Undefined,Undefined,0,0,NA,49.4791,-2.112254,-5.520064,988.236979,NA,NA,4.31169,0.46289,28.83158,NA,NA,NA,1.18816,-1.33258,44.96845,-9.996952,-1.265351,0.442315,94.77615,11.271272,29.933745,2187.776265,NA,NA,NA,136.03199,136.03199,33.299861,1.150286,-23.54545,22.89812,-2.53422,50,4.3648,9.95824,-76.12668,2.24077,-12.66771,16.53298,-19.85459,GEO_PAT,NA,SpuhlerFieldMain,NA,NA,20251018-SpuhlerFieldMain-BP-1,6db337e0-ac23-11f0-81f2-195cbb24ffac,85.21637,8.28166,NA,4.51064,NA,NA,NA,3.7967,1.32866,1.33111,de988b4a-7493-4841-bf63-462d2c1b23e8,2025-10-18,13:07:40,2025-10-18T13:07:40Z,2025-10-18T13:07:40Z,LineDrive,v3,471300,NA,NA,NA,NA,Undefined,GEO_PAT,cb5285ad-42eb-4132-b34f-efac48fbc620,31.67376,-72.03677,8.26649,4.31161,-2.67083,-9.9273,-0.45838,6.82451,-6.33386,NA,3.7967,118.1386,-24.17491,5.01382,-1.16789,0.25554,-0.05721,0.01094,-0.00116,1.32866,27.1691,-28.52181,4.31723,-1.03128,0.24644,-0.0558,0.01101,-0.00123,1.33111,68.02532,-2.53387,-1.51491,0.61476,-0.2047,0.05436,-0.01165,0.00136,NA,NA,NA,NA,NA,NA,NA,NA,NA,NA,NA,NA,NA,NA,NA,NA,NA,NA,NA,NA,NA,NA,Low,Low,Low,High,High,NA,NA,NA,NA,NA,NA,NA,NA,NA,NA,NA,NA,NA,NA,NA,NA,NA,NA,NA,NA,NA,NA,NA,NA,NA,NA,NA,NA,NA,NA,NA,NA,NA,NA,NA,NA,NA,NA,NA,NA,NA,NA,NA,NA,NA,NA,NA,NA,NA,NA,NA,NA,NA,NA,NA
NA,NA,NA,NA,NA,NA,NA,NA,NA,NA,NA,NA,NA,NA,NA,NA,23,2025-10-18,09:07:45,NA,NA,NA,NA,Undefined,GEO_PAT,"Meeks, Gardner",1000324679,Right,GEO_PAT,Undefined,1,Bottom,0,0,0,Undefined,NA,Undefined,Undefined,Undefined,Undefined,0,0,NA,50.13003,-1.776517,-4.723973,946.065572,NA,NA,4.5925,0.5201,28.66693,NA,NA,NA,1.41339,-0.65045,45.52899,-10.478919,0.327874,0.438914,94.96124,11.256742,17.603274,1426.873314,103.70839,7.41153,36.66829,147.21408,147.21408,20.403964,1.262336,-26.74505,17.47981,-2.36285,50,4.49442,9.43734,-77.29913,3.12891,-14.77565,17.37295,-22.51709,GEO_PAT,NA,SpuhlerFieldMain,NA,NA,20251018-SpuhlerFieldMain-BP-1,70561d50-ac23-11f0-81f2-195cbb24ffac,85.87658,9.44636,NA,4.60103,NA,NA,NA,3.74318,1.90322,0.57069,de988b4a-7493-4841-bf63-462d2c1b23e8,2025-10-18,13:07:45,2025-10-18T13:07:45Z,2025-10-18T13:07:45Z,LineDrive,v3,471300,NA,NA,NA,NA,Undefined,GEO_PAT,8a7c9329-51aa-43d3-8441-7f1f4041f852,31.83871,-73.10353,8.68647,4.59342,-2.30902,-11.25855,-0.51459,5.86899,-7.38783,308.302521,3.74318,130.20039,-23.20914,4.44958,-1.02162,0.13975,0.0622,-0.05507,0.01344,1.90322,27.18737,-26.33696,3.69558,-0.82728,0.0933,0.08378,-0.06321,0.01498,0.57069,41.31047,-0.52726,-0.31404,-0.03973,0.19369,-0.21801,0.11924,-0.02623,NA,NA,NA,NA,NA,NA,NA,NA,NA,NA,NA,NA,NA,NA,NA,NA,NA,NA,NA,NA,NA,NA,Low,Low,Low,High,High,NA,NA,NA,NA,NA,NA,NA,NA,NA,NA,NA,NA,NA,NA,NA,NA,NA,NA,NA,NA,NA,NA,NA,NA,NA,NA,NA,NA,NA,NA,NA,NA,NA,NA,NA,NA,NA,NA,NA,NA,NA,NA,NA,NA,NA,NA,NA,NA,NA,NA,NA,NA,NA,NA,NA
NA,NA,NA,NA,NA,NA,NA,NA,NA,NA,NA,NA,NA,NA,NA,NA,24,2025-10-18,09:07:49,NA,NA,NA,NA,Undefined,GEO_PAT,"Meeks, Gardner",1000324679,Right,GEO_PAT,Undefined,1,Bottom,0,0,0,Undefined,NA,Undefined,Undefined,Undefined,Undefined,0,0,NA,50.66603,-1.953952,-5.136775,1075.567833,NA,NA,4.32655,0.43584,28.92213,NA,NA,NA,1.36611,-1.09114,45.97493,-9.574584,-0.652288,0.430477,94.69951,31.599815,14.701503,1974.206694,106.87935,60.57975,26.01515,307.73571,302.91924,12.238596,4.85924,-24.41466,21.21997,-2.40801,50,4.34727,9.82536,-78.06011,2.36229,-13.79353,17.4878,-20.18541,GEO_PAT,NA,SpuhlerFieldMain,NA,NA,20251018-SpuhlerFieldMain-BP-1,72fcd350-ac23-11f0-81f2-195cbb24ffac,87.55976,80.93223,NA,4.6911,NA,NA,NA,3.57514,1.86158,0.62969,de988b4a-7493-4841-bf63-462d2c1b23e8,2025-10-18,13:07:49,2025-10-18T13:07:49Z,2025-10-18T13:07:49Z,FlyBall,v3,471300,NA,NA,NA,NA,Undefined,GEO_PAT,d75b7c61-2ad2-4c8d-b6de-397df3133abc,31.58313,-73.81896,8.7439,4.32656,-2.53308,-10.0927,-0.4308,6.48015,-6.89677,170.511463,3.57404,114.44935,-24.31769,6.0395200000000004,-1.50901,0.36119,-0.06779,0.00774,-3.8e-4,1.86337,72.73789,-19.11085,1.25312,0.01796,-0.09354,0.02912,-0.00387,1.9e-4,0.62973,30.02077,-8.38389,2.28972,-0.56308,0.12006,-0.01955,0.00202,-1e-4,NA,NA,NA,NA,NA,NA,NA,NA,NA,NA,NA,NA,NA,NA,NA,NA,NA,NA,NA,NA,NA,NA,Low,Low,Low,Medium,Medium,NA,NA,NA,NA,NA,NA,NA,NA,NA,NA,NA,NA,NA,NA,NA,NA,NA,NA,NA,NA,NA,NA,NA,NA,NA,NA,NA,NA,NA,NA,NA,NA,NA,NA,NA,NA,NA,NA,NA,NA,NA,NA,NA,NA,NA,NA,NA,NA,NA,NA,NA,NA,NA,NA,NA
NA,NA,NA,NA,NA,NA,NA,NA,NA,NA,NA,NA,NA,NA,NA,NA,25,2025-10-18,09:08:03,NA,NA,NA,NA,Undefined,GEO_PAT,"Meeks, Gardner",1000324679,Right,GEO_PAT,Undefined,1,Bottom,0,0,0,Undefined,Changeup,Undefined,Undefined,Undefined,Undefined,0,0,NA,49.70981,-2.059312,-4.628899,1083.864604,246.068211,02:15:00,4.22514,0.44227,29.16479,-30.88175,3.88862,7.09244,0.572,-1.38986,47.7781,-11.937479,-2.367689,0.424401,90.60846,9.055265,36.858154,2753.596922,NA,NA,NA,116.59473,116.59473,41.024664,0.968814,-12.74229,7.32689,-2.1469,50,4.00659,7.65984,-75.03968,4.41322,-7.20871,9.74379,-28.02901,GEO_PAT,NA,SpuhlerFieldMain,NA,NA,20251018-SpuhlerFieldMain-BP-1,7b5bec20-ac23-11f0-81f2-195cbb24ffac,88.81332,5.43839,NA,1.93171,NA,NA,NA,2.88469,0.88854,1.69229,de988b4a-7493-4841-bf63-462d2c1b23e8,2025-10-18,13:08:03,2025-10-18T13:08:03Z,2025-10-18T13:08:03Z,LineDrive,v3,471300,NA,NA,NA,NA,Undefined,GEO_PAT,0ad0dc31-5d8b-4a08-888a-c832107346bb,31.34359,-72.57675,4.8719,4.2267,-2.67164,-14.0145,-0.44102,5.8377,-3.60436,NA,2.88469,105.00513,-20.12355,2.99088,-0.82237,0.69103,-0.81408,0.54342,-0.14449,0.88854,20.91572,-25.51881,3.77822,-1.0593,0.74144,-0.76432,0.49905,-0.13277,1.69229,78.71984,-0.24056,-1.76401,0.76466,-0.71151,0.77295,-0.5091,0.13644,NA,NA,NA,NA,NA,NA,NA,NA,NA,NA,NA,NA,NA,NA,NA,NA,NA,NA,NA,NA,NA,NA,High,High,High,High,High,NA,NA,NA,NA,NA,NA,NA,NA,NA,NA,NA,NA,NA,NA,NA,NA,NA,NA,NA,NA,NA,NA,NA,NA,NA,NA,NA,NA,NA,NA,NA,NA,NA,NA,NA,NA,NA,NA,NA,NA,NA,NA,NA,NA,NA,NA,NA,NA,NA,NA,NA,NA,NA,NA,NA
NA,NA,NA,NA,NA,NA,NA,NA,NA,NA,NA,NA,NA,NA,NA,NA,26,2025-10-18,09:08:07,NA,NA,NA,NA,Undefined,GEO_PAT,"Meeks, Gardner",1000324679,Right,GEO_PAT,Undefined,1,Bottom,0,0,0,Undefined,NA,Undefined,Undefined,Undefined,Undefined,0,0,NA,50.73787,-4.173462,-5.131367,2220.128685,NA,NA,4.69686,0.41297,28.85157,NA,NA,NA,0.85958,-1.36647,47.24256,-10.49475,-1.59895,0.426493,NA,NA,NA,NA,NA,NA,NA,NA,NA,NA,NA,-19.40887,26.58202,-2.32655,50,5.50709,9.24158,-77.13663,-1.28286,-11.15545,13.70113,-16.89574,GEO_PAT,NA,SpuhlerFieldMain,NA,NA,20251018-SpuhlerFieldMain-BP-1,7dc30110-ac23-11f0-81f2-195cbb24ffac,88.37753,NA,NA,3.49531,NA,NA,NA,NA,NA,NA,de988b4a-7493-4841-bf63-462d2c1b23e8,2025-10-18,13:08:07,2025-10-18T13:08:07Z,2025-10-18T13:08:07Z,NA,v3,471300,NA,NA,NA,NA,Undefined,GEO_PAT,6fc60628-b48f-4994-9fa8-06fdf2cbbd79,31.6547,-73.80621,6.85057,4.69611,-5.38981,-8.44787,-0.40971,6.52995,-5.57773,NA,NA,NA,NA,NA,NA,NA,NA,NA,NA,NA,NA,NA,NA,NA,NA,NA,NA,NA,NA,NA,NA,NA,NA,NA,NA,NA,NA,NA,NA,NA,NA,NA,NA,NA,NA,NA,NA,NA,NA,NA,NA,NA,NA,NA,NA,NA,NA,NA,NA,Low,Low,Low,NA,NA,NA,NA,NA,NA,NA,NA,NA,NA,NA,NA,NA,NA,NA,NA,NA,NA,NA,NA,NA,NA,NA,NA,NA,NA,NA,NA,NA,NA,NA,NA,NA,NA,NA,NA,NA,NA,NA,NA,NA,NA,NA,NA,NA,NA,NA,NA,NA,NA,NA,NA,NA,NA,NA,NA,NA
NA,NA,NA,NA,NA,NA,NA,NA,NA,NA,NA,NA,NA,NA,NA,NA,27,2025-10-18,09:08:12,NA,NA,NA,NA,Undefined,GEO_PAT,"Meeks, Gardner",1000324679,Right,GEO_PAT,Undefined,1,Bottom,0,0,0,Undefined,Changeup,Undefined,Undefined,Undefined,Undefined,0,0,NA,50.56323,-0.54892,-3.18307,1383.276411,292.201021,03:45:00,4.25837,0.54242,29.30235,-36.25222,-1.16878,6.13721,0.95149,-0.60288,46.05528,-12.41045,-1.2100630000000001,0.426307,93.73715,17.390593,13.24316,5916.349021,107.14699,27.44382,24.88739,295.38774,295.38774,13.762357,3.147272,-11.6306,-1.02512,-1.73981,50,3.47148,5.67526,-78.68514,7.24025,-6.55759,19.25238,-32.75203,GEO_PAT,NA,SpuhlerFieldMain,NA,NA,20251018-SpuhlerFieldMain-BP-1,807ddb50-ac23-11f0-81f2-195cbb24ffac,88.41616,31.68245,NA,4.50795,NA,NA,NA,2.25183,1.45906,0.61131,de988b4a-7493-4841-bf63-462d2c1b23e8,2025-10-18,13:08:12,2025-10-18T13:08:12Z,2025-10-18T13:08:12Z,LineDrive,v3,471300,NA,NA,NA,NA,Undefined,GEO_PAT,73592dda-ceab-4e40-85df-aad81636bd41,31.20489,-73.94356,9.62619,4.26134,-0.82609,-16.37602,-0.54095,4.06022,-3.2788,170.739364,2.25182,127.70612,-19.50514,3.90642,-0.61881,0.02053,0.02324,-0.00674,6.8e-4,1.45905,41.09376,-14.59475,0.52249,-0.20099,0.15925,-0.0653,0.01442,-0.00131,0.61128,30.05372,-5.84082,1.95873,-0.361,-0.01264,0.02528,-0.00594,5e-4,NA,NA,NA,NA,NA,NA,NA,NA,NA,NA,NA,NA,NA,NA,NA,NA,NA,NA,NA,NA,NA,NA,High,High,High,High,High,NA,NA,NA,NA,NA,NA,NA,NA,NA,NA,NA,NA,NA,NA,NA,NA,NA,NA,NA,NA,NA,NA,NA,NA,NA,NA,NA,NA,NA,NA,NA,NA,NA,NA,NA,NA,NA,NA,NA,NA,NA,NA,NA,NA,NA,NA,NA,NA,NA,NA,NA,NA,NA,NA,NA
NA,NA,NA,NA,NA,NA,NA,NA,NA,NA,NA,NA,NA,NA,NA,NA,28,2025-10-18,09:08:16,NA,NA,NA,NA,Undefined,GEO_PAT,"Meeks, Gardner",1000324679,Right,GEO_PAT,Undefined,1,Bottom,0,0,0,Undefined,Changeup,Undefined,Undefined,Undefined,Undefined,0,0,NA,49.81245,-0.491262,-2.047314,1370.238909,245.544121,02:15:00,4.20964,0.4904,28.87157,-32.11451,3.1574,5.22292,1.27413,-0.1547,47.53617,-10.741045,-0.393146,0.427451,84.29842,18.246532,13.360766,1425.58509,106.18552,19.23121,28.71433,193.88472,193.88472,16.685193,2.035235,-8.82784,5.61658,-1.27996,50,3.49535,3.81815,-75.57004,6.47889,-5.02327,10.58448,-28.97809,GEO_PAT,NA,SpuhlerFieldMain,NA,NA,20251018-SpuhlerFieldMain-BP-1,834cb2c0-ac23-11f0-81f2-195cbb24ffac,88.17966,19.32298,NA,2.27628,NA,NA,NA,2.22346,1.52859,0.16429,de988b4a-7493-4841-bf63-462d2c1b23e8,2025-10-18,13:08:16,2025-10-18T13:08:16Z,2025-10-18T13:08:16Z,LineDrive,v3,471300,NA,NA,NA,NA,Undefined,GEO_PAT,a57d3ebd-3fa6-4263-a2c4-8d33eb8d95df,31.63649,-72.95269,5.29224,4.21148,-0.68687,-14.48904,-0.48939,2.57598,-2.51163,291.484726,2.22346,114.24267,-14.99699,2.27261,-0.47114,0.08012,-0.0147,0.00227,-1.7e-4,1.52859,38.71166,-23.05089,2.54762,-0.53915,0.11405,-0.01946,0.0028,-2.2e-4,0.16429,27.1338,1.21527,-0.86724,0.23493,-0.05924,0.01131,-0.00174,1.4e-4,NA,NA,NA,NA,NA,NA,NA,NA,NA,NA,NA,NA,NA,NA,NA,NA,NA,NA,NA,NA,NA,NA,High,High,High,High,High,NA,NA,NA,NA,NA,NA,NA,NA,NA,NA,NA,NA,NA,NA,NA,NA,NA,NA,NA,NA,NA,NA,NA,NA,NA,NA,NA,NA,NA,NA,NA,NA,NA,NA,NA,NA,NA,NA,NA,NA,NA,NA,NA,NA,NA,NA,NA,NA,NA,NA,NA,NA,NA,NA,NA
NA,NA,NA,NA,NA,NA,NA,NA,NA,NA,NA,NA,NA,NA,NA,NA,29,2025-10-18,09:08:29,NA,NA,NA,NA,Undefined,GEO_PAT,"Meeks, Gardner",1000324679,Right,GEO_PAT,Undefined,1,Bottom,0,0,0,Undefined,NA,Undefined,Undefined,Undefined,Undefined,0,0,NA,48.25497,-0.324702,-3.137886,2129.69738,NA,NA,3.98984,0.04954,28.91835,NA,NA,NA,2.03414,-0.9947,43.58251,-7.49103,-0.827064,0.451484,NA,NA,NA,NA,NA,NA,NA,NA,NA,NA,NA,-13.26745,28.6195,-1.23386,50,3.52252,5.54314,-74.78745,4.05517,-6.81534,16.76368,-17.47253,GEO_PAT,NA,SpuhlerFieldMain,NA,NA,20251018-SpuhlerFieldMain-BP-1,8ad28290-ac23-11f0-81f2-195cbb24ffac,83.48574,NA,NA,4.67246,NA,NA,NA,NA,NA,NA,de988b4a-7493-4841-bf63-462d2c1b23e8,2025-10-18,13:08:29,2025-10-18T13:08:29Z,2025-10-18T13:08:29Z,NA,v3,471300,NA,NA,NA,NA,Undefined,GEO_PAT,b4925bce-3434-4676-897b-9741ac817842,31.58823,-70.53981,8.38184,3.98914,-0.37208,-8.73626,-0.0481,3.81624,-3.40767,NA,NA,NA,NA,NA,NA,NA,NA,NA,NA,NA,NA,NA,NA,NA,NA,NA,NA,NA,NA,NA,NA,NA,NA,NA,NA,NA,NA,NA,NA,NA,NA,NA,NA,NA,NA,NA,NA,NA,NA,NA,NA,NA,NA,NA,NA,NA,NA,NA,NA,Low,Low,Low,NA,NA,NA,NA,NA,NA,NA,NA,NA,NA,NA,NA,NA,NA,NA,NA,NA,NA,NA,NA,NA,NA,NA,NA,NA,NA,NA,NA,NA,NA,NA,NA,NA,NA,NA,NA,NA,NA,NA,NA,NA,NA,NA,NA,NA,NA,NA,NA,NA,NA,NA,NA,NA,NA,NA,NA,NA
NA,NA,NA,NA,NA,NA,NA,NA,NA,NA,NA,NA,NA,NA,NA,NA,30,2025-10-18,09:08:34,NA,NA,NA,NA,Undefined,GEO_PAT,"Meeks, Gardner",1000324679,Right,GEO_PAT,Undefined,1,Bottom,0,0,0,Undefined,Curveball,Undefined,Undefined,Undefined,Undefined,0,0,NA,49.7137,-2.42127,-3.830141,1095.200952,194.561161,12:30:00,4.33179,0.16791,28.82426,-31.04742,4.63036,1.00217,0.46175,-1.77502,47.70605,-12.232291,-3.513008,0.429903,NA,NA,NA,NA,NA,NA,NA,NA,NA,NA,NA,-2.74197,8.868,-1.41844,50,4.28448,5.23472,-75.09353,3.57507,-1.54656,10.13085,-27.17222,GEO_PAT,NA,SpuhlerFieldMain,NA,NA,20251018-SpuhlerFieldMain-BP-1,8d9e9ae0-ac23-11f0-81f2-195cbb24ffac,87.67666,NA,NA,2.00765,NA,NA,NA,NA,NA,NA,de988b4a-7493-4841-bf63-462d2c1b23e8,2025-10-18,13:08:34,2025-10-18T13:08:34Z,2025-10-18T13:08:34Z,NA,v3,471300,NA,NA,NA,NA,Undefined,GEO_PAT,43de90ad-4504-4a9c-9ea1-b69ee73c6c65,31.6814,-72.58011,5.06543,4.3352,-3.16624,-13.58611,-0.16732,4.85103,-0.77328,NA,NA,NA,NA,NA,NA,NA,NA,NA,NA,NA,NA,NA,NA,NA,NA,NA,NA,NA,NA,NA,NA,NA,NA,NA,NA,NA,NA,NA,NA,NA,NA,NA,NA,NA,NA,NA,NA,NA,NA,NA,NA,NA,NA,NA,NA,NA,NA,NA,NA,Medium,High,Medium,NA,NA,NA,NA,NA,NA,NA,NA,NA,NA,NA,NA,NA,NA,NA,NA,NA,NA,NA,NA,NA,NA,NA,NA,NA,NA,NA,NA,NA,NA,NA,NA,NA,NA,NA,NA,NA,NA,NA,NA,NA,NA,NA,NA,NA,NA,NA,NA,NA,NA,NA,NA,NA,NA,NA,NA,NA
NA,NA,NA,NA,NA,NA,NA,NA,NA,NA,NA,NA,NA,NA,NA,NA,31,2025-10-18,09:08:38,NA,NA,NA,NA,Undefined,GEO_PAT,"Meeks, Gardner",1000324679,Right,GEO_PAT,Undefined,1,Bottom,0,0,0,Undefined,NA,Undefined,Undefined,Undefined,Undefined,0,0,NA,50.63782,-3.546695,-4.83323,1951.402683,NA,NA,4.44603,0.26462,28.64714,NA,NA,NA,0.83369,-1.34094,46.07821,-10.292132,-1.199582,0.434839,NA,NA,NA,NA,NA,NA,NA,NA,NA,NA,NA,-19.69076,26.54017,-2.03554,50,5.04188,8.73896,-77.71581,-0.42537,-11.0857,16.89838,-17.2322,GEO_PAT,NA,SpuhlerFieldMain,NA,NA,20251018-SpuhlerFieldMain-BP-1,900fc1f0-ac23-11f0-81f2-195cbb24ffac,86.68144,NA,NA,4.55961,NA,NA,NA,NA,NA,NA,de988b4a-7493-4841-bf63-462d2c1b23e8,2025-10-18,13:08:38,2025-10-18T13:08:38Z,2025-10-18T13:08:38Z,NA,v3,471300,NA,NA,NA,NA,Undefined,GEO_PAT,f2bae1d5-2bbf-422f-afbf-39b663b0097a,31.85602,-73.66505,8.44919,4.44481,-4.55616,-8.6161,-0.2592,6.08158,-5.54285,NA,NA,NA,NA,NA,NA,NA,NA,NA,NA,NA,NA,NA,NA,NA,NA,NA,NA,NA,NA,NA,NA,NA,NA,NA,NA,NA,NA,NA,NA,NA,NA,NA,NA,NA,NA,NA,NA,NA,NA,NA,NA,NA,NA,NA,NA,NA,NA,NA,NA,Low,Low,Low,NA,NA,NA,NA,NA,NA,NA,NA,NA,NA,NA,NA,NA,NA,NA,NA,NA,NA,NA,NA,NA,NA,NA,NA,NA,NA,NA,NA,NA,NA,NA,NA,NA,NA,NA,NA,NA,NA,NA,NA,NA,NA,NA,NA,NA,NA,NA,NA,NA,NA,NA,NA,NA,NA,NA,NA,NA
NA,NA,NA,NA,NA,NA,NA,NA,NA,NA,NA,NA,NA,NA,NA,NA,32,2025-10-18,09:08:42,NA,NA,NA,NA,Undefined,GEO_PAT,"Meeks, Gardner",1000324679,Right,GEO_PAT,Undefined,1,Bottom,0,0,0,Undefined,Curveball,Undefined,Undefined,Undefined,Undefined,0,0,NA,49.15282,-1.18761,-1.809427,956.086504,211.233166,01:00:00,4.13912,0.28276,28.79467,-33.3436,2.48921,1.14685,0.73207,-0.57883,47.83284,-11.701526,-1.446279,0.430836,73.53268,-16.905941,-165.436022,NA,NA,NA,NA,0.65377,0.65377,-68.962672,0.042705,-2.24398,4.63914,-0.8908,50,3.59999,2.58505,-73.9584,5.86334,-1.25807,7.81154,-29.57316,GEO_PAT,NA,SpuhlerFieldMain,NA,NA,20251018-SpuhlerFieldMain-BP-1,92864030-ac23-11f0-81f2-195cbb24ffac,87.48678,1.34161,NA,1.31998,NA,NA,NA,4.50697,1.34161,0.49978,de988b4a-7493-4841-bf63-462d2c1b23e8,2025-10-18,13:08:42,2025-10-18T13:08:42Z,2025-10-18T13:08:42Z,GroundBall,v3,471300,NA,NA,NA,NA,Undefined,GEO_PAT,d1dfa3a7-c756-4f02-9de3-d922369686c4,31.71388,-72.0011,3.90577,4.1408,-1.54664,-14.78658,-0.28258,2.26982,-0.62904,NA,4.50813,-100.04092,NA,NA,NA,NA,NA,NA,NA,1.34198,-31.41555,NA,NA,NA,NA,NA,NA,NA,0.50009,-25.99155,NA,NA,NA,NA,NA,NA,NA,NA,NA,NA,NA,NA,NA,NA,NA,NA,NA,NA,NA,NA,NA,NA,NA,NA,NA,NA,NA,NA,NA,High,Medium,Medium,Estimated,Estimated,NA,NA,NA,NA,NA,NA,NA,NA,NA,NA,NA,NA,NA,NA,NA,NA,NA,NA,NA,NA,NA,NA,NA,NA,NA,NA,NA,NA,NA,NA,NA,NA,NA,NA,NA,NA,NA,NA,NA,NA,NA,NA,NA,NA,NA,NA,NA,NA,NA,NA,NA,NA,NA,NA,NA
NA,NA,NA,NA,NA,NA,NA,NA,NA,NA,NA,NA,NA,NA,NA,NA,33,2025-10-18,09:08:49,NA,NA,NA,NA,Undefined,GEO_PAT,"Meeks, Gardner",1000324679,Right,GEO_PAT,Undefined,1,Bottom,0,0,0,Undefined,NA,Undefined,Undefined,Undefined,Undefined,0,0,NA,49.61539,-1.811962,-4.617235,1234.52841,NA,NA,4.12351,0.19988,29.07752,NA,NA,NA,0.44346,-1.25969,46.59973,-12.33996,-0.934471,0.431451,NA,NA,NA,NA,NA,NA,NA,NA,NA,NA,NA,-19.83206,6.6678,-1.97954,50,3.83291,8.49162,-75.74309,4.74196,-10.9841,13.25841,-28.48105,GEO_PAT,NA,SpuhlerFieldMain,NA,NA,20251018-SpuhlerFieldMain-BP-1,96f448b0-ac23-11f0-81f2-195cbb24ffac,87.36196,NA,NA,3.01565,NA,NA,NA,NA,NA,NA,de988b4a-7493-4841-bf63-462d2c1b23e8,2025-10-18,13:08:49,2025-10-18T13:08:49Z,2025-10-18T13:08:49Z,NA,v3,471300,NA,NA,NA,NA,Undefined,GEO_PAT,11267c84-63ea-466f-8ecb-710457172b54,31.42967,-72.41954,6.6292,4.12676,-2.39753,-14.24053,-0.19601,5.73818,-5.49205,NA,NA,NA,NA,NA,NA,NA,NA,NA,NA,NA,NA,NA,NA,NA,NA,NA,NA,NA,NA,NA,NA,NA,NA,NA,NA,NA,NA,NA,NA,NA,NA,NA,NA,NA,NA,NA,NA,NA,NA,NA,NA,NA,NA,NA,NA,NA,NA,NA,NA,Low,Low,Low,NA,NA,NA,NA,NA,NA,NA,NA,NA,NA,NA,NA,NA,NA,NA,NA,NA,NA,NA,NA,NA,NA,NA,NA,NA,NA,NA,NA,NA,NA,NA,NA,NA,NA,NA,NA,NA,NA,NA,NA,NA,NA,NA,NA,NA,NA,NA,NA,NA,NA,NA,NA,NA,NA,NA,NA,NA
NA,NA,NA,NA,NA,NA,NA,NA,NA,NA,NA,NA,NA,NA,NA,NA,34,2025-10-18,09:09:08,NA,NA,NA,NA,Undefined,GEO_PAT,"Meeks, Gardner",1000324679,Right,GEO_PAT,Undefined,1,Bottom,0,0,0,Undefined,Curveball,Undefined,Undefined,Undefined,Undefined,0,0,NA,49.78376,0.173469,-2.07473,1933.855418,234.995854,01:45:00,4.17809,0.35642,28.97131,-30.45254,4.43315,5.31158,1.73163,-0.29216,47.60965,-9.595282,-0.388893,0.425104,86.24896,34.698237,0.146988,3811.332403,109.71732,69.36096,7.88062,290.35068,290.35068,10.637879,5.043285,-8.94441,7.503,-1.16293,50,3.27302,3.87795,-75.3118,7.11448,-5.10577,9.66761,-27.89108,GEO_PAT,NA,SpuhlerFieldMain,NA,NA,20251018-SpuhlerFieldMain-BP-1,a1e04df0-ac23-11f0-81f2-195cbb24ffac,88.66641,85.61739,NA,2.17412,NA,NA,NA,1.0285,1.66553,0.29472,de988b4a-7493-4841-bf63-462d2c1b23e8,2025-10-18,13:09:08,2025-10-18T13:09:08Z,2025-10-18T13:09:08Z,FlyBall,v3,471300,NA,NA,NA,NA,Undefined,GEO_PAT,c9ac8d99-160e-4b9d-9059-d1c8a5322b1a,31.53635,-72.90314,4.83381,4.17991,0.1655,-13.94554,-0.35522,2.60586,-2.55289,200.970233,1.03052,103.96097,-22.57311,5.35001,-1.03574,0.18249,-0.02987,0.00353,-1.9e-4,1.66634,71.98863,-16.63537,0.31819,0.32047,-0.1926,0.05301,-0.00705,3.6e-4,0.29403,0.28225,5.65606,-1.56542,0.32958,-0.0567,0.00783,-7.7e-4,4e-5,NA,NA,NA,NA,NA,NA,NA,NA,NA,NA,NA,NA,NA,NA,NA,NA,NA,NA,NA,NA,NA,NA,High,High,High,Medium,High,NA,NA,NA,NA,NA,NA,NA,NA,NA,NA,NA,NA,NA,NA,NA,NA,NA,NA,NA,NA,NA,NA,NA,NA,NA,NA,NA,NA,NA,NA,NA,NA,NA,NA,NA,NA,NA,NA,NA,NA,NA,NA,NA,NA,NA,NA,NA,NA,NA,NA,NA,NA,NA,NA,NA
NA,NA,NA,NA,NA,NA,NA,NA,NA,NA,NA,NA,NA,NA,NA,NA,35,2025-10-18,09:09:12,NA,NA,NA,NA,Undefined,GEO_PAT,"Meeks, Gardner",1000324679,Right,GEO_PAT,Undefined,1,Bottom,0,0,0,Undefined,NA,Undefined,Undefined,Undefined,Undefined,0,0,NA,50.60827,-1.646996,-4.469018,1071.045744,NA,NA,4.24396,0.25562,28.64687,NA,NA,NA,1.13419,-0.75186,45.92377,-10.342649,0.689179,0.435037,99.73476,13.353622,-9.712068,5584.240548,108.57325,20.87038,-17.65892,298.25007,298.25007,-9.2287,2.850049,-26.82214,16.45875,-2.01029,50,4.11069,9.17724,-78.05325,3.29939,-15.10596,17.72889,-22.90465,GEO_PAT,NA,SpuhlerFieldMain,NA,NA,20251018-SpuhlerFieldMain-BP-1,a46c5000-ac23-11f0-81f2-195cbb24ffac,86.64197,24.15742,NA,4.68451,NA,NA,NA,0.93174,0.97787,0.6106,de988b4a-7493-4841-bf63-462d2c1b23e8,2025-10-18,13:09:12,2025-10-18T13:09:12Z,2025-10-18T13:09:12Z,LineDrive,v3,471300,NA,NA,NA,NA,Undefined,GEO_PAT,fded3ccf-2a07-4cf7-9d03-eac317c40bb6,31.85802,-73.81758,8.86444,4.24526,-2.17283,-11.45232,-0.24884,5.56822,-7.55298,181.176603,0.93175,140.28245,-21.18908,4.56529,-0.95731,0.19063,-0.0331,0.00404,-2.4e-4,0.97786,33.78436,-12.58278,0.16053,0.04812,-0.02134,0.00547,-6.7e-4,4e-5,0.61059,-24.00935,3.80354,-0.7289,0.13666,-0.0246,0.0041,-4.9e-4,3e-5,NA,NA,NA,NA,NA,NA,NA,NA,NA,NA,NA,NA,NA,NA,NA,NA,NA,NA,NA,NA,NA,NA,Low,Low,Low,High,High,NA,NA,NA,NA,NA,NA,NA,NA,NA,NA,NA,NA,NA,NA,NA,NA,NA,NA,NA,NA,NA,NA,NA,NA,NA,NA,NA,NA,NA,NA,NA,NA,NA,NA,NA,NA,NA,NA,NA,NA,NA,NA,NA,NA,NA,NA,NA,NA,NA,NA,NA,NA,NA,NA,NA
NA,NA,NA,NA,NA,NA,NA,NA,NA,NA,NA,NA,NA,NA,NA,NA,36,2025-10-18,09:09:16,NA,NA,NA,NA,Undefined,GEO_PAT,"Meeks, Gardner",1000324679,Right,GEO_PAT,Undefined,1,Bottom,0,0,0,Undefined,Curveball,Undefined,Undefined,Undefined,Undefined,0,0,NA,49.2395,-0.876686,-2.581321,2060.868144,240.523088,02:00:00,4.19401,0.56424,28.80761,-32.71061,3.09705,4.34154,1.00422,-0.43933,47.67788,-11.225245,-1.208688,0.430685,97.55296,19.713933,-9.150416,1344.36599,108.81426,34.729730000000004,-16.10731,353.81747,353.81747,-7.180665,4.027309,-7.4528,5.61114,-1.50198,50,3.57824,4.27349,-74.15445,6.10046,-4.18072,8.24984,-29.02641,GEO_PAT,NA,SpuhlerFieldMain,NA,NA,20251018-SpuhlerFieldMain-BP-1,a6eeb520-ac23-11f0-81f2-195cbb24ffac,87.51746,47.20047,NA,1.56162,NA,NA,NA,0.70504,0.92832,0.46289,de988b4a-7493-4841-bf63-462d2c1b23e8,2025-10-18,13:09:16,2025-10-18T13:09:16Z,2025-10-18T13:09:16Z,LineDrive,v3,471300,NA,NA,NA,NA,Undefined,GEO_PAT,ee0b53c7-5096-49b1-8597-a1d57ae48fc1,31.70061,-72.08986,4.12492,4.19597,-1.16363,-14.51321,-0.56342,3.22723,-2.09036,185.619821,0.70483,132.9817,-21.87253,4.86889,-1.04079,0.20593,-0.0322,0.00303,-1.1e-4,0.92849,48.26062,-13.05293,0.21031,0.02624,-1e-5,-0.00553,0.00189,-1.9e-4,0.46296,-21.42134,4.60743,-0.91259,0.18102,-0.03605,0.00606,-5.9e-4,2e-5,NA,NA,NA,NA,NA,NA,NA,NA,NA,NA,NA,NA,NA,NA,NA,NA,NA,NA,NA,NA,NA,NA,High,High,High,High,High,NA,NA,NA,NA,NA,NA,NA,NA,NA,NA,NA,NA,NA,NA,NA,NA,NA,NA,NA,NA,NA,NA,NA,NA,NA,NA,NA,NA,NA,NA,NA,NA,NA,NA,NA,NA,NA,NA,NA,NA,NA,NA,NA,NA,NA,NA,NA,NA,NA,NA,NA,NA,NA,NA,NA
NA,NA,NA,NA,NA,NA,NA,NA,NA,NA,NA,NA,NA,NA,NA,NA,37,2025-10-18,09:10:32,NA,NA,NA,NA,Undefined,GEO_PAT,"Meeks, Gardner",1000324679,Right,GEO_PAT,Undefined,1,Bottom,0,0,0,Undefined,Changeup,Undefined,Undefined,Undefined,Undefined,0,0,NA,47.0925,-0.975867,-4.496928,1193.069195,255.283518,02:30:00,4.21784,0.53877,29.02201,-36.85415,2.22075,5.33957,0.63286,-1.38129,45.41425,-12.690617,-2.801867,0.449904,NA,NA,NA,NA,NA,NA,NA,NA,NA,NA,NA,-9.85804,4.26725,-2.13851,50,3.49641,6.71234,-71.14092,6.70286,-5.0092,8.80805,-30.00573,GEO_PAT,NA,SpuhlerFieldMain,NA,NA,20251018-SpuhlerFieldMain-BP-1,d3e0e710-ac23-11f0-81f2-195cbb24ffac,83.77877,NA,NA,1.67826,NA,NA,NA,NA,NA,NA,de988b4a-7493-4841-bf63-462d2c1b23e8,2025-10-18,13:10:32,2025-10-18T13:10:32Z,2025-10-18T13:10:32Z,NA,v3,471300,NA,NA,NA,NA,Undefined,GEO_PAT,2e9426c3-6061-4562-88ff-8a47d597a1de,31.48667,-68.8106,4.40403,4.21963,-1.23569,-15.00286,-0.53795,5.38707,-2.5046,NA,NA,NA,NA,NA,NA,NA,NA,NA,NA,NA,NA,NA,NA,NA,NA,NA,NA,NA,NA,NA,NA,NA,NA,NA,NA,NA,NA,NA,NA,NA,NA,NA,NA,NA,NA,NA,NA,NA,NA,NA,NA,NA,NA,NA,NA,NA,NA,NA,NA,High,High,High,NA,NA,NA,NA,NA,NA,NA,NA,NA,NA,NA,NA,NA,NA,NA,NA,NA,NA,NA,NA,NA,NA,NA,NA,NA,NA,NA,NA,NA,NA,NA,NA,NA,NA,NA,NA,NA,NA,NA,NA,NA,NA,NA,NA,NA,NA,NA,NA,NA,NA,NA,NA,NA,NA,NA,NA,NA
NA,NA,NA,NA,NA,NA,NA,NA,NA,NA,NA,NA,NA,NA,NA,NA,38,2025-10-18,09:10:41,NA,NA,NA,NA,Undefined,GEO_PAT,"Meeks, Gardner",1000324679,Right,GEO_PAT,Undefined,1,Bottom,0,0,0,Undefined,NA,Undefined,Undefined,Undefined,Undefined,0,0,NA,49.608,-4.276611,-5.327168,1076.55032,NA,NA,5.20512,0.68564,28.57533,NA,NA,NA,1.13788,-1.28155,45.2943,-11.196081,-2.044307,0.445331,87.11193,6.625078,21.467608,2339.159596,NA,NA,NA,80.00303,80.00303,23.307994,0.674115,-18.46379,28.5523,-2.59136,50,6.01942,9.0378,-75.98808,-1.29148,-9.95077,16.05369,-16.78624,GEO_PAT,NA,SpuhlerFieldMain,NA,NA,20251018-SpuhlerFieldMain-BP-1,d942c570-ac23-11f0-81f2-195cbb24ffac,84.63913,3.39759,NA,4.31369,NA,NA,NA,2.39146,1.34606,1.00181,de988b4a-7493-4841-bf63-462d2c1b23e8,2025-10-18,13:10:41,2025-10-18T13:10:41Z,2025-10-18T13:10:41Z,GroundBall,v3,471300,NA,NA,NA,NA,Undefined,GEO_PAT,92ab2fab-2931-4e15-99d4-ece1e4c26886,31.92894,-72.06923,8.02685,5.20402,-5.38915,-8.39312,-0.68163,6.60873,-4.97539,NA,2.42858,117.35911,-17.82936,NA,NA,NA,NA,NA,NA,1.40021,13.64602,-23.43323,NA,NA,NA,NA,NA,NA,0.99161,46.65567,-1.71377,NA,NA,NA,NA,NA,NA,NA,NA,NA,NA,NA,NA,NA,NA,NA,NA,NA,NA,NA,NA,NA,NA,NA,NA,NA,NA,NA,NA,Low,Low,Low,High,High,NA,NA,NA,NA,NA,NA,NA,NA,NA,NA,NA,NA,NA,NA,NA,NA,NA,NA,NA,NA,NA,NA,NA,NA,NA,NA,NA,NA,NA,NA,NA,NA,NA,NA,NA,NA,NA,NA,NA,NA,NA,NA,NA,NA,NA,NA,NA,NA,NA,NA,NA,NA,NA,NA,NA
NA,NA,NA,NA,NA,NA,NA,NA,NA,NA,NA,NA,NA,NA,NA,NA,39,2025-10-18,09:10:45,NA,NA,NA,NA,Undefined,GEO_PAT,"Meeks, Gardner",1000324679,Right,GEO_PAT,Undefined,1,Bottom,0,0,0,Undefined,Changeup,Undefined,Undefined,Undefined,Undefined,0,0,NA,48.88274,-0.829213,-3.737575,1214.868384,228.216393,01:30:00,4.27516,0.47556,28.73128,-30.95939,5.93429,5.76863,1.25484,-1.02713,46.84295,-10.648209,-1.923917,0.437166,81.46761,20.501172,3.64679,2675.746043,109.87754,29.13752,5.1803,258.03249,258.03249,0.33247,3.078629,-10.07615,9.98012,-1.81163,50,3.7075,6.0228,-73.80713,5.61786,-5.52285,9.30561,-26.70383,GEO_PAT,NA,SpuhlerFieldMain,NA,NA,20251018-SpuhlerFieldMain-BP-1,dbeb7740-ac23-11f0-81f2-195cbb24ffac,86.21978,31.08853,NA,2.0398,NA,NA,NA,3.26911,1.59292,0.96309,de988b4a-7493-4841-bf63-462d2c1b23e8,2025-10-18,13:10:45,2025-10-18T13:10:45Z,2025-10-18T13:10:45Z,LineDrive,v3,471300,NA,NA,NA,NA,Undefined,GEO_PAT,d185ecae-ca88-4b98-91a3-aeb2d84d10a9,31.77656,-71.47259,4.65281,4.27653,-1.08143,-13.35191,-0.47447,4.63726,-2.76143,152.62916,3.26887,111.70004,-14.19205,2.63214,-0.66262,0.20441,-0.05517,0.00859,-4.9e-4,1.59304,41.84251,-16.12673,1.07046,-0.12885,-0.00384,0.00731,-5.8e-4,-1e-4,0.9631,7.11843,-3.60705,0.71552,-0.14448,0.02702,-0.00469,7.4e-4,-6e-5,NA,NA,NA,NA,NA,NA,NA,NA,NA,NA,NA,NA,NA,NA,NA,NA,NA,NA,NA,NA,NA,NA,High,High,High,Medium,High,NA,NA,NA,NA,NA,NA,NA,NA,NA,NA,NA,NA,NA,NA,NA,NA,NA,NA,NA,NA,NA,NA,NA,NA,NA,NA,NA,NA,NA,NA,NA,NA,NA,NA,NA,NA,NA,NA,NA,NA,NA,NA,NA,NA,NA,NA,NA,NA,NA,NA,NA,NA,NA,NA,NA
NA,NA,NA,NA,NA,NA,NA,NA,NA,NA,NA,NA,NA,NA,NA,NA,40,2025-10-18,09:10:50,NA,NA,NA,NA,Undefined,GEO_PAT,"Meeks, Gardner",1000324679,Right,GEO_PAT,Undefined,1,Bottom,0,0,0,Undefined,NA,Undefined,Undefined,Undefined,Undefined,0,0,NA,49.58847,-3.273329,-5.118496,1121.411788,NA,NA,4.60506,0.51984,28.67512,NA,NA,NA,1.13966,-1.41465,45.12924,-10.04009,-2.156609,0.443655,89.46984,2.616083,8.590359,1690.679302,NA,NA,NA,50.31051,50.31051,9.886852,0.389,-16.79088,28.72545,-2.34535,50,5.10958,8.57334,-76.10024,-0.02013,-9.06366,16.2073,-16.66814,GEO_PAT,NA,SpuhlerFieldMain,NA,NA,20251018-SpuhlerFieldMain-BP-1,df11e490-ac23-11f0-81f2-195cbb24ffac,84.95883,1.51266,NA,4.45923,NA,NA,NA,1.95983,1.1375,1.08735,de988b4a-7493-4841-bf63-462d2c1b23e8,2025-10-18,13:10:50,2025-10-18T13:10:50Z,2025-10-18T13:10:50Z,GroundBall,v3,471300,NA,NA,NA,NA,Undefined,GEO_PAT,58b249bf-48a7-4216-be09-c5c07818a18a,31.82824,-72.12639,8.10365,4.60362,-4.10697,-8.33407,-0.51571,6.35103,-4.53183,340.07405,1.967,129.36812,-18.07214,NA,NA,NA,NA,NA,NA,1.14655,5.67801,-22.23037,NA,NA,NA,NA,NA,NA,1.08662,19.60523,-0.48844,NA,NA,NA,NA,NA,NA,NA,NA,NA,NA,NA,NA,NA,NA,NA,NA,NA,NA,NA,NA,NA,NA,NA,NA,NA,NA,NA,NA,Low,Low,Low,High,High,NA,NA,NA,NA,NA,NA,NA,NA,NA,NA,NA,NA,NA,NA,NA,NA,NA,NA,NA,NA,NA,NA,NA,NA,NA,NA,NA,NA,NA,NA,NA,NA,NA,NA,NA,NA,NA,NA,NA,NA,NA,NA,NA,NA,NA,NA,NA,NA,NA,NA,NA,NA,NA,NA,NA
NA,NA,NA,NA,NA,NA,NA,NA,NA,NA,NA,NA,NA,NA,NA,NA,41,2025-10-18,09:10:55,NA,NA,NA,NA,Undefined,GEO_PAT,"Meeks, Gardner",1000324679,Right,GEO_PAT,Undefined,1,Bottom,0,0,0,Undefined,NA,Undefined,Undefined,Undefined,Undefined,0,0,NA,49.703,-3.038554,-4.469082,1063.88572,NA,NA,4.79353,0.45204,28.65775,NA,NA,NA,1.58063,-1.37599,45.15631,-9.343,-2.40438,0.442643,93.66548,17.093631,6.809998,6233.137245,108.76316,22.53029,16.4491,245.99805,245.99805,9.418257,2.33855,-12.21339,30.5812,-2.00903,50,5.25594,7.20039,-76.39474,-0.00235,-6.63117,16.48451,-15.57023,GEO_PAT,NA,SpuhlerFieldMain,NA,NA,20251018-SpuhlerFieldMain-BP-1,e1966c90-ac23-11f0-81f2-195cbb24ffac,85.15321,23.1968,NA,4.54669,NA,NA,NA,2.35205,1.73277,1.33619,de988b4a-7493-4841-bf63-462d2c1b23e8,2025-10-18,13:10:55,2025-10-18T13:10:55Z,2025-10-18T13:10:55Z,LineDrive,v3,471300,NA,NA,NA,NA,Undefined,GEO_PAT,96543f08-0468-4c48-aa10-d6834c42a130,31.84551,-72.3714,8.24226,4.79161,-3.80254,-7.78512,-0.44916,5.58194,-3.31558,262.490908,2.35205,130.38107,-16.67779,3.19117,-0.67537,0.12902,-0.02632,0.00416,-3.2e-4,1.73277,40.37939,-20.70948,1.91144,-0.36161,0.06563,-0.00912,0.00118,-1e-4,1.33619,15.56989,2.13476,-1.30307,0.4182,-0.1142,0.02675,-0.00448,3.5e-4,NA,NA,NA,NA,NA,NA,NA,NA,NA,NA,NA,NA,NA,NA,NA,NA,NA,NA,NA,NA,NA,NA,Low,Low,Low,High,High,NA,NA,NA,NA,NA,NA,NA,NA,NA,NA,NA,NA,NA,NA,NA,NA,NA,NA,NA,NA,NA,NA,NA,NA,NA,NA,NA,NA,NA,NA,NA,NA,NA,NA,NA,NA,NA,NA,NA,NA,NA,NA,NA,NA,NA,NA,NA,NA,NA,NA,NA,NA,NA,NA,NA
NA,NA,NA,NA,NA,NA,NA,NA,NA,NA,NA,NA,NA,NA,NA,NA,42,2025-10-18,09:11:06,NA,NA,NA,NA,Undefined,GEO_PAT,"Meeks, Gardner",1000324679,Right,GEO_PAT,Undefined,1,Bottom,0,0,0,Undefined,NA,Undefined,Undefined,Undefined,Undefined,0,0,NA,48.4042,-1.215112,-5.87486,1156.040115,NA,NA,4.57066,0.6621,28.85985,NA,NA,NA,1.88015,-1.41519,43.91105,-9.304223,-1.983442,0.451862,NA,NA,NA,NA,NA,NA,NA,NA,NA,NA,NA,-21.81222,24.18576,-2.81869,50,4.31589,9.95112,-74.40918,3.50439,-11.22438,15.71066,-19.72826,GEO_PAT,NA,SpuhlerFieldMain,NA,NA,20251018-SpuhlerFieldMain-BP-1,e83cfff0-ac23-11f0-81f2-195cbb24ffac,83.41578,NA,NA,4.49315,NA,NA,NA,NA,NA,NA,de988b4a-7493-4841-bf63-462d2c1b23e8,2025-10-18,13:11:06,2025-10-18T13:11:06Z,2025-10-18T13:11:06Z,NA,v3,471300,NA,NA,NA,NA,Undefined,GEO_PAT,90f8b005-8a6e-4bf2-8d5a-12224319fc6f,31.64411,-70.42698,7.85533,4.5704,-1.49616,-9.86413,-0.65694,7.10606,-5.61219,NA,NA,NA,NA,NA,NA,NA,NA,NA,NA,NA,NA,NA,NA,NA,NA,NA,NA,NA,NA,NA,NA,NA,NA,NA,NA,NA,NA,NA,NA,NA,NA,NA,NA,NA,NA,NA,NA,NA,NA,NA,NA,NA,NA,NA,NA,NA,NA,NA,NA,Low,Low,Low,NA,NA,NA,NA,NA,NA,NA,NA,NA,NA,NA,NA,NA,NA,NA,NA,NA,NA,NA,NA,NA,NA,NA,NA,NA,NA,NA,NA,NA,NA,NA,NA,NA,NA,NA,NA,NA,NA,NA,NA,NA,NA,NA,NA,NA,NA,NA,NA,NA,NA,NA,NA,NA,NA,NA,NA,NA
NA,NA,NA,NA,NA,NA,NA,NA,NA,NA,NA,NA,NA,NA,NA,NA,43,2025-10-18,09:11:14,NA,NA,NA,NA,Undefined,GEO_PAT,"Meeks, Gardner",1000324679,Right,GEO_PAT,Undefined,1,Bottom,0,0,0,Undefined,Curveball,Undefined,Undefined,Undefined,Undefined,0,0,NA,49.08875,-0.369968,-2.756939,1054.290671,190.246316,12:15:00,4.23411,0.50832,28.76991,-31.25982,5.41575,0.82772,1.43309,-0.88291,46.73133,-10.330569,-2.496199,0.435873,84.29277,-2.106214,10.962407,1571.894394,NA,NA,NA,22.31965,22.31965,12.55978,0.174817,-2.19406,9.11024,-1.40812,50,3.51856,3.75551,-74.4411,6.26273,-1.20881,10.44871,-27.15478,GEO_PAT,NA,SpuhlerFieldMain,NA,NA,20251018-SpuhlerFieldMain-BP-1,ed0e5e20-ac23-11f0-81f2-195cbb24ffac,86.47576,1.45103,NA,2.35742,NA,NA,NA,1.12383,1.45103,0.76594,de988b4a-7493-4841-bf63-462d2c1b23e8,2025-10-18,13:11:14,2025-10-18T13:11:14Z,2025-10-18T13:11:14Z,GroundBall,v3,471300,NA,NA,NA,NA,Undefined,GEO_PAT,03b094a5-7cad-418f-9a15-d44597460d00,31.73731,-71.83198,5.22435,4.23581,-0.51801,-13.57739,-0.50803,3.45366,-0.60441,336.189036,1.12443,121.24627,-17.51942,NA,NA,NA,NA,NA,NA,1.45177,-4.59942,-21.21791,NA,NA,NA,NA,NA,NA,0.76588,23.49907,-0.66309,NA,NA,NA,NA,NA,NA,NA,NA,NA,NA,NA,NA,NA,NA,NA,NA,NA,NA,NA,NA,NA,NA,NA,NA,NA,NA,NA,NA,High,Medium,Medium,Medium,High,NA,NA,NA,NA,NA,NA,NA,NA,NA,NA,NA,NA,NA,NA,NA,NA,NA,NA,NA,NA,NA,NA,NA,NA,NA,NA,NA,NA,NA,NA,NA,NA,NA,NA,NA,NA,NA,NA,NA,NA,NA,NA,NA,NA,NA,NA,NA,NA,NA,NA,NA,NA,NA,NA,NA
NA,NA,NA,NA,NA,NA,NA,NA,NA,NA,NA,NA,NA,NA,NA,NA,44,2025-10-18,09:11:18,NA,NA,NA,NA,Undefined,GEO_PAT,"Meeks, Gardner",1000324679,Right,GEO_PAT,Undefined,1,Bottom,0,0,0,Undefined,Changeup,Undefined,Undefined,Undefined,Undefined,0,0,NA,49.12455,-0.055817,-2.655497,1138.954088,246.532677,02:15:00,4.16588,0.4268,28.7599,-32.54061,3.66252,6.84685,1.42458,-0.40949,47.27127,-10.380485,-0.4939,0.433057,78.40839,25.530815,-15.977902,3199.308041,102.45038,37.12228,-40.04858,237.89159,235.18087,-27.815377,3.258237,-11.46209,6.14689,-1.45135,50,3.29869,4.90103,-74.12308,7.06811,-6.38419,8.76495,-28.75032,GEO_PAT,NA,SpuhlerFieldMain,NA,NA,20251018-SpuhlerFieldMain-BP-1,ef74fde0-ac23-11f0-81f2-195cbb24ffac,87.03814,38.44631,NA,1.85328,NA,NA,NA,1.30261,1.43069,0.40512,de988b4a-7493-4841-bf63-462d2c1b23e8,2025-10-18,13:11:18,2025-10-18T13:11:18Z,2025-10-18T13:11:18Z,LineDrive,v3,471300,NA,NA,NA,NA,Undefined,GEO_PAT,1abf996e-0be7-4a3e-8015-f94933270b96,31.74869,-71.93252,4.38248,4.16728,-0.11725,-14.37516,-0.42586,3.30547,-3.19209,126.699548,1.30239,99.76798,-19.42652,4.61502,-1.07835,0.25667,-0.05726,0.00834,-4.8e-4,1.43078,49.56157,-17.7747,0.78391,0.03571,-0.03251,0.00306,0.00192,-3.6e-4,0.40513,-28.56475,-5.08694,2.23559,-0.67699,0.15752,-0.02791,0.00307,-1.4e-4,NA,NA,NA,NA,NA,NA,NA,NA,NA,NA,NA,NA,NA,NA,NA,NA,NA,NA,NA,NA,NA,NA,High,High,High,High,High,NA,NA,NA,NA,NA,NA,NA,NA,NA,NA,NA,NA,NA,NA,NA,NA,NA,NA,NA,NA,NA,NA,NA,NA,NA,NA,NA,NA,NA,NA,NA,NA,NA,NA,NA,NA,NA,NA,NA,NA,NA,NA,NA,NA,NA,NA,NA,NA,NA,NA,NA,NA,NA,NA,NA
NA,NA,NA,NA,NA,NA,NA,NA,NA,NA,NA,NA,NA,NA,NA,NA,45,2025-10-18,09:11:24,NA,NA,NA,NA,Undefined,GEO_PAT,"Meeks, Gardner",1000324679,Right,GEO_PAT,Undefined,1,Bottom,0,0,0,Undefined,NA,Undefined,Undefined,Undefined,Undefined,0,0,NA,50.21956,-3.66563,-4.435143,1161.405388,NA,NA,4.64598,0.30388,28.80353,NA,NA,NA,1.18031,-1.48113,45.69913,-9.700711,-2.30899,0.435956,NA,NA,NA,NA,NA,NA,NA,NA,NA,NA,NA,-12.48024,30.73927,-1.86789,50,5.32604,7.27485,-77.13997,-0.95685,-6.92109,16.6655,-15.12717,GEO_PAT,NA,SpuhlerFieldMain,NA,NA,20251018-SpuhlerFieldMain-BP-1,f3423280-ac23-11f0-81f2-195cbb24ffac,86.45932,NA,NA,4.52043,NA,NA,NA,NA,NA,NA,de988b4a-7493-4841-bf63-462d2c1b23e8,2025-10-18,13:11:24,2025-10-18T13:11:24Z,2025-10-18T13:11:24Z,NA,v3,471300,NA,NA,NA,NA,Undefined,GEO_PAT,a704a4ff-0f00-4394-9e10-ec8fe7314f26,31.69959,-73.07944,8.33275,4.64389,-4.64257,-7.56358,-0.30081,5.58853,-3.46054,NA,NA,NA,NA,NA,NA,NA,NA,NA,NA,NA,NA,NA,NA,NA,NA,NA,NA,NA,NA,NA,NA,NA,NA,NA,NA,NA,NA,NA,NA,NA,NA,NA,NA,NA,NA,NA,NA,NA,NA,NA,NA,NA,NA,NA,NA,NA,NA,NA,NA,Low,Low,Low,NA,NA,NA,NA,NA,NA,NA,NA,NA,NA,NA,NA,NA,NA,NA,NA,NA,NA,NA,NA,NA,NA,NA,NA,NA,NA,NA,NA,NA,NA,NA,NA,NA,NA,NA,NA,NA,NA,NA,NA,NA,NA,NA,NA,NA,NA,NA,NA,NA,NA,NA,NA,NA,NA,NA,NA,NA
NA,NA,NA,NA,NA,NA,NA,NA,NA,NA,NA,NA,NA,NA,NA,NA,46,2025-10-18,09:11:29,NA,NA,NA,NA,Undefined,GEO_PAT,"Meeks, Gardner",1000324679,Right,GEO_PAT,Undefined,1,Bottom,0,0,0,Undefined,Changeup,Undefined,Undefined,Undefined,Undefined,0,0,NA,49.35896,-0.268997,-3.178534,1081.980058,221.132007,01:15:00,4.22188,0.66271,28.74313,-31.50785,4.84772,3.50721,1.45351,-0.73044,46.96018,-10.300923,-2.074988,0.433967,79.95905,24.300519,-2.90105,2472.029576,109.4066,36.34772,-11.40961,242.38101,242.38101,-10.795002,3.283034,-6.47477,8.16083,-1.7619,50,3.47145,4.8816,-74.82169,6.45913,-3.60472,10.53545,-27.63064,GEO_PAT,NA,SpuhlerFieldMain,NA,NA,20251018-SpuhlerFieldMain-BP-1,f5fbd440-ac23-11f0-81f2-195cbb24ffac,86.85551,38.20634,NA,2.39879,NA,NA,NA,1.29254,1.4763,0.75782,de988b4a-7493-4841-bf63-462d2c1b23e8,2025-10-18,13:11:29,2025-10-18T13:11:29Z,2025-10-18T13:11:29Z,LineDrive,v3,471300,NA,NA,NA,NA,Undefined,GEO_PAT,decb34e0-f472-40fc-8857-4f430744c953,31.76437,-72.20834,5.26772,4.2236,-0.39474,-13.81532,-0.6619,3.98744,-1.80236,141.032797,1.29255,106.74493,-18.73646,4.23835,-0.86875,0.15662,-0.02054,0.00119,3e-5,1.4764,48.25776,-17.20648,1.07852,-0.17589,0.05264,-0.02299,0.00578,-5.3e-4,0.75778,-5.40821,-4.9967,1.28152,-0.29863,0.05967,-0.0075,2.3e-4,4e-5,NA,NA,NA,NA,NA,NA,NA,NA,NA,NA,NA,NA,NA,NA,NA,NA,NA,NA,NA,NA,NA,NA,High,High,High,High,High,NA,NA,NA,NA,NA,NA,NA,NA,NA,NA,NA,NA,NA,NA,NA,NA,NA,NA,NA,NA,NA,NA,NA,NA,NA,NA,NA,NA,NA,NA,NA,NA,NA,NA,NA,NA,NA,NA,NA,NA,NA,NA,NA,NA,NA,NA,NA,NA,NA,NA,NA,NA,NA,NA,NA
NA,NA,NA,NA,NA,NA,NA,NA,NA,NA,NA,NA,NA,NA,NA,NA,47,2025-10-18,09:11:42,NA,NA,NA,NA,Undefined,GEO_PAT,"Meeks, Gardner",1000324679,Right,GEO_PAT,Undefined,1,Bottom,0,0,0,Undefined,NA,Undefined,Undefined,Undefined,Undefined,0,0,NA,49.08708,-1.32405,-5.177404,1020.706707,NA,NA,4.17818,0.58305,28.61056,NA,NA,NA,1.39643,-1.04588,44.49616,-9.456079,-0.936257,0.449108,NA,NA,NA,NA,NA,NA,NA,NA,NA,NA,NA,-23.14194,22.64773,-2.51054,50,3.97533,9.35637,-75.57159,3.30868,-12.24753,16.4322,-20.18808,GEO_PAT,NA,SpuhlerFieldMain,NA,NA,20251018-SpuhlerFieldMain-BP-1,fda02890-ac23-11f0-81f2-195cbb24ffac,83.92728,NA,NA,4.59092,NA,NA,NA,NA,NA,NA,de988b4a-7493-4841-bf63-462d2c1b23e8,2025-10-18,13:11:42,2025-10-18T13:11:42Z,2025-10-18T13:11:42Z,NA,v3,471300,NA,NA,NA,NA,Undefined,GEO_PAT,e061d3e0-b991-4577-bbba-8940b9e44c0c,31.89444,-71.52648,8.2161,4.17814,-1.66102,-10.09404,-0.57838,6.3414,-6.12376,NA,NA,NA,NA,NA,NA,NA,NA,NA,NA,NA,NA,NA,NA,NA,NA,NA,NA,NA,NA,NA,NA,NA,NA,NA,NA,NA,NA,NA,NA,NA,NA,NA,NA,NA,NA,NA,NA,NA,NA,NA,NA,NA,NA,NA,NA,NA,NA,NA,NA,Low,Low,Low,NA,NA,NA,NA,NA,NA,NA,NA,NA,NA,NA,NA,NA,NA,NA,NA,NA,NA,NA,NA,NA,NA,NA,NA,NA,NA,NA,NA,NA,NA,NA,NA,NA,NA,NA,NA,NA,NA,NA,NA,NA,NA,NA,NA,NA,NA,NA,NA,NA,NA,NA,NA,NA,NA,NA,NA,NA
NA,NA,NA,NA,NA,NA,NA,NA,NA,NA,NA,NA,NA,NA,NA,NA,48,2025-10-18,09:11:50,NA,NA,NA,NA,Undefined,GEO_PAT,"Meeks, Gardner",1000324679,Right,GEO_PAT,Undefined,1,Bottom,0,0,0,Undefined,NA,Undefined,Undefined,Undefined,Undefined,0,0,NA,50.98458,-2.719057,-4.386983,1287.298706,NA,NA,4.53477,0.57321,28.66845,NA,NA,NA,0.92497,-0.39897,46.38919,-11.117613,0.739864,0.431623,NA,NA,NA,NA,NA,NA,NA,NA,NA,NA,NA,-26.77486,17.45462,-2.30913,50,4.75933,9.15002,-78.59462,1.6957,-15.29607,17.9385,-22.20248,GEO_PAT,NA,SpuhlerFieldMain,NA,NA,20251018-SpuhlerFieldMain-BP-1,02a80010-ac24-11f0-81f2-195cbb24ffac,87.32731,NA,NA,4.59539,NA,NA,NA,NA,NA,NA,de988b4a-7493-4841-bf63-462d2c1b23e8,2025-10-18,13:11:50,2025-10-18T13:11:50Z,2025-10-18T13:11:50Z,NA,v3,471300,NA,NA,NA,NA,Undefined,GEO_PAT,a55c15a2-0970-482b-a675-7ccf813e02c4,31.83697,-74.33356,8.96925,4.53575,-3.5782,-11.10124,-0.56719,5.51664,-7.64804,NA,NA,NA,NA,NA,NA,NA,NA,NA,NA,NA,NA,NA,NA,NA,NA,NA,NA,NA,NA,NA,NA,NA,NA,NA,NA,NA,NA,NA,NA,NA,NA,NA,NA,NA,NA,NA,NA,NA,NA,NA,NA,NA,NA,NA,NA,NA,NA,NA,NA,Low,Low,Low,NA,NA,NA,NA,NA,NA,NA,NA,NA,NA,NA,NA,NA,NA,NA,NA,NA,NA,NA,NA,NA,NA,NA,NA,NA,NA,NA,NA,NA,NA,NA,NA,NA,NA,NA,NA,NA,NA,NA,NA,NA,NA,NA,NA,NA,NA,NA,NA,NA,NA,NA,NA,NA,NA,NA,NA,NA
NA,NA,NA,NA,NA,NA,NA,NA,NA,NA,NA,NA,NA,NA,NA,NA,49,2025-10-18,09:11:54,NA,NA,NA,NA,Undefined,GEO_PAT,"Meeks, Gardner",1000324679,Right,GEO_PAT,Undefined,1,Bottom,0,0,0,Undefined,NA,Undefined,Undefined,Undefined,Undefined,0,0,NA,50.47795,-3.063298,-4.843592,1221.402658,NA,NA,4.80351,0.48557,28.72821,NA,NA,NA,1.4616,-1.14794,45.87981,-9.813083,-1.311396,0.434905,86.27982,30.229772,5.831978,2345.408042,109.54805,55.29069,9.96073,331.87128,331.87128,2.228279,4.786939,-19.45981,26.59383,-2.26995,50,5.24541,8.72916,-77.59205,0.24841,-10.89792,17.01578,-17.28092,GEO_PAT,NA,SpuhlerFieldMain,NA,NA,20251018-SpuhlerFieldMain-BP-1,052cfd40-ac24-11f0-81f2-195cbb24ffac,86.66822,72.18006,NA,4.59814,NA,NA,NA,2.65209,1.67185,1.1181,de988b4a-7493-4841-bf63-462d2c1b23e8,2025-10-18,13:11:54,2025-10-18T13:11:54Z,2025-10-18T13:11:54Z,FlyBall,v3,471300,NA,NA,NA,NA,Undefined,GEO_PAT,25815559-4fe3-4d61-b2e0-952858a06b94,31.776,-73.48697,8.50789,4.80244,-3.92064,-8.64046,-0.48117,6.10003,-5.44896,169.745281,2.6536,108.73974,-17.60002,3.74745,-0.68099,0.11314,-0.01953,0.00268,-1.6e-4,1.67209,63.69903,-15.69194,0.60733,0.10801,-0.11261,0.03719,-0.0056,3.2e-4,1.11846,11.10269,-3.71695,0.76205,-0.13132,0.02078,-0.00378,5.6e-4,-4e-5,NA,NA,NA,NA,NA,NA,NA,NA,NA,NA,NA,NA,NA,NA,NA,NA,NA,NA,NA,NA,NA,NA,Low,Low,Low,High,Medium,NA,NA,NA,NA,NA,NA,NA,NA,NA,NA,NA,NA,NA,NA,NA,NA,NA,NA,NA,NA,NA,NA,NA,NA,NA,NA,NA,NA,NA,NA,NA,NA,NA,NA,NA,NA,NA,NA,NA,NA,NA,NA,NA,NA,NA,NA,NA,NA,NA,NA,NA,NA,NA,NA,NA
NA,NA,NA,NA,NA,NA,NA,NA,NA,NA,NA,NA,NA,NA,NA,NA,50,2025-10-18,09:12:02,NA,NA,NA,NA,Undefined,GEO_PAT,"Meeks, Gardner",1000324679,Right,GEO_PAT,Undefined,1,Bottom,0,0,0,Undefined,NA,Undefined,Undefined,Undefined,Undefined,0,0,NA,50.62251,-3.594619,-4.342032,1208.06737,NA,NA,4.93824,0.5326,28.50474,NA,NA,NA,1.33305,-0.89071,46.04008,-10.164715,-0.98256,0.436909,92.27115,16.192176,8.204399,1002.005541,109.03757,25.55601,14.51829,297.19693,297.19693,5.835623,3.113769,-18.26253,27.63824,-2.1205,50,5.56379,7.91943,-77.76811,-0.66189,-10.27522,17.0824,-16.62367,GEO_PAT,NA,SpuhlerFieldMain,NA,NA,20251018-SpuhlerFieldMain-BP-1,09973530-ac24-11f0-81f2-195cbb24ffac,86.27074,29.50888,NA,4.58243,NA,NA,NA,2.23021,1.5262,0.66024,de988b4a-7493-4841-bf63-462d2c1b23e8,2025-10-18,13:12:02,2025-10-18T13:12:02Z,2025-10-18T13:12:02Z,LineDrive,v3,471300,NA,NA,NA,NA,Undefined,GEO_PAT,0b86db10-e0ae-4d56-822b-33acae56937e,31.99943,-73.70816,8.5412,4.93698,-4.61282,-8.31184,-0.5285,5.47733,-5.13761,166.174013,2.23023,128.63138,-18.52718,3.93268,-0.77779,0.1386,-0.02011,0.00188,-8e-5,1.52618,37.73899,-13.15374,0.298,-0.00398,-9.5e-4,-9.8e-4,5.8e-4,-7e-5,0.66025,18.54602,-4.73211,0.93554,-0.1713,0.02771,-0.00361,2.7e-4,-0,NA,NA,NA,NA,NA,NA,NA,NA,NA,NA,NA,NA,NA,NA,NA,NA,NA,NA,NA,NA,NA,NA,Low,Low,Low,High,Medium,NA,NA,NA,NA,NA,NA,NA,NA,NA,NA,NA,NA,NA,NA,NA,NA,NA,NA,NA,NA,NA,NA,NA,NA,NA,NA,NA,NA,NA,NA,NA,NA,NA,NA,NA,NA,NA,NA,NA,NA,NA,NA,NA,NA,NA,NA,NA,NA,NA,NA,NA,NA,NA,NA,NA
NA,NA,NA,NA,NA,NA,NA,NA,NA,NA,NA,NA,NA,NA,NA,NA,51,2025-10-18,09:12:06,NA,NA,NA,NA,Undefined,GEO_PAT,"Meeks, Gardner",1000324679,Right,GEO_PAT,Undefined,1,Bottom,0,0,0,Undefined,Curveball,Undefined,Undefined,Undefined,Undefined,0,0,NA,48.59052,1.081903,-2.341522,1912.209159,224.489774,01:30:00,4.24812,0.73216,28.68589,-31.15029,5.96481,5.20055,2.22698,-0.07781,46.64951,-8.819208,-0.70570600000000006,0.438477,83.56416,14.170092,-19.359191,1501.822732,101.80153,19.8656,-41.66982,235.53134,235.53134,-25.732738,2.531294,-8.66945,9.50595,-1.60673,50,3.06543,4.07133,-73.18512,8.10012,-4.72941,8.16502,-26.98832,GEO_PAT,NA,SpuhlerFieldMain,NA,NA,20251018-SpuhlerFieldMain-BP-1,0c2707d0-ac24-11f0-81f2-195cbb24ffac,85.9622,20.22347,NA,1.941,NA,NA,NA,1.18928,2.25301,0.03553,de988b4a-7493-4841-bf63-462d2c1b23e8,2025-10-18,13:12:06,2025-10-18T13:12:06Z,2025-10-18T13:12:06Z,LineDrive,v3,471300,NA,NA,NA,NA,Undefined,GEO_PAT,d2b53517-beac-4c31-9715-c4455d10dd28,31.82167,-71.12812,4.08251,4.24963,1.30099,-13.49416,-0.73113,2.87985,-2.3647,136.617514,1.18927,112.11346,-17.56816,3.71845,-0.72124,0.1189,-0.017,0.00214,-1.5e-4,2.25303,30.00137,-12.55718,-0.12902,0.17479,-0.04578,0.00987,-0.00107,3e-5,0.03552,-39.39015,-1.6045,0.95229,-0.31165,0.07309,-0.01296,0.00147,-7e-5,NA,NA,NA,NA,NA,NA,NA,NA,NA,NA,NA,NA,NA,NA,NA,NA,NA,NA,NA,NA,NA,NA,High,High,High,High,High,NA,NA,NA,NA,NA,NA,NA,NA,NA,NA,NA,NA,NA,NA,NA,NA,NA,NA,NA,NA,NA,NA,NA,NA,NA,NA,NA,NA,NA,NA,NA,NA,NA,NA,NA,NA,NA,NA,NA,NA,NA,NA,NA,NA,NA,NA,NA,NA,NA,NA,NA,NA,NA,NA,NA
NA,NA,NA,NA,NA,NA,NA,NA,NA,NA,NA,NA,NA,NA,NA,NA,52,2025-10-18,09:12:18,NA,NA,NA,NA,Undefined,GEO_PAT,"Meeks, Gardner",1000324679,Right,GEO_PAT,Undefined,1,Bottom,0,0,0,Undefined,Changeup,Undefined,Undefined,Undefined,Undefined,0,0,NA,46.97269,-1.062125,-5.266274,2279.062621,250.582692,02:15:00,4.19326,0.53385,28.84079,-35.5573,4.34579,9.80008,0.66691,-1.43794,45.09493,-12.325603,-2.178687,0.454647,NA,NA,NA,NA,NA,NA,NA,NA,NA,NA,NA,-17.01584,7.62327,-2.47727,50,3.56535,8.5236,-70.89101,6.11949,-8.56849,8.89623,-28.33527,GEO_PAT,NA,SpuhlerFieldMain,NA,NA,20251018-SpuhlerFieldMain-BP-1,131e7a50-ac24-11f0-81f2-195cbb24ffac,82.90481,NA,NA,1.87776,NA,NA,NA,NA,NA,NA,de988b4a-7493-4841-bf63-462d2c1b23e8,2025-10-18,13:12:18,2025-10-18T13:12:18Z,2025-10-18T13:12:18Z,NA,v3,471300,NA,NA,NA,NA,Undefined,GEO_PAT,5ec01f9c-d3e7-4738-9ccb-281b5484d4b2,31.66779,-68.55187,4.44812,4.1949,-1.33085,-14.16763,-0.5323,6.27064,-4.28424,NA,NA,NA,NA,NA,NA,NA,NA,NA,NA,NA,NA,NA,NA,NA,NA,NA,NA,NA,NA,NA,NA,NA,NA,NA,NA,NA,NA,NA,NA,NA,NA,NA,NA,NA,NA,NA,NA,NA,NA,NA,NA,NA,NA,NA,NA,NA,NA,NA,NA,High,High,High,NA,NA,NA,NA,NA,NA,NA,NA,NA,NA,NA,NA,NA,NA,NA,NA,NA,NA,NA,NA,NA,NA,NA,NA,NA,NA,NA,NA,NA,NA,NA,NA,NA,NA,NA,NA,NA,NA,NA,NA,NA,NA,NA,NA,NA,NA,NA,NA,NA,NA,NA,NA,NA,NA,NA,NA,NA
NA,NA,NA,NA,NA,NA,NA,NA,NA,NA,NA,NA,NA,NA,NA,NA,53,2025-10-18,09:12:21,NA,NA,NA,NA,Undefined,GEO_PAT,"Meeks, Gardner",1000324679,Right,GEO_PAT,Undefined,1,Bottom,0,0,0,Undefined,NA,Undefined,Undefined,Undefined,Undefined,0,0,NA,48.69856,-3.295264,-5.190045,1198.966086,NA,NA,4.72325,0.62433,28.56893,NA,NA,NA,0.98502,-1.16494,44.41959,-10.98244,-1.513699,0.453417,16.80172,-2.403604,53.672614,1440.632558,NA,NA,NA,9.59048,9.59048,38.77407,0.26509,-20.40584,26.62431,-2.51548,50,5.17282,8.95559,-74.77027,0.45861,-10.61566,15.77201,-18.32336,GEO_PAT,NA,SpuhlerFieldMain,NA,NA,20251018-SpuhlerFieldMain-BP-1,1548d460-ac24-11f0-81f2-195cbb24ffac,83.12967,1.43355,NA,4.27897,NA,NA,NA,3.67255,1.43355,0.72366,de988b4a-7493-4841-bf63-462d2c1b23e8,2025-10-18,13:12:21,2025-10-18T13:12:21Z,2025-10-18T13:12:21Z,GroundBall,v3,471300,NA,NA,NA,NA,Undefined,GEO_PAT,c5f1514f-12f6-4ef3-808b-ee8e0d821311,31.936,-70.85748,7.88601,4.72272,-4.08714,-9.16168,-0.62041,6.322,-5.30783,288.249012,3.67237,14.59375,-0.90926,NA,NA,NA,NA,NA,NA,1.4336,-1.03559,-16.4945,NA,NA,NA,NA,NA,NA,0.72354,19.84169,0.32426,NA,NA,NA,NA,NA,NA,NA,NA,NA,NA,NA,NA,NA,NA,NA,NA,NA,NA,NA,NA,NA,NA,NA,NA,NA,NA,NA,NA,Low,Low,Low,Medium,High,NA,NA,NA,NA,NA,NA,NA,NA,NA,NA,NA,NA,NA,NA,NA,NA,NA,NA,NA,NA,NA,NA,NA,NA,NA,NA,NA,NA,NA,NA,NA,NA,NA,NA,NA,NA,NA,NA,NA,NA,NA,NA,NA,NA,NA,NA,NA,NA,NA,NA,NA,NA,NA,NA,NA
NA,NA,NA,NA,NA,NA,NA,NA,NA,NA,NA,NA,NA,NA,NA,NA,54,2025-10-18,09:12:26,NA,NA,NA,NA,Undefined,GEO_PAT,"Meeks, Gardner",1000324679,Right,GEO_PAT,Undefined,1,Bottom,0,0,0,Undefined,Changeup,Undefined,Undefined,Undefined,Undefined,0,0,NA,47.67795,0.244649,-2.709575,852.924608,247.692083,02:15:00,4.25557,0.51197,28.74571,-35.91821,2.45768,4.29382,1.39212,-0.56644,46.11328,-11.113248,-1.356315,0.445862,80.0869,15.195867,-34.021329,792.029772,89.59832,11.65137,-63.81331,162.03179,162.03179,-37.000671,1.65273,-7.41323,4.25496,-1.48589,50,3.20299,4.28661,-71.83623,7.94947,-3.89646,7.86507,-29.93759,GEO_PAT,NA,SpuhlerFieldMain,NA,NA,20251018-SpuhlerFieldMain-BP-1,17f2e5c0-ac24-11f0-81f2-195cbb24ffac,84.53833,13.08886,NA,1.56467,NA,NA,NA,2.46036,1.51484,0.63827,de988b4a-7493-4841-bf63-462d2c1b23e8,2025-10-18,13:12:26,2025-10-18T13:12:26Z,2025-10-18T13:12:26Z,LineDrive,v3,471300,NA,NA,NA,NA,Undefined,GEO_PAT,d1e9b7f2-4589-441e-bd11-dcfb317fd4cc,31.76283,-69.81096,3.93253,4.25745,0.2405,-14.96879,-0.51126,3.28326,-1.94823,NA,2.46036,93.95082,-13.36774,2.46834,-0.52219,0.10197,-0.02053,0.00328,-2.7e-4,1.51484,30.78872,-21.9728,2.2802,-0.48903,0.10336,-0.01926,0.0032,-2.9e-4,0.63827,-63.42153,2.98106,-0.43929,0.08749,-0.01633,0.0035,-5.7e-4,5e-5,NA,NA,NA,NA,NA,NA,NA,NA,NA,NA,NA,NA,NA,NA,NA,NA,NA,NA,NA,NA,NA,NA,High,High,High,High,High,NA,NA,NA,NA,NA,NA,NA,NA,NA,NA,NA,NA,NA,NA,NA,NA,NA,NA,NA,NA,NA,NA,NA,NA,NA,NA,NA,NA,NA,NA,NA,NA,NA,NA,NA,NA,NA,NA,NA,NA,NA,NA,NA,NA,NA,NA,NA,NA,NA,NA,NA,NA,NA,NA,NA
NA,NA,NA,NA,NA,NA,NA,NA,NA,NA,NA,NA,NA,NA,NA,NA,55,2025-10-18,09:12:36,NA,NA,NA,NA,Undefined,GEO_PAT,"Meeks, Gardner",1000324679,Right,GEO_PAT,Undefined,1,Bottom,0,0,0,Undefined,Curveball,Undefined,Undefined,Undefined,Undefined,0,0,NA,46.26816,0.389302,-4.100685,1220.007325,317.375715,04:30:00,3.98179,0.24689,29.2903,-40.1729,-1.98571,2.1064600000000002,0.83707,-1.71422,46.36091,-12.354914,-3.422998,0.444765,84.77141,-7.127307,13.817119,NA,NA,NA,NA,8.21127,8.21127,23.341051,0.052854,-3.93807,-3.10677,-1.66011,50.00023,2.58248,5.40127,-68.55673,9.73123,-1.99166,3.10461,-33.74527,GEO_PAT,NA,SpuhlerFieldMain,NA,NA,20251018-SpuhlerFieldMain-BP-1,1e15f140-ac24-11f0-81f2-195cbb24ffac,84.74694,0.81588,NA,-0.09275,NA,NA,NA,1.20314,0.81588,1.69502,de988b4a-7493-4841-bf63-462d2c1b23e8,2025-10-18,13:12:36,2025-10-18T13:12:36Z,2025-10-18T13:12:36Z,GroundBall,v3,471300,NA,NA,NA,NA,Undefined,GEO_PAT,493487ee-da10-4704-a24a-8c0b9ff4dbf3,31.22,-67.70092,1.5523,3.98287,0.42909,-16.87264,-0.24688,4.85226,-0.99583,180,1.20247,119.87931,NA,NA,NA,NA,NA,NA,NA,0.81597,-15.43647,NA,NA,NA,NA,NA,NA,NA,1.69486,29.48317,NA,NA,NA,NA,NA,NA,NA,NA,NA,NA,NA,NA,NA,NA,NA,NA,NA,NA,NA,NA,NA,NA,NA,NA,NA,NA,NA,NA,NA,Medium,High,Medium,Low,Low,NA,NA,NA,NA,NA,NA,NA,NA,NA,NA,NA,NA,NA,NA,NA,NA,NA,NA,NA,NA,NA,NA,NA,NA,NA,NA,NA,NA,NA,NA,NA,NA,NA,NA,NA,NA,NA,NA,NA,NA,NA,NA,NA,NA,NA,NA,NA,NA,NA,NA,NA,NA,NA,NA,NA
NA,NA,NA,NA,NA,NA,NA,NA,NA,NA,NA,NA,NA,NA,NA,NA,56,2025-10-18,09:12:40,NA,NA,NA,NA,Undefined,GEO_PAT,"Meeks, Gardner",1000324679,Right,GEO_PAT,Undefined,1,Bottom,0,0,0,Undefined,Curveball,Undefined,Undefined,Undefined,Undefined,0,0,NA,48.93106,-1.897887,-4.464038,1095.495147,206.749444,01:00:00,4.21783,0.47552,28.69877,-31.43951,5.76681,2.47847,0.58764,-1.69083,46.83039,-11.817707,-3.686611,0.439016,NA,NA,NA,NA,NA,NA,NA,NA,NA,NA,NA,-5.25693,10.16115,-1.95624,50,3.99409,6.27801,-73.94496,4.23399,-2.86682,10.05621,-26.63276,GEO_PAT,NA,SpuhlerFieldMain,NA,NA,20251018-SpuhlerFieldMain-BP-1,20b63ea0-ac24-11f0-81f2-195cbb24ffac,85.85673,NA,NA,2.10067,NA,NA,NA,NA,NA,NA,de988b4a-7493-4841-bf63-462d2c1b23e8,2025-10-18,13:12:40,2025-10-18T13:12:40Z,2025-10-18T13:12:40Z,NA,v3,471300,NA,NA,NA,NA,Undefined,GEO_PAT,fc41f51b-2b99-4cbb-a8aa-c2e76f0441bc,31.80836,-71.42814,5.0281,4.21965,-2.43153,-13.31638,-0.4748,5.56052,-1.43341,NA,NA,NA,NA,NA,NA,NA,NA,NA,NA,NA,NA,NA,NA,NA,NA,NA,NA,NA,NA,NA,NA,NA,NA,NA,NA,NA,NA,NA,NA,NA,NA,NA,NA,NA,NA,NA,NA,NA,NA,NA,NA,NA,NA,NA,NA,NA,NA,NA,NA,High,High,High,NA,NA,NA,NA,NA,NA,NA,NA,NA,NA,NA,NA,NA,NA,NA,NA,NA,NA,NA,NA,NA,NA,NA,NA,NA,NA,NA,NA,NA,NA,NA,NA,NA,NA,NA,NA,NA,NA,NA,NA,NA,NA,NA,NA,NA,NA,NA,NA,NA,NA,NA,NA,NA,NA,NA,NA,NA
NA,NA,NA,NA,NA,NA,NA,NA,NA,NA,NA,NA,NA,NA,NA,NA,57,2025-10-18,09:12:52,NA,NA,NA,NA,Undefined,GEO_PAT,"Meeks, Gardner",1000324679,Right,GEO_PAT,Undefined,1,Bottom,0,0,0,Undefined,NA,Undefined,Undefined,Undefined,Undefined,0,0,NA,48.69482,-3.034398,-5.555844,1119.625701,NA,NA,4.65261,0.63018,28.43354,NA,NA,NA,1.10933,-1.4746,44.33594,-10.470432,-2.294808,0.455728,NA,NA,NA,NA,NA,NA,NA,NA,NA,NA,NA,-18.49174,27.99301,-2.58917,50,5.04037,9.14718,-74.67294,0.59684,-9.60231,15.67246,-17.63795,GEO_PAT,NA,SpuhlerFieldMain,NA,NA,20251018-SpuhlerFieldMain-BP-1,2778e580-ac24-11f0-81f2-195cbb24ffac,82.70821,NA,NA,4.35888,NA,NA,NA,NA,NA,NA,de988b4a-7493-4841-bf63-462d2c1b23e8,2025-10-18,13:12:52,2025-10-18T13:12:52Z,2025-10-18T13:12:52Z,NA,v3,471300,NA,NA,NA,NA,Undefined,GEO_PAT,872c0f37-fe52-4ad7-9e59-7cf928c6bc91,32.07069,-70.81,7.83623,4.65171,-3.75056,-8.81898,-0.62626,6.7804,-4.80115,NA,NA,NA,NA,NA,NA,NA,NA,NA,NA,NA,NA,NA,NA,NA,NA,NA,NA,NA,NA,NA,NA,NA,NA,NA,NA,NA,NA,NA,NA,NA,NA,NA,NA,NA,NA,NA,NA,NA,NA,NA,NA,NA,NA,NA,NA,NA,NA,NA,NA,Low,Low,Low,NA,NA,NA,NA,NA,NA,NA,NA,NA,NA,NA,NA,NA,NA,NA,NA,NA,NA,NA,NA,NA,NA,NA,NA,NA,NA,NA,NA,NA,NA,NA,NA,NA,NA,NA,NA,NA,NA,NA,NA,NA,NA,NA,NA,NA,NA,NA,NA,NA,NA,NA,NA,NA,NA,NA,NA,NA
NA,NA,NA,NA,NA,NA,NA,NA,NA,NA,NA,NA,NA,NA,NA,NA,58,2025-10-18,09:12:56,NA,NA,NA,NA,Undefined,GEO_PAT,"Meeks, Gardner",1000324679,Right,GEO_PAT,Undefined,1,Bottom,0,0,0,Undefined,Changeup,Undefined,Undefined,Undefined,Undefined,0,0,NA,47.28315,-0.457849,-3.530371,1003.529008,204.147109,12:45:00,4.0969,0.60079,28.64817,-29.56537,10.94768,4.39236,1.38937,-0.91147,44.2788,-9.937524,-2.154847,0.458109,NA,NA,NA,NA,NA,NA,NA,NA,NA,NA,NA,-8.08453,17.64773,-1.82084,50,3.47922,5.2754,-72.06194,5.39865,-4.07647,11.57411,-23.27554,GEO_PAT,NA,SpuhlerFieldMain,NA,NA,20251018-SpuhlerFieldMain-BP-1,29d37750-ac24-11f0-81f2-195cbb24ffac,82.27833,NA,NA,3.00435,NA,NA,NA,NA,NA,NA,de988b4a-7493-4841-bf63-462d2c1b23e8,2025-10-18,13:12:56,2025-10-18T13:12:56Z,2025-10-18T13:12:56Z,NA,v3,471300,NA,NA,NA,NA,Undefined,GEO_PAT,76b70888-7d31-4251-ac40-979b58de896e,31.85733,-69.08656,5.78706,4.09796,-0.58485,-11.63777,-0.59938,4.22745,-2.03823,NA,NA,NA,NA,NA,NA,NA,NA,NA,NA,NA,NA,NA,NA,NA,NA,NA,NA,NA,NA,NA,NA,NA,NA,NA,NA,NA,NA,NA,NA,NA,NA,NA,NA,NA,NA,NA,NA,NA,NA,NA,NA,NA,NA,NA,NA,NA,NA,NA,NA,High,Medium,Medium,NA,NA,NA,NA,NA,NA,NA,NA,NA,NA,NA,NA,NA,NA,NA,NA,NA,NA,NA,NA,NA,NA,NA,NA,NA,NA,NA,NA,NA,NA,NA,NA,NA,NA,NA,NA,NA,NA,NA,NA,NA,NA,NA,NA,NA,NA,NA,NA,NA,NA,NA,NA,NA,NA,NA,NA,NA
NA,NA,NA,NA,NA,NA,NA,NA,NA,NA,NA,NA,NA,NA,NA,NA,59,2025-10-18,09:13:00,NA,NA,NA,NA,Undefined,GEO_PAT,"Meeks, Gardner",1000324679,Right,GEO_PAT,Undefined,1,Bottom,0,0,0,Undefined,NA,Undefined,Undefined,Undefined,Undefined,0,0,NA,50.13485,-1.319468,-4.415967,954.483634,NA,NA,4.78494,0.4362,28.31401,NA,NA,NA,2.32464,-1.06392,45.2688,-8.188992,-1.164111,0.443983,NA,NA,NA,NA,NA,NA,NA,NA,NA,NA,NA,-17.56249,26.571,-2.01033,50,4.68135,7.80674,-77.11354,2.50789,-9.68778,17.02844,-17.51703,GEO_PAT,NA,SpuhlerFieldMain,NA,NA,20251018-SpuhlerFieldMain-BP-1,2c4cdbc0-ac24-11f0-81f2-195cbb24ffac,84.89609,NA,NA,4.86604,NA,NA,NA,NA,NA,NA,de988b4a-7493-4841-bf63-462d2c1b23e8,2025-10-18,13:13:00,2025-10-18T13:13:00Z,2025-10-18T13:13:00Z,NA,v3,471300,NA,NA,NA,NA,Undefined,GEO_PAT,6c601be6-0fbd-49e0-924c-02facaa3f147,32.18839,-73.07455,8.51422,4.78345,-1.6469800000000001,-8.75852,-0.43115,5.50889,-4.84389,NA,NA,NA,NA,NA,NA,NA,NA,NA,NA,NA,NA,NA,NA,NA,NA,NA,NA,NA,NA,NA,NA,NA,NA,NA,NA,NA,NA,NA,NA,NA,NA,NA,NA,NA,NA,NA,NA,NA,NA,NA,NA,NA,NA,NA,NA,NA,NA,NA,NA,Low,Low,Low,NA,NA,NA,NA,NA,NA,NA,NA,NA,NA,NA,NA,NA,NA,NA,NA,NA,NA,NA,NA,NA,NA,NA,NA,NA,NA,NA,NA,NA,NA,NA,NA,NA,NA,NA,NA,NA,NA,NA,NA,NA,NA,NA,NA,NA,NA,NA,NA,NA,NA,NA,NA,NA,NA,NA,NA,NA
NA,NA,NA,NA,NA,NA,NA,NA,NA,NA,NA,NA,NA,NA,NA,NA,60,2025-10-18,09:13:04,NA,NA,NA,NA,Undefined,GEO_PAT,"Meeks, Gardner",1000324679,Right,GEO_PAT,Undefined,1,Bottom,0,0,0,Undefined,NA,Undefined,Undefined,Undefined,Undefined,0,0,NA,49.68526,-3.714936,-5.267782,1216.285228,NA,NA,4.60723,0.451,28.70796,NA,NA,NA,0.75349,-1.32511,45.32762,-11.038151,-1.416214,0.44246,76.30415,28.794208,23.786315,4403.249985,95.14026,41.0878,55.21169,237.89494,175.3367,37.645378,3.424575,-21.12659,25.96202,-2.38917,50,5.21451,9.32664,-76.21919,-0.25791,-11.4426,16.23831,-18.11247,GEO_PAT,NA,SpuhlerFieldMain,NA,NA,20251018-SpuhlerFieldMain-BP-1,2ed9ef40-ac24-11f0-81f2-195cbb24ffac,85.18827,42.7445,NA,4.35765,NA,NA,NA,1.68471,0.77884,1.39011,de988b4a-7493-4841-bf63-462d2c1b23e8,2025-10-18,13:13:04,2025-10-18T13:13:04Z,2025-10-18T13:13:04Z,LineDrive,v3,471300,NA,NA,NA,NA,Undefined,GEO_PAT,90bfe4eb-1d93-413d-9135-45ecce2d1973,31.79613,-72.23686,8.11916,4.60658,-4.69986,-9.05624,-0.44598,6.52042,-5.7213,234.573043,1.6842,89.76126,-17.44371,3.89345,-1.06553,0.34156,-0.09599,0.016,-0.00108,0.77916,53.89392,-19.11984,1.3253,-0.06402,-0.07216,0.03254,-0.00539,3.1e-4,1.39,39.56032,2.62136,-1.20537,0.3054,-0.03836,-0.00165,0.00129,-1.2e-4,NA,NA,NA,NA,NA,NA,NA,NA,NA,NA,NA,NA,NA,NA,NA,NA,NA,NA,NA,NA,NA,NA,Low,Low,Low,High,Medium,NA,NA,NA,NA,NA,NA,NA,NA,NA,NA,NA,NA,NA,NA,NA,NA,NA,NA,NA,NA,NA,NA,NA,NA,NA,NA,NA,NA,NA,NA,NA,NA,NA,NA,NA,NA,NA,NA,NA,NA,NA,NA,NA,NA,NA,NA,NA,NA,NA,NA,NA,NA,NA,NA,NA
NA,NA,NA,NA,NA,NA,NA,NA,NA,NA,NA,NA,NA,NA,NA,NA,61,2025-10-18,09:13:10,NA,NA,NA,NA,Undefined,GEO_PAT,"Meeks, Gardner",1000324679,Right,GEO_PAT,Undefined,1,Bottom,0,0,0,Undefined,NA,Undefined,Undefined,Undefined,Undefined,0,0,NA,47.72931,-1.375493,-2.946233,1222.571877,NA,NA,4.21447,0.07615,29.15605,NA,NA,NA,1.13633,-2.09502,45.69861,-10.473736,-5.35458,0.44231,NA,NA,NA,NA,NA,NA,NA,NA,NA,NA,NA,11.06678,16.12509,-0.83349,50,3.846,2.12375,-72.34079,4.52541,5.77344,9.66076,-23.76172,GEO_PAT,NA,SpuhlerFieldMain,NA,NA,20251018-SpuhlerFieldMain-BP-1,325a6370-ac24-11f0-81f2-195cbb24ffac,85.2172,NA,NA,2.03071,NA,NA,NA,NA,NA,NA,de988b4a-7493-4841-bf63-462d2c1b23e8,2025-10-18,13:13:10,2025-10-18T13:13:10Z,2025-10-18T13:13:10Z,NA,v3,471300,NA,NA,NA,NA,Undefined,GEO_PAT,31981cab-460a-445e-aae6-8ccdb737613f,31.35096,-69.80589,4.83038,4.21545,-1.70947,-11.88086,-0.07749,3.63865,2.88672,NA,NA,NA,NA,NA,NA,NA,NA,NA,NA,NA,NA,NA,NA,NA,NA,NA,NA,NA,NA,NA,NA,NA,NA,NA,NA,NA,NA,NA,NA,NA,NA,NA,NA,NA,NA,NA,NA,NA,NA,NA,NA,NA,NA,NA,NA,NA,NA,NA,NA,Low,Low,Low,NA,NA,NA,NA,NA,NA,NA,NA,NA,NA,NA,NA,NA,NA,NA,NA,NA,NA,NA,NA,NA,NA,NA,NA,NA,NA,NA,NA,NA,NA,NA,NA,NA,NA,NA,NA,NA,NA,NA,NA,NA,NA,NA,NA,NA,NA,NA,NA,NA,NA,NA,NA,NA,NA,NA,NA,NA
NA,NA,NA,NA,NA,NA,NA,NA,NA,NA,NA,NA,NA,NA,NA,NA,62,2025-10-18,09:13:14,NA,NA,NA,NA,Undefined,GEO_PAT,"Meeks, Gardner",1000324679,Right,GEO_PAT,Undefined,1,Bottom,0,0,0,Undefined,NA,Undefined,Undefined,Undefined,Undefined,0,0,NA,49.69211,-4.869184,-5.468994,1172.410831,NA,NA,4.59444,0.43664,28.69571,NA,NA,NA,0.04228,-1.35782,45.52035,-12.430273,-1.27657,0.443124,NA,NA,NA,NA,NA,NA,NA,NA,NA,NA,NA,-22.73548,25.33049,-2.45824,50,5.55327,9.76413,-76.04287,-1.63573,-12.28432,15.98949,-18.48761,GEO_PAT,NA,SpuhlerFieldMain,NA,NA,20251018-SpuhlerFieldMain-BP-1,34b45900-ac24-11f0-81f2-195cbb24ffac,85.06067,NA,NA,4.17176,NA,NA,NA,NA,NA,NA,de988b4a-7493-4841-bf63-462d2c1b23e8,2025-10-18,13:13:14,2025-10-18T13:13:14Z,2025-10-18T13:13:14Z,NA,v3,471300,NA,NA,NA,NA,Undefined,GEO_PAT,6d942245-18cf-478c-9aa5-ab5b3d7f1428,31.80828,-72.11633,7.99475,4.59414,-6.17573,-9.2438,-0.43087,6.74747,-6.14216,NA,NA,NA,NA,NA,NA,NA,NA,NA,NA,NA,NA,NA,NA,NA,NA,NA,NA,NA,NA,NA,NA,NA,NA,NA,NA,NA,NA,NA,NA,NA,NA,NA,NA,NA,NA,NA,NA,NA,NA,NA,NA,NA,NA,NA,NA,NA,NA,NA,NA,Low,Low,Low,NA,NA,NA,NA,NA,NA,NA,NA,NA,NA,NA,NA,NA,NA,NA,NA,NA,NA,NA,NA,NA,NA,NA,NA,NA,NA,NA,NA,NA,NA,NA,NA,NA,NA,NA,NA,NA,NA,NA,NA,NA,NA,NA,NA,NA,NA,NA,NA,NA,NA,NA,NA,NA,NA,NA,NA,NA
NA,NA,NA,NA,NA,NA,NA,NA,NA,NA,NA,NA,NA,NA,NA,NA,63,2025-10-18,09:13:18,NA,NA,NA,NA,Undefined,GEO_PAT,"Meeks, Gardner",1000324679,Right,GEO_PAT,Undefined,1,Bottom,0,0,0,Undefined,NA,Undefined,Undefined,Undefined,Undefined,0,0,NA,49.54841,-3.05895,-5.611496,1232.456382,NA,NA,4.52775,0.50048,28.76321,NA,NA,NA,0.81546,-1.27051,45.1809,-11.194606,-1.061673,0.442954,89.28049,10.741057,11.364788,2026.506695,105.72425,8.75913,30.37074,168.33971,168.33971,18.110588,1.52414,-24.62647,22.036740000000002,-2.60069,50,4.86914,10.17935,-76.0729,1.11897,-13.26711,16.29408,-20.30212,GEO_PAT,NA,SpuhlerFieldMain,NA,NA,20251018-SpuhlerFieldMain-BP-1,36e93a60-ac24-11f0-81f2-195cbb24ffac,85.09344,9.42541,NA,4.36751,NA,NA,NA,1.51521,0.83857,1.49723,de988b4a-7493-4841-bf63-462d2c1b23e8,2025-10-18,13:13:18,2025-10-18T13:13:18Z,2025-10-18T13:13:18Z,LineDrive,v3,471300,NA,NA,NA,NA,Undefined,GEO_PAT,927c949e-e384-4966-903e-a711c73e2129,31.74114,-72.05598,8.14704,4.52806,-3.88605,-10.15106,-0.49436,6.90866,-6.63355,264.407318,1.51521,126.12778,-17.63993,2.66873,-0.51152,0.0823,-0.01396,0.00213,-1.8e-4,0.83857,24.40422,-18.41,1.7082,-0.33049,0.0725,-0.01284,0.002,-1.9e-4,1.49723,25.35117,7.60611,-2.18567,0.57018,-0.1314,0.02718,-0.00452,4.1e-4,NA,NA,NA,NA,NA,NA,NA,NA,NA,NA,NA,NA,NA,NA,NA,NA,NA,NA,NA,NA,NA,NA,Low,Low,Low,High,High,NA,NA,NA,NA,NA,NA,NA,NA,NA,NA,NA,NA,NA,NA,NA,NA,NA,NA,NA,NA,NA,NA,NA,NA,NA,NA,NA,NA,NA,NA,NA,NA,NA,NA,NA,NA,NA,NA,NA,NA,NA,NA,NA,NA,NA,NA,NA,NA,NA,NA,NA,NA,NA,NA,NA
NA,NA,NA,NA,NA,NA,NA,NA,NA,NA,NA,NA,NA,NA,NA,NA,64,2025-10-18,09:13:28,NA,NA,NA,NA,Undefined,GEO_PAT,"Meeks, Gardner",1000324679,Right,GEO_PAT,Undefined,1,Bottom,0,0,0,Undefined,NA,Undefined,Undefined,Undefined,Undefined,0,0,NA,50.54972,-5.302815,-5.225868,1285.306249,NA,NA,4.597,0.40024,28.65831,NA,NA,NA,0.29241,-1.8765,46.17963,-11.065018,-3.328718,0.436209,NA,NA,NA,NA,NA,NA,NA,NA,NA,NA,NA,-11.79792,32.37364,-2.19011,50,5.82076,8.23036,-77.30053,-3.38755,-6.591,16.47515,-14.08825,GEO_PAT,NA,SpuhlerFieldMain,NA,NA,20251018-SpuhlerFieldMain-BP-1,3d61b8e0-ac24-11f0-81f2-195cbb24ffac,86.40912,NA,NA,4.3701,NA,NA,NA,NA,NA,NA,de988b4a-7493-4841-bf63-462d2c1b23e8,2025-10-18,13:13:28,2025-10-18T13:13:28Z,2025-10-18T13:13:28Z,NA,v3,471300,NA,NA,NA,NA,Undefined,GEO_PAT,c5ee3a86-634a-4cc0-81f0-8937011a58c2,31.84563,-73.32926,8.23758,4.59492,-6.78347,-7.04412,-0.39769,6.64162,-3.2955,NA,NA,NA,NA,NA,NA,NA,NA,NA,NA,NA,NA,NA,NA,NA,NA,NA,NA,NA,NA,NA,NA,NA,NA,NA,NA,NA,NA,NA,NA,NA,NA,NA,NA,NA,NA,NA,NA,NA,NA,NA,NA,NA,NA,NA,NA,NA,NA,NA,NA,Low,Low,Low,NA,NA,NA,NA,NA,NA,NA,NA,NA,NA,NA,NA,NA,NA,NA,NA,NA,NA,NA,NA,NA,NA,NA,NA,NA,NA,NA,NA,NA,NA,NA,NA,NA,NA,NA,NA,NA,NA,NA,NA,NA,NA,NA,NA,NA,NA,NA,NA,NA,NA,NA,NA,NA,NA,NA,NA,NA
NA,NA,NA,NA,NA,NA,NA,NA,NA,NA,NA,NA,NA,NA,NA,NA,65,2025-10-18,09:13:33,NA,NA,NA,NA,Undefined,GEO_PAT,"Meeks, Gardner",1000324679,Right,GEO_PAT,Undefined,1,Bottom,0,0,0,Undefined,NA,Undefined,Undefined,Undefined,Undefined,0,0,NA,50.34101,-3.823174,-3.828438,1208.868736,NA,NA,4.73749,0.17082,28.49718,NA,NA,NA,1.15409,-1.30574,45.78756,-9.858729,-1.696295,0.439308,NA,NA,NA,NA,NA,NA,NA,NA,NA,NA,NA,-12.1902,30.9397,-1.51636,50,5.47017,6.45484,-77.35349,-1.29003,-6.78602,16.8975,-14.95058,GEO_PAT,NA,SpuhlerFieldMain,NA,NA,20251018-SpuhlerFieldMain-BP-1,3fdfb130-ac24-11f0-81f2-195cbb24ffac,85.79959,NA,NA,4.55345,NA,NA,NA,NA,NA,NA,de988b4a-7493-4841-bf63-462d2c1b23e8,2025-10-18,13:13:33,2025-10-18T13:13:33Z,2025-10-18T13:13:33Z,NA,v3,471300,NA,NA,NA,NA,Undefined,GEO_PAT,950af0a8-8124-4d8c-91e6-de4b94d80258,32.00683,-73.31768,8.44875,4.73563,-4.86083,-7.47529,-0.16823,4.83407,-3.39301,NA,NA,NA,NA,NA,NA,NA,NA,NA,NA,NA,NA,NA,NA,NA,NA,NA,NA,NA,NA,NA,NA,NA,NA,NA,NA,NA,NA,NA,NA,NA,NA,NA,NA,NA,NA,NA,NA,NA,NA,NA,NA,NA,NA,NA,NA,NA,NA,NA,NA,Low,Low,Low,NA,NA,NA,NA,NA,NA,NA,NA,NA,NA,NA,NA,NA,NA,NA,NA,NA,NA,NA,NA,NA,NA,NA,NA,NA,NA,NA,NA,NA,NA,NA,NA,NA,NA,NA,NA,NA,NA,NA,NA,NA,NA,NA,NA,NA,NA,NA,NA,NA,NA,NA,NA,NA,NA,NA,NA,NA
NA,NA,NA,NA,NA,NA,NA,NA,NA,NA,NA,NA,NA,NA,NA,NA,66,2025-10-18,09:13:37,NA,NA,NA,NA,Undefined,GEO_PAT,"Meeks, Gardner",1000324679,Right,GEO_PAT,Undefined,1,Bottom,0,0,0,Undefined,NA,Undefined,Undefined,Undefined,Undefined,0,0,NA,49.70843,-3.806046,-4.115742,1101.256694,NA,NA,4.9842,0.3502,28.66981,NA,NA,NA,1.31992,-1.17208,45.29047,-10.246394,-1.610994,0.44232,NA,NA,NA,NA,NA,NA,NA,NA,NA,NA,NA,-14.14308,30.19336,-1.82735,50,5.68131,6.9985,-76.37462,-0.93434,-7.6829,16.39286,-15.77223,GEO_PAT,NA,SpuhlerFieldMain,NA,NA,20251018-SpuhlerFieldMain-BP-1,424c9280-ac24-11f0-81f2-195cbb24ffac,85.21539,NA,NA,4.41796,NA,NA,NA,NA,NA,NA,de988b4a-7493-4841-bf63-462d2c1b23e8,2025-10-18,13:13:37,2025-10-18T13:13:37Z,2025-10-18T13:13:37Z,NA,v3,471300,NA,NA,NA,NA,Undefined,GEO_PAT,3fc6b70b-c9e0-4900-a989-40a97fee17fc,31.83407,-72.37057,8.19643,4.9826,-4.7868,-7.88612,-0.34711,5.12191,-3.84145,NA,NA,NA,NA,NA,NA,NA,NA,NA,NA,NA,NA,NA,NA,NA,NA,NA,NA,NA,NA,NA,NA,NA,NA,NA,NA,NA,NA,NA,NA,NA,NA,NA,NA,NA,NA,NA,NA,NA,NA,NA,NA,NA,NA,NA,NA,NA,NA,NA,NA,Low,Low,Low,NA,NA,NA,NA,NA,NA,NA,NA,NA,NA,NA,NA,NA,NA,NA,NA,NA,NA,NA,NA,NA,NA,NA,NA,NA,NA,NA,NA,NA,NA,NA,NA,NA,NA,NA,NA,NA,NA,NA,NA,NA,NA,NA,NA,NA,NA,NA,NA,NA,NA,NA,NA,NA,NA,NA,NA,NA
NA,NA,NA,NA,NA,NA,NA,NA,NA,NA,NA,NA,NA,NA,NA,NA,67,2025-10-18,09:13:41,NA,NA,NA,NA,Undefined,GEO_PAT,"Meeks, Gardner",1000324679,Right,GEO_PAT,Undefined,1,Bottom,0,0,0,Undefined,NA,Undefined,Undefined,Undefined,Undefined,0,0,NA,49.99673,-3.472337,-4.890049,1187.99326,NA,NA,4.57325,0.36277,28.85489,NA,NA,NA,1.11933,-1.50647,45.5107,-9.869202,-2.182623,0.437244,65.3859,-6.287366,54.080761,NA,NA,NA,NA,17.9157,4.50115,47.374608,0.150771,-15.69981,29.45616,-2.12501,50,5.16872,8.25394,-76.84391,-0.4718,-8.62705,16.65639,-15.98789,GEO_PAT,NA,SpuhlerFieldMain,NA,NA,20251018-SpuhlerFieldMain-BP-1,44d475e0-ac24-11f0-81f2-195cbb24ffac,86.20455,1.58698,NA,4.48603,NA,NA,NA,3.68264,1.58698,1.51747,de988b4a-7493-4841-bf63-462d2c1b23e8,2025-10-18,13:13:41,2025-10-18T13:13:41Z,2025-10-18T13:13:41Z,GroundBall,v3,471300,NA,NA,NA,NA,Undefined,GEO_PAT,d8a9d192-b5be-4fc5-a481-3c910810a978,31.64978,-72.75774,8.3282,4.57188,-4.39397,-7.99395,-0.35974,6.13754,-4.31352,NA,3.67962,56.04477,NA,NA,NA,NA,NA,NA,NA,1.58755,-10.52578,NA,NA,NA,NA,NA,NA,NA,1.5133,77.36811,NA,NA,NA,NA,NA,NA,NA,NA,NA,NA,NA,NA,NA,NA,NA,NA,NA,NA,NA,NA,NA,NA,NA,NA,NA,NA,NA,NA,NA,Low,Low,Low,Low,Low,NA,NA,NA,NA,NA,NA,NA,NA,NA,NA,NA,NA,NA,NA,NA,NA,NA,NA,NA,NA,NA,NA,NA,NA,NA,NA,NA,NA,NA,NA,NA,NA,NA,NA,NA,NA,NA,NA,NA,NA,NA,NA,NA,NA,NA,NA,NA,NA,NA,NA,NA,NA,NA,NA,NA
NA,NA,NA,NA,NA,NA,NA,NA,NA,NA,NA,NA,NA,NA,NA,NA,68,2025-10-18,09:13:47,NA,NA,NA,NA,Undefined,GEO_PAT,"Meeks, Gardner",1000324679,Right,GEO_PAT,Undefined,1,Bottom,0,0,0,Undefined,NA,Undefined,Undefined,Undefined,Undefined,0,0,NA,50.81283,-4.707498,-5.213633,1257.354808,NA,NA,4.73735,0.42522,28.69924,NA,NA,NA,0.55557,-1.4044,46.38776,-11.237259,-1.670468,0.433056,NA,NA,NA,NA,NA,NA,NA,NA,NA,NA,NA,-19.76462,27.73868,-2.33057,50,5.72045,9.29887,-77.85955,-2.12422,-11.17801,16.89062,-16.48623,GEO_PAT,NA,SpuhlerFieldMain,NA,NA,20251018-SpuhlerFieldMain-BP-1,4831d1b0-ac24-11f0-81f2-195cbb24ffac,87.0383,NA,NA,4.42506,NA,NA,NA,NA,NA,NA,de988b4a-7493-4841-bf63-462d2c1b23e8,2025-10-18,13:13:47,2025-10-18T13:13:47Z,2025-10-18T13:13:47Z,NA,v3,471300,NA,NA,NA,NA,Undefined,GEO_PAT,46d1cfa9-bfac-4115-b7d7-54a424d9f9f0,31.80569,-73.80707,8.44531,4.73629,-6.07968,-8.24312,-0.42127,6.61699,-5.589,NA,NA,NA,NA,NA,NA,NA,NA,NA,NA,NA,NA,NA,NA,NA,NA,NA,NA,NA,NA,NA,NA,NA,NA,NA,NA,NA,NA,NA,NA,NA,NA,NA,NA,NA,NA,NA,NA,NA,NA,NA,NA,NA,NA,NA,NA,NA,NA,NA,NA,Low,Low,Low,NA,NA,NA,NA,NA,NA,NA,NA,NA,NA,NA,NA,NA,NA,NA,NA,NA,NA,NA,NA,NA,NA,NA,NA,NA,NA,NA,NA,NA,NA,NA,NA,NA,NA,NA,NA,NA,NA,NA,NA,NA,NA,NA,NA,NA,NA,NA,NA,NA,NA,NA,NA,NA,NA,NA,NA,NA
NA,NA,NA,NA,NA,NA,NA,NA,NA,NA,NA,NA,NA,NA,NA,NA,69,2025-10-18,09:14:00,NA,NA,NA,NA,Undefined,GEO_PAT,"Meeks, Gardner",1000324679,Right,GEO_PAT,Undefined,1,Bottom,0,0,0,Undefined,Changeup,Undefined,Undefined,Undefined,Undefined,0,0,NA,48.58513,-0.179324,-2.612987,963.000171,260.394374,02:45:00,4.30662,0.46893,28.71065,-35.56644,1.57532,5.13099,1.24756,-0.49005,46.89339,-11.411093,-0.99534,0.438634,88.5842,15.670933,18.738106,716.958978,102.43475,21.43987,40.08855,253.26871,253.26871,24.68968,2.563767,-8.72339,2.94953,-1.4311,50,3.40963,4.42033,-73.32512,7.41838,-4.75181,8.6272,-30.56738,GEO_PAT,NA,SpuhlerFieldMain,NA,NA,20251018-SpuhlerFieldMain-BP-1,500ec230-ac24-11f0-81f2-195cbb24ffac,85.93138,22.37466,NA,1.69174,NA,NA,NA,1.82574,1.38313,0.49989,de988b4a-7493-4841-bf63-462d2c1b23e8,2025-10-18,13:14:00,2025-10-18T13:14:00Z,2025-10-18T13:14:00Z,LineDrive,v3,471300,NA,NA,NA,NA,Undefined,GEO_PAT,c58ca184-0604-40ec-85c9-cba66838b269,31.79811,-71.15132,4.3136,4.30849,-0.28369,-15.28369,-0.46815,3.22302,-2.37591,232.789608,1.82584,118.45838,-17.27342,3.39307,-0.55925,0.03545,0.01106,-0.00382,4.4e-4,1.38303,35.09876,-15.45611,0.77306,-0.17222,0.0818,-0.02686,0.00592,-5.9e-4,0.4998,40.19012,1.73126,-1.00547,0.2704,-0.06548,0.02304,-0.006,6.5e-4,NA,NA,NA,NA,NA,NA,NA,NA,NA,NA,NA,NA,NA,NA,NA,NA,NA,NA,NA,NA,NA,NA,High,High,High,High,High,NA,NA,NA,NA,NA,NA,NA,NA,NA,NA,NA,NA,NA,NA,NA,NA,NA,NA,NA,NA,NA,NA,NA,NA,NA,NA,NA,NA,NA,NA,NA,NA,NA,NA,NA,NA,NA,NA,NA,NA,NA,NA,NA,NA,NA,NA,NA,NA,NA,NA,NA,NA,NA,NA,NA
NA,NA,NA,NA,NA,NA,NA,NA,NA,NA,NA,NA,NA,NA,NA,NA,70,2025-10-18,09:14:08,NA,NA,NA,NA,Undefined,GEO_PAT,"Meeks, Gardner",1000324679,Right,GEO_PAT,Undefined,1,Bottom,0,0,0,Undefined,Changeup,Undefined,Undefined,Undefined,Undefined,0,0,NA,49.1869,-2.062623,-4.6173400000000004,1291.161453,243.001767,02:00:00,4.12494,0.62934,29.06451,-31.51132,4.41366,7.04567,0.41399,-1.20871,47.0852,-12.122153,-2.378676,0.431389,NA,NA,NA,NA,NA,NA,NA,NA,NA,NA,NA,-12.60489,8.27489,-2.3124,50,3.91182,7.51856,-74.38724,4.35178,-6.95477,10.19641,-27.60836,GEO_PAT,NA,SpuhlerFieldMain,NA,NA,20251018-SpuhlerFieldMain-BP-1,54dcec10-ac24-11f0-81f2-195cbb24ffac,87.37449,NA,NA,2.1017,NA,NA,NA,NA,NA,NA,de988b4a-7493-4841-bf63-462d2c1b23e8,2025-10-18,13:14:08,2025-10-18T13:14:08Z,2025-10-18T13:14:08Z,NA,v3,471300,NA,NA,NA,NA,Undefined,GEO_PAT,4a4c87da-a640-4fb5-8d70-c069478c2a89,31.44329,-71.79859,5.09821,4.12691,-2.65739,-13.80418,-0.62774,5.7529,-3.47739,NA,NA,NA,NA,NA,NA,NA,NA,NA,NA,NA,NA,NA,NA,NA,NA,NA,NA,NA,NA,NA,NA,NA,NA,NA,NA,NA,NA,NA,NA,NA,NA,NA,NA,NA,NA,NA,NA,NA,NA,NA,NA,NA,NA,NA,NA,NA,NA,NA,NA,High,High,High,NA,NA,NA,NA,NA,NA,NA,NA,NA,NA,NA,NA,NA,NA,NA,NA,NA,NA,NA,NA,NA,NA,NA,NA,NA,NA,NA,NA,NA,NA,NA,NA,NA,NA,NA,NA,NA,NA,NA,NA,NA,NA,NA,NA,NA,NA,NA,NA,NA,NA,NA,NA,NA,NA,NA,NA,NA
NA,NA,NA,NA,NA,NA,NA,NA,NA,NA,NA,NA,NA,NA,NA,NA,71,2025-10-18,09:14:12,NA,NA,NA,NA,Undefined,GEO_PAT,"Meeks, Gardner",1000324679,Right,GEO_PAT,Undefined,1,Bottom,0,0,0,Undefined,NA,Undefined,Undefined,Undefined,Undefined,0,0,NA,50.41147,-3.539064,-5.766922,1271.841528,NA,NA,4.48809,0.61891,28.83486,NA,NA,NA,0.75936,-1.3398,45.94226,-10.797477,-1.633176,0.434429,NA,NA,NA,NA,NA,NA,NA,NA,NA,NA,NA,-22.81568,24.41155,-2.75413,50,5.04467,10.34051,-77.32353,-0.02772,-12.71784,16.71428,-18.56665,GEO_PAT,NA,SpuhlerFieldMain,NA,NA,20251018-SpuhlerFieldMain-BP-1,575dca90-ac24-11f0-81f2-195cbb24ffac,86.7632,NA,NA,4.46921,NA,NA,NA,NA,NA,NA,de988b4a-7493-4841-bf63-462d2c1b23e8,2025-10-18,13:14:12,2025-10-18T13:14:12Z,2025-10-18T13:14:12Z,NA,v3,471300,NA,NA,NA,NA,Undefined,GEO_PAT,2d9fbc60-9e94-45f6-8fce-8b0d94f9294b,31.66952,-73.25412,8.35714,4.48762,-4.54812,-9.28332,-0.61348,7.2441,-6.35892,NA,NA,NA,NA,NA,NA,NA,NA,NA,NA,NA,NA,NA,NA,NA,NA,NA,NA,NA,NA,NA,NA,NA,NA,NA,NA,NA,NA,NA,NA,NA,NA,NA,NA,NA,NA,NA,NA,NA,NA,NA,NA,NA,NA,NA,NA,NA,NA,NA,NA,Low,Low,Low,NA,NA,NA,NA,NA,NA,NA,NA,NA,NA,NA,NA,NA,NA,NA,NA,NA,NA,NA,NA,NA,NA,NA,NA,NA,NA,NA,NA,NA,NA,NA,NA,NA,NA,NA,NA,NA,NA,NA,NA,NA,NA,NA,NA,NA,NA,NA,NA,NA,NA,NA,NA,NA,NA,NA,NA,NA
NA,NA,NA,NA,NA,NA,NA,NA,NA,NA,NA,NA,NA,NA,NA,NA,72,2025-10-18,09:14:26,NA,NA,NA,NA,Undefined,GEO_PAT,"Meeks, Gardner",1000324679,Right,GEO_PAT,Undefined,1,Bottom,0,0,0,Undefined,NA,Undefined,Undefined,Undefined,Undefined,0,0,NA,51.29135,-4.436836,-5.004067,1287.594973,NA,NA,4.80047,0.47781,28.36042,NA,NA,NA,0.87009,-1.42789,46.67594,-10.432414,-2.089708,0.433864,NA,NA,NA,NA,NA,NA,NA,NA,NA,NA,NA,-16.59052,29.64423,-2.23486,50,5.73283,8.66163,-78.5986,-2.24273,-9.54683,17.34469,-15.1156,GEO_PAT,NA,SpuhlerFieldMain,NA,NA,20251018-SpuhlerFieldMain-BP-1,5fddd8e0-ac24-11f0-81f2-195cbb24ffac,86.8762,NA,NA,4.61541,NA,NA,NA,NA,NA,NA,de988b4a-7493-4841-bf63-462d2c1b23e8,2025-10-18,13:14:26,2025-10-18T13:14:26Z,2025-10-18T13:14:26Z,NA,v3,471300,NA,NA,NA,NA,Undefined,GEO_PAT,a6c73fc3-957e-4812-9161-b93b35fc52cc,32.14464,-74.55433,8.67235,4.79899,-5.76724,-7.5578,-0.47474,6.43559,-4.77342,NA,NA,NA,NA,NA,NA,NA,NA,NA,NA,NA,NA,NA,NA,NA,NA,NA,NA,NA,NA,NA,NA,NA,NA,NA,NA,NA,NA,NA,NA,NA,NA,NA,NA,NA,NA,NA,NA,NA,NA,NA,NA,NA,NA,NA,NA,NA,NA,NA,NA,Low,Low,Low,NA,NA,NA,NA,NA,NA,NA,NA,NA,NA,NA,NA,NA,NA,NA,NA,NA,NA,NA,NA,NA,NA,NA,NA,NA,NA,NA,NA,NA,NA,NA,NA,NA,NA,NA,NA,NA,NA,NA,NA,NA,NA,NA,NA,NA,NA,NA,NA,NA,NA,NA,NA,NA,NA,NA,NA,NA
NA,NA,NA,NA,NA,NA,NA,NA,NA,NA,NA,NA,NA,NA,NA,NA,73,2025-10-18,09:14:30,NA,NA,NA,NA,Undefined,GEO_PAT,"Meeks, Gardner",1000324679,Right,GEO_PAT,Undefined,1,Bottom,0,0,0,Undefined,Curveball,Undefined,Undefined,Undefined,Undefined,0,0,NA,49.54748,0.038237,-1.87594,1030.178803,200.59435,12:45:00,4.29093,0.32362,28.64641,-31.22561,4.75697,1.51429,1.70912,-0.54741,47.4381,-9.862688,-1.40003,0.431735,NA,NA,NA,NA,NA,NA,NA,NA,NA,NA,NA,-2.89126,7.84331,-0.95528,50,3.45331,2.77006,-74.90828,6.8236,-1.63358,9.52358,-27.74255,GEO_PAT,NA,SpuhlerFieldMain,NA,NA,20251018-SpuhlerFieldMain-BP-1,62392e00-ac24-11f0-81f2-195cbb24ffac,87.3045,NA,NA,2.10938,NA,NA,NA,NA,NA,NA,de988b4a-7493-4841-bf63-462d2c1b23e8,2025-10-18,13:14:30,2025-10-18T13:14:30Z,2025-10-18T13:14:30Z,NA,v3,471300,NA,NA,NA,NA,Undefined,GEO_PAT,7223c1d9-7045-49c6-9c43-71882dfbe4d7,31.86133,-72.56556,4.76179,4.29248,-8.4e-4,-13.87127,-0.32329,2.36821,-0.81679,NA,NA,NA,NA,NA,NA,NA,NA,NA,NA,NA,NA,NA,NA,NA,NA,NA,NA,NA,NA,NA,NA,NA,NA,NA,NA,NA,NA,NA,NA,NA,NA,NA,NA,NA,NA,NA,NA,NA,NA,NA,NA,NA,NA,NA,NA,NA,NA,NA,NA,High,High,High,NA,NA,NA,NA,NA,NA,NA,NA,NA,NA,NA,NA,NA,NA,NA,NA,NA,NA,NA,NA,NA,NA,NA,NA,NA,NA,NA,NA,NA,NA,NA,NA,NA,NA,NA,NA,NA,NA,NA,NA,NA,NA,NA,NA,NA,NA,NA,NA,NA,NA,NA,NA,NA,NA,NA,NA,NA
NA,NA,NA,NA,NA,NA,NA,NA,NA,NA,NA,NA,NA,NA,NA,NA,74,2025-10-18,09:14:34,NA,NA,NA,NA,Undefined,GEO_PAT,"Meeks, Gardner",1000324679,Right,GEO_PAT,Undefined,1,Bottom,0,0,0,Undefined,Curveball,Undefined,Undefined,Undefined,Undefined,0,0,NA,49.71031,-1.405858,-3.121865,1165.194891,214.659469,01:15:00,4.23913,0.56235,28.77379,-31.7112,4.0237,2.2291,0.85134,-0.90553,47.54231,-11.458694,-2.418986,0.430247,NA,NA,NA,NA,NA,NA,NA,NA,NA,NA,NA,-4.46296,7.29158,-1.61398,50,3.84296,4.57395,-75.29123,5.0752,-2.52218,10.46183,-28.05332,GEO_PAT,NA,SpuhlerFieldMain,NA,NA,20251018-SpuhlerFieldMain-BP-1,649f0a70-ac24-11f0-81f2-195cbb24ffac,87.60658,NA,NA,2.168,NA,NA,NA,NA,NA,NA,de988b4a-7493-4841-bf63-462d2c1b23e8,2025-10-18,13:14:34,2025-10-18T13:14:34Z,2025-10-18T13:14:34Z,NA,v3,471300,NA,NA,NA,NA,Undefined,GEO_PAT,6943ba4c-5467-42d6-8085-9dd9a9b6cdb5,31.73377,-72.70882,5.23092,4.24108,-1.8495,-14.02666,-0.56178,3.95137,-1.26109,NA,NA,NA,NA,NA,NA,NA,NA,NA,NA,NA,NA,NA,NA,NA,NA,NA,NA,NA,NA,NA,NA,NA,NA,NA,NA,NA,NA,NA,NA,NA,NA,NA,NA,NA,NA,NA,NA,NA,NA,NA,NA,NA,NA,NA,NA,NA,NA,NA,NA,High,Medium,Medium,NA,NA,NA,NA,NA,NA,NA,NA,NA,NA,NA,NA,NA,NA,NA,NA,NA,NA,NA,NA,NA,NA,NA,NA,NA,NA,NA,NA,NA,NA,NA,NA,NA,NA,NA,NA,NA,NA,NA,NA,NA,NA,NA,NA,NA,NA,NA,NA,NA,NA,NA,NA,NA,NA,NA,NA,NA
NA,NA,NA,NA,NA,NA,NA,NA,NA,NA,NA,NA,NA,NA,NA,NA,75,2025-10-18,09:14:39,NA,NA,NA,NA,Undefined,GEO_PAT,"Meeks, Gardner",1000324679,Right,GEO_PAT,Undefined,1,Bottom,0,0,0,Undefined,NA,Undefined,Undefined,Undefined,Undefined,0,0,NA,50.76352,-2.103808,-5.460487,1158.298575,NA,NA,4.26648,0.47161,28.75306,NA,NA,NA,1.37971,-1.38897,46.00682,-9.090278,-1.554874,0.432306,88.03595,23.536956,31.542992,1418.07869,89.53566,36.19684,63.90096,276.99373,276.99373,40.692537,3.369498,-21.62462,24.4297,-2.48197,50,4.38691,9.85998,-78.05279,1.69898,-12.23965,17.31844,-18.3467,GEO_PAT,NA,SpuhlerFieldMain,NA,NA,20251018-SpuhlerFieldMain-BP-1,67205e20-ac24-11f0-81f2-195cbb24ffac,87.18918,40.23048,NA,4.7567,NA,NA,NA,2.38857,1.52895,1.57078,de988b4a-7493-4841-bf63-462d2c1b23e8,2025-10-18,13:14:39,2025-10-18T13:14:39Z,2025-10-18T13:14:39Z,LineDrive,v3,471300,NA,NA,NA,NA,Undefined,GEO_PAT,8defd967-c794-42b7-bb57-917dea1e379f,31.75136,-73.89291,8.65922,4.26574,-2.70789,-9.17335,-0.46669,6.92002,-6.11983,NA,2.38815,100.9021,-22.03444,6.00351,-1.72198,0.53094,-0.14711,0.02526,-0.00179,1.52938,51.54721,-18.8039,0.96318,0.28616,-0.25041,0.09281,-0.0165,0.00114,1.57055,61.93616,-1.93459,-0.89184,0.33472,-0.01991,-0.02065,0.00647,-5.9e-4,NA,NA,NA,NA,NA,NA,NA,NA,NA,NA,NA,NA,NA,NA,NA,NA,NA,NA,NA,NA,NA,NA,Low,Low,Low,High,High,NA,NA,NA,NA,NA,NA,NA,NA,NA,NA,NA,NA,NA,NA,NA,NA,NA,NA,NA,NA,NA,NA,NA,NA,NA,NA,NA,NA,NA,NA,NA,NA,NA,NA,NA,NA,NA,NA,NA,NA,NA,NA,NA,NA,NA,NA,NA,NA,NA,NA,NA,NA,NA,NA,NA
NA,NA,NA,NA,NA,NA,NA,NA,NA,NA,NA,NA,NA,NA,NA,NA,76,2025-10-18,09:14:50,NA,NA,NA,NA,Undefined,GEO_PAT,"Meeks, Gardner",1000324679,Right,GEO_PAT,Undefined,1,Bottom,0,0,0,Undefined,Changeup,Undefined,Undefined,Undefined,Undefined,0,0,NA,48.51931,0.303405,-2.783255,1376.055377,242.308176,02:00:00,4.33788,0.44793,28.80847,-33.09226,6.21615,8.96898,1.74075,-0.27695,43.99197,-10.469553,0.048361,0.451247,80.82732,24.744161,-43.332279,1101.270248,77.77149,34.62248,-77.79128,232.35173,232.35173,-49.270542,2.992031,-15.39237,9.95075,-1.5407,50,3.41513,5.37285,-75.2653,7.07458,-7.9811,17.23432,-27.01449,GEO_PAT,NA,SpuhlerFieldMain,NA,NA,20251018-SpuhlerFieldMain-BP-1,6dcd5a20-ac24-11f0-81f2-195cbb24ffac,83.52954,35.5026,NA,4.52735,NA,NA,NA,2.93666,2.01585,0.34195,de988b4a-7493-4841-bf63-462d2c1b23e8,2025-10-18,13:14:50,2025-10-18T13:14:50Z,2025-10-18T13:14:50Z,LineDrive,v3,471300,NA,NA,NA,NA,Undefined,GEO_PAT,ddfd4577-296b-4439-a391-bbede43f42f8,31.69784,-70.95079,8.61716,4.33968,0.31166,-13.50724,-0.44573,3.37483,-3.99055,NA,2.93659,78.31624,-16.21633,3.73313,-0.96819,0.32333,-0.09552,0.01688,-0.00127,2.01612,49.60519,-20.63709,1.86034,0.09453,-0.3444,0.15286,-0.0306,0.00241,0.34201,-73.88405,8.49197,-1.98868,0.54991,-0.20044,0.06185,-0.01113,8.4e-4,NA,NA,NA,NA,NA,NA,NA,NA,NA,NA,NA,NA,NA,NA,NA,NA,NA,NA,NA,NA,NA,NA,Medium,Medium,Medium,High,High,NA,NA,NA,NA,NA,NA,NA,NA,NA,NA,NA,NA,NA,NA,NA,NA,NA,NA,NA,NA,NA,NA,NA,NA,NA,NA,NA,NA,NA,NA,NA,NA,NA,NA,NA,NA,NA,NA,NA,NA,NA,NA,NA,NA,NA,NA,NA,NA,NA,NA,NA,NA,NA,NA,NA
NA,NA,NA,NA,NA,NA,NA,NA,NA,NA,NA,NA,NA,NA,NA,NA,77,2025-10-18,09:14:54,NA,NA,NA,NA,Undefined,GEO_PAT,"Meeks, Gardner",1000324679,Right,GEO_PAT,Undefined,1,Bottom,0,0,0,Undefined,NA,Undefined,Undefined,Undefined,Undefined,0,0,NA,50.45758,-3.311588,-4.820632,1091.745248,NA,NA,4.47129,0.29318,28.53657,NA,NA,NA,0.9447,-1.31012,45.88014,-10.169256,-1.182011,0.438004,86.42606,11.844112,-4.248818,840.099889,109.99537,6.75044,-0.94887,144.23299,110.87875,0.262761,1.339293,-19.78537,26.47785,-2.05156,50,4.98727,8.6989,-77.47533,-0.08672,-11.05493,16.9058,-17.37974,GEO_PAT,NA,SpuhlerFieldMain,NA,NA,20251018-SpuhlerFieldMain-BP-1,706e6ad0-ac24-11f0-81f2-195cbb24ffac,86.05493,8.95219,NA,4.57744,NA,NA,NA,2.08736,0.98639,1.43297,de988b4a-7493-4841-bf63-462d2c1b23e8,2025-10-18,13:14:54,2025-10-18T13:14:54Z,2025-10-18T13:14:54Z,LineDrive,v3,471300,NA,NA,NA,NA,Undefined,GEO_PAT,e2c7fd89-d1c2-4a9b-a88b-a68446a96960,31.96726,-73.43508,8.4529,4.47023,-4.24024,-8.68987,-0.28834,6.05693,-5.52746,293.285529,2.08736,123.71834,-15.84191,2.59377,-0.5265,0.09713,-0.01963,0.00331,-3.1e-4,0.98639,26.01703,-22.63526,2.56078,-0.5601,0.12405,-0.02493,0.00444,-4.5e-4,1.43297,-9.19129,8.64708,-2.23023,0.5661,-0.13201,0.02922,-0.00529,5.2e-4,NA,NA,NA,NA,NA,NA,NA,NA,NA,NA,NA,NA,NA,NA,NA,NA,NA,NA,NA,NA,NA,NA,Low,Low,Low,High,Medium,NA,NA,NA,NA,NA,NA,NA,NA,NA,NA,NA,NA,NA,NA,NA,NA,NA,NA,NA,NA,NA,NA,NA,NA,NA,NA,NA,NA,NA,NA,NA,NA,NA,NA,NA,NA,NA,NA,NA,NA,NA,NA,NA,NA,NA,NA,NA,NA,NA,NA,NA,NA,NA,NA,NA
NA,NA,NA,NA,NA,NA,NA,NA,NA,NA,NA,NA,NA,NA,NA,NA,78,2025-10-18,09:14:58,NA,NA,NA,NA,Undefined,GEO_PAT,"Meeks, Gardner",1000324679,Right,GEO_PAT,Undefined,1,Bottom,0,0,0,Undefined,NA,Undefined,Undefined,Undefined,Undefined,0,0,NA,50.09041,-3.257166,-5.527832,1198.924253,NA,NA,4.95792,0.7068,28.42081,NA,NA,NA,1.51914,-1.46497,45.51191,-9.849647,-2.570087,0.443323,85.03901,18.235598,-29.428379,684.106598,95.04277,18.79735,-55.37903,188.25114,188.25114,-32.486182,1.978502,-16.97993,28.82568,-2.63339,50,5.47587,9.17637,-76.78549,-0.21135,-9.3254,16.55308,-16.34296,GEO_PAT,NA,SpuhlerFieldMain,NA,NA,20251018-SpuhlerFieldMain-BP-1,72fd7a20-ac24-11f0-81f2-195cbb24ffac,85.02243,19.03301,NA,4.5785,NA,NA,NA,2.66284,1.73202,1.41451,de988b4a-7493-4841-bf63-462d2c1b23e8,2025-10-18,13:14:58,2025-10-18T13:14:58Z,2025-10-18T13:14:58Z,LineDrive,v3,471300,NA,NA,NA,NA,Undefined,GEO_PAT,5a59f50b-bfa2-4f0e-87b5-ec284199538f,32.08309,-72.82068,8.27654,4.95645,-4.12583,-8.17148,-0.70295,6.94274,-4.6627,NA,2.66284,103.17495,-16.84764,3.37953,-0.76307,0.16387,-0.03363,0.00512,-3.9e-4,1.73202,39.02914,-24.2576,3.00199,-0.69036,0.15449,-0.03044,0.00476,-3.8e-4,1.41451,-58.20346,4.19618,-0.70752,0.15466,-0.0328,0.00698,-0.00107,8e-5,NA,NA,NA,NA,NA,NA,NA,NA,NA,NA,NA,NA,NA,NA,NA,NA,NA,NA,NA,NA,NA,NA,Low,Low,Low,High,High,NA,NA,NA,NA,NA,NA,NA,NA,NA,NA,NA,NA,NA,NA,NA,NA,NA,NA,NA,NA,NA,NA,NA,NA,NA,NA,NA,NA,NA,NA,NA,NA,NA,NA,NA,NA,NA,NA,NA,NA,NA,NA,NA,NA,NA,NA,NA,NA,NA,NA,NA,NA,NA,NA,NA
NA,NA,NA,NA,NA,NA,NA,NA,NA,NA,NA,NA,NA,NA,NA,NA,79,2025-10-18,09:15:02,NA,NA,NA,NA,Undefined,GEO_PAT,"Meeks, Gardner",1000324679,Right,GEO_PAT,Undefined,1,Bottom,0,0,0,Undefined,NA,Undefined,Undefined,Undefined,Undefined,0,0,NA,50.06736,-3.635929,-4.492415,1144.795265,NA,NA,4.57094,0.40514,28.74374,NA,NA,NA,0.99284,-1.20495,45.58988,-10.124019,-1.578488,0.438156,59.10569,-4.68228,-27.443567,NA,NA,NA,NA,6.78776,6.1161,-12.601263,0.061081,-16.28997,28.97427,-2.03656,50,5.21105,7.80723,-76.91553,-0.6609,-8.97716,16.60584,-16.20674,GEO_PAT,NA,SpuhlerFieldMain,NA,NA,20251018-SpuhlerFieldMain-BP-1,755bb570-ac24-11f0-81f2-195cbb24ffac,86.02522,0.45352,NA,4.47748,NA,NA,NA,1.95678,0.45352,0.97221,de988b4a-7493-4841-bf63-462d2c1b23e8,2025-10-18,13:15:02,2025-10-18T13:15:02Z,2025-10-18T13:15:02Z,GroundBall,v3,471300,NA,NA,NA,NA,Undefined,GEO_PAT,4b456f92-9f49-4c8d-ba40-dd8295fbd0ff,31.76005,-72.87125,8.30292,4.56945,-4.60797,-8.10337,-0.40138,5.62089,-4.48858,NA,1.95678,76.67562,-4.26827,NA,NA,NA,NA,NA,NA,0.45352,-7.07632,-5.72033,NA,NA,NA,NA,NA,NA,0.97221,-39.81933,-5.59415,NA,NA,NA,NA,NA,NA,NA,NA,NA,NA,NA,NA,NA,NA,NA,NA,NA,NA,NA,NA,NA,NA,NA,NA,NA,NA,NA,NA,Low,Low,Low,Low,Low,NA,NA,NA,NA,NA,NA,NA,NA,NA,NA,NA,NA,NA,NA,NA,NA,NA,NA,NA,NA,NA,NA,NA,NA,NA,NA,NA,NA,NA,NA,NA,NA,NA,NA,NA,NA,NA,NA,NA,NA,NA,NA,NA,NA,NA,NA,NA,NA,NA,NA,NA,NA,NA,NA,NA
NA,NA,NA,NA,NA,NA,NA,NA,NA,NA,NA,NA,NA,NA,NA,NA,80,2025-10-18,09:15:14,NA,NA,NA,NA,Undefined,GEO_PAT,"Meeks, Gardner",1000324679,Right,GEO_PAT,Undefined,1,Bottom,0,0,0,Undefined,Curveball,Undefined,Undefined,Undefined,Undefined,0,0,NA,49.20273,-2.252418,-2.832858,1214.344932,172.031045,11:45:00,4.34703,-0.04302,28.5074,-32.73167,4.08898,-0.47445,0.41491,-1.59602,47.64478,-12.45815,-2.981746,0.436734,84.84242,2.023074,-9.833493,1161.163078,NA,NA,NA,50.20684,50.20684,-9.208791,0.406115,-0.05945,7.43768,-0.83582,50,4.21023,3.57122,-74.15061,4.01594,-0.03309,8.88015,-28.03374,GEO_PAT,NA,SpuhlerFieldMain,NA,NA,20251018-SpuhlerFieldMain-BP-1,7c5daf40-ac24-11f0-81f2-195cbb24ffac,86.30523,1.16344,NA,1.55795,NA,NA,NA,1.93851,0.86914,1.41423,de988b4a-7493-4841-bf63-462d2c1b23e8,2025-10-18,13:15:14,2025-10-18T13:15:14Z,2025-10-18T13:15:14Z,GroundBall,v3,471300,NA,NA,NA,NA,Undefined,GEO_PAT,4570b9ae-2d7e-4c04-99d7-0c715d7ec442,32.0005,-71.96275,4.44008,4.34882,-2.89094,-14.01687,0.04304,3.56307,-0.01655,90.345587,1.94287,122.3878,-12.67697,NA,NA,NA,NA,NA,NA,0.87219,4.29328,-15.87795,NA,NA,NA,NA,NA,NA,1.4177,-21.35275,-4.75416,NA,NA,NA,NA,NA,NA,NA,NA,NA,NA,NA,NA,NA,NA,NA,NA,NA,NA,NA,NA,NA,NA,NA,NA,NA,NA,NA,NA,Medium,High,Medium,Medium,High,NA,NA,NA,NA,NA,NA,NA,NA,NA,NA,NA,NA,NA,NA,NA,NA,NA,NA,NA,NA,NA,NA,NA,NA,NA,NA,NA,NA,NA,NA,NA,NA,NA,NA,NA,NA,NA,NA,NA,NA,NA,NA,NA,NA,NA,NA,NA,NA,NA,NA,NA,NA,NA,NA,NA
NA,NA,NA,NA,NA,NA,NA,NA,NA,NA,NA,NA,NA,NA,NA,NA,81,2025-10-18,09:15:18,NA,NA,NA,NA,Undefined,GEO_PAT,"Meeks, Gardner",1000324679,Right,GEO_PAT,Undefined,1,Bottom,0,0,0,Undefined,NA,Undefined,Undefined,Undefined,Undefined,0,0,NA,50.36871,-4.48188,-4.626498,1160.488665,NA,NA,4.72248,0.36194,28.68829,NA,NA,NA,0.76996,-1.41356,45.94075,-10.626131,-2.055022,0.436655,90.57761,17.340001,-11.646212,1190.195133,108.24,16.20556,-19.59747,182.20857,182.20857,-10.213715,1.761953,-14.69068,30.4151,-2.00764,50,5.65669,7.81011,-77.22781,-2.02947,-8.17761,16.58322,-15.24339,GEO_PAT,NA,SpuhlerFieldMain,NA,NA,20251018-SpuhlerFieldMain-BP-1,7ecb7af0-ac24-11f0-81f2-195cbb24ffac,86.32094,16.55076,NA,4.42796,NA,NA,NA,2.26225,0.82137,1.31245,de988b4a-7493-4841-bf63-462d2c1b23e8,2025-10-18,13:15:18,2025-10-18T13:15:18Z,2025-10-18T13:15:18Z,LineDrive,v3,471300,NA,NA,NA,NA,Undefined,GEO_PAT,6f08e398-0a36-495e-894d-a86fd0c05de1,31.81546,-73.21898,8.29161,4.72068,-5.71441,-7.62169,-0.35856,5.83325,-4.0888,349.146694,2.26225,124.19877,-16.90742,2.82733,-0.68365,0.15028,-0.03186,0.00537,-4.6e-4,0.82137,39.59387,-27.47697,3.72075,-0.84037,0.19885,-0.04016,0.0065,-5.7e-4,1.31245,-25.59876,4.63481,-0.76849,0.18652,-0.04092,0.00868,-0.00147,1.2e-4,NA,NA,NA,NA,NA,NA,NA,NA,NA,NA,NA,NA,NA,NA,NA,NA,NA,NA,NA,NA,NA,NA,Low,Low,Low,High,High,NA,NA,NA,NA,NA,NA,NA,NA,NA,NA,NA,NA,NA,NA,NA,NA,NA,NA,NA,NA,NA,NA,NA,NA,NA,NA,NA,NA,NA,NA,NA,NA,NA,NA,NA,NA,NA,NA,NA,NA,NA,NA,NA,NA,NA,NA,NA,NA,NA,NA,NA,NA,NA,NA,NA
NA,NA,NA,NA,NA,NA,NA,NA,NA,NA,NA,NA,NA,NA,NA,NA,82,2025-10-18,09:15:22,NA,NA,NA,NA,Undefined,GEO_PAT,"Meeks, Gardner",1000324679,Right,GEO_PAT,Undefined,1,Bottom,0,0,0,Undefined,NA,Undefined,Undefined,Undefined,Undefined,0,0,NA,50.75916,-4.460145,-4.592642,1018.350804,NA,NA,4.75668,0.39005,28.53597,NA,NA,NA,0.85835,-1.42878,46.23766,-10.378042,-2.218209,0.435587,87.27803,5.907236,-32.091781,2847.63101,NA,NA,NA,65.61446,65.61446,-31.649202,0.549657,-13.68792,30.83273,-1.9954,50,5.69869,7.68069,-77.80138,-2.21207,-7.73014,16.86118,-14.76154,GEO_PAT,NA,SpuhlerFieldMain,NA,NA,20251018-SpuhlerFieldMain-BP-1,812410f0-ac24-11f0-81f2-195cbb24ffac,86.5326,2.35938,NA,4.5215,NA,NA,NA,2.39263,0.82539,1.20365,de988b4a-7493-4841-bf63-462d2c1b23e8,2025-10-18,13:15:22,2025-10-18T13:15:22Z,2025-10-18T13:15:22Z,GroundBall,v3,471300,NA,NA,NA,NA,Undefined,GEO_PAT,071d333e-b2c4-444e-a39c-e4671732dc1a,31.96769,-73.78999,8.43059,4.75467,-5.72395,-7.38077,-0.38687,5.84163,-3.86507,37.30921,2.41466,107.33127,-18.4513,NA,NA,NA,NA,NA,NA,0.86068,12.30439,-25.34257,NA,NA,NA,NA,NA,NA,1.20645,-67.71792,5.24221,NA,NA,NA,NA,NA,NA,NA,NA,NA,NA,NA,NA,NA,NA,NA,NA,NA,NA,NA,NA,NA,NA,NA,NA,NA,NA,NA,NA,Low,Low,Low,High,High,NA,NA,NA,NA,NA,NA,NA,NA,NA,NA,NA,NA,NA,NA,NA,NA,NA,NA,NA,NA,NA,NA,NA,NA,NA,NA,NA,NA,NA,NA,NA,NA,NA,NA,NA,NA,NA,NA,NA,NA,NA,NA,NA,NA,NA,NA,NA,NA,NA,NA,NA,NA,NA,NA,NA
NA,NA,NA,NA,NA,NA,NA,NA,NA,NA,NA,NA,NA,NA,NA,NA,83,2025-10-18,09:15:26,NA,NA,NA,NA,Undefined,GEO_PAT,"Meeks, Gardner",1000324679,Right,GEO_PAT,Undefined,1,Bottom,0,0,0,Undefined,NA,Undefined,Undefined,Undefined,Undefined,0,0,NA,51.25915,-4.017181,-4.951938,1240.372603,NA,NA,4.65501,0.42944,28.77949,NA,NA,NA,0.96848,-1.34855,46.65731,-10.143439,-1.75825,0.427767,81.9249,25.089523,14.00524,3750.436803,103.40226,36.438720000000004,37.52292,251.03519,251.03519,26.839019,3.238052,-17.80729,28.23718,-2.22885,50,5.44507,8.78436,-78.6368,-1.42197,-10.27215,17.23742,-15.88541,GEO_PAT,NA,SpuhlerFieldMain,NA,NA,20251018-SpuhlerFieldMain-BP-1,839efc00-ac24-11f0-81f2-195cbb24ffac,88.11452,38.62513,NA,4.60184,NA,NA,NA,1.46012,0.93921,1.32532,de988b4a-7493-4841-bf63-462d2c1b23e8,2025-10-18,13:15:26,2025-10-18T13:15:26Z,2025-10-18T13:15:26Z,LineDrive,v3,471300,NA,NA,NA,NA,Undefined,GEO_PAT,b2e31a47-083a-424b-a183-697d3ed09db7,31.72411,-74.52306,8.61871,4.65334,-5.21303,-7.9427,-0.42497,6.3329,-5.13608,239.252896,1.46029,105.5782,-19.1097,3.99142,-0.74406,0.10026,-0.00513,-0.00166,3.1e-4,0.93901,50.95769,-18.95362,1.47068,-0.31585,0.09998,-0.03068,0.00666,-6.2e-4,1.32509,26.34344,5.97458,-2.0612,0.5432,-0.1342,0.03233,-0.00531,3.8e-4,NA,NA,NA,NA,NA,NA,NA,NA,NA,NA,NA,NA,NA,NA,NA,NA,NA,NA,NA,NA,NA,NA,Low,Low,Low,High,High,NA,NA,NA,NA,NA,NA,NA,NA,NA,NA,NA,NA,NA,NA,NA,NA,NA,NA,NA,NA,NA,NA,NA,NA,NA,NA,NA,NA,NA,NA,NA,NA,NA,NA,NA,NA,NA,NA,NA,NA,NA,NA,NA,NA,NA,NA,NA,NA,NA,NA,NA,NA,NA,NA,NA
NA,NA,NA,NA,NA,NA,NA,NA,NA,NA,NA,NA,NA,NA,NA,NA,84,2025-10-18,09:15:38,NA,NA,NA,NA,Undefined,GEO_PAT,"Meeks, Gardner",1000324679,Right,GEO_PAT,Undefined,1,Bottom,0,0,0,Undefined,Curveball,Undefined,Undefined,Undefined,Undefined,0,0,NA,48.53629,0.286137,-4.094178,1118.780829,207.453659,01:00:00,4.16595,0.18996,28.70116,-36.48077,1.14284,0.18484,1.27806,-1.97006,46.52381,-11.242162,-4.036026,0.44147,NA,NA,NA,NA,NA,NA,NA,NA,NA,NA,NA,-1.56744,2.17532,-1.49674,50,3.11125,5.29136,-73.39098,8.10001,-0.84484,9.63973,-31.00156,GEO_PAT,NA,SpuhlerFieldMain,NA,NA,20251018-SpuhlerFieldMain-BP-1,8a730800-ac24-11f0-81f2-195cbb24ffac,85.37932,NA,NA,2.01248,NA,NA,NA,NA,NA,NA,de988b4a-7493-4841-bf63-462d2c1b23e8,2025-10-18,13:15:38,2025-10-18T13:15:38Z,2025-10-18T13:15:38Z,NA,v3,471300,NA,NA,NA,NA,Undefined,GEO_PAT,8d4ae711-230b-4927-9ccf-dc625e746cca,31.80728,-70.96118,4.81987,4.16811,0.28575,-15.50078,-0.18984,5.07841,-0.42242,NA,NA,NA,NA,NA,NA,NA,NA,NA,NA,NA,NA,NA,NA,NA,NA,NA,NA,NA,NA,NA,NA,NA,NA,NA,NA,NA,NA,NA,NA,NA,NA,NA,NA,NA,NA,NA,NA,NA,NA,NA,NA,NA,NA,NA,NA,NA,NA,NA,NA,Medium,High,Medium,NA,NA,NA,NA,NA,NA,NA,NA,NA,NA,NA,NA,NA,NA,NA,NA,NA,NA,NA,NA,NA,NA,NA,NA,NA,NA,NA,NA,NA,NA,NA,NA,NA,NA,NA,NA,NA,NA,NA,NA,NA,NA,NA,NA,NA,NA,NA,NA,NA,NA,NA,NA,NA,NA,NA,NA,NA
NA,NA,NA,NA,NA,NA,NA,NA,NA,NA,NA,NA,NA,NA,NA,NA,85,2025-10-18,09:15:42,NA,NA,NA,NA,Undefined,GEO_PAT,"Meeks, Gardner",1000324679,Right,GEO_PAT,Undefined,1,Bottom,0,0,0,Undefined,NA,Undefined,Undefined,Undefined,Undefined,0,0,NA,49.81852,-3.24444,-4.759799,1981.082757,NA,NA,4.55967,0.33923,28.71544,NA,NA,NA,1.13055,-1.37699,45.32774,-9.954251,-1.704581,0.440818,80.81612,28.745311,2.960837,1954.904461,109.9331,48.86149,3.83537,280.47677,280.47677,-1.866503,4.152362,-17.12627,28.37754,-2.06323,50,5.05982,8.21254,-76.54501,-0.01238,-9.34146,16.49623,-16.69565,GEO_PAT,NA,SpuhlerFieldMain,NA,NA,20251018-SpuhlerFieldMain-BP-1,8cc20110-ac24-11f0-81f2-195cbb24ffac,85.50572,56.42979,NA,4.49078,NA,NA,NA,2.63469,1.34103,1.33944,de988b4a-7493-4841-bf63-462d2c1b23e8,2025-10-18,13:15:42,2025-10-18T13:15:42Z,2025-10-18T13:15:42Z,LineDrive,v3,471300,NA,NA,NA,NA,Undefined,GEO_PAT,ede7a032-8f1e-4fca-b32e-243a72518c46,31.78848,-72.51411,8.24811,4.55835,-4.09201,-8.34783,-0.33535,5.92993,-4.67073,167.414815,2.63417,103.79912,-18.29189,4.42346,-1.0735,0.28178,-0.06448,0.00927,-5.7e-4,1.34222,56.97115,-15.61485,0.23512,0.34378,-0.21276,0.06459,-0.00969,5.6e-4,1.33924,5.37399,-3.27876,0.57537,-0.1412,0.05586,-0.0173,0.00283,-1.8e-4,NA,NA,NA,NA,NA,NA,NA,NA,NA,NA,NA,NA,NA,NA,NA,NA,NA,NA,NA,NA,NA,NA,Low,Low,Low,High,Medium,NA,NA,NA,NA,NA,NA,NA,NA,NA,NA,NA,NA,NA,NA,NA,NA,NA,NA,NA,NA,NA,NA,NA,NA,NA,NA,NA,NA,NA,NA,NA,NA,NA,NA,NA,NA,NA,NA,NA,NA,NA,NA,NA,NA,NA,NA,NA,NA,NA,NA,NA,NA,NA,NA,NA
NA,NA,NA,NA,NA,NA,NA,NA,NA,NA,NA,NA,NA,NA,NA,NA,86,2025-10-18,09:15:46,NA,NA,NA,NA,Undefined,GEO_PAT,"Meeks, Gardner",1000324679,Right,GEO_PAT,Undefined,1,Bottom,0,0,0,Undefined,Curveball,Undefined,Undefined,Undefined,Undefined,0,0,NA,48.07121,-0.356356,-3.212476,1164.326523,226.752934,01:30:00,4.23147,0.47796,28.73236,-35.83459,2.31591,1.61854,1.05613,-1.09122,46.20225,-11.68439,-2.702881,0.444551,96.50506,26.194374,23.383467,1676.371955,99.43084,47.30289,47.04782,367.08774,346.57424,29.973001,4.579407,-3.50012,4.19953,-1.54172,50,3.38904,4.41284,-72.70777,7.1291,-1.85607,9.27096,-29.94709,GEO_PAT,NA,SpuhlerFieldMain,NA,NA,20251018-SpuhlerFieldMain-BP-1,8f5926b0-ac24-11f0-81f2-195cbb24ffac,84.78765,66.28284,NA,1.86896,NA,NA,NA,3.53153,1.63415,0.93614,de988b4a-7493-4841-bf63-462d2c1b23e8,2025-10-18,13:15:46,2025-10-18T13:15:46Z,2025-10-18T13:15:46Z,FlyBall,v3,471300,NA,NA,NA,NA,Undefined,GEO_PAT,c66fa43c-57d9-4690-9a5e-c49994ee6412,31.77596,-70.34566,4.63548,4.23341,-0.50101,-14.97355,-0.47763,3.93994,-0.92803,210.658129,3.53332,116.5397,-22.01286,4.9924,-0.97131,0.17101,-0.03284,0.00506,-3.4e-4,1.63399,62.47296,-16.34611,0.51276,0.19562,-0.153,0.05253,-0.00835,5e-4,0.93629,50.40116,-2.70058,-0.26905,0.21416,-0.0632,0.01076,-8.1e-4,1e-5,NA,NA,NA,NA,NA,NA,NA,NA,NA,NA,NA,NA,NA,NA,NA,NA,NA,NA,NA,NA,NA,NA,High,Medium,Medium,High,High,NA,NA,NA,NA,NA,NA,NA,NA,NA,NA,NA,NA,NA,NA,NA,NA,NA,NA,NA,NA,NA,NA,NA,NA,NA,NA,NA,NA,NA,NA,NA,NA,NA,NA,NA,NA,NA,NA,NA,NA,NA,NA,NA,NA,NA,NA,NA,NA,NA,NA,NA,NA,NA,NA,NA
NA,NA,NA,NA,NA,NA,NA,NA,NA,NA,NA,NA,NA,NA,NA,NA,87,2025-10-18,09:15:50,NA,NA,NA,NA,Undefined,GEO_PAT,"Meeks, Gardner",1000324679,Right,GEO_PAT,Undefined,1,Bottom,0,0,0,Undefined,Curveball,Undefined,Undefined,Undefined,Undefined,0,0,NA,48.61558,-0.084596,-1.659505,1024.387975,165.996444,11:30:00,4.13636,0.32835,28.56937,-34.87557,2.87193,-0.51283,1.18498,-0.59871,46.49628,-11.092866,-1.820583,0.442197,86.66053,35.831943,10.59898,2880.673194,108.55434,68.85991,17.77466,278.52472,278.52472,6.626393,4.832787,0.26039,4.71221,-0.83868,50,3.25523,2.03054,-73.74058,7.2311,0.14111,10.06548,-29.62053,GEO_PAT,NA,SpuhlerFieldMain,NA,NA,20251018-SpuhlerFieldMain-BP-1,91a22c50-ac24-11f0-81f2-195cbb24ffac,85.23909,83.62532,NA,2.1193,NA,NA,NA,4.45818,2.75163,0.80951,de988b4a-7493-4841-bf63-462d2c1b23e8,2025-10-18,13:15:50,2025-10-18T13:15:50Z,2025-10-18T13:15:50Z,FlyBall,v3,471300,NA,NA,NA,NA,Undefined,GEO_PAT,9acb7506-247e-4979-9a65-f45a357311f9,31.93934,-71.23268,5.03274,4.1375,-0.14911,-14.81026,-0.32837,2.0657,0.07055,170.406019,4.45804,101.29477,-21.33098,5.33124,-1.29741,0.31946,-0.06384,0.00773,-4e-4,2.75289,74.37285,-19.53776,1.2477,0.10592,-0.15626,0.04721,-0.00635,3.2e-4,0.80954,18.95402,-6.01971,1.53142,-0.37374,0.09111,-0.01795,0.00215,-1.1e-4,NA,NA,NA,NA,NA,NA,NA,NA,NA,NA,NA,NA,NA,NA,NA,NA,NA,NA,NA,NA,NA,NA,High,High,High,High,Medium,NA,NA,NA,NA,NA,NA,NA,NA,NA,NA,NA,NA,NA,NA,NA,NA,NA,NA,NA,NA,NA,NA,NA,NA,NA,NA,NA,NA,NA,NA,NA,NA,NA,NA,NA,NA,NA,NA,NA,NA,NA,NA,NA,NA,NA,NA,NA,NA,NA,NA,NA,NA,NA,NA,NA
NA,NA,NA,NA,NA,NA,NA,NA,NA,NA,NA,NA,NA,NA,NA,NA,88,2025-10-18,09:16:03,NA,NA,NA,NA,Undefined,GEO_PAT,"Meeks, Gardner",1000324679,Right,GEO_PAT,Undefined,1,Bottom,0,0,0,Undefined,NA,Undefined,Undefined,Undefined,Undefined,0,0,NA,50.52788,-5.28478,-6.291556,2133.229599,NA,NA,4.94982,0.66424,28.69207,NA,NA,NA,0.41233,-1.73011,46.2277,-11.937849,-2.707967,0.436428,84.07605,26.205912,27.50478,1327.274248,96.29152,43.07167,53.17837,306.86267,306.86267,30.704625,4.027607,-20.5443,28.16439,-2.91932,50,6.10947,10.72155,-77.15293,-2.80262,-11.44071,16.36072,-16.48985,GEO_PAT,NA,SpuhlerFieldMain,NA,NA,20251018-SpuhlerFieldMain-BP-1,99440fa0-ac24-11f0-81f2-195cbb24ffac,86.36583,51.61624,NA,4.30019,NA,NA,NA,2.25388,0.78382,1.31623,de988b4a-7493-4841-bf63-462d2c1b23e8,2025-10-18,13:16:03,2025-10-18T13:16:03Z,2025-10-18T13:16:03Z,LineDrive,v3,471300,NA,NA,NA,NA,Undefined,GEO_PAT,749372da-ade6-4645-a465-563676f78e7b,31.81305,-73.19475,8.18036,4.94884,-6.79204,-8.24492,-0.66025,7.95368,-5.72036,NA,2.25428,98.12244,-16.22795,3.66672,-0.77122,0.17673,-0.04328,0.0074,-5.3e-4,0.7841,54.44388,-15.57149,0.4341,0.23252,-0.19572,0.07281,-0.01271,8.4e-4,1.31605,51.10098,-5.2366,0.87286,-0.1864,0.06402,-0.01989,0.00355,-2.5e-4,NA,NA,NA,NA,NA,NA,NA,NA,NA,NA,NA,NA,NA,NA,NA,NA,NA,NA,NA,NA,NA,NA,Low,Low,Low,High,High,NA,NA,NA,NA,NA,NA,NA,NA,NA,NA,NA,NA,NA,NA,NA,NA,NA,NA,NA,NA,NA,NA,NA,NA,NA,NA,NA,NA,NA,NA,NA,NA,NA,NA,NA,NA,NA,NA,NA,NA,NA,NA,NA,NA,NA,NA,NA,NA,NA,NA,NA,NA,NA,NA,NA
NA,NA,NA,NA,NA,NA,NA,NA,NA,NA,NA,NA,NA,NA,NA,NA,89,2025-10-18,09:16:07,NA,NA,NA,NA,Undefined,GEO_PAT,"Meeks, Gardner",1000324679,Right,GEO_PAT,Undefined,1,Bottom,0,0,0,Undefined,NA,Undefined,Undefined,Undefined,Undefined,0,0,NA,50.59778,-3.538192,-5.00102,1032.090641,NA,NA,4.68472,0.42057,28.39256,NA,NA,NA,0.81603,-1.06474,46.07137,-11.127482,-0.52912,0.439203,92.18503,1.954304,32.26085,2203.309801,NA,NA,NA,43.43842,43.43842,33.309854,0.32440600000000003,-23.81308,22.99316,-2.27398,50,5.22723,9.4401,-77.6716,-0.01551,-13.35431,17.10508,-19.27955,GEO_PAT,NA,SpuhlerFieldMain,NA,NA,20251018-SpuhlerFieldMain-BP-1,9bccdd60-ac24-11f0-81f2-195cbb24ffac,85.82014,0.99163,NA,4.52641,NA,NA,NA,1.33609,0.75142,1.16557,de988b4a-7493-4841-bf63-462d2c1b23e8,2025-10-18,13:16:07,2025-10-18T13:16:07Z,2025-10-18T13:16:07Z,GroundBall,v3,471300,NA,NA,NA,NA,Undefined,GEO_PAT,087ab686-001d-47fb-ada9-e99980ab5348,32.11217,-73.62698,8.55254,4.68459,-4.5743,-9.63977,-0.41513,6.28238,-6.67716,NA,1.34182,114.03021,-19.35966,NA,NA,NA,NA,NA,NA,0.75634,4.40814,-20.82036,NA,NA,NA,NA,NA,NA,1.16643,72.09201,-6.64626,NA,NA,NA,NA,NA,NA,NA,NA,NA,NA,NA,NA,NA,NA,NA,NA,NA,NA,NA,NA,NA,NA,NA,NA,NA,NA,NA,NA,Low,Low,Low,Medium,High,NA,NA,NA,NA,NA,NA,NA,NA,NA,NA,NA,NA,NA,NA,NA,NA,NA,NA,NA,NA,NA,NA,NA,NA,NA,NA,NA,NA,NA,NA,NA,NA,NA,NA,NA,NA,NA,NA,NA,NA,NA,NA,NA,NA,NA,NA,NA,NA,NA,NA,NA,NA,NA,NA,NA
NA,NA,NA,NA,NA,NA,NA,NA,NA,NA,NA,NA,NA,NA,NA,NA,90,2025-10-18,09:16:11,NA,NA,NA,NA,Undefined,GEO_PAT,"Meeks, Gardner",1000324679,Right,GEO_PAT,Undefined,1,Bottom,0,0,0,Undefined,NA,Undefined,Undefined,Undefined,Undefined,0,0,NA,50.61434,-2.267966,-4.677642,962.568119,NA,NA,4.63924,0.38077,28.51991,NA,NA,NA,1.72395,-1.20137,45.84704,-8.963554,-1.245168,0.436743,88.99369,25.12967,24.889058,1763.356428,99.22288,44.75303,47.4846,325.99044,324.29353,27.13357,4.271408,-18.83631,26.49789,-2.0805,50,4.83931,8.42933,-77.86149,1.20469,-10.59916,17.31165,-17.26373,GEO_PAT,NA,SpuhlerFieldMain,NA,NA,20251018-SpuhlerFieldMain-BP-1,9e2fac90-ac24-11f0-81f2-195cbb24ffac,86.30344,57.21508,NA,4.7673,NA,NA,NA,1.57744,1.75918,0.93448,de988b4a-7493-4841-bf63-462d2c1b23e8,2025-10-18,13:16:11,2025-10-18T13:16:11Z,2025-10-18T13:16:11Z,LineDrive,v3,471300,NA,NA,NA,NA,Undefined,GEO_PAT,e4c7d603-f682-48b1-a894-3b0b1971db3b,31.98421,-73.74717,8.65583,4.63806,-2.89824,-8.63186,-0.37651,5.91032,-5.29958,NA,1.57688,107.20931,-18.55662,4.24675,-1.01625,0.27022,-0.06191,0.00865,-5.1e-4,1.75958,55.41878,-14.75505,0.41777,0.16515,-0.14656,0.04967,-0.00773,4.6e-4,0.93446,49.73376,-7.30074,1.71095,-0.39341,0.09769,-0.02151,0.00298,-1.7e-4,NA,NA,NA,NA,NA,NA,NA,NA,NA,NA,NA,NA,NA,NA,NA,NA,NA,NA,NA,NA,NA,NA,Low,Low,Low,High,High,NA,NA,NA,NA,NA,NA,NA,NA,NA,NA,NA,NA,NA,NA,NA,NA,NA,NA,NA,NA,NA,NA,NA,NA,NA,NA,NA,NA,NA,NA,NA,NA,NA,NA,NA,NA,NA,NA,NA,NA,NA,NA,NA,NA,NA,NA,NA,NA,NA,NA,NA,NA,NA,NA,NA
NA,NA,NA,NA,NA,NA,NA,NA,NA,NA,NA,NA,NA,NA,NA,NA,91,2025-10-18,09:16:15,NA,NA,NA,NA,Undefined,GEO_PAT,"Meeks, Gardner",1000324679,Right,GEO_PAT,Undefined,1,Bottom,0,0,0,Undefined,Changeup,Undefined,Undefined,Undefined,Undefined,0,0,NA,48.92341,-1.287561,-3.552414,1065.229915,250.430497,02:15:00,4.08797,0.61685,28.86309,-32.531,4.00984,9.07304,0.6963,-0.50377,46.95201,-11.621022,-0.678586,0.435071,76.78278,33.100329,5.684902,3015.928662,109.92863,53.42034,3.95253,262.97196,262.97196,-3.618702,4.211362,-15.29847,7.21315,-1.9907,50,3.61324,6.5118,-73.96503,5.4477,-8.39924,9.55869,-28.21385,GEO_PAT,NA,SpuhlerFieldMain,NA,NA,20251018-SpuhlerFieldMain-BP-1,a0cc5070-ac24-11f0-81f2-195cbb24ffac,86.63507,59.14203,NA,1.9714,NA,NA,NA,2.90893,0.99605,0.48422,de988b4a-7493-4841-bf63-462d2c1b23e8,2025-10-18,13:16:15,2025-10-18T13:16:15Z,2025-10-18T13:16:15Z,FlyBall,v3,471300,NA,NA,NA,NA,Undefined,GEO_PAT,3e5f743a-f820-47d7-9b5c-4ebfb93d6e9b,31.64528,-71.55369,4.77934,4.08977,-1.6697,-14.10693,-0.61525,4.39296,-4.19962,138.679146,2.91072,93.82398,-12.98936,1.83769,0.19334,-0.28307,0.08978,-0.0127,7e-4,0.9948,61.5324,-18.27566,1.54971,-0.51764,0.19519,-0.0426,0.00473,-2.1e-4,0.48446,9.33691,-7.13051,1.99062,-0.30309,-0.03508,0.024140000000000002,-0.00414,2.6e-4,NA,NA,NA,NA,NA,NA,NA,NA,NA,NA,NA,NA,NA,NA,NA,NA,NA,NA,NA,NA,NA,NA,High,High,High,High,Medium,NA,NA,NA,NA,NA,NA,NA,NA,NA,NA,NA,NA,NA,NA,NA,NA,NA,NA,NA,NA,NA,NA,NA,NA,NA,NA,NA,NA,NA,NA,NA,NA,NA,NA,NA,NA,NA,NA,NA,NA,NA,NA,NA,NA,NA,NA,NA,NA,NA,NA,NA,NA,NA,NA,NA
NA,NA,NA,NA,NA,NA,NA,NA,NA,NA,NA,NA,NA,NA,NA,NA,92,2025-10-18,09:16:28,NA,NA,NA,NA,Undefined,GEO_PAT,"Meeks, Gardner",1000324679,Right,GEO_PAT,Undefined,1,Bottom,0,0,0,Undefined,NA,Undefined,Undefined,Undefined,Undefined,0,0,NA,50.69482,-4.842622,-4.779836,1225.719722,NA,NA,4.6358,0.39366,28.60403,NA,NA,NA,0.52219,-1.86845,47.8145,-10.670169,-3.705495,0.428255,NA,NA,NA,NA,NA,NA,NA,NA,NA,NA,NA,-6.78571,28.45738,-1.98156,50,5.6793,7.06303,-76.41215,-2.4326,-3.9175,11.4823,-15.7451,GEO_PAT,NA,SpuhlerFieldMain,NA,NA,20251018-SpuhlerFieldMain-BP-1,a8af3460-ac24-11f0-81f2-195cbb24ffac,88.01405,NA,NA,2.88033,NA,NA,NA,NA,NA,NA,de988b4a-7493-4841-bf63-462d2c1b23e8,2025-10-18,13:16:28,2025-10-18T13:16:28Z,2025-10-18T13:16:28Z,NA,v3,471300,NA,NA,NA,NA,Undefined,GEO_PAT,2be0888a-b0c2-41cc-aadc-0ce6aed61b2a,31.8984,-73.64184,5.74115,4.63413,-6.23139,-7.87255,-0.3915,6.11786,-1.95875,NA,NA,NA,NA,NA,NA,NA,NA,NA,NA,NA,NA,NA,NA,NA,NA,NA,NA,NA,NA,NA,NA,NA,NA,NA,NA,NA,NA,NA,NA,NA,NA,NA,NA,NA,NA,NA,NA,NA,NA,NA,NA,NA,NA,NA,NA,NA,NA,NA,NA,Low,Low,Low,NA,NA,NA,NA,NA,NA,NA,NA,NA,NA,NA,NA,NA,NA,NA,NA,NA,NA,NA,NA,NA,NA,NA,NA,NA,NA,NA,NA,NA,NA,NA,NA,NA,NA,NA,NA,NA,NA,NA,NA,NA,NA,NA,NA,NA,NA,NA,NA,NA,NA,NA,NA,NA,NA,NA,NA,NA
NA,NA,NA,NA,NA,NA,NA,NA,NA,NA,NA,NA,NA,NA,NA,NA,93,2025-10-18,09:16:32,NA,NA,NA,NA,Undefined,GEO_PAT,"Meeks, Gardner",1000324679,Right,GEO_PAT,Undefined,1,Bottom,0,0,0,Undefined,NA,Undefined,Undefined,Undefined,Undefined,0,0,NA,50.97101,-3.425301,-4.580977,1001.765597,NA,NA,4.8796,0.55675,28.41291,NA,NA,NA,1.48965,-1.16393,46.26561,-9.504415,-1.837478,0.435379,69.04225,-15.031917,15.750966,NA,NA,NA,NA,9.69962,9.69962,17.320953,0.063911,-15.3904,29.28541,-2.16775,50,5.48526,7.90193,-78.23985,-0.7658,-8.76954,17.24385,-15.48707,GEO_PAT,NA,SpuhlerFieldMain,NA,NA,20251018-SpuhlerFieldMain-BP-1,aabbf450-ac24-11f0-81f2-195cbb24ffac,86.57385,1.68254,NA,4.7054,NA,NA,NA,3.22967,1.68254,1.18704,de988b4a-7493-4841-bf63-462d2c1b23e8,2025-10-18,13:16:32,2025-10-18T13:16:32Z,2025-10-18T13:16:32Z,GroundBall,v3,471300,NA,NA,NA,NA,Undefined,GEO_PAT,db085dec-723c-4809-9e35-e2ac4787831f,32.09057,-74.18773,8.62192,4.87771,-4.4051,-7.74353,-0.55301,5.84118,-4.38477,180,3.22735,94.35072,NA,NA,NA,NA,NA,NA,NA,1.68319,-26.32607,NA,NA,NA,NA,NA,NA,NA,1.18638,26.61137,NA,NA,NA,NA,NA,NA,NA,NA,NA,NA,NA,NA,NA,NA,NA,NA,NA,NA,NA,NA,NA,NA,NA,NA,NA,NA,NA,NA,NA,Low,Low,Low,Low,Low,NA,NA,NA,NA,NA,NA,NA,NA,NA,NA,NA,NA,NA,NA,NA,NA,NA,NA,NA,NA,NA,NA,NA,NA,NA,NA,NA,NA,NA,NA,NA,NA,NA,NA,NA,NA,NA,NA,NA,NA,NA,NA,NA,NA,NA,NA,NA,NA,NA,NA,NA,NA,NA,NA,NA
NA,NA,NA,NA,NA,NA,NA,NA,NA,NA,NA,NA,NA,NA,NA,NA,94,2025-10-18,09:16:36,NA,NA,NA,NA,Undefined,GEO_PAT,"Meeks, Gardner",1000324679,Right,GEO_PAT,Undefined,1,Bottom,0,0,0,Undefined,NA,Undefined,Undefined,Undefined,Undefined,0,0,NA,51.02032,-4.165649,-5.262168,2004.188713,NA,NA,4.55052,0.40172,28.57331,NA,NA,NA,0.61276,-1.40442,46.48184,-10.825809,-1.50571,0.433047,89.10347,-1.278602,46.506784,3632.67921,NA,NA,NA,19.84293,19.84293,44.89901,0.132487,-20.68824,26.57726,-2.3173,50,5.35203,9.49431,-78.21008,-1.36495,-11.79559,17.11612,-17.02078,GEO_PAT,NA,SpuhlerFieldMain,NA,NA,20251018-SpuhlerFieldMain-BP-1,ad1af2f0-ac24-11f0-81f2-195cbb24ffac,87.03998,0.82256,NA,4.53848,NA,NA,NA,2.49117,0.82256,1.69913,de988b4a-7493-4841-bf63-462d2c1b23e8,2025-10-18,13:16:36,2025-10-18T13:16:36Z,2025-10-18T13:16:36Z,GroundBall,v3,471300,NA,NA,NA,NA,Undefined,GEO_PAT,d3bbdb9b-bbb1-4532-9806-4074bbcf0578,31.93129,-74.15042,8.55806,4.54953,-5.402,-8.51039,-0.39719,6.69659,-5.8978,NA,2.49162,89.87994,-19.60778,NA,NA,NA,NA,NA,NA,0.8231,-2.97057,-24.50727,NA,NA,NA,NA,NA,NA,1.69935,94.76122,-14.12004,NA,NA,NA,NA,NA,NA,NA,NA,NA,NA,NA,NA,NA,NA,NA,NA,NA,NA,NA,NA,NA,NA,NA,NA,NA,NA,NA,NA,Low,Low,Low,Low,High,NA,NA,NA,NA,NA,NA,NA,NA,NA,NA,NA,NA,NA,NA,NA,NA,NA,NA,NA,NA,NA,NA,NA,NA,NA,NA,NA,NA,NA,NA,NA,NA,NA,NA,NA,NA,NA,NA,NA,NA,NA,NA,NA,NA,NA,NA,NA,NA,NA,NA,NA,NA,NA,NA,NA
NA,NA,NA,NA,NA,NA,NA,NA,NA,NA,NA,NA,NA,NA,NA,NA,95,2025-10-18,09:16:41,NA,NA,NA,NA,Undefined,GEO_PAT,"Meeks, Gardner",1000324679,Right,GEO_PAT,Undefined,1,Bottom,0,0,0,Undefined,NA,Undefined,Undefined,Undefined,Undefined,0,0,NA,50.84364,-3.784184,-5.323013,1162.419703,NA,NA,4.53002,0.42491,28.61674,NA,NA,NA,0.7704,-1.39784,46.28894,-10.574677,-1.516743,0.433826,93.20015,27.712334,27.513599,2266.523578,96.47719,52.63586,52.84005,343.79319,342.77366,31.724483,4.883181,-20.941,26.10041,-2.36694,50,5.20098,9.57818,-77.9782,-0.74428,-11.86579,17.03709,-17.38478,GEO_PAT,NA,SpuhlerFieldMain,NA,NA,20251018-SpuhlerFieldMain-BP-1,b02f37d0-ac24-11f0-81f2-195cbb24ffac,86.88382,74.41824,NA,4.5547,NA,NA,NA,2.5023,0.91103,1.31839,de988b4a-7493-4841-bf63-462d2c1b23e8,2025-10-18,13:16:41,2025-10-18T13:16:41Z,2025-10-18T13:16:41Z,FlyBall,v3,471300,NA,NA,NA,NA,Undefined,GEO_PAT,ab56d1f0-355f-4dbe-9d13-f20bfd215c4c,31.88762,-73.91505,8.51854,4.52909,-4.89035,-8.69239,-0.42011,6.74832,-5.9329,190.867058,2.50211,107.33383,-22.62579,5.54581,-1.26938,0.28404,-0.05273,0.00618,-3.1e-4,0.91339,63.51143,-13.93978,-0.47611,0.6067,-0.26964,0.06611,-0.00831,4.2e-4,1.3183,55.90636,-8.85088,2.10637,-0.47392,0.10692,-0.02037,0.00244,-1.2e-4,NA,NA,NA,NA,NA,NA,NA,NA,NA,NA,NA,NA,NA,NA,NA,NA,NA,NA,NA,NA,NA,NA,Low,Low,Low,High,High,NA,NA,NA,NA,NA,NA,NA,NA,NA,NA,NA,NA,NA,NA,NA,NA,NA,NA,NA,NA,NA,NA,NA,NA,NA,NA,NA,NA,NA,NA,NA,NA,NA,NA,NA,NA,NA,NA,NA,NA,NA,NA,NA,NA,NA,NA,NA,NA,NA,NA,NA,NA,NA,NA,NA
NA,NA,NA,NA,NA,NA,NA,NA,NA,NA,NA,NA,NA,NA,NA,NA,96,2025-10-18,09:16:47,NA,NA,NA,NA,Undefined,GEO_PAT,"Meeks, Gardner",1000324679,Right,GEO_PAT,Undefined,1,Bottom,0,0,0,Undefined,NA,Undefined,Undefined,Undefined,Undefined,0,0,NA,51.14612,-5.53342,-5.342161,1269.016345,NA,NA,4.42274,0.38651,28.95587,NA,NA,NA,-0.21444,-1.37736,46.8392,-12.211691,-1.347752,0.426898,NA,NA,NA,NA,NA,NA,NA,NA,NA,NA,NA,-21.86419,26.29186,-2.39002,50,5.66472,9.81309,-78.24716,-3.06072,-12.52076,16.848020000000002,-17.11774,GEO_PAT,NA,SpuhlerFieldMain,NA,NA,20251018-SpuhlerFieldMain-BP-1,b3758930-ac24-11f0-81f2-195cbb24ffac,88.29374,NA,NA,4.30692,NA,NA,NA,NA,NA,NA,de988b4a-7493-4841-bf63-462d2c1b23e8,2025-10-18,13:16:47,2025-10-18T13:16:47Z,2025-10-18T13:16:47Z,NA,v3,471300,NA,NA,NA,NA,Undefined,GEO_PAT,8331eeea-7847-44f6-b5d3-c338acea099e,31.54828,-74.16784,8.4240100000000009,4.42188,-7.20535,-8.55887,-0.38103,6.78151,-6.26038,NA,NA,NA,NA,NA,NA,NA,NA,NA,NA,NA,NA,NA,NA,NA,NA,NA,NA,NA,NA,NA,NA,NA,NA,NA,NA,NA,NA,NA,NA,NA,NA,NA,NA,NA,NA,NA,NA,NA,NA,NA,NA,NA,NA,NA,NA,NA,NA,NA,NA,Low,Low,Low,NA,NA,NA,NA,NA,NA,NA,NA,NA,NA,NA,NA,NA,NA,NA,NA,NA,NA,NA,NA,NA,NA,NA,NA,NA,NA,NA,NA,NA,NA,NA,NA,NA,NA,NA,NA,NA,NA,NA,NA,NA,NA,NA,NA,NA,NA,NA,NA,NA,NA,NA,NA,NA,NA,NA,NA,NA
NA,NA,NA,NA,NA,NA,NA,NA,NA,NA,NA,NA,NA,NA,NA,NA,97,2025-10-18,09:16:50,NA,NA,NA,NA,Undefined,GEO_PAT,"Meeks, Gardner",1000324679,Right,GEO_PAT,Undefined,1,Bottom,0,0,0,Undefined,NA,Undefined,Undefined,Undefined,Undefined,0,0,NA,50.85606,-2.283948,-6.627099,2091.908522,NA,NA,4.50346,0.73396,28.65752,NA,NA,NA,0.97147,-1.37046,46.24601,-11.237621,-1.268213,0.433807,NA,NA,NA,NA,NA,NA,NA,NA,NA,NA,NA,-29.26403,15.04477,-3.2063,50,4.55117,12.35298,-78.07201,2.63253,-16.55345,17.41796,-23.66384,GEO_PAT,NA,SpuhlerFieldMain,NA,NA,20251018-SpuhlerFieldMain-BP-1,b5af4c90-ac24-11f0-81f2-195cbb24ffac,86.88759,NA,NA,4.61005,NA,NA,NA,NA,NA,NA,de988b4a-7493-4841-bf63-462d2c1b23e8,2025-10-18,13:16:50,2025-10-18T13:16:50Z,2025-10-18T13:16:50Z,NA,v3,471300,NA,NA,NA,NA,Undefined,GEO_PAT,9e1f7f4b-d120-4105-ad0f-8192c7bbf746,31.8486,-73.91155,8.70898,4.50492,-3.01982,-11.83192,-0.72789,8.39902,-8.27673,NA,NA,NA,NA,NA,NA,NA,NA,NA,NA,NA,NA,NA,NA,NA,NA,NA,NA,NA,NA,NA,NA,NA,NA,NA,NA,NA,NA,NA,NA,NA,NA,NA,NA,NA,NA,NA,NA,NA,NA,NA,NA,NA,NA,NA,NA,NA,NA,NA,NA,Low,Low,Low,NA,NA,NA,NA,NA,NA,NA,NA,NA,NA,NA,NA,NA,NA,NA,NA,NA,NA,NA,NA,NA,NA,NA,NA,NA,NA,NA,NA,NA,NA,NA,NA,NA,NA,NA,NA,NA,NA,NA,NA,NA,NA,NA,NA,NA,NA,NA,NA,NA,NA,NA,NA,NA,NA,NA,NA,NA
NA,NA,NA,NA,NA,NA,NA,NA,NA,NA,NA,NA,NA,NA,NA,NA,98,2025-10-18,09:17:04,NA,NA,NA,NA,Undefined,GEO_PAT,"Meeks, Gardner",1000324679,Right,GEO_PAT,Undefined,1,Bottom,0,0,0,Undefined,NA,Undefined,Undefined,Undefined,Undefined,0,0,NA,49.16329,-4.558417,-5.253115,1945.91224,NA,NA,5.20414,0.6285,28.50763,NA,NA,NA,1.01913,-1.47467,44.92971,-11.312853,-2.610631,0.450451,81.983,36.397244,-14.388535,2817.349923,107.66234,68.37929,-22.55702,272.69022,272.69022,-10.474108,4.786847,-15.33174,30.62136,-2.45972,50,6.11664,8.46663,-75.24164,-1.76004,-8.10867,15.66947,-15.97899,GEO_PAT,NA,SpuhlerFieldMain,NA,NA,20251018-SpuhlerFieldMain-BP-1,bdecfab0-ac24-11f0-81f2-195cbb24ffac,83.67709,79.5995,NA,4.23358,NA,NA,NA,2.75237,1.30705,1.32083,de988b4a-7493-4841-bf63-462d2c1b23e8,2025-10-18,13:17:04,2025-10-18T13:17:04Z,2025-10-18T13:17:04Z,FlyBall,v3,471300,NA,NA,NA,NA,Undefined,GEO_PAT,fe3e1eea-e24a-45ba-9d39-accbb5abd0c9,31.99627,-71.39388,7.83473,5.20269,-5.6838,-7.9895,-0.62515,6.47549,-4.05433,190.761089,2.75309,93.73694,-18.46266,4.46654,-0.9508,0.19973,-0.03796,0.00481,-2.7e-4,1.30858,71.30924,-17.85617,0.59651,0.3031,-0.20511,0.05774,-0.00783,4.1e-4,1.32057,-24.04603,7.03169,-1.88869,0.42928,-0.08786,0.01482,-0.00167,9e-5,NA,NA,NA,NA,NA,NA,NA,NA,NA,NA,NA,NA,NA,NA,NA,NA,NA,NA,NA,NA,NA,NA,Low,Low,Low,High,High,NA,NA,NA,NA,NA,NA,NA,NA,NA,NA,NA,NA,NA,NA,NA,NA,NA,NA,NA,NA,NA,NA,NA,NA,NA,NA,NA,NA,NA,NA,NA,NA,NA,NA,NA,NA,NA,NA,NA,NA,NA,NA,NA,NA,NA,NA,NA,NA,NA,NA,NA,NA,NA,NA,NA
NA,NA,NA,NA,NA,NA,NA,NA,NA,NA,NA,NA,NA,NA,NA,NA,99,2025-10-18,09:17:08,NA,NA,NA,NA,Undefined,GEO_PAT,"Meeks, Gardner",1000324679,Right,GEO_PAT,Undefined,1,Bottom,0,0,0,Undefined,NA,Undefined,Undefined,Undefined,Undefined,0,0,NA,49.46179,-2.285537,-4.942292,1831.919801,NA,NA,4.64866,0.51573,28.69873,NA,NA,NA,1.76958,-1.46896,44.85882,-8.876912,-2.529054,0.44433,75.53138,21.560581,-40.409431,1215.460068,82.0354,23.51035,-73.2813,186.34106,173.10763,-44.170304,2.344079,-14.20351,29.46135,-2.25271,50,4.85182,8.01956,-76.06679,1.1741,-7.63467,16.45548,-16.33801,GEO_PAT,NA,SpuhlerFieldMain,NA,NA,20251018-SpuhlerFieldMain-BP-1,c05f0c20-ac24-11f0-81f2-195cbb24ffac,84.82989,23.77279,NA,4.60297,NA,NA,NA,3.13811,2.02135,1.11454,de988b4a-7493-4841-bf63-462d2c1b23e8,2025-10-18,13:17:08,2025-10-18T13:17:08Z,2025-10-18T13:17:08Z,LineDrive,v3,471300,NA,NA,NA,NA,Undefined,GEO_PAT,5dc55158-292e-47b0-a828-670b3268d29f,31.80491,-72.02318,8.22774,4.64706,-2.84064,-8.169,-0.51256,6.14349,-3.81733,NA,3.13811,78.4489,-15.58816,3.92013,-0.92386,0.22258,-0.05676,0.01087,-9.6e-4,2.02136,40.70943,-20.61675,1.69578,-0.25519,0.01452,0.00932,-0.00311,3.7e-4,1.11454,-66.78718,6.36819,-0.94116,0.09235,0.01082,-0.00981,0.00281,-3.2e-4,NA,NA,NA,NA,NA,NA,NA,NA,NA,NA,NA,NA,NA,NA,NA,NA,NA,NA,NA,NA,NA,NA,Low,Low,Low,High,High,NA,NA,NA,NA,NA,NA,NA,NA,NA,NA,NA,NA,NA,NA,NA,NA,NA,NA,NA,NA,NA,NA,NA,NA,NA,NA,NA,NA,NA,NA,NA,NA,NA,NA,NA,NA,NA,NA,NA,NA,NA,NA,NA,NA,NA,NA,NA,NA,NA,NA,NA,NA,NA,NA,NA
NA,NA,NA,NA,NA,NA,NA,NA,NA,NA,NA,NA,NA,NA,NA,NA,100,2025-10-18,09:17:12,NA,NA,NA,NA,Undefined,GEO_PAT,"Meeks, Gardner",1000324679,Right,GEO_PAT,Undefined,1,Bottom,0,0,0,Undefined,Curveball,Undefined,Undefined,Undefined,Undefined,0,0,NA,48.86963,-0.571329,-3.685295,1012.090647,213.505302,01:00:00,4.27494,0.51856,28.70679,-33.31962,3.95355,2.04437,1.19467,-1.26823,46.55852,-11.135611,-3.043025,0.43941,85.51569,32.071223,-0.362936,2605.490266,109.72323,56.60919,7.79836,294.69032,294.69032,9.766451,4.441798,-4.39244,6.91481,-1.74047,50,3.58364,5.18692,-74.0817,6.32513,-2.39167,10.51815,-28.40898,GEO_PAT,NA,SpuhlerFieldMain,NA,NA,20251018-SpuhlerFieldMain-BP-1,c2cc3b90-ac24-11f0-81f2-195cbb24ffac,85.77974,67.62199,NA,2.31111,NA,NA,NA,2.30895,1.36793,1.22065,de988b4a-7493-4841-bf63-462d2c1b23e8,2025-10-18,13:17:12,2025-10-18T13:17:12Z,2025-10-18T13:17:12Z,FlyBall,v3,471300,NA,NA,NA,NA,Undefined,GEO_PAT,f7e3dac2-f4be-4fb5-be96-21182668bb6f,31.80065,-71.45104,5.25907,4.27706,-0.78015,-14.20449,-0.51799,4.58874,-1.19583,217.30025,2.3097,106.26427,-18.82328,4.0932,-0.82358,0.17796,-0.04256,0.00709,-4.8e-4,1.36903,66.56737,-18.59852,0.94175,0.17664,-0.18503,0.06345,-0.00983,5.7e-4,1.22082,-0.67452,7.10354,-2.29686,0.59452,-0.13821,0.02806,-0.0037200000000000002,2.1e-4,NA,NA,NA,NA,NA,NA,NA,NA,NA,NA,NA,NA,NA,NA,NA,NA,NA,NA,NA,NA,NA,NA,High,High,High,High,High,NA,NA,NA,NA,NA,NA,NA,NA,NA,NA,NA,NA,NA,NA,NA,NA,NA,NA,NA,NA,NA,NA,NA,NA,NA,NA,NA,NA,NA,NA,NA,NA,NA,NA,NA,NA,NA,NA,NA,NA,NA,NA,NA,NA,NA,NA,NA,NA,NA,NA,NA,NA,NA,NA,NA
NA,NA,NA,NA,NA,NA,NA,NA,NA,NA,NA,NA,NA,NA,NA,NA,101,2025-10-18,09:17:17,NA,NA,NA,NA,Undefined,GEO_PAT,"Meeks, Gardner",1000324679,Right,GEO_PAT,Undefined,1,Bottom,0,0,0,Undefined,NA,Undefined,Undefined,Undefined,Undefined,0,0,NA,50.60492,-4.575728,-5.229555,2113.861044,NA,NA,5.15244,0.62908,28.5346,NA,NA,NA,1.1138,-1.41423,46.13932,-10.767048,-2.418079,0.437259,89.36986,14.828237,-21.960241,853.846038,101.5882,14.82204,-42.18795,183.59283,183.59283,-24.112553,1.824008,-16.1169,29.97616,-2.46614,50,6.11322,8.78438,-77.46845,-2.19274,-9.03206,16.64559,-15.37511,GEO_PAT,NA,SpuhlerFieldMain,NA,NA,20251018-SpuhlerFieldMain-BP-1,c54c08a0-ac24-11f0-81f2-195cbb24ffac,86.20155,15.06407,NA,4.46559,NA,NA,NA,2.10237,1.22624,1.05573,de988b4a-7493-4841-bf63-462d2c1b23e8,2025-10-18,13:17:17,2025-10-18T13:17:17Z,2025-10-18T13:17:17Z,LineDrive,v3,471300,NA,NA,NA,NA,Undefined,GEO_PAT,b454f83f-6066-4edb-bdea-765a0ed50913,31.969360000000002,-73.49217,8.3228,5.15074,-5.86553,-7.68756,-0.62544,6.62681,-4.51603,82.787098,2.10237,117.51675,-19.56468,3.8081,-0.87157,0.19089,-0.0399,0.00638,-5.2e-4,1.22624,33.54514,-22.17655,2.63183,-0.59908,0.13858,-0.02775,0.00445,-3.8e-4,1.05573,-47.38502,3.91421,-0.62084,0.13951,-0.0301,0.00653,-0.00106,9e-5,NA,NA,NA,NA,NA,NA,NA,NA,NA,NA,NA,NA,NA,NA,NA,NA,NA,NA,NA,NA,NA,NA,Low,Low,Low,Medium,High,NA,NA,NA,NA,NA,NA,NA,NA,NA,NA,NA,NA,NA,NA,NA,NA,NA,NA,NA,NA,NA,NA,NA,NA,NA,NA,NA,NA,NA,NA,NA,NA,NA,NA,NA,NA,NA,NA,NA,NA,NA,NA,NA,NA,NA,NA,NA,NA,NA,NA,NA,NA,NA,NA,NA
NA,NA,NA,NA,NA,NA,NA,NA,NA,NA,NA,NA,NA,NA,NA,NA,102,2025-10-18,09:17:32,NA,NA,NA,NA,Undefined,GEO_PAT,"Meeks, Gardner",1000324679,Right,GEO_PAT,Undefined,1,Bottom,0,0,0,Undefined,NA,Undefined,Undefined,Undefined,Undefined,0,0,NA,50.93786,-6.849527,-4.325143,2032.327496,NA,NA,4.83371,0.34399,28.55343,NA,NA,NA,-0.19239,-1.92324,46.68353,-12.086045,-4.166318,0.43504,NA,NA,NA,NA,NA,NA,NA,NA,NA,NA,NA,-2.92103,34.64159,-1.71874,50,6.57246,5.96239,-77.59965,-5.80013,-1.65114,16.27219,-12.59261,GEO_PAT,NA,SpuhlerFieldMain,NA,NA,20251018-SpuhlerFieldMain-BP-1,cebe6630-ac24-11f0-81f2-195cbb24ffac,86.64129,NA,NA,4.25432,NA,NA,NA,NA,NA,NA,de988b4a-7493-4841-bf63-462d2c1b23e8,2025-10-18,13:17:32,2025-10-18T13:17:32Z,2025-10-18T13:17:32Z,NA,v3,471300,NA,NA,NA,NA,Undefined,GEO_PAT,3aaec2c1-baf1-4ea0-840a-43ebe502042e,31.94749,-73.71701,8.1361,4.83005,-8.8048,-6.29631,-0.34308,5.56842,-0.82557,NA,NA,NA,NA,NA,NA,NA,NA,NA,NA,NA,NA,NA,NA,NA,NA,NA,NA,NA,NA,NA,NA,NA,NA,NA,NA,NA,NA,NA,NA,NA,NA,NA,NA,NA,NA,NA,NA,NA,NA,NA,NA,NA,NA,NA,NA,NA,NA,NA,NA,Low,Low,Low,NA,NA,NA,NA,NA,NA,NA,NA,NA,NA,NA,NA,NA,NA,NA,NA,NA,NA,NA,NA,NA,NA,NA,NA,NA,NA,NA,NA,NA,NA,NA,NA,NA,NA,NA,NA,NA,NA,NA,NA,NA,NA,NA,NA,NA,NA,NA,NA,NA,NA,NA,NA,NA,NA,NA,NA,NA
NA,NA,NA,NA,NA,NA,NA,NA,NA,NA,NA,NA,NA,NA,NA,NA,103,2025-10-18,09:17:36,NA,NA,NA,NA,Undefined,GEO_PAT,"Meeks, Gardner",1000324679,Right,GEO_PAT,Undefined,1,Bottom,0,0,0,Undefined,NA,Undefined,Undefined,Undefined,Undefined,0,0,NA,50.48135,-4.405126,-4.625115,2093.187891,NA,NA,4.98188,0.46525,28.58719,NA,NA,NA,1.02946,-1.24591,46.0219,-10.656751,-1.792925,0.437181,86.91772,12.791101,-31.343429,1867.104989,NA,NA,NA,133.43428,126.06106,-33.659439,1.232791,-15.89584,29.74206,-2.11685,50,5.88378,7.96657,-77.39493,-1.90206,-8.88355,16.68484,-15.5524,GEO_PAT,NA,SpuhlerFieldMain,NA,NA,20251018-SpuhlerFieldMain-BP-1,d1008e00-ac24-11f0-81f2-195cbb24ffac,86.21706,8.82963,NA,4.45945,NA,NA,NA,2.10717,1.11157,0.92846,de988b4a-7493-4841-bf63-462d2c1b23e8,2025-10-18,13:17:36,2025-10-18T13:17:36Z,2025-10-18T13:17:36Z,LineDrive,v3,471300,NA,NA,NA,NA,Undefined,GEO_PAT,755194a5-b3a1-4bdd-9b94-7d3c6b5b204f,31.91663,-73.39305,8.34242,4.98021,-5.63233,-7.7762,-0.46158,5.83584,-4.44178,NA,2.10717,106.17355,-17.1086,2.71986,-0.5074,0.05287,-0.00185,-2.5e-4,1.8e-4,1.11157,28.2235,-28.06447,4.62507,-1.07357,0.24343,-0.04699,0.00872,-9.8e-4,0.92846,-64.66481,1.49914,2.00563,-0.74907,0.24182,-0.05836,0.01186,-0.00146,NA,NA,NA,NA,NA,NA,NA,NA,NA,NA,NA,NA,NA,NA,NA,NA,NA,NA,NA,NA,NA,NA,Low,Low,Low,High,High,NA,NA,NA,NA,NA,NA,NA,NA,NA,NA,NA,NA,NA,NA,NA,NA,NA,NA,NA,NA,NA,NA,NA,NA,NA,NA,NA,NA,NA,NA,NA,NA,NA,NA,NA,NA,NA,NA,NA,NA,NA,NA,NA,NA,NA,NA,NA,NA,NA,NA,NA,NA,NA,NA,NA
NA,NA,NA,NA,NA,NA,NA,NA,NA,NA,NA,NA,NA,NA,NA,NA,104,2025-10-18,09:17:40,NA,NA,NA,NA,Undefined,GEO_PAT,"Meeks, Gardner",1000324679,Right,GEO_PAT,Undefined,1,Bottom,0,0,0,Undefined,NA,Undefined,Undefined,Undefined,Undefined,0,0,NA,50.69325,-4.889455,-5.506902,1057.020114,NA,NA,5.02343,0.55674,28.80089,NA,NA,NA,0.8767,-1.62154,46.28778,-10.968925,-2.715846,0.432757,NA,NA,NA,NA,NA,NA,NA,NA,NA,NA,NA,-16.23572,30.13612,-2.51356,50,6.09627,9.20236,-77.56677,-2.595,-9.1345,16.57347,-15.21891,GEO_PAT,NA,SpuhlerFieldMain,NA,NA,20251018-SpuhlerFieldMain-BP-1,d3851600-ac24-11f0-81f2-195cbb24ffac,87.09843,NA,NA,4.40547,NA,NA,NA,NA,NA,NA,de988b4a-7493-4841-bf63-462d2c1b23e8,2025-10-18,13:17:40,2025-10-18T13:17:40Z,2025-10-18T13:17:40Z,NA,v3,471300,NA,NA,NA,NA,Undefined,GEO_PAT,0333b6b9-bc82-486c-a77a-d4163907f214,31.70303,-73.55349,8.28674,5.02169,-6.28028,-7.60946,-0.55301,6.99042,-4.56725,NA,NA,NA,NA,NA,NA,NA,NA,NA,NA,NA,NA,NA,NA,NA,NA,NA,NA,NA,NA,NA,NA,NA,NA,NA,NA,NA,NA,NA,NA,NA,NA,NA,NA,NA,NA,NA,NA,NA,NA,NA,NA,NA,NA,NA,NA,NA,NA,NA,NA,Low,Low,Low,NA,NA,NA,NA,NA,NA,NA,NA,NA,NA,NA,NA,NA,NA,NA,NA,NA,NA,NA,NA,NA,NA,NA,NA,NA,NA,NA,NA,NA,NA,NA,NA,NA,NA,NA,NA,NA,NA,NA,NA,NA,NA,NA,NA,NA,NA,NA,NA,NA,NA,NA,NA,NA,NA,NA,NA,NA
NA,NA,NA,NA,NA,NA,NA,NA,NA,NA,NA,NA,NA,NA,NA,NA,105,2025-10-18,09:17:49,NA,NA,NA,NA,Undefined,GEO_PAT,"Meeks, Gardner",1000324679,Right,GEO_PAT,Undefined,1,Bottom,0,0,0,Undefined,NA,Undefined,Undefined,Undefined,Undefined,0,0,NA,50.5088,-4.498024,-4.904599,2063.395867,NA,NA,4.9489,0.47399,28.4444,NA,NA,NA,0.91749,-1.38428,46.04118,-10.783074,-2.031554,0.439256,76.85415,-1.673373,-32.187571,NA,NA,NA,NA,NA,9.58184,NA,NA,-16.18603,29.77864,-2.20087,50,5.87682,8.34674,-77.35362,-2.05573,-9.03971,16.63424,-15.543,GEO_PAT,NA,SpuhlerFieldMain,NA,NA,20251018-SpuhlerFieldMain-BP-1,d8963c50-ac24-11f0-81f2-195cbb24ffac,85.8098,-0.29288,NA,4.46762,NA,NA,NA,NA,NA,NA,de988b4a-7493-4841-bf63-462d2c1b23e8,2025-10-18,13:17:49,2025-10-18T13:17:49Z,2025-10-18T13:17:49Z,NA,v3,471300,NA,NA,NA,NA,Undefined,GEO_PAT,d86d4f45-6f4a-42d3-8842-f8fd9fb79f13,32.05942,-73.39433,8.31712,4.94723,-5.75529,-7.7715,-0.47024,6.1951,-4.51986,NA,-2.60715,95.00913,-16.81724,NA,NA,NA,NA,NA,NA,-0.30487,-2.85275,2.27493,NA,NA,NA,NA,NA,NA,4.32892,-59.74808,12.11161,NA,NA,NA,NA,NA,NA,NA,NA,NA,NA,NA,NA,NA,NA,NA,NA,NA,NA,NA,NA,NA,NA,NA,NA,NA,NA,NA,NA,Low,Low,Low,Low,Undefined,NA,NA,NA,NA,NA,NA,NA,NA,NA,NA,NA,NA,NA,NA,NA,NA,NA,NA,NA,NA,NA,NA,NA,NA,NA,NA,NA,NA,NA,NA,NA,NA,NA,NA,NA,NA,NA,NA,NA,NA,NA,NA,NA,NA,NA,NA,NA,NA,NA,NA,NA,NA,NA,NA,NA
NA,NA,NA,NA,NA,NA,NA,NA,NA,NA,NA,NA,NA,NA,NA,NA,106,2025-10-18,09:18:38,NA,NA,NA,NA,Undefined,GEO_PAT,"Meeks, Gardner",1000324679,Right,GEO_PAT,Undefined,1,Bottom,0,0,0,Undefined,NA,Undefined,Undefined,Undefined,Undefined,0,0,NA,47.51157,-1.81955,-5.628069,1192.268049,NA,NA,4.72275,0.7225,28.69129,NA,NA,NA,1.63506,-1.30792,43.22341,-10.12376,-2.009946,0.462852,NA,NA,NA,NA,NA,NA,NA,NA,NA,NA,NA,-20.39808,25.96108,-2.76281,50,4.65345,9.28373,-73.01279,2.73987,-10.10794,15.1156,-19.30945,GEO_PAT,NA,SpuhlerFieldMain,NA,NA,20251018-SpuhlerFieldMain-BP-1,f5e1ee30-ac24-11f0-81f2-195cbb24ffac,81.43524,NA,NA,4.28816,NA,NA,NA,NA,NA,NA,de988b4a-7493-4841-bf63-462d2c1b23e8,2025-10-18,13:18:38,2025-10-18T13:18:38Z,2025-10-18T13:18:38Z,NA,v3,471300,NA,NA,NA,NA,Undefined,GEO_PAT,76f13046-349a-4dde-aeeb-bcb2532ef134,31.81309,-69.14517,7.5578,4.72242,-2.20082,-9.65472,-0.71826,6.69742,-5.05397,NA,NA,NA,NA,NA,NA,NA,NA,NA,NA,NA,NA,NA,NA,NA,NA,NA,NA,NA,NA,NA,NA,NA,NA,NA,NA,NA,NA,NA,NA,NA,NA,NA,NA,NA,NA,NA,NA,NA,NA,NA,NA,NA,NA,NA,NA,NA,NA,NA,NA,Low,Low,Low,NA,NA,NA,NA,NA,NA,NA,NA,NA,NA,NA,NA,NA,NA,NA,NA,NA,NA,NA,NA,NA,NA,NA,NA,NA,NA,NA,NA,NA,NA,NA,NA,NA,NA,NA,NA,NA,NA,NA,NA,NA,NA,NA,NA,NA,NA,NA,NA,NA,NA,NA,NA,NA,NA,NA,NA,NA
NA,NA,NA,NA,NA,NA,NA,NA,NA,NA,NA,NA,NA,NA,NA,NA,107,2025-10-18,09:18:42,NA,NA,NA,NA,Undefined,GEO_PAT,"Meeks, Gardner",1000324679,Right,GEO_PAT,Undefined,1,Bottom,0,0,0,Undefined,Curveball,Undefined,Undefined,Undefined,Undefined,0,0,NA,45.95277,0.548089,-2.94481,1139.51625,186.115073,12:15:00,4.17069,0.53452,28.97112,-37.86545,4.08217,0.31524,1.30377,-0.98874,43.27598,-11.625705,-2.84463,0.466149,NA,NA,NA,NA,NA,NA,NA,NA,NA,NA,NA,-1.70476,6.84386,-1.49209,50,2.97746,3.67458,-70.24328,8.33366,-0.81383,11.25001,-28.90691,GEO_PAT,NA,SpuhlerFieldMain,NA,NA,20251018-SpuhlerFieldMain-BP-1,f850f260-ac24-11f0-81f2-195cbb24ffac,80.85918,NA,NA,2.67679,NA,NA,NA,NA,NA,NA,de988b4a-7493-4841-bf63-462d2c1b23e8,2025-10-18,13:18:42,2025-10-18T13:18:42Z,2025-10-18T13:18:42Z,NA,v3,471300,NA,NA,NA,NA,Undefined,GEO_PAT,6dffb608-b7bd-4ce5-840d-c5b0f48b51aa,31.53597,-67.2211,5.625,4.17314,0.56818,-14.45346,-0.53432,3.45595,-0.40692,NA,NA,NA,NA,NA,NA,NA,NA,NA,NA,NA,NA,NA,NA,NA,NA,NA,NA,NA,NA,NA,NA,NA,NA,NA,NA,NA,NA,NA,NA,NA,NA,NA,NA,NA,NA,NA,NA,NA,NA,NA,NA,NA,NA,NA,NA,NA,NA,NA,NA,Medium,Medium,Medium,NA,NA,NA,NA,NA,NA,NA,NA,NA,NA,NA,NA,NA,NA,NA,NA,NA,NA,NA,NA,NA,NA,NA,NA,NA,NA,NA,NA,NA,NA,NA,NA,NA,NA,NA,NA,NA,NA,NA,NA,NA,NA,NA,NA,NA,NA,NA,NA,NA,NA,NA,NA,NA,NA,NA,NA,NA
NA,NA,NA,NA,NA,NA,NA,NA,NA,NA,NA,NA,NA,NA,NA,NA,108,2025-10-18,09:18:46,NA,NA,NA,NA,Undefined,GEO_PAT,"Meeks, Gardner",1000324679,Right,GEO_PAT,Undefined,1,Bottom,0,0,0,Undefined,Changeup,Undefined,Undefined,Undefined,Undefined,0,0,NA,45.56817,-1.126401,-3.487409,1134.436727,240.139475,02:00:00,4.1715,0.68226,28.7591,-38.45959,4.42882,5.84674,0.369,-0.67913,43.54892,-13.289229,-1.642759,0.471348,NA,NA,NA,NA,NA,NA,NA,NA,NA,NA,NA,-10.3302,7.88823,-1.93932,50,3.5179,5.3388,-69.25,6.26229,-4.87695,9.73532,-28.44998,GEO_PAT,NA,SpuhlerFieldMain,NA,NA,20251018-SpuhlerFieldMain-BP-1,fad50530-ac24-11f0-81f2-195cbb24ffac,79.9674,NA,NA,2.01925,NA,NA,NA,NA,NA,NA,de988b4a-7493-4841-bf63-462d2c1b23e8,2025-10-18,13:18:46,2025-10-18T13:18:46Z,2025-10-18T13:18:46Z,NA,v3,471300,NA,NA,NA,NA,Undefined,GEO_PAT,8e5bd091-633e-4186-b140-fabb30684301,31.7487,-66.63482,4.86766,4.17363,-1.3802,-14.22499,-0.68113,4.02871,-2.43848,NA,NA,NA,NA,NA,NA,NA,NA,NA,NA,NA,NA,NA,NA,NA,NA,NA,NA,NA,NA,NA,NA,NA,NA,NA,NA,NA,NA,NA,NA,NA,NA,NA,NA,NA,NA,NA,NA,NA,NA,NA,NA,NA,NA,NA,NA,NA,NA,NA,NA,High,High,High,NA,NA,NA,NA,NA,NA,NA,NA,NA,NA,NA,NA,NA,NA,NA,NA,NA,NA,NA,NA,NA,NA,NA,NA,NA,NA,NA,NA,NA,NA,NA,NA,NA,NA,NA,NA,NA,NA,NA,NA,NA,NA,NA,NA,NA,NA,NA,NA,NA,NA,NA,NA,NA,NA,NA,NA,NA
NA,NA,NA,NA,NA,NA,NA,NA,NA,NA,NA,NA,NA,NA,NA,NA,109,2025-10-18,09:18:56,NA,NA,NA,NA,Undefined,GEO_PAT,"Meeks, Gardner",1000324679,Right,GEO_PAT,Undefined,1,Bottom,0,0,0,Undefined,Changeup,Undefined,Undefined,Undefined,Undefined,0,0,NA,47.90055,0.677756,-1.57643,1094.685487,231.819398,01:45:00,4.2606,0.48893,28.6782,-34.11518,4.07437,4.28914,1.7776,0.00931,46.14883,-10.127301,-0.226386,0.444778,NA,NA,NA,NA,NA,NA,NA,NA,NA,NA,NA,-7.07937,6.64615,-1.09782,50,3.13078,2.86819,-72.23482,8.08939,-3.75607,8.0858,-28.64783,GEO_PAT,NA,SpuhlerFieldMain,NA,NA,20251018-SpuhlerFieldMain-BP-1,00bbf210-ac25-11f0-81f2-195cbb24ffac,84.74435,NA,NA,1.75172,NA,NA,NA,NA,NA,NA,de988b4a-7493-4841-bf63-462d2c1b23e8,2025-10-18,13:18:56,2025-10-18T13:18:56Z,2025-10-18T13:18:56Z,NA,v3,471300,NA,NA,NA,NA,Undefined,GEO_PAT,67d0fe82-f668-4b04-bdb9-9ad7e00f23ac,31.8299,-70.17143,4.0429,4.2623,0.77884,-14.32391,-0.4882,1.90969,-1.87803,NA,NA,NA,NA,NA,NA,NA,NA,NA,NA,NA,NA,NA,NA,NA,NA,NA,NA,NA,NA,NA,NA,NA,NA,NA,NA,NA,NA,NA,NA,NA,NA,NA,NA,NA,NA,NA,NA,NA,NA,NA,NA,NA,NA,NA,NA,NA,NA,NA,NA,High,High,High,NA,NA,NA,NA,NA,NA,NA,NA,NA,NA,NA,NA,NA,NA,NA,NA,NA,NA,NA,NA,NA,NA,NA,NA,NA,NA,NA,NA,NA,NA,NA,NA,NA,NA,NA,NA,NA,NA,NA,NA,NA,NA,NA,NA,NA,NA,NA,NA,NA,NA,NA,NA,NA,NA,NA,NA,NA
NA,NA,NA,NA,NA,NA,NA,NA,NA,NA,NA,NA,NA,NA,NA,NA,110,2025-10-18,09:19:00,NA,NA,NA,NA,Undefined,GEO_PAT,"Meeks, Gardner",1000324679,Right,GEO_PAT,Undefined,1,Bottom,0,0,0,Undefined,NA,Undefined,Undefined,Undefined,Undefined,0,0,NA,50.52258,-4.915349,-5.211805,1267.653406,NA,NA,4.73946,0.46907,28.563110000000002,NA,NA,NA,0.34546,-1.31195,46.17094,-11.739214,-1.458179,0.437685,NA,NA,NA,NA,NA,NA,NA,NA,NA,NA,NA,-20.49131,27.18966,-2.36318,50,5.76442,9.29302,-77.3063,-2.24248,-11.44209,16.52925,-16.99169,GEO_PAT,NA,SpuhlerFieldMain,NA,NA,20251018-SpuhlerFieldMain-BP-1,033fb6c0-ac25-11f0-81f2-195cbb24ffac,86.117679999999993,NA,NA,4.35164,NA,NA,NA,NA,NA,NA,de988b4a-7493-4841-bf63-462d2c1b23e8,2025-10-18,13:19:00,2025-10-18T13:19:00Z,2025-10-18T13:19:00Z,NA,v3,471300,NA,NA,NA,NA,Undefined,GEO_PAT,aacb4357-a101-40df-a60a-41935c95a49b,31.94082,-73.34341,8.26462,4.73845,-6.31624,-8.49585,-0.46402,6.54977,-5.72104,NA,NA,NA,NA,NA,NA,NA,NA,NA,NA,NA,NA,NA,NA,NA,NA,NA,NA,NA,NA,NA,NA,NA,NA,NA,NA,NA,NA,NA,NA,NA,NA,NA,NA,NA,NA,NA,NA,NA,NA,NA,NA,NA,NA,NA,NA,NA,NA,NA,NA,Low,Low,Low,NA,NA,NA,NA,NA,NA,NA,NA,NA,NA,NA,NA,NA,NA,NA,NA,NA,NA,NA,NA,NA,NA,NA,NA,NA,NA,NA,NA,NA,NA,NA,NA,NA,NA,NA,NA,NA,NA,NA,NA,NA,NA,NA,NA,NA,NA,NA,NA,NA,NA,NA,NA,NA,NA,NA,NA,NA
NA,NA,NA,NA,NA,NA,NA,NA,NA,NA,NA,NA,NA,NA,NA,NA,111,2025-10-18,09:19:05,NA,NA,NA,NA,Undefined,GEO_PAT,"Meeks, Gardner",1000324679,Right,GEO_PAT,Undefined,1,Bottom,0,0,0,Undefined,Curveball,Undefined,Undefined,Undefined,Undefined,0,0,NA,48.63491,-0.791154,-1.789519,1230.341684,185.166757,12:15:00,4.22015,0.35982,28.75192,-35.7175,1.44772,0.06142,0.8245,-0.58302,46.80056,-12.079074,-1.770093,0.438773,88.82761,-0.202937,-16.069074,838.595642,NA,NA,NA,23.21273,23.21273,-13.99955,0.169305,-0.64819,2.94394,-0.93134,50,3.51685,2.31449,-73.66883,6.64968,-0.35247,9.61168,-30.57325,GEO_PAT,NA,SpuhlerFieldMain,NA,NA,20251018-SpuhlerFieldMain-BP-1,05bcc4b0-ac25-11f0-81f2-195cbb24ffac,85.90421,0.85358,NA,1.83435,NA,NA,NA,1.82436,0.85358,0.48378,de988b4a-7493-4841-bf63-462d2c1b23e8,2025-10-18,13:19:05,2025-10-18T13:19:05Z,2025-10-18T13:19:05Z,GroundBall,v3,471300,NA,NA,NA,NA,Undefined,GEO_PAT,c06d2037-0f92-495b-b698-fb5f489882d0,31.75663,-71.24884,4.80584,4.22204,-1.04792,-15.28662,-0.35977,2.22575,-0.17624,22.967228,1.82466,125.16637,-17.19868,NA,NA,NA,NA,NA,NA,0.85448,-0.53185,-26.6996,NA,NA,NA,NA,NA,NA,0.48396,-36.07448,0.27816,NA,NA,NA,NA,NA,NA,NA,NA,NA,NA,NA,NA,NA,NA,NA,NA,NA,NA,NA,NA,NA,NA,NA,NA,NA,NA,NA,NA,Medium,Medium,Medium,Medium,High,NA,NA,NA,NA,NA,NA,NA,NA,NA,NA,NA,NA,NA,NA,NA,NA,NA,NA,NA,NA,NA,NA,NA,NA,NA,NA,NA,NA,NA,NA,NA,NA,NA,NA,NA,NA,NA,NA,NA,NA,NA,NA,NA,NA,NA,NA,NA,NA,NA,NA,NA,NA,NA,NA,NA
NA,NA,NA,NA,NA,NA,NA,NA,NA,NA,NA,NA,NA,NA,NA,NA,112,2025-10-18,09:19:18,NA,NA,NA,NA,Undefined,GEO_PAT,"Meeks, Gardner",1000324679,Right,GEO_PAT,Undefined,1,Bottom,0,0,0,Undefined,NA,Undefined,Undefined,Undefined,Undefined,0,0,NA,48.30927,-1.857307,-4.23485,1096.055852,NA,NA,4.6484,0.34761,28.54974,NA,NA,NA,1.62966,-0.9324,44.03912,-9.774095,-0.561353,0.455979,NA,NA,NA,NA,NA,NA,NA,NA,NA,NA,NA,-19.75505,25.54155,-1.9309,50,4.62543,7.63496,-74.29711,2.46174,-10.17171,15.39424,-19.02292,GEO_PAT,NA,SpuhlerFieldMain,NA,NA,20251018-SpuhlerFieldMain-BP-1,0d893a70-ac25-11f0-81f2-195cbb24ffac,82.66275,NA,NA,4.27016,NA,NA,NA,NA,NA,NA,de988b4a-7493-4841-bf63-462d2c1b23e8,2025-10-18,13:19:18,2025-10-18T13:19:18Z,2025-10-18T13:19:18Z,NA,v3,471300,NA,NA,NA,NA,Undefined,GEO_PAT,32b1525d-1cd3-4b76-90b8-f066359842d3,31.95479,-70.45903,7.69712,4.64796,-2.28103,-9.51146,-0.34349,5.09897,-5.08586,NA,NA,NA,NA,NA,NA,NA,NA,NA,NA,NA,NA,NA,NA,NA,NA,NA,NA,NA,NA,NA,NA,NA,NA,NA,NA,NA,NA,NA,NA,NA,NA,NA,NA,NA,NA,NA,NA,NA,NA,NA,NA,NA,NA,NA,NA,NA,NA,NA,NA,Low,Low,Low,NA,NA,NA,NA,NA,NA,NA,NA,NA,NA,NA,NA,NA,NA,NA,NA,NA,NA,NA,NA,NA,NA,NA,NA,NA,NA,NA,NA,NA,NA,NA,NA,NA,NA,NA,NA,NA,NA,NA,NA,NA,NA,NA,NA,NA,NA,NA,NA,NA,NA,NA,NA,NA,NA,NA,NA,NA
NA,NA,NA,NA,NA,NA,NA,NA,NA,NA,NA,NA,NA,NA,NA,NA,113,2025-10-18,09:19:21,NA,NA,NA,NA,Undefined,GEO_PAT,"Meeks, Gardner",1000324679,Right,GEO_PAT,Undefined,1,Bottom,0,0,0,Undefined,NA,Undefined,Undefined,Undefined,Undefined,0,0,NA,47.41098,0.095745,-3.149412,1238.639744,NA,NA,3.83434,0.1354,29.22008,NA,NA,NA,0.76815,-1.52584,45.96465,-11.878307,-3.216703,0.441734,NA,NA,NA,NA,NA,NA,NA,NA,NA,NA,NA,-0.51669,0.78012,-1.15893,50,2.70096,3.89119,-71.55618,8.49256,-0.26846,8.09203,-31.76871,GEO_PAT,NA,SpuhlerFieldMain,NA,NA,20251018-SpuhlerFieldMain-BP-1,0fa3b600-ac25-11f0-81f2-195cbb24ffac,85.3284,NA,NA,1.44633,NA,NA,NA,NA,NA,NA,de988b4a-7493-4841-bf63-462d2c1b23e8,2025-10-18,13:19:21,2025-10-18T13:19:21Z,2025-10-18T13:19:21Z,NA,v3,471300,NA,NA,NA,NA,Undefined,GEO_PAT,1ff4f65b-a326-43a8-a8f7-5776b00f8104,31.289,-69.40797,4.04601,3.83604,0.05887,-15.88436,-0.13539,3.81992,-0.13423,NA,NA,NA,NA,NA,NA,NA,NA,NA,NA,NA,NA,NA,NA,NA,NA,NA,NA,NA,NA,NA,NA,NA,NA,NA,NA,NA,NA,NA,NA,NA,NA,NA,NA,NA,NA,NA,NA,NA,NA,NA,NA,NA,NA,NA,NA,NA,NA,NA,NA,Low,Low,Low,NA,NA,NA,NA,NA,NA,NA,NA,NA,NA,NA,NA,NA,NA,NA,NA,NA,NA,NA,NA,NA,NA,NA,NA,NA,NA,NA,NA,NA,NA,NA,NA,NA,NA,NA,NA,NA,NA,NA,NA,NA,NA,NA,NA,NA,NA,NA,NA,NA,NA,NA,NA,NA,NA,NA,NA,NA
NA,NA,NA,NA,NA,NA,NA,NA,NA,NA,NA,NA,NA,NA,NA,NA,114,2025-10-18,09:19:26,NA,NA,NA,NA,Undefined,GEO_PAT,"Meeks, Gardner",1000324679,Right,GEO_PAT,Undefined,1,Bottom,0,0,0,Undefined,NA,Undefined,Undefined,Undefined,Undefined,0,0,NA,49.91113,-2.636911,-5.455185,2481.944853,NA,NA,4.38548,0.52213,28.76359,NA,NA,NA,1.04121,-1.25384,45.39374,-10.259999,-1.240749,0.439547,NA,NA,NA,NA,NA,NA,NA,NA,NA,NA,NA,-22.86352,23.46954,-2.54552,50,4.62828,9.82565,-76.65508,1.37173,-12.50867,16.53108,-19.33382,GEO_PAT,NA,SpuhlerFieldMain,NA,NA,20251018-SpuhlerFieldMain-BP-1,1274fe70-ac25-11f0-81f2-195cbb24ffac,85.75285,NA,NA,4.51738,NA,NA,NA,NA,NA,NA,de988b4a-7493-4841-bf63-462d2c1b23e8,2025-10-18,13:19:26,2025-10-18T13:19:26Z,2025-10-18T13:19:26Z,NA,v3,471300,NA,NA,NA,NA,Undefined,GEO_PAT,2d759983-c33c-4a6e-a2b6-c6dbcc8b691f,31.74,-72.61052,8.26554,4.38522,-3.35858,-9.66691,-0.51592,6.76522,-6.25434,NA,NA,NA,NA,NA,NA,NA,NA,NA,NA,NA,NA,NA,NA,NA,NA,NA,NA,NA,NA,NA,NA,NA,NA,NA,NA,NA,NA,NA,NA,NA,NA,NA,NA,NA,NA,NA,NA,NA,NA,NA,NA,NA,NA,NA,NA,NA,NA,NA,NA,Low,Low,Low,NA,NA,NA,NA,NA,NA,NA,NA,NA,NA,NA,NA,NA,NA,NA,NA,NA,NA,NA,NA,NA,NA,NA,NA,NA,NA,NA,NA,NA,NA,NA,NA,NA,NA,NA,NA,NA,NA,NA,NA,NA,NA,NA,NA,NA,NA,NA,NA,NA,NA,NA,NA,NA,NA,NA,NA,NA
NA,NA,NA,NA,NA,NA,NA,NA,NA,NA,NA,NA,NA,NA,NA,NA,115,2025-10-18,09:19:30,NA,NA,NA,NA,Undefined,GEO_PAT,"Meeks, Gardner",1000324679,Right,GEO_PAT,Undefined,1,Bottom,0,0,0,Undefined,Curveball,Undefined,Undefined,Undefined,Undefined,0,0,NA,48.55789,-0.194345,-1.5496780000000001,1154.688657,196.031675,12:30:00,4.29559,0.35123,28.84959,-33.49821,2.77551,0.65114,1.40145,-0.4127,47.48958,-10.785112,-1.343283,0.433478,67.47294,23.38922,22.681168,2808.801799,97.61955,27.16756,50.69918,197.18995,197.18995,31.349033,2.806828,-1.34744,4.83394,-0.86517,50,3.41215,2.11181,-72.79521,7.23291,-0.74213,6.42876,-29.51168,GEO_PAT,NA,SpuhlerFieldMain,NA,NA,20251018-SpuhlerFieldMain-BP-1,14ae73b0-ac25-11f0-81f2-195cbb24ffac,86.95345,27.19189,NA,1.06831,NA,NA,NA,0.71871,1.32331,0.40581,de988b4a-7493-4841-bf63-462d2c1b23e8,2025-10-18,13:19:30,2025-10-18T13:19:30Z,2025-10-18T13:19:30Z,LineDrive,v3,471300,NA,NA,NA,NA,Undefined,GEO_PAT,c529a5e9-96ef-42f3-beb8-aa8676932cf3,31.65903,-71.15704,3.21438,4.2971,-0.28726,-14.75584,-0.35113,1.9227,-0.37107,224.163457,0.71879,83.80093,-13.5071,2.69275,-0.41445,-0.0081,0.0325,-0.00979,0.00104,1.32325,39.28759,-15.84723,0.89453,-0.23503,0.10955,-0.04409,0.01064,-0.00106,0.40581,35.02395,0.75916,-0.14326,0.01944,0.0022,-0.00243,6.8e-4,-7e-5,NA,NA,NA,NA,NA,NA,NA,NA,NA,NA,NA,NA,NA,NA,NA,NA,NA,NA,NA,NA,NA,NA,Medium,High,Medium,High,High,NA,NA,NA,NA,NA,NA,NA,NA,NA,NA,NA,NA,NA,NA,NA,NA,NA,NA,NA,NA,NA,NA,NA,NA,NA,NA,NA,NA,NA,NA,NA,NA,NA,NA,NA,NA,NA,NA,NA,NA,NA,NA,NA,NA,NA,NA,NA,NA,NA,NA,NA,NA,NA,NA,NA
NA,NA,NA,NA,NA,NA,NA,NA,NA,NA,NA,NA,NA,NA,NA,NA,116,2025-10-18,09:19:36,NA,NA,NA,NA,Undefined,GEO_PAT,"Meeks, Gardner",1000324679,Right,GEO_PAT,Undefined,1,Bottom,0,0,0,Undefined,NA,Undefined,Undefined,Undefined,Undefined,0,0,NA,49.46853,-1.980223,-3.613096,1831.392527,NA,NA,4.68554,0.26982,28.38698,NA,NA,NA,1.54405,-0.499,44.89786,-10.052972,0.750337,0.448604,NA,NA,NA,NA,NA,NA,NA,NA,NA,NA,NA,-22.56667,22.52946,-1.6782300000000001,50,4.70725,7.33022,-76.26221,2.32527,-12.14152,16.86811,-20.05256,GEO_PAT,NA,SpuhlerFieldMain,NA,NA,20251018-SpuhlerFieldMain-BP-1,18228bd0-ac25-11f0-81f2-195cbb24ffac,84.0217,NA,NA,4.57067,NA,NA,NA,NA,NA,NA,de988b4a-7493-4841-bf63-462d2c1b23e8,2025-10-18,13:19:36,2025-10-18T13:19:36Z,2025-10-18T13:19:36Z,NA,v3,471300,NA,NA,NA,NA,Undefined,GEO_PAT,f7b448a2-20de-4de8-889c-e81341583412,32.11746,-72.19858,8.43406,4.68554,-2.50552,-10.02628,-0.26465,4.40526,-6.07076,NA,NA,NA,NA,NA,NA,NA,NA,NA,NA,NA,NA,NA,NA,NA,NA,NA,NA,NA,NA,NA,NA,NA,NA,NA,NA,NA,NA,NA,NA,NA,NA,NA,NA,NA,NA,NA,NA,NA,NA,NA,NA,NA,NA,NA,NA,NA,NA,NA,NA,Low,Low,Low,NA,NA,NA,NA,NA,NA,NA,NA,NA,NA,NA,NA,NA,NA,NA,NA,NA,NA,NA,NA,NA,NA,NA,NA,NA,NA,NA,NA,NA,NA,NA,NA,NA,NA,NA,NA,NA,NA,NA,NA,NA,NA,NA,NA,NA,NA,NA,NA,NA,NA,NA,NA,NA,NA,NA,NA,NA
NA,NA,NA,NA,NA,NA,NA,NA,NA,NA,NA,NA,NA,NA,NA,NA,117,2025-10-18,09:19:39,NA,NA,NA,NA,Undefined,GEO_PAT,"Meeks, Gardner",1000324679,Right,GEO_PAT,Undefined,1,Bottom,0,0,0,Undefined,Changeup,Undefined,Undefined,Undefined,Undefined,0,0,NA,48.40479,-1.589324,-4.019523,1146.28607,232.788761,01:45:00,4.27368,0.45926,28.82693,-32.67254,4.71422,5.18646,0.70913,-1.23532,46.62952,-11.926191,-2.383097,0.440079,NA,NA,NA,NA,NA,NA,NA,NA,NA,NA,NA,-9.23508,8.46957,-1.87816,50,3.89574,6.20354,-72.99986,5.01151,-4.96352,8.91343,-27.62197,GEO_PAT,NA,SpuhlerFieldMain,NA,NA,20251018-SpuhlerFieldMain-BP-1,1a74e040-ac25-11f0-81f2-195cbb24ffac,85.64934,NA,NA,1.77526,NA,NA,NA,NA,NA,NA,de988b4a-7493-4841-bf63-462d2c1b23e8,2025-10-18,13:19:39,2025-10-18T13:19:39Z,2025-10-18T13:19:39Z,NA,v3,471300,NA,NA,NA,NA,Undefined,GEO_PAT,a2b312c8-b5c9-46b8-9932-bde083ca7c8b,31.68065,-70.72767,4.45672,4.27578,-2.02982,-13.81098,-0.45803,4.93825,-2.48176,NA,NA,NA,NA,NA,NA,NA,NA,NA,NA,NA,NA,NA,NA,NA,NA,NA,NA,NA,NA,NA,NA,NA,NA,NA,NA,NA,NA,NA,NA,NA,NA,NA,NA,NA,NA,NA,NA,NA,NA,NA,NA,NA,NA,NA,NA,NA,NA,NA,NA,High,High,High,NA,NA,NA,NA,NA,NA,NA,NA,NA,NA,NA,NA,NA,NA,NA,NA,NA,NA,NA,NA,NA,NA,NA,NA,NA,NA,NA,NA,NA,NA,NA,NA,NA,NA,NA,NA,NA,NA,NA,NA,NA,NA,NA,NA,NA,NA,NA,NA,NA,NA,NA,NA,NA,NA,NA,NA,NA
NA,NA,NA,NA,NA,NA,NA,NA,NA,NA,NA,NA,NA,NA,NA,NA,118,2025-10-18,09:19:55,NA,NA,NA,NA,Undefined,GEO_PAT,"Meeks, Gardner",1000324679,Right,GEO_PAT,Undefined,1,Bottom,0,0,0,Undefined,NA,Undefined,Undefined,Undefined,Undefined,0,0,NA,49.2955,-2.73504,-4.876506,1020.093661,NA,NA,4.57882,0.57154,28.50326,NA,NA,NA,1.25818,-1.12367,44.80946,-9.987667,-1.463853,0.448741,NA,NA,NA,NA,NA,NA,NA,NA,NA,NA,NA,-18.74025,27.07994,-2.32873,50,4.88382,8.43771,-75.7143,0.91015,-9.99657,16.17542,-17.72885,GEO_PAT,NA,SpuhlerFieldMain,NA,NA,20251018-SpuhlerFieldMain-BP-1,2389db90-ac25-11f0-81f2-195cbb24ffac,83.99601,NA,NA,4.48604,NA,NA,NA,NA,NA,NA,de988b4a-7493-4841-bf63-462d2c1b23e8,2025-10-18,13:19:55,2025-10-18T13:19:55Z,2025-10-18T13:19:55Z,NA,v3,471300,NA,NA,NA,NA,Undefined,GEO_PAT,f80a6e67-e59c-44d6-9176-dd3cba39d27f,32.00024,-71.76592,8.08771,4.57781,-3.41741,-8.86443,-0.56692,5.99757,-4.99828,NA,NA,NA,NA,NA,NA,NA,NA,NA,NA,NA,NA,NA,NA,NA,NA,NA,NA,NA,NA,NA,NA,NA,NA,NA,NA,NA,NA,NA,NA,NA,NA,NA,NA,NA,NA,NA,NA,NA,NA,NA,NA,NA,NA,NA,NA,NA,NA,NA,NA,Low,Low,Low,NA,NA,NA,NA,NA,NA,NA,NA,NA,NA,NA,NA,NA,NA,NA,NA,NA,NA,NA,NA,NA,NA,NA,NA,NA,NA,NA,NA,NA,NA,NA,NA,NA,NA,NA,NA,NA,NA,NA,NA,NA,NA,NA,NA,NA,NA,NA,NA,NA,NA,NA,NA,NA,NA,NA,NA,NA
NA,NA,NA,NA,NA,NA,NA,NA,NA,NA,NA,NA,NA,NA,NA,NA,119,2025-10-18,09:19:58,NA,NA,NA,NA,Undefined,GEO_PAT,"Meeks, Gardner",1000324679,Right,GEO_PAT,Undefined,1,Bottom,0,0,0,Undefined,NA,Undefined,Undefined,Undefined,Undefined,0,0,NA,49.27062,-1.733163,-5.782928,1020.191518,NA,NA,4.72296,0.83742,28.38442,NA,NA,NA,1.77537,-1.18903,44.66114,-9.575232,-1.764428,0.451224,NA,NA,NA,NA,NA,NA,NA,NA,NA,NA,NA,-22.11702,24.18442,-2.90544,50,4.68067,9.96773,-75.62775,2.51744,-11.75633,16.23428,-19.31878,GEO_PAT,NA,SpuhlerFieldMain,NA,NA,20251018-SpuhlerFieldMain-BP-1,25a45720-ac25-11f0-81f2-195cbb24ffac,83.53385,NA,NA,4.60948,NA,NA,NA,NA,NA,NA,de988b4a-7493-4841-bf63-462d2c1b23e8,2025-10-18,13:19:58,2025-10-18T13:19:58Z,2025-10-18T13:19:58Z,NA,v3,471300,NA,NA,NA,NA,Undefined,GEO_PAT,19f5651b-d759-49b5-8364-6befaee92a25,32.11963,-71.68686,8.11714,4.72257,-2.1722,-9.65939,-0.83216,7.11387,-5.87817,NA,NA,NA,NA,NA,NA,NA,NA,NA,NA,NA,NA,NA,NA,NA,NA,NA,NA,NA,NA,NA,NA,NA,NA,NA,NA,NA,NA,NA,NA,NA,NA,NA,NA,NA,NA,NA,NA,NA,NA,NA,NA,NA,NA,NA,NA,NA,NA,NA,NA,Low,Low,Low,NA,NA,NA,NA,NA,NA,NA,NA,NA,NA,NA,NA,NA,NA,NA,NA,NA,NA,NA,NA,NA,NA,NA,NA,NA,NA,NA,NA,NA,NA,NA,NA,NA,NA,NA,NA,NA,NA,NA,NA,NA,NA,NA,NA,NA,NA,NA,NA,NA,NA,NA,NA,NA,NA,NA,NA,NA
NA,NA,NA,NA,NA,NA,NA,NA,NA,NA,NA,NA,NA,NA,NA,NA,120,2025-10-18,09:20:02,NA,NA,NA,NA,Undefined,GEO_PAT,"Meeks, Gardner",1000324679,Right,GEO_PAT,Undefined,1,Bottom,0,0,0,Undefined,Changeup,Undefined,Undefined,Undefined,Undefined,0,0,NA,49.10913,-1.155451,-3.040831,1287.366029,254.300316,02:30:00,4.24665,0.46977,28.73661,-33.33175,3.07284,8.32524,0.85587,-0.44907,47.32019,-11.684166,-0.414174,0.43426,NA,NA,NA,NA,NA,NA,NA,NA,NA,NA,NA,-13.84087,5.61083,-1.65046,50,3.71984,5.69366,-74.14654,5.74485,-7.68302,9.10395,-29.05949,GEO_PAT,NA,SpuhlerFieldMain,NA,NA,20251018-SpuhlerFieldMain-BP-1,27f91c90-ac25-11f0-81f2-195cbb24ffac,86.797,NA,NA,1.78894,NA,NA,NA,NA,NA,NA,de988b4a-7493-4841-bf63-462d2c1b23e8,2025-10-18,13:20:02,2025-10-18T13:20:02Z,2025-10-18T13:20:02Z,NA,v3,471300,NA,NA,NA,NA,Undefined,GEO_PAT,1ce0b17a-30a5-4246-8f00-9e73c0d9f7ed,31.772,-71.87361,4.55198,4.24845,-1.51027,-14.52975,-0.4684,3.77549,-3.84151,NA,NA,NA,NA,NA,NA,NA,NA,NA,NA,NA,NA,NA,NA,NA,NA,NA,NA,NA,NA,NA,NA,NA,NA,NA,NA,NA,NA,NA,NA,NA,NA,NA,NA,NA,NA,NA,NA,NA,NA,NA,NA,NA,NA,NA,NA,NA,NA,NA,NA,High,Medium,Medium,NA,NA,NA,NA,NA,NA,NA,NA,NA,NA,NA,NA,NA,NA,NA,NA,NA,NA,NA,NA,NA,NA,NA,NA,NA,NA,NA,NA,NA,NA,NA,NA,NA,NA,NA,NA,NA,NA,NA,NA,NA,NA,NA,NA,NA,NA,NA,NA,NA,NA,NA,NA,NA,NA,NA,NA,NA
NA,NA,NA,NA,NA,NA,NA,NA,NA,NA,NA,NA,NA,NA,NA,NA,121,2025-10-18,09:20:06,NA,NA,NA,NA,Undefined,GEO_PAT,"Meeks, Gardner",1000324679,Right,GEO_PAT,Undefined,1,Bottom,0,0,0,Undefined,NA,Undefined,Undefined,Undefined,Undefined,0,0,NA,51.0333,-3.164346,-4.874997,1259.404181,NA,NA,4.48974,0.46647,28.62668,NA,NA,NA,0.73815,-0.82045,46.45945,-11.171865,0.049966000000000003,0.431983,88.20145,28.659539,-3.602594,2971.309479,109.99201,51.23155,1.32391,317.06208,317.06208,7.71901,4.535574,-25.98942,19.52344,-2.3378,50,4.88334,9.67764,-78.50029,0.83496,-14.85526,17.65215,-21.01468,GEO_PAT,NA,SpuhlerFieldMain,NA,NA,20251018-SpuhlerFieldMain-BP-1,2a4b7100-ac25-11f0-81f2-195cbb24ffac,87.25452,65.18266,NA,4.57384,NA,NA,NA,2.29139,0.90886,0.82012,de988b4a-7493-4841-bf63-462d2c1b23e8,2025-10-18,13:20:06,2025-10-18T13:20:06Z,2025-10-18T13:20:06Z,FlyBall,v3,471300,NA,NA,NA,NA,Undefined,GEO_PAT,b22800be-698b-4bfd-a0ed-6745104301ba,31.87833,-74.31368,8.82608,4.49032,-4.14915,-10.50734,-0.46034,6.15438,-7.42763,215.788198,2.29203,113.27578,-19.94057,4.27928,-0.85136,0.17374,-0.03643,0.00547,-3.5e-4,0.90968,62.02176,-16.14257,0.43303,0.25514,-0.182,0.05908,-0.00907,5.3e-4,0.81958,-7.11709,8.95316,-2.52483,0.55321,-0.09883,0.01591,-0.00198,1.1e-4,NA,NA,NA,NA,NA,NA,NA,NA,NA,NA,NA,NA,NA,NA,NA,NA,NA,NA,NA,NA,NA,NA,Low,Low,Low,High,High,NA,NA,NA,NA,NA,NA,NA,NA,NA,NA,NA,NA,NA,NA,NA,NA,NA,NA,NA,NA,NA,NA,NA,NA,NA,NA,NA,NA,NA,NA,NA,NA,NA,NA,NA,NA,NA,NA,NA,NA,NA,NA,NA,NA,NA,NA,NA,NA,NA,NA,NA,NA,NA,NA,NA
NA,NA,NA,NA,NA,NA,NA,NA,NA,NA,NA,NA,NA,NA,NA,NA,122,2025-10-18,09:20:12,NA,NA,NA,NA,Undefined,GEO_PAT,"Meeks, Gardner",1000324679,Right,GEO_PAT,Undefined,1,Bottom,0,0,0,Undefined,Curveball,Undefined,Undefined,Undefined,Undefined,0,0,NA,47.99077,0.788787,-2.61298,2181.968813,240.45243,02:00:00,4.33441,0.62907,28.81062,-33.12793,4.29299,6.53933,1.99111,-0.20798,46.57061,-9.723534,-0.547944,0.44028,NA,NA,NA,NA,NA,NA,NA,NA,NA,NA,NA,-10.86036,7.03851,-1.63808,50,3.1583,4.67419,-72.0097,8.23112,-5.81778,6.77711,-28.4036,GEO_PAT,NA,SpuhlerFieldMain,NA,NA,20251018-SpuhlerFieldMain-BP-1,2ddc5ff0-ac25-11f0-81f2-195cbb24ffac,85.61024,NA,NA,1.42016,NA,NA,NA,NA,NA,NA,de988b4a-7493-4841-bf63-462d2c1b23e8,2025-10-18,13:20:12,2025-10-18T13:20:12Z,2025-10-18T13:20:12Z,NA,v3,471300,NA,NA,NA,NA,Undefined,GEO_PAT,8fb88ae9-5c7a-4c76-9240-8c364fbbf712,31.69779,-70.26609,3.38856,4.33594,0.9235,-14.2018,-0.62805,3.17741,-2.90889,NA,NA,NA,NA,NA,NA,NA,NA,NA,NA,NA,NA,NA,NA,NA,NA,NA,NA,NA,NA,NA,NA,NA,NA,NA,NA,NA,NA,NA,NA,NA,NA,NA,NA,NA,NA,NA,NA,NA,NA,NA,NA,NA,NA,NA,NA,NA,NA,NA,NA,High,High,High,NA,NA,NA,NA,NA,NA,NA,NA,NA,NA,NA,NA,NA,NA,NA,NA,NA,NA,NA,NA,NA,NA,NA,NA,NA,NA,NA,NA,NA,NA,NA,NA,NA,NA,NA,NA,NA,NA,NA,NA,NA,NA,NA,NA,NA,NA,NA,NA,NA,NA,NA,NA,NA,NA,NA,NA,NA
NA,NA,NA,NA,NA,NA,NA,NA,NA,NA,NA,NA,NA,NA,NA,NA,123,2025-10-18,09:20:17,NA,NA,NA,NA,Undefined,GEO_PAT,"Meeks, Gardner",1000324679,Right,GEO_PAT,Undefined,1,Bottom,0,0,0,Undefined,NA,Undefined,Undefined,Undefined,Undefined,0,0,NA,50.47094,-4.191395,-4.320151,1193.430336,NA,NA,4.89963,0.40716,28.46919,NA,NA,NA,1.12135,-1.31738,45.94573,-10.184435,-2.124554,0.438886,89.37926,14.012591,-0.594044,1415.5543,109.86594,19.64068,5.42892,246.83327,246.83327,5.562885,2.570363,-12.54839,30.96671,-1.90304,50,5.74656,7.12581,-77.35021,-1.79018,-7.0101,16.6029,-14.87466,GEO_PAT,NA,SpuhlerFieldMain,NA,NA,20251018-SpuhlerFieldMain-BP-1,3116ca70-ac25-11f0-81f2-195cbb24ffac,85.88213,20.52213,NA,4.52521,NA,NA,NA,0.44086,0.94396,1.35298,de988b4a-7493-4841-bf63-462d2c1b23e8,2025-10-18,13:20:17,2025-10-18T13:20:17Z,2025-10-18T13:20:17Z,LineDrive,v3,471300,NA,NA,NA,NA,Undefined,GEO_PAT,c76d370e-bceb-4a07-ab79-e78fabab9ad8,32.03296,-73.3924,8.30145,4.89718,-5.33601,-7.43733,-0.40356,5.45474,-3.50505,222.869119,0.44085,127.18146,-18.81691,3.71417,-0.60834,0.04656,0.00942,-0.0033,3.3e-4,0.94399,31.74122,-13.04199,0.13995,-0.09269,0.13377,-0.06099,0.01394,-0.00129,1.35301,-1.31865,7.3811,-2.1824,0.35454,0.05925,-0.05346,0.01345,-0.00127,NA,NA,NA,NA,NA,NA,NA,NA,NA,NA,NA,NA,NA,NA,NA,NA,NA,NA,NA,NA,NA,NA,Low,Low,Low,High,High,NA,NA,NA,NA,NA,NA,NA,NA,NA,NA,NA,NA,NA,NA,NA,NA,NA,NA,NA,NA,NA,NA,NA,NA,NA,NA,NA,NA,NA,NA,NA,NA,NA,NA,NA,NA,NA,NA,NA,NA,NA,NA,NA,NA,NA,NA,NA,NA,NA,NA,NA,NA,NA,NA,NA
NA,NA,NA,NA,NA,NA,NA,NA,NA,NA,NA,NA,NA,NA,NA,NA,124,2025-10-18,09:20:30,NA,NA,NA,NA,Undefined,GEO_PAT,"Meeks, Gardner",1000324679,Right,GEO_PAT,Undefined,1,Bottom,0,0,0,Undefined,Changeup,Undefined,Undefined,Undefined,Undefined,0,0,NA,45.36974,0.292384,-1.9751,1054.634243,214.608386,01:15:00,4.23178,0.37865,28.65956,-37.53923,4.95878,2.91587,1.25891,-0.42789,44.06637,-11.529909,-1.056518,0.469198,17.2461,-7.717442,17.136825,4148.063283,NA,NA,NA,9.87668,9.87668,13.052919,0.231843,-5.05292,8.08371,-1.08032,50,3.12594,2.93059,-68.29732,7.92464,-2.40984,6.8375,-28.31877,GEO_PAT,NA,SpuhlerFieldMain,NA,NA,20251018-SpuhlerFieldMain-BP-1,38c77ad0-ac25-11f0-81f2-195cbb24ffac,80.33382,1.67019,NA,1.30337,NA,NA,NA,4.08388,1.67019,0.51677,de988b4a-7493-4841-bf63-462d2c1b23e8,2025-10-18,13:20:30,2025-10-18T13:20:30Z,2025-10-18T13:20:30Z,GroundBall,v3,471300,NA,NA,NA,NA,Undefined,GEO_PAT,99ed713c-0f64-4c4a-be58-91d91adbbecc,31.84871,-66.45528,3.41875,4.23321,0.29551,-14.15938,-0.37827,2.28137,-1.20492,343.835786,4.08377,23.95835,-0.31163,NA,NA,NA,NA,NA,NA,1.67022,-3.39823,-16.42117,NA,NA,NA,NA,NA,NA,0.51675,7.38686,0.02497,NA,NA,NA,NA,NA,NA,NA,NA,NA,NA,NA,NA,NA,NA,NA,NA,NA,NA,NA,NA,NA,NA,NA,NA,NA,NA,NA,NA,Medium,High,Medium,Medium,High,NA,NA,NA,NA,NA,NA,NA,NA,NA,NA,NA,NA,NA,NA,NA,NA,NA,NA,NA,NA,NA,NA,NA,NA,NA,NA,NA,NA,NA,NA,NA,NA,NA,NA,NA,NA,NA,NA,NA,NA,NA,NA,NA,NA,NA,NA,NA,NA,NA,NA,NA,NA,NA,NA,NA
NA,NA,NA,NA,NA,NA,NA,NA,NA,NA,NA,NA,NA,NA,NA,NA,125,2025-10-18,09:20:34,NA,NA,NA,NA,Undefined,GEO_PAT,"Meeks, Gardner",1000324679,Right,GEO_PAT,Undefined,1,Bottom,0,0,0,Undefined,NA,Undefined,Undefined,Undefined,Undefined,0,0,NA,46.91862,-1.60399,-5.356708,1112.314672,NA,NA,4.39751,0.54117,28.85448,NA,NA,NA,1.1597,-1.04853,44.64221,-10.770135,-0.653251,0.455753,17.56743,17.436182,-36.010205,1114.91385,NA,NA,NA,18.43126,18.43126,-26.737595,0.64381,-25.13564,18.98407,-2.64367,50,4.12447,9.65027,-70.86272,4.02392,-12.59158,9.21748,-22.66406,GEO_PAT,NA,SpuhlerFieldMain,NA,NA,20251018-SpuhlerFieldMain-BP-1,3ae13310-ac25-11f0-81f2-195cbb24ffac,82.70359,2.5498,NA,2.27641,NA,NA,NA,4.00349,1.63351,0.82191,de988b4a-7493-4841-bf63-462d2c1b23e8,2025-10-18,13:20:34,2025-10-18T13:20:34Z,2025-10-18T13:20:34Z,GroundBall,v3,471300,NA,NA,NA,NA,Undefined,GEO_PAT,77b8f579-4dcb-4cba-9d83-245e470e6dca,31.65369,-68.43472,4.60874,4.39814,-1.94607,-11.33203,-0.53851,6.33349,-6.29579,105.858456,4.00349,19.88425,-1.04752,0.39296,0.53846,-3.39906,6.47673,-5.22782,1.61743,1.63351,7.7206,-16.44444,0.85874,-0.56256,1.63823,-1.97433,0.94324,-0.18421,0.82191,-14.45214,0.55257,0.0018,-0.74064,2.8726,-6.20851,5.98885,-2.12857,NA,NA,NA,NA,NA,NA,NA,NA,NA,NA,NA,NA,NA,NA,NA,NA,NA,NA,NA,NA,NA,NA,Low,Low,Low,High,High,NA,NA,NA,NA,NA,NA,NA,NA,NA,NA,NA,NA,NA,NA,NA,NA,NA,NA,NA,NA,NA,NA,NA,NA,NA,NA,NA,NA,NA,NA,NA,NA,NA,NA,NA,NA,NA,NA,NA,NA,NA,NA,NA,NA,NA,NA,NA,NA,NA,NA,NA,NA,NA,NA,NA
NA,NA,NA,NA,NA,NA,NA,NA,NA,NA,NA,NA,NA,NA,NA,NA,126,2025-10-18,09:20:38,NA,NA,NA,NA,Undefined,GEO_PAT,"Meeks, Gardner",1000324679,Right,GEO_PAT,Undefined,1,Bottom,0,0,0,Undefined,NA,Undefined,Undefined,Undefined,Undefined,0,0,NA,49.36047,-2.454658,-4.576435,1154.897582,NA,NA,4.62864,0.43063,28.45093,NA,NA,NA,1.64245,-1.38907,45.24343,-8.979208,-2.219874,0.446392,84.95601,22.120672,-15.997125,4246.058506,105.00213,31.31065,-32.77837,252.56317,250.29812,-20.863073,2.90621,-13.4669,29.49773,-2.02592,50,4.88862,7.45033,-75.54297,0.90432,-7.26635,14.85462,-16.25795,GEO_PAT,NA,SpuhlerFieldMain,NA,NA,20251018-SpuhlerFieldMain-BP-1,3d82b8f0-ac25-11f0-81f2-195cbb24ffac,84.43807,32.91094,NA,4.11704,NA,NA,NA,3.18012,1.91599,1.14081,de988b4a-7493-4841-bf63-462d2c1b23e8,2025-10-18,13:20:38,2025-10-18T13:20:38Z,2025-10-18T13:20:38Z,LineDrive,v3,471300,NA,NA,NA,NA,Undefined,GEO_PAT,2918ec96-0505-48dd-bb84-4978f7e05672,32.05336,-71.92745,7.42731,4.62716,-3.05275,-8.12897,-0.42779,5.68175,-3.63317,123.028146,3.18016,110.95783,-16.74282,3.29965,-0.4397,-0.07934,0.0654,-0.01652,0.00159,1.91596,46.92139,-19.52791,1.72975,-0.4845,0.19929,-0.06898,0.0147,-0.00133,1.14071,-31.80765,-0.85394,0.65771,-0.09838,-0.03592,0.0211,-0.00423,3.1e-4,NA,NA,NA,NA,NA,NA,NA,NA,NA,NA,NA,NA,NA,NA,NA,NA,NA,NA,NA,NA,NA,NA,Low,Low,Low,High,High,NA,NA,NA,NA,NA,NA,NA,NA,NA,NA,NA,NA,NA,NA,NA,NA,NA,NA,NA,NA,NA,NA,NA,NA,NA,NA,NA,NA,NA,NA,NA,NA,NA,NA,NA,NA,NA,NA,NA,NA,NA,NA,NA,NA,NA,NA,NA,NA,NA,NA,NA,NA,NA,NA,NA
NA,NA,NA,NA,NA,NA,NA,NA,NA,NA,NA,NA,NA,NA,NA,NA,127,2025-10-18,09:20:44,NA,NA,NA,NA,Undefined,GEO_PAT,"Meeks, Gardner",1000324679,Right,GEO_PAT,Undefined,1,Bottom,0,0,0,Undefined,NA,Undefined,Undefined,Undefined,Undefined,0,0,NA,48.78954,-4.464613,-4.347123,1947.329636,NA,NA,4.75726,0.40995,28.67389,NA,NA,NA,0.63665,-1.25059,44.62137,-11.266336,-1.898796,0.450807,85.77119,18.259739,-13.62969,1900.846434,105.53162,20.51692,-31.03223,209.14347,182.36363,-19.983184,2.169079,-14.02595,30.94584,-1.95981,50,5.63611,7.14366,-74.85141,-1.53803,-7.3308,15.61662,-15.9999,GEO_PAT,NA,SpuhlerFieldMain,NA,NA,20251018-SpuhlerFieldMain-BP-1,41272fe0-ac25-11f0-81f2-195cbb24ffac,83.61111,20.5324,NA,4.16817,NA,NA,NA,3.60396,0.9646,0.87448,de988b4a-7493-4841-bf63-462d2c1b23e8,2025-10-18,13:20:44,2025-10-18T13:20:44Z,2025-10-18T13:20:44Z,LineDrive,v3,471300,NA,NA,NA,NA,Undefined,GEO_PAT,e30ee407-a2a9-431f-bb8e-f0e3a093629d,31.83034,-70.9594,7.80831,4.75591,-5.52556,-7.99995,-0.40711,5.31667,-3.6654,91.653572,3.60396,116.09883,-17.19658,3.14064,-0.52092,-0.03264,0.06656,-0.0234,0.00292,0.96461,39.41532,-21.64798,2.11104,-0.38754,0.06267,-0.00658,5.7e-4,-5e-5,0.87447,-28.15027,-5.38173,2.27271,-0.52939,-0.03172,0.09389,-0.03507,0.00454,NA,NA,NA,NA,NA,NA,NA,NA,NA,NA,NA,NA,NA,NA,NA,NA,NA,NA,NA,NA,NA,NA,Low,Low,Low,High,High,NA,NA,NA,NA,NA,NA,NA,NA,NA,NA,NA,NA,NA,NA,NA,NA,NA,NA,NA,NA,NA,NA,NA,NA,NA,NA,NA,NA,NA,NA,NA,NA,NA,NA,NA,NA,NA,NA,NA,NA,NA,NA,NA,NA,NA,NA,NA,NA,NA,NA,NA,NA,NA,NA,NA
NA,NA,NA,NA,NA,NA,NA,NA,NA,NA,NA,NA,NA,NA,NA,NA,128,2025-10-18,09:20:48,NA,NA,NA,NA,Undefined,GEO_PAT,"Meeks, Gardner",1000324679,Right,GEO_PAT,Undefined,1,Bottom,0,0,0,Undefined,NA,Undefined,Undefined,Undefined,Undefined,0,0,NA,49.50058,-3.972235,-4.95882,1265.709771,NA,NA,4.56681,0.4277,28.43801,NA,NA,NA,0.61744,-1.33719,45.14888,-11.014963,-1.626369,0.448139,NA,NA,NA,NA,NA,NA,NA,NA,NA,NA,NA,-18.43288,28.23482,-2.20199,50,5.27654,8.53151,-75.88389,-0.86634,-9.89554,16.09925,-17.0164,GEO_PAT,NA,SpuhlerFieldMain,NA,NA,20251018-SpuhlerFieldMain-BP-1,4384cef0-ac25-11f0-81f2-195cbb24ffac,84.10877,NA,NA,4.3517,NA,NA,NA,NA,NA,NA,de988b4a-7493-4841-bf63-462d2c1b23e8,2025-10-18,13:20:48,2025-10-18T13:20:48Z,2025-10-18T13:20:48Z,NA,v3,471300,NA,NA,NA,NA,Undefined,GEO_PAT,e72c00ae-b25d-450b-bb14-c7de176621b2,32.06611,-71.9786,8.04963,4.56574,-4.99409,-8.5082,-0.4236,6.13109,-4.94777,NA,NA,NA,NA,NA,NA,NA,NA,NA,NA,NA,NA,NA,NA,NA,NA,NA,NA,NA,NA,NA,NA,NA,NA,NA,NA,NA,NA,NA,NA,NA,NA,NA,NA,NA,NA,NA,NA,NA,NA,NA,NA,NA,NA,NA,NA,NA,NA,NA,NA,Low,Low,Low,NA,NA,NA,NA,NA,NA,NA,NA,NA,NA,NA,NA,NA,NA,NA,NA,NA,NA,NA,NA,NA,NA,NA,NA,NA,NA,NA,NA,NA,NA,NA,NA,NA,NA,NA,NA,NA,NA,NA,NA,NA,NA,NA,NA,NA,NA,NA,NA,NA,NA,NA,NA,NA,NA,NA,NA,NA
NA,NA,NA,NA,NA,NA,NA,NA,NA,NA,NA,NA,NA,NA,NA,NA,129,2025-10-18,09:20:52,NA,NA,NA,NA,Undefined,GEO_PAT,"Meeks, Gardner",1000324679,Right,GEO_PAT,Undefined,1,Bottom,0,0,0,Undefined,NA,Undefined,Undefined,Undefined,Undefined,0,0,NA,49.50734,-4.978057,-4.040959,1202.907611,NA,NA,4.66,0.28361,28.49576,NA,NA,NA,0.38289,-1.37458,45.25318,-11.235994,-2.161217,0.447101,NA,NA,NA,NA,NA,NA,NA,NA,NA,NA,NA,-11.05965,32.28951,-1.67975,50,5.73805,6.46857,-75.86024,-2.63196,-5.94179,15.98109,-14.82651,GEO_PAT,NA,SpuhlerFieldMain,NA,NA,20251018-SpuhlerFieldMain-BP-1,45b829b0-ac25-11f0-81f2-195cbb24ffac,84.30415,NA,NA,4.25415,NA,NA,NA,NA,NA,NA,de988b4a-7493-4841-bf63-462d2c1b23e8,2025-10-18,13:20:52,2025-10-18T13:20:52Z,2025-10-18T13:20:52Z,NA,v3,471300,NA,NA,NA,NA,Undefined,GEO_PAT,f55f6297-4cd2-46fe-9f02-0ef4c37af110,32.00809,-71.97024,7.99054,4.65816,-6.24092,-7.41325,-0.28124,5.02226,-2.9709,NA,NA,NA,NA,NA,NA,NA,NA,NA,NA,NA,NA,NA,NA,NA,NA,NA,NA,NA,NA,NA,NA,NA,NA,NA,NA,NA,NA,NA,NA,NA,NA,NA,NA,NA,NA,NA,NA,NA,NA,NA,NA,NA,NA,NA,NA,NA,NA,NA,NA,Low,Low,Low,NA,NA,NA,NA,NA,NA,NA,NA,NA,NA,NA,NA,NA,NA,NA,NA,NA,NA,NA,NA,NA,NA,NA,NA,NA,NA,NA,NA,NA,NA,NA,NA,NA,NA,NA,NA,NA,NA,NA,NA,NA,NA,NA,NA,NA,NA,NA,NA,NA,NA,NA,NA,NA,NA,NA,NA,NA
NA,NA,NA,NA,NA,NA,NA,NA,NA,NA,NA,NA,NA,NA,NA,NA,130,2025-10-18,09:21:11,NA,NA,NA,NA,Undefined,GEO_PAT,"Meeks, Gardner",1000324679,Right,GEO_PAT,Undefined,1,Bottom,0,0,0,Undefined,NA,Undefined,Undefined,Undefined,Undefined,0,0,NA,47.83349,-1.743094,-4.550812,1154.144172,NA,NA,4.45696,0.44871,28.48407,NA,NA,NA,1.5453,-1.18958,43.42145,-9.491619,-1.57511,0.462554,NA,NA,NA,NA,NA,NA,NA,NA,NA,NA,NA,-16.66273,28.01391,-2.07714,50,4.41489,7.55552,-73.61752,2.43359,-8.37625,15.52457,-18.09164,GEO_PAT,NA,SpuhlerFieldMain,NA,NA,20251018-SpuhlerFieldMain-BP-1,50f16490-ac25-11f0-81f2-195cbb24ffac,81.48758,NA,NA,4.41205,NA,NA,NA,NA,NA,NA,de988b4a-7493-4841-bf63-462d2c1b23e8,2025-10-18,13:21:11,2025-10-18T13:21:11Z,2025-10-18T13:21:11Z,NA,v3,471300,NA,NA,NA,NA,Undefined,GEO_PAT,cc354609-b396-418d-8a98-401daf9bb663,32.02,-69.72285,7.76228,4.45609,-2.10509,-9.04582,-0.44526,5.45415,-4.18812,NA,NA,NA,NA,NA,NA,NA,NA,NA,NA,NA,NA,NA,NA,NA,NA,NA,NA,NA,NA,NA,NA,NA,NA,NA,NA,NA,NA,NA,NA,NA,NA,NA,NA,NA,NA,NA,NA,NA,NA,NA,NA,NA,NA,NA,NA,NA,NA,NA,NA,Low,Low,Low,NA,NA,NA,NA,NA,NA,NA,NA,NA,NA,NA,NA,NA,NA,NA,NA,NA,NA,NA,NA,NA,NA,NA,NA,NA,NA,NA,NA,NA,NA,NA,NA,NA,NA,NA,NA,NA,NA,NA,NA,NA,NA,NA,NA,NA,NA,NA,NA,NA,NA,NA,NA,NA,NA,NA,NA,NA
NA,NA,NA,NA,NA,NA,NA,NA,NA,NA,NA,NA,NA,NA,NA,NA,131,2025-10-18,09:21:17,NA,NA,NA,NA,Undefined,GEO_PAT,"Meeks, Gardner",1000324679,Right,GEO_PAT,Undefined,1,Bottom,0,0,0,Undefined,NA,Undefined,Undefined,Undefined,Undefined,0,0,NA,49.04022,-3.72443,-4.224277,1101.903783,NA,NA,4.78287,0.34016,28.33192,NA,NA,NA,1.05278,-1.33311,44.67345,-10.43007,-2.000921,0.453606,NA,NA,NA,NA,NA,NA,NA,NA,NA,NA,NA,-12.75997,30.95313,-1.80014,50,5.43593,6.83428,-75.25694,-0.76579,-6.73009,15.91728,-15.84818,GEO_PAT,NA,SpuhlerFieldMain,NA,NA,20251018-SpuhlerFieldMain-BP-1,54893150-ac25-11f0-81f2-195cbb24ffac,83.09506,NA,NA,4.36677,NA,NA,NA,NA,NA,NA,de988b4a-7493-4841-bf63-462d2c1b23e8,2025-10-18,13:21:17,2025-10-18T13:21:17Z,2025-10-18T13:21:17Z,NA,v3,471300,NA,NA,NA,NA,Undefined,GEO_PAT,72d3ee02-adf1-4641-a421-c4d31eb60b7e,32.17167,-71.38662,7.95864,4.78123,-4.6193,-7.92409,-0.33733,5.19785,-3.36504,NA,NA,NA,NA,NA,NA,NA,NA,NA,NA,NA,NA,NA,NA,NA,NA,NA,NA,NA,NA,NA,NA,NA,NA,NA,NA,NA,NA,NA,NA,NA,NA,NA,NA,NA,NA,NA,NA,NA,NA,NA,NA,NA,NA,NA,NA,NA,NA,NA,NA,Low,Low,Low,NA,NA,NA,NA,NA,NA,NA,NA,NA,NA,NA,NA,NA,NA,NA,NA,NA,NA,NA,NA,NA,NA,NA,NA,NA,NA,NA,NA,NA,NA,NA,NA,NA,NA,NA,NA,NA,NA,NA,NA,NA,NA,NA,NA,NA,NA,NA,NA,NA,NA,NA,NA,NA,NA,NA,NA,NA
NA,NA,NA,NA,NA,NA,NA,NA,NA,NA,NA,NA,NA,NA,NA,NA,132,2025-10-18,09:21:21,NA,NA,NA,NA,Undefined,GEO_PAT,"Meeks, Gardner",1000324679,Right,GEO_PAT,Undefined,1,Bottom,0,0,0,Undefined,NA,Undefined,Undefined,Undefined,Undefined,0,0,NA,48.74587,-3.482402,-4.506295,1024.793932,NA,NA,4.56808,0.39079,28.47643,NA,NA,NA,0.9092,-1.32756,44.42277,-10.472879,-1.915919,0.454137,55.65972,-8.80841,-15.598844,NA,NA,NA,NA,10.01849,10.01849,-4.181309,0.092464,-14.68139,30.01108,-1.97726,50,5.1241,7.39139,-74.82632,-0.2236,-7.65694,15.71817,-16.52208,GEO_PAT,NA,SpuhlerFieldMain,NA,NA,20251018-SpuhlerFieldMain-BP-1,56fffdb0-ac25-11f0-81f2-195cbb24ffac,82.99797,1.15871,NA,4.32311,NA,NA,NA,2.78971,1.15871,1.28023,de988b4a-7493-4841-bf63-462d2c1b23e8,2025-10-18,13:21:21,2025-10-18T13:21:21Z,2025-10-18T13:21:21Z,GroundBall,v3,471300,NA,NA,NA,NA,Undefined,GEO_PAT,806c0296-11f0-4791-8a28-9f2843010d39,32.02713,-70.95053,7.85908,4.56668,-4.29762,-8.26104,-0.38746,5.50334,-3.82847,NA,2.78688,77.89091,NA,NA,NA,NA,NA,NA,NA,1.15916,-12.53141,NA,NA,NA,NA,NA,NA,NA,1.28102,-21.74584,NA,NA,NA,NA,NA,NA,NA,NA,NA,NA,NA,NA,NA,NA,NA,NA,NA,NA,NA,NA,NA,NA,NA,NA,NA,NA,NA,NA,NA,Low,Low,Low,Estimated,Estimated,NA,NA,NA,NA,NA,NA,NA,NA,NA,NA,NA,NA,NA,NA,NA,NA,NA,NA,NA,NA,NA,NA,NA,NA,NA,NA,NA,NA,NA,NA,NA,NA,NA,NA,NA,NA,NA,NA,NA,NA,NA,NA,NA,NA,NA,NA,NA,NA,NA,NA,NA,NA,NA,NA,NA
NA,NA,NA,NA,NA,NA,NA,NA,NA,NA,NA,NA,NA,NA,NA,NA,133,2025-10-18,09:21:25,NA,NA,NA,NA,Undefined,GEO_PAT,"Meeks, Gardner",1000324679,Right,GEO_PAT,Undefined,1,Bottom,0,0,0,Undefined,NA,Undefined,Undefined,Undefined,Undefined,0,0,NA,49.32797,-4.769899,-5.815738,1264.136345,NA,NA,4.72683,0.60244,28.5689,NA,NA,NA,0.54775,-2.0259,45.07282,-11.091364,-4.025352,0.448557,NA,NA,NA,NA,NA,NA,NA,NA,NA,NA,NA,-11.141540000000001,32.14864,-2.54766,50,5.7253,8.63898,-75.15113,-2.20207,-5.91769,15.11734,-15.0987,GEO_PAT,NA,SpuhlerFieldMain,NA,NA,20251018-SpuhlerFieldMain-BP-1,599352c0-ac25-11f0-81f2-195cbb24ffac,84.03036,NA,NA,4.25516,NA,NA,NA,NA,NA,NA,de988b4a-7493-4841-bf63-462d2c1b23e8,2025-10-18,13:21:25,2025-10-18T13:21:25Z,2025-10-18T13:21:25Z,NA,v3,471300,NA,NA,NA,NA,Undefined,GEO_PAT,ef66603e-8cf3-47c7-a3df-de751b4fe1f6,31.92847,-71.42343,7.55867,4.72327,-5.92518,-7.54935,-0.59733,7.17977,-2.95885,NA,NA,NA,NA,NA,NA,NA,NA,NA,NA,NA,NA,NA,NA,NA,NA,NA,NA,NA,NA,NA,NA,NA,NA,NA,NA,NA,NA,NA,NA,NA,NA,NA,NA,NA,NA,NA,NA,NA,NA,NA,NA,NA,NA,NA,NA,NA,NA,NA,NA,Low,Low,Low,NA,NA,NA,NA,NA,NA,NA,NA,NA,NA,NA,NA,NA,NA,NA,NA,NA,NA,NA,NA,NA,NA,NA,NA,NA,NA,NA,NA,NA,NA,NA,NA,NA,NA,NA,NA,NA,NA,NA,NA,NA,NA,NA,NA,NA,NA,NA,NA,NA,NA,NA,NA,NA,NA,NA,NA,NA
NA,NA,NA,NA,NA,NA,NA,NA,NA,NA,NA,NA,NA,NA,NA,NA,134,2025-10-18,09:21:29,NA,NA,NA,NA,Undefined,GEO_PAT,"Meeks, Gardner",1000324679,Right,GEO_PAT,Undefined,1,Bottom,0,0,0,Undefined,NA,Undefined,Undefined,Undefined,Undefined,0,0,NA,49.11106,-3.210553,-4.086366,1076.942505,NA,NA,4.86886,0.4763,28.41178,NA,NA,NA,1.40628,-1.04868,44.6748,-10.004329,-1.602794,0.451566,87.93027,5.192875,-25.421065,1110.893973,NA,NA,NA,62.53073,62.53073,-23.55797,0.49914,-13.96981,30.02596,-1.91776,50,5.35554,6.83079,-75.47341,-0.02206,-7.3997,16.12328,-16.26955,GEO_PAT,NA,SpuhlerFieldMain,NA,NA,20251018-SpuhlerFieldMain-BP-1,5bc88240-ac25-11f0-81f2-195cbb24ffac,83.47047,2.25042,NA,4.43626,NA,NA,NA,3.07292,1.07656,0.91931,de988b4a-7493-4841-bf63-462d2c1b23e8,2025-10-18,13:21:29,2025-10-18T13:21:29Z,2025-10-18T13:21:29Z,GroundBall,v3,471300,NA,NA,NA,NA,Undefined,GEO_PAT,5c31ce33-c159-40c8-acb9-734d5e0c2e19,32.09202,-71.54554,8.06164,4.86739,-3.98556,-8.13478,-0.47326,5.02811,-3.69985,NA,3.07881,115.84202,-14.39598,NA,NA,NA,NA,NA,NA,1.10027,11.03359,-26.61125,NA,NA,NA,NA,NA,NA,0.91728,-55.07881,6.36034,NA,NA,NA,NA,NA,NA,NA,NA,NA,NA,NA,NA,NA,NA,NA,NA,NA,NA,NA,NA,NA,NA,NA,NA,NA,NA,NA,NA,Low,Low,Low,Medium,High,NA,NA,NA,NA,NA,NA,NA,NA,NA,NA,NA,NA,NA,NA,NA,NA,NA,NA,NA,NA,NA,NA,NA,NA,NA,NA,NA,NA,NA,NA,NA,NA,NA,NA,NA,NA,NA,NA,NA,NA,NA,NA,NA,NA,NA,NA,NA,NA,NA,NA,NA,NA,NA,NA,NA
NA,NA,NA,NA,NA,NA,NA,NA,NA,NA,NA,NA,NA,NA,NA,NA,135,2025-10-18,09:21:39,NA,NA,NA,NA,Undefined,GEO_PAT,"Meeks, Gardner",1000324679,Right,GEO_PAT,Undefined,1,Bottom,0,0,0,Undefined,NA,Undefined,Undefined,Undefined,Undefined,0,0,NA,49.63922,-3.909312,-4.790123,1201.861193,NA,NA,5.05551,0.63411,28.43782,NA,NA,NA,1.35743,-1.44941,45.19534,-10.158751,-2.985043,0.446907,84.803210000000007,23.407842,9.212806,2933.132624,106.9986,38.69121,25.51803,283.22831,283.22831,19.728977,3.771211,-11.08556,31.7049,-2.25437,50,5.79793,7.43252,-76.10185,-1.25609,-5.984,16.21051,-15.05967,GEO_PAT,NA,SpuhlerFieldMain,NA,NA,20251018-SpuhlerFieldMain-BP-1,61eaf180-ac25-11f0-81f2-195cbb24ffac,84.34076,44.92394,NA,4.44388,NA,NA,NA,2.64612,1.57098,1.36704,de988b4a-7493-4841-bf63-462d2c1b23e8,2025-10-18,13:21:39,2025-10-18T13:21:39Z,2025-10-18T13:21:39Z,LineDrive,v3,471300,NA,NA,NA,NA,Undefined,GEO_PAT,3395e957-5ecd-41ca-ab7a-3cc389cf6b96,32.06547,-72.18058,8.10526,5.05348,-4.89897,-7.52984,-0.63154,5.98501,-2.992,217.00986,2.64581,112.67735,-20.86765,4.62356,-1.02277,0.22594,-0.0433,0.00539,-2.8e-4,1.57124,49.40555,-14.8322,0.36791,0.08907,-0.05004,0.01203,-9.1e-4,-3e-5,1.36698,18.27598,4.42019,-1.48931,0.39727,-0.08579,0.01468,-0.00173,1e-4,NA,NA,NA,NA,NA,NA,NA,NA,NA,NA,NA,NA,NA,NA,NA,NA,NA,NA,NA,NA,NA,NA,Low,Low,Low,High,High,NA,NA,NA,NA,NA,NA,NA,NA,NA,NA,NA,NA,NA,NA,NA,NA,NA,NA,NA,NA,NA,NA,NA,NA,NA,NA,NA,NA,NA,NA,NA,NA,NA,NA,NA,NA,NA,NA,NA,NA,NA,NA,NA,NA,NA,NA,NA,NA,NA,NA,NA,NA,NA,NA,NA
NA,NA,NA,NA,NA,NA,NA,NA,NA,NA,NA,NA,NA,NA,NA,NA,136,2025-10-18,09:21:51,NA,NA,NA,NA,Undefined,GEO_PAT,"Meeks, Gardner",1000324679,Right,GEO_PAT,Undefined,1,Bottom,0,0,0,Undefined,NA,Undefined,Undefined,Undefined,Undefined,0,0,NA,48.82721,-3.503079,-4.504917,1168.921747,NA,NA,4.97091,0.51404,28.52382,NA,NA,NA,1.36117,-1.29284,44.48597,-10.290372,-2.258515,0.452675,77.64647,18.579413,-33.969818,1715.827489,88.44507,22.96034,-65.40211,216.19172,216.19172,-40.255529,2.538518,-13.07583,30.74399,-2.0827,50,5.54693,7.2122,-74.9626,-0.35555,-6.84342,15.78682,-16.08378,GEO_PAT,NA,SpuhlerFieldMain,NA,NA,20251018-SpuhlerFieldMain-BP-1,690d4490-ac25-11f0-81f2-195cbb24ffac,83.26594,23.03202,NA,4.34123,NA,NA,NA,2.50361,1.49554,0.87248,de988b4a-7493-4841-bf63-462d2c1b23e8,2025-10-18,13:21:51,2025-10-18T13:21:51Z,2025-10-18T13:21:51Z,LineDrive,v3,471300,NA,NA,NA,NA,Undefined,GEO_PAT,0a54a822-8df8-47bf-ae11-848e446804ab,31.97975,-71.06636,7.89341,4.96933,-4.32509,-8.04189,-0.51113,5.52322,-3.42171,NA,2.50367,89.5206,-15.86545,3.54823,-0.77024,0.20125,-0.0642,0.0142,-0.00131,1.49548,36.28723,-16.06005,0.69592,-0.0058,-0.06689,0.04117,-0.01013,9.6e-4,0.87252,-60.31689,2.11396,0.09176,-0.17504,0.11592,-0.05209,0.01256,-0.00123,NA,NA,NA,NA,NA,NA,NA,NA,NA,NA,NA,NA,NA,NA,NA,NA,NA,NA,NA,NA,NA,NA,Low,Low,Low,High,High,NA,NA,NA,NA,NA,NA,NA,NA,NA,NA,NA,NA,NA,NA,NA,NA,NA,NA,NA,NA,NA,NA,NA,NA,NA,NA,NA,NA,NA,NA,NA,NA,NA,NA,NA,NA,NA,NA,NA,NA,NA,NA,NA,NA,NA,NA,NA,NA,NA,NA,NA,NA,NA,NA,NA
NA,NA,NA,NA,NA,NA,NA,NA,NA,NA,NA,NA,NA,NA,NA,NA,137,2025-10-18,09:21:55,NA,NA,NA,NA,Undefined,GEO_PAT,"Meeks, Gardner",1000324679,Right,GEO_PAT,Undefined,1,Bottom,0,0,0,Undefined,Changeup,Undefined,Undefined,Undefined,Undefined,0,0,NA,47.96255,-2.192391,-3.854762,1183.66934,201.831899,12:45:00,4.22957,0.07618,28.65996,-34.72486,3.97358,1.26095,0.16811,-1.86933,46.22326,-13.075659,-3.457472,0.447732,NA,NA,NA,NA,NA,NA,NA,NA,NA,NA,NA,-3.11118,7.77693,-1.32926,50,4.03195,5.12686,-72.40351,4.37081,-1.63448,9.26833,-28.08841,GEO_PAT,NA,SpuhlerFieldMain,NA,NA,20251018-SpuhlerFieldMain-BP-1,6b852260-ac25-11f0-81f2-195cbb24ffac,84.18524,NA,NA,1.73929,NA,NA,NA,NA,NA,NA,de988b4a-7493-4841-bf63-462d2c1b23e8,2025-10-18,13:21:55,2025-10-18T13:21:55Z,2025-10-18T13:21:55Z,NA,v3,471300,NA,NA,NA,NA,Undefined,GEO_PAT,04ad8752-7383-4a45-bf8b-1078344b639d,31.84603,-70.04109,4.63416,4.23358,-2.78869,-14.04421,-0.07556,4.71025,-0.81724,NA,NA,NA,NA,NA,NA,NA,NA,NA,NA,NA,NA,NA,NA,NA,NA,NA,NA,NA,NA,NA,NA,NA,NA,NA,NA,NA,NA,NA,NA,NA,NA,NA,NA,NA,NA,NA,NA,NA,NA,NA,NA,NA,NA,NA,NA,NA,NA,NA,NA,Medium,High,Medium,NA,NA,NA,NA,NA,NA,NA,NA,NA,NA,NA,NA,NA,NA,NA,NA,NA,NA,NA,NA,NA,NA,NA,NA,NA,NA,NA,NA,NA,NA,NA,NA,NA,NA,NA,NA,NA,NA,NA,NA,NA,NA,NA,NA,NA,NA,NA,NA,NA,NA,NA,NA,NA,NA,NA,NA,NA
NA,NA,NA,NA,NA,NA,NA,NA,NA,NA,NA,NA,NA,NA,NA,NA,138,2025-10-18,09:21:59,NA,NA,NA,NA,Undefined,GEO_PAT,"Meeks, Gardner",1000324679,Right,GEO_PAT,Undefined,1,Bottom,0,0,0,Undefined,NA,Undefined,Undefined,Undefined,Undefined,0,0,NA,48.51159,-1.976771,-4.041884,1032.880911,NA,NA,4.191,0.25579,28.49145,NA,NA,NA,1.24747,-1.10591,44.02291,-9.374637,-1.052273,0.455784,85.73962,10.889746,-31.19155,1162.838256,92.21651,8.39158,-59.96713,154.49097,154.49097,-34.368656,1.528073,-16.35135,27.96702,-1.72178,50,4.2467,6.98795,-74.68329,1.95977,-8.46289,15.94658,-17.69927,GEO_PAT,NA,SpuhlerFieldMain,NA,NA,20251018-SpuhlerFieldMain-BP-1,6db2b0c0-ac25-11f0-81f2-195cbb24ffac,82.69807,9.76823,NA,4.48868,NA,NA,NA,2.48917,1.43622,0.76694,de988b4a-7493-4841-bf63-462d2c1b23e8,2025-10-18,13:21:59,2025-10-18T13:21:59Z,2025-10-18T13:21:59Z,LineDrive,v3,471300,NA,NA,NA,NA,Undefined,GEO_PAT,dbce4035-ee79-44be-8ca4-fa0b1a2e567e,32.01204,-70.73826,7.97329,4.18991,-2.41887,-8.84964,-0.252,4.89431,-4.23144,NA,2.48917,105.6356,-21.42115,5.25223,-1.22892,0.24857,-0.04701,0.0068,-4.7e-4,1.43622,23.75689,-17.68081,1.10607,-0.06938,-0.01188,0.00788,-0.00131,8e-5,0.76694,-63.95391,3.89245,0.58999,-0.42497,0.15035,-0.03988,0.00761,-7.8e-4,NA,NA,NA,NA,NA,NA,NA,NA,NA,NA,NA,NA,NA,NA,NA,NA,NA,NA,NA,NA,NA,NA,Low,Low,Low,High,High,NA,NA,NA,NA,NA,NA,NA,NA,NA,NA,NA,NA,NA,NA,NA,NA,NA,NA,NA,NA,NA,NA,NA,NA,NA,NA,NA,NA,NA,NA,NA,NA,NA,NA,NA,NA,NA,NA,NA,NA,NA,NA,NA,NA,NA,NA,NA,NA,NA,NA,NA,NA,NA,NA,NA
NA,NA,NA,NA,NA,NA,NA,NA,NA,NA,NA,NA,NA,NA,NA,NA,139,2025-10-18,09:22:03,NA,NA,NA,NA,Undefined,GEO_PAT,"Meeks, Gardner",1000324679,Right,GEO_PAT,Undefined,1,Bottom,0,0,0,Undefined,NA,Undefined,Undefined,Undefined,Undefined,0,0,NA,49.5507,-3.550387,-4.261682,1156.546389,NA,NA,4.57494,0.4198,28.46878,NA,NA,NA,1.08282,-1.31738,45.86476,-9.714525,-2.230518,0.44282,86.0344,13.979439,2.812841,2395.371937,NA,NA,NA,NA,53.81136,NA,NA,-11.59579,30.52191,-1.89798,50,5.19755,6.85724,-75.51225,-0.68197,-6.33967,13.73075,-15.48709,GEO_PAT,NA,SpuhlerFieldMain,NA,NA,20251018-SpuhlerFieldMain-BP-1,7010c500-ac25-11f0-81f2-195cbb24ffac,85.11903,12.49607,NA,3.68594,NA,NA,NA,1.51712,0.94721,1.1192,de988b4a-7493-4841-bf63-462d2c1b23e8,2025-10-18,13:22:03,2025-10-18T13:22:03Z,2025-10-18T13:22:03Z,NA,v3,471300,NA,NA,NA,NA,Undefined,GEO_PAT,a0c56dd7-ce14-4cfe-95b5-729a4a5f8b79,32.03564,-72.17182,6.86538,4.57333,-4.44969,-7.74354,-0.41735,5.31492,-3.16983,216.482464,1.53376,121.81118,-17.36305,NA,NA,NA,NA,NA,NA,0.94567,30.52964,-11.48129,NA,NA,NA,NA,NA,NA,1.11178,6.22798,5.05719,NA,NA,NA,NA,NA,NA,NA,NA,NA,NA,NA,NA,NA,NA,NA,NA,NA,NA,NA,NA,NA,NA,NA,NA,NA,NA,NA,NA,Low,Low,Low,High,Undefined,NA,NA,NA,NA,NA,NA,NA,NA,NA,NA,NA,NA,NA,NA,NA,NA,NA,NA,NA,NA,NA,NA,NA,NA,NA,NA,NA,NA,NA,NA,NA,NA,NA,NA,NA,NA,NA,NA,NA,NA,NA,NA,NA,NA,NA,NA,NA,NA,NA,NA,NA,NA,NA,NA,NA
NA,NA,NA,NA,NA,NA,NA,NA,NA,NA,NA,NA,NA,NA,NA,NA,140,2025-10-18,09:22:08,NA,NA,NA,NA,Undefined,GEO_PAT,"Meeks, Gardner",1000324679,Right,GEO_PAT,Undefined,1,Bottom,0,0,0,Undefined,NA,Undefined,Undefined,Undefined,Undefined,0,0,NA,49.81787,-2.0637,-3.953591,1177.13761,NA,NA,4.12801,0.26632,28.56791,NA,NA,NA,1.21206,-0.89535,45.16542,-9.199329,-0.402794,0.442694,82.45979,13.421495,-6.494027,1719.498254,109.64636,17.69556,-8.81125,221.73485,221.73485,-2.946497,2.4601,-18.90391,25.96005,-1.74528,50,4.22922,7.3831,-76.72347,1.75378,-10.3243,16.84181,-17.99608,GEO_PAT,NA,SpuhlerFieldMain,NA,NA,20251018-SpuhlerFieldMain-BP-1,732a8820-ac25-11f0-81f2-195cbb24ffac,85.14335,17.91849,NA,4.65246,NA,NA,NA,1.55721,1.11427,0.59836,de988b4a-7493-4841-bf63-462d2c1b23e8,2025-10-18,13:22:08,2025-10-18T13:22:08Z,2025-10-18T13:22:08Z,LineDrive,v3,471300,NA,NA,NA,NA,Undefined,GEO_PAT,e3ec8941-c63d-472e-961f-a84785190d06,31.93549,-72.64993,8.42091,4.12701,-2.59894,-8.99804,-0.26152,4.88596,-5.16215,199.262509,1.55721,116.88291,-17.27949,3.6978,-0.71949,0.12876,-0.02028,0.00238,-1.4e-4,1.11427,28.07201,-11.66322,-0.16177,0.12244,-0.02672,0.00331,1.7e-4,-6e-5,0.59835,-13.3048,4.96496,-0.86541,0.13109,-0.01937,0.00333,-5e-4,4e-5,NA,NA,NA,NA,NA,NA,NA,NA,NA,NA,NA,NA,NA,NA,NA,NA,NA,NA,NA,NA,NA,NA,Low,Low,Low,Medium,High,NA,NA,NA,NA,NA,NA,NA,NA,NA,NA,NA,NA,NA,NA,NA,NA,NA,NA,NA,NA,NA,NA,NA,NA,NA,NA,NA,NA,NA,NA,NA,NA,NA,NA,NA,NA,NA,NA,NA,NA,NA,NA,NA,NA,NA,NA,NA,NA,NA,NA,NA,NA,NA,NA,NA
NA,NA,NA,NA,NA,NA,NA,NA,NA,NA,NA,NA,NA,NA,NA,NA,141,2025-10-18,09:22:21,NA,NA,NA,NA,Undefined,GEO_PAT,"Meeks, Gardner",1000324679,Right,GEO_PAT,Undefined,1,Bottom,0,0,0,Undefined,NA,Undefined,Undefined,Undefined,Undefined,0,0,NA,49.42564,-2.770101,-5.108329,1077.107895,NA,NA,4.38136,0.43741,28.53292,NA,NA,NA,0.93331,-1.22433,44.96365,-10.427141,-1.110694,0.447237,82.63929,34.49832,-1.450742,3753.8431,109.9417,63.45042,3.57683,290.79696,290.79696,6.424344,4.828192,-21.63867,24.8173,-2.30948,50,4.67044,9.11238,-75.90776,1.11395,-11.60011,16.26921,-18.86995,GEO_PAT,NA,SpuhlerFieldMain,NA,NA,20251018-SpuhlerFieldMain-BP-1,7a9aad10-ac25-11f0-81f2-195cbb24ffac,84.27839,76.7289,NA,4.46199,NA,NA,NA,2.01524,1.04256,1.21232,de988b4a-7493-4841-bf63-462d2c1b23e8,2025-10-18,13:22:21,2025-10-18T13:22:21Z,2025-10-18T13:22:21Z,FlyBall,v3,471300,NA,NA,NA,NA,Undefined,GEO_PAT,13434984-a3d9-4bd6-96f4-52d17dd6ea07,31.97097,-71.93992,8.13461,4.38092,-3.48818,-9.43497,-0.43208,6.28327,-5.80005,199.743043,2.01653,99.83304,-17.88772,3.92539,-0.76321,0.14172,-0.02575,0.0034,-2e-4,1.04284,68.63688,-17.41457,0.99764,-0.0052,-0.07779,0.02884,-0.00445,2.5e-4,1.21204,-2.52307,4.36559,-1.07006,0.21808,-0.03616,0.0047,-4.5e-4,2e-5,NA,NA,NA,NA,NA,NA,NA,NA,NA,NA,NA,NA,NA,NA,NA,NA,NA,NA,NA,NA,NA,NA,Low,Low,Low,High,Medium,NA,NA,NA,NA,NA,NA,NA,NA,NA,NA,NA,NA,NA,NA,NA,NA,NA,NA,NA,NA,NA,NA,NA,NA,NA,NA,NA,NA,NA,NA,NA,NA,NA,NA,NA,NA,NA,NA,NA,NA,NA,NA,NA,NA,NA,NA,NA,NA,NA,NA,NA,NA,NA,NA,NA
NA,NA,NA,NA,NA,NA,NA,NA,NA,NA,NA,NA,NA,NA,NA,NA,142,2025-10-18,09:22:25,NA,NA,NA,NA,Undefined,GEO_PAT,"Meeks, Gardner",1000324679,Right,GEO_PAT,Undefined,1,Bottom,0,0,0,Undefined,Curveball,Undefined,Undefined,Undefined,Undefined,0,0,NA,48.5811,-1.160101,-2.863324,1052.997278,171.404628,11:45:00,4.39052,0.35428,28.76609,-32.25872,5.39122,-0.67791,1.0874,-1.21905,46.21188,-11.411625,-3.077168,0.441625,91.84185,19.665671,-14.399184,1611.942201,106.66968,33.10839,-26.86186,298.52315,280.40617,-14.260425,3.591281,0.03283,9.40347,-1.25078,50,3.90932,3.55426,-73.80905,5.33476,0.01765,10.89565,-27.12043,GEO_PAT,NA,SpuhlerFieldMain,NA,NA,20251018-SpuhlerFieldMain-BP-1,7cee3a00-ac25-11f0-81f2-195cbb24ffac,85.34944,39.46058,NA,2.36922,NA,NA,NA,1.88693,1.18752,1.17361,de988b4a-7493-4841-bf63-462d2c1b23e8,2025-10-18,13:22:25,2025-10-18T13:22:25Z,2025-10-18T13:22:25Z,LineDrive,v3,471300,NA,NA,NA,NA,Undefined,GEO_PAT,d0500007-3d9f-4cc5-b5dd-f61259b887b0,31.74089,-71.06255,5.44783,4.39244,-1.50156,-13.56021,-0.35429,3.55871,0.00883,168.590146,1.88657,122.87112,-23.74534,6.22725,-1.55675,0.39031,-0.08732,0.01311,-8.7e-4,1.18806,45.31453,-13.32143,-0.64943,0.65206,-0.2797,0.07749,-0.01135,6.4e-4,1.17378,-31.54855,3.80981,0.00598,-0.15202,0.03434,-0.00159,-6.2e-4,8e-5,NA,NA,NA,NA,NA,NA,NA,NA,NA,NA,NA,NA,NA,NA,NA,NA,NA,NA,NA,NA,NA,NA,High,High,High,High,High,NA,NA,NA,NA,NA,NA,NA,NA,NA,NA,NA,NA,NA,NA,NA,NA,NA,NA,NA,NA,NA,NA,NA,NA,NA,NA,NA,NA,NA,NA,NA,NA,NA,NA,NA,NA,NA,NA,NA,NA,NA,NA,NA,NA,NA,NA,NA,NA,NA,NA,NA,NA,NA,NA,NA
NA,NA,NA,NA,NA,NA,NA,NA,NA,NA,NA,NA,NA,NA,NA,NA,143,2025-10-18,09:22:29,NA,NA,NA,NA,Undefined,GEO_PAT,"Meeks, Gardner",1000324679,Right,GEO_PAT,Undefined,1,Bottom,0,0,0,Undefined,NA,Undefined,Undefined,Undefined,Undefined,0,0,NA,49.39267,-4.179589,-4.994942,1114.435322,NA,NA,4.51724,0.45706,28.60039,NA,NA,NA,0.48072,-1.32983,45.10609,-11.199019,-1.707567,0.446681,NA,NA,NA,NA,NA,NA,NA,NA,NA,NA,NA,-18.20418,28.43494,-2.25619,50,5.29185,8.54397,-75.69013,-1.07936,-9.73729,15.90227,-16.96441,GEO_PAT,NA,SpuhlerFieldMain,NA,NA,20251018-SpuhlerFieldMain-BP-1,7f5f3a00-ac25-11f0-81f2-195cbb24ffac,84.38328,NA,NA,4.28658,NA,NA,NA,NA,NA,NA,de988b4a-7493-4841-bf63-462d2c1b23e8,2025-10-18,13:22:29,2025-10-18T13:22:29Z,2025-10-18T13:22:29Z,NA,v3,471300,NA,NA,NA,NA,Undefined,GEO_PAT,49d5bf73-a840-4f91-bda6-4a8f2fd3c31f,31.90314,-71.78741,7.95114,4.51607,-5.24274,-8.4822,-0.45258,6.15426,-4.86865,NA,NA,NA,NA,NA,NA,NA,NA,NA,NA,NA,NA,NA,NA,NA,NA,NA,NA,NA,NA,NA,NA,NA,NA,NA,NA,NA,NA,NA,NA,NA,NA,NA,NA,NA,NA,NA,NA,NA,NA,NA,NA,NA,NA,NA,NA,NA,NA,NA,NA,Low,Low,Low,NA,NA,NA,NA,NA,NA,NA,NA,NA,NA,NA,NA,NA,NA,NA,NA,NA,NA,NA,NA,NA,NA,NA,NA,NA,NA,NA,NA,NA,NA,NA,NA,NA,NA,NA,NA,NA,NA,NA,NA,NA,NA,NA,NA,NA,NA,NA,NA,NA,NA,NA,NA,NA,NA,NA,NA,NA
NA,NA,NA,NA,NA,NA,NA,NA,NA,NA,NA,NA,NA,NA,NA,NA,144,2025-10-18,09:22:33,NA,NA,NA,NA,Undefined,GEO_PAT,"Meeks, Gardner",1000324679,Right,GEO_PAT,Undefined,1,Bottom,0,0,0,Undefined,NA,Undefined,Undefined,Undefined,Undefined,0,0,NA,49.92802,-4.181399,-4.557779,1202.666683,NA,NA,4.59321,0.40684,28.67652,NA,NA,NA,0.66587,-1.18775,45.55311,-10.834349,-1.440181,0.44055,95.81405,5.321518,-15.49543,2549.557625,NA,NA,NA,85.20086,85.20086,-15.134828,0.658004,-17.14623,28.79096,-2.06198,50,5.39402,7.95478,-76.57314,-1.29297,-9.38465,16.293,-16.41589,GEO_PAT,NA,SpuhlerFieldMain,NA,NA,20251018-SpuhlerFieldMain-BP-1,81fb8fc0-ac25-11f0-81f2-195cbb24ffac,85.55773,2.2372,NA,4.37491,NA,NA,NA,1.45234,0.24091,1.1574,de988b4a-7493-4841-bf63-462d2c1b23e8,2025-10-18,13:22:33,2025-10-18T13:22:33Z,2025-10-18T13:22:33Z,GroundBall,v3,471300,NA,NA,NA,NA,Undefined,GEO_PAT,262befe6-a646-49ea-a2e1-8a8d34422d6e,31.82662,-72.60336,8.1465,4.59172,-5.29269,-8.20795,-0.40237,5.66822,-4.69233,33.999398,1.48997,134.06013,-17.30222,NA,NA,NA,NA,NA,NA,0.27276,12.37715,-19.50823,NA,NA,NA,NA,NA,NA,1.15511,-37.33553,2.69956,NA,NA,NA,NA,NA,NA,NA,NA,NA,NA,NA,NA,NA,NA,NA,NA,NA,NA,NA,NA,NA,NA,NA,NA,NA,NA,NA,NA,Low,Low,Low,Medium,High,NA,NA,NA,NA,NA,NA,NA,NA,NA,NA,NA,NA,NA,NA,NA,NA,NA,NA,NA,NA,NA,NA,NA,NA,NA,NA,NA,NA,NA,NA,NA,NA,NA,NA,NA,NA,NA,NA,NA,NA,NA,NA,NA,NA,NA,NA,NA,NA,NA,NA,NA,NA,NA,NA,NA
NA,NA,NA,NA,NA,NA,NA,NA,NA,NA,NA,NA,NA,NA,NA,NA,145,2025-10-18,09:22:44,NA,NA,NA,NA,Undefined,GEO_PAT,"Meeks, Gardner",1000324679,Right,GEO_PAT,Undefined,1,Bottom,0,0,0,Undefined,NA,Undefined,Undefined,Undefined,Undefined,0,0,NA,49.14341,-3.955943,-4.246508,1128.044742,NA,NA,4.95792,0.43651,28.53868,NA,NA,NA,1.09375,-1.10729,44.83507,-10.775588,-1.535311,0.449491,76.41935,26.407756,-27.345082,1638.201662,98.10316,39.17956,-49.7569,236.3083,236.3083,-28.154228,3.430099,-15.08946,29.92848,-1.9542,50,5.67437,7.17897,-75.41619,-0.92332,-8.002,15.89297,-16.30288,GEO_PAT,NA,SpuhlerFieldMain,NA,NA,20251018-SpuhlerFieldMain-BP-1,886197b0-ac25-11f0-81f2-195cbb24ffac,83.8559,40.93902,NA,4.30834,NA,NA,NA,2.21629,1.1753,0.94397,de988b4a-7493-4841-bf63-462d2c1b23e8,2025-10-18,13:22:44,2025-10-18T13:22:44Z,2025-10-18T13:22:44Z,LineDrive,v3,471300,NA,NA,NA,NA,Undefined,GEO_PAT,3bb6677f-9771-4e71-b365-1c31e12c1c17,31.96475,-71.51458,7.94649,4.95644,-4.92556,-8.15144,-0.43294,5.21454,-4.001,NA,2.21631,89.16742,-15.24555,3.36942,-0.6475,0.0969,-0.00645,-0.00109,2e-4,1.17514,49.85493,-17.00806,1.15051,-0.30407,0.12354,-0.04305,0.00879,-7.3e-4,0.94396,-46.11151,7.05576,-1.58504,0.30794,-0.04627,0.00308,4.9e-4,-9e-5,NA,NA,NA,NA,NA,NA,NA,NA,NA,NA,NA,NA,NA,NA,NA,NA,NA,NA,NA,NA,NA,NA,Low,Low,Low,Medium,High,NA,NA,NA,NA,NA,NA,NA,NA,NA,NA,NA,NA,NA,NA,NA,NA,NA,NA,NA,NA,NA,NA,NA,NA,NA,NA,NA,NA,NA,NA,NA,NA,NA,NA,NA,NA,NA,NA,NA,NA,NA,NA,NA,NA,NA,NA,NA,NA,NA,NA,NA,NA,NA,NA,NA
NA,NA,NA,NA,NA,NA,NA,NA,NA,NA,NA,NA,NA,NA,NA,NA,146,2025-10-18,09:22:48,NA,NA,NA,NA,Undefined,GEO_PAT,"Meeks, Gardner",1000324679,Right,GEO_PAT,Undefined,1,Bottom,0,0,0,Undefined,NA,Undefined,Undefined,Undefined,Undefined,0,0,NA,51.1241,-5.012458,-5.030959,1089.21124,NA,NA,4.79197,0.46352,28.42214,NA,NA,NA,0.41419,-1.25802,46.66177,-11.511898,-1.388019,0.434599,69.08589,-1.841081,-12.914135,NA,NA,NA,NA,15.00532,15.00256,-6.91457,0.135231,-19.78899,27.65482,-2.27451,50,5.86853,9.05319,-78.20382,-2.65979,-11.30621,16.9284,-16.3738,GEO_PAT,NA,SpuhlerFieldMain,NA,NA,20251018-SpuhlerFieldMain-BP-1,8aee5d10-ac25-11f0-81f2-195cbb24ffac,86.72921,0.44022,NA,4.46234,NA,NA,NA,1.5446,0.44022,1.25491,de988b4a-7493-4841-bf63-462d2c1b23e8,2025-10-18,13:22:48,2025-10-18T13:22:48Z,2025-10-18T13:22:48Z,GroundBall,v3,471300,NA,NA,NA,NA,Undefined,GEO_PAT,73a9204f-90b1-4359-b52a-fb0c9b851e80,32.08166,-74.22385,8.4642,4.79067,-6.50937,-8.1869,-0.45853,6.39503,-5.6531,NA,1.54417,98.73191,NA,NA,NA,NA,NA,NA,NA,0.44024,-3.25599,NA,NA,NA,NA,NA,NA,NA,1.25501,-22.63826,NA,NA,NA,NA,NA,NA,NA,NA,NA,NA,NA,NA,NA,NA,NA,NA,NA,NA,NA,NA,NA,NA,NA,NA,NA,NA,NA,NA,NA,Low,Low,Low,Estimated,Estimated,NA,NA,NA,NA,NA,NA,NA,NA,NA,NA,NA,NA,NA,NA,NA,NA,NA,NA,NA,NA,NA,NA,NA,NA,NA,NA,NA,NA,NA,NA,NA,NA,NA,NA,NA,NA,NA,NA,NA,NA,NA,NA,NA,NA,NA,NA,NA,NA,NA,NA,NA,NA,NA,NA,NA
NA,NA,NA,NA,NA,NA,NA,NA,NA,NA,NA,NA,NA,NA,NA,NA,147,2025-10-18,09:22:53,NA,NA,NA,NA,Undefined,GEO_PAT,"Meeks, Gardner",1000324679,Right,GEO_PAT,Undefined,1,Bottom,0,0,0,Undefined,NA,Undefined,Undefined,Undefined,Undefined,0,0,NA,49.49921,-3.747285,-4.919678,1174.06621,NA,NA,4.64681,0.51465,28.60837,NA,NA,NA,0.78097,-1.07815,46.12341,-10.924386,-1.05574,0.440594,NA,NA,NA,NA,NA,NA,NA,NA,NA,NA,NA,-20.6821,25.28635,-2.34841,50,5.2554,8.86828,-75.26904,-0.22404,-11.31303,13.08536,-18.34251,GEO_PAT,NA,SpuhlerFieldMain,NA,NA,20251018-SpuhlerFieldMain-BP-1,8d9fe880-ac25-11f0-81f2-195cbb24ffac,85.5491,NA,NA,3.3758,NA,NA,NA,NA,NA,NA,de988b4a-7493-4841-bf63-462d2c1b23e8,2025-10-18,13:22:53,2025-10-18T13:22:53Z,2025-10-18T13:22:53Z,NA,v3,471300,NA,NA,NA,NA,Undefined,GEO_PAT,a972532d-1c3e-4266-951c-46afb90067df,31.89734,-72.05323,6.54268,4.64643,-4.73182,-9.17125,-0.51061,6.08804,-5.65652,NA,NA,NA,NA,NA,NA,NA,NA,NA,NA,NA,NA,NA,NA,NA,NA,NA,NA,NA,NA,NA,NA,NA,NA,NA,NA,NA,NA,NA,NA,NA,NA,NA,NA,NA,NA,NA,NA,NA,NA,NA,NA,NA,NA,NA,NA,NA,NA,NA,NA,Low,Low,Low,NA,NA,NA,NA,NA,NA,NA,NA,NA,NA,NA,NA,NA,NA,NA,NA,NA,NA,NA,NA,NA,NA,NA,NA,NA,NA,NA,NA,NA,NA,NA,NA,NA,NA,NA,NA,NA,NA,NA,NA,NA,NA,NA,NA,NA,NA,NA,NA,NA,NA,NA,NA,NA,NA,NA,NA,NA
NA,NA,NA,NA,NA,NA,NA,NA,NA,NA,NA,NA,NA,NA,NA,NA,148,2025-10-18,09:22:57,NA,NA,NA,NA,Undefined,GEO_PAT,"Meeks, Gardner",1000324679,Right,GEO_PAT,Undefined,1,Bottom,0,0,0,Undefined,NA,Undefined,Undefined,Undefined,Undefined,0,0,NA,50.0746,-3.995417,-4.293978,1138.158217,NA,NA,5.06999,0.50066,28.38415,NA,NA,NA,1.19213,-0.93962,45.61889,-10.711954,-1.072378,0.443563,84.34145,17.106109,-20.134989,1404.47979,103.61819,25.37682,-36.92224,262.37205,262.37205,-19.782391,3.016547,-17.47466,28.4832,-2.05013,50,5.80957,7.65132,-76.82708,-1.12942,-9.60913,16.55743,-16.51144,GEO_PAT,NA,SpuhlerFieldMain,NA,NA,20251018-SpuhlerFieldMain-BP-1,9015a370-ac25-11f0-81f2-195cbb24ffac,84.97644,27.39387,NA,4.45571,NA,NA,NA,1.75364,1.25029,0.61814,de988b4a-7493-4841-bf63-462d2c1b23e8,2025-10-18,13:22:57,2025-10-18T13:22:57Z,2025-10-18T13:22:57Z,LineDrive,v3,471300,NA,NA,NA,NA,Undefined,GEO_PAT,fb7530b8-7cd4-4399-bddf-0381416f5691,32.11959,-72.87176,8.27871,5.06865,-5.07376,-8.25572,-0.49652,5.35585,-4.80456,176.802648,1.75372,110.99935,-16.13846,3.32737,-0.58634,0.0516,0.0114,-0.00462,5e-4,1.25018,36.38977,-13.01802,0.2658,-0.07076,0.0764,-0.03582,0.00857,-8.1e-4,0.6181,-40.69637,5.44421,-0.81828,0.06435,0.02747,-0.01603,0.00375,-3.4e-4,NA,NA,NA,NA,NA,NA,NA,NA,NA,NA,NA,NA,NA,NA,NA,NA,NA,NA,NA,NA,NA,NA,Low,Low,Low,High,High,NA,NA,NA,NA,NA,NA,NA,NA,NA,NA,NA,NA,NA,NA,NA,NA,NA,NA,NA,NA,NA,NA,NA,NA,NA,NA,NA,NA,NA,NA,NA,NA,NA,NA,NA,NA,NA,NA,NA,NA,NA,NA,NA,NA,NA,NA,NA,NA,NA,NA,NA,NA,NA,NA,NA
NA,NA,NA,NA,NA,NA,NA,NA,NA,NA,NA,NA,NA,NA,NA,NA,149,2025-10-18,09:23:09,NA,NA,NA,NA,Undefined,GEO_PAT,"Meeks, Gardner",1000324679,Right,GEO_PAT,Undefined,1,Bottom,0,0,0,Undefined,NA,Undefined,Undefined,Undefined,Undefined,0,0,NA,50.01141,-4.945128,-4.407389,2084.684687,NA,NA,5.24782,0.48859,28.34145,NA,NA,NA,0.87476,-1.0618,45.68922,-11.536641,-1.360314,0.4451,84.99355,14.985684,-24.363825,1251.77016,98.44781,12.83848,-49.07165,174.57195,171.69528,-28.606837,1.660347,-16.81477,29.75258,-2.06363,50,6.29345,7.70531,-76.60756,-2.48331,-9.20353,16.37615,-15.88905,GEO_PAT,NA,SpuhlerFieldMain,NA,NA,20251018-SpuhlerFieldMain-BP-1,97244770-ac25-11f0-81f2-195cbb24ffac,84.68303,13.53834,NA,4.32219,NA,NA,NA,3.1639,1.35105,0.71677,de988b4a-7493-4841-bf63-462d2c1b23e8,2025-10-18,13:23:09,2025-10-18T13:23:09Z,2025-10-18T13:23:09Z,LineDrive,v3,471300,NA,NA,NA,NA,Undefined,GEO_PAT,73cef891-2c1a-4fe7-be11-4dac3c28896f,32.16323,-72.69473,8.18807,5.24654,-6.27976,-7.94453,-0.48527,5.50626,-4.60177,74.100063,3.16391,109.69272,-14.50225,2.31525,-0.29221,-0.18067,0.16838,-0.06349,0.00922,1.35106,32.23309,-22.92999,2.40882,-0.40872000000000003,-0.02443,0.07157,-0.02921,0.0043,0.71677,-49.67683,-2.47514,1.58671,-0.27582,-0.19034,0.21162,-0.08409,0.01263,NA,NA,NA,NA,NA,NA,NA,NA,NA,NA,NA,NA,NA,NA,NA,NA,NA,NA,NA,NA,NA,NA,Low,Low,Low,High,High,NA,NA,NA,NA,NA,NA,NA,NA,NA,NA,NA,NA,NA,NA,NA,NA,NA,NA,NA,NA,NA,NA,NA,NA,NA,NA,NA,NA,NA,NA,NA,NA,NA,NA,NA,NA,NA,NA,NA,NA,NA,NA,NA,NA,NA,NA,NA,NA,NA,NA,NA,NA,NA,NA,NA
NA,NA,NA,NA,NA,NA,NA,NA,NA,NA,NA,NA,NA,NA,NA,NA,150,2025-10-18,09:23:12,NA,NA,NA,NA,Undefined,GEO_PAT,"Meeks, Gardner",1000324679,Right,GEO_PAT,Undefined,1,Bottom,0,0,0,Undefined,NA,Undefined,Undefined,Undefined,Undefined,0,0,NA,48.05046,-3.969814,-4.57612,1183.917791,NA,NA,4.64268,0.41298,28.69311,NA,NA,NA,0.73549,-1.32688,45.2107,-10.866443,-1.972027,0.450543,86.87905,29.587796,-4.633812,1887.889452,109.8925,53.68865,-4.85158,335.5542,335.5542,0.210561,4.746737,-14.50371,29.38852,-2.0671,50,5.33047,7.46073,-72.82254,-0.54799,-7.52973,11.19625,-16.91674,GEO_PAT,NA,SpuhlerFieldMain,NA,NA,20251018-SpuhlerFieldMain-BP-1,99742ae0-ac25-11f0-81f2-195cbb24ffac,83.66011,71.00055,NA,2.83976,NA,NA,NA,3.45499,1.10886,1.2825,de988b4a-7493-4841-bf63-462d2c1b23e8,2025-10-18,13:23:12,2025-10-18T13:23:12Z,2025-10-18T13:23:12Z,FlyBall,v3,471300,NA,NA,NA,NA,Undefined,GEO_PAT,4521e547-52d0-4a61-9673-7d751f02a810,31.81321,-69.97053,5.59812,4.64204,-4.85718,-8.45837,-0.41093,5.54269,-3.76486,191.765982,3.4559,110.43032,-18.48116,4.14241,-0.79824,0.14264,-0.02486,0.00325,-1.9e-4,1.10939,62.89326,-15.0218,0.29373,0.17556,-0.11747,0.03635,-0.00541,3.1e-4,1.28226,-8.94752,3.87334,-0.80123,0.14711,-0.02797,0.00576,-8.4e-4,5e-5,NA,NA,NA,NA,NA,NA,NA,NA,NA,NA,NA,NA,NA,NA,NA,NA,NA,NA,NA,NA,NA,NA,Low,Low,Low,Medium,High,NA,NA,NA,NA,NA,NA,NA,NA,NA,NA,NA,NA,NA,NA,NA,NA,NA,NA,NA,NA,NA,NA,NA,NA,NA,NA,NA,NA,NA,NA,NA,NA,NA,NA,NA,NA,NA,NA,NA,NA,NA,NA,NA,NA,NA,NA,NA,NA,NA,NA,NA,NA,NA,NA,NA
NA,NA,NA,NA,NA,NA,NA,NA,NA,NA,NA,NA,NA,NA,NA,NA,151,2025-10-18,09:23:17,NA,NA,NA,NA,Undefined,GEO_PAT,"Meeks, Gardner",1000324679,Right,GEO_PAT,Undefined,1,Bottom,0,0,0,Undefined,NA,Undefined,Undefined,Undefined,Undefined,0,0,NA,49.64892,-4.446434,-4.867062,1193.831413,NA,NA,4.93317,0.58109,28.53869,NA,NA,NA,0.83413,-1.23434,45.33338,-11.130828,-1.929457,0.445344,85.96298,28.988741,-8.71927,1297.606259,109.23023,50.09309,-12.98763,305.00238,303.34186,-5.53999,4.28848,-16.63076,29.69998,-2.31579,50,5.81764,8.23717,-76.10337,-1.67893,-8.98249,16.16906,-16.1327,GEO_PAT,NA,SpuhlerFieldMain,NA,NA,20251018-SpuhlerFieldMain-BP-1,9bf04e70-ac25-11f0-81f2-195cbb24ffac,84.63674,61.32244,NA,4.31554,NA,NA,NA,3.51627,1.28605,0.82314,de988b4a-7493-4841-bf63-462d2c1b23e8,2025-10-18,13:23:17,2025-10-18T13:23:17Z,2025-10-18T13:23:17Z,LineDrive,v3,471300,NA,NA,NA,NA,Undefined,GEO_PAT,fe0aeaff-a49b-4e3f-808b-035e4dd085e1,31.96595,-72.17018,8.08453,4.93193,-5.60327,-8.06635,-0.57782,6.05215,-4.49124,196.155866,3.51587,109.0212,-18.32234,4.24948,-1.0241,0.26829,-0.06177,0.00894,-5.5e-4,1.28715,61.07231,-16.85054,0.54665,0.26265,-0.19288,0.06111,-0.00929,5.4e-4,0.82304,-16.71627,5.49003,-1.6187,0.39556,-0.07976,0.01284,-0.00146,8e-5,NA,NA,NA,NA,NA,NA,NA,NA,NA,NA,NA,NA,NA,NA,NA,NA,NA,NA,NA,NA,NA,NA,Low,Low,Low,High,High,NA,NA,NA,NA,NA,NA,NA,NA,NA,NA,NA,NA,NA,NA,NA,NA,NA,NA,NA,NA,NA,NA,NA,NA,NA,NA,NA,NA,NA,NA,NA,NA,NA,NA,NA,NA,NA,NA,NA,NA,NA,NA,NA,NA,NA,NA,NA,NA,NA,NA,NA,NA,NA,NA,NA
NA,NA,NA,NA,NA,NA,NA,NA,NA,NA,NA,NA,NA,NA,NA,NA,152,2025-10-18,09:23:21,NA,NA,NA,NA,Undefined,GEO_PAT,"Meeks, Gardner",1000324679,Right,GEO_PAT,Undefined,1,Bottom,0,0,0,Undefined,NA,Undefined,Undefined,Undefined,Undefined,0,0,NA,48.2543,-1.781607,-3.721691,1174.614662,NA,NA,4.38582,0.3118,28.78288,NA,NA,NA,1.29123,-0.54323,43.89462,-10.229065,0.495729,0.453594,74.58146,43.158662,-20.928093,2873.81418,105.18866,81.56259,-32.17581,230.02163,126.04635,-15.596135,4.87826,-22.27623,22.97942,-1.79263,50,4.29327,7.33089,-74.48922,2.9373,-11.43653,16.07937,-20.3765,GEO_PAT,NA,SpuhlerFieldMain,NA,NA,20251018-SpuhlerFieldMain-BP-1,9e4e1490-ac25-11f0-81f2-195cbb24ffac,83.09726,85.32672,NA,4.35968,NA,NA,NA,3.32438,1.97598,0.89612,de988b4a-7493-4841-bf63-462d2c1b23e8,2025-10-18,13:23:21,2025-10-18T13:23:21Z,2025-10-18T13:23:21Z,FlyBall,v3,471300,NA,NA,NA,NA,Undefined,GEO_PAT,e5c30f99-af05-42cf-b76a-bd51d5bf6961,31.722,-70.43328,8.03969,4.38593,-2.20257,-10.18825,-0.30729,4.44608,-5.71827,193.326024,3.3274,74.46186,-15.27181,3.6169,-0.44284,-0.0374,0.02359,-0.00326,1.5e-4,1.97405,74.85762,-18.55634,0.88208,0.00391,-0.06066,0.02424,-0.00408,2.5e-4,0.89464,-28.46773,8.94573,-2.44823,0.3967,-0.01085,-0.00966,0.00171,-9e-5,NA,NA,NA,NA,NA,NA,NA,NA,NA,NA,NA,NA,NA,NA,NA,NA,NA,NA,NA,NA,NA,NA,Low,Low,Low,High,Medium,NA,NA,NA,NA,NA,NA,NA,NA,NA,NA,NA,NA,NA,NA,NA,NA,NA,NA,NA,NA,NA,NA,NA,NA,NA,NA,NA,NA,NA,NA,NA,NA,NA,NA,NA,NA,NA,NA,NA,NA,NA,NA,NA,NA,NA,NA,NA,NA,NA,NA,NA,NA,NA,NA,NA
NA,NA,NA,NA,NA,NA,NA,NA,NA,NA,NA,NA,NA,NA,NA,NA,153,2025-10-18,09:23:33,NA,NA,NA,NA,Undefined,GEO_PAT,"Meeks, Gardner",1000324679,Right,GEO_PAT,Undefined,1,Bottom,0,0,0,Undefined,NA,Undefined,Undefined,Undefined,Undefined,0,0,NA,49.76072,-2.174609,-4.748021,1091.324534,NA,NA,4.6806,0.55982,28.46852,NA,NA,NA,1.84301,-1.29009,45.07057,-8.761009,-2.164821,0.445082,NA,NA,NA,NA,NA,NA,NA,NA,NA,NA,NA,-14.79194,29.01226,-2.21925,50,4.85667,7.86452,-76.49776,1.24152,-8.03911,16.66399,-16.40648,GEO_PAT,NA,SpuhlerFieldMain,NA,NA,20251018-SpuhlerFieldMain-BP-1,a57ee690-ac25-11f0-81f2-195cbb24ffac,84.68647,NA,NA,4.69015,NA,NA,NA,NA,NA,NA,de988b4a-7493-4841-bf63-462d2c1b23e8,2025-10-18,13:23:33,2025-10-18T13:23:33Z,2025-10-18T13:23:33Z,NA,v3,471300,NA,NA,NA,NA,Undefined,GEO_PAT,87456c64-8006-4362-a0b5-3d2501a9ea19,32.0348,-72.4787,8.332,4.67893,-2.71543,-8.20324,-0.55629,5.92563,-4.01956,NA,NA,NA,NA,NA,NA,NA,NA,NA,NA,NA,NA,NA,NA,NA,NA,NA,NA,NA,NA,NA,NA,NA,NA,NA,NA,NA,NA,NA,NA,NA,NA,NA,NA,NA,NA,NA,NA,NA,NA,NA,NA,NA,NA,NA,NA,NA,NA,NA,NA,Low,Low,Low,NA,NA,NA,NA,NA,NA,NA,NA,NA,NA,NA,NA,NA,NA,NA,NA,NA,NA,NA,NA,NA,NA,NA,NA,NA,NA,NA,NA,NA,NA,NA,NA,NA,NA,NA,NA,NA,NA,NA,NA,NA,NA,NA,NA,NA,NA,NA,NA,NA,NA,NA,NA,NA,NA,NA,NA,NA
NA,NA,NA,NA,NA,NA,NA,NA,NA,NA,NA,NA,NA,NA,NA,NA,154,2025-10-18,09:23:37,NA,NA,NA,NA,Undefined,GEO_PAT,"Meeks, Gardner",1000324679,Right,GEO_PAT,Undefined,1,Bottom,0,0,0,Undefined,NA,Undefined,Undefined,Undefined,Undefined,0,0,NA,49.86303,-2.005104,-5.528838,1224.158746,NA,NA,4.86666,0.69278,28.80828,NA,NA,NA,2.04497,-1.33593,45.2109,-8.972662,-2.133942,0.439297,89.64523,16.075656,2.100695,2125.372768,109.15435,23.11783,13.61338,245.6737,245.6737,12.436681,2.586496,-19.20485,26.44564,-2.6964,50,4.95104,9.47138,-76.64209,1.82687,-10.48919,16.63357,-17.73012,GEO_PAT,NA,SpuhlerFieldMain,NA,NA,20251018-SpuhlerFieldMain-BP-1,a7cf6640-ac25-11f0-81f2-195cbb24ffac,85.80176,24.01981,NA,4.65213,NA,NA,NA,2.27466,2.23406,1.27589,de988b4a-7493-4841-bf63-462d2c1b23e8,2025-10-18,13:23:37,2025-10-18T13:23:37Z,2025-10-18T13:23:37Z,LineDrive,v3,471300,NA,NA,NA,NA,Undefined,GEO_PAT,d7670e5c-1360-49b6-b919-e7cad2330f02,31.69551,-72.56081,8.31679,4.86558,-2.52346,-8.86506,-0.68821,6.89772,-5.24459,242.75607,2.27464,126.25457,-20.24319,4.14478,-0.9008,0.22941,-0.06135,0.01131,-9.2e-4,2.23409,36.40471,-16.00091,0.60876,0.17447,-0.19353,0.08765,-0.01937,0.00173,1.27594,4.62693,10.7445,-3.32708,1.12962,-0.45963,0.15909,-0.0327,0.00284,NA,NA,NA,NA,NA,NA,NA,NA,NA,NA,NA,NA,NA,NA,NA,NA,NA,NA,NA,NA,NA,NA,Low,Low,Low,High,High,NA,NA,NA,NA,NA,NA,NA,NA,NA,NA,NA,NA,NA,NA,NA,NA,NA,NA,NA,NA,NA,NA,NA,NA,NA,NA,NA,NA,NA,NA,NA,NA,NA,NA,NA,NA,NA,NA,NA,NA,NA,NA,NA,NA,NA,NA,NA,NA,NA,NA,NA,NA,NA,NA,NA
NA,NA,NA,NA,NA,NA,NA,NA,NA,NA,NA,NA,NA,NA,NA,NA,155,2025-10-18,09:23:41,NA,NA,NA,NA,Undefined,GEO_PAT,"Meeks, Gardner",1000324679,Right,GEO_PAT,Undefined,1,Bottom,0,0,0,Undefined,Changeup,Undefined,Undefined,Undefined,Undefined,0,0,NA,48.48407,-1.548492,-3.824554,1197.347041,232.374847,01:45:00,4.38119,0.50262,28.82643,-32.36817,5.07977,5.49792,0.86382,-1.06255,46.4422,-11.816709,-2.089157,0.440439,95.52011,15.647517,-18.176812,1288.107883,105.46708,25.70745,-31.25196,285.01547,280.39114,-14.883053,3.094546,-9.8119,8.95583,-1.86744,50,4.00095,6.04631,-73.35593,4.9784,-5.27197,9.80505,-27.36205,GEO_PAT,NA,SpuhlerFieldMain,NA,NA,20251018-SpuhlerFieldMain-BP-1,aa62bb50-ac25-11f0-81f2-195cbb24ffac,85.57935,29.98556,NA,2.04187,NA,NA,NA,3.28502,1.27148,1.00257,de988b4a-7493-4841-bf63-462d2c1b23e8,2025-10-18,13:23:41,2025-10-18T13:23:41Z,2025-10-18T13:23:41Z,LineDrive,v3,471300,NA,NA,NA,NA,Undefined,GEO_PAT,e78d4fe1-29b3-4967-9b6c-95be506f7efa,31.68147,-70.86511,4.90252,4.38276,-1.97249,-13.68102,-0.50158,4.70705,-2.63598,186.096444,3.2849,128.17818,-23.87558,6.01961,-1.28949,0.22658,-0.03052,0.00275,-1.1e-4,1.27165,37.77723,-11.75196,-0.91278,0.42701,-0.09406,0.01116,-7e-5,-8e-5,1.00253,-42.08105,9.00994,-1.41013,0.14869,-0.00719,4.2e-4,-2.7e-4,4e-5,NA,NA,NA,NA,NA,NA,NA,NA,NA,NA,NA,NA,NA,NA,NA,NA,NA,NA,NA,NA,NA,NA,High,High,High,High,High,NA,NA,NA,NA,NA,NA,NA,NA,NA,NA,NA,NA,NA,NA,NA,NA,NA,NA,NA,NA,NA,NA,NA,NA,NA,NA,NA,NA,NA,NA,NA,NA,NA,NA,NA,NA,NA,NA,NA,NA,NA,NA,NA,NA,NA,NA,NA,NA,NA,NA,NA,NA,NA,NA,NA
NA,NA,NA,NA,NA,NA,NA,NA,NA,NA,NA,NA,NA,NA,NA,NA,156,2025-10-18,09:23:45,NA,NA,NA,NA,Undefined,GEO_PAT,"Meeks, Gardner",1000324679,Right,GEO_PAT,Undefined,1,Bottom,0,0,0,Undefined,NA,Undefined,Undefined,Undefined,Undefined,0,0,NA,49.31652,-3.09052,-5.981078,1087.010033,NA,NA,4.83959,0.78728,28.69834,NA,NA,NA,1.28788,-1.3958,44.91938,-10.541554,-2.230114,0.446154,99.74235,10.572137,-13.806772,2020.431417,107.63194,16.62442,-22.70077,287.94872,279.42461,-10.738055,2.618358,-21.24009,26.06986,-2.95301,50,5.23957,10.18342,-75.64357,0.63577,-11.32009,16.06861,-18.27989,GEO_PAT,NA,SpuhlerFieldMain,NA,NA,20251018-SpuhlerFieldMain-BP-1,ad181750-ac25-11f0-81f2-195cbb24ffac,84.48299,18.6859,NA,4.39714,NA,NA,NA,3.15382,1.60446,1.21125,de988b4a-7493-4841-bf63-462d2c1b23e8,2025-10-18,13:23:45,2025-10-18T13:23:45Z,2025-10-18T13:23:45Z,LineDrive,v3,471300,NA,NA,NA,NA,Undefined,GEO_PAT,ee224e8e-0cbe-4a6f-9ab7-2f2aaded5af6,31.80656,-71.6747,8.0343,4.839,-3.87928,-9.13994,-0.78306,7.38741,-5.66005,197.318579,3.15382,139.65001,-19.31876,3.99878,-0.8189,0.16107,-0.0282,0.00357,-2.2e-4,1.60446,26.84009,-10.41571,-0.21653,0.12521,-0.03474,0.00789,-0.00103,6e-5,1.21124,-34.31883,7.67453,-1.48149,0.28417,-0.05264,0.00898,-0.00112,7e-5,NA,NA,NA,NA,NA,NA,NA,NA,NA,NA,NA,NA,NA,NA,NA,NA,NA,NA,NA,NA,NA,NA,Low,Low,Low,High,High,NA,NA,NA,NA,NA,NA,NA,NA,NA,NA,NA,NA,NA,NA,NA,NA,NA,NA,NA,NA,NA,NA,NA,NA,NA,NA,NA,NA,NA,NA,NA,NA,NA,NA,NA,NA,NA,NA,NA,NA,NA,NA,NA,NA,NA,NA,NA,NA,NA,NA,NA,NA,NA,NA,NA
NA,NA,NA,NA,NA,NA,NA,NA,NA,NA,NA,NA,NA,NA,NA,NA,157,2025-10-18,09:23:57,NA,NA,NA,NA,Undefined,GEO_PAT,"Meeks, Gardner",1000324679,Right,GEO_PAT,Undefined,1,Bottom,0,0,0,Undefined,Changeup,Undefined,Undefined,Undefined,Undefined,0,0,NA,48.522,-1.006208,-3.334519,1173.943158,253.288854,02:30:00,4.44897,0.46469,28.81509,-33.46683,4.18118,10.79359,1.12739,-0.39996,46.08029,-11.66802,0.076728,0.441614,78.68355,38.460733,-12.715665,3848.199513,108.27835,71.93539,-19.38552,238.37138,238.37138,-6.571204,4.687377,-17.8734,7.5237,-1.79577,50,3.88465,6.48323,-73.75397,5.7994,-9.57925,10.97835,-28.14171,GEO_PAT,NA,SpuhlerFieldMain,NA,NA,20251018-SpuhlerFieldMain-BP-1,b44f03d0-ac25-11f0-81f2-195cbb24ffac,85.35163,78.04875,NA,2.44171,NA,NA,NA,1.88841,1.35872,0.6205,de988b4a-7493-4841-bf63-462d2c1b23e8,2025-10-18,13:23:57,2025-10-18T13:23:57Z,2025-10-18T13:23:57Z,FlyBall,v3,471300,NA,NA,NA,NA,Undefined,GEO_PAT,b9f4dee4-d7a3-4294-b668-b070cb37bde3,31.69281,-70.97663,5.48918,4.45126,-1.31998,-14.07086,-0.46216,4.05984,-4.78962,188.446796,1.88884,88.14199,-19.09471,4.87315,-1.11608,0.25241,-0.04924,0.00621,-3.4e-4,1.36028,71.73626,-18.58923,0.72324,0.31135,-0.22285,0.06377,-0.00874,4.7e-4,0.62049,-19.89143,6.22936,-1.34482,0.28043,-0.06843,0.0157,-0.00221,1.3e-4,NA,NA,NA,NA,NA,NA,NA,NA,NA,NA,NA,NA,NA,NA,NA,NA,NA,NA,NA,NA,NA,NA,High,Medium,Medium,High,High,NA,NA,NA,NA,NA,NA,NA,NA,NA,NA,NA,NA,NA,NA,NA,NA,NA,NA,NA,NA,NA,NA,NA,NA,NA,NA,NA,NA,NA,NA,NA,NA,NA,NA,NA,NA,NA,NA,NA,NA,NA,NA,NA,NA,NA,NA,NA,NA,NA,NA,NA,NA,NA,NA,NA
NA,NA,NA,NA,NA,NA,NA,NA,NA,NA,NA,NA,NA,NA,NA,NA,158,2025-10-18,09:24:01,NA,NA,NA,NA,Undefined,GEO_PAT,"Meeks, Gardner",1000324679,Right,GEO_PAT,Undefined,1,Bottom,0,0,0,Undefined,NA,Undefined,Undefined,Undefined,Undefined,0,0,NA,49.48287,-2.950121,-4.224758,1077.268734,NA,NA,4.52385,0.33394,28.39701,NA,NA,NA,1.24925,-1.27787,44.94135,-9.568334,-1.785466,0.448456,80.29662,29.218907,-4.236844,2724.56727,109.9473,49.51854,-3.40458,256.3974,256.3974,0.599392,4.068539,-13.71953,29.85053,-1.81021,50,4.93994,7.01429,-76.00916,0.21946,-7.37585,16.29795,-16.12591,GEO_PAT,NA,SpuhlerFieldMain,NA,NA,20251018-SpuhlerFieldMain-BP-1,b6a1a660-ac25-11f0-81f2-195cbb24ffac,84.04929,55.36902,NA,4.54152,NA,NA,NA,1.87763,1.31961,1.14869,de988b4a-7493-4841-bf63-462d2c1b23e8,2025-10-18,13:24:01,2025-10-18T13:24:01Z,2025-10-18T13:24:01Z,LineDrive,v3,471300,NA,NA,NA,NA,Undefined,GEO_PAT,35f61dc5-3e1a-4820-8ac9-7b8fe4cf55bf,32.10571,-72.07019,8.14897,4.52201,-3.67793,-8.06296,-0.33038,5.23165,-3.68792,195.540287,1.87692,102.52235,-19.39259,4.58782,-1.15538,0.31773,-0.07247,0.00993,-5.7e-4,1.32062,57.45877,-16.61065,0.63402,0.24301,-0.19544,0.05988,-0.0086,4.7e-4,1.14881,-7.59768,4.27105,-1.16865,0.32874,-0.09514,0.02144,-0.00288,1.6e-4,NA,NA,NA,NA,NA,NA,NA,NA,NA,NA,NA,NA,NA,NA,NA,NA,NA,NA,NA,NA,NA,NA,Low,Low,Low,High,Medium,NA,NA,NA,NA,NA,NA,NA,NA,NA,NA,NA,NA,NA,NA,NA,NA,NA,NA,NA,NA,NA,NA,NA,NA,NA,NA,NA,NA,NA,NA,NA,NA,NA,NA,NA,NA,NA,NA,NA,NA,NA,NA,NA,NA,NA,NA,NA,NA,NA,NA,NA,NA,NA,NA,NA
NA,NA,NA,NA,NA,NA,NA,NA,NA,NA,NA,NA,NA,NA,NA,NA,159,2025-10-18,09:24:05,NA,NA,NA,NA,Undefined,GEO_PAT,"Meeks, Gardner",1000324679,Right,GEO_PAT,Undefined,1,Bottom,0,0,0,Undefined,NA,Undefined,Undefined,Undefined,Undefined,0,0,NA,50.75613,-4.651154,-4.411469,1157.888098,NA,NA,4.83067,0.4879,28.46159,NA,NA,NA,0.84207,-1.29672,46.24659,-10.484694,-2.255608,0.436714,80.11293,19.917968,2.066327,2867.476097,109.50556,29.53343,10.41405,235.2083,235.2083,8.900695,3.091708,-12.47946,31.37514,-2.01242,50,5.83574,7.27943,-77.74841,-2.53517,-7.04355,16.77426,-14.46556,GEO_PAT,NA,SpuhlerFieldMain,NA,NA,20251018-SpuhlerFieldMain-BP-1,b902a0d0-ac25-11f0-81f2-195cbb24ffac,86.30918,30.92601,NA,4.50954,NA,NA,NA,1.21951,1.00099,0.97191,de988b4a-7493-4841-bf63-462d2c1b23e8,2025-10-18,13:24:05,2025-10-18T13:24:05Z,2025-10-18T13:24:05Z,LineDrive,v3,471300,NA,NA,NA,NA,Undefined,GEO_PAT,5fc69f97-74df-459f-bd60-0e83b510c5fb,32.0415,-73.77217,8.38713,4.82839,-5.96414,-7.23278,-0.48477,5.6098,-3.52178,207.377082,1.21949,110.39994,-20.41536,4.78391,-1.05471,0.25337,-0.0575,0.00871,-5.9e-4,1.00113,40.02169,-13.50906,-0.20557,0.42943,-0.25684,0.08716,-0.0155,0.00114,0.97192,3.98234,4.40648,-1.10289,0.26981,-0.07438,0.01856,-0.00296,2.1e-4,NA,NA,NA,NA,NA,NA,NA,NA,NA,NA,NA,NA,NA,NA,NA,NA,NA,NA,NA,NA,NA,NA,Low,Low,Low,High,High,NA,NA,NA,NA,NA,NA,NA,NA,NA,NA,NA,NA,NA,NA,NA,NA,NA,NA,NA,NA,NA,NA,NA,NA,NA,NA,NA,NA,NA,NA,NA,NA,NA,NA,NA,NA,NA,NA,NA,NA,NA,NA,NA,NA,NA,NA,NA,NA,NA,NA,NA,NA,NA,NA,NA
NA,NA,NA,NA,NA,NA,NA,NA,NA,NA,NA,NA,NA,NA,NA,NA,160,2025-10-18,09:24:09,NA,NA,NA,NA,Undefined,GEO_PAT,"Meeks, Gardner",1000324679,Right,GEO_PAT,Undefined,1,Bottom,0,0,0,Undefined,NA,Undefined,Undefined,Undefined,Undefined,0,0,NA,50.67683,-4.206213,-4.711349,1093.528291,NA,NA,4.98835,0.54852,28.64098,NA,NA,NA,1.17141,-1.20277,46.16358,-10.380809,-1.868707,0.434679,93.84508,1.289875,-28.251629,1425.253643,NA,NA,NA,44.59173,44.59173,-26.575232,0.330281,-16.04328,29.54372,-2.23498,50,5.83402,8.1379,-77.735830000000007,-1.67741,-9.03958,16.88232,-15.52764,GEO_PAT,NA,SpuhlerFieldMain,NA,NA,20251018-SpuhlerFieldMain-BP-1,bb5d80c0-ac25-11f0-81f2-195cbb24ffac,86.71326,1.29842,NA,4.51325,NA,NA,NA,2.13686,1.18477,1.10489,de988b4a-7493-4841-bf63-462d2c1b23e8,2025-10-18,13:24:09,2025-10-18T13:24:09Z,2025-10-18T13:24:09Z,GroundBall,v3,471300,NA,NA,NA,NA,Undefined,GEO_PAT,23bf848d-bcc5-4caf-8beb-096f7aac5b98,31.86304,-73.69173,8.44116,4.9867,-5.397,-7.76382,-0.54493,5.9725,-4.51979,59.613615,2.14315,120.95845,-20.34104,NA,NA,NA,NA,NA,NA,1.18935,2.91302,-19.76313,NA,NA,NA,NA,NA,NA,1.10493,-65.13643,4.20993,NA,NA,NA,NA,NA,NA,NA,NA,NA,NA,NA,NA,NA,NA,NA,NA,NA,NA,NA,NA,NA,NA,NA,NA,NA,NA,NA,NA,Low,Low,Low,Medium,High,NA,NA,NA,NA,NA,NA,NA,NA,NA,NA,NA,NA,NA,NA,NA,NA,NA,NA,NA,NA,NA,NA,NA,NA,NA,NA,NA,NA,NA,NA,NA,NA,NA,NA,NA,NA,NA,NA,NA,NA,NA,NA,NA,NA,NA,NA,NA,NA,NA,NA,NA,NA,NA,NA,NA
NA,NA,NA,NA,NA,NA,NA,NA,NA,NA,NA,NA,NA,NA,NA,NA,161,2025-10-18,09:24:21,NA,NA,NA,NA,Undefined,GEO_PAT,"Meeks, Gardner",1000324679,Right,GEO_PAT,Undefined,1,Bottom,0,0,0,Undefined,NA,Undefined,Undefined,Undefined,Undefined,0,0,NA,50.53341,-4.022915,-4.369482,1079.682343,NA,NA,4.81565,0.4778,28.30614,NA,NA,NA,0.95447,-0.99233,45.99757,-10.585906,-1.094356,0.44077,NA,NA,NA,NA,NA,NA,NA,NA,NA,NA,NA,-17.73611,28.31226,-2.04576,50,5.57537,7.83912,-77.5068,-1.30391,-9.92483,16.86327,-16.33098,GEO_PAT,NA,SpuhlerFieldMain,NA,NA,20251018-SpuhlerFieldMain-BP-1,c218ad90-ac25-11f0-81f2-195cbb24ffac,85.51499,NA,NA,4.53585,NA,NA,NA,NA,NA,NA,de988b4a-7493-4841-bf63-462d2c1b23e8,2025-10-18,13:24:21,2025-10-18T13:24:21Z,2025-10-18T13:24:21Z,NA,v3,471300,NA,NA,NA,NA,Undefined,GEO_PAT,db1e3e8b-be03-4d18-a9dd-cbf2c4fd3057,32.19767,-73.53158,8.43164,4.81424,-5.15366,-8.16549,-0.47358,5.49951,-4.96242,NA,NA,NA,NA,NA,NA,NA,NA,NA,NA,NA,NA,NA,NA,NA,NA,NA,NA,NA,NA,NA,NA,NA,NA,NA,NA,NA,NA,NA,NA,NA,NA,NA,NA,NA,NA,NA,NA,NA,NA,NA,NA,NA,NA,NA,NA,NA,NA,NA,NA,Low,Low,Low,NA,NA,NA,NA,NA,NA,NA,NA,NA,NA,NA,NA,NA,NA,NA,NA,NA,NA,NA,NA,NA,NA,NA,NA,NA,NA,NA,NA,NA,NA,NA,NA,NA,NA,NA,NA,NA,NA,NA,NA,NA,NA,NA,NA,NA,NA,NA,NA,NA,NA,NA,NA,NA,NA,NA,NA,NA
NA,NA,NA,NA,NA,NA,NA,NA,NA,NA,NA,NA,NA,NA,NA,NA,162,2025-10-18,09:24:25,NA,NA,NA,NA,Undefined,GEO_PAT,"Meeks, Gardner",1000324679,Right,GEO_PAT,Undefined,1,Bottom,0,0,0,Undefined,NA,Undefined,Undefined,Undefined,Undefined,0,0,NA,48.99213,-2.168266,-3.879046,1132.732287,NA,NA,4.45987,0.39115,28.68935,NA,NA,NA,0.82794,-1.39128,47.26007,-11.531516,-2.827896,0.43636,89.33323,27.057593,-9.728202,2542.191775,109.11163,49.14071,-13.95059,319.06188,318.63752,-4.383727,4.452257,-6.27162,12.03194,-1.70845,50,4.35143,5.69981,-73.7555,3.63415,-3.45623,8.73538,-25.54338,GEO_PAT,NA,SpuhlerFieldMain,NA,NA,20251018-SpuhlerFieldMain-BP-1,c473b490-ac25-11f0-81f2-195cbb24ffac,86.37932,63.42867,NA,1.73206,NA,NA,NA,1.90126,0.89312,1.3073,de988b4a-7493-4841-bf63-462d2c1b23e8,2025-10-18,13:24:25,2025-10-18T13:24:25Z,2025-10-18T13:24:25Z,FlyBall,v3,471300,NA,NA,NA,NA,Undefined,GEO_PAT,4e3844e6-c67b-44b3-be1c-18ae548120e7,31.81819,-71.56971,4.36769,4.46113,-2.75738,-12.77169,-0.39043,4.83498,-1.72811,195.141767,1.90042,115.02441,-21.24079,5.20181,-1.25869,0.31261,-0.06427,0.00814,-4.4e-4,0.89442,59.56848,-14.75991,-0.03883,0.37832,-0.18839,0.04946,-0.00655,3.4e-4,1.3075,-19.72109,6.93092,-1.75947,0.42582,-0.10156,0.01991,-0.00245,1.3e-4,NA,NA,NA,NA,NA,NA,NA,NA,NA,NA,NA,NA,NA,NA,NA,NA,NA,NA,NA,NA,NA,NA,Low,Low,Low,High,Medium,NA,NA,NA,NA,NA,NA,NA,NA,NA,NA,NA,NA,NA,NA,NA,NA,NA,NA,NA,NA,NA,NA,NA,NA,NA,NA,NA,NA,NA,NA,NA,NA,NA,NA,NA,NA,NA,NA,NA,NA,NA,NA,NA,NA,NA,NA,NA,NA,NA,NA,NA,NA,NA,NA,NA
NA,NA,NA,NA,NA,NA,NA,NA,NA,NA,NA,NA,NA,NA,NA,NA,163,2025-10-18,09:24:29,NA,NA,NA,NA,Undefined,GEO_PAT,"Meeks, Gardner",1000324679,Right,GEO_PAT,Undefined,1,Bottom,0,0,0,Undefined,NA,Undefined,Undefined,Undefined,Undefined,0,0,NA,49.87365,-2.918762,-4.73426,1158.143888,NA,NA,4.45955,0.51325,28.58787,NA,NA,NA,1.07821,-1.03875,45.34325,-10.055399,-1.086708,0.442233,NA,NA,NA,NA,NA,NA,NA,NA,NA,NA,NA,-19.81233,26.21541,-2.25076,50,4.82994,8.50197,-76.64023,0.63038,-10.82558,16.59517,-17.84979,GEO_PAT,NA,SpuhlerFieldMain,NA,NA,20251018-SpuhlerFieldMain-BP-1,c726c6a0-ac25-11f0-81f2-195cbb24ffac,85.23208,NA,NA,4.5304,NA,NA,NA,NA,NA,NA,de988b4a-7493-4841-bf63-462d2c1b23e8,2025-10-18,13:24:29,2025-10-18T13:24:29Z,2025-10-18T13:24:29Z,NA,v3,471300,NA,NA,NA,NA,Undefined,GEO_PAT,ed10f4e8-ecc9-44fd-8920-139fe134bbf8,31.91589,-72.61891,8.29759,4.45864,-3.69495,-8.9249,-0.50841,5.87873,-5.41279,NA,NA,NA,NA,NA,NA,NA,NA,NA,NA,NA,NA,NA,NA,NA,NA,NA,NA,NA,NA,NA,NA,NA,NA,NA,NA,NA,NA,NA,NA,NA,NA,NA,NA,NA,NA,NA,NA,NA,NA,NA,NA,NA,NA,NA,NA,NA,NA,NA,NA,Low,Low,Low,NA,NA,NA,NA,NA,NA,NA,NA,NA,NA,NA,NA,NA,NA,NA,NA,NA,NA,NA,NA,NA,NA,NA,NA,NA,NA,NA,NA,NA,NA,NA,NA,NA,NA,NA,NA,NA,NA,NA,NA,NA,NA,NA,NA,NA,NA,NA,NA,NA,NA,NA,NA,NA,NA,NA,NA,NA
NA,NA,NA,NA,NA,NA,NA,NA,NA,NA,NA,NA,NA,NA,NA,NA,164,2025-10-18,09:24:45,NA,NA,NA,NA,Undefined,GEO_PAT,"Meeks, Gardner",1000324679,Right,GEO_PAT,Undefined,1,Bottom,0,0,0,Undefined,NA,Undefined,Undefined,Undefined,Undefined,0,0,NA,50.20617,-4.664804,-4.775199,1102.734049,NA,NA,4.64551,0.4643,28.40901,NA,NA,NA,0.4577,-1.24452,46.32106,-11.128269,-1.595628,0.439903,NA,NA,NA,NA,NA,NA,NA,NA,NA,NA,NA,-17.36654,28.67734,-2.17313,50,5.60423,8.30803,-76.52256,-2.06668,-9.66853,14.79198,-16.20844,GEO_PAT,NA,SpuhlerFieldMain,NA,NA,20251018-SpuhlerFieldMain-BP-1,d0d1c060-ac25-11f0-81f2-195cbb24ffac,85.68347,NA,NA,3.88511,NA,NA,NA,NA,NA,NA,de988b4a-7493-4841-bf63-462d2c1b23e8,2025-10-18,13:24:45,2025-10-18T13:24:45Z,2025-10-18T13:24:45Z,NA,v3,471300,NA,NA,NA,NA,Undefined,GEO_PAT,34b1f4fb-6f74-435c-92e2-14b29c9c2edd,32.09565,-72.97959,7.39599,4.64428,-5.94892,-8.10422,-0.46053,5.99222,-4.83426,NA,NA,NA,NA,NA,NA,NA,NA,NA,NA,NA,NA,NA,NA,NA,NA,NA,NA,NA,NA,NA,NA,NA,NA,NA,NA,NA,NA,NA,NA,NA,NA,NA,NA,NA,NA,NA,NA,NA,NA,NA,NA,NA,NA,NA,NA,NA,NA,NA,NA,Low,Low,Low,NA,NA,NA,NA,NA,NA,NA,NA,NA,NA,NA,NA,NA,NA,NA,NA,NA,NA,NA,NA,NA,NA,NA,NA,NA,NA,NA,NA,NA,NA,NA,NA,NA,NA,NA,NA,NA,NA,NA,NA,NA,NA,NA,NA,NA,NA,NA,NA,NA,NA,NA,NA,NA,NA,NA,NA,NA
NA,NA,NA,NA,NA,NA,NA,NA,NA,NA,NA,NA,NA,NA,NA,NA,165,2025-10-18,09:24:50,NA,NA,NA,NA,Undefined,GEO_PAT,"Meeks, Gardner",1000324679,Right,GEO_PAT,Undefined,1,Bottom,0,0,0,Undefined,Changeup,Undefined,Undefined,Undefined,Undefined,0,0,NA,47.83461,0.599455,-2.113189,1104.559899,215.867221,01:15:00,4.36725,0.43196,28.60434,-33.92041,4.62646,2.81969,1.85977,-0.45807,46.03577,-10.120382,-1.22892,0.446854,90.06487,25.432344,-27.11972,1741.567468,98.13255,46.01006,-49.69773,309.97504,309.97504,-28.942853,4.197502,-4.9213,7.50449,-1.1698,50,3.28123,3.23151,-72.12936,7.86354,-2.5996,8.17888,-28.20991,GEO_PAT,NA,SpuhlerFieldMain,NA,NA,20251018-SpuhlerFieldMain-BP-1,d3a61610-ac25-11f0-81f2-195cbb24ffac,84.35065,57.33693,NA,1.79884,NA,NA,NA,1.62049,1.90604,0.49068,de988b4a-7493-4841-bf63-462d2c1b23e8,2025-10-18,13:24:50,2025-10-18T13:24:50Z,2025-10-18T13:24:50Z,LineDrive,v3,471300,NA,NA,NA,NA,Undefined,GEO_PAT,bc13ae4b-ca87-467b-8fa8-3df6d21e0923,31.9035,-70.04731,4.08944,4.36897,0.68232,-14.10495,-0.4314,2.56975,-1.2998,177.897566,1.61975,106.19704,-20.28566,4.791,-1.13915,0.28345,-0.0595,0.00777,-4.3e-4,1.90712,56.70137,-15.237120000000001,0.15344,0.28169,-0.14339,0.03701,-0.00466,2.2e-4,0.49088,-54.38449,9.93583,-2.71105,0.66465,-0.14695,0.02597,-0.00299,1.5e-4,NA,NA,NA,NA,NA,NA,NA,NA,NA,NA,NA,NA,NA,NA,NA,NA,NA,NA,NA,NA,NA,NA,High,High,High,High,High,NA,NA,NA,NA,NA,NA,NA,NA,NA,NA,NA,NA,NA,NA,NA,NA,NA,NA,NA,NA,NA,NA,NA,NA,NA,NA,NA,NA,NA,NA,NA,NA,NA,NA,NA,NA,NA,NA,NA,NA,NA,NA,NA,NA,NA,NA,NA,NA,NA,NA,NA,NA,NA,NA,NA
NA,NA,NA,NA,NA,NA,NA,NA,NA,NA,NA,NA,NA,NA,NA,NA,166,2025-10-18,09:24:54,NA,NA,NA,NA,Undefined,GEO_PAT,"Meeks, Gardner",1000324679,Right,GEO_PAT,Undefined,1,Bottom,0,0,0,Undefined,Changeup,Undefined,Undefined,Undefined,Undefined,0,0,NA,49.04222,-1.968077,-2.162696,1093.821347,225.339732,01:30:00,4.28094,0.54784,28.60629,-32.00852,4.63614,3.99681,0.5652,-0.2704,47.54661,-12.00052,-0.906847,0.435689,83.43305,-5.560821,-28.167126,NA,NA,NA,NA,5.91044,5.91044,-20.13058,0.083864,-6.76319,8.16079,-1.33232,50,4.05412,3.62587,-73.86197,4.35328,-3.75616,8.35814,-27.64169,GEO_PAT,NA,SpuhlerFieldMain,NA,NA,20251018-SpuhlerFieldMain-BP-1,d624d1b0-ac25-11f0-81f2-195cbb24ffac,86.51221,1.08911,NA,1.49561,NA,NA,NA,NA,NA,NA,de988b4a-7493-4841-bf63-462d2c1b23e8,2025-10-18,13:24:54,2025-10-18T13:24:54Z,2025-10-18T13:24:54Z,GroundBall,v3,471300,NA,NA,NA,NA,Undefined,GEO_PAT,8b922494-3c09-4d5c-99cc-3f2db75a47c2,31.9019,-71.7848,4.17907,4.28239,-2.51625,-13.82085,-0.54721,2.69239,-1.87808,NA,-3.34828,107.3774,-15.26126,NA,NA,NA,NA,NA,NA,1.08913,-11.86013,-13.43767,NA,NA,NA,NA,NA,NA,2.92526,-57.50174,-19.50385,NA,NA,NA,NA,NA,NA,NA,NA,NA,NA,NA,NA,NA,NA,NA,NA,NA,NA,NA,NA,NA,NA,NA,NA,NA,NA,NA,NA,High,High,High,Low,Low,NA,NA,NA,NA,NA,NA,NA,NA,NA,NA,NA,NA,NA,NA,NA,NA,NA,NA,NA,NA,NA,NA,NA,NA,NA,NA,NA,NA,NA,NA,NA,NA,NA,NA,NA,NA,NA,NA,NA,NA,NA,NA,NA,NA,NA,NA,NA,NA,NA,NA,NA,NA,NA,NA,NA
NA,NA,NA,NA,NA,NA,NA,NA,NA,NA,NA,NA,NA,NA,NA,NA,167,2025-10-18,09:25:00,NA,NA,NA,NA,Undefined,GEO_PAT,"Meeks, Gardner",1000324679,Right,GEO_PAT,Undefined,1,Bottom,0,0,0,Undefined,Changeup,Undefined,Undefined,Undefined,Undefined,0,0,NA,48.25055,0.086967,-1.740924,1342.678662,249.919857,02:15:00,4.24785,0.44913,28.61646,-35.18211,2.97536,5.88189,1.36229,0.01298,46.16531,-11.040184,0.106802,0.444592,93.01558,19.267687,-33.718373,1146.128057,89.42742,27.27978,-64.05169,243.32735,243.32735,-39.517556,2.673474,-9.61095,5.07477,-1.1437,50,3.30415,3.40886,-73.11664,7.46484,-5.13601,9.65409,-29.46214,GEO_PAT,NA,SpuhlerFieldMain,NA,NA,20251018-SpuhlerFieldMain-BP-1,d94aa2c0-ac25-11f0-81f2-195cbb24ffac,84.77993,28.47973,NA,2.08524,NA,NA,NA,1.81727,1.55344,0.03885,de988b4a-7493-4841-bf63-462d2c1b23e8,2025-10-18,13:25:00,2025-10-18T13:25:00Z,2025-10-18T13:25:00Z,LineDrive,v3,471300,NA,NA,NA,NA,Undefined,GEO_PAT,2e11d9c2-dd57-4fe1-9e87-50f444acb36c,31.89176,-70.68525,4.82704,4.24981,0.04481,-14.73107,-0.44807,2.11535,-2.56801,NA,1.81727,107.117,-22.89657,5.36073,-1.26096,0.30215,-0.06681,0.01076,-8.5e-4,1.55348,45.0146,-21.24459,2.50872,-0.47742,0.00671,0.04202,-0.01454,0.00166,0.03884,-71.48715,8.11806,-1.81989,0.38471,-0.06053,0.00104,0.0021,-3.1e-4,NA,NA,NA,NA,NA,NA,NA,NA,NA,NA,NA,NA,NA,NA,NA,NA,NA,NA,NA,NA,NA,NA,High,High,High,High,High,NA,NA,NA,NA,NA,NA,NA,NA,NA,NA,NA,NA,NA,NA,NA,NA,NA,NA,NA,NA,NA,NA,NA,NA,NA,NA,NA,NA,NA,NA,NA,NA,NA,NA,NA,NA,NA,NA,NA,NA,NA,NA,NA,NA,NA,NA,NA,NA,NA,NA,NA,NA,NA,NA,NA
NA,NA,NA,NA,NA,NA,NA,NA,NA,NA,NA,NA,NA,NA,NA,NA,168,2025-10-18,09:25:15,NA,NA,NA,NA,Undefined,GEO_PAT,"Meeks, Gardner",1000324679,Right,GEO_PAT,Undefined,1,Bottom,0,0,0,Undefined,Changeup,Undefined,Undefined,Undefined,Undefined,0,0,NA,50.24254,-2.546767,-7.286817,1177.824788,262.08466,02:45:00,4.24494,0.57718,29.10393,-32.41958,3.07055,13.90957,0.19857,-2.09837,46.9173,-12.957824,-2.8765,0.428771,NA,NA,NA,NA,NA,NA,NA,NA,NA,NA,NA,-24.23285,7.29075,-3.26789,50,4.23214,12.52309,-76.39095,3.57356,-13.57966,13.92549,-28.08844,GEO_PAT,NA,SpuhlerFieldMain,NA,NA,20251018-SpuhlerFieldMain-BP-1,e2b4ea00-ac25-11f0-81f2-195cbb24ffac,87.90814,NA,NA,3.32524,NA,NA,NA,NA,NA,NA,de988b4a-7493-4841-bf63-462d2c1b23e8,2025-10-18,13:25:15,2025-10-18T13:25:15Z,2025-10-18T13:25:15Z,NA,v3,471300,NA,NA,NA,NA,Undefined,GEO_PAT,9043302d-8205-432f-aaf1-7e25f5e7dcbd,31.40195,-72.9219,6.96275,4.25081,-3.4237,-14.04422,-0.56956,9.14019,-6.78983,NA,NA,NA,NA,NA,NA,NA,NA,NA,NA,NA,NA,NA,NA,NA,NA,NA,NA,NA,NA,NA,NA,NA,NA,NA,NA,NA,NA,NA,NA,NA,NA,NA,NA,NA,NA,NA,NA,NA,NA,NA,NA,NA,NA,NA,NA,NA,NA,NA,NA,Medium,High,Medium,NA,NA,NA,NA,NA,NA,NA,NA,NA,NA,NA,NA,NA,NA,NA,NA,NA,NA,NA,NA,NA,NA,NA,NA,NA,NA,NA,NA,NA,NA,NA,NA,NA,NA,NA,NA,NA,NA,NA,NA,NA,NA,NA,NA,NA,NA,NA,NA,NA,NA,NA,NA,NA,NA,NA,NA,NA
NA,NA,NA,NA,NA,NA,NA,NA,NA,NA,NA,NA,NA,NA,NA,NA,169,2025-10-18,09:25:19,NA,NA,NA,NA,Undefined,GEO_PAT,"Meeks, Gardner",1000324679,Right,GEO_PAT,Undefined,1,Bottom,0,0,0,Undefined,NA,Undefined,Undefined,Undefined,Undefined,0,0,NA,48.66272,-3.40373,-4.82303,1013.942667,NA,NA,4.98325,0.58493,28.54341,NA,NA,NA,1.33839,-1.23279,44.50795,-10.510518,-1.984248,0.453183,85.68529,29.800326,-14.722196,1612.410483,106.9156,54.66091,-25.86607,320.49737,320.49737,-12.629139,4.745331,-16.07028,29.26198,-2.29982,50,5.5036,7.96451,-74.60244,-0.00262,-8.3751,15.22642,-16.92404,GEO_PAT,NA,SpuhlerFieldMain,NA,NA,20251018-SpuhlerFieldMain-BP-1,e5020e50-ac25-11f0-81f2-195cbb24ffac,83.17258,70.21412,NA,4.15477,NA,NA,NA,3.08437,1.65985,0.89452,de988b4a-7493-4841-bf63-462d2c1b23e8,2025-10-18,13:25:19,2025-10-18T13:25:19Z,2025-10-18T13:25:19Z,FlyBall,v3,471300,NA,NA,NA,NA,Undefined,GEO_PAT,7b6546f9-6663-455f-b4ab-d0d17d61f2fe,31.96102,-70.82504,7.61321,4.98216,-4.20118,-8.46202,-0.58169,5.8868,-4.18755,180.93714,3.08594,105.4405,-18.19767,3.9972,-0.71602,0.10092,-0.01308,0.00165,-1.1e-4,1.6595,62.45861,-15.25472,0.42971,0.11113,-0.0926,0.03167,-0.00503,3e-4,0.89398,-27.70386,4.97052,-0.79656,0.09052,-0.0087,0.0027,-6.5e-4,5e-5,NA,NA,NA,NA,NA,NA,NA,NA,NA,NA,NA,NA,NA,NA,NA,NA,NA,NA,NA,NA,NA,NA,Low,Low,Low,High,High,NA,NA,NA,NA,NA,NA,NA,NA,NA,NA,NA,NA,NA,NA,NA,NA,NA,NA,NA,NA,NA,NA,NA,NA,NA,NA,NA,NA,NA,NA,NA,NA,NA,NA,NA,NA,NA,NA,NA,NA,NA,NA,NA,NA,NA,NA,NA,NA,NA,NA,NA,NA,NA,NA,NA
NA,NA,NA,NA,NA,NA,NA,NA,NA,NA,NA,NA,NA,NA,NA,NA,170,2025-10-18,09:25:23,NA,NA,NA,NA,Undefined,GEO_PAT,"Meeks, Gardner",1000324679,Right,GEO_PAT,Undefined,1,Bottom,0,0,0,Undefined,NA,Undefined,Undefined,Undefined,Undefined,0,0,NA,48.35907,-2.573187,-4.313424,1047.010735,NA,NA,4.74309,0.46509,28.59954,NA,NA,NA,1.62946,-1.37515,43.95175,-9.43504,-2.59302,0.455743,NA,NA,NA,NA,NA,NA,NA,NA,NA,NA,NA,-10.517760000000001,31.07285,-1.94487,50,5.01798,6.60688,-74.38413,0.91738,-5.40677,15.72708,-16.20075,GEO_PAT,NA,SpuhlerFieldMain,NA,NA,20251018-SpuhlerFieldMain-BP-1,e7535150-ac25-11f0-81f2-195cbb24ffac,82.70549,NA,NA,4.40733,NA,NA,NA,NA,NA,NA,de988b4a-7493-4841-bf63-462d2c1b23e8,2025-10-18,13:25:23,2025-10-18T13:25:23Z,2025-10-18T13:25:23Z,NA,v3,471300,NA,NA,NA,NA,Undefined,GEO_PAT,0071d051-0a28-44e6-8e14-d747b4584118,31.90375,-70.45421,7.86354,4.74142,-3.1309,-8.10037,-0.46273,5.25583,-2.70338,NA,NA,NA,NA,NA,NA,NA,NA,NA,NA,NA,NA,NA,NA,NA,NA,NA,NA,NA,NA,NA,NA,NA,NA,NA,NA,NA,NA,NA,NA,NA,NA,NA,NA,NA,NA,NA,NA,NA,NA,NA,NA,NA,NA,NA,NA,NA,NA,NA,NA,Low,Low,Low,NA,NA,NA,NA,NA,NA,NA,NA,NA,NA,NA,NA,NA,NA,NA,NA,NA,NA,NA,NA,NA,NA,NA,NA,NA,NA,NA,NA,NA,NA,NA,NA,NA,NA,NA,NA,NA,NA,NA,NA,NA,NA,NA,NA,NA,NA,NA,NA,NA,NA,NA,NA,NA,NA,NA,NA,NA
NA,NA,NA,NA,NA,NA,NA,NA,NA,NA,NA,NA,NA,NA,NA,NA,171,2025-10-18,09:25:28,NA,NA,NA,NA,Undefined,GEO_PAT,"Meeks, Gardner",1000324679,Right,GEO_PAT,Undefined,1,Bottom,0,0,0,Undefined,NA,Undefined,Undefined,Undefined,Undefined,0,0,NA,48.65566,-4.114924,-5.016933,1086.250755,NA,NA,5.03655,0.69708,28.79883,NA,NA,NA,1.0969,-1.29817,44.4728,-11.001552,-2.51646,0.450323,NA,NA,NA,NA,NA,NA,NA,NA,NA,NA,NA,-14.72174,30.62376,-2.47987,50,5.79865,8.05783,-74.64948,-0.98718,-7.6508,15.55425,-16.25907,GEO_PAT,NA,SpuhlerFieldMain,NA,NA,20251018-SpuhlerFieldMain-BP-1,ea7ea0a0-ac25-11f0-81f2-195cbb24ffac,83.70082,NA,NA,4.18287,NA,NA,NA,NA,NA,NA,de988b4a-7493-4841-bf63-462d2c1b23e8,2025-10-18,13:25:28,2025-10-18T13:25:28Z,2025-10-18T13:25:28Z,NA,v3,471300,NA,NA,NA,NA,Undefined,GEO_PAT,dc92c5e3-98d4-4ca7-abc9-b60cdd9cb138,31.70567,-70.73497,7.77712,5.03531,-5.07907,-8.12953,-0.69426,6.13237,-3.8254,NA,NA,NA,NA,NA,NA,NA,NA,NA,NA,NA,NA,NA,NA,NA,NA,NA,NA,NA,NA,NA,NA,NA,NA,NA,NA,NA,NA,NA,NA,NA,NA,NA,NA,NA,NA,NA,NA,NA,NA,NA,NA,NA,NA,NA,NA,NA,NA,NA,NA,Low,Low,Low,NA,NA,NA,NA,NA,NA,NA,NA,NA,NA,NA,NA,NA,NA,NA,NA,NA,NA,NA,NA,NA,NA,NA,NA,NA,NA,NA,NA,NA,NA,NA,NA,NA,NA,NA,NA,NA,NA,NA,NA,NA,NA,NA,NA,NA,NA,NA,NA,NA,NA,NA,NA,NA,NA,NA,NA,NA
NA,NA,NA,NA,NA,NA,NA,NA,NA,NA,NA,NA,NA,NA,NA,NA,172,2025-10-18,09:25:41,NA,NA,NA,NA,Undefined,GEO_PAT,"Meeks, Gardner",1000324679,Right,GEO_PAT,Undefined,1,Bottom,0,0,0,Undefined,NA,Undefined,Undefined,Undefined,Undefined,0,0,NA,48.85645,-3.091206,-3.950035,1089.479016,NA,NA,4.83772,0.4532,28.45769,NA,NA,NA,1.42959,-1.03011,44.44687,-9.945723,-1.59233,0.45313,NA,NA,NA,NA,NA,NA,NA,NA,NA,NA,NA,-13.31166,30.22943,-1.84774,50,5.28126,6.55078,-75.11534,0.18904,-6.9828,15.98739,-16.31681,GEO_PAT,NA,SpuhlerFieldMain,NA,NA,20251018-SpuhlerFieldMain-BP-1,f22ba780-ac25-11f0-81f2-195cbb24ffac,83.18245,NA,NA,4.40957,NA,NA,NA,NA,NA,NA,de988b4a-7493-4841-bf63-462d2c1b23e8,2025-10-18,13:25:41,2025-10-18T13:25:41Z,2025-10-18T13:25:41Z,NA,v3,471300,NA,NA,NA,NA,Undefined,GEO_PAT,5a0d8750-86b2-4fbb-aff7-2df3c5feb1c1,32.046,-71.19157,7.99369,4.83623,-3.81558,-8.15841,-0.4503,4.837,-3.4914,NA,NA,NA,NA,NA,NA,NA,NA,NA,NA,NA,NA,NA,NA,NA,NA,NA,NA,NA,NA,NA,NA,NA,NA,NA,NA,NA,NA,NA,NA,NA,NA,NA,NA,NA,NA,NA,NA,NA,NA,NA,NA,NA,NA,NA,NA,NA,NA,NA,NA,Low,Low,Low,NA,NA,NA,NA,NA,NA,NA,NA,NA,NA,NA,NA,NA,NA,NA,NA,NA,NA,NA,NA,NA,NA,NA,NA,NA,NA,NA,NA,NA,NA,NA,NA,NA,NA,NA,NA,NA,NA,NA,NA,NA,NA,NA,NA,NA,NA,NA,NA,NA,NA,NA,NA,NA,NA,NA,NA,NA
NA,NA,NA,NA,NA,NA,NA,NA,NA,NA,NA,NA,NA,NA,NA,NA,173,2025-10-18,09:25:51,NA,NA,NA,NA,Undefined,GEO_PAT,"Meeks, Gardner",1000324679,Right,GEO_PAT,Undefined,1,Bottom,0,0,0,Undefined,NA,Undefined,Undefined,Undefined,Undefined,0,0,NA,49.39607,-4.377073,-5.18675,1215.010777,NA,NA,5.04694,0.60484,28.24012,NA,NA,NA,0.93347,-1.46966,45.06711,-11.110137,-2.503365,0.452374,NA,NA,NA,NA,NA,NA,NA,NA,NA,NA,NA,-15.38513,30.45132,-2.38519,50,5.90283,8.3962,-75.57039,-1.64225,-8.20317,15.854,-15.93777,GEO_PAT,NA,SpuhlerFieldMain,NA,NA,20251018-SpuhlerFieldMain-BP-1,f7ab2000-ac25-11f0-81f2-195cbb24ffac,83.32137,NA,NA,4.32896,NA,NA,NA,NA,NA,NA,de988b4a-7493-4841-bf63-462d2c1b23e8,2025-10-18,13:25:51,2025-10-18T13:25:51Z,2025-10-18T13:25:51Z,NA,v3,471300,NA,NA,NA,NA,Undefined,GEO_PAT,d4a5e53a-767f-492d-bc52-6cfca6d94c5a,32.26358,-71.75303,7.927,5.0454,-5.47978,-7.96888,-0.60133,6.42102,-4.10158,NA,NA,NA,NA,NA,NA,NA,NA,NA,NA,NA,NA,NA,NA,NA,NA,NA,NA,NA,NA,NA,NA,NA,NA,NA,NA,NA,NA,NA,NA,NA,NA,NA,NA,NA,NA,NA,NA,NA,NA,NA,NA,NA,NA,NA,NA,NA,NA,NA,NA,Low,Low,Low,NA,NA,NA,NA,NA,NA,NA,NA,NA,NA,NA,NA,NA,NA,NA,NA,NA,NA,NA,NA,NA,NA,NA,NA,NA,NA,NA,NA,NA,NA,NA,NA,NA,NA,NA,NA,NA,NA,NA,NA,NA,NA,NA,NA,NA,NA,NA,NA,NA,NA,NA,NA,NA,NA,NA,NA,NA
NA,NA,NA,NA,NA,NA,NA,NA,NA,NA,NA,NA,NA,NA,NA,NA,174,2025-10-18,09:25:55,NA,NA,NA,NA,Undefined,GEO_PAT,"Meeks, Gardner",1000324679,Right,GEO_PAT,Undefined,1,Bottom,0,0,0,Undefined,NA,Undefined,Undefined,Undefined,Undefined,0,0,NA,48.64144,-1.662244,-5.419834,1028.767514,NA,NA,4.82748,0.5971,28.28479,NA,NA,NA,1.71646,-1.13595,44.1487,-10.21873,-1.013703,0.458423,91.9374,21.885755,-10.063536,2052.300226,109.05448,38.95791,-14.39038,326.99341,326.99341,-3.60566,4.07401,-23.72757,22.39946,-2.56283,50,4.72069,9.57034,-74.72446,2.95018,-12.29674,15.94811,-20.56561,GEO_PAT,NA,SpuhlerFieldMain,NA,NA,20251018-SpuhlerFieldMain-BP-1,fa522420-ac25-11f0-81f2-195cbb24ffac,82.22205,50.51157,NA,4.49274,NA,NA,NA,3.07394,2.00754,1.10319,de988b4a-7493-4841-bf63-462d2c1b23e8,2025-10-18,13:25:55,2025-10-18T13:25:55Z,2025-10-18T13:25:55Z,LineDrive,v3,471300,NA,NA,NA,NA,Undefined,GEO_PAT,c4a99f1b-71aa-40e4-9b26-54906e4e9b39,32.21965,-70.8281,7.97406,4.82768,-2.07431,-10.28281,-0.59165,6.56607,-6.14837,199.911199,3.07379,123.20176,-21.08438,4.79559,-1.05701,0.23105,-0.04245,0.00489,-2.4e-4,2.00752,50.26175,-13.57635,0.20757,0.15022,-0.10001,0.02895,-0.00377,1.7e-4,1.10331,-21.86668,7.76586,-1.69618,0.35747,-0.07307,0.01249,-0.00133,6e-5,NA,NA,NA,NA,NA,NA,NA,NA,NA,NA,NA,NA,NA,NA,NA,NA,NA,NA,NA,NA,NA,NA,Low,Low,Low,High,High,NA,NA,NA,NA,NA,NA,NA,NA,NA,NA,NA,NA,NA,NA,NA,NA,NA,NA,NA,NA,NA,NA,NA,NA,NA,NA,NA,NA,NA,NA,NA,NA,NA,NA,NA,NA,NA,NA,NA,NA,NA,NA,NA,NA,NA,NA,NA,NA,NA,NA,NA,NA,NA,NA,NA
NA,NA,NA,NA,NA,NA,NA,NA,NA,NA,NA,NA,NA,NA,NA,NA,175,2025-10-18,09:27:34,NA,NA,NA,NA,Undefined,GEO_PAT,"Meeks, Gardner",1000324679,Right,GEO_PAT,Undefined,1,Bottom,0,0,0,Undefined,NA,Undefined,Undefined,Undefined,Undefined,0,0,NA,48.8184,-1.922886,-5.046872,1193.937646,NA,NA,4.51034,0.55902,28.56576,NA,NA,NA,1.61826,-1.29799,44.28284,-9.251777,-1.913692,0.452209,NA,NA,NA,NA,NA,NA,NA,NA,NA,NA,NA,-17.61501,27.49116,-2.361,50,4.55118,8.44592,-75.0511,2.02895,-9.21785,16.01387,-17.78804,GEO_PAT,NA,SpuhlerFieldMain,NA,NA,20251018-SpuhlerFieldMain-BP-1,359a8860-ac26-11f0-81f2-195cbb24ffac,83.35186,NA,NA,4.53556,NA,NA,NA,NA,NA,NA,de988b4a-7493-4841-bf63-462d2c1b23e8,2025-10-18,13:27:34,2025-10-18T13:27:34Z,2025-10-18T13:27:34Z,NA,v3,471300,NA,NA,NA,NA,Undefined,GEO_PAT,cf8d377f-e816-4bb6-9eab-eea2b36ad315,31.93785,-71.09275,8.00694,4.50928,-2.36796,-8.89402,-0.55492,6.16741,-4.60893,NA,NA,NA,NA,NA,NA,NA,NA,NA,NA,NA,NA,NA,NA,NA,NA,NA,NA,NA,NA,NA,NA,NA,NA,NA,NA,NA,NA,NA,NA,NA,NA,NA,NA,NA,NA,NA,NA,NA,NA,NA,NA,NA,NA,NA,NA,NA,NA,NA,NA,Low,Low,Low,NA,NA,NA,NA,NA,NA,NA,NA,NA,NA,NA,NA,NA,NA,NA,NA,NA,NA,NA,NA,NA,NA,NA,NA,NA,NA,NA,NA,NA,NA,NA,NA,NA,NA,NA,NA,NA,NA,NA,NA,NA,NA,NA,NA,NA,NA,NA,NA,NA,NA,NA,NA,NA,NA,NA,NA,NA
NA,NA,NA,NA,NA,NA,NA,NA,NA,NA,NA,NA,NA,NA,NA,NA,176,2025-10-18,09:27:46,NA,NA,NA,NA,Undefined,GEO_PAT,"Meeks, Gardner",1000324679,Right,GEO_PAT,Undefined,1,Bottom,0,0,0,Undefined,Changeup,Undefined,Undefined,Undefined,Undefined,0,0,NA,48.54254,-1.359139,-2.403392,1072.188347,239.981932,02:00:00,4.27536,0.41998,28.75404,-32.79336,4.38331,6.29788,0.82212,-0.32858,46.82568,-11.721614,-0.415661,0.43884,71.78423,39.320326,-1.169932,3120.878303,109.55222,65.95689,9.9142,218.3119,218.3119,9.473165,4.39249,-10.45485,7.80689,-1.34488,50,3.82634,4.3808,-73.28126,5.31537,-5.67553,8.79757,-27.93598,GEO_PAT,NA,SpuhlerFieldMain,NA,NA,20251018-SpuhlerFieldMain-BP-1,3c58e980-ac26-11f0-81f2-195cbb24ffac,85.89101,67.28737,NA,1.71686,NA,NA,NA,0.98358,0.73162,0.33161,de988b4a-7493-4841-bf63-462d2c1b23e8,2025-10-18,13:27:46,2025-10-18T13:27:46Z,2025-10-18T13:27:46Z,FlyBall,v3,471300,NA,NA,NA,NA,Undefined,GEO_PAT,73dd7fde-66c8-4aae-b037-0f2165ed4158,31.75385,-71.05701,4.39878,4.27735,-1.74755,-13.96799,-0.41869,2.94589,-2.83777,208.018307,0.98579,81.37679,-16.99353,3.97536,-0.48058,-0.06417,0.03699,-0.00546,2.8e-4,0.73074,66.72917,-18.33123,0.78029,0.12596,-0.12873,0.04888,-0.00862,5.6e-4,0.3307,-1.63917,6.58894,-2.09375,0.38284,-0.01034,-0.01211,0.00231,-1.3e-4,NA,NA,NA,NA,NA,NA,NA,NA,NA,NA,NA,NA,NA,NA,NA,NA,NA,NA,NA,NA,NA,NA,High,High,High,High,High,NA,NA,NA,NA,NA,NA,NA,NA,NA,NA,NA,NA,NA,NA,NA,NA,NA,NA,NA,NA,NA,NA,NA,NA,NA,NA,NA,NA,NA,NA,NA,NA,NA,NA,NA,NA,NA,NA,NA,NA,NA,NA,NA,NA,NA,NA,NA,NA,NA,NA,NA,NA,NA,NA,NA
NA,NA,NA,NA,NA,NA,NA,NA,NA,NA,NA,NA,NA,NA,NA,NA,177,2025-10-18,09:27:52,NA,NA,NA,NA,Undefined,GEO_PAT,"Meeks, Gardner",1000324679,Right,GEO_PAT,Undefined,1,Bottom,0,0,0,Undefined,NA,Undefined,Undefined,Undefined,Undefined,0,0,NA,49.22298,-2.048174,-0.379961,1259.916249,NA,NA,4.60998,0.53889,28.20335,NA,NA,NA,1.90372,0.26758,44.52976,-8.351377,-0.626442,0.453039,NA,NA,NA,NA,NA,NA,NA,NA,NA,NA,NA,0.93925,31.6736,-0.64134,50,4.7683,0.36648,-75.873,1.15864,0.501,16.57297,-15.27932,GEO_PAT,NA,SpuhlerFieldMain,NA,NA,20251018-SpuhlerFieldMain-BP-1,3ff52310-ac26-11f0-81f2-195cbb24ffac,83.19902,NA,NA,4.69322,NA,NA,NA,NA,NA,NA,de988b4a-7493-4841-bf63-462d2c1b23e8,2025-10-18,13:27:52,2025-10-18T13:27:52Z,2025-10-18T13:27:52Z,NA,v3,471300,NA,NA,NA,NA,Undefined,GEO_PAT,0e957b55-354d-4301-85ed-86ce7d6a98fb,32.29813,-71.90248,8.28648,4.60739,-2.50195,-7.63966,-0.53916,0.48651,0.2505,NA,NA,NA,NA,NA,NA,NA,NA,NA,NA,NA,NA,NA,NA,NA,NA,NA,NA,NA,NA,NA,NA,NA,NA,NA,NA,NA,NA,NA,NA,NA,NA,NA,NA,NA,NA,NA,NA,NA,NA,NA,NA,NA,NA,NA,NA,NA,NA,NA,NA,Low,Low,Low,NA,NA,NA,NA,NA,NA,NA,NA,NA,NA,NA,NA,NA,NA,NA,NA,NA,NA,NA,NA,NA,NA,NA,NA,NA,NA,NA,NA,NA,NA,NA,NA,NA,NA,NA,NA,NA,NA,NA,NA,NA,NA,NA,NA,NA,NA,NA,NA,NA,NA,NA,NA,NA,NA,NA,NA,NA
NA,NA,NA,NA,NA,NA,NA,NA,NA,NA,NA,NA,NA,NA,NA,NA,178,2025-10-18,09:27:56,NA,NA,NA,NA,Undefined,GEO_PAT,"Meeks, Gardner",1000324679,Right,GEO_PAT,Undefined,1,Bottom,0,0,0,Undefined,NA,Undefined,Undefined,Undefined,Undefined,0,0,NA,50.16904,-3.671728,-4.313621,1169.334182,NA,NA,4.60033,0.43516,28.54064,NA,NA,NA,1.08167,-1.23438,46.19664,-9.736453,-1.940556,0.43747,NA,NA,NA,NA,NA,NA,NA,NA,NA,NA,NA,-13.28099,29.94238,-1.95534,50,5.27154,7.21307,-76.59644,-0.92875,-7.4148,14.74828,-15.45717,GEO_PAT,NA,SpuhlerFieldMain,NA,NA,20251018-SpuhlerFieldMain-BP-1,4233a160-ac26-11f0-81f2-195cbb24ffac,86.15997,NA,NA,3.97241,NA,NA,NA,NA,NA,NA,de988b4a-7493-4841-bf63-462d2c1b23e8,2025-10-18,13:27:56,2025-10-18T13:27:56Z,2025-10-18T13:27:56Z,NA,v3,471300,NA,NA,NA,NA,Undefined,GEO_PAT,f24ce1e9-b2fa-4646-8146-157b52819064,31.96304,-73.04099,7.37414,4.59848,-4.6551,-7.72859,-0.43191,5.42554,-3.7074,NA,NA,NA,NA,NA,NA,NA,NA,NA,NA,NA,NA,NA,NA,NA,NA,NA,NA,NA,NA,NA,NA,NA,NA,NA,NA,NA,NA,NA,NA,NA,NA,NA,NA,NA,NA,NA,NA,NA,NA,NA,NA,NA,NA,NA,NA,NA,NA,NA,NA,Low,Low,Low,NA,NA,NA,NA,NA,NA,NA,NA,NA,NA,NA,NA,NA,NA,NA,NA,NA,NA,NA,NA,NA,NA,NA,NA,NA,NA,NA,NA,NA,NA,NA,NA,NA,NA,NA,NA,NA,NA,NA,NA,NA,NA,NA,NA,NA,NA,NA,NA,NA,NA,NA,NA,NA,NA,NA,NA,NA
NA,NA,NA,NA,NA,NA,NA,NA,NA,NA,NA,NA,NA,NA,NA,NA,179,2025-10-18,09:28:12,NA,NA,NA,NA,Undefined,GEO_PAT,"Meeks, Gardner",1000324679,Right,GEO_PAT,Undefined,1,Bottom,0,0,0,Undefined,Changeup,Undefined,Undefined,Undefined,Undefined,0,0,NA,47.36106,0.711041,-1.320211,980.734888,226.785752,01:30:00,4.17247,0.55818,28.42631,-34.11478,5.40303,5.03406,1.71027,0.27094,45.83958,-9.993162,0.249665,0.452447,NA,NA,NA,NA,NA,NA,NA,NA,NA,NA,NA,-8.0204,8.59229,-1.0944,50,3.06561,2.63885,-71.20449,7.879,-4.17356,7.13604,-27.70289,GEO_PAT,NA,SpuhlerFieldMain,NA,NA,20251018-SpuhlerFieldMain-BP-1,4c32fcb0-ac26-11f0-81f2-195cbb24ffac,83.30795,NA,NA,1.52147,NA,NA,NA,NA,NA,NA,de988b4a-7493-4841-bf63-462d2c1b23e8,2025-10-18,13:28:12,2025-10-18T13:28:12Z,2025-10-18T13:28:12Z,NA,v3,471300,NA,NA,NA,NA,Undefined,GEO_PAT,9d7ad282-683f-40ba-b62b-942b891f07a5,32.08165,-69.38549,3.56802,4.17399,0.81748,-13.85145,-0.55735,1.575,-2.08678,NA,NA,NA,NA,NA,NA,NA,NA,NA,NA,NA,NA,NA,NA,NA,NA,NA,NA,NA,NA,NA,NA,NA,NA,NA,NA,NA,NA,NA,NA,NA,NA,NA,NA,NA,NA,NA,NA,NA,NA,NA,NA,NA,NA,NA,NA,NA,NA,NA,NA,High,High,High,NA,NA,NA,NA,NA,NA,NA,NA,NA,NA,NA,NA,NA,NA,NA,NA,NA,NA,NA,NA,NA,NA,NA,NA,NA,NA,NA,NA,NA,NA,NA,NA,NA,NA,NA,NA,NA,NA,NA,NA,NA,NA,NA,NA,NA,NA,NA,NA,NA,NA,NA,NA,NA,NA,NA,NA,NA
NA,NA,NA,NA,NA,NA,NA,NA,NA,NA,NA,NA,NA,NA,NA,NA,180,2025-10-18,09:28:20,NA,NA,NA,NA,Undefined,GEO_PAT,"Meeks, Gardner",1000324679,Right,GEO_PAT,Undefined,1,Bottom,0,0,0,Undefined,NA,Undefined,Undefined,Undefined,Undefined,0,0,NA,50.3612,-2.428753,-4.605066,1228.920436,NA,NA,4.41204,0.41397,28.41677,NA,NA,NA,1.45204,-1.26384,45.62021,-8.935347,-1.654912,0.440482,90.94988,23.817637,29.288276,1595.013988,94.96333,42.68999,55.51542,342.04655,341.97781,31.838969,4.395911,-16.5443,28.21442,-2.05051,50,4.67841,7.99851,-77.45632,0.82836,-9.20948,17.16118,-16.46832,GEO_PAT,NA,SpuhlerFieldMain,NA,NA,20251018-SpuhlerFieldMain-BP-1,50d338c0-ac26-11f0-81f2-195cbb24ffac,85.5708,56.83396,NA,4.741,NA,NA,NA,2.91553,1.66049,1.26765,de988b4a-7493-4841-bf63-462d2c1b23e8,2025-10-18,13:28:20,2025-10-18T13:28:20Z,2025-10-18T13:28:20Z,LineDrive,v3,471300,NA,NA,NA,NA,Undefined,GEO_PAT,69999dbf-aa5a-4976-8c85-fef84436d3c8,32.08761,-73.38042,8.58059,4.41067,-3.08298,-8.23416,-0.41056,5.81119,-4.60474,NA,2.91603,106.42548,-19.77281,4.64028,-0.89364,0.13385,-0.01889,0.00267,-1.9e-4,1.66101,53.84729,-13.31662,-0.28179,0.37845,-0.17873,0.05581,-0.00902,5.6e-4,1.26825,59.68463,-7.22416,0.89069,-0.03159,-0.01345,0.00121,4.7e-4,-7e-5,NA,NA,NA,NA,NA,NA,NA,NA,NA,NA,NA,NA,NA,NA,NA,NA,NA,NA,NA,NA,NA,NA,Low,Low,Low,High,High,NA,NA,NA,NA,NA,NA,NA,NA,NA,NA,NA,NA,NA,NA,NA,NA,NA,NA,NA,NA,NA,NA,NA,NA,NA,NA,NA,NA,NA,NA,NA,NA,NA,NA,NA,NA,NA,NA,NA,NA,NA,NA,NA,NA,NA,NA,NA,NA,NA,NA,NA,NA,NA,NA,NA
NA,NA,NA,NA,NA,NA,NA,NA,NA,NA,NA,NA,NA,NA,NA,NA,181,2025-10-18,09:28:24,NA,NA,NA,NA,Undefined,GEO_PAT,"Meeks, Gardner",1000324679,Right,GEO_PAT,Undefined,1,Bottom,0,0,0,Undefined,NA,Undefined,Undefined,Undefined,Undefined,0,0,NA,49.86834,-2.328321,-4.579865,1084.837116,NA,NA,4.27401,0.45456,28.48407,NA,NA,NA,1.37428,-1.29434,45.36122,-8.82456,-1.959583,0.442905,91.73501,11.401929,35.273993,987.09082,87.44486,6.94731,66.73347,147.2116,147.2116,38.466174,1.275749,-14.92765,28.94694,-2.07097,50,4.5035,7.70722,-76.59628,1.00683,-8.17765,16.27932,-16.3164,GEO_PAT,NA,SpuhlerFieldMain,NA,NA,20251018-SpuhlerFieldMain-BP-1,532e18b0-ac26-11f0-81f2-195cbb24ffac,85.10268,8.88137,NA,4.50712,NA,NA,NA,3.17253,1.24793,1.11667,de988b4a-7493-4841-bf63-462d2c1b23e8,2025-10-18,13:28:24,2025-10-18T13:28:24Z,2025-10-18T13:28:24Z,LineDrive,v3,471300,NA,NA,NA,NA,Undefined,GEO_PAT,083795de-983b-466f-9c47-ba82058ee6c3,32.02045,-72.67463,8.13966,4.27261,-2.92376,-8.1582,-0.4516,5.73724,-4.08883,NA,3.17253,107.67429,-19.1358,3.68782,-0.87027,0.19939,-0.04581,0.00861,-8.9e-4,1.24793,26.59814,-24.80609,3.2366,-0.75712,0.18199,-0.04029,0.00763,-8.1e-4,1.11667,76.16429,-4.90353,0.80736,-0.19566,0.04383,-0.01038,0.00196,-2e-4,NA,NA,NA,NA,NA,NA,NA,NA,NA,NA,NA,NA,NA,NA,NA,NA,NA,NA,NA,NA,NA,NA,Low,Low,Low,Medium,High,NA,NA,NA,NA,NA,NA,NA,NA,NA,NA,NA,NA,NA,NA,NA,NA,NA,NA,NA,NA,NA,NA,NA,NA,NA,NA,NA,NA,NA,NA,NA,NA,NA,NA,NA,NA,NA,NA,NA,NA,NA,NA,NA,NA,NA,NA,NA,NA,NA,NA,NA,NA,NA,NA,NA
NA,NA,NA,NA,NA,NA,NA,NA,NA,NA,NA,NA,NA,NA,NA,NA,182,2025-10-18,09:28:30,NA,NA,NA,NA,Undefined,GEO_PAT,"Meeks, Gardner",1000324679,Right,GEO_PAT,Undefined,1,Bottom,0,0,0,Undefined,NA,Undefined,Undefined,Undefined,Undefined,0,0,NA,49.62372,-2.281916,-5.253241,1225.577499,NA,NA,4.3693,0.55272,28.37216,NA,NA,NA,0.77243,-0.87977,45.25575,-11.379688,-0.072104,0.447664,90.74423,5.615527,27.859683,789.221214,NA,NA,NA,89.22279,89.22279,28.824684,0.733024,-27.35927,17.30532,-2.53151,50,4.41639,10.02885,-76.25604,2.554,-14.78817,16.49083,-22.82021,GEO_PAT,NA,SpuhlerFieldMain,NA,NA,20251018-SpuhlerFieldMain-BP-1,56af2920-ac26-11f0-81f2-195cbb24ffac,84.19807,3.01643,NA,4.36797,NA,NA,NA,2.70175,0.97114,1.03729,de988b4a-7493-4841-bf63-462d2c1b23e8,2025-10-18,13:28:30,2025-10-18T13:28:30Z,2025-10-18T13:28:30Z,GroundBall,v3,471300,NA,NA,NA,NA,Undefined,GEO_PAT,189955c8-e60b-4142-923e-3489b552eb15,32.133540000000004,-72.28913,8.24542,4.37051,-2.93546,-11.41011,-0.54691,6.47152,-7.39408,NA,2.76874,115.84988,-17.83293,NA,NA,NA,NA,NA,NA,1.01725,12.16304,-18.56407,NA,NA,NA,NA,NA,NA,1.051,61.64294,-6.01569,NA,NA,NA,NA,NA,NA,NA,NA,NA,NA,NA,NA,NA,NA,NA,NA,NA,NA,NA,NA,NA,NA,NA,NA,NA,NA,NA,NA,Low,Low,Low,High,High,NA,NA,NA,NA,NA,NA,NA,NA,NA,NA,NA,NA,NA,NA,NA,NA,NA,NA,NA,NA,NA,NA,NA,NA,NA,NA,NA,NA,NA,NA,NA,NA,NA,NA,NA,NA,NA,NA,NA,NA,NA,NA,NA,NA,NA,NA,NA,NA,NA,NA,NA,NA,NA,NA,NA
NA,NA,NA,NA,NA,NA,NA,NA,NA,NA,NA,NA,NA,NA,NA,NA,183,2025-10-18,09:28:34,NA,NA,NA,NA,Undefined,GEO_PAT,"Meeks, Gardner",1000324679,Right,GEO_PAT,Undefined,1,Bottom,0,0,0,Undefined,NA,Undefined,Undefined,Undefined,Undefined,0,0,NA,51.33903,-3.98931,-5.265697,1205.305105,NA,NA,4.59419,0.52541,28.38266,NA,NA,NA,0.71118,-1.24287,46.71111,-10.715863,-1.319009,0.43317,89.92824,4.051193,38.206233,1791.997893,NA,NA,NA,64.87363,64.87363,40.169009,0.497515,-21.47911,25.7562,-2.42827,50,5.33675,9.62421,-78.68335,-1.16796,-12.38664,17.38175,-17.32089,GEO_PAT,NA,SpuhlerFieldMain,NA,NA,20251018-SpuhlerFieldMain-BP-1,592902c0-ac26-11f0-81f2-195cbb24ffac,87.0153,1.78093,NA,4.62792,NA,NA,NA,2.72567,0.83083,1.57617,de988b4a-7493-4841-bf63-462d2c1b23e8,2025-10-18,13:28:34,2025-10-18T13:28:34Z,2025-10-18T13:28:34Z,GroundBall,v3,471300,NA,NA,NA,NA,Undefined,GEO_PAT,a59ee3b1-60f3-4d6a-b8bb-8a041a5e35ff,32.12189,-74.62951,8.69087,4.59328,-5.20761,-8.66044,-0.52055,6.73535,-6.19332,NA,2.73898,103.02432,-17.91752,NA,NA,NA,NA,NA,NA,0.84476,8.9429,-21.44159,NA,NA,NA,NA,NA,NA,1.56868,81.57554,-1.21359,NA,NA,NA,NA,NA,NA,NA,NA,NA,NA,NA,NA,NA,NA,NA,NA,NA,NA,NA,NA,NA,NA,NA,NA,NA,NA,NA,NA,Low,Low,Low,High,High,NA,NA,NA,NA,NA,NA,NA,NA,NA,NA,NA,NA,NA,NA,NA,NA,NA,NA,NA,NA,NA,NA,NA,NA,NA,NA,NA,NA,NA,NA,NA,NA,NA,NA,NA,NA,NA,NA,NA,NA,NA,NA,NA,NA,NA,NA,NA,NA,NA,NA,NA,NA,NA,NA,NA
NA,NA,NA,NA,NA,NA,NA,NA,NA,NA,NA,NA,NA,NA,NA,NA,184,2025-10-18,09:28:44,NA,NA,NA,NA,Undefined,GEO_PAT,"Meeks, Gardner",1000324679,Right,GEO_PAT,Undefined,1,Bottom,0,0,0,Undefined,NA,Undefined,Undefined,Undefined,Undefined,0,0,NA,47.87576,-1.598179,-4.767082,1004.142771,NA,NA,4.65934,0.56189,28.28661,NA,NA,NA,1.81418,-1.22872,43.40569,-9.328496,-1.884769,0.465419,NA,NA,NA,NA,NA,NA,NA,NA,NA,NA,NA,-16.31021,28.28537,-2.23144,50,4.58425,7.76163,-73.63467,2.52587,-8.19752,15.57927,-17.95778,GEO_PAT,NA,SpuhlerFieldMain,NA,NA,20251018-SpuhlerFieldMain-BP-1,5f4dbbf0-ac26-11f0-81f2-195cbb24ffac,80.98605,NA,NA,4.47007,NA,NA,NA,NA,NA,NA,de988b4a-7493-4841-bf63-462d2c1b23e8,2025-10-18,13:28:44,2025-10-18T13:28:44Z,2025-10-18T13:28:44Z,NA,v3,471300,NA,NA,NA,NA,Undefined,GEO_PAT,e0d9ae93-a1cf-41d0-b049-b0c4d96d4641,32.21763,-69.771,7.78963,4.65843,-1.92768,-8.97889,-0.55865,5.72864,-4.09876,NA,NA,NA,NA,NA,NA,NA,NA,NA,NA,NA,NA,NA,NA,NA,NA,NA,NA,NA,NA,NA,NA,NA,NA,NA,NA,NA,NA,NA,NA,NA,NA,NA,NA,NA,NA,NA,NA,NA,NA,NA,NA,NA,NA,NA,NA,NA,NA,NA,NA,Low,Low,Low,NA,NA,NA,NA,NA,NA,NA,NA,NA,NA,NA,NA,NA,NA,NA,NA,NA,NA,NA,NA,NA,NA,NA,NA,NA,NA,NA,NA,NA,NA,NA,NA,NA,NA,NA,NA,NA,NA,NA,NA,NA,NA,NA,NA,NA,NA,NA,NA,NA,NA,NA,NA,NA,NA,NA,NA,NA
NA,NA,NA,NA,NA,NA,NA,NA,NA,NA,NA,NA,NA,NA,NA,NA,185,2025-10-18,09:28:48,NA,NA,NA,NA,Undefined,GEO_PAT,"Meeks, Gardner",1000324679,Right,GEO_PAT,Undefined,1,Bottom,0,0,0,Undefined,NA,Undefined,Undefined,Undefined,Undefined,0,0,NA,48.19989,-3.758334,-5.527037,1238.00142,NA,NA,4.9204,0.73948,28.46215,NA,NA,NA,0.92439,-1.33811,44.04092,-11.409336,-2.227922,0.460039,NA,NA,NA,NA,NA,NA,NA,NA,NA,NA,NA,-18.73194,28.45553,-2.69938,50,5.51876,9.05646,-73.86135,-0.19165,-9.5263,15.25935,-17.70272,GEO_PAT,NA,SpuhlerFieldMain,NA,NA,20251018-SpuhlerFieldMain-BP-1,61541340-ac26-11f0-81f2-195cbb24ffac,81.93307,NA,NA,4.15896,NA,NA,NA,NA,NA,NA,de988b4a-7493-4841-bf63-462d2c1b23e8,2025-10-18,13:28:48,2025-10-18T13:28:48Z,2025-10-18T13:28:48Z,NA,v3,471300,NA,NA,NA,NA,Undefined,GEO_PAT,03e1f18f-a22e-4caf-9ccf-57504af13a95,32.04264,-70.05329,7.62968,4.91969,-4.60946,-8.85136,-0.73593,6.67912,-4.76315,NA,NA,NA,NA,NA,NA,NA,NA,NA,NA,NA,NA,NA,NA,NA,NA,NA,NA,NA,NA,NA,NA,NA,NA,NA,NA,NA,NA,NA,NA,NA,NA,NA,NA,NA,NA,NA,NA,NA,NA,NA,NA,NA,NA,NA,NA,NA,NA,NA,NA,Low,Low,Low,NA,NA,NA,NA,NA,NA,NA,NA,NA,NA,NA,NA,NA,NA,NA,NA,NA,NA,NA,NA,NA,NA,NA,NA,NA,NA,NA,NA,NA,NA,NA,NA,NA,NA,NA,NA,NA,NA,NA,NA,NA,NA,NA,NA,NA,NA,NA,NA,NA,NA,NA,NA,NA,NA,NA,NA,NA
NA,NA,NA,NA,NA,NA,NA,NA,NA,NA,NA,NA,NA,NA,NA,NA,186,2025-10-18,09:28:52,NA,NA,NA,NA,Undefined,GEO_PAT,"Meeks, Gardner",1000324679,Right,GEO_PAT,Undefined,1,Bottom,0,0,0,Undefined,NA,Undefined,Undefined,Undefined,Undefined,0,0,NA,49.0088,-4.251436,-5.022475,1138.942511,NA,NA,4.68876,0.49174,28.561,NA,NA,NA,0.66287,-1.49117,44.7629,-11.07016,-2.405953,0.450819,83.47047,2.805385,-12.676194,3143.332992,NA,NA,NA,59.38111,59.38111,-11.998624,0.487923,-15.22406,30.49773,-2.25778,50,5.50112,8.15815,-75.13305,-1.30879,-8.01247,15.77763,-16.12301,GEO_PAT,NA,SpuhlerFieldMain,NA,NA,20251018-SpuhlerFieldMain-BP-1,63c36590-ac26-11f0-81f2-195cbb24ffac,83.60873,1.7242,NA,4.24591,NA,NA,NA,3.62631,1.22438,1.32472,de988b4a-7493-4841-bf63-462d2c1b23e8,2025-10-18,13:28:52,2025-10-18T13:28:52Z,2025-10-18T13:28:52Z,GroundBall,v3,471300,NA,NA,NA,NA,Undefined,GEO_PAT,fd9628cf-b6fb-4689-8ce4-de7ba8a0aaa2,31.9437,-71.24046,7.88882,4.68753,-5.28658,-8.0615,-0.48889,6.18135,-4.00624,78.806158,3.63848,118.96145,-15.16488,NA,NA,NA,NA,NA,NA,1.23275,5.76203,-17.02097,NA,NA,NA,NA,NA,NA,1.32967,-26.96923,-2.1842800000000002,NA,NA,NA,NA,NA,NA,NA,NA,NA,NA,NA,NA,NA,NA,NA,NA,NA,NA,NA,NA,NA,NA,NA,NA,NA,NA,NA,NA,Low,Low,Low,Medium,High,NA,NA,NA,NA,NA,NA,NA,NA,NA,NA,NA,NA,NA,NA,NA,NA,NA,NA,NA,NA,NA,NA,NA,NA,NA,NA,NA,NA,NA,NA,NA,NA,NA,NA,NA,NA,NA,NA,NA,NA,NA,NA,NA,NA,NA,NA,NA,NA,NA,NA,NA,NA,NA,NA,NA
NA,NA,NA,NA,NA,NA,NA,NA,NA,NA,NA,NA,NA,NA,NA,NA,187,2025-10-18,09:28:56,NA,NA,NA,NA,Undefined,GEO_PAT,"Meeks, Gardner",1000324679,Right,GEO_PAT,Undefined,1,Bottom,0,0,0,Undefined,Changeup,Undefined,Undefined,Undefined,Undefined,0,0,NA,46.79809,0.487202,-1.737953,890.01136,245.698412,02:15:00,4.30791,0.38673,28.53946,-36.15829,4.08937,7.50418,1.55466,0.085,45.33596,-10.87765,0.617035,0.456606,60.653,-6.476396,-59.5032,NA,NA,NA,NA,18.31919,5.70184,-49.068359,0.181852,-12.04961,6.6402,-1.12341,50,3.20153,3.63688,-70.45145,8.00707,-6.11555,7.26797,-28.80394,GEO_PAT,NA,SpuhlerFieldMain,NA,NA,20251018-SpuhlerFieldMain-BP-1,66260db0-ac26-11f0-81f2-195cbb24ffac,82.54914,1.83025,NA,1.46214,NA,NA,NA,3.81972,1.83025,0.05248,de988b4a-7493-4841-bf63-462d2c1b23e8,2025-10-18,13:28:56,2025-10-18T13:28:56Z,2025-10-18T13:28:56Z,GroundBall,v3,471300,NA,NA,NA,NA,Undefined,GEO_PAT,051b7e79-f74a-4f7d-aeab-257dadff6118,31.96911,-68.56611,3.63399,4.30948,0.5352,-14.40197,-0.38574,2.05048,-3.05778,180,3.81571,44.994,NA,NA,NA,NA,NA,NA,NA,1.83115,-10.06451,NA,NA,NA,NA,NA,NA,NA,0.05928,-76.39441,NA,NA,NA,NA,NA,NA,NA,NA,NA,NA,NA,NA,NA,NA,NA,NA,NA,NA,NA,NA,NA,NA,NA,NA,NA,NA,NA,NA,NA,High,High,High,Low,Low,NA,NA,NA,NA,NA,NA,NA,NA,NA,NA,NA,NA,NA,NA,NA,NA,NA,NA,NA,NA,NA,NA,NA,NA,NA,NA,NA,NA,NA,NA,NA,NA,NA,NA,NA,NA,NA,NA,NA,NA,NA,NA,NA,NA,NA,NA,NA,NA,NA,NA,NA,NA,NA,NA,NA
NA,NA,NA,NA,NA,NA,NA,NA,NA,NA,NA,NA,NA,NA,NA,NA,188,2025-10-18,09:29:02,NA,NA,NA,NA,Undefined,GEO_PAT,"Meeks, Gardner",1000324679,Right,GEO_PAT,Undefined,1,Bottom,0,0,0,Undefined,Changeup,Undefined,Undefined,Undefined,Undefined,0,0,NA,47.13841,-0.323665,-4.042942,1271.640267,237.648499,02:00:00,4.30623,0.5725,28.62853,-35.24155,4.40201,5.79489,1.1969,-1.09782,45.64114,-11.40486,-2.227616,0.453167,NA,NA,NA,NA,NA,NA,NA,NA,NA,NA,NA,-10.03225,7.3887,-2.00043,50,3.46783,6.17782,-70.86649,6.91984,-5.14123,7.51171,-28.38756,GEO_PAT,NA,SpuhlerFieldMain,NA,NA,20251018-SpuhlerFieldMain-BP-1,699b1030-ac26-11f0-81f2-195cbb24ffac,83.17568,NA,NA,1.49727,NA,NA,NA,NA,NA,NA,de988b4a-7493-4841-bf63-462d2c1b23e8,2025-10-18,13:29:02,2025-10-18T13:29:02Z,2025-10-18T13:29:02Z,NA,v3,471300,NA,NA,NA,NA,Undefined,GEO_PAT,33de5d64-a2d5-48ef-ac5f-4f05416cf773,31.87981,-68.91902,3.75586,4.30782,-0.43984,-14.19378,-0.57157,4.84492,-2.57062,NA,NA,NA,NA,NA,NA,NA,NA,NA,NA,NA,NA,NA,NA,NA,NA,NA,NA,NA,NA,NA,NA,NA,NA,NA,NA,NA,NA,NA,NA,NA,NA,NA,NA,NA,NA,NA,NA,NA,NA,NA,NA,NA,NA,NA,NA,NA,NA,NA,NA,High,High,High,NA,NA,NA,NA,NA,NA,NA,NA,NA,NA,NA,NA,NA,NA,NA,NA,NA,NA,NA,NA,NA,NA,NA,NA,NA,NA,NA,NA,NA,NA,NA,NA,NA,NA,NA,NA,NA,NA,NA,NA,NA,NA,NA,NA,NA,NA,NA,NA,NA,NA,NA,NA,NA,NA,NA,NA,NA
NA,NA,NA,NA,NA,NA,NA,NA,NA,NA,NA,NA,NA,NA,NA,NA,189,2025-10-18,09:29:07,NA,NA,NA,NA,Undefined,GEO_PAT,"Meeks, Gardner",1000324679,Right,GEO_PAT,Undefined,1,Bottom,0,0,0,Undefined,Curveball,Undefined,Undefined,Undefined,Undefined,0,0,NA,47.62551,-1.728181,-4.127689,1170.197209,200.985695,12:45:00,4.342,0.51621,28.61944,-33.96899,4.95414,1.6252,0.58942,-1.54753,46.28906,-12.348052,-3.618659,0.44903,74.60943,-2.961229,-13.034009,NA,NA,NA,NA,22.29221,22.29221,-7.525476,0.176199,-3.59323,8.59044,-1.86464,50,3.98384,5.4967,-71.56796,4.95373,-1.87669,7.71814,-27.6874,GEO_PAT,NA,SpuhlerFieldMain,NA,NA,20251018-SpuhlerFieldMain-BP-1,6c777c30-ac26-11f0-81f2-195cbb24ffac,83.94195,0.99676,NA,1.33645,NA,NA,NA,3.32791,0.99676,1.42612,de988b4a-7493-4841-bf63-462d2c1b23e8,2025-10-18,13:29:07,2025-10-18T13:29:07Z,2025-10-18T13:29:07Z,GroundBall,v3,471300,NA,NA,NA,NA,Undefined,GEO_PAT,1dcf52cf-b41a-481a-95da-64a0a89d0123,31.88873,-69.58736,3.85907,4.34342,-2.15126,-13.8437,-0.51589,5.01511,-0.93834,NA,3.32579,106.54027,NA,NA,NA,NA,NA,NA,NA,0.99687,-5.65699,NA,NA,NA,NA,NA,NA,NA,1.42661,-24.66338,NA,NA,NA,NA,NA,NA,NA,NA,NA,NA,NA,NA,NA,NA,NA,NA,NA,NA,NA,NA,NA,NA,NA,NA,NA,NA,NA,NA,NA,High,Medium,Medium,Estimated,Estimated,NA,NA,NA,NA,NA,NA,NA,NA,NA,NA,NA,NA,NA,NA,NA,NA,NA,NA,NA,NA,NA,NA,NA,NA,NA,NA,NA,NA,NA,NA,NA,NA,NA,NA,NA,NA,NA,NA,NA,NA,NA,NA,NA,NA,NA,NA,NA,NA,NA,NA,NA,NA,NA,NA,NA
NA,NA,NA,NA,NA,NA,NA,NA,NA,NA,NA,NA,NA,NA,NA,NA,190,2025-10-18,09:29:11,NA,NA,NA,NA,Undefined,GEO_PAT,"Meeks, Gardner",1000324679,Right,GEO_PAT,Undefined,1,Bottom,0,0,0,Undefined,Changeup,Undefined,Undefined,Undefined,Undefined,0,0,NA,46.49621,1.232162,-1.154602,1022.91304,209.185535,01:00:00,4.31805,0.54442,28.50992,-34.17773,5.65237,2.95311,2.12784,0.17413,46.00637,-9.439962,-0.231479,0.454231,NA,NA,NA,NA,NA,NA,NA,NA,NA,NA,NA,-4.76717,8.93504,-0.98667,50.00029,2.98873,2.00538,-69.05915,8.69125,-2.43387,3.54831,-27.61227,GEO_PAT,NA,SpuhlerFieldMain,NA,NA,20251018-SpuhlerFieldMain-BP-1,6efa2f70-ac26-11f0-81f2-195cbb24ffac,82.98072,NA,NA,0.48983,NA,NA,NA,NA,NA,NA,de988b4a-7493-4841-bf63-462d2c1b23e8,2025-10-18,13:29:11,2025-10-18T13:29:11Z,2025-10-18T13:29:11Z,NA,v3,471300,NA,NA,NA,NA,Undefined,GEO_PAT,7e5a1423-bb53-458e-a73f-b607afa40b82,31.99863,-68.12793,1.77416,4.31877,1.4447,-13.80614,-0.54419,1.36664,-1.21694,NA,NA,NA,NA,NA,NA,NA,NA,NA,NA,NA,NA,NA,NA,NA,NA,NA,NA,NA,NA,NA,NA,NA,NA,NA,NA,NA,NA,NA,NA,NA,NA,NA,NA,NA,NA,NA,NA,NA,NA,NA,NA,NA,NA,NA,NA,NA,NA,NA,NA,High,High,High,NA,NA,NA,NA,NA,NA,NA,NA,NA,NA,NA,NA,NA,NA,NA,NA,NA,NA,NA,NA,NA,NA,NA,NA,NA,NA,NA,NA,NA,NA,NA,NA,NA,NA,NA,NA,NA,NA,NA,NA,NA,NA,NA,NA,NA,NA,NA,NA,NA,NA,NA,NA,NA,NA,NA,NA,NA
NA,NA,NA,NA,NA,NA,NA,NA,NA,NA,NA,NA,NA,NA,NA,NA,191,2025-10-18,09:29:23,NA,NA,NA,NA,Undefined,GEO_PAT,"Meeks, Gardner",1000324679,Right,GEO_PAT,Undefined,1,Bottom,0,0,0,Undefined,Changeup,Undefined,Undefined,Undefined,Undefined,0,0,NA,45.4401,0.714681,-1.782379,1076.138831,218.074302,01:15:00,4.15624,0.23857,28.75591,-39.32589,2.76646,1.60244,1.2577,-0.57194,44.1543,-11.705762,-1.275734,0.466953,NA,NA,NA,NA,NA,NA,NA,NA,NA,NA,NA,-2.96508,4.60922,-0.84856,50,2.8531,2.44921,-68.43542,8.87783,-1.41919,6.89753,-29.96793,GEO_PAT,NA,SpuhlerFieldMain,NA,NA,20251018-SpuhlerFieldMain-BP-1,76115ef0-ac26-11f0-81f2-195cbb24ffac,80.72003,NA,NA,1.2858,NA,NA,NA,NA,NA,NA,de988b4a-7493-4841-bf63-462d2c1b23e8,2025-10-18,13:29:23,2025-10-18T13:29:23Z,2025-10-18T13:29:23Z,NA,v3,471300,NA,NA,NA,NA,Undefined,GEO_PAT,ef86bcf7-f1ee-4e37-993c-55545d6ac0b6,31.75264,-66.57088,3.44877,4.15803,0.77694,-14.98396,-0.23834,2.06557,-0.7096,NA,NA,NA,NA,NA,NA,NA,NA,NA,NA,NA,NA,NA,NA,NA,NA,NA,NA,NA,NA,NA,NA,NA,NA,NA,NA,NA,NA,NA,NA,NA,NA,NA,NA,NA,NA,NA,NA,NA,NA,NA,NA,NA,NA,NA,NA,NA,NA,NA,NA,Medium,Medium,Medium,NA,NA,NA,NA,NA,NA,NA,NA,NA,NA,NA,NA,NA,NA,NA,NA,NA,NA,NA,NA,NA,NA,NA,NA,NA,NA,NA,NA,NA,NA,NA,NA,NA,NA,NA,NA,NA,NA,NA,NA,NA,NA,NA,NA,NA,NA,NA,NA,NA,NA,NA,NA,NA,NA,NA,NA,NA
NA,NA,NA,NA,NA,NA,NA,NA,NA,NA,NA,NA,NA,NA,NA,NA,192,2025-10-18,09:29:26,NA,NA,NA,NA,Undefined,GEO_PAT,"Meeks, Gardner",1000324679,Right,GEO_PAT,Undefined,1,Bottom,0,0,0,Undefined,Curveball,Undefined,Undefined,Undefined,Undefined,0,0,NA,46.31984,-1.053284,-4.052582,1110.30883,329.751049,05:00:00,3.93822,0.09781,28.71026,-41.69963,-1.38551,1.12398,-0.09675,-1.96112,45.92129,-14.015581,-3.697237,0.456983,NA,NA,NA,NA,NA,NA,NA,NA,NA,NA,NA,-2.55886,-1.34374,-1.41757,50,3.13543,5.13745,-69.23984,7.39736,-1.27916,5.57257,-32.84577,GEO_PAT,NA,SpuhlerFieldMain,NA,NA,20251018-SpuhlerFieldMain-BP-1,78374c30-ac26-11f0-81f2-195cbb24ffac,82.48107,NA,NA,0.39856,NA,NA,NA,NA,NA,NA,de988b4a-7493-4841-bf63-462d2c1b23e8,2025-10-18,13:29:26,2025-10-18T13:29:26Z,2025-10-18T13:29:26Z,NA,v3,471300,NA,NA,NA,NA,Undefined,GEO_PAT,f2d0cb47-a458-4165-913a-7bc26e1102c7,31.79972,-67.75922,2.78628,3.94151,-1.32974,-16.42289,-0.09771,4.79758,-0.63958,NA,NA,NA,NA,NA,NA,NA,NA,NA,NA,NA,NA,NA,NA,NA,NA,NA,NA,NA,NA,NA,NA,NA,NA,NA,NA,NA,NA,NA,NA,NA,NA,NA,NA,NA,NA,NA,NA,NA,NA,NA,NA,NA,NA,NA,NA,NA,NA,NA,NA,Medium,Medium,Medium,NA,NA,NA,NA,NA,NA,NA,NA,NA,NA,NA,NA,NA,NA,NA,NA,NA,NA,NA,NA,NA,NA,NA,NA,NA,NA,NA,NA,NA,NA,NA,NA,NA,NA,NA,NA,NA,NA,NA,NA,NA,NA,NA,NA,NA,NA,NA,NA,NA,NA,NA,NA,NA,NA,NA,NA,NA
NA,NA,NA,NA,NA,NA,NA,NA,NA,NA,NA,NA,NA,NA,NA,NA,193,2025-10-18,09:29:30,NA,NA,NA,NA,Undefined,GEO_PAT,"Meeks, Gardner",1000324679,Right,GEO_PAT,Undefined,1,Bottom,0,0,0,Undefined,Changeup,Undefined,Undefined,Undefined,Undefined,0,0,NA,45.92145,0.78152,-2.368886,855.611912,242.294311,02:00:00,4.20265,0.5241,28.78278,-37.0827,3.81362,6.05748,1.52624,-0.225,44.77696,-10.938984,-0.457874,0.460271,NA,NA,NA,NA,NA,NA,NA,NA,NA,NA,NA,-10.06508,6.23237,-1.44215,50,2.92016,4.0860900000000004,-68.89937,8.69053,-4.94144,6.12505,-29.11428,GEO_PAT,NA,SpuhlerFieldMain,NA,NA,20251018-SpuhlerFieldMain-BP-1,7a314770-ac26-11f0-81f2-195cbb24ffac,81.89185,NA,NA,1.14449,NA,NA,NA,NA,NA,NA,de988b4a-7493-4841-bf63-462d2c1b23e8,2025-10-18,13:29:30,2025-10-18T13:29:30Z,2025-10-18T13:29:30Z,NA,v3,471300,NA,NA,NA,NA,Undefined,GEO_PAT,1b196f2a-d9fa-47c0-a828-2de4e8d500e7,31.72593,-67.25521,3.06252,4.20406,0.87535,-14.55714,-0.52334,2.75966,-2.47072,NA,NA,NA,NA,NA,NA,NA,NA,NA,NA,NA,NA,NA,NA,NA,NA,NA,NA,NA,NA,NA,NA,NA,NA,NA,NA,NA,NA,NA,NA,NA,NA,NA,NA,NA,NA,NA,NA,NA,NA,NA,NA,NA,NA,NA,NA,NA,NA,NA,NA,High,High,High,NA,NA,NA,NA,NA,NA,NA,NA,NA,NA,NA,NA,NA,NA,NA,NA,NA,NA,NA,NA,NA,NA,NA,NA,NA,NA,NA,NA,NA,NA,NA,NA,NA,NA,NA,NA,NA,NA,NA,NA,NA,NA,NA,NA,NA,NA,NA,NA,NA,NA,NA,NA,NA,NA,NA,NA,NA
NA,NA,NA,NA,NA,NA,NA,NA,NA,NA,NA,NA,NA,NA,NA,NA,194,2025-10-18,09:29:34,NA,NA,NA,NA,Undefined,GEO_PAT,"Meeks, Gardner",1000324679,Right,GEO_PAT,Undefined,1,Bottom,0,0,0,Undefined,NA,Undefined,Undefined,Undefined,Undefined,0,0,NA,49.23612,-2.500694,-5.124389,1113.252318,NA,NA,4.77396,0.61997,28.62688,NA,NA,NA,1.64141,-1.25325,46.31224,-9.427996,-1.909711,0.439497,88.22625,6.986936,-33.52187,2884.245117,NA,NA,NA,77.97177,77.97177,-33.071511,0.657583,-17.5584,25.60675,-2.48762,50,4.99311,8.73971,-74.51962,1.36281,-9.61213,11.16268,-18.15595,GEO_PAT,NA,SpuhlerFieldMain,NA,NA,20251018-SpuhlerFieldMain-BP-1,7cc44e60-ac26-11f0-81f2-195cbb24ffac,85.76274,3.74087,NA,2.92388,NA,NA,NA,2.77661,1.66727,1.07916,de988b4a-7493-4841-bf63-462d2c1b23e8,2025-10-18,13:29:34,2025-10-18T13:29:34Z,2025-10-18T13:29:34Z,LineDrive,v3,471300,NA,NA,NA,NA,Undefined,GEO_PAT,b61dabe3-3922-4cf8-ab2f-28af08377b45,31.87966,-71.75396,5.58134,4.77351,-3.13551,-9.07797,-0.6173,6.35821,-4.80607,NA,2.80896,106.40841,-17.27879,NA,NA,NA,NA,NA,NA,1.73116,14.41541,-26.06016,NA,NA,NA,NA,NA,NA,1.0783,-70.91677,6.9574,NA,NA,NA,NA,NA,NA,NA,NA,NA,NA,NA,NA,NA,NA,NA,NA,NA,NA,NA,NA,NA,NA,NA,NA,NA,NA,NA,NA,Low,Low,Low,High,High,NA,NA,NA,NA,NA,NA,NA,NA,NA,NA,NA,NA,NA,NA,NA,NA,NA,NA,NA,NA,NA,NA,NA,NA,NA,NA,NA,NA,NA,NA,NA,NA,NA,NA,NA,NA,NA,NA,NA,NA,NA,NA,NA,NA,NA,NA,NA,NA,NA,NA,NA,NA,NA,NA,NA
NA,NA,NA,NA,NA,NA,NA,NA,NA,NA,NA,NA,NA,NA,NA,NA,195,2025-10-18,09:29:38,NA,NA,NA,NA,Undefined,GEO_PAT,"Meeks, Gardner",1000324679,Right,GEO_PAT,Undefined,1,Bottom,0,0,0,Undefined,NA,Undefined,Undefined,Undefined,Undefined,0,0,NA,50.16814,-4.590532,-4.364223,1988.549445,NA,NA,4.86194,0.45617,28.48537,NA,NA,NA,0.8209,-1.25119,45.75754,-10.752516,-2.018966,0.441392,NA,NA,NA,NA,NA,NA,NA,NA,NA,NA,NA,-13.43926,31.09084,-1.98351,50,5.82654,7.26585,-76.89924,-2.22405,-7.41413,16.47866,-15.02193,GEO_PAT,NA,SpuhlerFieldMain,NA,NA,20251018-SpuhlerFieldMain-BP-1,7f73de00-ac26-11f0-81f2-195cbb24ffac,85.3944,NA,NA,4.4106,NA,NA,NA,NA,NA,NA,de988b4a-7493-4841-bf63-462d2c1b23e8,2025-10-18,13:29:38,2025-10-18T13:29:38Z,2025-10-18T13:29:38Z,NA,v3,471300,NA,NA,NA,NA,Undefined,GEO_PAT,f9bdb14f-93d2-4c19-b4e2-c724ea2e5b3d,32.01851,-72.9443,8.23933,4.86012,-5.82936,-7.51097,-0.45321,5.48643,-3.70706,NA,NA,NA,NA,NA,NA,NA,NA,NA,NA,NA,NA,NA,NA,NA,NA,NA,NA,NA,NA,NA,NA,NA,NA,NA,NA,NA,NA,NA,NA,NA,NA,NA,NA,NA,NA,NA,NA,NA,NA,NA,NA,NA,NA,NA,NA,NA,NA,NA,NA,Low,Low,Low,Medium,Medium,NA,NA,NA,NA,NA,NA,NA,NA,NA,NA,NA,NA,NA,NA,NA,NA,NA,NA,NA,NA,NA,NA,NA,NA,NA,NA,NA,NA,NA,NA,NA,NA,NA,NA,NA,NA,NA,NA,NA,NA,NA,NA,NA,NA,NA,NA,NA,NA,NA,NA,NA,NA,NA,NA,NA
NA,NA,NA,NA,NA,NA,NA,NA,NA,NA,NA,NA,NA,NA,NA,NA,196,2025-10-18,10:41:13,NA,NA,NA,NA,Undefined,GEO_PAT,"Meeks, Gardner",1000324679,Right,GEO_PAT,Undefined,1,Bottom,0,0,0,Undefined,Curveball,Undefined,Undefined,Undefined,Undefined,0,0,NA,50.46905,-2.685152,-2.897123,1270.690623,189.663954,12:15:00,6.26777,1.44203,28.38551,-28.79698,5.88788,0.92126,2.42602,-0.03523,49.55426,-11.590874,-2.609817,0.423878,92.20417,23.866383,-4.035282,2852.20402,109.94801,48.17224,-3.37846,328.0318,326.58349,4.256162,4.65566,-1.97106,9.9326,-2.37015,50,6.35207,4.01216,-75.34012,2.8031,-1.16882,6.43007,-26.28413,GEO_PAT,NA,SpuhlerFieldMain,NA,NA,20251018-SpuhlerFieldMain-BP-1,7f3f54f0-ac30-11f0-9c53-6792ea22c25e,88.92276,65.06474,NA,0.91479,NA,NA,NA,1.417,2.71608,-0.00733,de988b4a-7493-4841-bf63-462d2c1b23e8,2025-10-18,14:41:13,2025-10-18T14:41:13Z,2025-10-18T14:41:13Z,LineDrive,v3,471300,NA,NA,NA,NA,Undefined,GEO_PAT,29429ad0-544f-4f80-bb35-f17246bacbf5,32.12278,-73.79859,3.21503,6.26874,-3.49824,-13.14207,-1.44187,3.73195,-0.58441,194.51691,1.41714,123.36125,-26.84452,6.87511,-1.52888,0.31215,-0.05411,0.00632,-3.3e-4,2.71726,54.68659,-10.2418,-2.05657,1.09422,-0.37825,0.08577,-0.01076,5.5e-4,-0.00727,-8.7049,6.4679,-1.4588,0.29626,-0.06159,0.01195,-0.00155,9e-5,NA,NA,NA,NA,NA,NA,NA,NA,NA,NA,NA,NA,NA,NA,NA,NA,NA,NA,NA,NA,NA,NA,Medium,Medium,Medium,High,Medium,NA,NA,NA,NA,NA,NA,NA,NA,NA,NA,NA,NA,NA,NA,NA,NA,NA,NA,NA,NA,NA,NA,NA,NA,NA,NA,NA,NA,NA,NA,NA,NA,NA,NA,NA,NA,NA,NA,NA,NA,NA,NA,NA,NA,NA,NA,NA,NA,NA,NA,NA,NA,NA,NA,NA
NA,NA,NA,NA,NA,NA,NA,NA,NA,NA,NA,NA,NA,NA,NA,NA,197,2025-10-18,10:41:21,NA,NA,NA,NA,Undefined,GEO_PAT,"Meeks, Gardner",1000324679,Right,GEO_PAT,Undefined,1,Bottom,0,0,0,Undefined,Curveball,Undefined,Undefined,Undefined,Undefined,0,0,NA,51.92733,-1.594331,-3.456883,926.411106,214.050248,01:15:00,6.18659,1.6472,27.88061,-29.20734,4.60425,2.79634,2.88231,-0.00523,50.83902,-10.518767,-2.601289,0.418508,90.28631,12.092537,10.220855,2142.479771,106.36229,16.10169,28.05419,209.96586,209.96586,19.26237,2.083223,-4.80307,7.49792,-2.76102,50,5.9709,5.26076,-77.44199,4.06767,-3.01606,6.58237,-27.46576,GEO_PAT,NA,SpuhlerFieldMain,NA,NA,20251018-SpuhlerFieldMain-BP-1,841d3640-ac30-11f0-9c53-6792ea22c25e,90.06375,16.10269,NA,1.0883100000000001,NA,NA,NA,1.29808,2.86333,0.03701,de988b4a-7493-4841-bf63-462d2c1b23e8,2025-10-18,14:41:21,2025-10-18T14:41:21Z,2025-10-18T14:41:21Z,LineDrive,v3,471300,NA,NA,NA,NA,Undefined,GEO_PAT,4b37bb88-334e-49c1-85d6-653392205aa1,32.62785,-75.95105,3.29118,6.18769,-2.15347,-13.73288,-1.6468,4.57761,-1.50803,244.626217,1.29807,127.42758,-22.57987,4.68774,-0.9826,0.19126,-0.02275,-0.00216,8.3e-4,2.86336,27.73894,-15.01614,0.46197,0.09269,-0.05426,-4.5e-4,0.00781,-0.0016,0.03706,22.97307,8.5403,-2.84168,0.86364,-0.22616,0.02529,0.0073,-0.00198,NA,NA,NA,NA,NA,NA,NA,NA,NA,NA,NA,NA,NA,NA,NA,NA,NA,NA,NA,NA,NA,NA,High,High,High,High,High,NA,NA,NA,NA,NA,NA,NA,NA,NA,NA,NA,NA,NA,NA,NA,NA,NA,NA,NA,NA,NA,NA,NA,NA,NA,NA,NA,NA,NA,NA,NA,NA,NA,NA,NA,NA,NA,NA,NA,NA,NA,NA,NA,NA,NA,NA,NA,NA,NA,NA,NA,NA,NA,NA,NA
NA,NA,NA,NA,NA,NA,NA,NA,NA,NA,NA,NA,NA,NA,NA,NA,198,2025-10-18,10:41:33,NA,NA,NA,NA,Undefined,GEO_PAT,"Meeks, Gardner",1000324679,Right,GEO_PAT,Undefined,1,Bottom,0,0,0,Undefined,Changeup,Undefined,Undefined,Undefined,Undefined,0,0,NA,49.56552,-1.317406,-1.91002,1228.182642,226.428707,01:30:00,6.12579,1.53429,28.20954,-32.58411,4.2626,3.74024,2.69982,0.81606,47.88695,-11.431,-0.750038,0.436889,NA,NA,NA,NA,NA,NA,NA,NA,NA,NA,NA,-6.13465,7.31008,-2.21111,50,5.73247,3.23584,-74.66782,5.01348,-3.47585,8.68692,-28.03221,GEO_PAT,NA,SpuhlerFieldMain,NA,NA,20251018-SpuhlerFieldMain-BP-1,8b0147d0-ac30-11f0-9c53-6792ea22c25e,86.27472,NA,NA,1.67857,NA,NA,NA,NA,NA,NA,de988b4a-7493-4841-bf63-462d2c1b23e8,2025-10-18,14:41:33,2025-10-18T14:41:33Z,2025-10-18T14:41:33Z,NA,v3,471300,NA,NA,NA,NA,Undefined,GEO_PAT,ddd4ac22-939b-4d6b-b2e8-f0456e0dab4a,32.29833,-72.57918,4.34346,6.12763,-1.72644,-14.01611,-1.53357,2.40012,-1.73793,NA,NA,NA,NA,NA,NA,NA,NA,NA,NA,NA,NA,NA,NA,NA,NA,NA,NA,NA,NA,NA,NA,NA,NA,NA,NA,NA,NA,NA,NA,NA,NA,NA,NA,NA,NA,NA,NA,NA,NA,NA,NA,NA,NA,NA,NA,NA,NA,NA,NA,High,High,High,NA,NA,NA,NA,NA,NA,NA,NA,NA,NA,NA,NA,NA,NA,NA,NA,NA,NA,NA,NA,NA,NA,NA,NA,NA,NA,NA,NA,NA,NA,NA,NA,NA,NA,NA,NA,NA,NA,NA,NA,NA,NA,NA,NA,NA,NA,NA,NA,NA,NA,NA,NA,NA,NA,NA,NA,NA
NA,NA,NA,NA,NA,NA,NA,NA,NA,NA,NA,NA,NA,NA,NA,NA,199,2025-10-18,10:41:48,NA,NA,NA,NA,Undefined,GEO_PAT,"Meeks, Gardner",1000324679,Right,GEO_PAT,Undefined,1,Bottom,0,0,0,Undefined,Curveball,Undefined,Undefined,Undefined,Undefined,0,0,NA,50.7516,-1.650841,-2.397764,1270.240504,196.242684,12:30:00,6.40405,1.39897,28.31943,-26.09919,8.28382,2.27504,3.34143,0.29996,49.55511,-9.767632,-1.690273,0.42203,NA,NA,NA,NA,NA,NA,NA,NA,NA,NA,NA,-3.97071,13.3054,-2.20244,50,6.23642,3.67063,-75.85956,3.57683,-2.38508,6.5962,-24.18191,GEO_PAT,NA,SpuhlerFieldMain,NA,NA,20251018-SpuhlerFieldMain-BP-1,9419eca0-ac30-11f0-9c53-6792ea22c25e,89.31223,NA,NA,1.19649,NA,NA,NA,NA,NA,NA,de988b4a-7493-4841-bf63-462d2c1b23e8,2025-10-18,14:41:48,2025-10-18T14:41:48Z,2025-10-18T14:41:48Z,NA,v3,471300,NA,NA,NA,NA,Undefined,GEO_PAT,e58e2309-7347-4c2d-b1fe-a511ee58548e,32.18909,-74.29472,3.2981,6.40449,-2.15996,-12.09096,-1.39875,3.10481,-1.19254,NA,NA,NA,NA,NA,NA,NA,NA,NA,NA,NA,NA,NA,NA,NA,NA,NA,NA,NA,NA,NA,NA,NA,NA,NA,NA,NA,NA,NA,NA,NA,NA,NA,NA,NA,NA,NA,NA,NA,NA,NA,NA,NA,NA,NA,NA,NA,NA,NA,NA,Medium,Medium,Medium,High,High,NA,NA,NA,NA,NA,NA,NA,NA,NA,NA,NA,NA,NA,NA,NA,NA,NA,NA,NA,NA,NA,NA,NA,NA,NA,NA,NA,NA,NA,NA,NA,NA,NA,NA,NA,NA,NA,NA,NA,NA,NA,NA,NA,NA,NA,NA,NA,NA,NA,NA,NA,NA,NA,NA,NA
NA,NA,NA,NA,NA,NA,NA,NA,NA,NA,NA,NA,NA,NA,NA,NA,200,2025-10-18,10:41:52,NA,NA,NA,NA,Undefined,GEO_PAT,"Meeks, Gardner",1000324679,Right,GEO_PAT,Undefined,1,Bottom,0,0,0,Undefined,Curveball,Undefined,Undefined,Undefined,Undefined,0,0,NA,50.38394,0.058201,-2.374271,1244.698812,24.86633,06:45:00,5.97973,1.40404,28.37306,-38.69246,-4.19862,-2.12382,2.78659,-0.04668,49.86952,-11.91112,-3.037842,0.42271,NA,NA,NA,NA,NA,NA,NA,NA,NA,NA,NA,2.93248,-6.51524,-2.08861,50,4.93262,2.64545,-75.16528,8.69267,1.74844,5.49915,-36.05863,GEO_PAT,NA,SpuhlerFieldMain,NA,NA,20251018-SpuhlerFieldMain-BP-1,965b2a10-ac30-11f0-9c53-6792ea22c25e,89.16865,NA,NA,0.51442,NA,NA,NA,NA,NA,NA,de988b4a-7493-4841-bf63-462d2c1b23e8,2025-10-18,14:41:52,2025-10-18T14:41:52Z,2025-10-18T14:41:52Z,NA,v3,471300,NA,NA,NA,NA,Undefined,GEO_PAT,5fdfc165-abb6-4120-ab73-bfbc73b030da,32.13701,-73.84685,2.74957,5.98036,0.04754,-18.02931,-1.40411,3.06464,0.87422,NA,NA,NA,NA,NA,NA,NA,NA,NA,NA,NA,NA,NA,NA,NA,NA,NA,NA,NA,NA,NA,NA,NA,NA,NA,NA,NA,NA,NA,NA,NA,NA,NA,NA,NA,NA,NA,NA,NA,NA,NA,NA,NA,NA,NA,NA,NA,NA,NA,NA,Medium,Medium,Medium,NA,NA,NA,NA,NA,NA,NA,NA,NA,NA,NA,NA,NA,NA,NA,NA,NA,NA,NA,NA,NA,NA,NA,NA,NA,NA,NA,NA,NA,NA,NA,NA,NA,NA,NA,NA,NA,NA,NA,NA,NA,NA,NA,NA,NA,NA,NA,NA,NA,NA,NA,NA,NA,NA,NA,NA,NA
NA,NA,NA,NA,NA,NA,NA,NA,NA,NA,NA,NA,NA,NA,NA,NA,201,2025-10-18,10:41:57,NA,NA,NA,NA,Undefined,GEO_PAT,"Meeks, Gardner",1000324679,Right,GEO_PAT,Undefined,1,Bottom,0,0,0,Undefined,Curveball,Undefined,Undefined,Undefined,Undefined,0,0,NA,52.37896,-2.457954,-2.612437,1254.809055,205.091546,12:45:00,6.37253,1.55052,28.40826,-26.24836,6.02666,2.58236,2.86663,0.36566,51.01662,-10.628451,-1.807899,0.408888,80.07699,21.748444,29.375834,4099.75115,90.79995,30.44846,62.09131,231.01599,162.41263,41.540063,2.862214,-4.54658,10.10123,-2.43245,50,6.4535,4.15565,-78.43151,2.62347,-2.8964,7.80848,-25.73908,GEO_PAT,NA,SpuhlerFieldMain,NA,NA,20251018-SpuhlerFieldMain-BP-1,99689120-ac30-11f0-9c53-6792ea22c25e,92.18275,30.95453,NA,1.36234,NA,NA,NA,1.6542,2.91469,-0.37976,de988b4a-7493-4841-bf63-462d2c1b23e8,2025-10-18,14:41:57,2025-10-18T14:41:57Z,2025-10-18T14:41:57Z,LineDrive,v3,471300,NA,NA,NA,NA,Undefined,GEO_PAT,4a28797d-1526-489c-a1b7-c54d489a8bad,32.1003,-76.62874,3.90424,6.37321,-3.31902,-12.86954,-1.55021,3.48695,-1.4482,241.541202,1.65417,95.06272,-19.25909,3.96522,-0.83718,0.15749,-0.02547,0.00294,-1.6e-4,2.91473,43.51395,-18.50685,1.54048,-0.29853,0.064,-0.01172,0.00181,-1.4e-4,-0.37971,53.5055,0.93662,-0.63225,0.18517,-0.03385,0.00292,1.5e-4,-4e-5,NA,NA,NA,NA,NA,NA,NA,NA,NA,NA,NA,NA,NA,NA,NA,NA,NA,NA,NA,NA,NA,NA,High,High,High,High,Medium,NA,NA,NA,NA,NA,NA,NA,NA,NA,NA,NA,NA,NA,NA,NA,NA,NA,NA,NA,NA,NA,NA,NA,NA,NA,NA,NA,NA,NA,NA,NA,NA,NA,NA,NA,NA,NA,NA,NA,NA,NA,NA,NA,NA,NA,NA,NA,NA,NA,NA,NA,NA,NA,NA,NA
