player_name,display_name,active,notes,id,pitcher,date,rel_speed,horz_break,induced_vert_break,original_pitch_type,new_pitch_type,new_pitcher,modified_at,pitch_key,created_at,PitchNo,Date,Time,PAofInning,PitchofPA,Pitcher,PitcherId,PitcherThrows,PitcherTeam,Batter,BatterId,BatterSide,BatterTeam,PitcherSet,Inning,Top/Bottom,Outs,Balls,Strikes,TaggedPitchType,AutoPitchType,PitchCall,KorBB,TaggedHitType,PlayResult,OutsOnPlay,RunsScored,Notes,RelSpeed,VertRelAngle,HorzRelAngle,SpinRate,SpinAxis,Tilt,RelHeight,RelSide,Extension,VertBreak,InducedVertBreak,HorzBreak,PlateLocHeight,PlateLocSide,ZoneSpeed,VertApprAngle,HorzApprAngle,ZoneTime,ExitSpeed,Angle,Direction,HitSpinRate,PositionAt110X,PositionAt110Y,PositionAt110Z,Distance,LastTrackedDistance,Bearing,HangTime,pfxx,pfxz,x0,y0,z0,vx0,vy0,vz0,ax0,ay0,az0,HomeTeam,AwayTeam,Stadium,Level,League,GameID,PitchUID,EffectiveVelo,MaxHeight,MeasuredDuration,SpeedDrop,PitchLastMeasuredX,PitchLastMeasuredY,PitchLastMeasuredZ,ContactPositionX,ContactPositionY,ContactPositionZ,GameUID,UTCDate,UTCTime,LocalDateTime,UTCDateTime,AutoHitType,System,HomeTeamForeignID,AwayTeamForeignID,GameForeignID,Catcher,CatcherId,CatcherThrows,CatcherTeam,PlayID,PitchTrajectoryXc0,PitchTrajectoryXc1,PitchTrajectoryXc2,PitchTrajectoryYc0,PitchTrajectoryYc1,PitchTrajectoryYc2,PitchTrajectoryZc0,PitchTrajectoryZc1,PitchTrajectoryZc2,HitSpinAxis,HitTrajectoryXc0,HitTrajectoryXc1,HitTrajectoryXc2,HitTrajectoryXc3,HitTrajectoryXc4,HitTrajectoryXc5,HitTrajectoryXc6,HitTrajectoryXc7,HitTrajectoryXc8,HitTrajectoryYc0,HitTrajectoryYc1,HitTrajectoryYc2,HitTrajectoryYc3,HitTrajectoryYc4,HitTrajectoryYc5,HitTrajectoryYc6,HitTrajectoryYc7,HitTrajectoryYc8,HitTrajectoryZc0,HitTrajectoryZc1,HitTrajectoryZc2,HitTrajectoryZc3,HitTrajectoryZc4,HitTrajectoryZc5,HitTrajectoryZc6,HitTrajectoryZc7,HitTrajectoryZc8,ThrowSpeed,PopTime,ExchangeTime,TimeToBase,CatchPositionX,CatchPositionY,CatchPositionZ,ThrowPositionX,ThrowPositionY,ThrowPositionZ,BasePositionX,BasePositionY,BasePositionZ,ThrowTrajectoryXc0,ThrowTrajectoryXc1,ThrowTrajectoryXc2,ThrowTrajectoryYc0,ThrowTrajectoryYc1,ThrowTrajectoryYc2,ThrowTrajectoryZc0,ThrowTrajectoryZc1,ThrowTrajectoryZc2,PitchReleaseConfidence,PitchLocationConfidence,PitchMovementConfidence,HitLaunchConfidence,HitLandingConfidence,CatcherThrowCatchConfidence,CatcherThrowReleaseConfidence,CatcherThrowLocationConfidence,SpinAxis3dTransverseAngle,SpinAxis3dLongitudinalAngle,SpinAxis3dActiveSpinRate,SpinAxis3dSpinEfficiency,SpinAxis3dTilt,SpinAxis3dVectorX,SpinAxis3dVectorY,SpinAxis3dVectorZ,SpinAxis3dSeamOrientationRotationX,SpinAxis3dSeamOrientationRotationY,SpinAxis3dSeamOrientationRotationZ,SpinAxis3dSeamOrientationBallYAmb1,SpinAxis3dSeamOrientationBallAngleHorizontalAmb1,SpinAxis3dSeamOrientationBallZAmb1,SpinAxis3dSeamOrientationBallAngleVerticalAmb2,SpinAxis3dSeamOrientationBallZAmb2,SpinAxis3dSeamOrientationBallXAmb4,SpinAxis3dSeamOrientationBallYAmb4,SpinAxis3dSeamOrientationBallAngleHorizontalAmb2,SpinAxis3dSeamOrientationBallAngleVerticalAmb1,SpinAxis3dSeamOrientationBallXAmb1,SpinAxis3dSeamOrientationBallYAmb2,SpinAxis3dSeamOrientationBallAngleHorizontalAmb4,SpinAxis3dSeamOrientationBallAngleVerticalAmb4,SpinAxis3dSeamOrientationBallXAmb2,SpinAxis3dSeamOrientationBallAngleVerticalAmb3,SpinAxis3dSeamOrientationBallAngleHorizontalAmb3,SpinAxis3dSeamOrientationBallXAmb3,SpinAxis3dSeamOrientationBallYAmb3,SpinAxis3dSeamOrientationBallZAmb3,SpinAxis3dSeamOrientationBallZAmb4,session_id,play_id,camera_slot,camera_name,camera_target,video_type,azure_blob,azure_md5,cloudinary_url,cloudinary_public_id,uploaded_at,PitchSession,Flag,CalibrationId,EffVelocity,PracticeType,Device,HitType,BatSpeed,VerticalAttackAngle,HorizontalAttackAngle
NA,NA,NA,NA,NA,NA,NA,NA,NA,NA,NA,NA,NA,NA,NA,NA,1,2025-09-11,11:10:05,NA,NA,NA,NA,Undefined,GEO_PAT,"Terelli, Lucas",119,Right,GEO_PAT,Undefined,1,Bottom,0,0,0,Undefined,NA,Undefined,Undefined,Undefined,Undefined,0,0,NA,65.03424,-0.844968,-1.038741,1624.180871,NA,NA,5.89288,1.55475,18.23716,NA,NA,NA,4.02239,1.83806,59.628,-4.655145,1.831812,0.448521,NA,NA,NA,NA,NA,NA,NA,NA,NA,NA,NA,-10.95319,21.12824,-1.71418,50,5.9548,2.43057,-96.68286,-0.29423,-10.11838,18.45131,-12.65611,GEO_PAT,NA,SpuhlerFieldMain,NA,NA,20250911-SpuhlerFieldMain-BP-2,663fdf00-8f21-11f0-a88d-dd3dcd3eeb83,84.03726,NA,NA,5.40624,NA,NA,NA,NA,NA,NA,2f62e1e7-1fce-432c-b24b-cc7c2e53f2bb,2025-09-11,15:10:05,2025-09-11T15:10:05Z,2025-09-11T15:10:05Z,NA,v3,471300,NA,NA,NA,NA,Undefined,GEO_PAT,100a4f9c-c254-46de-9f24-ffd01aca50d6,42.26742,-95.19571,9.22565,5.88998,-1.3143,-6.32805,-1.55115,1.61505,-5.05919,NA,NA,NA,NA,NA,NA,NA,NA,NA,NA,NA,NA,NA,NA,NA,NA,NA,NA,NA,NA,NA,NA,NA,NA,NA,NA,NA,NA,NA,NA,NA,NA,NA,NA,NA,NA,NA,NA,NA,NA,NA,NA,NA,NA,NA,NA,NA,NA,NA,NA,Low,Low,Low,NA,NA,NA,NA,NA,NA,NA,NA,NA,NA,NA,NA,NA,NA,NA,NA,NA,NA,NA,NA,NA,NA,NA,NA,NA,NA,NA,NA,NA,NA,NA,NA,NA,NA,NA,NA,NA,NA,NA,NA,NA,NA,NA,NA,NA,NA,NA,NA,NA,NA,NA,NA,NA,NA,NA,NA,NA
NA,NA,NA,NA,NA,NA,NA,NA,NA,NA,NA,NA,NA,NA,NA,NA,2,2025-09-11,11:10:11,NA,NA,NA,NA,Undefined,GEO_PAT,"Terelli, Lucas",119,Right,GEO_PAT,Undefined,1,Bottom,0,0,0,Undefined,Curveball,Undefined,Undefined,Undefined,Undefined,0,0,NA,56.75505,0.75785,-0.023248,2324.929737,77.601857,08:30:00,6.07472,2.85254,26.95071,-33.68305,-2.49953,-15.18017,3.69297,1.57448,53.20683,-9.398767,-4.549061,0.401915,89.07907,20.406873,-17.855154,2855.024755,101.62536,33.83354,-42.09826,285.77423,278.32237,-29.204192,3.288074,20.81139,-3.16894,-2.60289,50,5.23945,-2.77377,-86.34374,7.66825,15.13246,16.14123,-34.47826,GEO_PAT,NA,SpuhlerFieldMain,NA,NA,20250911-SpuhlerFieldMain-BP-2,6a185e40-8f21-11f0-a88d-dd3dcd3eeb83,93.78215,37.80794,NA,3.54822,NA,NA,NA,2.63,3.8944,-1.6803,2f62e1e7-1fce-432c-b24b-cc7c2e53f2bb,2025-09-11,15:10:11,2025-09-11T15:10:11Z,2025-09-11T15:10:11Z,LineDrive,v3,471300,NA,NA,NA,NA,Undefined,GEO_PAT,7a452ec9-19aa-42cc-b5c7-d18b325ea317,33.55845,-83.21338,8.07061,6.07822,0.9817,-17.23913,-2.85625,0.16094,7.56623,125.841295,2.63016,116.54531,-21.35211,4.48379,-0.84973,0.12665,-0.01336,1.5e-4,1.4e-4,3.89418,45.56376,-16.38248,0.86023,-0.16168,0.06919,-0.02455,0.00577,-5.7e-4,-1.67999,-37.55572,-4.28671,1.85467,-0.48814,0.10294,-0.02115,0.00328,-2.4e-4,NA,NA,NA,NA,NA,NA,NA,NA,NA,NA,NA,NA,NA,NA,NA,NA,NA,NA,NA,NA,NA,NA,High,High,High,High,High,NA,NA,NA,NA,NA,NA,NA,NA,NA,NA,NA,NA,NA,NA,NA,NA,NA,NA,NA,NA,NA,NA,NA,NA,NA,NA,NA,NA,NA,NA,NA,NA,NA,NA,NA,NA,NA,NA,NA,NA,NA,NA,NA,NA,NA,NA,NA,NA,NA,NA,NA,NA,NA,NA,NA
NA,NA,NA,NA,NA,NA,NA,NA,NA,NA,NA,NA,NA,NA,NA,NA,3,2025-09-11,11:10:17,NA,NA,NA,NA,Undefined,GEO_PAT,"Terelli, Lucas",119,Right,GEO_PAT,Undefined,1,Bottom,0,0,0,Undefined,NA,Undefined,Undefined,Undefined,Undefined,0,0,NA,63.68783,2.26293,1.038408,1498.449134,NA,NA,5.66166,1.36447,18.36238,NA,NA,NA,4.457,1.38935,59.52469,-5.853386,-0.967297,0.452611,87.24854,4.392334,-12.181625,2037.355746,NA,NA,NA,96.29071,79.60783,-16.144252,0.812606,7.74953,4.79,-1.20586,50,5.26207,-2.21231,-94.42474,5.9612,6.99741,14.36194,-27.84892,GEO_PAT,NA,SpuhlerFieldMain,NA,NA,20250911-SpuhlerFieldMain-BP-2,6d9ddb80-8f21-11f0-a88d-dd3dcd3eeb83,83.27769,5.80445,NA,4.16314,NA,NA,NA,2.65927,4.62137,-1.25463,2f62e1e7-1fce-432c-b24b-cc7c2e53f2bb,2025-09-11,15:10:17,2025-09-11T15:10:17Z,2025-09-11T15:10:17Z,GroundBall,v3,471300,NA,NA,NA,NA,Undefined,GEO_PAT,12e30c79-ac19-4815-9cc2-c154755b6f37,42.14418,-93.22222,7.18097,5.66359,3.62941,-13.92446,-1.36657,-1.62641,3.4987,74.049107,2.71348,123.80958,-16.47401,NA,NA,NA,NA,NA,NA,4.66934,8.99775,-18.21088,NA,NA,NA,NA,NA,NA,-1.2096,-27.68353,-4.70879,NA,NA,NA,NA,NA,NA,NA,NA,NA,NA,NA,NA,NA,NA,NA,NA,NA,NA,NA,NA,NA,NA,NA,NA,NA,NA,NA,NA,Low,Low,Low,High,Medium,NA,NA,NA,NA,NA,NA,NA,NA,NA,NA,NA,NA,NA,NA,NA,NA,NA,NA,NA,NA,NA,NA,NA,NA,NA,NA,NA,NA,NA,NA,NA,NA,NA,NA,NA,NA,NA,NA,NA,NA,NA,NA,NA,NA,NA,NA,NA,NA,NA,NA,NA,NA,NA,NA,NA
NA,NA,NA,NA,NA,NA,NA,NA,NA,NA,NA,NA,NA,NA,NA,NA,4,2025-09-11,11:10:23,NA,NA,NA,NA,Undefined,GEO_PAT,"Terelli, Lucas",119,Right,GEO_PAT,Undefined,1,Bottom,0,0,0,Undefined,Curveball,Undefined,Undefined,Undefined,Undefined,0,0,NA,57.72005,1.04697,-0.166727,2417.840106,77.367006,08:30:00,6.00283,2.873,26.58096,-33.04226,-2.45252,-14.24249,3.84348,1.59152,54.47202,-8.791378,-4.362773,0.39807,93.16306,14.17022,-10.378268,1423.664612,106.62781,21.21084,-27.02794,245.91789,234.32910999999999,-17.754498,2.351425,19.19186,-3.23008,-2.6878,50,5.13142,-2.36317,-87.40847,7.91338,14.51892,14.86502,-34.61764,GEO_PAT,NA,SpuhlerFieldMain,NA,NA,20250911-SpuhlerFieldMain-BP-2,70e16dc0-8f21-11f0-a88d-dd3dcd3eeb83,94.68799,21.67384,NA,3.24803,NA,NA,NA,2.81461,4.12269,-1.72002,2f62e1e7-1fce-432c-b24b-cc7c2e53f2bb,2025-09-11,15:10:23,2025-09-11T15:10:23Z,2025-09-11T15:10:23Z,LineDrive,v3,471300,NA,NA,NA,NA,Undefined,GEO_PAT,5da92296-9f0c-4d5a-a968-1d0a81c070bd,33.92849,-84.63116,7.43251,6.00571,1.4456,-17.30882,-2.87592,0.34947,7.25946,112.662696,2.8146,130.31424,-19.55025,3.7108,-0.5906,0.00473,0.03118,-0.00912,9.5e-4,4.12271,33.44907,-16.90636,1.06864,-0.2309,0.11694,-0.04713,0.01127,-0.00112,-1.72006,-23.86475,-6.47993,2.35954,-0.41287,-0.09305,0.0844,-0.02309,0.00237,NA,NA,NA,NA,NA,NA,NA,NA,NA,NA,NA,NA,NA,NA,NA,NA,NA,NA,NA,NA,NA,NA,High,High,High,High,High,NA,NA,NA,NA,NA,NA,NA,NA,NA,NA,NA,NA,NA,NA,NA,NA,NA,NA,NA,NA,NA,NA,NA,NA,NA,NA,NA,NA,NA,NA,NA,NA,NA,NA,NA,NA,NA,NA,NA,NA,NA,NA,NA,NA,NA,NA,NA,NA,NA,NA,NA,NA,NA,NA,NA
NA,NA,NA,NA,NA,NA,NA,NA,NA,NA,NA,NA,NA,NA,NA,NA,5,2025-09-11,11:10:28,NA,NA,NA,NA,Undefined,GEO_PAT,"Terelli, Lucas",119,Right,GEO_PAT,Undefined,1,Bottom,0,0,0,Undefined,NA,Undefined,Undefined,Undefined,Undefined,0,0,NA,64.76913,-1.554875,-1.594711,1494.037309,NA,NA,5.89251,1.54373,18.19117,NA,NA,NA,3.89779,1.70778,60.50098,-4.229521,2.051694,0.446546,NA,NA,NA,NA,NA,NA,NA,NA,NA,NA,NA,-13.96383,24.94242,-1.78581,50,6.05953,3.57805,-96.00678,-1.75953,-13.05998,14.57666,-8.84612,GEO_PAT,NA,SpuhlerFieldMain,NA,NA,20250911-SpuhlerFieldMain-BP-2,7415bdc0-8f21-11f0-a88d-dd3dcd3eeb83,84.4088,NA,NA,4.26816,NA,NA,NA,NA,NA,NA,2f62e1e7-1fce-432c-b24b-cc7c2e53f2bb,2025-09-11,15:10:28,2025-09-11T15:10:28Z,2025-09-11T15:10:28Z,NA,v3,471300,NA,NA,NA,NA,Undefined,GEO_PAT,4e86822c-5487-4414-8fbb-fd3c0dd61eaa,42.31567,-94.83289,7.28833,5.88915,-2.47193,-4.42306,-1.54001,2.52631,-6.52999,NA,NA,NA,NA,NA,NA,NA,NA,NA,NA,NA,NA,NA,NA,NA,NA,NA,NA,NA,NA,NA,NA,NA,NA,NA,NA,NA,NA,NA,NA,NA,NA,NA,NA,NA,NA,NA,NA,NA,NA,NA,NA,NA,NA,NA,NA,NA,NA,NA,NA,Low,Low,Low,NA,NA,NA,NA,NA,NA,NA,NA,NA,NA,NA,NA,NA,NA,NA,NA,NA,NA,NA,NA,NA,NA,NA,NA,NA,NA,NA,NA,NA,NA,NA,NA,NA,NA,NA,NA,NA,NA,NA,NA,NA,NA,NA,NA,NA,NA,NA,NA,NA,NA,NA,NA,NA,NA,NA,NA,NA
NA,NA,NA,NA,NA,NA,NA,NA,NA,NA,NA,NA,NA,NA,NA,NA,6,2025-09-11,11:10:34,NA,NA,NA,NA,Undefined,GEO_PAT,"Terelli, Lucas",119,Right,GEO_PAT,Undefined,1,Bottom,0,0,0,Undefined,Curveball,Undefined,Undefined,Undefined,Undefined,0,0,NA,54.86571,0.579774,-0.638485,2097.602608,88.549516,09:00:00,6.11636,2.99199,26.90394,-32.5399,0.5039,-9.62493,3.73046,1.83119,52.04831,-9.199792,-3.504841,0.413729,86.87326,20.218487,3.289436,897.380307,109.99037,32.84993,1.45353,291.57058,288.71315,-1.08505,3.220074,13.12918,0.93016,-3.00368,50,5.33496,-0.85412,-82.97236,7.06876,9.01088,12.7055,-31.53565,GEO_PAT,NA,SpuhlerFieldMain,NA,NA,20250911-SpuhlerFieldMain-BP-2,77720820-8f21-11f0-a88d-dd3dcd3eeb83,91.10413,36.52622,NA,2.8174,NA,NA,NA,3.70061,4.07128,-1.96346,2f62e1e7-1fce-432c-b24b-cc7c2e53f2bb,2025-09-11,15:10:34,2025-09-11T15:10:34Z,2025-09-11T15:10:34Z,LineDrive,v3,471300,NA,NA,NA,NA,Undefined,GEO_PAT,e4f1edbf-aeaf-46f1-850c-6ac4bdbeda22,33.60472,-80.42259,6.35275,6.11851,0.74009,-15.76783,-2.99364,0.95421,4.50544,150.944672,3.70073,119.36158,-15.74203,3.2738,-0.5593,0.03754,0.01635,-0.00573,5.9e-4,4.07116,44.03833,-16.02616,0.95362,-0.24894,0.10772,-0.03955,0.00861,-7.7e-4,-1.96343,6.85935,-4.17019,0.86184,-0.14566,0.00895,0.00463,-0.00157,1.6e-4,NA,NA,NA,NA,NA,NA,NA,NA,NA,NA,NA,NA,NA,NA,NA,NA,NA,NA,NA,NA,NA,NA,Medium,High,Medium,High,High,NA,NA,NA,NA,NA,NA,NA,NA,NA,NA,NA,NA,NA,NA,NA,NA,NA,NA,NA,NA,NA,NA,NA,NA,NA,NA,NA,NA,NA,NA,NA,NA,NA,NA,NA,NA,NA,NA,NA,NA,NA,NA,NA,NA,NA,NA,NA,NA,NA,NA,NA,NA,NA,NA,NA
NA,NA,NA,NA,NA,NA,NA,NA,NA,NA,NA,NA,NA,NA,NA,NA,7,2025-09-11,11:10:39,NA,NA,NA,NA,Undefined,GEO_PAT,"Terelli, Lucas",119,Right,GEO_PAT,Undefined,1,Bottom,0,0,0,Undefined,NA,Undefined,Undefined,Undefined,Undefined,0,0,NA,65.305,0.416756,-0.924124,1407.032629,NA,NA,5.81187,1.47779,18.23614,NA,NA,NA,4.25877,1.74604,59.97817,-5.019925,1.675526,0.446371,26.00495,-3.047916,-46.780332,1428.942164,NA,NA,NA,22.17852,17.43768,-41.233381,0.486006,-9.9339,14.3382,-1.62057,50,5.69273,2.18934,-97.08723,2.22982,-9.26601,18.42282,-18.79988,GEO_PAT,NA,SpuhlerFieldMain,NA,NA,20250911-SpuhlerFieldMain-BP-2,7ab26610-8f21-11f0-a88d-dd3dcd3eeb83,84.44201,4.5113,NA,5.32683,NA,NA,NA,4.29985,4.5113,-1.31937,2f62e1e7-1fce-432c-b24b-cc7c2e53f2bb,2025-09-11,15:10:39,2025-09-11T15:10:39Z,2025-09-11T15:10:39Z,GroundBall,v3,471300,NA,NA,NA,NA,Undefined,GEO_PAT,24ab8026-344e-47b2-8358-4596df4c49c3,42.26873,-95.60893,9.21141,5.81113,0.72126,-9.39994,-1.47472,1.44581,-4.633,147.371193,4.30064,26.05936,-1.21689,NA,NA,NA,NA,NA,NA,4.51358,-2.08874,-14.82131,NA,NA,NA,NA,NA,NA,-1.3202,-27.73193,0.7638,NA,NA,NA,NA,NA,NA,NA,NA,NA,NA,NA,NA,NA,NA,NA,NA,NA,NA,NA,NA,NA,NA,NA,NA,NA,NA,NA,NA,Low,Low,Low,High,Medium,NA,NA,NA,NA,NA,NA,NA,NA,NA,NA,NA,NA,NA,NA,NA,NA,NA,NA,NA,NA,NA,NA,NA,NA,NA,NA,NA,NA,NA,NA,NA,NA,NA,NA,NA,NA,NA,NA,NA,NA,NA,NA,NA,NA,NA,NA,NA,NA,NA,NA,NA,NA,NA,NA,NA
NA,NA,NA,NA,NA,NA,NA,NA,NA,NA,NA,NA,NA,NA,NA,NA,8,2025-09-11,11:11:02,NA,NA,NA,NA,Undefined,GEO_PAT,"Terelli, Lucas",119,Right,GEO_PAT,Undefined,1,Bottom,0,0,0,Undefined,NA,Undefined,Undefined,Undefined,Undefined,0,0,NA,64.88136,0.333232,-0.970325,1416.376776,NA,NA,5.92282,1.48682,18.25381,NA,NA,NA,4.35626,1.88388,59.36071,-4.991911,2.083211,0.449992,19.29649,42.440466,25.420481,1776.431255,NA,NA,NA,30.9748,29.41821,20.698801,1.410481,-11.59634,15.39044,-1.63794,50,5.81485,2.34673,-96.50297,2.05115,-10.63261,18.89396,-18.06268,GEO_PAT,NA,SpuhlerFieldMain,NA,NA,20250911-SpuhlerFieldMain-BP-2,8878b470-8f21-11f0-a88d-dd3dcd3eeb83,83.76238,10.16824,NA,5.52065,NA,NA,NA,3.27377,4.41909,-1.49062,2f62e1e7-1fce-432c-b24b-cc7c2e53f2bb,2025-09-11,15:11:02,2025-09-11T15:11:02Z,2025-09-11T15:11:02Z,GroundBall,v3,471300,NA,NA,NA,NA,Undefined,GEO_PAT,7e3bccc6-8e91-445e-9b6c-fbf24443021c,42.25046,-94.9736,9.44698,5.92171,0.58907,-9.03134,-1.48282,1.48607,-5.31631,184.704561,3.2738,18.85959,-0.53891,-0.47777,1.66381,-2.90002,2.86172,-1.40396,0.26665,4.41912,19.09712,-16.09307,0.6197,-0.7797,1.7481,-2.41457,1.46554,-0.32014,-1.49067,8.97193,-0.34514,0.60537,-1.46014,2.42925,-2.09417,0.86828,-0.13813,NA,NA,NA,NA,NA,NA,NA,NA,NA,NA,NA,NA,NA,NA,NA,NA,NA,NA,NA,NA,NA,NA,Low,Low,Low,High,High,NA,NA,NA,NA,NA,NA,NA,NA,NA,NA,NA,NA,NA,NA,NA,NA,NA,NA,NA,NA,NA,NA,NA,NA,NA,NA,NA,NA,NA,NA,NA,NA,NA,NA,NA,NA,NA,NA,NA,NA,NA,NA,NA,NA,NA,NA,NA,NA,NA,NA,NA,NA,NA,NA,NA
NA,NA,NA,NA,NA,NA,NA,NA,NA,NA,NA,NA,NA,NA,NA,NA,9,2025-09-11,11:11:09,NA,NA,NA,NA,Undefined,GEO_PAT,"Terelli, Lucas",119,Right,GEO_PAT,Undefined,1,Bottom,0,0,0,Undefined,Four-Seam,Undefined,Undefined,Undefined,Undefined,0,0,NA,63.35182,0.785815,0.970724,1585.981459,172.274718,11:45:00,5.86714,1.15966,18.38188,-26.87167,13.62631,-1.68713,4.18631,1.70888,58.3742,-5.764717,0.575019,0.458024,NA,NA,NA,NA,NA,NA,NA,NA,NA,NA,NA,1.75563,12.0641,-1.0241,50,5.68395,-1.68157,-94.07055,3.08462,1.54557,16.60796,-21.55351,GEO_PAT,NA,SpuhlerFieldMain,NA,NA,20250911-SpuhlerFieldMain-BP-2,8c3631a0-8f21-11f0-a88d-dd3dcd3eeb83,82.29364,NA,NA,4.97762,NA,NA,NA,NA,NA,NA,2f62e1e7-1fce-432c-b24b-cc7c2e53f2bb,2025-09-11,15:11:09,2025-09-11T15:11:09Z,2025-09-11T15:11:09Z,NA,v3,471300,NA,NA,NA,NA,Undefined,GEO_PAT,bd5beafe-fdeb-43e8-9a9e-467b5a467cab,42.11932,-92.66879,8.30398,5.86753,1.26544,-10.77676,-1.16053,-1.55112,0.77279,NA,NA,NA,NA,NA,NA,NA,NA,NA,NA,NA,NA,NA,NA,NA,NA,NA,NA,NA,NA,NA,NA,NA,NA,NA,NA,NA,NA,NA,NA,NA,NA,NA,NA,NA,NA,NA,NA,NA,NA,NA,NA,NA,NA,NA,NA,NA,NA,NA,NA,High,High,High,NA,NA,NA,NA,NA,NA,NA,NA,NA,NA,NA,NA,NA,NA,NA,NA,NA,NA,NA,NA,NA,NA,NA,NA,NA,NA,NA,NA,NA,NA,NA,NA,NA,NA,NA,NA,NA,NA,NA,NA,NA,NA,NA,NA,NA,NA,NA,NA,NA,NA,NA,NA,NA,NA,NA,NA,NA
NA,NA,NA,NA,NA,NA,NA,NA,NA,NA,NA,NA,NA,NA,NA,NA,10,2025-09-11,11:11:13,NA,NA,NA,NA,Undefined,GEO_PAT,"Terelli, Lucas",119,Right,GEO_PAT,Undefined,1,Bottom,0,0,0,Undefined,NA,Undefined,Undefined,Undefined,Undefined,0,0,NA,65.01576,2.461144,-0.292811,1533.86547,NA,NA,5.21417,1.39712,18.33357,NA,NA,NA,3.53016,2.01813,60.80126,-7.380329,2.039385,0.444116,87.31233,-4.100998,6.271158,NA,NA,NA,NA,33.43824,19.03362,1.877516,0.251355,-8.69941,-3.01032,-1.45456,50,4.77862,1.07075,-96.47459,6.81812,-8.17041,15.49606,-35.00131,GEO_PAT,NA,SpuhlerFieldMain,NA,NA,20250911-SpuhlerFieldMain-BP-2,8ef5ede0-8f21-11f0-a88d-dd3dcd3eeb83,84.87079,3.4977,NA,4.2145,NA,NA,NA,1.98837,3.4977,-1.92073,2f62e1e7-1fce-432c-b24b-cc7c2e53f2bb,2025-09-11,15:11:13,2025-09-11T15:11:13Z,2025-09-11T15:11:13Z,GroundBall,v3,471300,NA,NA,NA,NA,Undefined,GEO_PAT,f19258b4-0509-4f71-b447-051c4356fd04,42.17426,-95.2093,7.74803,5.21866,3.96018,-17.50065,-1.39436,0.40361,-4.0852,62.731162,1.98833,126.96774,-7.62815,NA,NA,NA,NA,NA,NA,3.49846,-9.19807,-18.7916,NA,NA,NA,NA,NA,NA,-1.92018,13.92396,-7.67125,NA,NA,NA,NA,NA,NA,NA,NA,NA,NA,NA,NA,NA,NA,NA,NA,NA,NA,NA,NA,NA,NA,NA,NA,NA,NA,NA,NA,Low,Low,Low,High,Medium,NA,NA,NA,NA,NA,NA,NA,NA,NA,NA,NA,NA,NA,NA,NA,NA,NA,NA,NA,NA,NA,NA,NA,NA,NA,NA,NA,NA,NA,NA,NA,NA,NA,NA,NA,NA,NA,NA,NA,NA,NA,NA,NA,NA,NA,NA,NA,NA,NA,NA,NA,NA,NA,NA,NA
NA,NA,NA,NA,NA,NA,NA,NA,NA,NA,NA,NA,NA,NA,NA,NA,11,2025-09-11,11:11:18,NA,NA,NA,NA,Undefined,GEO_PAT,"Terelli, Lucas",119,Right,GEO_PAT,Undefined,1,Bottom,0,0,0,Undefined,Other,Undefined,Undefined,Undefined,Undefined,0,0,NA,55.08299,0.701374,-0.487927,2202.804163,72.257905,08:30:00,5.90439,2.95727,26.49782,-37.5166,-3.34453,-13.42158,3.17705,1.56122,51.60672,-10.442069,-4.436532,0.420733,NA,NA,NA,NA,NA,NA,NA,NA,NA,NA,NA,17.7682,-4.21402,-2.88521,50,5.07834,-1.56368,-83.78795,7.67507,12.11572,15.61821,-35.04748,GEO_PAT,NA,SpuhlerFieldMain,NA,NA,20250911-SpuhlerFieldMain-BP-2,91e9b270-8f21-11f0-a88d-dd3dcd3eeb83,89.58745,NA,NA,3.47627,NA,NA,NA,NA,NA,NA,2f62e1e7-1fce-432c-b24b-cc7c2e53f2bb,2025-09-11,15:11:18,2025-09-11T15:11:18Z,2025-09-11T15:11:18Z,NA,v3,471300,NA,NA,NA,NA,Undefined,GEO_PAT,65690f37-1fc3-4717-8913-d29dbc623426,34.01114,-80.75262,7.8091,5.90808,0.86375,-17.52374,-2.9603,0.79095,6.05786,NA,NA,NA,NA,NA,NA,NA,NA,NA,NA,NA,NA,NA,NA,NA,NA,NA,NA,NA,NA,NA,NA,NA,NA,NA,NA,NA,NA,NA,NA,NA,NA,NA,NA,NA,NA,NA,NA,NA,NA,NA,NA,NA,NA,NA,NA,NA,NA,NA,NA,High,High,High,NA,NA,NA,NA,NA,NA,NA,NA,NA,NA,NA,NA,NA,NA,NA,NA,NA,NA,NA,NA,NA,NA,NA,NA,NA,NA,NA,NA,NA,NA,NA,NA,NA,NA,NA,NA,NA,NA,NA,NA,NA,NA,NA,NA,NA,NA,NA,NA,NA,NA,NA,NA,NA,NA,NA,NA,NA
NA,NA,NA,NA,NA,NA,NA,NA,NA,NA,NA,NA,NA,NA,NA,NA,12,2025-09-11,11:11:24,NA,NA,NA,NA,Undefined,GEO_PAT,"Terelli, Lucas",119,Right,GEO_PAT,Undefined,1,Bottom,0,0,0,Undefined,Four-Seam,Undefined,Undefined,Undefined,Undefined,0,0,NA,63.75983,0.215399,-0.22642,1471.281959,203.296437,12:45:00,5.82472,1.49905,18.25434,-25.22604,14.49402,5.81591,3.87609,1.82232,59.5014,-5.883853,1.135616,0.453604,82.54221,35.850376,14.775888,4662.401599,104.12335,66.95739,35.47201,284.69904,284.69904,26.979887,4.503682,-5.11004,12.91603,-1.54028,50,5.72565,0.70733,-94.60014,2.04585,-4.61625,14.8518,-20.5061,GEO_PAT,NA,SpuhlerFieldMain,NA,NA,20250911-SpuhlerFieldMain-BP-2,952b6ff0-8f21-11f0-a88d-dd3dcd3eeb83,83.09555,76.02654,NA,4.25842,NA,NA,NA,2.37704,4.10403,-1.78158,2f62e1e7-1fce-432c-b24b-cc7c2e53f2bb,2025-09-11,15:11:24,2025-09-11T15:11:24Z,2025-09-11T15:11:24Z,FlyBall,v3,471300,NA,NA,NA,NA,Undefined,GEO_PAT,aa71eb29-db8d-42ad-a548-09a698fad071,42.25089,-93.37564,7.4259,5.82463,0.35517,-10.25305,-1.49765,0.32673,-2.30813,215.048109,2.37633,94.90132,-20.03172,5.27778,-1.34051,0.35182,-0.07531,0.00976,-5.3e-4,4.10599,70.85286,-19.42802,0.86785,0.30011,-0.22288,0.0624,-0.00831,4.3e-4,-1.78161,25.02637,2.67622,-0.89789,0.24177,-0.0557,0.00968,-0.00107,5e-5,NA,NA,NA,NA,NA,NA,NA,NA,NA,NA,NA,NA,NA,NA,NA,NA,NA,NA,NA,NA,NA,NA,Medium,High,Medium,High,High,NA,NA,NA,NA,NA,NA,NA,NA,NA,NA,NA,NA,NA,NA,NA,NA,NA,NA,NA,NA,NA,NA,NA,NA,NA,NA,NA,NA,NA,NA,NA,NA,NA,NA,NA,NA,NA,NA,NA,NA,NA,NA,NA,NA,NA,NA,NA,NA,NA,NA,NA,NA,NA,NA,NA
NA,NA,NA,NA,NA,NA,NA,NA,NA,NA,NA,NA,NA,NA,NA,NA,13,2025-09-11,11:11:40,NA,NA,NA,NA,Undefined,GEO_PAT,"Terelli, Lucas",119,Right,GEO_PAT,Undefined,1,Bottom,0,0,0,Undefined,Other,Undefined,Undefined,Undefined,Undefined,0,0,NA,57.27778,0.044547,-1.659828,2329.987452,69.022779,08:15:00,5.9822,3.05149,26.74741,-34.04588,-3.01536,-9.95634,3.1702,1.28449,53.82002,-10.129599,-4.604903,0.400928,94.84464,6.657118,-10.546649,810.525631,NA,NA,NA,114.10634,96.85083,-12.402112,0.899264,12.85402,-3.5776,-3.36039,50,5.36768,0.71031,-87.01828,6.56064,9.50486,16.25932,-34.8195,GEO_PAT,NA,SpuhlerFieldMain,NA,NA,20250911-SpuhlerFieldMain-BP-2,9eecb0d0-8f21-11f0-a88d-dd3dcd3eeb83,94.01304,6.21656,NA,3.45776,NA,NA,NA,2.39221,3.48502,-1.43435,2f62e1e7-1fce-432c-b24b-cc7c2e53f2bb,2025-09-11,15:11:40,2025-09-11T15:11:40Z,2025-09-11T15:11:40Z,GroundBall,v3,471300,NA,NA,NA,NA,Undefined,GEO_PAT,7a43efbc-0ff8-4626-ae11-7858a6b670d3,33.7611,-83.92922,8.12966,5.98571,-0.05461,-17.40975,-3.0539,2.5161,4.75243,32.693859,2.45375,134.89924,-15.30408,NA,NA,NA,NA,NA,NA,3.57002,14.83465,-21.0068,NA,NA,NA,NA,NA,NA,-1.41846,-25.53367,-0.17424,NA,NA,NA,NA,NA,NA,NA,NA,NA,NA,NA,NA,NA,NA,NA,NA,NA,NA,NA,NA,NA,NA,NA,NA,NA,NA,NA,NA,High,High,High,Medium,Medium,NA,NA,NA,NA,NA,NA,NA,NA,NA,NA,NA,NA,NA,NA,NA,NA,NA,NA,NA,NA,NA,NA,NA,NA,NA,NA,NA,NA,NA,NA,NA,NA,NA,NA,NA,NA,NA,NA,NA,NA,NA,NA,NA,NA,NA,NA,NA,NA,NA,NA,NA,NA,NA,NA,NA
NA,NA,NA,NA,NA,NA,NA,NA,NA,NA,NA,NA,NA,NA,NA,NA,14,2025-09-11,11:11:45,NA,NA,NA,NA,Undefined,GEO_PAT,"Terelli, Lucas",119,Right,GEO_PAT,Undefined,1,Bottom,0,0,0,Undefined,NA,Undefined,Undefined,Undefined,Undefined,0,0,NA,64.69825,5.751653,0.327404,1691.087261,NA,NA,5.10866,1.39562,18.23373,NA,NA,NA,3.39295,1.89399,59.75842,-10.783061,1.071248,0.451925,84.95632,29.004143,17.084964,3977.232146,103.33795,51.8933,37.69834,296.4107,295.68712,27.857505,4.094599,-2.60421,-27.68053,-1.35602,50,4.19707,-0.38,-96.09033,13.7498,-2.37336,18.39557,-57.40066,GEO_PAT,NA,SpuhlerFieldMain,NA,NA,20250911-SpuhlerFieldMain-BP-2,a22630f0-8f21-11f0-a88d-dd3dcd3eeb83,83.40416,60.20365,NA,4.93983,NA,NA,NA,2.36004,3.80284,-1.68959,2f62e1e7-1fce-432c-b24b-cc7c2e53f2bb,2025-09-11,15:11:45,2025-09-11T15:11:45Z,2025-09-11T15:11:45Z,FlyBall,v3,471300,NA,NA,NA,NA,Undefined,GEO_PAT,d61f7b34-04db-4815-8345-e43c572941cb,42.28224,-94.60131,9.19779,5.122,9.1035,-28.70033,-1.39455,-0.57211,-1.18668,217.930519,2.35916,104.18745,-20.50557,4.9313,-1.0832,0.23271,-0.04348,0.00527,-2.8e-4,3.80386,60.39253,-17.7628,1.09086,-0.17402,0.02929,-0.00579,0.00122,-1.1e-4,-1.68951,32.01443,1.57525,-0.49541,0.0851,-0.00134,-0.00288,5.4e-4,-3e-5,NA,NA,NA,NA,NA,NA,NA,NA,NA,NA,NA,NA,NA,NA,NA,NA,NA,NA,NA,NA,NA,NA,Low,Low,Low,High,High,NA,NA,NA,NA,NA,NA,NA,NA,NA,NA,NA,NA,NA,NA,NA,NA,NA,NA,NA,NA,NA,NA,NA,NA,NA,NA,NA,NA,NA,NA,NA,NA,NA,NA,NA,NA,NA,NA,NA,NA,NA,NA,NA,NA,NA,NA,NA,NA,NA,NA,NA,NA,NA,NA,NA
NA,NA,NA,NA,NA,NA,NA,NA,NA,NA,NA,NA,NA,NA,NA,NA,15,2025-09-11,11:11:50,NA,NA,NA,NA,Undefined,GEO_PAT,"Terelli, Lucas",119,Right,GEO_PAT,Undefined,1,Bottom,0,0,0,Undefined,Four-Seam,Undefined,Undefined,Undefined,Undefined,0,0,NA,64.4372,-0.39185,0.242714,1673.900361,191.755259,12:30:00,5.86508,1.27672,18.2357,-25.34501,13.93079,2.6652,3.47356,1.6719,59.67322,-6.531996,0.865959,0.45106,NA,NA,NA,NA,NA,NA,NA,NA,NA,NA,NA,-2.23122,12.61056,-1.24861,50,5.84919,-0.25479,-95.72506,1.03492,-2.03884,16.87051,-20.65069,GEO_PAT,NA,SpuhlerFieldMain,NA,NA,20250911-SpuhlerFieldMain-BP-2,a50f4720-8f21-11f0-a88d-dd3dcd3eeb83,83.56418,NA,NA,4.76398,NA,NA,NA,NA,NA,NA,2f62e1e7-1fce-432c-b24b-cc7c2e53f2bb,2025-09-11,15:11:50,2025-09-11T15:11:50Z,2025-09-11T15:11:50Z,NA,v3,471300,NA,NA,NA,NA,Undefined,GEO_PAT,14089029-7e0c-4826-bc08-cb9627c4c316,42.26927,-94.35277,8.43525,5.86505,-0.64487,-10.32535,-1.27608,-0.42064,-1.01942,NA,NA,NA,NA,NA,NA,NA,NA,NA,NA,NA,NA,NA,NA,NA,NA,NA,NA,NA,NA,NA,NA,NA,NA,NA,NA,NA,NA,NA,NA,NA,NA,NA,NA,NA,NA,NA,NA,NA,NA,NA,NA,NA,NA,NA,NA,NA,NA,NA,NA,High,High,High,NA,NA,NA,NA,NA,NA,NA,NA,NA,NA,NA,NA,NA,NA,NA,NA,NA,NA,NA,NA,NA,NA,NA,NA,NA,NA,NA,NA,NA,NA,NA,NA,NA,NA,NA,NA,NA,NA,NA,NA,NA,NA,NA,NA,NA,NA,NA,NA,NA,NA,NA,NA,NA,NA,NA,NA,NA
NA,NA,NA,NA,NA,NA,NA,NA,NA,NA,NA,NA,NA,NA,NA,NA,16,2025-09-11,11:12:06,NA,NA,NA,NA,Undefined,GEO_PAT,"Terelli, Lucas",119,Right,GEO_PAT,Undefined,1,Bottom,0,0,0,Undefined,Four-Seam,Undefined,Undefined,Undefined,Undefined,0,0,NA,65.51922,-0.422628,0.031911,1628.23042,196.077074,12:30:00,5.87547,1.25064,18.24101,-22.86383,15.51021,4.1178,3.66881,1.61654,60.00215,-6.014989,0.994757,0.445851,NA,NA,NA,NA,NA,NA,NA,NA,NA,NA,NA,-3.54512,13.99993,-1.2529,50,5.86893,0.17489,-97.46209,0.83839,-3.31252,19.39259,-19.09266,GEO_PAT,NA,SpuhlerFieldMain,NA,NA,20250911-SpuhlerFieldMain-BP-2,ae854e30-8f21-11f0-a88d-dd3dcd3eeb83,84.54039,NA,NA,5.51707,NA,NA,NA,NA,NA,NA,2f62e1e7-1fce-432c-b24b-cc7c2e53f2bb,2025-09-11,15:12:06,2025-09-11T15:12:06Z,2025-09-11T15:12:06Z,NA,v3,471300,NA,NA,NA,NA,Undefined,GEO_PAT,de8efdbf-77e6-4472-84ab-cf86e04f8ffc,42.26311,-95.91029,9.69629,5.8749,-0.68942,-9.54633,-1.24951,-0.09019,-1.65626,NA,NA,NA,NA,NA,NA,NA,NA,NA,NA,NA,NA,NA,NA,NA,NA,NA,NA,NA,NA,NA,NA,NA,NA,NA,NA,NA,NA,NA,NA,NA,NA,NA,NA,NA,NA,NA,NA,NA,NA,NA,NA,NA,NA,NA,NA,NA,NA,NA,NA,High,High,High,NA,NA,NA,NA,NA,NA,NA,NA,NA,NA,NA,NA,NA,NA,NA,NA,NA,NA,NA,NA,NA,NA,NA,NA,NA,NA,NA,NA,NA,NA,NA,NA,NA,NA,NA,NA,NA,NA,NA,NA,NA,NA,NA,NA,NA,NA,NA,NA,NA,NA,NA,NA,NA,NA,NA,NA,NA
NA,NA,NA,NA,NA,NA,NA,NA,NA,NA,NA,NA,NA,NA,NA,NA,17,2025-09-11,11:12:12,NA,NA,NA,NA,Undefined,GEO_PAT,"Terelli, Lucas",119,Right,GEO_PAT,Undefined,1,Bottom,0,0,0,Undefined,Curveball,Undefined,Undefined,Undefined,Undefined,0,0,NA,64.99459,-0.002626,0.776403,1702.811862,141.212591,10:45:00,5.8248,1.14146,18.24809,-27.99068,11.74158,-8.238,3.49037,1.00848,58.5029,-6.852806,-1.151628,0.453673,90.53916,2.105375,11.759511,1464.426894,NA,NA,NA,69.85696,50.03105,12.085918,0.550912,7.36705,10.6506,-1.02643,50,5.75452,-1.73172,-96.88088,1.79239,6.63926,22.41303,-22.57561,GEO_PAT,NA,SpuhlerFieldMain,NA,NA,20250911-SpuhlerFieldMain-BP-2,b233fe50-8f21-11f0-a88d-dd3dcd3eeb83,83.08282,4.01074,NA,6.49169,NA,NA,NA,2.35305,3.74659,-1.36326,2f62e1e7-1fce-432c-b24b-cc7c2e53f2bb,2025-09-11,15:12:12,2025-09-11T15:12:12Z,2025-09-11T15:12:12Z,GroundBall,v3,471300,NA,NA,NA,NA,Undefined,GEO_PAT,99adadb6-d229-490d-8146-53dbcdccb983,42.25368,-95.07191,11.20652,5.82566,-0.0297,-11.28781,-1.14457,-1.19587,3.31963,304.843743,2.37136,129.46895,-17.81217,NA,NA,NA,NA,NA,NA,3.76698,4.37992,-20.42505,NA,NA,NA,NA,NA,NA,-1.37413,27.31221,3.17654,NA,NA,NA,NA,NA,NA,NA,NA,NA,NA,NA,NA,NA,NA,NA,NA,NA,NA,NA,NA,NA,NA,NA,NA,NA,NA,NA,NA,Medium,Medium,Medium,Medium,Medium,NA,NA,NA,NA,NA,NA,NA,NA,NA,NA,NA,NA,NA,NA,NA,NA,NA,NA,NA,NA,NA,NA,NA,NA,NA,NA,NA,NA,NA,NA,NA,NA,NA,NA,NA,NA,NA,NA,NA,NA,NA,NA,NA,NA,NA,NA,NA,NA,NA,NA,NA,NA,NA,NA,NA
NA,NA,NA,NA,NA,NA,NA,NA,NA,NA,NA,NA,NA,NA,NA,NA,18,2025-09-11,11:12:18,NA,NA,NA,NA,Undefined,GEO_PAT,"Terelli, Lucas",119,Right,GEO_PAT,Undefined,1,Bottom,0,0,0,Undefined,Curveball,Undefined,Undefined,Undefined,Undefined,0,0,NA,58.67281,0.59731,-2.122564,2539.340721,72.196517,08:30:00,6.06839,3.0347,26.7323,-32.02124,-2.53043,-10.10619,3.73756,0.99314,55.21213,-8.976663,-5.104024,0.390854,NA,NA,NA,NA,NA,NA,NA,NA,NA,NA,NA,12.98418,-3.24406,-3.46865,50,5.32637,1.39058,-88.95617,7.23328,10.10365,16.19385,-34.6984,GEO_PAT,NA,SpuhlerFieldMain,NA,NA,20250911-SpuhlerFieldMain-BP-2,b5703d90-8f21-11f0-a88d-dd3dcd3eeb83,96.43604,NA,NA,3.46068,NA,NA,NA,NA,NA,NA,2f62e1e7-1fce-432c-b24b-cc7c2e53f2bb,2025-09-11,15:12:18,2025-09-11T15:12:18Z,2025-09-11T15:12:18Z,NA,v3,471300,NA,NA,NA,NA,Undefined,GEO_PAT,188c481e-e80a-46a5-9075-3f818ab4de17,33.77642,-85.95205,8.09693,6.07116,0.79639,-17.3492,-3.03683,3.26491,5.05182,NA,NA,NA,NA,NA,NA,NA,NA,NA,NA,NA,NA,NA,NA,NA,NA,NA,NA,NA,NA,NA,NA,NA,NA,NA,NA,NA,NA,NA,NA,NA,NA,NA,NA,NA,NA,NA,NA,NA,NA,NA,NA,NA,NA,NA,NA,NA,NA,NA,NA,High,High,High,NA,NA,NA,NA,NA,NA,NA,NA,NA,NA,NA,NA,NA,NA,NA,NA,NA,NA,NA,NA,NA,NA,NA,NA,NA,NA,NA,NA,NA,NA,NA,NA,NA,NA,NA,NA,NA,NA,NA,NA,NA,NA,NA,NA,NA,NA,NA,NA,NA,NA,NA,NA,NA,NA,NA,NA,NA
NA,NA,NA,NA,NA,NA,NA,NA,NA,NA,NA,NA,NA,NA,NA,NA,19,2025-09-11,11:12:24,NA,NA,NA,NA,Undefined,GEO_PAT,"Terelli, Lucas",119,Right,GEO_PAT,Undefined,1,Bottom,0,0,0,Undefined,Four-Seam,Undefined,Undefined,Undefined,Undefined,0,0,NA,64.19506,0.499252,0.994243,1546.967773,173.172709,11:45:00,5.91921,1.18209,18.31348,-23.10804,16.37162,-1.82453,4.34894,1.73776,59.23038,-5.150799,0.567094,0.452229,85.8936,23.567146,10.009622,3010.700564,107.25183,40.53674,24.43299,297.8279,294.7435,19.861161,3.635058,1.90095,14.47103,-1.04363,50,5.78413,-1.75685,-95.35426,2.41537,1.72182,16.88117,-19.06663,GEO_PAT,NA,SpuhlerFieldMain,NA,NA,20250911-SpuhlerFieldMain-BP-2,b928d8c0-8f21-11f0-a88d-dd3dcd3eeb83,83.34818,45.96226,NA,4.96467,NA,NA,NA,2.40384,4.45575,-1.72521,2f62e1e7-1fce-432c-b24b-cc7c2e53f2bb,2025-09-11,15:12:24,2025-09-11T15:12:24Z,2025-09-11T15:12:24Z,LineDrive,v3,471300,NA,NA,NA,NA,Undefined,GEO_PAT,6b4bb17c-d1a3-4d10-885c-a381849d6815,42.19057,-93.96153,8.44058,5.91852,0.84234,-9.53332,-1.18271,-1.6148,0.86091,227.598988,2.4033,113.72698,-18.74435,4.20711,-0.98312,0.26189,-0.06539,0.01037,-6.8e-4,4.45639,50.35231,-16.31399,0.6243,0.06916,-0.07477,0.02476,-0.00322,1.1e-4,-1.72506,20.06863,5.422,-1.71965,0.38299,-0.05519,0.00392,1.6e-4,-4e-5,NA,NA,NA,NA,NA,NA,NA,NA,NA,NA,NA,NA,NA,NA,NA,NA,NA,NA,NA,NA,NA,NA,High,High,High,High,High,NA,NA,NA,NA,NA,NA,NA,NA,NA,NA,NA,NA,NA,NA,NA,NA,NA,NA,NA,NA,NA,NA,NA,NA,NA,NA,NA,NA,NA,NA,NA,NA,NA,NA,NA,NA,NA,NA,NA,NA,NA,NA,NA,NA,NA,NA,NA,NA,NA,NA,NA,NA,NA,NA,NA
NA,NA,NA,NA,NA,NA,NA,NA,NA,NA,NA,NA,NA,NA,NA,NA,20,2025-09-11,11:12:30,NA,NA,NA,NA,Undefined,GEO_PAT,"Terelli, Lucas",119,Right,GEO_PAT,Undefined,1,Bottom,0,0,0,Undefined,Curveball,Undefined,Undefined,Undefined,Undefined,0,0,NA,56.099,2.164358,-0.072556,2033.236057,92.273467,09:00:00,5.94115,3.14998,18.22991,-50.08908,2.30047,-16.67336,3.31141,1.70878,51.89585,-9.807423,-3.98475,0.520947,74.93158,46.333623,-1.85493,NA,109.82411,88.45675,6.21702,241.97399,241.97399,8.229488,4.935974,14.36139,1.85122,-3.13286,50,5.53385,-0.69089,-83.45599,5.85979,9.83865,14.2269,-30.90583,GEO_PAT,NA,SpuhlerFieldMain,NA,NA,20250911-SpuhlerFieldMain-BP-2,bcd1bc80-8f21-11f0-a88d-dd3dcd3eeb83,72.35365,92.36527,NA,4.20316,NA,NA,NA,3.37781,3.64034,-1.84211,2f62e1e7-1fce-432c-b24b-cc7c2e53f2bb,2025-09-11,15:12:30,2025-09-11T15:12:30Z,2025-09-11T15:12:30Z,FlyBall,v3,471300,NA,NA,NA,NA,Undefined,GEO_PAT,de50b0da-cc47-48f3-abb9-0c9a1eff73c7,42.27649,-82.12879,7.11345,5.94602,2.97665,-15.45292,-3.1545,0.22694,4.91933,204.85274,3.38105,75.76911,-15.08273,3.7595,-0.47507,-0.03503,0.02358,-0.00325,1.5e-4,3.63915,79.51671,-20.06482,1.15001,0.02636,-0.10004,0.03573,-0.00558,3.2e-4,-1.84314,-2.43199,6.04544,-1.75343,0.29018,-0.00757,-0.00746,0.00134,-7e-5,NA,NA,NA,NA,NA,NA,NA,NA,NA,NA,NA,NA,NA,NA,NA,NA,NA,NA,NA,NA,NA,NA,Medium,High,Medium,Medium,High,NA,NA,NA,NA,NA,NA,NA,NA,NA,NA,NA,NA,NA,NA,NA,NA,NA,NA,NA,NA,NA,NA,NA,NA,NA,NA,NA,NA,NA,NA,NA,NA,NA,NA,NA,NA,NA,NA,NA,NA,NA,NA,NA,NA,NA,NA,NA,NA,NA,NA,NA,NA,NA,NA,NA
NA,NA,NA,NA,NA,NA,NA,NA,NA,NA,NA,NA,NA,NA,NA,NA,21,2025-09-11,11:12:38,NA,NA,NA,NA,Undefined,GEO_PAT,"Terelli, Lucas",119,Right,GEO_PAT,Undefined,1,Bottom,0,0,0,Undefined,NA,Undefined,Undefined,Undefined,Undefined,0,0,NA,64.03675,6.157445,0.877269,1484.720048,NA,NA,5.04401,1.27518,18.39974,NA,NA,NA,3.55463,1.85939,61.73899,-10.441476,0.767661,0.444862,82.36041,22.641578,24.313949,4271.335696,97.8527,36.50569,50.2471,255.29794,247.19553,33.454935,3.265548,0.56764,-29.30561,-1.15331,50,4.01459,-1.47625,-94.47584,14.86364,0.53112,9.62604,-59.59503,GEO_PAT,NA,SpuhlerFieldMain,NA,NA,20250911-SpuhlerFieldMain-BP-2,c1c548b0-8f21-11f0-a88d-dd3dcd3eeb83,84.72842,38.65466,NA,2.29776,NA,NA,NA,1.9677,3.88254,-1.70612,2f62e1e7-1fce-432c-b24b-cc7c2e53f2bb,2025-09-11,15:12:38,2025-09-11T15:12:38Z,2025-09-11T15:12:38Z,LineDrive,v3,471300,NA,NA,NA,NA,Undefined,GEO_PAT,03aed918-6634-4638-abbb-d48860ed1137,42.11981,-93.66949,4.81302,5.05058,9.87153,-29.79751,-1.27511,-1.43176,0.26556,224.741775,1.96767,101.59715,-20.15107,4.48523,-0.77704,0.06302,0.0125,-0.00446,4.2e-4,3.88264,46.4994,-16.70593,1.05831,-0.35277,0.16888,-0.05613,0.01047,-8.1e-4,-1.70602,45.89944,-0.56075,-0.13425,0.02262,0.0157,-0.0079,0.00142,-1e-4,NA,NA,NA,NA,NA,NA,NA,NA,NA,NA,NA,NA,NA,NA,NA,NA,NA,NA,NA,NA,NA,NA,Low,Low,Low,High,High,NA,NA,NA,NA,NA,NA,NA,NA,NA,NA,NA,NA,NA,NA,NA,NA,NA,NA,NA,NA,NA,NA,NA,NA,NA,NA,NA,NA,NA,NA,NA,NA,NA,NA,NA,NA,NA,NA,NA,NA,NA,NA,NA,NA,NA,NA,NA,NA,NA,NA,NA,NA,NA,NA,NA
NA,NA,NA,NA,NA,NA,NA,NA,NA,NA,NA,NA,NA,NA,NA,NA,22,2025-09-11,11:12:46,NA,NA,NA,NA,Undefined,GEO_PAT,"Terelli, Lucas",119,Right,GEO_PAT,Undefined,1,Bottom,0,0,0,Undefined,Curveball,Undefined,Undefined,Undefined,Undefined,0,0,NA,59.13812,0.430346,-1.568702,2681.134997,73.374359,08:30:00,6.03814,3.03417,26.44847,-32.27175,-2.53583,-11.16166,3.59411,1.21004,55.26825,-9.154681,-4.837416,0.392475,NA,NA,NA,NA,NA,NA,NA,NA,NA,NA,NA,14.21973,-3.03788,-3.30143,50,5.38136,0.4552,-89.8532,6.776,11.17182,17.74185,-34.56078,GEO_PAT,NA,SpuhlerFieldMain,NA,NA,20250911-SpuhlerFieldMain-BP-2,c5f47370-8f21-11f0-a88d-dd3dcd3eeb83,96.0378,NA,NA,3.86987,NA,NA,NA,NA,NA,NA,2f62e1e7-1fce-432c-b24b-cc7c2e53f2bb,2025-09-11,15:12:46,2025-09-11T15:12:46Z,2025-09-11T15:12:46Z,NA,v3,471300,NA,NA,NA,NA,Undefined,GEO_PAT,4a3a94d7-2fc5-4b12-9dc9-3ed60ff9f2be,34.0598,-86.6486,8.87093,6.04149,0.53351,-17.28039,-3.03697,2.4731,5.58591,NA,NA,NA,NA,NA,NA,NA,NA,NA,NA,NA,NA,NA,NA,NA,NA,NA,NA,NA,NA,NA,NA,NA,NA,NA,NA,NA,NA,NA,NA,NA,NA,NA,NA,NA,NA,NA,NA,NA,NA,NA,NA,NA,NA,NA,NA,NA,NA,NA,NA,High,High,High,NA,NA,NA,NA,NA,NA,NA,NA,NA,NA,NA,NA,NA,NA,NA,NA,NA,NA,NA,NA,NA,NA,NA,NA,NA,NA,NA,NA,NA,NA,NA,NA,NA,NA,NA,NA,NA,NA,NA,NA,NA,NA,NA,NA,NA,NA,NA,NA,NA,NA,NA,NA,NA,NA,NA,NA,NA
NA,NA,NA,NA,NA,NA,NA,NA,NA,NA,NA,NA,NA,NA,NA,NA,23,2025-09-11,11:12:51,NA,NA,NA,NA,Undefined,GEO_PAT,"Terelli, Lucas",119,Right,GEO_PAT,Undefined,1,Bottom,0,0,0,Undefined,Four-Seam,Undefined,Undefined,Undefined,Undefined,0,0,NA,65.14494,-0.22965,0.111127,1649.464432,169.118557,11:45:00,5.78168,1.23789,18.27164,-26.46879,12.26383,-2.12351,3.41232,1.14011,59.75928,-6.663592,-0.386103,0.44793,17.92533,-15.673459,-2.841613,NA,NA,NA,NA,11.80399,5.92021,-11.72452,0.295805,1.88579,11.1404,-1.2192,50,5.74242,-0.30835,-96.92698,1.37367,1.74314,19.15111,-21.87638,GEO_PAT,NA,SpuhlerFieldMain,NA,NA,20250911-SpuhlerFieldMain-BP-2,c90e84b0-8f21-11f0-a88d-dd3dcd3eeb83,84.1481,2.20118,NA,5.38567,NA,NA,NA,3.72165,2.20118,-2.00969,2f62e1e7-1fce-432c-b24b-cc7c2e53f2bb,2025-09-11,15:12:51,2025-09-11T15:12:51Z,2025-09-11T15:12:51Z,GroundBall,v3,471300,NA,NA,NA,NA,Undefined,GEO_PAT,476bb140-1ec2-4faf-8f80-8ad5dc38ed44,42.23315,-95.38004,9.57555,5.78201,-0.3934,-10.93819,-1.23842,-0.16755,0.87157,180,3.66411,26.49062,NA,NA,NA,NA,NA,NA,NA,2.21735,-7.44209,NA,NA,NA,NA,NA,NA,NA,-2.00684,-1.3149,NA,NA,NA,NA,NA,NA,NA,NA,NA,NA,NA,NA,NA,NA,NA,NA,NA,NA,NA,NA,NA,NA,NA,NA,NA,NA,NA,NA,NA,High,Medium,Medium,High,Medium,NA,NA,NA,NA,NA,NA,NA,NA,NA,NA,NA,NA,NA,NA,NA,NA,NA,NA,NA,NA,NA,NA,NA,NA,NA,NA,NA,NA,NA,NA,NA,NA,NA,NA,NA,NA,NA,NA,NA,NA,NA,NA,NA,NA,NA,NA,NA,NA,NA,NA,NA,NA,NA,NA,NA
NA,NA,NA,NA,NA,NA,NA,NA,NA,NA,NA,NA,NA,NA,NA,NA,24,2025-09-11,11:13:10,NA,NA,NA,NA,Undefined,GEO_PAT,"Terelli, Lucas",119,Right,GEO_PAT,Undefined,1,Bottom,0,0,0,Undefined,NA,Undefined,Undefined,Undefined,Undefined,0,0,NA,64.91008,2.212657,0.513782,1783.247308,NA,NA,5.54273,1.38531,18.20728,NA,NA,NA,4.49779,1.56249,59.03994,-5.425613,-0.016842,0.451803,NA,NA,NA,NA,NA,NA,NA,NA,NA,NA,NA,2.08339,6.61099,-1.31448,50,5.17214,-0.97182,-96.42115,5.69463,1.8994,19.40017,-26.14685,GEO_PAT,NA,SpuhlerFieldMain,NA,NA,20250911-SpuhlerFieldMain-BP-2,d4c66570-8f21-11f0-a88d-dd3dcd3eeb83,83.42668,NA,NA,5.87015,NA,NA,NA,NA,NA,NA,2f62e1e7-1fce-432c-b24b-cc7c2e53f2bb,2025-09-11,15:13:10,2025-09-11T15:13:10Z,2025-09-11T15:13:10Z,NA,v3,471300,NA,NA,NA,NA,Undefined,GEO_PAT,72f37715-8d74-4de6-86f4-0beb846770cd,42.29212,-94.85763,9.70009,5.54617,3.58737,-13.07343,-1.38663,-0.81874,0.9497,NA,NA,NA,NA,NA,NA,NA,NA,NA,NA,NA,NA,NA,NA,NA,NA,NA,NA,NA,NA,NA,NA,NA,NA,NA,NA,NA,NA,NA,NA,NA,NA,NA,NA,NA,NA,NA,NA,NA,NA,NA,NA,NA,NA,NA,NA,NA,NA,NA,NA,Low,Low,Low,NA,NA,NA,NA,NA,NA,NA,NA,NA,NA,NA,NA,NA,NA,NA,NA,NA,NA,NA,NA,NA,NA,NA,NA,NA,NA,NA,NA,NA,NA,NA,NA,NA,NA,NA,NA,NA,NA,NA,NA,NA,NA,NA,NA,NA,NA,NA,NA,NA,NA,NA,NA,NA,NA,NA,NA,NA
NA,NA,NA,NA,NA,NA,NA,NA,NA,NA,NA,NA,NA,NA,NA,NA,25,2025-09-11,11:13:30,NA,NA,NA,NA,Undefined,GEO_PAT,"Terelli, Lucas",119,Right,GEO_PAT,Undefined,1,Bottom,0,0,0,Undefined,NA,Undefined,Undefined,Undefined,Undefined,0,0,NA,64.11363,2.878409,0.551678,1673.355096,NA,NA,5.58079,1.30111,18.27035,NA,NA,NA,5.45483,1.75301,58.54153,-3.515069,0.716559,0.455443,NA,NA,NA,NA,NA,NA,NA,NA,NA,NA,NA,-0.39961,11.46008,-1.22699,50,5.11855,-0.88179,-95.08576,6.51952,-0.3576,17.64261,-21.91848,GEO_PAT,NA,SpuhlerFieldMain,NA,NA,20250911-SpuhlerFieldMain-BP-2,e0b16420-8f21-11f0-a88d-dd3dcd3eeb83,82.76004,NA,NA,5.5721,NA,NA,NA,NA,NA,NA,2f62e1e7-1fce-432c-b24b-cc7c2e53f2bb,2025-09-11,15:13:30,2025-09-11T15:13:30Z,2025-09-11T15:13:30Z,NA,v3,471300,NA,NA,NA,NA,Undefined,GEO_PAT,7d528f36-fbd7-4fc0-9fbc-b49c762779f2,42.22834,-93.63267,8.82131,5.58117,4.71427,-10.95924,-1.30083,-0.91124,-0.1788,NA,NA,NA,NA,NA,NA,NA,NA,NA,NA,NA,NA,NA,NA,NA,NA,NA,NA,NA,NA,NA,NA,NA,NA,NA,NA,NA,NA,NA,NA,NA,NA,NA,NA,NA,NA,NA,NA,NA,NA,NA,NA,NA,NA,NA,NA,NA,NA,NA,NA,Low,Low,Low,NA,NA,NA,NA,NA,NA,NA,NA,NA,NA,NA,NA,NA,NA,NA,NA,NA,NA,NA,NA,NA,NA,NA,NA,NA,NA,NA,NA,NA,NA,NA,NA,NA,NA,NA,NA,NA,NA,NA,NA,NA,NA,NA,NA,NA,NA,NA,NA,NA,NA,NA,NA,NA,NA,NA,NA,NA
NA,NA,NA,NA,NA,NA,NA,NA,NA,NA,NA,NA,NA,NA,NA,NA,26,2025-09-11,11:13:34,NA,NA,NA,NA,Undefined,GEO_PAT,"Terelli, Lucas",119,Right,GEO_PAT,Undefined,1,Bottom,0,0,0,Undefined,NA,Undefined,Undefined,Undefined,Undefined,0,0,NA,64.21524,2.316276,0.786287,1618.710886,NA,NA,5.7806,1.33725,18.25371,NA,NA,NA,5.28563,1.50179,59.42844,-3.94088,-0.323448,0.4518,NA,NA,NA,NA,NA,NA,NA,NA,NA,NA,NA,4.23571,11.52284,-1.22559,50,5.39607,-1.54818,-95.14827,5.58,3.85763,15.49051,-21.6798,GEO_PAT,NA,SpuhlerFieldMain,NA,NA,20250911-SpuhlerFieldMain-BP-2,e3392070-8f21-11f0-a88d-dd3dcd3eeb83,83.4272,NA,NA,4.7868,NA,NA,NA,NA,NA,NA,2f62e1e7-1fce-432c-b24b-cc7c2e53f2bb,2025-09-11,15:13:34,2025-09-11T15:13:34Z,2025-09-11T15:13:34Z,NA,v3,471300,NA,NA,NA,NA,Undefined,GEO_PAT,edab234a-a65c-4709-8a3a-d9f57d0114c5,42.24736,-93.87762,7.74526,5.78084,3.80167,-10.8399,-1.3396,-1.23175,1.92881,NA,NA,NA,NA,NA,NA,NA,NA,NA,NA,NA,NA,NA,NA,NA,NA,NA,NA,NA,NA,NA,NA,NA,NA,NA,NA,NA,NA,NA,NA,NA,NA,NA,NA,NA,NA,NA,NA,NA,NA,NA,NA,NA,NA,NA,NA,NA,NA,NA,NA,Low,Low,Low,NA,NA,NA,NA,NA,NA,NA,NA,NA,NA,NA,NA,NA,NA,NA,NA,NA,NA,NA,NA,NA,NA,NA,NA,NA,NA,NA,NA,NA,NA,NA,NA,NA,NA,NA,NA,NA,NA,NA,NA,NA,NA,NA,NA,NA,NA,NA,NA,NA,NA,NA,NA,NA,NA,NA,NA,NA
NA,NA,NA,NA,NA,NA,NA,NA,NA,NA,NA,NA,NA,NA,NA,NA,27,2025-09-11,11:13:39,NA,NA,NA,NA,Undefined,GEO_PAT,"Terelli, Lucas",119,Right,GEO_PAT,Undefined,1,Bottom,0,0,0,Undefined,NA,Undefined,Undefined,Undefined,Undefined,0,0,NA,65.0012,3.64356,-0.134764,1684.385974,NA,NA,5.19163,1.43374,18.28115,NA,NA,NA,3.39793,1.70116,60.16236,-8.893952,0.88657,0.447744,NA,NA,NA,NA,NA,NA,NA,NA,NA,NA,NA,-3.82374,-12.96898,-1.45942,50,4.58035,0.47415,-96.58008,9.41632,-3.54038,17.8097,-44.18189,GEO_PAT,NA,SpuhlerFieldMain,NA,NA,20250911-SpuhlerFieldMain-BP-2,e5ca0480-8f21-11f0-a88d-dd3dcd3eeb83,84.18296,NA,NA,4.83884,NA,NA,NA,NA,NA,NA,2f62e1e7-1fce-432c-b24b-cc7c2e53f2bb,2025-09-11,15:13:39,2025-09-11T15:13:39Z,2025-09-11T15:13:39Z,NA,v3,471300,NA,NA,NA,NA,Undefined,GEO_PAT,f2a6be06-9406-4ef3-b643-6b86e0c8f11a,42.22842,-95.13618,8.90485,5.19857,5.83432,-22.09095,-1.43261,0.18712,-1.77019,NA,NA,NA,NA,NA,NA,NA,NA,NA,NA,NA,NA,NA,NA,NA,NA,NA,NA,NA,NA,NA,NA,NA,NA,NA,NA,NA,NA,NA,NA,NA,NA,NA,NA,NA,NA,NA,NA,NA,NA,NA,NA,NA,NA,NA,NA,NA,NA,NA,NA,Low,Low,Low,NA,NA,NA,NA,NA,NA,NA,NA,NA,NA,NA,NA,NA,NA,NA,NA,NA,NA,NA,NA,NA,NA,NA,NA,NA,NA,NA,NA,NA,NA,NA,NA,NA,NA,NA,NA,NA,NA,NA,NA,NA,NA,NA,NA,NA,NA,NA,NA,NA,NA,NA,NA,NA,NA,NA,NA,NA
NA,NA,NA,NA,NA,NA,NA,NA,NA,NA,NA,NA,NA,NA,NA,NA,28,2025-09-11,11:13:46,NA,NA,NA,NA,Undefined,GEO_PAT,"Terelli, Lucas",119,Right,GEO_PAT,Undefined,1,Bottom,0,0,0,Undefined,Four-Seam,Undefined,Undefined,Undefined,Undefined,0,0,NA,66.14641,0.467727,0.188614,1543.03984,165.432794,11:30:00,5.88032,1.18974,18.20234,-24.4493,13.10355,-3.11276,4.17669,1.06496,60.77688,-5.479648,-0.538698,0.441055,95.31218,19.949607,20.547191,1370.253766,103.14941,36.95165,38.2121,336.21122,334.57285,22.78833,3.751165,2.7554,11.56611,-1.15929,50,5.75226,-0.50038,-98.33734,2.45632,2.63644,18.91678,-21.10726,GEO_PAT,NA,SpuhlerFieldMain,NA,NA,20250911-SpuhlerFieldMain-BP-2,ea28cac0-8f21-11f0-a88d-dd3dcd3eeb83,85.45972,46.31723,NA,5.36952,NA,NA,NA,3.50957,4.37514,-1.15123,2f62e1e7-1fce-432c-b24b-cc7c2e53f2bb,2025-09-11,15:13:46,2025-09-11T15:13:46Z,2025-09-11T15:13:46Z,LineDrive,v3,471300,NA,NA,NA,NA,Undefined,GEO_PAT,e6ccf507-f19d-4466-ac80-f2d369688193,42.30237,-96.84525,9.45839,5.88035,0.79146,-10.55363,-1.19056,-0.29243,1.31822,196.327882,3.50973,123.0371,-21.54847,5.03038,-1.01656,0.18692,-0.02933,0.00306,-1.3e-4,4.37467,47.71191,-13.96821,0.24075,-0.05226,0.05027,-0.02147,0.0047,-4e-4,-1.15141,46.1249,-5.01997,0.89903,-0.16535,0.03777,-0.00808,0.00101,-5e-5,NA,NA,NA,NA,NA,NA,NA,NA,NA,NA,NA,NA,NA,NA,NA,NA,NA,NA,NA,NA,NA,NA,High,High,High,High,High,NA,NA,NA,NA,NA,NA,NA,NA,NA,NA,NA,NA,NA,NA,NA,NA,NA,NA,NA,NA,NA,NA,NA,NA,NA,NA,NA,NA,NA,NA,NA,NA,NA,NA,NA,NA,NA,NA,NA,NA,NA,NA,NA,NA,NA,NA,NA,NA,NA,NA,NA,NA,NA,NA,NA
NA,NA,NA,NA,NA,NA,NA,NA,NA,NA,NA,NA,NA,NA,NA,NA,29,2025-09-11,11:13:52,NA,NA,NA,NA,Undefined,GEO_PAT,"Terelli, Lucas",119,Right,GEO_PAT,Undefined,1,Bottom,0,0,0,Undefined,Curveball,Undefined,Undefined,Undefined,Undefined,0,0,NA,55.123,0.745089,-1.791904,2054.232017,84.845314,08:45:00,6.06655,3.10385,27.08875,-32.83002,-0.1463,-10.57241,3.74713,1.22157,51.88904,-9.193888,-4.947844,0.411469,NA,NA,NA,NA,NA,NA,NA,NA,NA,NA,NA,14.07898,-0.04268,-3.43362,50,5.21888,0.64929,-83.68267,7.46216,9.67776,14.51313,-32.20339,GEO_PAT,NA,SpuhlerFieldMain,NA,NA,20250911-SpuhlerFieldMain-BP-2,ed7bed60-8f21-11f0-a88d-dd3dcd3eeb83,91.60454,NA,NA,3.23396,NA,NA,NA,NA,NA,NA,2f62e1e7-1fce-432c-b24b-cc7c2e53f2bb,2025-09-11,15:13:52,2025-09-11T15:13:52Z,2025-09-11T15:13:52Z,NA,v3,471300,NA,NA,NA,NA,Undefined,GEO_PAT,6711abf9-ffca-47f4-83be-6b761efec84d,33.41974,-80.75597,7.25656,6.0689,0.96806,-16.10169,-3.1059,2.6009,4.83888,NA,NA,NA,NA,NA,NA,NA,NA,NA,NA,NA,NA,NA,NA,NA,NA,NA,NA,NA,NA,NA,NA,NA,NA,NA,NA,NA,NA,NA,NA,NA,NA,NA,NA,NA,NA,NA,NA,NA,NA,NA,NA,NA,NA,NA,NA,NA,NA,NA,NA,High,High,High,NA,NA,NA,NA,NA,NA,NA,NA,NA,NA,NA,NA,NA,NA,NA,NA,NA,NA,NA,NA,NA,NA,NA,NA,NA,NA,NA,NA,NA,NA,NA,NA,NA,NA,NA,NA,NA,NA,NA,NA,NA,NA,NA,NA,NA,NA,NA,NA,NA,NA,NA,NA,NA,NA,NA,NA,NA
NA,NA,NA,NA,NA,NA,NA,NA,NA,NA,NA,NA,NA,NA,NA,NA,30,2025-09-11,11:14:02,NA,NA,NA,NA,Undefined,GEO_PAT,"Terelli, Lucas",119,Right,GEO_PAT,Undefined,1,Bottom,0,0,0,Undefined,Curveball,Undefined,Undefined,Undefined,Undefined,0,0,NA,63.71,3.186902,1.192793,1835.893313,83.977238,08:45:00,5.44696,1.07288,18.25152,-40.32034,0.02591,-10.82028,4.36146,1.02156,58.73543,-6.479473,-1.337969,0.457165,NA,NA,NA,NA,NA,NA,NA,NA,NA,NA,NA,9.74004,-0.58012,-0.89389,50,4.92106,-2.56322,-94.57311,7.7706,8.65932,16.89447,-32.6898,GEO_PAT,NA,SpuhlerFieldMain,NA,NA,20250911-SpuhlerFieldMain-BP-2,f3daa250-8f21-11f0-a88d-dd3dcd3eeb83,82.44822,NA,NA,4.97457,NA,NA,NA,NA,NA,NA,2f62e1e7-1fce-432c-b24b-cc7c2e53f2bb,2025-09-11,15:14:02,2025-09-11T15:14:02Z,2025-09-11T15:14:02Z,NA,v3,471300,NA,NA,NA,NA,Undefined,GEO_PAT,1d245fec-8573-47b7-8a59-c680be033b57,42.25509,-93.1793,8.44723,5.45089,5.07365,-16.3449,-1.07589,-1.84882,4.32966,NA,NA,NA,NA,NA,NA,NA,NA,NA,NA,NA,NA,NA,NA,NA,NA,NA,NA,NA,NA,NA,NA,NA,NA,NA,NA,NA,NA,NA,NA,NA,NA,NA,NA,NA,NA,NA,NA,NA,NA,NA,NA,NA,NA,NA,NA,NA,NA,NA,NA,Medium,Medium,Medium,NA,NA,NA,NA,NA,NA,NA,NA,NA,NA,NA,NA,NA,NA,NA,NA,NA,NA,NA,NA,NA,NA,NA,NA,NA,NA,NA,NA,NA,NA,NA,NA,NA,NA,NA,NA,NA,NA,NA,NA,NA,NA,NA,NA,NA,NA,NA,NA,NA,NA,NA,NA,NA,NA,NA,NA,NA
NA,NA,NA,NA,NA,NA,NA,NA,NA,NA,NA,NA,NA,NA,NA,NA,31,2025-09-11,11:14:12,NA,NA,NA,NA,Undefined,GEO_PAT,"Terelli, Lucas",119,Right,GEO_PAT,Undefined,1,Bottom,0,0,0,Undefined,Curveball,Undefined,Undefined,Undefined,Undefined,0,0,NA,58.67381,0.545556,-2.070919,2731.72278,79.50642,08:45:00,6.08924,3.05054,26.52184,-31.30852,-1.19063,-10.82363,3.79054,0.9708,54.76049,-8.78589,-5.244129,0.394988,97.61362,10.208035,13.35895,1828.409916,106.62458,14.63159,27.03997,222.94306,214.57619,16.480082,1.921001,13.64131,-1.31614,-3.46263,50,5.40616,1.27488,-89.15737,6.78605,10.53674,17.6335,-33.19066,GEO_PAT,NA,SpuhlerFieldMain,NA,NA,20250911-SpuhlerFieldMain-BP-2,f9b707e0-8f21-11f0-a88d-dd3dcd3eeb83,95.42687,14.62975,NA,3.91332,NA,NA,NA,2.73515,3.98532,-1.10069,2f62e1e7-1fce-432c-b24b-cc7c2e53f2bb,2025-09-11,15:14:12,2025-09-11T15:14:12Z,2025-09-11T15:14:12Z,LineDrive,v3,471300,NA,NA,NA,NA,Undefined,GEO_PAT,f5a52014-859c-4350-ae4c-2f302ea5263a,33.98614,-85.93181,8.81675,6.09219,0.71473,-16.59533,-3.05314,3.20229,5.26837,239.392737,2.73515,137.08804,-18.72484,3.33557,-0.67486,0.11828,-0.01875,0.00228,-1.4e-4,3.98532,25.37209,-15.91693,1.07028,-0.17002,0.03731,-0.00643,0.00114,-1.2e-4,-1.10069,32.55435,1.70996,-1.05583,0.32301,-0.07281,0.01146,-8.9e-4,-1e-5,NA,NA,NA,NA,NA,NA,NA,NA,NA,NA,NA,NA,NA,NA,NA,NA,NA,NA,NA,NA,NA,NA,High,High,High,High,High,NA,NA,NA,NA,NA,NA,NA,NA,NA,NA,NA,NA,NA,NA,NA,NA,NA,NA,NA,NA,NA,NA,NA,NA,NA,NA,NA,NA,NA,NA,NA,NA,NA,NA,NA,NA,NA,NA,NA,NA,NA,NA,NA,NA,NA,NA,NA,NA,NA,NA,NA,NA,NA,NA,NA
NA,NA,NA,NA,NA,NA,NA,NA,NA,NA,NA,NA,NA,NA,NA,NA,32,2025-09-11,11:14:19,NA,NA,NA,NA,Undefined,GEO_PAT,"Terelli, Lucas",119,Right,GEO_PAT,Undefined,1,Bottom,0,0,0,Undefined,Four-Seam,Undefined,Undefined,Undefined,Undefined,0,0,NA,64.02042,1.314872,0.099709,1540.474954,172.76138,11:45:00,5.84274,1.24718,18.27995,-24.81068,14.89111,-1.75059,4.71197,1.17232,59.11915,-4.730668,-0.309785,0.453499,NA,NA,NA,NA,NA,NA,NA,NA,NA,NA,NA,1.54539,12.90863,-1.23071,50,5.59474,-0.26321,-95.06639,3.85329,1.39424,16.4995,-20.52795,GEO_PAT,NA,SpuhlerFieldMain,NA,NA,20250911-SpuhlerFieldMain-BP-2,fd832b10-8f21-11f0-a88d-dd3dcd3eeb83,83.11469,NA,NA,4.90128,NA,NA,NA,NA,NA,NA,2f62e1e7-1fce-432c-b24b-cc7c2e53f2bb,2025-09-11,15:14:19,2025-09-11T15:14:19Z,2025-09-11T15:14:19Z,NA,v3,471300,NA,NA,NA,NA,Undefined,GEO_PAT,fab2d0f9-ff60-4ab5-9add-53ef662598c9,42.22442,-93.70716,8.24975,5.84252,2.1622,-10.26397,-1.24766,-0.14835,0.69712,NA,NA,NA,NA,NA,NA,NA,NA,NA,NA,NA,NA,NA,NA,NA,NA,NA,NA,NA,NA,NA,NA,NA,NA,NA,NA,NA,NA,NA,NA,NA,NA,NA,NA,NA,NA,NA,NA,NA,NA,NA,NA,NA,NA,NA,NA,NA,NA,NA,NA,High,Medium,Medium,NA,NA,NA,NA,NA,NA,NA,NA,NA,NA,NA,NA,NA,NA,NA,NA,NA,NA,NA,NA,NA,NA,NA,NA,NA,NA,NA,NA,NA,NA,NA,NA,NA,NA,NA,NA,NA,NA,NA,NA,NA,NA,NA,NA,NA,NA,NA,NA,NA,NA,NA,NA,NA,NA,NA,NA,NA
NA,NA,NA,NA,NA,NA,NA,NA,NA,NA,NA,NA,NA,NA,NA,NA,33,2025-09-11,11:14:27,NA,NA,NA,NA,Undefined,GEO_PAT,"Terelli, Lucas",119,Right,GEO_PAT,Undefined,1,Bottom,0,0,0,Undefined,Curveball,Undefined,Undefined,Undefined,Undefined,0,0,NA,56.50766,0.526269,-1.726816,2376.289023,81.373157,08:45:00,6.06339,3.20242,27.126830000000002,-31.61309,-0.52988,-8.75367,3.72273,1.50924,53.03619,-9.064217,-4.346293,0.401268,NA,NA,NA,NA,NA,NA,NA,NA,NA,NA,NA,11.52957,-0.44406,-3.54813,50,5.30331,0.92468,-85.85015,7.07224,8.31701,15.58404,-32.49438,GEO_PAT,NA,SpuhlerFieldMain,NA,NA,20250911-SpuhlerFieldMain-BP-2,0229cfc0-8f22-11f0-a88d-dd3dcd3eeb83,93.93338,NA,NA,3.47147,NA,NA,NA,NA,NA,NA,2f62e1e7-1fce-432c-b24b-cc7c2e53f2bb,2025-09-11,15:14:27,2025-09-11T15:14:27Z,2025-09-11T15:14:27Z,NA,v3,471300,NA,NA,NA,NA,Undefined,GEO_PAT,96fce35c-7f81-4f78-aa71-5023e67dc493,33.38127,-82.77847,7.79202,6.06607,0.66745,-16.24719,-3.20431,2.564,4.1585,NA,NA,NA,NA,NA,NA,NA,NA,NA,NA,NA,NA,NA,NA,NA,NA,NA,NA,NA,NA,NA,NA,NA,NA,NA,NA,NA,NA,NA,NA,NA,NA,NA,NA,NA,NA,NA,NA,NA,NA,NA,NA,NA,NA,NA,NA,NA,NA,NA,NA,High,High,High,NA,NA,NA,NA,NA,NA,NA,NA,NA,NA,NA,NA,NA,NA,NA,NA,NA,NA,NA,NA,NA,NA,NA,NA,NA,NA,NA,NA,NA,NA,NA,NA,NA,NA,NA,NA,NA,NA,NA,NA,NA,NA,NA,NA,NA,NA,NA,NA,NA,NA,NA,NA,NA,NA,NA,NA,NA
NA,NA,NA,NA,NA,NA,NA,NA,NA,NA,NA,NA,NA,NA,NA,NA,34,2025-09-11,11:14:34,NA,NA,NA,NA,Undefined,GEO_PAT,"Terelli, Lucas",119,Right,GEO_PAT,Undefined,1,Bottom,0,0,0,Undefined,NA,Undefined,Undefined,Undefined,Undefined,0,0,NA,66.35295,-0.822226,-1.198111,1563.255942,NA,NA,5.9266,1.52191,18.19121,NA,NA,NA,4.02068,1.87324,60.84693,-4.760296,2.180995,0.440107,89.99963,0.022707,22.954577,1617.442564,NA,NA,NA,57.32697,41.93745,21.660918,0.434938,-12.87489,19.29139,-1.70496,50,5.98557,2.87091,-98.64176,-0.24719,-12.37981,19.21389,-13.62445,GEO_PAT,NA,SpuhlerFieldMain,NA,NA,20250911-SpuhlerFieldMain-BP-2,066afbe0-8f22-11f0-a88d-dd3dcd3eeb83,85.64385,4.23553,NA,5.50602,NA,NA,NA,3.07357,4.23553,-1.37708,2f62e1e7-1fce-432c-b24b-cc7c2e53f2bb,2025-09-11,15:14:34,2025-09-11T15:14:34Z,2025-09-11T15:14:34Z,GroundBall,v3,471300,NA,NA,NA,NA,Undefined,GEO_PAT,2b3d6d61-f6fc-4750-bfc6-d0133a684b4c,42.31374,-97.13306,9.60695,5.92416,-1.31699,-6.81222,-1.5177,1.89883,-6.18991,315.541,3.07693,121.44385,-13.85976,NA,NA,NA,NA,NA,NA,4.24367,-0.19726,-22.02109,NA,NA,NA,NA,NA,NA,-1.38021,51.57607,0.58658,NA,NA,NA,NA,NA,NA,NA,NA,NA,NA,NA,NA,NA,NA,NA,NA,NA,NA,NA,NA,NA,NA,NA,NA,NA,NA,NA,NA,Low,Low,Low,Medium,Medium,NA,NA,NA,NA,NA,NA,NA,NA,NA,NA,NA,NA,NA,NA,NA,NA,NA,NA,NA,NA,NA,NA,NA,NA,NA,NA,NA,NA,NA,NA,NA,NA,NA,NA,NA,NA,NA,NA,NA,NA,NA,NA,NA,NA,NA,NA,NA,NA,NA,NA,NA,NA,NA,NA,NA
NA,NA,NA,NA,NA,NA,NA,NA,NA,NA,NA,NA,NA,NA,NA,NA,35,2025-09-11,11:14:40,NA,NA,NA,NA,Undefined,GEO_PAT,"Terelli, Lucas",119,Right,GEO_PAT,Undefined,1,Bottom,0,0,0,Undefined,Curveball,Undefined,Undefined,Undefined,Undefined,0,0,NA,58.57665,0.934045,-2.321741,2457.201588,87.120988,09:00:00,6.14465,3.01247,27.47475,-28.11895,0.31323,-8.7706,4.31732,0.99965,54.61801,-7.721591,-4.967711,0.383775,NA,NA,NA,NA,NA,NA,NA,NA,NA,NA,NA,11.49166,0.55205,-3.53712,50,5.29495,1.83257,-89.17291,7.47182,8.88076,17.62219,-31.74742,GEO_PAT,NA,SpuhlerFieldMain,NA,NA,20250911-SpuhlerFieldMain-BP-2,09e814b0-8f22-11f0-a88d-dd3dcd3eeb83,98.21497,NA,NA,3.95864,NA,NA,NA,NA,NA,NA,2f62e1e7-1fce-432c-b24b-cc7c2e53f2bb,2025-09-11,15:14:40,2025-09-11T15:14:40Z,2025-09-11T15:14:40Z,NA,v3,471300,NA,NA,NA,NA,Undefined,GEO_PAT,05a8f6de-32c7-40c8-a1b5-2ceb996fb2b8,33.03292,-85.75437,8.8111,6.14704,1.31313,-15.87371,-3.01452,3.55535,4.44038,NA,NA,NA,NA,NA,NA,NA,NA,NA,NA,NA,NA,NA,NA,NA,NA,NA,NA,NA,NA,NA,NA,NA,NA,NA,NA,NA,NA,NA,NA,NA,NA,NA,NA,NA,NA,NA,NA,NA,NA,NA,NA,NA,NA,NA,NA,NA,NA,NA,NA,High,High,High,NA,NA,NA,NA,NA,NA,NA,NA,NA,NA,NA,NA,NA,NA,NA,NA,NA,NA,NA,NA,NA,NA,NA,NA,NA,NA,NA,NA,NA,NA,NA,NA,NA,NA,NA,NA,NA,NA,NA,NA,NA,NA,NA,NA,NA,NA,NA,NA,NA,NA,NA,NA,NA,NA,NA,NA,NA
NA,NA,NA,NA,NA,NA,NA,NA,NA,NA,NA,NA,NA,NA,NA,NA,36,2025-09-11,11:14:55,NA,NA,NA,NA,Undefined,GEO_PAT,"Terelli, Lucas",119,Right,GEO_PAT,Undefined,1,Bottom,0,0,0,Undefined,Four-Seam,Undefined,Undefined,Undefined,Undefined,0,0,NA,66.14926,0.438179,-0.430085,1643.609924,172.231309,11:45:00,5.74494,1.29796,18.2007,-26.8697,10.98481,-1.33075,3.81855,0.8801,60.36568,-6.092969,-0.741058,0.442823,NA,NA,NA,NA,NA,NA,NA,NA,NA,NA,NA,0.95335,9.81477,-1.35452,50,5.61911,0.67291,-98.30827,2.51279,0.90512,19.92026,-22.85588,GEO_PAT,NA,SpuhlerFieldMain,NA,NA,20250911-SpuhlerFieldMain-BP-2,12ea7260-8f22-11f0-a88d-dd3dcd3eeb83,85.1185,NA,NA,5.78358,NA,NA,NA,NA,NA,NA,2f62e1e7-1fce-432c-b24b-cc7c2e53f2bb,2025-09-11,15:14:55,2025-09-11T15:14:55Z,2025-09-11T15:14:55Z,NA,v3,471300,NA,NA,NA,NA,Undefined,GEO_PAT,daf70bd6-fb30-4f47-a1ee-3fd0c8d20f1f,42.29854,-96.73513,9.96013,5.74628,0.70782,-11.42794,-1.29856,0.74439,0.45256,NA,NA,NA,NA,NA,NA,NA,NA,NA,NA,NA,NA,NA,NA,NA,NA,NA,NA,NA,NA,NA,NA,NA,NA,NA,NA,NA,NA,NA,NA,NA,NA,NA,NA,NA,NA,NA,NA,NA,NA,NA,NA,NA,NA,NA,NA,NA,NA,NA,NA,High,High,High,NA,NA,NA,NA,NA,NA,NA,NA,NA,NA,NA,NA,NA,NA,NA,NA,NA,NA,NA,NA,NA,NA,NA,NA,NA,NA,NA,NA,NA,NA,NA,NA,NA,NA,NA,NA,NA,NA,NA,NA,NA,NA,NA,NA,NA,NA,NA,NA,NA,NA,NA,NA,NA,NA,NA,NA,NA
NA,NA,NA,NA,NA,NA,NA,NA,NA,NA,NA,NA,NA,NA,NA,NA,37,2025-09-11,11:14:59,NA,NA,NA,NA,Undefined,GEO_PAT,"Terelli, Lucas",119,Right,GEO_PAT,Undefined,1,Bottom,0,0,0,Undefined,NA,Undefined,Undefined,Undefined,Undefined,0,0,NA,64.43063,1.597233,-0.143381,1724.927092,NA,NA,5.60672,1.40287,18.21993,NA,NA,NA,4.52825,1.92691,59.00176,-4.887026,1.611389,0.45331,22.10001,26.117753,19.85412,1420.887381,NA,NA,NA,35.12377,26.70759,16.060296,1.169957,-6.49776,11.1469,-1.43325,50,5.32111,0.64197,-95.76396,4.41807,-5.88086,18.28724,-22.08547,GEO_PAT,NA,SpuhlerFieldMain,NA,NA,20250911-SpuhlerFieldMain-BP-2,15538320-8f22-11f0-a88d-dd3dcd3eeb83,83.14931,7.84095,NA,5.42887,NA,NA,NA,2.8267,4.61387,-1.64994,2f62e1e7-1fce-432c-b24b-cc7c2e53f2bb,2025-09-11,15:14:59,2025-09-11T15:14:59Z,2025-09-11T15:14:59Z,GroundBall,v3,471300,NA,NA,NA,NA,Undefined,GEO_PAT,b1d5d57a-5d8a-4240-bec7-9699c7a12e7a,42.28383,-94.27895,9.14362,5.60705,2.62463,-11.04273,-1.40051,0.16442,-2.94043,194.683618,2.8267,27.37381,-1.20573,0.45097,-0.00681,-0.42262,0.62324,-0.37357,0.08314,4.61387,14.26913,-15.90531,0.37898,-0.34895,0.6835,-0.69014,0.3367,-0.06589,-1.64994,9.88438,-0.22086,0.08535,-0.00331,-0.0725,0.1092,-0.06606,0.01477,NA,NA,NA,NA,NA,NA,NA,NA,NA,NA,NA,NA,NA,NA,NA,NA,NA,NA,NA,NA,NA,NA,Low,Low,Low,High,Medium,NA,NA,NA,NA,NA,NA,NA,NA,NA,NA,NA,NA,NA,NA,NA,NA,NA,NA,NA,NA,NA,NA,NA,NA,NA,NA,NA,NA,NA,NA,NA,NA,NA,NA,NA,NA,NA,NA,NA,NA,NA,NA,NA,NA,NA,NA,NA,NA,NA,NA,NA,NA,NA,NA,NA
NA,NA,NA,NA,NA,NA,NA,NA,NA,NA,NA,NA,NA,NA,NA,NA,38,2025-09-11,11:15:04,NA,NA,NA,NA,Undefined,GEO_PAT,"Terelli, Lucas",119,Right,GEO_PAT,Undefined,1,Bottom,0,0,0,Undefined,Four-Seam,Undefined,Undefined,Undefined,Undefined,0,0,NA,65.69274,0.714272,-0.327496,1637.875334,164.094861,11:30:00,5.84131,1.31986,18.26283,-24.46454,13.61284,-3.54492,4.31163,0.79106,60.17082,-5.25918,-1.156803,0.444125,78.90128,28.642112,2.235927,3155.933225,109.69929,50.23444,8.12791,280.03955,279.68227,8.142239,4.023688,2.94024,11.95217,-1.35861,50,5.6779,0.3609,-97.68969,2.87848,2.76644,19.16879,-20.92842,GEO_PAT,NA,SpuhlerFieldMain,NA,NA,20250911-SpuhlerFieldMain-BP-2,186d1f30-8f22-11f0-a88d-dd3dcd3eeb83,84.86903,56.05751,NA,5.52192,NA,NA,NA,2.2212,4.40272,-0.80736,2f62e1e7-1fce-432c-b24b-cc7c2e53f2bb,2025-09-11,15:15:04,2025-09-11T15:15:04Z,2025-09-11T15:15:04Z,LineDrive,v3,471300,NA,NA,NA,NA,Undefined,GEO_PAT,59fe678a-061e-44d2-8f8a-8162d6f3f078,42.24107,-96.15518,9.58439,5.84127,1.20309,-10.46421,-1.32085,0.58236,1.38322,202.692096,2.22095,101.49176,-16.98857,4.12013,-0.98298,0.27413,-0.06901,0.01062,-6.8e-4,4.40328,55.45285,-15.75851,0.31916,0.3009,-0.21721,0.07069,-0.01106,6.7e-4,-0.80739,3.9631,3.30346,-0.85179,0.19891,-0.05028,0.01165,-0.00173,1.1e-4,NA,NA,NA,NA,NA,NA,NA,NA,NA,NA,NA,NA,NA,NA,NA,NA,NA,NA,NA,NA,NA,NA,High,High,High,High,High,NA,NA,NA,NA,NA,NA,NA,NA,NA,NA,NA,NA,NA,NA,NA,NA,NA,NA,NA,NA,NA,NA,NA,NA,NA,NA,NA,NA,NA,NA,NA,NA,NA,NA,NA,NA,NA,NA,NA,NA,NA,NA,NA,NA,NA,NA,NA,NA,NA,NA,NA,NA,NA,NA,NA
NA,NA,NA,NA,NA,NA,NA,NA,NA,NA,NA,NA,NA,NA,NA,NA,39,2025-09-11,11:15:10,NA,NA,NA,NA,Undefined,GEO_PAT,"Terelli, Lucas",119,Right,GEO_PAT,Undefined,1,Bottom,0,0,0,Undefined,NA,Undefined,Undefined,Undefined,Undefined,0,0,NA,56.24102,3.382503,-4.390631,2353.347239,NA,NA,5.89821,3.72516,26.99009,NA,NA,NA,3.8324,1.69408,53.7147,-10.847468,-2.844842,0.402301,NA,NA,NA,NA,NA,NA,NA,NA,NA,NA,NA,-8.51123,-23.43623,-5.08506,50,4.01511,7.49265,-84.56213,14.40311,-6.14268,11.88399,-49.08833,GEO_PAT,NA,SpuhlerFieldMain,NA,NA,20250911-SpuhlerFieldMain-BP-2,1be26fd0-8f22-11f0-a88d-dd3dcd3eeb83,93.69211,NA,NA,2.52632,NA,NA,NA,NA,NA,NA,2f62e1e7-1fce-432c-b24b-cc7c2e53f2bb,2025-09-11,15:15:10,2025-09-11T15:15:10Z,2025-09-11T15:15:10Z,NA,v3,471300,NA,NA,NA,NA,Undefined,GEO_PAT,de9192c0-8d84-495e-a22e-1f3fea4ecac9,33.52284,-82.21389,5.94199,5.90281,4.70344,-24.54416,-3.72446,6.27888,-3.07134,NA,NA,NA,NA,NA,NA,NA,NA,NA,NA,NA,NA,NA,NA,NA,NA,NA,NA,NA,NA,NA,NA,NA,NA,NA,NA,NA,NA,NA,NA,NA,NA,NA,NA,NA,NA,NA,NA,NA,NA,NA,NA,NA,NA,NA,NA,NA,NA,NA,NA,Low,Low,Low,NA,NA,NA,NA,NA,NA,NA,NA,NA,NA,NA,NA,NA,NA,NA,NA,NA,NA,NA,NA,NA,NA,NA,NA,NA,NA,NA,NA,NA,NA,NA,NA,NA,NA,NA,NA,NA,NA,NA,NA,NA,NA,NA,NA,NA,NA,NA,NA,NA,NA,NA,NA,NA,NA,NA,NA,NA
NA,NA,NA,NA,NA,NA,NA,NA,NA,NA,NA,NA,NA,NA,NA,NA,40,2025-09-11,11:15:17,NA,NA,NA,NA,Undefined,GEO_PAT,"Terelli, Lucas",119,Right,GEO_PAT,Undefined,1,Bottom,0,0,0,Undefined,NA,Undefined,Undefined,Undefined,Undefined,0,0,NA,63.69838,2.026414,-0.882007,1814.040424,NA,NA,5.54885,1.51678,18.20789,NA,NA,NA,4.5636,1.81547,58.64345,-5.042975,1.717111,0.457505,NA,NA,NA,NA,NA,NA,NA,NA,NA,NA,NA,-9.85398,9.46095,-1.65235,50,5.201,2.05355,-94.58793,5.22577,-8.76416,16.88732,-23.75945,GEO_PAT,NA,SpuhlerFieldMain,NA,NA,20250911-SpuhlerFieldMain-BP-2,2062eee0-8f22-11f0-a88d-dd3dcd3eeb83,82.38693,NA,NA,5.05493,NA,NA,NA,NA,NA,NA,2f62e1e7-1fce-432c-b24b-cc7c2e53f2bb,2025-09-11,15:15:17,2025-09-11T15:15:17Z,2025-09-11T15:15:17Z,NA,v3,471300,NA,NA,NA,NA,Undefined,GEO_PAT,1da4d047-a5e9-4086-8429-f4dbad8509b2,42.29678,-93.20248,8.44366,5.54977,3.27654,-11.87972,-1.51337,1.33453,-4.38208,NA,NA,NA,NA,NA,NA,NA,NA,NA,NA,NA,NA,NA,NA,NA,NA,NA,NA,NA,NA,NA,NA,NA,NA,NA,NA,NA,NA,NA,NA,NA,NA,NA,NA,NA,NA,NA,NA,NA,NA,NA,NA,NA,NA,NA,NA,NA,NA,NA,NA,Low,Low,Low,NA,NA,NA,NA,NA,NA,NA,NA,NA,NA,NA,NA,NA,NA,NA,NA,NA,NA,NA,NA,NA,NA,NA,NA,NA,NA,NA,NA,NA,NA,NA,NA,NA,NA,NA,NA,NA,NA,NA,NA,NA,NA,NA,NA,NA,NA,NA,NA,NA,NA,NA,NA,NA,NA,NA,NA,NA
NA,NA,NA,NA,NA,NA,NA,NA,NA,NA,NA,NA,NA,NA,NA,NA,41,2025-09-11,11:15:39,NA,NA,NA,NA,Undefined,GEO_PAT,"Terelli, Lucas",119,Right,GEO_PAT,Undefined,1,Bottom,0,0,0,Undefined,Curveball,Undefined,Undefined,Undefined,Undefined,0,0,NA,59.10828,1.08473,-1.927502,2572.574474,81.318816,08:45:00,6.11188,2.95676,27.30537,-29.68293,-1.41835,-14.22757,4.24052,0.70135,55.12629,-7.986856,-6.197313,0.382642,92.38979,-82.306058,-117.525762,NA,NA,NA,NA,4.56158,4.56158,-20.376879,0.034545,19.11505,-1.93976,-3.26763,50,5.21326,0.18802,-90.07924,7.94477,15.02172,18.38449,-33.69844,GEO_PAT,NA,SpuhlerFieldMain,NA,NA,20250911-SpuhlerFieldMain-BP-2,2d4063e0-8f22-11f0-a88d-dd3dcd3eeb83,98.5057,4.65711,NA,3.98198,NA,NA,NA,4.5669,4.65711,-1.03037,2f62e1e7-1fce-432c-b24b-cc7c2e53f2bb,2025-09-11,15:15:39,2025-09-11T15:15:39Z,2025-09-11T15:15:39Z,GroundBall,v3,471300,NA,NA,NA,NA,Undefined,GEO_PAT,686acbb2-3802-4df7-a11a-90033f9b911f,33.20316,-86.58329,9.19224,6.11475,1.53677,-16.84922,-2.96029,3.04451,7.51086,NA,4.56708,-8.41711,NA,NA,NA,NA,NA,NA,NA,4.66005,-134.8139,NA,NA,NA,NA,NA,NA,NA,-1.03002,-16.15138,NA,NA,NA,NA,NA,NA,NA,NA,NA,NA,NA,NA,NA,NA,NA,NA,NA,NA,NA,NA,NA,NA,NA,NA,NA,NA,NA,NA,NA,High,High,High,Estimated,Estimated,NA,NA,NA,NA,NA,NA,NA,NA,NA,NA,NA,NA,NA,NA,NA,NA,NA,NA,NA,NA,NA,NA,NA,NA,NA,NA,NA,NA,NA,NA,NA,NA,NA,NA,NA,NA,NA,NA,NA,NA,NA,NA,NA,NA,NA,NA,NA,NA,NA,NA,NA,NA,NA,NA,NA
NA,NA,NA,NA,NA,NA,NA,NA,NA,NA,NA,NA,NA,NA,NA,NA,42,2025-09-11,11:15:44,NA,NA,NA,NA,Undefined,GEO_PAT,"Terelli, Lucas",119,Right,GEO_PAT,Undefined,1,Bottom,0,0,0,Undefined,Four-Seam,Undefined,Undefined,Undefined,Undefined,0,0,NA,65.2754,1.270818,0.093746,1553.168558,167.69539,11:30:00,5.83417,1.26396,18.19951,-26.06942,12.69335,-2.50351,4.56889,1.12224,59.65384,-5.081265,-0.490856,0.448104,NA,NA,NA,NA,NA,NA,NA,NA,NA,NA,NA,2.17587,10.92973,-1.24782,50,5.59522,-0.29272,-97.04398,3.8749,2.01697,19.13948,-22.04244,GEO_PAT,NA,SpuhlerFieldMain,NA,NA,20250911-SpuhlerFieldMain-BP-2,305c70f0-8f22-11f0-a88d-dd3dcd3eeb83,84.11537,NA,NA,5.62156,NA,NA,NA,NA,NA,NA,2f62e1e7-1fce-432c-b24b-cc7c2e53f2bb,2025-09-11,15:15:44,2025-09-11T15:15:44Z,2025-09-11T15:15:44Z,NA,v3,471300,NA,NA,NA,NA,Undefined,GEO_PAT,7f5b2295-2bce-4b81-be95-aaf73eaff9f4,42.30371,-95.51402,9.56974,5.83454,2.11289,-11.02122,-1.26478,-0.13149,1.00848,NA,NA,NA,NA,NA,NA,NA,NA,NA,NA,NA,NA,NA,NA,NA,NA,NA,NA,NA,NA,NA,NA,NA,NA,NA,NA,NA,NA,NA,NA,NA,NA,NA,NA,NA,NA,NA,NA,NA,NA,NA,NA,NA,NA,NA,NA,NA,NA,NA,NA,Medium,Medium,Medium,NA,NA,NA,NA,NA,NA,NA,NA,NA,NA,NA,NA,NA,NA,NA,NA,NA,NA,NA,NA,NA,NA,NA,NA,NA,NA,NA,NA,NA,NA,NA,NA,NA,NA,NA,NA,NA,NA,NA,NA,NA,NA,NA,NA,NA,NA,NA,NA,NA,NA,NA,NA,NA,NA,NA,NA,NA
NA,NA,NA,NA,NA,NA,NA,NA,NA,NA,NA,NA,NA,NA,NA,NA,43,2025-09-11,11:16:00,NA,NA,NA,NA,Undefined,GEO_PAT,"Terelli, Lucas",119,Right,GEO_PAT,Undefined,1,Bottom,0,0,0,Undefined,Four-Seam,Undefined,Undefined,Undefined,Undefined,0,0,NA,65.43445,0.492708,0.531956,1458.724185,160.446407,11:15:00,5.85743,1.16966,18.28593,-21.51859,16.58194,-5.49457,4.41515,1.09066,60.24907,-4.781205,-0.753679,0.44426,NA,NA,NA,NA,NA,NA,NA,NA,NA,NA,NA,4.94768,14.6315,-1.08792,50,5.72806,-1.21905,-97.2503,2.33762,4.64864,17.94318,-18.42691,GEO_PAT,NA,SpuhlerFieldMain,NA,NA,20250911-SpuhlerFieldMain-BP-2,3a1cee80-8f22-11f0-a88d-dd3dcd3eeb83,84.84325,NA,NA,5.18537,NA,NA,NA,NA,NA,NA,2f62e1e7-1fce-432c-b24b-cc7c2e53f2bb,2025-09-11,15:16:00,2025-09-11T15:16:00Z,2025-09-11T15:16:00Z,NA,v3,471300,NA,NA,NA,NA,Undefined,GEO_PAT,fba10124-db14-49e2-89f8-49358f8a7f79,42.21894,-95.80389,8.97159,5.85663,0.85223,-9.21346,-1.17109,-0.84432,2.32432,NA,NA,NA,NA,NA,NA,NA,NA,NA,NA,NA,NA,NA,NA,NA,NA,NA,NA,NA,NA,NA,NA,NA,NA,NA,NA,NA,NA,NA,NA,NA,NA,NA,NA,NA,NA,NA,NA,NA,NA,NA,NA,NA,NA,NA,NA,NA,NA,NA,NA,High,Medium,Medium,NA,NA,NA,NA,NA,NA,NA,NA,NA,NA,NA,NA,NA,NA,NA,NA,NA,NA,NA,NA,NA,NA,NA,NA,NA,NA,NA,NA,NA,NA,NA,NA,NA,NA,NA,NA,NA,NA,NA,NA,NA,NA,NA,NA,NA,NA,NA,NA,NA,NA,NA,NA,NA,NA,NA,NA,NA
NA,NA,NA,NA,NA,NA,NA,NA,NA,NA,NA,NA,NA,NA,NA,NA,44,2025-09-11,11:16:06,NA,NA,NA,NA,Undefined,GEO_PAT,"Terelli, Lucas",119,Right,GEO_PAT,Undefined,1,Bottom,0,0,0,Undefined,Four-Seam,Undefined,Undefined,Undefined,Undefined,0,0,NA,63.69007,0.772057,-0.106163,1690.785927,174.653341,11:45:00,5.82058,1.22584,18.25971,-27.33293,12.963,-1.10264,4.0931,1.05829,58.7038,-5.864645,-0.364083,0.45688,87.88436,9.031676,40.509405,3389.392475,NA,NA,NA,114.81447,103.37077,42.928345,0.997251,0.92071,11.40422,-1.2383,50,5.64279,0.11398,-94.65806,3.06732,0.81889,17.10575,-22.03091,GEO_PAT,NA,SpuhlerFieldMain,NA,NA,20250911-SpuhlerFieldMain-BP-2,3d2d89e0-8f22-11f0-a88d-dd3dcd3eeb83,82.49968,8.02366,NA,4.98627,NA,NA,NA,4.05878,4.25628,-0.8526,2f62e1e7-1fce-432c-b24b-cc7c2e53f2bb,2025-09-11,15:16:06,2025-09-11T15:16:06Z,2025-09-11T15:16:06Z,LineDrive,v3,471300,NA,NA,NA,NA,Undefined,GEO_PAT,e7228159-b0bc-4dd1-8a89-ec1bf59bcf7e,42.24509,-93.24614,8.55287,5.82092,1.24886,-11.01546,-1.22611,0.18157,0.40944,NA,4.05878,96.78516,-18.08418,1.67453,-0.17156,-0.03413,0.02209,-0.00491,5.7e-4,4.25628,20.23429,-29.10076,5.57211,-1.29892,0.3247,-0.06745,0.01222,-0.00149,-0.8526,82.68982,-2.51179,-1.24986,0.44613,-0.14896,0.03878,-0.00761,9.2e-4,NA,NA,NA,NA,NA,NA,NA,NA,NA,NA,NA,NA,NA,NA,NA,NA,NA,NA,NA,NA,NA,NA,High,High,High,High,High,NA,NA,NA,NA,NA,NA,NA,NA,NA,NA,NA,NA,NA,NA,NA,NA,NA,NA,NA,NA,NA,NA,NA,NA,NA,NA,NA,NA,NA,NA,NA,NA,NA,NA,NA,NA,NA,NA,NA,NA,NA,NA,NA,NA,NA,NA,NA,NA,NA,NA,NA,NA,NA,NA,NA
NA,NA,NA,NA,NA,NA,NA,NA,NA,NA,NA,NA,NA,NA,NA,NA,45,2025-09-11,11:16:11,NA,NA,NA,NA,Undefined,GEO_PAT,"Terelli, Lucas",119,Right,GEO_PAT,Undefined,1,Bottom,0,0,0,Undefined,Curveball,Undefined,Undefined,Undefined,Undefined,0,0,NA,55.89976,-0.084358,0.013905,2333.683119,90.192397,09:00:00,6.05862,2.938,26.66085,-31.65738,0.85315,-15.94324,3.37276,1.61727,52.79998,-9.528503,-4.695502,0.410377,91.59278,14.624456,19.097467,1603.283582,103.02776,14.92176,38.53862,180.5016,171.66562,22.984075,1.623703,21.71115,1.61709,-2.66883,50,5.51629,-2.89515,-84.74047,5.81607,15.38556,14.32492,-31.02811,GEO_PAT,NA,SpuhlerFieldMain,NA,NA,20250911-SpuhlerFieldMain-BP-2,40592750-8f22-11f0-a88d-dd3dcd3eeb83,91.84828,15.62667,NA,3.09978,NA,NA,NA,3.84511,3.78432,-1.80565,2f62e1e7-1fce-432c-b24b-cc7c2e53f2bb,2025-09-11,15:16:11,2025-09-11T15:16:11Z,2025-09-11T15:16:11Z,LineDrive,v3,471300,NA,NA,NA,NA,Undefined,GEO_PAT,3e50c739-890b-4f3d-a78f-5d9f0e61c333,33.84829,-81.96465,7.16246,6.06077,-0.19643,-15.51406,-2.94098,0.0862,7.69278,300.112513,3.84511,122.8307,-17.87359,3.27127,-0.99929,0.58119,-0.34154,0.11533,-0.01617,3.78432,33.91825,-26.37525,3.48353,-1.04644,0.56657,-0.31671,0.10675,-0.01505,-1.80565,42.52555,3.06432,-1.84772,1.2011,-1.20836,0.82157,-0.29441,0.04269,NA,NA,NA,NA,NA,NA,NA,NA,NA,NA,NA,NA,NA,NA,NA,NA,NA,NA,NA,NA,NA,NA,Medium,High,Medium,High,High,NA,NA,NA,NA,NA,NA,NA,NA,NA,NA,NA,NA,NA,NA,NA,NA,NA,NA,NA,NA,NA,NA,NA,NA,NA,NA,NA,NA,NA,NA,NA,NA,NA,NA,NA,NA,NA,NA,NA,NA,NA,NA,NA,NA,NA,NA,NA,NA,NA,NA,NA,NA,NA,NA,NA
NA,NA,NA,NA,NA,NA,NA,NA,NA,NA,NA,NA,NA,NA,NA,NA,46,2025-09-11,11:16:17,NA,NA,NA,NA,Undefined,GEO_PAT,"Terelli, Lucas",119,Right,GEO_PAT,Undefined,1,Bottom,0,0,0,Undefined,Changeup,Undefined,Undefined,Undefined,Undefined,0,0,NA,66.21362,0.590343,0.152717,1558.02315,157.889549,11:15:00,5.75777,1.22899,18.2069,-26.96931,10.303,-3.75677,3.93162,1.0249,61.1957,-5.925584,-0.725331,0.439405,NA,NA,NA,NA,NA,NA,NA,NA,NA,NA,NA,3.29835,9.11008,-1.2021,50,5.6087,-0.47849,-98.37434,2.82193,3.18032,17.94227,-23.3899,GEO_PAT,NA,SpuhlerFieldMain,NA,NA,20250911-SpuhlerFieldMain-BP-2,43ca8050-8f22-11f0-a88d-dd3dcd3eeb83,85.78071,NA,NA,5.01792,NA,NA,NA,NA,NA,NA,2f62e1e7-1fce-432c-b24b-cc7c2e53f2bb,2025-09-11,15:16:17,2025-09-11T15:16:17Z,2025-09-11T15:16:17Z,NA,v3,471300,NA,NA,NA,NA,Undefined,GEO_PAT,74179dac-8fc6-42d2-bbda-6b8fe35d4fea,42.29829,-96.95947,8.97114,5.7585,0.97747,-11.69495,-1.22994,-0.2277,1.59016,NA,NA,NA,NA,NA,NA,NA,NA,NA,NA,NA,NA,NA,NA,NA,NA,NA,NA,NA,NA,NA,NA,NA,NA,NA,NA,NA,NA,NA,NA,NA,NA,NA,NA,NA,NA,NA,NA,NA,NA,NA,NA,NA,NA,NA,NA,NA,NA,NA,NA,High,High,High,NA,NA,NA,NA,NA,NA,NA,NA,NA,NA,NA,NA,NA,NA,NA,NA,NA,NA,NA,NA,NA,NA,NA,NA,NA,NA,NA,NA,NA,NA,NA,NA,NA,NA,NA,NA,NA,NA,NA,NA,NA,NA,NA,NA,NA,NA,NA,NA,NA,NA,NA,NA,NA,NA,NA,NA,NA
NA,NA,NA,NA,NA,NA,NA,NA,NA,NA,NA,NA,NA,NA,NA,NA,47,2025-09-11,11:16:23,NA,NA,NA,NA,Undefined,GEO_PAT,"Terelli, Lucas",119,Right,GEO_PAT,Undefined,1,Bottom,0,0,0,Undefined,Curveball,Undefined,Undefined,Undefined,Undefined,0,0,NA,57.78025,0.553889,-1.342185,2572.848105,79.019581,08:45:00,6.03602,3.08146,26.31569,-32.51498,-1.47929,-11.30989,3.6434,1.371,54.6047,-9.041796,-4.639451,0.400961,95.05344,27.525119,8.440725,2041.503017,109.35825,54.87243,11.8586,383.30942,382.50031,4.666282,4.935937,14.61717,-1.7685,-3.27611,50,5.33839,0.03071,-87.38721,6.88908,11.06862,14.69693,-33.51322,GEO_PAT,NA,SpuhlerFieldMain,NA,NA,20250911-SpuhlerFieldMain-BP-2,47624d10-8f22-11f0-a88d-dd3dcd3eeb83,94.00524,78.79141,NA,3.17554,NA,NA,NA,3.74864,4.02836,-1.53288,2f62e1e7-1fce-432c-b24b-cc7c2e53f2bb,2025-09-11,15:16:23,2025-09-11T15:16:23Z,2025-09-11T15:16:23Z,FlyBall,v3,471300,NA,NA,NA,NA,Undefined,GEO_PAT,6f4e298b-0969-4f53-9832-a41ce09af58b,34.19322,-84.68708,7.34846,6.03846,0.73202,-16.75661,-3.08367,2.06424,5.53431,167.842787,3.75085,122.24751,-22.13545,5.30165,-0.95191,0.12355,-0.01268,0.00125,-8e-5,4.02772,64.43432,-13.70781,-0.66044,0.5207,-0.19898,0.04898,-0.00651,3.4e-4,-1.53228,18.13457,-6.30227,1.76897,-0.37061,0.05635,-0.00593,4.4e-4,-2e-5,NA,NA,NA,NA,NA,NA,NA,NA,NA,NA,NA,NA,NA,NA,NA,NA,NA,NA,NA,NA,NA,NA,High,High,High,High,High,NA,NA,NA,NA,NA,NA,NA,NA,NA,NA,NA,NA,NA,NA,NA,NA,NA,NA,NA,NA,NA,NA,NA,NA,NA,NA,NA,NA,NA,NA,NA,NA,NA,NA,NA,NA,NA,NA,NA,NA,NA,NA,NA,NA,NA,NA,NA,NA,NA,NA,NA,NA,NA,NA,NA
NA,NA,NA,NA,NA,NA,NA,NA,NA,NA,NA,NA,NA,NA,NA,NA,48,2025-09-11,11:16:29,NA,NA,NA,NA,Undefined,GEO_PAT,"Terelli, Lucas",119,Right,GEO_PAT,Undefined,1,Bottom,0,0,0,Undefined,Four-Seam,Undefined,Undefined,Undefined,Undefined,0,0,NA,64.38839,1.209765,0.302601,1569.540186,161.254509,11:30:00,5.8576,1.22225,18.30294,-24.91281,14.26009,-4.47118,4.64293,1.06508,59.51535,-4.85646,-0.743982,0.450468,NA,NA,NA,NA,NA,NA,NA,NA,NA,NA,NA,3.97654,12.40898,-1.17324,50,5.62313,-0.76009,-95.62514,3.70935,3.63212,16.61117,-20.83981,GEO_PAT,NA,SpuhlerFieldMain,NA,NA,20250911-SpuhlerFieldMain-BP-2,4b4ea270-8f22-11f0-a88d-dd3dcd3eeb83,83.67389,NA,NA,4.87304,NA,NA,NA,NA,NA,NA,2f62e1e7-1fce-432c-b24b-cc7c2e53f2bb,2025-09-11,15:16:29,2025-09-11T15:16:29Z,2025-09-11T15:16:29Z,NA,v3,471300,NA,NA,NA,NA,Undefined,GEO_PAT,406b752b-4334-46d3-aeb2-30a96d31999a,42.20194,-94.2608,8.30558,5.8575,1.99769,-10.41991,-1.22342,-0.46177,1.81606,NA,NA,NA,NA,NA,NA,NA,NA,NA,NA,NA,NA,NA,NA,NA,NA,NA,NA,NA,NA,NA,NA,NA,NA,NA,NA,NA,NA,NA,NA,NA,NA,NA,NA,NA,NA,NA,NA,NA,NA,NA,NA,NA,NA,NA,NA,NA,NA,NA,NA,High,High,High,NA,NA,NA,NA,NA,NA,NA,NA,NA,NA,NA,NA,NA,NA,NA,NA,NA,NA,NA,NA,NA,NA,NA,NA,NA,NA,NA,NA,NA,NA,NA,NA,NA,NA,NA,NA,NA,NA,NA,NA,NA,NA,NA,NA,NA,NA,NA,NA,NA,NA,NA,NA,NA,NA,NA,NA,NA
NA,NA,NA,NA,NA,NA,NA,NA,NA,NA,NA,NA,NA,NA,NA,NA,49,2025-09-11,11:16:36,NA,NA,NA,NA,Undefined,GEO_PAT,"Terelli, Lucas",119,Right,GEO_PAT,Undefined,1,Bottom,0,0,0,Undefined,Curveball,Undefined,Undefined,Undefined,Undefined,0,0,NA,57.40525,0.614388,-1.715775,2531.200856,81.293791,08:45:00,6.06753,3.0962,27.14309,-30.68364,-1.01595,-10.66989,3.85333,1.24998,54.60731,-8.658395,-4.906107,0.392025,89.33687,27.481631,-0.543646,2200.739073,109.81258,49.80531,-6.41684,341.13828,339.07178,-6.872983,4.293062,14.47741,-1.27646,-3.395,50,5.27995,0.46409,-86.74761,7.28109,10.90433,13.44355,-33.13548,GEO_PAT,NA,SpuhlerFieldMain,NA,NA,20250911-SpuhlerFieldMain-BP-2,4f2e2690-8f22-11f0-a88d-dd3dcd3eeb83,96.1481,62.909,NA,2.79794,NA,NA,NA,3.66256,4.25934,-1.44185,2f62e1e7-1fce-432c-b24b-cc7c2e53f2bb,2025-09-11,15:16:36,2025-09-11T15:16:36Z,2025-09-11T15:16:36Z,LineDrive,v3,471300,NA,NA,NA,NA,Undefined,GEO_PAT,456ca8d2-fce4-4b4a-9267-0c999f07aadc,33.36607,-84.13032,6.72178,6.06951,0.83001,-16.56774,-3.09799,2.58704,5.45217,149.577289,3.66219,116.24774,-17.64407,3.91973,-0.86724,0.20982,-0.04844,0.00732,-4.7e-4,4.26065,60.43049,-17.05516,0.82351,0.07463,-0.11959,0.04499,-0.0074400000000000004,4.6e-4,-1.44203,-1.10008,-4.54213,1.22366,-0.21644,0.01544,0.00202,-4.5e-4,2e-5,NA,NA,NA,NA,NA,NA,NA,NA,NA,NA,NA,NA,NA,NA,NA,NA,NA,NA,NA,NA,NA,NA,High,High,High,High,Medium,NA,NA,NA,NA,NA,NA,NA,NA,NA,NA,NA,NA,NA,NA,NA,NA,NA,NA,NA,NA,NA,NA,NA,NA,NA,NA,NA,NA,NA,NA,NA,NA,NA,NA,NA,NA,NA,NA,NA,NA,NA,NA,NA,NA,NA,NA,NA,NA,NA,NA,NA,NA,NA,NA,NA
NA,NA,NA,NA,NA,NA,NA,NA,NA,NA,NA,NA,NA,NA,NA,NA,50,2025-09-11,11:16:41,NA,NA,NA,NA,Undefined,GEO_PAT,"Terelli, Lucas",119,Right,GEO_PAT,Undefined,1,Bottom,0,0,0,Undefined,Four-Seam,Undefined,Undefined,Undefined,Undefined,0,0,NA,64.14736,1.212144,0.247287,1575.816828,165.346132,11:30:00,5.89927,1.21525,18.22864,-22.04824,17.87324,-4.36,4.92657,1.02829,58.79401,-4.206451,-0.771249,0.454752,NA,NA,NA,NA,NA,NA,NA,NA,NA,NA,NA,3.85847,15.46686,-1.17473,50,5.67231,-0.65206,-95.3509,3.51397,3.46819,17.89524,-18.27162,GEO_PAT,NA,SpuhlerFieldMain,NA,NA,20250911-SpuhlerFieldMain-BP-2,52733f70-8f22-11f0-a88d-dd3dcd3eeb83,82.88567,NA,NA,5.35335,NA,NA,NA,NA,NA,NA,2f62e1e7-1fce-432c-b24b-cc7c2e53f2bb,2025-09-11,15:16:41,2025-09-11T15:16:41Z,2025-09-11T15:16:41Z,NA,v3,471300,NA,NA,NA,NA,Undefined,GEO_PAT,3043be7a-f793-4b8f-a4d8-43a209b0a561,42.27577,-93.89004,8.94762,5.89829,2.02238,-9.13581,-1.2164,-0.36894,1.73409,NA,NA,NA,NA,NA,NA,NA,NA,NA,NA,NA,NA,NA,NA,NA,NA,NA,NA,NA,NA,NA,NA,NA,NA,NA,NA,NA,NA,NA,NA,NA,NA,NA,NA,NA,NA,NA,NA,NA,NA,NA,NA,NA,NA,NA,NA,NA,NA,NA,NA,High,High,High,NA,NA,NA,NA,NA,NA,NA,NA,NA,NA,NA,NA,NA,NA,NA,NA,NA,NA,NA,NA,NA,NA,NA,NA,NA,NA,NA,NA,NA,NA,NA,NA,NA,NA,NA,NA,NA,NA,NA,NA,NA,NA,NA,NA,NA,NA,NA,NA,NA,NA,NA,NA,NA,NA,NA,NA,NA
NA,NA,NA,NA,NA,NA,NA,NA,NA,NA,NA,NA,NA,NA,NA,NA,51,2025-09-11,11:16:58,NA,NA,NA,NA,Undefined,GEO_PAT,"Terelli, Lucas",119,Right,GEO_PAT,Undefined,1,Bottom,0,0,0,Undefined,NA,Undefined,Undefined,Undefined,Undefined,0,0,NA,64.94545,0.836521,-0.655978,1702.160396,NA,NA,5.69204,1.42091,18.21988,NA,NA,NA,4.36687,1.74323,59.57526,-4.807255,1.55858,0.449241,19.70503,49.415162,30.652656,2002.276799,NA,NA,NA,29.07862,27.84841,27.930533,1.567818,-8.38619,13.86202,-1.52383,50,5.51486,1.62427,-96.54028,2.97334,-7.72859,18.31914,-19.39899,GEO_PAT,NA,SpuhlerFieldMain,NA,NA,20250911-SpuhlerFieldMain-BP-2,5c713b30-8f22-11f0-a88d-dd3dcd3eeb83,83.90251,12.03956,NA,5.37019,NA,NA,NA,2.64705,4.58724,-1.46728,2f62e1e7-1fce-432c-b24b-cc7c2e53f2bb,2025-09-11,15:16:58,2025-09-11T15:16:58Z,2025-09-11T15:16:58Z,GroundBall,v3,471300,NA,NA,NA,NA,Undefined,GEO_PAT,b9f56c1d-e49c-4543-bbf8-edafb5bce267,42.28435,-95.06491,9.15957,5.69141,1.411,-9.6995,-1.41807,1.00183,-3.86429,209.748243,2.64706,16.17274,-1.57693,0.42509,0.43103,-0.90975,0.7403,-0.28261,0.0418,4.58723,21.95003,-16.46071,0.59159,-0.39851,0.3364,-0.12488,0.00313,0.00502,-1.46728,9.58602,0.09301,-0.06676,-0.01136,0.06299,-0.05318,0.01883,-0.00245,NA,NA,NA,NA,NA,NA,NA,NA,NA,NA,NA,NA,NA,NA,NA,NA,NA,NA,NA,NA,NA,NA,Low,Low,Low,High,High,NA,NA,NA,NA,NA,NA,NA,NA,NA,NA,NA,NA,NA,NA,NA,NA,NA,NA,NA,NA,NA,NA,NA,NA,NA,NA,NA,NA,NA,NA,NA,NA,NA,NA,NA,NA,NA,NA,NA,NA,NA,NA,NA,NA,NA,NA,NA,NA,NA,NA,NA,NA,NA,NA,NA
NA,NA,NA,NA,NA,NA,NA,NA,NA,NA,NA,NA,NA,NA,NA,NA,52,2025-09-11,11:17:02,NA,NA,NA,NA,Undefined,GEO_PAT,"Terelli, Lucas",119,Right,GEO_PAT,Undefined,1,Bottom,0,0,0,Undefined,Curveball,Undefined,Undefined,Undefined,Undefined,0,0,NA,63.94056,0.20281,0.885602,1710.224236,148.057883,11:00:00,5.86895,1.07413,18.30896,-23.92903,15.71517,-9.11823,4.01925,0.94471,59.26862,-5.622892,-1.250247,0.45317,NA,NA,NA,NA,NA,NA,NA,NA,NA,NA,NA,8.23248,14.01741,-0.93653,50,5.77314,-1.9957,-94.97528,1.96102,7.4281,16.19707,-19.52625,GEO_PAT,NA,SpuhlerFieldMain,NA,NA,20250911-SpuhlerFieldMain-BP-2,5efe4eb0-8f22-11f0-a88d-dd3dcd3eeb83,83.17506,NA,NA,4.67194,NA,NA,NA,NA,NA,NA,2f62e1e7-1fce-432c-b24b-cc7c2e53f2bb,2025-09-11,15:17:02,2025-09-11T15:17:02Z,2025-09-11T15:17:02Z,NA,v3,471300,NA,NA,NA,NA,Undefined,GEO_PAT,84d57156-55db-408f-94a3-891527152512,42.19668,-93.63505,8.09854,5.8685600000000004,0.34531,-9.76313,-1.07623,-1.38106,3.71405,NA,NA,NA,NA,NA,NA,NA,NA,NA,NA,NA,NA,NA,NA,NA,NA,NA,NA,NA,NA,NA,NA,NA,NA,NA,NA,NA,NA,NA,NA,NA,NA,NA,NA,NA,NA,NA,NA,NA,NA,NA,NA,NA,NA,NA,NA,NA,NA,NA,NA,High,High,High,NA,NA,NA,NA,NA,NA,NA,NA,NA,NA,NA,NA,NA,NA,NA,NA,NA,NA,NA,NA,NA,NA,NA,NA,NA,NA,NA,NA,NA,NA,NA,NA,NA,NA,NA,NA,NA,NA,NA,NA,NA,NA,NA,NA,NA,NA,NA,NA,NA,NA,NA,NA,NA,NA,NA,NA,NA
NA,NA,NA,NA,NA,NA,NA,NA,NA,NA,NA,NA,NA,NA,NA,NA,53,2025-09-11,11:17:08,NA,NA,NA,NA,Undefined,GEO_PAT,"Terelli, Lucas",119,Right,GEO_PAT,Undefined,1,Bottom,0,0,0,Undefined,Four-Seam,Undefined,Undefined,Undefined,Undefined,0,0,NA,65.08733,0.143819,0.163804,1674.462388,167.008431,11:30:00,5.87521,1.20562,18.35517,-24.40722,14.29083,-3.01209,3.94353,1.07108,59.53449,-5.834643,-0.542463,0.44773,85.94458,27.814877,8.830123,3593.626732,107.76793,51.2075,22.04551,312.54833,312.5338,18.559888,4.163999,2.68221,12.81205,-1.17803,50,5.78691,-0.44838,-96.86848,1.91054,2.47165,19.38594,-20.36784,GEO_PAT,NA,SpuhlerFieldMain,NA,NA,20250911-SpuhlerFieldMain-BP-2,625d3120-8f22-11f0-a88d-dd3dcd3eeb83,84.18568,61.04118,NA,5.55283,NA,NA,NA,2.07548,4.02956,-1.12463,2f62e1e7-1fce-432c-b24b-cc7c2e53f2bb,2025-09-11,15:17:08,2025-09-11T15:17:08Z,2025-09-11T15:17:08Z,LineDrive,v3,471300,NA,NA,NA,NA,Undefined,GEO_PAT,6932576e-5390-44fb-855c-0e1d8c173e2a,42.14922,-95.28438,9.69297,5.87503,0.24621,-10.18392,-1.20642,-0.24641,1.23582,210.121647,2.0752,110.17685,-20.73609,5.23526,-1.18823,0.28781,-0.06427,0.00918,-5.6e-4,4.03024,58.79568,-15.85174,0.14912,0.31116,-0.18846,0.05673,-0.00832,4.7e-4,-1.12444,17.10888,3.2766,-0.70767,0.16507,-0.04826,0.01229,-0.00182,1.1e-4,NA,NA,NA,NA,NA,NA,NA,NA,NA,NA,NA,NA,NA,NA,NA,NA,NA,NA,NA,NA,NA,NA,High,High,High,High,High,NA,NA,NA,NA,NA,NA,NA,NA,NA,NA,NA,NA,NA,NA,NA,NA,NA,NA,NA,NA,NA,NA,NA,NA,NA,NA,NA,NA,NA,NA,NA,NA,NA,NA,NA,NA,NA,NA,NA,NA,NA,NA,NA,NA,NA,NA,NA,NA,NA,NA,NA,NA,NA,NA,NA
NA,NA,NA,NA,NA,NA,NA,NA,NA,NA,NA,NA,NA,NA,NA,NA,54,2025-09-11,11:17:14,NA,NA,NA,NA,Undefined,GEO_PAT,"Terelli, Lucas",119,Right,GEO_PAT,Undefined,1,Bottom,0,0,0,Undefined,Curveball,Undefined,Undefined,Undefined,Undefined,0,0,NA,56.66837,0.381736,-2.098112,2278.762875,79.026824,08:45:00,6.04328,3.11419,26.52842,-33.43273,-1.05032,-10.1204,3.47434,1.07781,52.81894,-9.582394,-5.067742,0.409568,85.18856,17.741443,-27.201577,3397.371087,95.66362,24.3821,-54.29907,224.09135,215.3983,-31.837556,2.439877,12.65284,-1.02272,-3.54584,50,5.37223,1.40583,-86.21524,6.67632,9.09085,17.04745,-32.90886,GEO_PAT,NA,SpuhlerFieldMain,NA,NA,20250911-SpuhlerFieldMain-BP-2,65badb10-8f22-11f0-a88d-dd3dcd3eeb83,92.02971,24.5379,NA,3.84943,NA,NA,NA,3.11219,3.74307,-1.18435,2f62e1e7-1fce-432c-b24b-cc7c2e53f2bb,2025-09-11,15:17:14,2025-09-11T15:17:14Z,2025-09-11T15:17:14Z,LineDrive,v3,471300,NA,NA,NA,NA,Undefined,GEO_PAT,798ab50f-b16a-421a-b069-4ea6a608800a,33.97934,-82.98702,8.52372,6.04645,0.44447,-16.45443,-3.11662,3.12733,4.54542,120.347348,3.11219,105.83985,-19.45094,4.95752,-1.14299,0.22256,-0.0376,0.00436,-1.9e-4,3.74307,38.07299,-18.58169,1.1124,-0.05169,-0.01827,0.00734,-5.8e-4,-1e-5,-1.18435,-54.39812,2.30348,0.60486,-0.36076,0.11337,-0.02537,0.00361,-2.6e-4,NA,NA,NA,NA,NA,NA,NA,NA,NA,NA,NA,NA,NA,NA,NA,NA,NA,NA,NA,NA,NA,NA,High,High,High,High,High,NA,NA,NA,NA,NA,NA,NA,NA,NA,NA,NA,NA,NA,NA,NA,NA,NA,NA,NA,NA,NA,NA,NA,NA,NA,NA,NA,NA,NA,NA,NA,NA,NA,NA,NA,NA,NA,NA,NA,NA,NA,NA,NA,NA,NA,NA,NA,NA,NA,NA,NA,NA,NA,NA,NA
NA,NA,NA,NA,NA,NA,NA,NA,NA,NA,NA,NA,NA,NA,NA,NA,55,2025-09-11,11:17:19,NA,NA,NA,NA,Undefined,GEO_PAT,"Terelli, Lucas",119,Right,GEO_PAT,Undefined,1,Bottom,0,0,0,Undefined,NA,Undefined,Undefined,Undefined,Undefined,0,0,NA,64.43344,1.393691,0.370143,1645.360518,NA,NA,5.71479,1.36847,18.24738,NA,NA,NA,4.53204,1.33897,59.63395,-4.942045,-0.452432,0.450501,NA,NA,NA,NA,NA,NA,NA,NA,NA,NA,NA,3.15358,11.28579,-1.31261,50,5.45561,-0.81508,-95.64702,4.07243,2.88805,16.323,-21.83852,GEO_PAT,NA,SpuhlerFieldMain,NA,NA,20250911-SpuhlerFieldMain-BP-2,69316430-8f22-11f0-a88d-dd3dcd3eeb83,83.66789,NA,NA,4.79949,NA,NA,NA,NA,NA,NA,2f62e1e7-1fce-432c-b24b-cc7c2e53f2bb,2025-09-11,15:17:19,2025-09-11T15:17:19Z,2025-09-11T15:17:19Z,NA,v3,471300,NA,NA,NA,NA,Undefined,GEO_PAT,7d696b26-4c7c-416e-9132-9f8d7845ba5b,42.25728,-94.3164,8.1615,5.71503,2.2922,-10.91926,-1.36947,-0.57966,1.44403,NA,NA,NA,NA,NA,NA,NA,NA,NA,NA,NA,NA,NA,NA,NA,NA,NA,NA,NA,NA,NA,NA,NA,NA,NA,NA,NA,NA,NA,NA,NA,NA,NA,NA,NA,NA,NA,NA,NA,NA,NA,NA,NA,NA,NA,NA,NA,NA,NA,NA,Low,Low,Low,NA,NA,NA,NA,NA,NA,NA,NA,NA,NA,NA,NA,NA,NA,NA,NA,NA,NA,NA,NA,NA,NA,NA,NA,NA,NA,NA,NA,NA,NA,NA,NA,NA,NA,NA,NA,NA,NA,NA,NA,NA,NA,NA,NA,NA,NA,NA,NA,NA,NA,NA,NA,NA,NA,NA,NA,NA
NA,NA,NA,NA,NA,NA,NA,NA,NA,NA,NA,NA,NA,NA,NA,NA,56,2025-09-11,11:17:28,NA,NA,NA,NA,Undefined,GEO_PAT,"Terelli, Lucas",119,Right,GEO_PAT,Undefined,1,Bottom,0,0,0,Undefined,Curveball,Undefined,Undefined,Undefined,Undefined,0,0,NA,58.46224,0.950206,-1.00394,2275.85109,87.246351,09:00:00,6.1262,3.03783,NA,-28.41222,0.07079,-11.9191,4.28625,1.48708,55.21103,-7.710206,-4.584296,0.384118,84.40674,20.073268,19.097193,3212.777508,101.20362,31.52414,43.10235,256.49322,253.08309,29.472729,2.941098,16.4204,0.23217,-3.11085,50,5.2775,-0.86537,-88.5559,7.5001,12.78774,14.9226,-31.99324,GEO_PAT,NA,SpuhlerFieldMain,NA,NA,20250911-SpuhlerFieldMain-BP-2,6e6a84e0-8f22-11f0-a88d-dd3dcd3eeb83,98.12728,32.82061,NA,3.25122,NA,NA,NA,1.59378,4.3229,-1.51146,2f62e1e7-1fce-432c-b24b-cc7c2e53f2bb,2025-09-11,15:17:28,2025-09-11T15:17:28Z,2025-09-11T15:17:28Z,LineDrive,v3,471300,NA,NA,NA,NA,Undefined,GEO_PAT,64de979b-af1a-4235-8213-1617335f9316,33.22945,-85.68329,7.4613,6.12849,1.34139,-15.99662,-3.0405,1.59628,6.39387,238.110678,1.5938,109.87765,-20.2436,4.74769,-0.93699,0.13241,-0.00802,-0.00121,2.4e-4,4.32288,42.48877,-16.54729,0.47731,0.0383,0.00938,-0.01542,0.00523,-5.7e-4,-1.51143,38.03938,4.83247,-2.04402,0.60388,-0.1374,0.02373,-0.0026,1.2e-4,NA,NA,NA,NA,NA,NA,NA,NA,NA,NA,NA,NA,NA,NA,NA,NA,NA,NA,NA,NA,NA,NA,High,High,High,High,High,NA,NA,NA,NA,NA,NA,NA,NA,NA,NA,NA,NA,NA,NA,NA,NA,NA,NA,NA,NA,NA,NA,NA,NA,NA,NA,NA,NA,NA,NA,NA,NA,NA,NA,NA,NA,NA,NA,NA,NA,NA,NA,NA,NA,NA,NA,NA,NA,NA,NA,NA,NA,NA,NA,NA
NA,NA,NA,NA,NA,NA,NA,NA,NA,NA,NA,NA,NA,NA,NA,NA,57,2025-09-11,11:17:33,NA,NA,NA,NA,Undefined,GEO_PAT,"Terelli, Lucas",119,Right,GEO_PAT,Undefined,1,Bottom,0,0,0,Undefined,Four-Seam,Undefined,Undefined,Undefined,Undefined,0,0,NA,64.73495,1.331312,0.084301,1576.80338,169.253655,11:45:00,5.8641,1.23268,18.27923,-23.34588,15.67619,-2.75744,4.86712,1.06295,59.46417,-4.384359,-0.560654,0.4496,80.0425,35.317064,22.690885,4541.458531,98.30723,65.43624,49.35162,281.17725,281.06051,33.814483,4.412026,2.39784,13.54119,-1.21704,50,5.61682,-0.29238,-96.17041,3.83266,2.20061,17.70298,-19.74656,GEO_PAT,NA,SpuhlerFieldMain,NA,NA,20250911-SpuhlerFieldMain-BP-2,716d1680-8f22-11f0-a88d-dd3dcd3eeb83,83.83545,72.85193,NA,5.27079,NA,NA,NA,1.93317,4.90795,-1.1028,2f62e1e7-1fce-432c-b24b-cc7c2e53f2bb,2025-09-11,15:17:33,2025-09-11T15:17:33Z,2025-09-11T15:17:33Z,FlyBall,v3,471300,NA,NA,NA,NA,Undefined,GEO_PAT,63e7a0ea-e27f-4597-b125-9066007156aa,42.22415,-94.72823,8.85149,5.86353,2.22399,-9.87328,-1.23356,-0.11311,1.10031,212.352347,1.93308,88.38212,-18.64203,4.83061,-1.17964,0.31359,-0.07129,0.00983,-5.7e-4,4.90937,67.82849,-18.64437,0.74665,0.31223,-0.23566,0.06857,-0.00948,5.1e-4,-1.10285,36.95348,-0.48194,0.07795,-0.01681,0.00682,-0.00223,3.6e-4,-2e-5,NA,NA,NA,NA,NA,NA,NA,NA,NA,NA,NA,NA,NA,NA,NA,NA,NA,NA,NA,NA,NA,NA,High,High,High,High,High,NA,NA,NA,NA,NA,NA,NA,NA,NA,NA,NA,NA,NA,NA,NA,NA,NA,NA,NA,NA,NA,NA,NA,NA,NA,NA,NA,NA,NA,NA,NA,NA,NA,NA,NA,NA,NA,NA,NA,NA,NA,NA,NA,NA,NA,NA,NA,NA,NA,NA,NA,NA,NA,NA,NA
NA,NA,NA,NA,NA,NA,NA,NA,NA,NA,NA,NA,NA,NA,NA,NA,58,2025-09-11,11:17:50,NA,NA,NA,NA,Undefined,GEO_PAT,"Terelli, Lucas",119,Right,GEO_PAT,Undefined,1,Bottom,0,0,0,Undefined,Curveball,Undefined,Undefined,Undefined,Undefined,0,0,NA,58.39668,0.602243,-2.241004,2513.25359,77.084637,08:30:00,6.05971,3.02577,26.68894,-31.36258,-1.37461,-9.36245,3.78704,0.9775,54.68226,-8.784277,-4.998211,0.394135,98.67244,9.4925,-2.093915,1047.340817,109.99486,13.58418,1.03762,213.6028,204.2694,3.576327,1.832475,11.79449,-1.6091,-3.50848,50,5.33754,1.74473,-88.64372,7.00603,9.05467,16.81701,-33.40935,GEO_PAT,NA,SpuhlerFieldMain,NA,NA,20250911-SpuhlerFieldMain-BP-2,7ba227d0-8f22-11f0-a88d-dd3dcd3eeb83,95.63337,13.58761,NA,3.71442,NA,NA,NA,2.21506,3.87729,-1.01278,2f62e1e7-1fce-432c-b24b-cc7c2e53f2bb,2025-09-11,15:17:50,2025-09-11T15:17:50Z,2025-09-11T15:17:50Z,LineDrive,v3,471300,NA,NA,NA,NA,Undefined,GEO_PAT,774a080f-6ba1-4104-8f7b-2d87468f3fe9,33.81914,-85.5189,8.40851,6.0626,0.79812,-16.70468,-3.02798,3.42721,4.52734,247.607955,2.21506,142.64249,-20.40554,3.98052,-0.72859,0.11095,-0.01515,0.0017,-9e-5,3.87729,23.86671,-14.98809,0.32222,0.12736,-0.05631,0.01628,-0.00259,1.9e-4,-1.01278,-5.2156,11.69552,-3.8667,1.08537,-0.26131,0.0549,-0.00849,6.7e-4,NA,NA,NA,NA,NA,NA,NA,NA,NA,NA,NA,NA,NA,NA,NA,NA,NA,NA,NA,NA,NA,NA,High,High,High,High,High,NA,NA,NA,NA,NA,NA,NA,NA,NA,NA,NA,NA,NA,NA,NA,NA,NA,NA,NA,NA,NA,NA,NA,NA,NA,NA,NA,NA,NA,NA,NA,NA,NA,NA,NA,NA,NA,NA,NA,NA,NA,NA,NA,NA,NA,NA,NA,NA,NA,NA,NA,NA,NA,NA,NA
NA,NA,NA,NA,NA,NA,NA,NA,NA,NA,NA,NA,NA,NA,NA,NA,59,2025-09-11,11:17:56,NA,NA,NA,NA,Undefined,GEO_PAT,"Terelli, Lucas",119,Right,GEO_PAT,Undefined,1,Bottom,0,0,0,Undefined,Four-Seam,Undefined,Undefined,Undefined,Undefined,0,0,NA,64.71878,0.804163,0.082999,1658.874208,168.891556,11:45:00,5.85447,1.15677,18.17016,-23.29143,15.55312,-2.85229,4.48793,0.97837,60.09042,-4.848106,-0.582498,0.448576,93.67058,7.877171,-8.190345,2147.611476,108.97509,8.63124,-14.97735,168.28391,155.09256,-7.289841,1.388176,2.48043,13.58091,-1.14094,50,5.68247,-0.29894,-96.03129,2.92127,2.29991,15.85279,-19.58149,GEO_PAT,NA,SpuhlerFieldMain,NA,NA,20250911-SpuhlerFieldMain-BP-2,7f150770-8f22-11f0-a88d-dd3dcd3eeb83,84.02683,9.89693,NA,4.62836,NA,NA,NA,2.57094,4.62791,-1.07549,2f62e1e7-1fce-432c-b24b-cc7c2e53f2bb,2025-09-11,15:17:56,2025-09-11T15:17:56Z,2025-09-11T15:17:56Z,LineDrive,v3,471300,NA,NA,NA,NA,Undefined,GEO_PAT,54473fb9-843d-4683-a282-f2745dd54e2f,42.33455,-94.75743,7.92639,5.85399,1.3478,-9.79075,-1.15754,-0.11412,1.14995,255.947711,2.57094,134.69892,-14.53024,2.582,-0.52464,0.1011,-0.0198,0.00334,-3.1e-4,4.62791,18.82836,-17.55639,1.44548,-0.2847,0.06228,-0.01114,0.00187,-1.9e-4,-1.07549,-19.38724,4.34289,-0.8356,0.17242,-0.03422,0.00659,-0.00111,1e-4,NA,NA,NA,NA,NA,NA,NA,NA,NA,NA,NA,NA,NA,NA,NA,NA,NA,NA,NA,NA,NA,NA,High,High,High,High,Medium,NA,NA,NA,NA,NA,NA,NA,NA,NA,NA,NA,NA,NA,NA,NA,NA,NA,NA,NA,NA,NA,NA,NA,NA,NA,NA,NA,NA,NA,NA,NA,NA,NA,NA,NA,NA,NA,NA,NA,NA,NA,NA,NA,NA,NA,NA,NA,NA,NA,NA,NA,NA,NA,NA,NA
NA,NA,NA,NA,NA,NA,NA,NA,NA,NA,NA,NA,NA,NA,NA,NA,60,2025-09-11,11:18:01,NA,NA,NA,NA,Undefined,GEO_PAT,"Terelli, Lucas",119,Right,GEO_PAT,Undefined,1,Bottom,0,0,0,Undefined,Four-Seam,Undefined,Undefined,Undefined,Undefined,0,0,NA,64.42606,-0.076822,-0.172735,1720.699914,175.576673,11:45:00,5.85041,1.24934,18.26563,-24.33218,15.26918,-1.08465,3.76799,1.03587,59.05435,-6.022556,-0.42649,0.452925,NA,NA,NA,NA,NA,NA,NA,NA,NA,NA,NA,0.88004,13.69997,-1.27088,50,5.79354,0.22828,-95.84426,1.50011,0.79584,18.65258,-19.78499,GEO_PAT,NA,SpuhlerFieldMain,NA,NA,20250911-SpuhlerFieldMain-BP-2,81c58170-8f22-11f0-a88d-dd3dcd3eeb83,83.21998,NA,NA,5.37171,NA,NA,NA,NA,NA,NA,2f62e1e7-1fce-432c-b24b-cc7c2e53f2bb,2025-09-11,15:18:01,2025-09-11T15:18:01Z,2025-09-11T15:18:01Z,NA,v3,471300,NA,NA,NA,NA,Undefined,GEO_PAT,dd116648-61dd-4c9b-9b24-e38ac3f7e0f1,42.23897,-94.32176,9.32629,5.85008,-0.11481,-9.8925,-1.2496,0.29324,0.39792,NA,NA,NA,NA,NA,NA,NA,NA,NA,NA,NA,NA,NA,NA,NA,NA,NA,NA,NA,NA,NA,NA,NA,NA,NA,NA,NA,NA,NA,NA,NA,NA,NA,NA,NA,NA,NA,NA,NA,NA,NA,NA,NA,NA,NA,NA,NA,NA,NA,NA,High,High,High,NA,NA,NA,NA,NA,NA,NA,NA,NA,NA,NA,NA,NA,NA,NA,NA,NA,NA,NA,NA,NA,NA,NA,NA,NA,NA,NA,NA,NA,NA,NA,NA,NA,NA,NA,NA,NA,NA,NA,NA,NA,NA,NA,NA,NA,NA,NA,NA,NA,NA,NA,NA,NA,NA,NA,NA,NA
NA,NA,NA,NA,NA,NA,NA,NA,NA,NA,NA,NA,NA,NA,NA,NA,61,2025-09-11,11:18:16,NA,NA,NA,NA,Undefined,GEO_PAT,"Terelli, Lucas",119,Right,GEO_PAT,Undefined,1,Bottom,0,0,0,Undefined,NA,Undefined,Undefined,Undefined,Undefined,0,0,NA,64.22785,0.987236,-0.23448,1604.963016,NA,NA,5.90271,1.43631,18.32586,NA,NA,NA,4.89911,1.8894,58.40658,-4.100477,1.506761,0.454908,NA,NA,NA,NA,NA,NA,NA,NA,NA,NA,NA,-6.40418,16.87792,-1.47718,50,5.70293,0.76961,-95.51858,3.09738,-5.72614,19.12442,-17.08305,GEO_PAT,NA,SpuhlerFieldMain,NA,NA,20250911-SpuhlerFieldMain-BP-2,8b426650-8f22-11f0-a88d-dd3dcd3eeb83,82.85734,NA,NA,5.82127,NA,NA,NA,NA,NA,NA,2f62e1e7-1fce-432c-b24b-cc7c2e53f2bb,2025-09-11,15:18:16,2025-09-11T15:18:16Z,2025-09-11T15:18:16Z,NA,v3,471300,NA,NA,NA,NA,Undefined,GEO_PAT,49b41e75-209f-44f7-a010-4e90a8d95819,42.17502,-93.93883,9.56221,5.9005,1.68624,-8.54153,-1.43314,0.29661,-2.86307,NA,NA,NA,NA,NA,NA,NA,NA,NA,NA,NA,NA,NA,NA,NA,NA,NA,NA,NA,NA,NA,NA,NA,NA,NA,NA,NA,NA,NA,NA,NA,NA,NA,NA,NA,NA,NA,NA,NA,NA,NA,NA,NA,NA,NA,NA,NA,NA,NA,NA,Low,Low,Low,NA,NA,NA,NA,NA,NA,NA,NA,NA,NA,NA,NA,NA,NA,NA,NA,NA,NA,NA,NA,NA,NA,NA,NA,NA,NA,NA,NA,NA,NA,NA,NA,NA,NA,NA,NA,NA,NA,NA,NA,NA,NA,NA,NA,NA,NA,NA,NA,NA,NA,NA,NA,NA,NA,NA,NA,NA
NA,NA,NA,NA,NA,NA,NA,NA,NA,NA,NA,NA,NA,NA,NA,NA,62,2025-09-11,11:18:22,NA,NA,NA,NA,Undefined,GEO_PAT,"Terelli, Lucas",119,Right,GEO_PAT,Undefined,1,Bottom,0,0,0,Undefined,NA,Undefined,Undefined,Undefined,Undefined,0,0,NA,66.39007,-0.110942,-0.645781,1656.997223,NA,NA,5.91239,1.44006,18.19924,NA,NA,NA,4.39152,1.68869,60.37087,-4.422765,1.34152,0.441485,NA,NA,NA,NA,NA,NA,NA,NA,NA,NA,NA,-7.56288,17.9843,-1.53924,50,5.87321,1.5795,-98.80184,1.06077,-7.21929,20.76905,-15.00679,GEO_PAT,NA,SpuhlerFieldMain,NA,NA,20250911-SpuhlerFieldMain-BP-2,8e6243f0-8f22-11f0-a88d-dd3dcd3eeb83,85.37651,NA,NA,6.0192,NA,NA,NA,NA,NA,NA,2f62e1e7-1fce-432c-b24b-cc7c2e53f2bb,2025-09-11,15:18:22,2025-09-11T15:18:22Z,2025-09-11T15:18:22Z,NA,v3,471300,NA,NA,NA,NA,Undefined,GEO_PAT,8adbe786-6c04-498b-9adb-b770ca43db09,42.30449,-97.17071,10.38452,5.91024,-0.11781,-7.5034,-1.43745,1.01252,-3.60965,NA,NA,NA,NA,NA,NA,NA,NA,NA,NA,NA,NA,NA,NA,NA,NA,NA,NA,NA,NA,NA,NA,NA,NA,NA,NA,NA,NA,NA,NA,NA,NA,NA,NA,NA,NA,NA,NA,NA,NA,NA,NA,NA,NA,NA,NA,NA,NA,NA,NA,Low,Low,Low,NA,NA,NA,NA,NA,NA,NA,NA,NA,NA,NA,NA,NA,NA,NA,NA,NA,NA,NA,NA,NA,NA,NA,NA,NA,NA,NA,NA,NA,NA,NA,NA,NA,NA,NA,NA,NA,NA,NA,NA,NA,NA,NA,NA,NA,NA,NA,NA,NA,NA,NA,NA,NA,NA,NA,NA,NA
NA,NA,NA,NA,NA,NA,NA,NA,NA,NA,NA,NA,NA,NA,NA,NA,63,2025-09-11,11:18:28,NA,NA,NA,NA,Undefined,GEO_PAT,"Terelli, Lucas",119,Right,GEO_PAT,Undefined,1,Bottom,0,0,0,Undefined,NA,Undefined,Undefined,Undefined,Undefined,0,0,NA,64.96344,0.893678,-0.854276,1547.688926,NA,NA,5.91061,1.52658,18.25965,NA,NA,NA,5.0274,1.72953,59.21917,-3.651556,1.422156,0.449784,NA,NA,NA,NA,NA,NA,NA,NA,NA,NA,NA,-8.61768,18.02615,-1.65506,50,5.73031,1.95236,-96.5895,2.82835,-7.90703,19.07769,-15.63441,GEO_PAT,NA,SpuhlerFieldMain,NA,NA,20250911-SpuhlerFieldMain-BP-2,924ceba0-8f22-11f0-a88d-dd3dcd3eeb83,83.8012,NA,NA,5.74427,NA,NA,NA,NA,NA,NA,2f62e1e7-1fce-432c-b24b-cc7c2e53f2bb,2025-09-11,15:18:28,2025-09-11T15:18:28Z,2025-09-11T15:18:28Z,NA,v3,471300,NA,NA,NA,NA,Undefined,GEO_PAT,c7aeba80-c41d-4051-9344-e9dc6c6cd8d8,42.24284,-95.04501,9.53885,5.90804,1.56262,-7.8172,-1.52291,1.31222,-3.95351,NA,NA,NA,NA,NA,NA,NA,NA,NA,NA,NA,NA,NA,NA,NA,NA,NA,NA,NA,NA,NA,NA,NA,NA,NA,NA,NA,NA,NA,NA,NA,NA,NA,NA,NA,NA,NA,NA,NA,NA,NA,NA,NA,NA,NA,NA,NA,NA,NA,NA,Low,Low,Low,NA,NA,NA,NA,NA,NA,NA,NA,NA,NA,NA,NA,NA,NA,NA,NA,NA,NA,NA,NA,NA,NA,NA,NA,NA,NA,NA,NA,NA,NA,NA,NA,NA,NA,NA,NA,NA,NA,NA,NA,NA,NA,NA,NA,NA,NA,NA,NA,NA,NA,NA,NA,NA,NA,NA,NA,NA
NA,NA,NA,NA,NA,NA,NA,NA,NA,NA,NA,NA,NA,NA,NA,NA,64,2025-09-11,11:18:33,NA,NA,NA,NA,Undefined,GEO_PAT,"Terelli, Lucas",119,Right,GEO_PAT,Undefined,1,Bottom,0,0,0,Undefined,Curveball,Undefined,Undefined,Undefined,Undefined,0,0,NA,64.03683,5.115858,0.076494,1549.608111,11.763679,06:30:00,5.3079,1.29737,18.30234,-56.94015,-17.34666,-3.83677,4.21475,1.0321,59.62163,-8.395486,-0.822759,0.45288,NA,NA,NA,NA,NA,NA,NA,NA,NA,NA,NA,3.32902,-15.98591,-1.28066,50,4.48742,-0.3404,-94.88927,11.96312,3.0118,15.56559,-46.63671,GEO_PAT,NA,SpuhlerFieldMain,NA,NA,20250911-SpuhlerFieldMain-BP-2,95465580-8f22-11f0-a88d-dd3dcd3eeb83,83.22829,NA,NA,4.4152,NA,NA,NA,NA,NA,NA,2f62e1e7-1fce-432c-b24b-cc7c2e53f2bb,2025-09-11,15:18:33,2025-09-11T15:18:33Z,2025-09-11T15:18:33Z,NA,v3,471300,NA,NA,NA,NA,Undefined,GEO_PAT,42e34720-a9a1-44c1-b55f-a94330ccd52a,42.20933,-93.60257,7.78279,5.31699,8.10798,-23.31836,-1.29851,-0.09143,1.5059,NA,NA,NA,NA,NA,NA,NA,NA,NA,NA,NA,NA,NA,NA,NA,NA,NA,NA,NA,NA,NA,NA,NA,NA,NA,NA,NA,NA,NA,NA,NA,NA,NA,NA,NA,NA,NA,NA,NA,NA,NA,NA,NA,NA,NA,NA,NA,NA,NA,NA,Medium,Medium,Medium,NA,NA,NA,NA,NA,NA,NA,NA,NA,NA,NA,NA,NA,NA,NA,NA,NA,NA,NA,NA,NA,NA,NA,NA,NA,NA,NA,NA,NA,NA,NA,NA,NA,NA,NA,NA,NA,NA,NA,NA,NA,NA,NA,NA,NA,NA,NA,NA,NA,NA,NA,NA,NA,NA,NA,NA,NA
NA,NA,NA,NA,NA,NA,NA,NA,NA,NA,NA,NA,NA,NA,NA,NA,65,2025-09-11,11:18:39,NA,NA,NA,NA,Undefined,GEO_PAT,"Terelli, Lucas",119,Right,GEO_PAT,Undefined,1,Bottom,0,0,0,Undefined,Four-Seam,Undefined,Undefined,Undefined,Undefined,0,0,NA,64.71713,0.18888,0.30614,1749.230334,163.060073,11:30:00,5.86805,1.23344,18.21442,-21.01981,18.46084,-5.23284,4.25116,1.01579,59.02527,-4.995848,-0.91617,0.452234,87.42094,2.53522,-14.72815,2433.803892,NA,NA,NA,65.48258,51.67673,-15.52133,0.527233,4.62756,16.31379,-1.18415,50,5.78159,-0.79885,-96.29124,1.75513,4.20708,19.36374,-17.34264,GEO_PAT,NA,SpuhlerFieldMain,NA,NA,20250911-SpuhlerFieldMain-BP-2,98dbff60-8f22-11f0-a88d-dd3dcd3eeb83,83.34716,4.55597,NA,5.69186,NA,NA,NA,2.39432,4.26909,-1.08605,2f62e1e7-1fce-432c-b24b-cc7c2e53f2bb,2025-09-11,15:18:39,2025-09-11T15:18:39Z,2025-09-11T15:18:39Z,GroundBall,v3,471300,NA,NA,NA,NA,Undefined,GEO_PAT,054340d7-fbca-4f4f-990d-e9d2fed3aa9c,42.28945,-94.72799,9.68187,5.86677,0.35505,-8.67132,-1.23493,-0.45921,2.10354,9.799621,2.40383,123.64104,-16.21005,NA,NA,NA,NA,NA,NA,4.29516,5.00578,-25.03432,NA,NA,NA,NA,NA,NA,-1.08559,-32.5775,2.65551,NA,NA,NA,NA,NA,NA,NA,NA,NA,NA,NA,NA,NA,NA,NA,NA,NA,NA,NA,NA,NA,NA,NA,NA,NA,NA,NA,NA,High,High,High,Medium,Medium,NA,NA,NA,NA,NA,NA,NA,NA,NA,NA,NA,NA,NA,NA,NA,NA,NA,NA,NA,NA,NA,NA,NA,NA,NA,NA,NA,NA,NA,NA,NA,NA,NA,NA,NA,NA,NA,NA,NA,NA,NA,NA,NA,NA,NA,NA,NA,NA,NA,NA,NA,NA,NA,NA,NA
NA,NA,NA,NA,NA,NA,NA,NA,NA,NA,NA,NA,NA,NA,NA,NA,66,2025-09-11,11:18:46,NA,NA,NA,NA,Undefined,GEO_PAT,"Terelli, Lucas",119,Right,GEO_PAT,Undefined,1,Bottom,0,0,0,Undefined,Curveball,Undefined,Undefined,Undefined,Undefined,0,0,NA,56.02035,0.302161,-2.147185,2294.351402,78.383629,08:30:00,5.99114,3.01421,26.76816,-33.48088,-1.01516,-9.0867,3.37166,1.04502,52.51827,-9.731455,-4.832002,0.410094,80.77488,9.171004,-25.896081,1936.540138,NA,NA,NA,102.25414,90.29428,-25.166317,0.953934,11.50414,-0.97858,-3.47555,50,5.3078,1.57058,-85.11214,6.72474,8.12149,15.76735,-32.86488,GEO_PAT,NA,SpuhlerFieldMain,NA,NA,20250911-SpuhlerFieldMain-BP-2,9cefb2e0-8f22-11f0-a88d-dd3dcd3eeb83,91.91161,6.97634,NA,3.50208,NA,NA,NA,2.97615,3.40603,-0.71714,2f62e1e7-1fce-432c-b24b-cc7c2e53f2bb,2025-09-11,15:18:46,2025-09-11T15:18:46Z,2025-09-11T15:18:46Z,GroundBall,v3,471300,NA,NA,NA,NA,Undefined,GEO_PAT,9ae147f0-09ee-4b31-9433-1918e100aca7,33.73985,-82.0446,7.88367,5.99413,0.33089,-16.43244,-3.0163,3.15061,4.06074,348.823056,2.97615,105.21148,-14.06642,2.77232,-0.56428,0.09002,0.00451,-0.01253,0.00354,3.40603,18.88183,-26.11591,3.33592,-0.93564,0.53257,-0.43065,0.2327,-0.05442,-0.71714,-51.07946,8.30314,-1.70597,-1.72572,4.15276,-4.51786,2.58778,-0.61488,NA,NA,NA,NA,NA,NA,NA,NA,NA,NA,NA,NA,NA,NA,NA,NA,NA,NA,NA,NA,NA,NA,High,High,High,Low,Medium,NA,NA,NA,NA,NA,NA,NA,NA,NA,NA,NA,NA,NA,NA,NA,NA,NA,NA,NA,NA,NA,NA,NA,NA,NA,NA,NA,NA,NA,NA,NA,NA,NA,NA,NA,NA,NA,NA,NA,NA,NA,NA,NA,NA,NA,NA,NA,NA,NA,NA,NA,NA,NA,NA,NA
NA,NA,NA,NA,NA,NA,NA,NA,NA,NA,NA,NA,NA,NA,NA,NA,67,2025-09-11,11:18:58,NA,NA,NA,NA,Undefined,GEO_PAT,"Terelli, Lucas",119,Right,GEO_PAT,Undefined,1,Bottom,0,0,0,Undefined,Curveball,Undefined,Undefined,Undefined,Undefined,0,0,NA,56.41376,0.840875,-1.008095,2254.740392,77.510037,08:30:00,6.01571,3.03873,26.68188,-34.17226,-2.00614,-12.87552,3.64379,1.39546,52.81252,-9.385663,-4.805574,0.408198,92.84791,16.128163,-21.685064,1055.802488,99.99941,21.25672,-45.82656,224.80961,217.88988,-27.617726,2.110581,16.99119,-2.52914,-3.11748,50,5.18043,-0.77461,-85.77111,7.62964,12.1714,16.10114,-33.98575,GEO_PAT,NA,SpuhlerFieldMain,NA,NA,20250911-SpuhlerFieldMain-BP-2,a3bd7d50-8f22-11f0-a88d-dd3dcd3eeb83,92.33861,21.319,NA,3.60124,NA,NA,NA,3.24051,3.91275,-1.53494,2f62e1e7-1fce-432c-b24b-cc7c2e53f2bb,2025-09-11,15:18:58,2025-09-11T15:18:58Z,2025-09-11T15:18:58Z,LineDrive,v3,471300,NA,NA,NA,NA,Undefined,GEO_PAT,82849afd-0444-49bf-a2c6-c1506d0e05c7,33.82674,-82.6793,8.05057,6.01892,1.10355,-16.99288,-3.04182,1.5626,6.0857,84.41917,3.24051,121.55909,-17.88457,2.99043,-0.61876,0.10639,-0.01876,0.00269,-1.9e-4,3.91276,37.82808,-22.54171,2.54119,-0.53806,0.11295,-0.01927,0.00268,-2.1e-4,-1.53493,-48.33757,-1.9709700000000001,1.43147,-0.43105,0.11103,-0.02214,0.00333,-2.5e-4,NA,NA,NA,NA,NA,NA,NA,NA,NA,NA,NA,NA,NA,NA,NA,NA,NA,NA,NA,NA,NA,NA,High,High,High,High,High,NA,NA,NA,NA,NA,NA,NA,NA,NA,NA,NA,NA,NA,NA,NA,NA,NA,NA,NA,NA,NA,NA,NA,NA,NA,NA,NA,NA,NA,NA,NA,NA,NA,NA,NA,NA,NA,NA,NA,NA,NA,NA,NA,NA,NA,NA,NA,NA,NA,NA,NA,NA,NA,NA,NA
NA,NA,NA,NA,NA,NA,NA,NA,NA,NA,NA,NA,NA,NA,NA,NA,68,2025-09-11,11:19:05,NA,NA,NA,NA,Undefined,GEO_PAT,"Terelli, Lucas",119,Right,GEO_PAT,Undefined,1,Bottom,0,0,0,Undefined,NA,Undefined,Undefined,Undefined,Undefined,0,0,NA,64.53341,0.220496,-1.093485,1495.150996,NA,NA,5.87254,1.48212,18.27036,NA,NA,NA,4.31096,1.85619,59.22692,-4.859736,2.142023,0.451484,NA,NA,NA,NA,NA,NA,NA,NA,NA,NA,NA,-12.33536,16.56556,-1.6526,50,5.78097,2.59681,-95.95356,1.80286,-11.22891,18.11416,-17.094360000000002,GEO_PAT,NA,SpuhlerFieldMain,NA,NA,20250911-SpuhlerFieldMain-BP-2,a802c820-8f22-11f0-a88d-dd3dcd3eeb83,83.48559,NA,NA,5.30649,NA,NA,NA,NA,NA,NA,2f62e1e7-1fce-432c-b24b-cc7c2e53f2bb,2025-09-11,15:19:05,2025-09-11T15:19:05Z,2025-09-11T15:19:05Z,NA,v3,471300,NA,NA,NA,NA,Undefined,GEO_PAT,a605d608-605d-43dd-8ab3-9b310636180c,42.23444,-94.4762,9.05708,5.87115,0.40868,-8.5471800000000009,-1.47815,1.681,-5.61446,NA,NA,NA,NA,NA,NA,NA,NA,NA,NA,NA,NA,NA,NA,NA,NA,NA,NA,NA,NA,NA,NA,NA,NA,NA,NA,NA,NA,NA,NA,NA,NA,NA,NA,NA,NA,NA,NA,NA,NA,NA,NA,NA,NA,NA,NA,NA,NA,NA,NA,Low,Low,Low,NA,NA,NA,NA,NA,NA,NA,NA,NA,NA,NA,NA,NA,NA,NA,NA,NA,NA,NA,NA,NA,NA,NA,NA,NA,NA,NA,NA,NA,NA,NA,NA,NA,NA,NA,NA,NA,NA,NA,NA,NA,NA,NA,NA,NA,NA,NA,NA,NA,NA,NA,NA,NA,NA,NA,NA,NA
NA,NA,NA,NA,NA,NA,NA,NA,NA,NA,NA,NA,NA,NA,NA,NA,69,2025-09-11,11:19:11,NA,NA,NA,NA,Undefined,GEO_PAT,"Terelli, Lucas",119,Right,GEO_PAT,Undefined,1,Bottom,0,0,0,Undefined,Curveball,Undefined,Undefined,Undefined,Undefined,0,0,NA,58.70428,0.695184,-2.263223,2597.983234,71.55855,08:30:00,6.04297,3.02196,27.22269,-31.24478,-2.59394,-9.93957,3.82625,0.93411,55.08426,-8.798461,-5.240547,0.385248,NA,NA,NA,NA,NA,NA,NA,NA,NA,NA,NA,12.98241,-3.36957,-3.50592,50,5.23528,1.55931,-89.20839,7.56981,10.10364,16.92263,-34.79644,GEO_PAT,NA,SpuhlerFieldMain,NA,NA,20250911-SpuhlerFieldMain-BP-2,abc77140-8f22-11f0-a88d-dd3dcd3eeb83,97.83946,NA,NA,3.62002,NA,NA,NA,NA,NA,NA,2f62e1e7-1fce-432c-b24b-cc7c2e53f2bb,2025-09-11,15:19:11,2025-09-11T15:19:11Z,2025-09-11T15:19:11Z,NA,v3,471300,NA,NA,NA,NA,Undefined,GEO_PAT,8c10ed1d-1111-4194-827b-909464333f02,33.28573,-85.97929,8.46131,6.04624,0.9301,-17.39822,-3.02444,3.48724,5.05182,NA,NA,NA,NA,NA,NA,NA,NA,NA,NA,NA,NA,NA,NA,NA,NA,NA,NA,NA,NA,NA,NA,NA,NA,NA,NA,NA,NA,NA,NA,NA,NA,NA,NA,NA,NA,NA,NA,NA,NA,NA,NA,NA,NA,NA,NA,NA,NA,NA,NA,High,High,High,NA,NA,NA,NA,NA,NA,NA,NA,NA,NA,NA,NA,NA,NA,NA,NA,NA,NA,NA,NA,NA,NA,NA,NA,NA,NA,NA,NA,NA,NA,NA,NA,NA,NA,NA,NA,NA,NA,NA,NA,NA,NA,NA,NA,NA,NA,NA,NA,NA,NA,NA,NA,NA,NA,NA,NA,NA
NA,NA,NA,NA,NA,NA,NA,NA,NA,NA,NA,NA,NA,NA,NA,NA,70,2025-09-11,11:19:19,NA,NA,NA,NA,Undefined,GEO_PAT,"Terelli, Lucas",119,Right,GEO_PAT,Undefined,1,Bottom,0,0,0,Undefined,Four-Seam,Undefined,Undefined,Undefined,Undefined,0,0,NA,64.70854,0.765228,0.245283,1723.470119,196.998317,12:30:00,5.85145,1.22553,18.24407,-22.7593,16.23013,4.62107,4.50045,1.7855,59.6731,-4.794205,1.325361,0.449412,95.16779,10.581179,-37.82306,2888.346138,83.43768,10.14265,-71.68067,161.23346,147.14351,-42.454296,1.37381,-3.91099,14.21044,-1.20008,50,5.68342,-0.15282,-96.12686,2.83816,-3.59855,17.21477,-19.0989,GEO_PAT,NA,SpuhlerFieldMain,NA,NA,20250911-SpuhlerFieldMain-BP-2,b0bcab20-8f22-11f0-a88d-dd3dcd3eeb83,83.87053,11.82737,NA,5.03545,NA,NA,NA,3.35974,4.67102,-1.53471,2f62e1e7-1fce-432c-b24b-cc7c2e53f2bb,2025-09-11,15:19:19,2025-09-11T15:19:19Z,2025-09-11T15:19:19Z,LineDrive,v3,471300,NA,NA,NA,NA,Undefined,GEO_PAT,f85ff8f2-f7f8-4e5e-b3d0-af4a09d0ff9b,42.26036,-94.73068,8.60739,5.85079,1.28917,-9.54945,-1.22431,-0.44468,-1.79927,NA,3.35974,108.37996,-22.07635,4.26499,-0.96856,0.20228,-0.04239,0.00747,-7.1e-4,4.67102,25.63071,-24.61532,3.32749,-0.76715,0.18005,-0.03798,0.00682,-6.9e-4,-1.53471,-84.138,3.78053,0.75864,-0.3477,0.11919,-0.03002,0.00585,-6.1e-4,NA,NA,NA,NA,NA,NA,NA,NA,NA,NA,NA,NA,NA,NA,NA,NA,NA,NA,NA,NA,NA,NA,High,High,High,Medium,High,NA,NA,NA,NA,NA,NA,NA,NA,NA,NA,NA,NA,NA,NA,NA,NA,NA,NA,NA,NA,NA,NA,NA,NA,NA,NA,NA,NA,NA,NA,NA,NA,NA,NA,NA,NA,NA,NA,NA,NA,NA,NA,NA,NA,NA,NA,NA,NA,NA,NA,NA,NA,NA,NA,NA
NA,NA,NA,NA,NA,NA,NA,NA,NA,NA,NA,NA,NA,NA,NA,NA,71,2025-09-11,11:19:26,NA,NA,NA,NA,Undefined,GEO_PAT,"Terelli, Lucas",119,Right,GEO_PAT,Undefined,1,Bottom,0,0,0,Undefined,Curveball,Undefined,Undefined,Undefined,Undefined,0,0,NA,58.49474,0.456875,-2.404341,2585.535955,65.475301,08:15:00,6.02313,3.01678,26.78203,-32.49084,-2.90894,-7.94961,3.57344,0.99763,55.07083,-9.265949,-4.753303,0.391457,91.87865,21.764899,7.08027,2835.086685,108.03294,37.88456,20.70671,308.4856,305.56081,18.666153,3.611663,9.95319,-3.6652,-3.56823,50,5.30886,2.22552,-88.66273,7.11047,7.69794,16.029419999999998,-35.00877,GEO_PAT,NA,SpuhlerFieldMain,NA,NA,20250911-SpuhlerFieldMain-BP-2,b4b583a0-8f22-11f0-a88d-dd3dcd3eeb83,96.28746,44.38346,NA,3.42392,NA,NA,NA,2.34836,3.65928,-1.04781,2f62e1e7-1fce-432c-b24b-cc7c2e53f2bb,2025-09-11,15:19:26,2025-09-11T15:19:26Z,2025-09-11T15:19:26Z,LineDrive,v3,471300,NA,NA,NA,NA,Undefined,GEO_PAT,7911b7d6-c723-4387-a771-32d3f472bf28,33.72648,-85.67012,8.0147099999999991,6.02624,0.57452,-17.50438,-3.01858,3.66268,3.84897,232.80057300000001,2.34779,124.21249,-22.65612,5.40483,-1.35249,0.37226,-0.093,0.01475,-9.8e-4,3.6598,49.95164,-16.06012,0.1178,0.41982,-0.21121,0.05986,-0.00835,4.2e-4,-1.04777,15.42472,9.07902,-3.53331,1.06261,-0.26095,0.05033,-0.00622,3.4e-4,NA,NA,NA,NA,NA,NA,NA,NA,NA,NA,NA,NA,NA,NA,NA,NA,NA,NA,NA,NA,NA,NA,High,High,High,High,High,NA,NA,NA,NA,NA,NA,NA,NA,NA,NA,NA,NA,NA,NA,NA,NA,NA,NA,NA,NA,NA,NA,NA,NA,NA,NA,NA,NA,NA,NA,NA,NA,NA,NA,NA,NA,NA,NA,NA,NA,NA,NA,NA,NA,NA,NA,NA,NA,NA,NA,NA,NA,NA,NA,NA
NA,NA,NA,NA,NA,NA,NA,NA,NA,NA,NA,NA,NA,NA,NA,NA,72,2025-09-11,11:19:32,NA,NA,NA,NA,Undefined,GEO_PAT,"Terelli, Lucas",119,Right,GEO_PAT,Undefined,1,Bottom,0,0,0,Undefined,Curveball,Undefined,Undefined,Undefined,Undefined,0,0,NA,58.12395,0.693202,-1.465938,2450.905984,78.860956,08:45:00,6.03422,3.07195,25.96386,-33.18423,-1.53724,-12.04032,3.66984,1.22078,54.40829,-9.023592,-4.940087,0.40489000000000003,94.23913,17.902487,-13.527417,1078.294453,107.20109,32.43668,-24.65613,352.70666,343.48362,-11.363967,3.712216,15.0343,-1.75673,-3.30004,50,5.33951,0.24459,-88.11749,6.90068,11.41183,16.55326,-33.50751,GEO_PAT,NA,SpuhlerFieldMain,NA,NA,20250911-SpuhlerFieldMain-BP-2,b7f85290-8f22-11f0-a88d-dd3dcd3eeb83,93.09293,40.96391,NA,3.71566,NA,NA,NA,2.84423,3.88145,-1.36058,2f62e1e7-1fce-432c-b24b-cc7c2e53f2bb,2025-09-11,15:19:32,2025-09-11T15:19:32Z,2025-09-11T15:19:32Z,LineDrive,v3,471300,NA,NA,NA,NA,Undefined,GEO_PAT,eaead863-1874-4531-9323-08268113002f,34.54445,-85.16462,8.27663,6.03736,0.9234,-16.75375,-3.07484,2.2803,5.70592,197.260315,2.84367,127.89356,-17.41149,3.78222,-0.88943,0.25376,-0.06743,0.01127,-7.9e-4,3.88259,42.45308,-11.9387,-0.58758,0.53949,-0.2672,0.08603,-0.01444,9.5e-4,-1.36029,-30.77371,7.22334,-2.05665,0.48856,-0.1001,0.01873,-0.00266,1.8e-4,NA,NA,NA,NA,NA,NA,NA,NA,NA,NA,NA,NA,NA,NA,NA,NA,NA,NA,NA,NA,NA,NA,High,High,High,High,High,NA,NA,NA,NA,NA,NA,NA,NA,NA,NA,NA,NA,NA,NA,NA,NA,NA,NA,NA,NA,NA,NA,NA,NA,NA,NA,NA,NA,NA,NA,NA,NA,NA,NA,NA,NA,NA,NA,NA,NA,NA,NA,NA,NA,NA,NA,NA,NA,NA,NA,NA,NA,NA,NA,NA
NA,NA,NA,NA,NA,NA,NA,NA,NA,NA,NA,NA,NA,NA,NA,NA,73,2025-09-11,11:19:41,NA,NA,NA,NA,Undefined,GEO_PAT,"Terelli, Lucas",119,Right,GEO_PAT,Undefined,1,Bottom,0,0,0,Undefined,NA,Undefined,Undefined,Undefined,Undefined,0,0,NA,65.12639,1.614653,0.266446,1646.484592,NA,NA,5.68774,1.34426,18.26039,NA,NA,NA,4.71839,1.62872,60.2544,-4.562556,0.531673,0.445543,32.36302,-28.534728,25.099233,NA,NA,NA,NA,13.07025,10.0145,9.962251,0.204289,-0.90374,11.05107,-1.31027,50,5.39967,-0.38371,-96.69006,4.45044,-0.84553,16.72561,-21.83485,GEO_PAT,NA,SpuhlerFieldMain,NA,NA,20250911-SpuhlerFieldMain-BP-2,bd800870-8f22-11f0-a88d-dd3dcd3eeb83,84.59887,4.7816,NA,4.87199,NA,NA,NA,4.90938,4.7816,-1.46924,2f62e1e7-1fce-432c-b24b-cc7c2e53f2bb,2025-09-11,15:19:41,2025-09-11T15:19:41Z,2025-09-11T15:19:41Z,GroundBall,v3,471300,NA,NA,NA,NA,Undefined,GEO_PAT,b06b99c3-8978-4e9a-a3f6-06c1a3ed5eb0,42.24508,-95.33916,8.3628,5.6879,2.68687,-10.91743,-1.34402,-0.452,-0.42276,180,4.86925,38.98304,NA,NA,NA,NA,NA,NA,NA,4.8057,-23.40687,NA,NA,NA,NA,NA,NA,NA,-1.48804,18.26035,NA,NA,NA,NA,NA,NA,NA,NA,NA,NA,NA,NA,NA,NA,NA,NA,NA,NA,NA,NA,NA,NA,NA,NA,NA,NA,NA,NA,NA,Low,Low,Low,Low,Low,NA,NA,NA,NA,NA,NA,NA,NA,NA,NA,NA,NA,NA,NA,NA,NA,NA,NA,NA,NA,NA,NA,NA,NA,NA,NA,NA,NA,NA,NA,NA,NA,NA,NA,NA,NA,NA,NA,NA,NA,NA,NA,NA,NA,NA,NA,NA,NA,NA,NA,NA,NA,NA,NA,NA
NA,NA,NA,NA,NA,NA,NA,NA,NA,NA,NA,NA,NA,NA,NA,NA,74,2025-09-11,11:24:01,NA,NA,NA,NA,Undefined,GEO_PAT,"Terelli, Lucas",119,Right,GEO_PAT,Undefined,1,Bottom,0,0,0,Undefined,Changeup,Undefined,Undefined,Undefined,Undefined,0,0,NA,65.66517,0.537154,0.349817,1459.827071,162.787303,11:30:00,5.85897,1.24458,18.26698,-25.09828,12.99367,-3.65961,4.15022,1.18887,60.17918,-5.582278,-0.506387,0.44421,NA,NA,NA,NA,NA,NA,NA,NA,NA,NA,NA,3.29386,11.48446,-1.19118,50,5.71844,-0.80315,-97.66834,2.61199,3.09708,19.19273,-21.37574,GEO_PAT,NA,SpuhlerFieldMain,NA,NA,20250911-SpuhlerFieldMain-BP-2,58770db0-8f23-11f0-a88d-dd3dcd3eeb83,84.85282,NA,NA,5.48599,NA,NA,NA,NA,NA,NA,2f62e1e7-1fce-432c-b24b-cc7c2e53f2bb,2025-09-11,15:24:01,2025-09-11T15:24:01Z,2025-09-11T15:24:01Z,NA,v3,471300,NA,NA,NA,NA,Undefined,GEO_PAT,5711efef-2b03-44f3-b039-413ef831c28b,42.2375,-96.13084,9.59637,5.85909,0.89961,-10.68787,-1.24558,-0.55505,1.54854,NA,NA,NA,NA,NA,NA,NA,NA,NA,NA,NA,NA,NA,NA,NA,NA,NA,NA,NA,NA,NA,NA,NA,NA,NA,NA,NA,NA,NA,NA,NA,NA,NA,NA,NA,NA,NA,NA,NA,NA,NA,NA,NA,NA,NA,NA,NA,NA,NA,NA,Medium,Medium,Medium,NA,NA,NA,NA,NA,NA,NA,NA,NA,NA,NA,NA,NA,NA,NA,NA,NA,NA,NA,NA,NA,NA,NA,NA,NA,NA,NA,NA,NA,NA,NA,NA,NA,NA,NA,NA,NA,NA,NA,NA,NA,NA,NA,NA,NA,NA,NA,NA,NA,NA,NA,NA,NA,NA,NA,NA,NA
NA,NA,NA,NA,NA,NA,NA,NA,NA,NA,NA,NA,NA,NA,NA,NA,75,2025-09-11,11:24:07,NA,NA,NA,NA,Undefined,GEO_PAT,"Terelli, Lucas",119,Right,GEO_PAT,Undefined,1,Bottom,0,0,0,Undefined,Four-Seam,Undefined,Undefined,Undefined,Undefined,0,0,NA,64.75053,-0.835711,-0.019151,1710.253145,168.828644,11:45:00,5.87743,1.20323,18.25295,-22.48588,16.41438,-3.01854,3.40788,0.93803,59.88796,-6.311811,-0.725233,0.448898,89.05572,23.834186,11.027801,2473.353076,108.69325,44.53029,16.90486,337.46105,335.49767,5.970532,4.251477,2.61398,14.9215,-1.20051,50,5.92667,-0.14019,-96.19855,0.13194,2.4095,17.1977,-18.41986,GEO_PAT,NA,SpuhlerFieldMain,NA,NA,20250911-SpuhlerFieldMain-BP-2,5bd6da80-8f23-11f0-a88d-dd3dcd3eeb83,83.96661,56.96844,NA,4.86256,NA,NA,NA,3.26849,3.56903,-0.99229,2f62e1e7-1fce-432c-b24b-cc7c2e53f2bb,2025-09-11,15:24:07,2025-09-11T15:24:07Z,2025-09-11T15:24:07Z,LineDrive,v3,471300,NA,NA,NA,NA,Undefined,GEO_PAT,eadfe431-06f4-40c5-b574-db5fb66e754e,42.25203,-94.8033,8.59885,5.87676,-1.36246,-9.20993,-1.20395,0.0553,1.20475,167.109398,3.26847,117.27199,-20.08814,5.04596,-1.13086,0.2501,-0.05047,0.00694,-4.2e-4,3.56996,52.75379,-12.52801,-0.978,0.74419,-0.31937,0.08667,-0.01258,7.3e-4,-0.99237,22.85696,-6.77938,1.47777,-0.30521,0.07276,-0.01718,0.00262,-1.7e-4,NA,NA,NA,NA,NA,NA,NA,NA,NA,NA,NA,NA,NA,NA,NA,NA,NA,NA,NA,NA,NA,NA,High,High,High,High,High,NA,NA,NA,NA,NA,NA,NA,NA,NA,NA,NA,NA,NA,NA,NA,NA,NA,NA,NA,NA,NA,NA,NA,NA,NA,NA,NA,NA,NA,NA,NA,NA,NA,NA,NA,NA,NA,NA,NA,NA,NA,NA,NA,NA,NA,NA,NA,NA,NA,NA,NA,NA,NA,NA,NA
NA,NA,NA,NA,NA,NA,NA,NA,NA,NA,NA,NA,NA,NA,NA,NA,76,2025-09-11,11:24:15,NA,NA,NA,NA,Undefined,GEO_PAT,"Terelli, Lucas",119,Right,GEO_PAT,Undefined,1,Bottom,0,0,0,Undefined,Curveball,Undefined,Undefined,Undefined,Undefined,0,0,NA,55.19713,0.246296,-1.180829,2330.99293,71.875674,08:30:00,6.06378,3.23376,27.01029,-34.64628,-1.80067,-8.16666,3.31454,1.8919,51.86249,-10.206644,-3.622558,0.412487,83.87849,18.901521,13.182026,1038.173319,107.53672,30.35133,23.14847,277.73073,272.02484,13.393703,3.168653,10.84237,-2.06362,-3.43189,50,5.34497,0.23425,-83.91476,6.96861,7.45574,15.11892,-33.59311,GEO_PAT,NA,SpuhlerFieldMain,NA,NA,20250911-SpuhlerFieldMain-BP-2,61148f10-8f23-11f0-a88d-dd3dcd3eeb83,91.37855,33.04078,NA,3.33464,NA,NA,NA,3.36566,3.69889,-2.01389,2f62e1e7-1fce-432c-b24b-cc7c2e53f2bb,2025-09-11,15:24:15,2025-09-11T15:24:15Z,2025-09-11T15:24:15Z,LineDrive,v3,471300,NA,NA,NA,NA,Undefined,GEO_PAT,50d52141-3082-4938-a931-131c58693dd1,33.49799,-80.88697,7.55946,6.0669,0.24109,-16.79655,-3.23547,1.72738,3.72787,187.706378,3.36565,113.32207,-15.54986,3.28393,-0.60814,0.07815,3e-4,-0.00254,3.5e-4,3.69888,39.85085,-14.06648,0.40898,-0.07867,0.06118,-0.02953,0.00758,-7.7e-4,-2.01388,26.54068,-2.61613,0.36616,-0.02582,-0.01047,0.00615,-0.00157,1.6e-4,NA,NA,NA,NA,NA,NA,NA,NA,NA,NA,NA,NA,NA,NA,NA,NA,NA,NA,NA,NA,NA,NA,Medium,High,Medium,High,High,NA,NA,NA,NA,NA,NA,NA,NA,NA,NA,NA,NA,NA,NA,NA,NA,NA,NA,NA,NA,NA,NA,NA,NA,NA,NA,NA,NA,NA,NA,NA,NA,NA,NA,NA,NA,NA,NA,NA,NA,NA,NA,NA,NA,NA,NA,NA,NA,NA,NA,NA,NA,NA,NA,NA
NA,NA,NA,NA,NA,NA,NA,NA,NA,NA,NA,NA,NA,NA,NA,NA,77,2025-09-11,11:24:26,NA,NA,NA,NA,Undefined,GEO_PAT,"Terelli, Lucas",119,Right,GEO_PAT,Undefined,1,Bottom,0,0,0,Undefined,NA,Undefined,Undefined,Undefined,Undefined,0,0,NA,65.83158,-0.045338,-0.254239,1637.877002,NA,NA,5.47937,1.33023,18.35794,NA,NA,NA,3.92166,1.69255,59.62271,-4.624606,1.272804,0.444479,NA,NA,NA,NA,NA,NA,NA,NA,NA,NA,NA,-5.72394,17.65706,-1.37468,50,5.42679,0.79257,-98.05359,1.258,-5.34927,21.28419,-15.67272,GEO_PAT,NA,SpuhlerFieldMain,NA,NA,20250911-SpuhlerFieldMain-BP-2,673306b0-8f23-11f0-a88d-dd3dcd3eeb83,84.80134,NA,NA,6.20887,NA,NA,NA,NA,NA,NA,2f62e1e7-1fce-432c-b24b-cc7c2e53f2bb,2025-09-11,15:24:26,2025-09-11T15:24:26Z,2025-09-11T15:24:26Z,NA,v3,471300,NA,NA,NA,NA,Undefined,GEO_PAT,7c2a4c7f-871d-4b0a-b3d9-ee394b633cb2,42.14494,-96.33342,10.6421,5.47728,-0.00865,-7.83636,-1.3281,0.36025,-2.67464,NA,NA,NA,NA,NA,NA,NA,NA,NA,NA,NA,NA,NA,NA,NA,NA,NA,NA,NA,NA,NA,NA,NA,NA,NA,NA,NA,NA,NA,NA,NA,NA,NA,NA,NA,NA,NA,NA,NA,NA,NA,NA,NA,NA,NA,NA,NA,NA,NA,NA,Low,Low,Low,NA,NA,NA,NA,NA,NA,NA,NA,NA,NA,NA,NA,NA,NA,NA,NA,NA,NA,NA,NA,NA,NA,NA,NA,NA,NA,NA,NA,NA,NA,NA,NA,NA,NA,NA,NA,NA,NA,NA,NA,NA,NA,NA,NA,NA,NA,NA,NA,NA,NA,NA,NA,NA,NA,NA,NA,NA
NA,NA,NA,NA,NA,NA,NA,NA,NA,NA,NA,NA,NA,NA,NA,NA,78,2025-09-11,11:24:32,NA,NA,NA,NA,Undefined,GEO_PAT,"Terelli, Lucas",119,Right,GEO_PAT,Undefined,1,Bottom,0,0,0,Undefined,Curveball,Undefined,Undefined,Undefined,Undefined,0,0,NA,58.8442,-0.109216,-0.958148,2597.658884,85.958972,08:45:00,6.12962,3.06592,26.39536,-30.31265,-0.02114,-12.80442,3.54123,1.45203,54.68751,-9.123794,-4.707044,0.396125,100.59384,16.795802,3.621251,1498.576831,109.98093,31.90169,2.00887,377.04593,201.77706,-2.727566,4.205071,16.54383,0.55591,-3.14175,50,5.66225,-0.75611,-89.58558,5.47063,12.80927,18.62567,-31.74363,GEO_PAT,NA,SpuhlerFieldMain,NA,NA,20250911-SpuhlerFieldMain-BP-2,6b277260-8f23-11f0-a88d-dd3dcd3eeb83,95.15296,44.78581,NA,4.15669,NA,NA,NA,3.15229,3.81578,-1.59413,2f62e1e7-1fce-432c-b24b-cc7c2e53f2bb,2025-09-11,15:24:32,2025-09-11T15:24:32Z,2025-09-11T15:24:32Z,LineDrive,v3,471300,NA,NA,NA,NA,Undefined,GEO_PAT,90a0b691-4346-4ae9-b85e-9bbb9e7fc9ff,34.11231,-86.21913,9.31283,6.13253,-0.26679,-15.87181,-3.06918,1.55907,6.40464,152.986365,3.15115,140.99377,-21.3411,4.19974,-1.13517,0.3562,-0.09051,0.01351,-8.3e-4,3.81734,42.58924,-11.30132,-0.3221,0.54786,-0.29341,0.0902,-0.0141,8.6e-4,-1.59406,8.92027,-6.93471,2.05388,-0.5225,0.10527,-0.01608,0.0016,-8e-5,NA,NA,NA,NA,NA,NA,NA,NA,NA,NA,NA,NA,NA,NA,NA,NA,NA,NA,NA,NA,NA,NA,High,High,High,High,Low,NA,NA,NA,NA,NA,NA,NA,NA,NA,NA,NA,NA,NA,NA,NA,NA,NA,NA,NA,NA,NA,NA,NA,NA,NA,NA,NA,NA,NA,NA,NA,NA,NA,NA,NA,NA,NA,NA,NA,NA,NA,NA,NA,NA,NA,NA,NA,NA,NA,NA,NA,NA,NA,NA,NA
NA,NA,NA,NA,NA,NA,NA,NA,NA,NA,NA,NA,NA,NA,NA,NA,79,2025-09-11,11:24:47,NA,NA,NA,NA,Undefined,GEO_PAT,"Terelli, Lucas",119,Right,GEO_PAT,Undefined,1,Bottom,0,0,0,Undefined,NA,Undefined,Undefined,Undefined,Undefined,0,0,NA,64.67281,1.098131,-0.645342,1784.752918,NA,NA,5.00584,1.37047,18.22558,NA,NA,NA,3.12934,1.95216,59.34703,-6.608842,2.276764,0.451673,NA,NA,NA,NA,NA,NA,NA,NA,NA,NA,NA,-10.8602,6.57898,-1.47349,50,4.78105,1.73238,-96.16171,3.86698,-9.89992,18.58926,-26.17679,GEO_PAT,NA,SpuhlerFieldMain,NA,NA,20250911-SpuhlerFieldMain-BP-2,73fc7e80-8f23-11f0-a88d-dd3dcd3eeb83,83.45078,NA,NA,5.32578,NA,NA,NA,NA,NA,NA,2f62e1e7-1fce-432c-b24b-cc7c2e53f2bb,2025-09-11,15:24:47,2025-09-11T15:24:47Z,2025-09-11T15:24:47Z,NA,v3,471300,NA,NA,NA,NA,Undefined,GEO_PAT,350eef78-a88e-454e-9a12-38c6d2be5160,42.27814,-94.65721,9.29463,5.00829,1.74838,-13.0884,-1.36571,0.93114,-4.94996,NA,NA,NA,NA,NA,NA,NA,NA,NA,NA,NA,NA,NA,NA,NA,NA,NA,NA,NA,NA,NA,NA,NA,NA,NA,NA,NA,NA,NA,NA,NA,NA,NA,NA,NA,NA,NA,NA,NA,NA,NA,NA,NA,NA,NA,NA,NA,NA,NA,NA,Low,Low,Low,NA,NA,NA,NA,NA,NA,NA,NA,NA,NA,NA,NA,NA,NA,NA,NA,NA,NA,NA,NA,NA,NA,NA,NA,NA,NA,NA,NA,NA,NA,NA,NA,NA,NA,NA,NA,NA,NA,NA,NA,NA,NA,NA,NA,NA,NA,NA,NA,NA,NA,NA,NA,NA,NA,NA,NA,NA
NA,NA,NA,NA,NA,NA,NA,NA,NA,NA,NA,NA,NA,NA,NA,NA,80,2025-09-11,11:25:03,NA,NA,NA,NA,Undefined,GEO_PAT,"Terelli, Lucas",119,Right,GEO_PAT,Undefined,1,Bottom,0,0,0,Undefined,NA,Undefined,Undefined,Undefined,Undefined,0,0,NA,64.81232,0.562115,-0.313851,1653.160045,NA,NA,5.85916,1.38102,18.33468,NA,NA,NA,4.40384,1.77416,59.64609,-4.897908,1.41834,0.448178,NA,NA,NA,NA,NA,NA,NA,NA,NA,NA,NA,-6.50252,14.57221,-1.43604,50,5.7169,0.94365,-96.33089,2.49467,-5.9899,17.71091,-18.75065,GEO_PAT,NA,SpuhlerFieldMain,NA,NA,20250911-SpuhlerFieldMain-BP-2,7d932cf0-8f23-11f0-a88d-dd3dcd3eeb83,84.10142,NA,NA,5.16623,NA,NA,NA,NA,NA,NA,2f62e1e7-1fce-432c-b24b-cc7c2e53f2bb,2025-09-11,15:25:03,2025-09-11T15:25:03Z,2025-09-11T15:25:03Z,NA,v3,471300,NA,NA,NA,NA,Undefined,GEO_PAT,6ec970c4-ce2b-440e-959c-47643dc1d17c,42.1695,-94.88029,8.85545,5.85833,0.95891,-9.37533,-1.37884,0.45306,-2.99495,NA,NA,NA,NA,NA,NA,NA,NA,NA,NA,NA,NA,NA,NA,NA,NA,NA,NA,NA,NA,NA,NA,NA,NA,NA,NA,NA,NA,NA,NA,NA,NA,NA,NA,NA,NA,NA,NA,NA,NA,NA,NA,NA,NA,NA,NA,NA,NA,NA,NA,Low,Low,Low,NA,NA,NA,NA,NA,NA,NA,NA,NA,NA,NA,NA,NA,NA,NA,NA,NA,NA,NA,NA,NA,NA,NA,NA,NA,NA,NA,NA,NA,NA,NA,NA,NA,NA,NA,NA,NA,NA,NA,NA,NA,NA,NA,NA,NA,NA,NA,NA,NA,NA,NA,NA,NA,NA,NA,NA,NA
NA,NA,NA,NA,NA,NA,NA,NA,NA,NA,NA,NA,NA,NA,NA,NA,81,2025-09-11,11:25:09,NA,NA,NA,NA,Undefined,GEO_PAT,"Terelli, Lucas",119,Right,GEO_PAT,Undefined,1,Bottom,0,0,0,Undefined,NA,Undefined,Undefined,Undefined,Undefined,0,0,NA,67.11761,2.731643,0.604727,1577.970554,NA,NA,5.31573,1.18694,18.11295,NA,NA,NA,3.57745,1.49087,61.1558,-7.844601,0.244877,0.438361,86.07672,5.250332,4.885447,1287.226485,NA,NA,NA,109.86881,41.94089,7.119517,0.961394,1.54476,-6.66426,-1.10477,50,4.86542,-1.13497,-99.85894,7.43903,1.50226,21.60305,-38.6549,GEO_PAT,NA,SpuhlerFieldMain,NA,NA,20250911-SpuhlerFieldMain-BP-2,8111a550-8f23-11f0-a88d-dd3dcd3eeb83,85.98486,5.73452,NA,5.96182,NA,NA,NA,2.0438,3.75722,-1.35638,2f62e1e7-1fce-432c-b24b-cc7c2e53f2bb,2025-09-11,15:25:09,2025-09-11T15:25:09Z,2025-09-11T15:25:09Z,GroundBall,v3,471300,NA,NA,NA,NA,Undefined,GEO_PAT,545c629c-041b-4146-80a7-41410388c71c,42.3929,-98.19946,10.80153,5.32282,4.46969,-19.32745,-1.18752,-1.01957,0.75113,267.973747,2.12233,124.1428,-13.54776,NA,NA,NA,NA,NA,NA,3.80323,10.90271,-15.50139,NA,NA,NA,NA,NA,NA,-1.40772,11.44273,4.4029,NA,NA,NA,NA,NA,NA,NA,NA,NA,NA,NA,NA,NA,NA,NA,NA,NA,NA,NA,NA,NA,NA,NA,NA,NA,NA,NA,NA,Low,Low,Low,Medium,Low,NA,NA,NA,NA,NA,NA,NA,NA,NA,NA,NA,NA,NA,NA,NA,NA,NA,NA,NA,NA,NA,NA,NA,NA,NA,NA,NA,NA,NA,NA,NA,NA,NA,NA,NA,NA,NA,NA,NA,NA,NA,NA,NA,NA,NA,NA,NA,NA,NA,NA,NA,NA,NA,NA,NA
NA,NA,NA,NA,NA,NA,NA,NA,NA,NA,NA,NA,NA,NA,NA,NA,82,2025-09-11,11:25:21,NA,NA,NA,NA,Undefined,GEO_PAT,"Terelli, Lucas",119,Right,GEO_PAT,Undefined,1,Bottom,0,0,0,Undefined,NA,Undefined,Undefined,Undefined,Undefined,0,0,NA,54.4497,-1.530367,-2.366427,2211.83376,NA,NA,5.9395,3.56254,26.06487,NA,NA,NA,3.45078,1.63246,49.84556,-7.368639,-4.322518,0.435337,NA,NA,NA,NA,NA,NA,NA,NA,NA,NA,NA,7.66741,23.77304,-4.11473,50,6.03336,2.39377,-82.89652,1.0955,5.01428,17.26608,-16.62706,GEO_PAT,NA,SpuhlerFieldMain,NA,NA,20250911-SpuhlerFieldMain-BP-2,88255260-8f23-11f0-a88d-dd3dcd3eeb83,86.58221,NA,NA,4.60414,NA,NA,NA,NA,NA,NA,2f62e1e7-1fce-432c-b24b-cc7c2e53f2bb,2025-09-11,15:25:21,2025-09-11T15:25:21Z,2025-09-11T15:25:21Z,NA,v3,471300,NA,NA,NA,NA,Undefined,GEO_PAT,4890c9f0-265b-4c23-adec-d7fdb01ebccc,34.4396,-79.58957,8.63304,5.93821,-2.08907,-8.31353,-3.56429,3.35415,2.50714,NA,NA,NA,NA,NA,NA,NA,NA,NA,NA,NA,NA,NA,NA,NA,NA,NA,NA,NA,NA,NA,NA,NA,NA,NA,NA,NA,NA,NA,NA,NA,NA,NA,NA,NA,NA,NA,NA,NA,NA,NA,NA,NA,NA,NA,NA,NA,NA,NA,NA,Low,Low,Low,NA,NA,NA,NA,NA,NA,NA,NA,NA,NA,NA,NA,NA,NA,NA,NA,NA,NA,NA,NA,NA,NA,NA,NA,NA,NA,NA,NA,NA,NA,NA,NA,NA,NA,NA,NA,NA,NA,NA,NA,NA,NA,NA,NA,NA,NA,NA,NA,NA,NA,NA,NA,NA,NA,NA,NA,NA
NA,NA,NA,NA,NA,NA,NA,NA,NA,NA,NA,NA,NA,NA,NA,NA,83,2025-09-11,11:25:35,NA,NA,NA,NA,Undefined,GEO_PAT,"Terelli, Lucas",119,Right,GEO_PAT,Undefined,1,Bottom,0,0,0,Undefined,NA,Undefined,Undefined,Undefined,Undefined,0,0,NA,65.08664,0.898535,-0.25974,1774.226157,NA,NA,5.46321,1.37685,18.27285,NA,NA,NA,3.76305,1.64951,59.76278,-5.917823,1.025057,0.447804,88.93135,11.209098,-2.868721,1298.15338,109.97421,16.93472,-2.37474,239.84745,232.06495,2.313977,2.317499,-4.80859,9.33792,-1.42028,50,5.26842,0.73861,-96.76261,3.3717800000000002,-4.44921,18.48817,-23.53401,GEO_PAT,NA,SpuhlerFieldMain,NA,NA,20250911-SpuhlerFieldMain-BP-2,90c4f6a0-8f23-11f0-a88d-dd3dcd3eeb83,84.1717,17.13071,NA,5.32386,NA,NA,NA,2.16338,3.83955,-1.63631,2f62e1e7-1fce-432c-b24b-cc7c2e53f2bb,2025-09-11,15:25:35,2025-09-11T15:25:35Z,2025-09-11T15:25:35Z,LineDrive,v3,471300,NA,NA,NA,NA,Undefined,GEO_PAT,7e737f1c-4a22-4260-ba6f-8c85e6bfdb45,42.23095,-95.26663,9.24408,5.46421,1.46752,-11.767,-1.37508,0.3786,-2.2246,224.028823,2.16339,127.78382,-15.23285,2.69562,-0.51455,0.09405,-0.01615,0.00223,-1.6e-4,3.83958,25.35176,-12.46384,0.39381,-0.06424,0.04195,-0.01709,0.00418,-4.3e-4,-1.63628,-6.4058,7.18407,-1.48895,0.28858,-0.03314,-0.00346,0.00212,-2.6e-4,NA,NA,NA,NA,NA,NA,NA,NA,NA,NA,NA,NA,NA,NA,NA,NA,NA,NA,NA,NA,NA,NA,Low,Low,Low,Medium,Medium,NA,NA,NA,NA,NA,NA,NA,NA,NA,NA,NA,NA,NA,NA,NA,NA,NA,NA,NA,NA,NA,NA,NA,NA,NA,NA,NA,NA,NA,NA,NA,NA,NA,NA,NA,NA,NA,NA,NA,NA,NA,NA,NA,NA,NA,NA,NA,NA,NA,NA,NA,NA,NA,NA,NA
NA,NA,NA,NA,NA,NA,NA,NA,NA,NA,NA,NA,NA,NA,NA,NA,84,2025-09-11,11:25:46,NA,NA,NA,NA,Undefined,GEO_PAT,"Terelli, Lucas",119,Right,GEO_PAT,Undefined,1,Bottom,0,0,0,Undefined,NA,Undefined,Undefined,Undefined,Undefined,0,0,NA,56.1462,3.661478,-2.95517,2287.767613,NA,NA,5.70879,3.50475,26.60277,NA,NA,NA,3.53069,1.40961,55.73091,-11.311978,-4.429613,0.400245,NA,NA,NA,NA,NA,NA,NA,NA,NA,NA,NA,6.6004,-28.38694,-4.24071,50.0003,3.69426,3.30733,-83.28177,15.547180000000001,4.89753,5.23457,-53.23735,GEO_PAT,NA,SpuhlerFieldMain,NA,NA,20250911-SpuhlerFieldMain-BP-2,96e0af20-8f23-11f0-a88d-dd3dcd3eeb83,94.17342,NA,NA,0.41529,NA,NA,NA,NA,NA,NA,2f62e1e7-1fce-432c-b24b-cc7c2e53f2bb,2025-09-11,15:25:46,2025-09-11T15:25:46Z,2025-09-11T15:25:46Z,NA,v3,471300,NA,NA,NA,NA,Undefined,GEO_PAT,9ffdadb3-9b90-4914-9112-69c4f221ad22,33.91253,-82.26438,2.61728,5.71046,5.19997,-26.61868,-3.50539,4.25921,2.44876,NA,NA,NA,NA,NA,NA,NA,NA,NA,NA,NA,NA,NA,NA,NA,NA,NA,NA,NA,NA,NA,NA,NA,NA,NA,NA,NA,NA,NA,NA,NA,NA,NA,NA,NA,NA,NA,NA,NA,NA,NA,NA,NA,NA,NA,NA,NA,NA,NA,NA,Low,Low,Low,NA,NA,NA,NA,NA,NA,NA,NA,NA,NA,NA,NA,NA,NA,NA,NA,NA,NA,NA,NA,NA,NA,NA,NA,NA,NA,NA,NA,NA,NA,NA,NA,NA,NA,NA,NA,NA,NA,NA,NA,NA,NA,NA,NA,NA,NA,NA,NA,NA,NA,NA,NA,NA,NA,NA,NA,NA
NA,NA,NA,NA,NA,NA,NA,NA,NA,NA,NA,NA,NA,NA,NA,NA,85,2025-09-11,11:25:52,NA,NA,NA,NA,Undefined,GEO_PAT,"Terelli, Lucas",119,Right,GEO_PAT,Undefined,1,Bottom,0,0,0,Undefined,Curveball,Undefined,Undefined,Undefined,Undefined,0,0,NA,64.5227,0.349247,0.180374,1646.484521,156.075405,11:15:00,5.84209,1.24116,18.21153,-28.25072,10.88166,-4.34744,3.73707,1.00757,59.86225,-6.462517,-0.835775,0.450235,94.03871,7.442185,-16.740636,5056.271838,103.32191,8.60723,-37.7436,173.17102,152.27018,-21.771521,1.459745,3.81331,9.71725,-1.20951,50,5.72178,-0.54641,-95.82291,2.43655,3.5021,16.49961,-23.24984,GEO_PAT,NA,SpuhlerFieldMain,NA,NA,20250911-SpuhlerFieldMain-BP-2,9ab66f40-8f23-11f0-a88d-dd3dcd3eeb83,83.71722,9.44952,NA,4.66045,NA,NA,NA,2.2884,3.99253,-1.25995,2f62e1e7-1fce-432c-b24b-cc7c2e53f2bb,2025-09-11,15:25:52,2025-09-11T15:25:52Z,2025-09-11T15:25:52Z,LineDrive,v3,471300,NA,NA,NA,NA,Undefined,GEO_PAT,3bc6f041-227b-41cd-8266-38e8d382fb58,42.29359,-94.48664,8.24981,5.84286,0.55359,-11.62492,-1.24228,-0.26278,1.75105,110.591623,2.28839,130.96538,-19.6216,3.75939,-0.5797,-0.0957,0.14265,-0.05939,0.00954,3.99253,17.86426,-15.05061,0.85949,-0.40918,0.42055,-0.28673,0.10738,-0.01672,-1.25996,-39.39223,-3.98632,1.22119,0.07555,-0.48918,0.38819,-0.14958,0.02349,NA,NA,NA,NA,NA,NA,NA,NA,NA,NA,NA,NA,NA,NA,NA,NA,NA,NA,NA,NA,NA,NA,High,Medium,Medium,High,High,NA,NA,NA,NA,NA,NA,NA,NA,NA,NA,NA,NA,NA,NA,NA,NA,NA,NA,NA,NA,NA,NA,NA,NA,NA,NA,NA,NA,NA,NA,NA,NA,NA,NA,NA,NA,NA,NA,NA,NA,NA,NA,NA,NA,NA,NA,NA,NA,NA,NA,NA,NA,NA,NA,NA
NA,NA,NA,NA,NA,NA,NA,NA,NA,NA,NA,NA,NA,NA,NA,NA,86,2025-09-11,11:26:19,NA,NA,NA,NA,Undefined,GEO_PAT,"Terelli, Lucas",119,Right,GEO_PAT,Undefined,1,Bottom,0,0,0,Undefined,Curveball,Undefined,Undefined,Undefined,Undefined,0,0,NA,55.63724,0.721424,-0.866185,2035.347622,78.865278,08:45:00,6.02765,3.03232,26.4865,-35.01675,-1.71662,-13.02481,3.52021,1.45394,52.38177,-9.673697,-4.691676,0.415331,NA,NA,NA,NA,NA,NA,NA,NA,NA,NA,NA,17.03832,-1.94469,-3.07291,50,5.2343,-0.95403,-84.38144,7.36781,11.91636,14.68756,-33.53414,GEO_PAT,NA,SpuhlerFieldMain,NA,NA,20250911-SpuhlerFieldMain-BP-2,aa849b90-8f23-11f0-a88d-dd3dcd3eeb83,90.75276,NA,NA,3.25547,NA,NA,NA,NA,NA,NA,2f62e1e7-1fce-432c-b24b-cc7c2e53f2bb,2025-09-11,15:26:19,2025-09-11T15:26:19Z,2025-09-11T15:26:19Z,NA,v3,471300,NA,NA,NA,NA,Undefined,GEO_PAT,4a0baeab-3d89-46d6-8a81-1b04ce6829fa,34.02224,-81.55292,7.34378,6.03135,0.90983,-16.76707,-3.03567,1.34081,5.95818,NA,NA,NA,NA,NA,NA,NA,NA,NA,NA,NA,NA,NA,NA,NA,NA,NA,NA,NA,NA,NA,NA,NA,NA,NA,NA,NA,NA,NA,NA,NA,NA,NA,NA,NA,NA,NA,NA,NA,NA,NA,NA,NA,NA,NA,NA,NA,NA,NA,NA,High,High,High,NA,NA,NA,NA,NA,NA,NA,NA,NA,NA,NA,NA,NA,NA,NA,NA,NA,NA,NA,NA,NA,NA,NA,NA,NA,NA,NA,NA,NA,NA,NA,NA,NA,NA,NA,NA,NA,NA,NA,NA,NA,NA,NA,NA,NA,NA,NA,NA,NA,NA,NA,NA,NA,NA,NA,NA,NA
NA,NA,NA,NA,NA,NA,NA,NA,NA,NA,NA,NA,NA,NA,NA,NA,87,2025-09-11,11:26:25,NA,NA,NA,NA,Undefined,GEO_PAT,"Terelli, Lucas",119,Right,GEO_PAT,Undefined,1,Bottom,0,0,0,Undefined,NA,Undefined,Undefined,Undefined,Undefined,0,0,NA,64.76902,-0.062081,-0.505705,1716.35376,NA,NA,5.84058,1.39025,18.285,NA,NA,NA,4.11809,1.69724,59.66274,-5.014931,1.367025,0.448841,80.25653,19.72785,13.059219,3070.62933,105.36286,30.16957,31.59991,245.40326,241.77015,22.001423,2.969134,-7.05162,16.66859,-1.47125,50,5.78758,1.2903,-96.23415,1.31648,-6.49255,17.46759,-16.82698,GEO_PAT,NA,SpuhlerFieldMain,NA,NA,20250911-SpuhlerFieldMain-BP-2,ae3806a0-8f23-11f0-a88d-dd3dcd3eeb83,83.97718,30.98951,NA,5.10629,NA,NA,NA,1.40589,4.10246,-1.39558,2f62e1e7-1fce-432c-b24b-cc7c2e53f2bb,2025-09-11,15:26:25,2025-09-11T15:26:25Z,2025-09-11T15:26:25Z,LineDrive,v3,471300,NA,NA,NA,NA,Undefined,GEO_PAT,4a948bb0-3838-40a9-977b-14db1f45abc4,42.21874,-94.81124,8.7338,5.83899,-0.05424,-8.41349,-1.38769,0.76142,-3.24627,230.897103,1.40585,107.93631,-18.53483,4.34957,-0.91226,0.1688,-0.02598,0.00258,-5e-5,4.10246,39.73396,-15.20991,0.26967,0.1093,-0.00651,-0.01536,0.00682,-9e-4,-1.39558,25.03611,5.18769,-2.0247,0.59868,-0.14681,0.03001,-0.00421,2.7e-4,NA,NA,NA,NA,NA,NA,NA,NA,NA,NA,NA,NA,NA,NA,NA,NA,NA,NA,NA,NA,NA,NA,Low,Low,Low,High,High,NA,NA,NA,NA,NA,NA,NA,NA,NA,NA,NA,NA,NA,NA,NA,NA,NA,NA,NA,NA,NA,NA,NA,NA,NA,NA,NA,NA,NA,NA,NA,NA,NA,NA,NA,NA,NA,NA,NA,NA,NA,NA,NA,NA,NA,NA,NA,NA,NA,NA,NA,NA,NA,NA,NA
NA,NA,NA,NA,NA,NA,NA,NA,NA,NA,NA,NA,NA,NA,NA,NA,88,2025-09-11,11:26:49,NA,NA,NA,NA,Undefined,GEO_PAT,"Terelli, Lucas",119,Right,GEO_PAT,Undefined,1,Bottom,0,0,0,Undefined,NA,Undefined,Undefined,Undefined,Undefined,0,0,NA,64.54458,5.635476,-0.494274,1634.467385,NA,NA,5.18335,1.40215,18.36798,NA,NA,NA,3.37895,1.4592,61.74311,-10.820821,0.65679,0.443506,NA,NA,NA,NA,NA,NA,NA,NA,NA,NA,NA,-4.40945,-29.00179,-1.48064,50,4.2362,1.1306,-95.42163,13.99666,-4.15619,11.61223,-59.51016,GEO_PAT,NA,SpuhlerFieldMain,NA,NA,20250911-SpuhlerFieldMain-BP-2,bcbe97c0-8f23-11f0-a88d-dd3dcd3eeb83,84.98752,NA,NA,2.80147,NA,NA,NA,NA,NA,NA,2f62e1e7-1fce-432c-b24b-cc7c2e53f2bb,2025-09-11,15:26:49,2025-09-11T15:26:49Z,2025-09-11T15:26:49Z,NA,v3,471300,NA,NA,NA,NA,Undefined,GEO_PAT,83abfed0-adf0-4bf8-90d9-75277c567bfc,42.14965,-94.46146,5.80611,5.1901,9.07599,-29.75508,-1.40136,0.78695,-2.07809,NA,NA,NA,NA,NA,NA,NA,NA,NA,NA,NA,NA,NA,NA,NA,NA,NA,NA,NA,NA,NA,NA,NA,NA,NA,NA,NA,NA,NA,NA,NA,NA,NA,NA,NA,NA,NA,NA,NA,NA,NA,NA,NA,NA,NA,NA,NA,NA,NA,NA,Low,Low,Low,NA,NA,NA,NA,NA,NA,NA,NA,NA,NA,NA,NA,NA,NA,NA,NA,NA,NA,NA,NA,NA,NA,NA,NA,NA,NA,NA,NA,NA,NA,NA,NA,NA,NA,NA,NA,NA,NA,NA,NA,NA,NA,NA,NA,NA,NA,NA,NA,NA,NA,NA,NA,NA,NA,NA,NA,NA
NA,NA,NA,NA,NA,NA,NA,NA,NA,NA,NA,NA,NA,NA,NA,NA,89,2025-09-11,11:26:54,NA,NA,NA,NA,Undefined,GEO_PAT,"Terelli, Lucas",119,Right,GEO_PAT,Undefined,1,Bottom,0,0,0,Undefined,NA,Undefined,Undefined,Undefined,Undefined,0,0,NA,66.24647,0.239844,-0.862665,1604.05269,NA,NA,5.64984,1.48746,18.17922,NA,NA,NA,3.92322,1.6277,60.39439,-5.338139,1.25496,0.442371,93.46153,18.608289,13.062076,1901.273373,107.08965,30.59248,25.1346,291.73901,283.90835,16.22237,3.069542,-8.12134,13.26524,-1.61639,50,5.55581,1.98047,-98.56743,1.95867,-7.72945,20.41988,-19.54895,GEO_PAT,NA,SpuhlerFieldMain,NA,NA,20250911-SpuhlerFieldMain-BP-2,bfd54da0-8f23-11f0-a88d-dd3dcd3eeb83,85.20551,34.06895,NA,5.85208,NA,NA,NA,3.31883,4.15512,-1.37021,2f62e1e7-1fce-432c-b24b-cc7c2e53f2bb,2025-09-11,15:26:54,2025-09-11T15:26:54Z,2025-09-11T15:26:54Z,LineDrive,v3,471300,NA,NA,NA,NA,Undefined,GEO_PAT,7b8d1a73-4dfb-4523-ab8a-e4113aae325f,42.32482,-96.96435,10.20994,5.64934,0.42396,-9.77448,-1.48473,1.37366,-3.86472,214.104091,3.31885,126.54869,-19.23407,3.97348,-0.82394,0.15937,-0.02638,0.00302,-1.6e-4,4.15513,43.74056,-17.71287,1.59771,-0.34024,0.06993,-0.0114,0.00143,-9e-5,-1.37021,29.3606,-1.0607,0.15128,-0.02415,0.00296,-4e-4,0,0,NA,NA,NA,NA,NA,NA,NA,NA,NA,NA,NA,NA,NA,NA,NA,NA,NA,NA,NA,NA,NA,NA,Low,Low,Low,High,Medium,NA,NA,NA,NA,NA,NA,NA,NA,NA,NA,NA,NA,NA,NA,NA,NA,NA,NA,NA,NA,NA,NA,NA,NA,NA,NA,NA,NA,NA,NA,NA,NA,NA,NA,NA,NA,NA,NA,NA,NA,NA,NA,NA,NA,NA,NA,NA,NA,NA,NA,NA,NA,NA,NA,NA
NA,NA,NA,NA,NA,NA,NA,NA,NA,NA,NA,NA,NA,NA,NA,NA,90,2025-09-11,11:27:02,NA,NA,NA,NA,Undefined,GEO_PAT,"Terelli, Lucas",119,Right,GEO_PAT,Undefined,1,Bottom,0,0,0,Undefined,Curveball,Undefined,Undefined,Undefined,Undefined,0,0,NA,55.49969,0.435676,-1.552093,2230.972258,86.511213,09:00:00,6.07479,3.11211,26.37018,-33.56781,0.25547,-10.36634,3.52639,1.36159,52.07898,-9.511899,-4.583402,0.418581,79.71551,21.808654,33.040771,2028.38383,90.3364,28.80805,62.76326,224.06827,219.32209,39.645717,2.574861,13.27064,0.60528,-3.38092,50,5.39131,0.51042,-84.1998,6.62145,9.20234,15.05865,-31.75433,GEO_PAT,NA,SpuhlerFieldMain,NA,NA,20250911-SpuhlerFieldMain-BP-2,c4adfed0-8f23-11f0-a88d-dd3dcd3eeb83,90.04817,28.93308,NA,3.42071,NA,NA,NA,4.54568,4.0116,-1.66422,2f62e1e7-1fce-432c-b24b-cc7c2e53f2bb,2025-09-11,15:27:02,2025-09-11T15:27:02Z,2025-09-11T15:27:02Z,LineDrive,v3,471300,NA,NA,NA,NA,Undefined,GEO_PAT,123afc96-9a99-404c-935a-5dbb86aad3d7,34.13806,-81.31351,7.52932,6.07715,0.53511,-15.87717,-3.11405,2.27423,4.60117,254.663179,4.54575,90.99044,-14.91617,2.9708,-0.46779,-0.05163,0.06413,-0.01957,0.00222,4.01157,43.43683,-20.68189,1.86132,-0.41883,0.13622,-0.04778,0.01175,-0.00125,-1.6642,59.18321,-0.3901,-0.69732,0.30452,-0.11715,0.04033,-0.00932,9.5e-4,NA,NA,NA,NA,NA,NA,NA,NA,NA,NA,NA,NA,NA,NA,NA,NA,NA,NA,NA,NA,NA,NA,High,High,High,High,High,NA,NA,NA,NA,NA,NA,NA,NA,NA,NA,NA,NA,NA,NA,NA,NA,NA,NA,NA,NA,NA,NA,NA,NA,NA,NA,NA,NA,NA,NA,NA,NA,NA,NA,NA,NA,NA,NA,NA,NA,NA,NA,NA,NA,NA,NA,NA,NA,NA,NA,NA,NA,NA,NA,NA
NA,NA,NA,NA,NA,NA,NA,NA,NA,NA,NA,NA,NA,NA,NA,NA,91,2025-09-11,11:27:22,NA,NA,NA,NA,Undefined,GEO_PAT,"Terelli, Lucas",119,Right,GEO_PAT,Undefined,1,Bottom,0,0,0,Undefined,NA,Undefined,Undefined,Undefined,Undefined,0,0,NA,63.99529,5.738925,-0.315524,1476.31105,NA,NA,5.22955,1.42529,18.46956,NA,NA,NA,3.48735,1.7873000000000001,60.94,-10.778048,1.339175,0.44727,NA,NA,NA,NA,NA,NA,NA,NA,NA,NA,NA,-6.25441,-28.57651,-1.48426,50,4.25687,0.95793,-94.68959,14.081480000000001,-5.76617,12.36538,-58.51987,GEO_PAT,NA,SpuhlerFieldMain,NA,NA,20250911-SpuhlerFieldMain-BP-2,d0587210-8f23-11f0-a88d-dd3dcd3eeb83,84.27226,NA,NA,3.05529,NA,NA,NA,NA,NA,NA,2f62e1e7-1fce-432c-b24b-cc7c2e53f2bb,2025-09-11,15:27:22,2025-09-11T15:27:22Z,2025-09-11T15:27:22Z,NA,v3,471300,NA,NA,NA,NA,Undefined,GEO_PAT,4035a0d2-c4af-4cda-833d-ca1fd74bfa86,42.04831,-93.64544,6.18269,5.2373,9.13995,-29.25993,-1.42393,0.47103,-2.88309,NA,NA,NA,NA,NA,NA,NA,NA,NA,NA,NA,NA,NA,NA,NA,NA,NA,NA,NA,NA,NA,NA,NA,NA,NA,NA,NA,NA,NA,NA,NA,NA,NA,NA,NA,NA,NA,NA,NA,NA,NA,NA,NA,NA,NA,NA,NA,NA,NA,NA,Low,Low,Low,NA,NA,NA,NA,NA,NA,NA,NA,NA,NA,NA,NA,NA,NA,NA,NA,NA,NA,NA,NA,NA,NA,NA,NA,NA,NA,NA,NA,NA,NA,NA,NA,NA,NA,NA,NA,NA,NA,NA,NA,NA,NA,NA,NA,NA,NA,NA,NA,NA,NA,NA,NA,NA,NA,NA,NA,NA
NA,NA,NA,NA,NA,NA,NA,NA,NA,NA,NA,NA,NA,NA,NA,NA,92,2025-09-11,11:27:28,NA,NA,NA,NA,Undefined,GEO_PAT,"Terelli, Lucas",119,Right,GEO_PAT,Undefined,1,Bottom,0,0,0,Undefined,Curveball,Undefined,Undefined,Undefined,Undefined,0,0,NA,58.77557,0.731011,-0.84725,2520.493322,77.60485,08:30:00,6.09751,2.99569,27.05058,-31.50891,-2.73496,-15.66835,3.88065,1.21614,55.32301,-8.78533,-5.524139,0.386075,86.49681,-2.849575,-10.781997,NA,NA,NA,NA,38.48321,26.6258,-13.016381,0.287324,21.43009,-3.64193,-2.96413,50,5.28974,-1.76621,-89.29265,7.60092,16.77464,16.50663,-35.02482,GEO_PAT,NA,SpuhlerFieldMain,NA,NA,20250911-SpuhlerFieldMain-BP-2,d3f8a340-8f23-11f0-a88d-dd3dcd3eeb83,97.62996,4.12236,NA,3.45255,NA,NA,NA,3.10087,4.12236,-1.48762,2f62e1e7-1fce-432c-b24b-cc7c2e53f2bb,2025-09-11,15:27:28,2025-09-11T15:27:28Z,2025-09-11T15:27:28Z,GroundBall,v3,471300,NA,NA,NA,NA,Undefined,GEO_PAT,75406065-0bf7-4e37-ad74-9d7e2525a4e9,33.45897,-86.18065,8.25332,6.10029,0.99768,-17.51241,-2.999,1.39632,8.38732,30.22976,3.10112,124.45679,-16.55051,NA,NA,NA,NA,NA,NA,4.12658,-6.50216,-27.40575,NA,NA,NA,NA,NA,NA,-1.48593,-23.78119,-4.2441,NA,NA,NA,NA,NA,NA,NA,NA,NA,NA,NA,NA,NA,NA,NA,NA,NA,NA,NA,NA,NA,NA,NA,NA,NA,NA,NA,NA,High,High,High,High,High,NA,NA,NA,NA,NA,NA,NA,NA,NA,NA,NA,NA,NA,NA,NA,NA,NA,NA,NA,NA,NA,NA,NA,NA,NA,NA,NA,NA,NA,NA,NA,NA,NA,NA,NA,NA,NA,NA,NA,NA,NA,NA,NA,NA,NA,NA,NA,NA,NA,NA,NA,NA,NA,NA,NA
NA,NA,NA,NA,NA,NA,NA,NA,NA,NA,NA,NA,NA,NA,NA,NA,93,2025-09-11,11:27:34,NA,NA,NA,NA,Undefined,GEO_PAT,"Terelli, Lucas",119,Right,GEO_PAT,Undefined,1,Bottom,0,0,0,Undefined,Changeup,Undefined,Undefined,Undefined,Undefined,0,0,NA,65.86108,2.351091,-3.461316,1520.030587,292.821176,03:45:00,5.42942,1.80512,18.2895,-49.38621,-11.74453,30.42269,2.99225,1.87234,61.13456,-9.384065,3.665081,0.441577,92.04825,24.615375,9.370865,1702.537714,109.1086,45.68068,13.97347,338.44318,338.09626,4.815408,4.148431,-27.56143,-10.61398,-2.32867,50,4.9982,7.68337,-97.88907,7.15282,-26.24122,18.15618,-42.27963,GEO_PAT,NA,SpuhlerFieldMain,NA,NA,20250911-SpuhlerFieldMain-BP-2,d7b9c9f0-8f23-11f0-a88d-dd3dcd3eeb83,85.35879,58.49354,NA,4.72652,NA,NA,NA,3.48088,3.83053,-1.1763,2f62e1e7-1fce-432c-b24b-cc7c2e53f2bb,2025-09-11,15:27:34,2025-09-11T15:27:34Z,2025-09-11T15:27:34Z,LineDrive,v3,471300,NA,NA,NA,NA,Undefined,GEO_PAT,f04f1e3e-3913-4d3a-9fc5-f40e4b47b969,42.22316,-96.43585,9.07809,5.43528,3.76878,-21.13981,-1.79776,5.58303,-13.12061,166.368154,3.48016,121.11661,-21.0398,5.27088,-1.23163,0.30597,-0.06713,0.00925,-5.4e-4,3.83192,56.19485,-14.85987,-0.11544,0.42828,-0.22929,0.06507,-0.00916,5e-4,-1.17655,19.9907,-6.10137,1.34673,-0.29929,0.07782,-0.01827,0.00261,-1.5e-4,NA,NA,NA,NA,NA,NA,NA,NA,NA,NA,NA,NA,NA,NA,NA,NA,NA,NA,NA,NA,NA,NA,High,Medium,Medium,High,High,NA,NA,NA,NA,NA,NA,NA,NA,NA,NA,NA,NA,NA,NA,NA,NA,NA,NA,NA,NA,NA,NA,NA,NA,NA,NA,NA,NA,NA,NA,NA,NA,NA,NA,NA,NA,NA,NA,NA,NA,NA,NA,NA,NA,NA,NA,NA,NA,NA,NA,NA,NA,NA,NA,NA
NA,NA,NA,NA,NA,NA,NA,NA,NA,NA,NA,NA,NA,NA,NA,NA,94,2025-09-11,11:28:12,NA,NA,NA,NA,Undefined,GEO_PAT,"Terelli, Lucas",119,Right,GEO_PAT,Undefined,1,Bottom,0,0,0,Undefined,Curveball,Undefined,Undefined,Undefined,Undefined,0,0,NA,65.25599,0.819493,-0.010526,1518.427694,22.95944,06:45:00,5.71453,1.27467,18.27592,-41.80439,-3.20756,-1.86709,2.81468,1.11157,60.1395,-9.172088,-0.448504,0.447144,NA,NA,NA,NA,NA,NA,NA,NA,NA,NA,NA,1.61654,-2.67118,-1.27294,50,5.50731,-0.08771,-97.15592,4.02081,1.49972,19.38632,-34.65224,GEO_PAT,NA,SpuhlerFieldMain,NA,NA,20250911-SpuhlerFieldMain-BP-2,ee0fb700-8f23-11f0-a88d-dd3dcd3eeb83,84.296,NA,NA,5.1165,NA,NA,NA,NA,NA,NA,2f62e1e7-1fce-432c-b24b-cc7c2e53f2bb,2025-09-11,15:28:12,2025-09-11T15:28:12Z,2025-09-11T15:28:12Z,NA,v3,471300,NA,NA,NA,NA,Undefined,GEO_PAT,a717d535-7497-4674-8fb3-31eb057120db,42.23062,-95.59306,9.69316,5.71885,1.22726,-17.32612,-1.27514,0.0332,0.74986,NA,NA,NA,NA,NA,NA,NA,NA,NA,NA,NA,NA,NA,NA,NA,NA,NA,NA,NA,NA,NA,NA,NA,NA,NA,NA,NA,NA,NA,NA,NA,NA,NA,NA,NA,NA,NA,NA,NA,NA,NA,NA,NA,NA,NA,NA,NA,NA,NA,NA,High,Medium,Medium,NA,NA,NA,NA,NA,NA,NA,NA,NA,NA,NA,NA,NA,NA,NA,NA,NA,NA,NA,NA,NA,NA,NA,NA,NA,NA,NA,NA,NA,NA,NA,NA,NA,NA,NA,NA,NA,NA,NA,NA,NA,NA,NA,NA,NA,NA,NA,NA,NA,NA,NA,NA,NA,NA,NA,NA,NA
NA,NA,NA,NA,NA,NA,NA,NA,NA,NA,NA,NA,NA,NA,NA,NA,95,2025-09-11,11:28:21,NA,NA,NA,NA,Undefined,GEO_PAT,"Terelli, Lucas",119,Right,GEO_PAT,Undefined,1,Bottom,0,0,0,Undefined,Curveball,Undefined,Undefined,Undefined,Undefined,0,0,NA,57.36434,0.837066,-1.332434,2292.0424,79.516266,08:45:00,6.01993,3.042,26.48992,-32.76856,-1.35516,-11.71568,3.7657,1.30736,53.75901,-8.913903,-4.767603,0.403394,NA,NA,NA,NA,NA,NA,NA,NA,NA,NA,NA,15.19544,-1.67646,-3.23038,50,5.22866,-0.05736,-87.06302,7.3721,11.26699,16.08911,-33.41711,GEO_PAT,NA,SpuhlerFieldMain,NA,NA,20250911-SpuhlerFieldMain-BP-2,f3b2e420-8f23-11f0-a88d-dd3dcd3eeb83,93.43838,NA,NA,3.60534,NA,NA,NA,NA,NA,NA,2f62e1e7-1fce-432c-b24b-cc7c2e53f2bb,2025-09-11,15:28:21,2025-09-11T15:28:21Z,2025-09-11T15:28:21Z,NA,v3,471300,NA,NA,NA,NA,Undefined,GEO_PAT,c266027b-aab2-4905-a889-d3fc81678f1c,34.01857,-84.05781,8.04455,6.02272,1.13027,-16.70855,-3.04455,2.04715,5.6335,NA,NA,NA,NA,NA,NA,NA,NA,NA,NA,NA,NA,NA,NA,NA,NA,NA,NA,NA,NA,NA,NA,NA,NA,NA,NA,NA,NA,NA,NA,NA,NA,NA,NA,NA,NA,NA,NA,NA,NA,NA,NA,NA,NA,NA,NA,NA,NA,NA,NA,High,High,High,NA,NA,NA,NA,NA,NA,NA,NA,NA,NA,NA,NA,NA,NA,NA,NA,NA,NA,NA,NA,NA,NA,NA,NA,NA,NA,NA,NA,NA,NA,NA,NA,NA,NA,NA,NA,NA,NA,NA,NA,NA,NA,NA,NA,NA,NA,NA,NA,NA,NA,NA,NA,NA,NA,NA,NA,NA
NA,NA,NA,NA,NA,NA,NA,NA,NA,NA,NA,NA,NA,NA,NA,NA,96,2025-09-11,11:28:33,NA,NA,NA,NA,Undefined,GEO_PAT,"Terelli, Lucas",119,Right,GEO_PAT,Undefined,1,Bottom,0,0,0,Undefined,Curveball,Undefined,Undefined,Undefined,Undefined,0,0,NA,56.95506,1.338583,-2.523137,2388.674858,23.834831,06:45:00,5.85284,3.46886,26.6645,-36.3201,-5.30847,-2.63536,3.58467,1.82027,54.28009,-9.455125,-3.30127,0.400805,81.92242,-1.744261,23.806266,NA,NA,NA,NA,40.60233,27.99984,21.203876,0.338808,2.86295,-7.30323,-4.13529,50,4.81724,3.28602,-85.81883,9.02717,2.12211,12.55179,-37.5874,GEO_PAT,NA,SpuhlerFieldMain,NA,NA,20250911-SpuhlerFieldMain-BP-2,fab50500-8f23-11f0-a88d-dd3dcd3eeb83,94.04174,3.94606,NA,2.67498,NA,NA,NA,3.4017,3.94606,-1.93285,2f62e1e7-1fce-432c-b24b-cc7c2e53f2bb,2025-09-11,15:28:33,2025-09-11T15:28:33Z,2025-09-11T15:28:33Z,GroundBall,v3,471300,NA,NA,NA,NA,Undefined,GEO_PAT,da73cfb4-8a54-4516-9607-fb9423e9ecab,33.84504,-83.42257,6.2759,5.85565,1.85135,-18.7937,-3.46928,3.69115,1.06106,305.878631,3.4089,109.59484,-23.46788,NA,NA,NA,NA,NA,NA,3.95409,-3.97505,-22.78022,NA,NA,NA,NA,NA,NA,-1.93692,48.6383,1.28088,NA,NA,NA,NA,NA,NA,NA,NA,NA,NA,NA,NA,NA,NA,NA,NA,NA,NA,NA,NA,NA,NA,NA,NA,NA,NA,NA,NA,Medium,High,Medium,High,Medium,NA,NA,NA,NA,NA,NA,NA,NA,NA,NA,NA,NA,NA,NA,NA,NA,NA,NA,NA,NA,NA,NA,NA,NA,NA,NA,NA,NA,NA,NA,NA,NA,NA,NA,NA,NA,NA,NA,NA,NA,NA,NA,NA,NA,NA,NA,NA,NA,NA,NA,NA,NA,NA,NA,NA
NA,NA,NA,NA,NA,NA,NA,NA,NA,NA,NA,NA,NA,NA,NA,NA,97,2025-09-11,11:28:40,NA,NA,NA,NA,Undefined,GEO_PAT,"Terelli, Lucas",119,Right,GEO_PAT,Undefined,1,Bottom,0,0,0,Undefined,Curveball,Undefined,Undefined,Undefined,Undefined,0,0,NA,56.82564,0.566168,-1.986239,2493.522436,83.020378,08:45:00,6.04201,3.04413,27.14396,-31.43293,-0.63925,-11.74477,3.7385,0.95739,53.25006,-8.973726,-5.496242,0.399395,72.89888,-36.282082,69.835542,NA,NA,NA,NA,8.56873,8.56873,29.412585,0.068015,15.61859,-0.68846,-3.41155,50,5.2721,0.74738,-86.44436,7.14225,11.36737,16.32762,-32.67513,GEO_PAT,NA,SpuhlerFieldMain,NA,NA,20250911-SpuhlerFieldMain-BP-2,fe965de0-8f23-11f0-a88d-dd3dcd3eeb83,94.37392,4.3283,NA,3.57558,NA,NA,NA,NA,NA,NA,2f62e1e7-1fce-432c-b24b-cc7c2e53f2bb,2025-09-11,15:28:40,2025-09-11T15:28:40Z,2025-09-11T15:28:40Z,GroundBall,v3,471300,NA,NA,NA,NA,Undefined,GEO_PAT,f1736526-bae5-4806-a1a0-6479dc70ac1b,33.36451,-83.24296,8.16381,6.04441,0.73556,-16.33757,-3.0465,2.97621,5.68368,NA,5.4299,29.88305,NA,NA,NA,NA,NA,NA,NA,4.33232,-63.63759,NA,NA,NA,NA,NA,NA,NA,-1.33182,81.37548,NA,NA,NA,NA,NA,NA,NA,NA,NA,NA,NA,NA,NA,NA,NA,NA,NA,NA,NA,NA,NA,NA,NA,NA,NA,NA,NA,NA,NA,High,High,High,Estimated,Estimated,NA,NA,NA,NA,NA,NA,NA,NA,NA,NA,NA,NA,NA,NA,NA,NA,NA,NA,NA,NA,NA,NA,NA,NA,NA,NA,NA,NA,NA,NA,NA,NA,NA,NA,NA,NA,NA,NA,NA,NA,NA,NA,NA,NA,NA,NA,NA,NA,NA,NA,NA,NA,NA,NA,NA
NA,NA,NA,NA,NA,NA,NA,NA,NA,NA,NA,NA,NA,NA,NA,NA,98,2025-09-11,11:28:52,NA,NA,NA,NA,Undefined,GEO_PAT,"Terelli, Lucas",119,Right,GEO_PAT,Undefined,1,Bottom,0,0,0,Undefined,NA,Undefined,Undefined,Undefined,Undefined,0,0,NA,64.55636,4.107782,-0.670579,1764.0583,NA,NA,5.05746,1.44457,18.28559,NA,NA,NA,3.00756,1.53782,60.45935,-10.037447,0.935393,0.448644,NA,NA,NA,NA,NA,NA,NA,NA,NA,NA,NA,-6.18126,-19.1917,-1.54874,50,4.3619,1.52506,-95.80413,10.63396,-5.70508,15.76013,-49.88726,GEO_PAT,NA,SpuhlerFieldMain,NA,NA,20250911-SpuhlerFieldMain-BP-2,0618d250-8f24-11f0-a88d-dd3dcd3eeb83,84.0142,NA,NA,4.09702,NA,NA,NA,NA,NA,NA,2f62e1e7-1fce-432c-b24b-cc7c2e53f2bb,2025-09-11,15:28:52,2025-09-11T15:28:52Z,2025-09-11T15:28:52Z,NA,v3,471300,NA,NA,NA,NA,Undefined,GEO_PAT,342fd465-534a-476f-baa8-2ee73017e5a8,42.22665,-94.51673,7.88007,5.06411,6.55883,-24.94363,-1.44319,1.05903,-2.85254,NA,NA,NA,NA,NA,NA,NA,NA,NA,NA,NA,NA,NA,NA,NA,NA,NA,NA,NA,NA,NA,NA,NA,NA,NA,NA,NA,NA,NA,NA,NA,NA,NA,NA,NA,NA,NA,NA,NA,NA,NA,NA,NA,NA,NA,NA,NA,NA,NA,NA,Low,Low,Low,NA,NA,NA,NA,NA,NA,NA,NA,NA,NA,NA,NA,NA,NA,NA,NA,NA,NA,NA,NA,NA,NA,NA,NA,NA,NA,NA,NA,NA,NA,NA,NA,NA,NA,NA,NA,NA,NA,NA,NA,NA,NA,NA,NA,NA,NA,NA,NA,NA,NA,NA,NA,NA,NA,NA,NA,NA
NA,NA,NA,NA,NA,NA,NA,NA,NA,NA,NA,NA,NA,NA,NA,NA,99,2025-09-11,11:29:10,NA,NA,NA,NA,Undefined,GEO_PAT,"Terelli, Lucas",119,Right,GEO_PAT,Undefined,1,Bottom,0,0,0,Undefined,Four-Seam,Undefined,Undefined,Undefined,Undefined,0,0,NA,66.94965,-0.12544,0.233792,1590.139838,163.391507,11:30:00,5.74592,1.18283,18.32826,-26.23458,9.63213,-2.60358,3.47046,1.1322,62.56592,-6.444543,-0.376824,0.43104,NA,NA,NA,NA,NA,NA,NA,NA,NA,NA,NA,2.34366,8.77733,-1.1458,50,5.69173,-0.56696,-99.37035,1.62003,2.33645,16.36644,-23.42383,GEO_PAT,NA,SpuhlerFieldMain,NA,NA,20250911-SpuhlerFieldMain-BP-2,10b30e10-8f24-11f0-a88d-dd3dcd3eeb83,87.44542,NA,NA,4.38372,NA,NA,NA,NA,NA,NA,2f62e1e7-1fce-432c-b24b-cc7c2e53f2bb,2025-09-11,15:29:10,2025-09-11T15:29:10Z,2025-09-11T15:29:10Z,NA,v3,471300,NA,NA,NA,NA,Undefined,GEO_PAT,0ecc617c-cfdc-46c5-a336-7521ac09550e,42.17797,-98.07359,8.18322,5.74656,-0.23591,-11.71191,-1.18339,-0.38184,1.16822,NA,NA,NA,NA,NA,NA,NA,NA,NA,NA,NA,NA,NA,NA,NA,NA,NA,NA,NA,NA,NA,NA,NA,NA,NA,NA,NA,NA,NA,NA,NA,NA,NA,NA,NA,NA,NA,NA,NA,NA,NA,NA,NA,NA,NA,NA,NA,NA,NA,NA,Medium,Medium,Medium,NA,NA,NA,NA,NA,NA,NA,NA,NA,NA,NA,NA,NA,NA,NA,NA,NA,NA,NA,NA,NA,NA,NA,NA,NA,NA,NA,NA,NA,NA,NA,NA,NA,NA,NA,NA,NA,NA,NA,NA,NA,NA,NA,NA,NA,NA,NA,NA,NA,NA,NA,NA,NA,NA,NA,NA,NA
NA,NA,NA,NA,NA,NA,NA,NA,NA,NA,NA,NA,NA,NA,NA,NA,100,2025-09-11,11:29:14,NA,NA,NA,NA,Undefined,GEO_PAT,"Terelli, Lucas",119,Right,GEO_PAT,Undefined,1,Bottom,0,0,0,Undefined,NA,Undefined,Undefined,Undefined,Undefined,0,0,NA,65.00343,1.635413,-0.607671,1725.621256,NA,NA,5.07345,1.44838,18.33435,NA,NA,NA,3.27314,1.31307,59.89936,-6.929282,0.227512,0.447261,NA,NA,NA,NA,NA,NA,NA,NA,NA,NA,NA,-3.31311,2.48099,-1.53768,50,4.76146,1.23042,-96.65468,5.07385,-3.06418,18.20037,-29.87946,GEO_PAT,NA,SpuhlerFieldMain,NA,NA,20250911-SpuhlerFieldMain-BP-2,131037f0-8f24-11f0-a88d-dd3dcd3eeb83,84.27397,NA,NA,5.10407,NA,NA,NA,NA,NA,NA,2f62e1e7-1fce-432c-b24b-cc7c2e53f2bb,2025-09-11,15:29:14,2025-09-11T15:29:14Z,2025-09-11T15:29:14Z,NA,v3,471300,NA,NA,NA,NA,Undefined,GEO_PAT,68d4e2b6-6bfb-4972-b03e-c728fcc6e585,42.17162,-95.16916,9.10018,5.07607,2.63507,-14.93973,-1.44746,0.98032,-1.53209,NA,NA,NA,NA,NA,NA,NA,NA,NA,NA,NA,NA,NA,NA,NA,NA,NA,NA,NA,NA,NA,NA,NA,NA,NA,NA,NA,NA,NA,NA,NA,NA,NA,NA,NA,NA,NA,NA,NA,NA,NA,NA,NA,NA,NA,NA,NA,NA,NA,NA,Low,Low,Low,NA,NA,NA,NA,NA,NA,NA,NA,NA,NA,NA,NA,NA,NA,NA,NA,NA,NA,NA,NA,NA,NA,NA,NA,NA,NA,NA,NA,NA,NA,NA,NA,NA,NA,NA,NA,NA,NA,NA,NA,NA,NA,NA,NA,NA,NA,NA,NA,NA,NA,NA,NA,NA,NA,NA,NA,NA
NA,NA,NA,NA,NA,NA,NA,NA,NA,NA,NA,NA,NA,NA,NA,NA,101,2025-09-11,11:29:20,NA,NA,NA,NA,Undefined,GEO_PAT,"Terelli, Lucas",119,Right,GEO_PAT,Undefined,1,Bottom,0,0,0,Undefined,NA,Undefined,Undefined,Undefined,Undefined,0,0,NA,64.68164,0.41691,-0.02918,1764.137383,NA,NA,5.56838,1.37788,18.3345,NA,NA,NA,3.84014,1.72911,59.20203,-5.536193,1.016333,0.450532,NA,NA,NA,NA,NA,NA,NA,NA,NA,NA,NA,-3.8526,13.21099,-1.38858,50,5.44271,0.29215,-96.20471,2.35355,-3.51071,18.77453,-20.13548,GEO_PAT,NA,SpuhlerFieldMain,NA,NA,20250911-SpuhlerFieldMain-BP-2,16920bb0-8f24-11f0-a88d-dd3dcd3eeb83,83.66208,NA,NA,5.47961,NA,NA,NA,NA,NA,NA,2f62e1e7-1fce-432c-b24b-cc7c2e53f2bb,2025-09-11,15:29:20,2025-09-11T15:29:20Z,2025-09-11T15:29:20Z,NA,v3,471300,NA,NA,NA,NA,Undefined,GEO_PAT,6d8d7373-5200-4c48-8c44-5ed363bdd3c7,42.16865,-94.66407,9.38727,5.56805,0.70123,-10.06774,-1.37643,0.00406,-1.75535,NA,NA,NA,NA,NA,NA,NA,NA,NA,NA,NA,NA,NA,NA,NA,NA,NA,NA,NA,NA,NA,NA,NA,NA,NA,NA,NA,NA,NA,NA,NA,NA,NA,NA,NA,NA,NA,NA,NA,NA,NA,NA,NA,NA,NA,NA,NA,NA,NA,NA,Low,Low,Low,NA,NA,NA,NA,NA,NA,NA,NA,NA,NA,NA,NA,NA,NA,NA,NA,NA,NA,NA,NA,NA,NA,NA,NA,NA,NA,NA,NA,NA,NA,NA,NA,NA,NA,NA,NA,NA,NA,NA,NA,NA,NA,NA,NA,NA,NA,NA,NA,NA,NA,NA,NA,NA,NA,NA,NA,NA
NA,NA,NA,NA,NA,NA,NA,NA,NA,NA,NA,NA,NA,NA,NA,NA,102,2025-09-11,11:29:26,NA,NA,NA,NA,Undefined,GEO_PAT,"Terelli, Lucas",119,Right,GEO_PAT,Undefined,1,Bottom,0,0,0,Undefined,NA,Undefined,Undefined,Undefined,Undefined,0,0,NA,56.19011,0.993132,-2.875998,2342.36618,NA,NA,5.66975,3.51049,26.95005,NA,NA,NA,3.53121,1.39931,52.01653,-8.815566,-4.642484,0.408783,82.25844,-1.065762,-52.357347,4516.677656,NA,NA,NA,48.87381,35.22714,-49.725073,0.406852,6.96067,-0.16953,-4.23578,50,4.79029,3.21737,-85.67444,7.66459,4.89934,17.66237,-32.29336,GEO_PAT,NA,SpuhlerFieldMain,NA,NA,20250911-SpuhlerFieldMain-BP-2,1a051260-8f24-11f0-a88d-dd3dcd3eeb83,92.20651,4.04132,NA,4.17357,NA,NA,NA,3.81195,4.04132,-1.6684,2f62e1e7-1fce-432c-b24b-cc7c2e53f2bb,2025-09-11,15:29:26,2025-09-11T15:29:26Z,2025-09-11T15:29:26Z,GroundBall,v3,471300,NA,NA,NA,NA,Undefined,GEO_PAT,5d2cd66c-dc6c-463c-8dff-dc5979e1f0c4,33.55758,-82.21487,8.83118,5.67209,1.33922,-16.14668,-3.5116,4.17701,2.44967,NA,3.8207,73.37963,-12.61884,NA,NA,NA,NA,NA,NA,4.05141,-2.57893,-18.19392,NA,NA,NA,NA,NA,NA,-1.68256,-95.04543,18.58808,NA,NA,NA,NA,NA,NA,NA,NA,NA,NA,NA,NA,NA,NA,NA,NA,NA,NA,NA,NA,NA,NA,NA,NA,NA,NA,NA,NA,Low,Low,Low,Medium,Medium,NA,NA,NA,NA,NA,NA,NA,NA,NA,NA,NA,NA,NA,NA,NA,NA,NA,NA,NA,NA,NA,NA,NA,NA,NA,NA,NA,NA,NA,NA,NA,NA,NA,NA,NA,NA,NA,NA,NA,NA,NA,NA,NA,NA,NA,NA,NA,NA,NA,NA,NA,NA,NA,NA,NA
NA,NA,NA,NA,NA,NA,NA,NA,NA,NA,NA,NA,NA,NA,NA,NA,103,2025-09-11,11:29:45,NA,NA,NA,NA,Undefined,GEO_PAT,"Terelli, Lucas",119,Right,GEO_PAT,Undefined,1,Bottom,0,0,0,Undefined,NA,Undefined,Undefined,Undefined,Undefined,0,0,NA,65.85743,2.620717,-0.485037,1664.611057,NA,NA,5.18194,1.3649,18.22074,NA,NA,NA,3.08079,1.48922,60.5373,-8.739224,0.835435,0.443986,NA,NA,NA,NA,NA,NA,NA,NA,NA,NA,NA,-5.05008,-8.84315,-1.43915,50,4.72609,1.1442,-97.98938,7.42987,-4.76552,19.73201,-40.51891,GEO_PAT,NA,SpuhlerFieldMain,NA,NA,20250911-SpuhlerFieldMain-BP-2,25c22340-8f24-11f0-a88d-dd3dcd3eeb83,84.89559,NA,NA,5.32013,NA,NA,NA,NA,NA,NA,2f62e1e7-1fce-432c-b24b-cc7c2e53f2bb,2025-09-11,15:29:45,2025-09-11T15:29:45Z,2025-09-11T15:29:45Z,NA,v3,471300,NA,NA,NA,NA,Undefined,GEO_PAT,73704d04-7058-4dbf-93cd-756fa9b15ef0,42.28711,-96.42373,9.866,5.18807,4.21489,-20.25946,-1.36336,0.76608,-2.38276,NA,NA,NA,NA,NA,NA,NA,NA,NA,NA,NA,NA,NA,NA,NA,NA,NA,NA,NA,NA,NA,NA,NA,NA,NA,NA,NA,NA,NA,NA,NA,NA,NA,NA,NA,NA,NA,NA,NA,NA,NA,NA,NA,NA,NA,NA,NA,NA,NA,NA,Low,Low,Low,NA,NA,NA,NA,NA,NA,NA,NA,NA,NA,NA,NA,NA,NA,NA,NA,NA,NA,NA,NA,NA,NA,NA,NA,NA,NA,NA,NA,NA,NA,NA,NA,NA,NA,NA,NA,NA,NA,NA,NA,NA,NA,NA,NA,NA,NA,NA,NA,NA,NA,NA,NA,NA,NA,NA,NA,NA
NA,NA,NA,NA,NA,NA,NA,NA,NA,NA,NA,NA,NA,NA,NA,NA,104,2025-09-11,11:29:50,NA,NA,NA,NA,Undefined,GEO_PAT,"Terelli, Lucas",119,Right,GEO_PAT,Undefined,1,Bottom,0,0,0,Undefined,Four-Seam,Undefined,Undefined,Undefined,Undefined,0,0,NA,64.9396,-0.332868,-0.224837,1575.217351,173.403725,11:45:00,5.83584,1.22761,18.1885,-26.48517,12.5278,-1.31075,3.3911,0.95786,59.77126,-6.748101,-0.53106,0.449548,NA,NA,NA,NA,NA,NA,NA,NA,NA,NA,NA,1.0615,11.35579,-1.25543,50,5.81133,0.30454,-96.5746,1.1792,0.97805,18.45892,-21.71099,GEO_PAT,NA,SpuhlerFieldMain,NA,NA,20250911-SpuhlerFieldMain-BP-2,28bd88f0-8f24-11f0-a88d-dd3dcd3eeb83,83.84519,NA,NA,5.16834,NA,NA,NA,NA,NA,NA,2f62e1e7-1fce-432c-b24b-cc7c2e53f2bb,2025-09-11,15:29:50,2025-09-11T15:29:50Z,2025-09-11T15:29:50Z,NA,v3,471300,NA,NA,NA,NA,Undefined,GEO_PAT,f5527ef1-bef2-4a34-89b6-1758bc175e3a,42.31693,-95.09475,9.22946,5.8360900000000004,-0.56137,-10.8555,-1.22787,0.38295,0.48903,NA,NA,NA,NA,NA,NA,NA,NA,NA,NA,NA,NA,NA,NA,NA,NA,NA,NA,NA,NA,NA,NA,NA,NA,NA,NA,NA,NA,NA,NA,NA,NA,NA,NA,NA,NA,NA,NA,NA,NA,NA,NA,NA,NA,NA,NA,NA,NA,NA,NA,High,High,High,NA,NA,NA,NA,NA,NA,NA,NA,NA,NA,NA,NA,NA,NA,NA,NA,NA,NA,NA,NA,NA,NA,NA,NA,NA,NA,NA,NA,NA,NA,NA,NA,NA,NA,NA,NA,NA,NA,NA,NA,NA,NA,NA,NA,NA,NA,NA,NA,NA,NA,NA,NA,NA,NA,NA,NA,NA
NA,NA,NA,NA,NA,NA,NA,NA,NA,NA,NA,NA,NA,NA,NA,NA,105,2025-09-11,11:29:57,NA,NA,NA,NA,Undefined,GEO_PAT,"Terelli, Lucas",119,Right,GEO_PAT,Undefined,1,Bottom,0,0,0,Undefined,NA,Undefined,Undefined,Undefined,Undefined,0,0,NA,64.60731,4.79348,-0.873768,1749.081697,NA,NA,4.53055,1.40761,18.30011,NA,NA,NA,3.07821,1.60605,59.34751,-9.118158,1.431986,0.452241,93.86678,11.516112,-9.706956,1854.17165,107.47767,14.38145,-23.42001,199.22655,187.44832,-13.679551,1.801871,-8.79556,-17.62414,-1.54138,50,3.756,1.9982,-95.98949,11.55609,-7.97443,18.77019,-48.15285,GEO_PAT,NA,SpuhlerFieldMain,NA,NA,20250911-SpuhlerFieldMain-BP-2,2cb66170-8f24-11f0-a88d-dd3dcd3eeb83,83.34593,14.45586,NA,5.2598,NA,NA,NA,3.0188,3.36228,-1.3792,2f62e1e7-1fce-432c-b24b-cc7c2e53f2bb,2025-09-11,15:29:57,2025-09-11T15:29:57Z,2025-09-11T15:29:57Z,LineDrive,v3,471300,NA,NA,NA,NA,Undefined,GEO_PAT,afe919df-40e5-4fa8-8e4e-ad9162082d07,42.2109,-94.45409,9.38509,4.54018,7.6172,-24.07643,-1.40461,1.3459,-3.98721,111.851265,3.01879,132.969,-21.58959,4.94831,-0.82833,-0.16023,0.24858,-0.10283,0.01548,3.36229,27.48417,-17.71758,0.94831,-0.26396,0.34034,-0.27316,0.10508,-0.0155,-1.37921,-22.74423,-3.352,1.6219,-0.27187,-0.27429,0.29171,-0.11684,0.01744,NA,NA,NA,NA,NA,NA,NA,NA,NA,NA,NA,NA,NA,NA,NA,NA,NA,NA,NA,NA,NA,NA,Low,Low,Low,High,High,NA,NA,NA,NA,NA,NA,NA,NA,NA,NA,NA,NA,NA,NA,NA,NA,NA,NA,NA,NA,NA,NA,NA,NA,NA,NA,NA,NA,NA,NA,NA,NA,NA,NA,NA,NA,NA,NA,NA,NA,NA,NA,NA,NA,NA,NA,NA,NA,NA,NA,NA,NA,NA,NA,NA
NA,NA,NA,NA,NA,NA,NA,NA,NA,NA,NA,NA,NA,NA,NA,NA,106,2025-09-11,11:30:04,NA,NA,NA,NA,Undefined,GEO_PAT,"Terelli, Lucas",119,Right,GEO_PAT,Undefined,1,Bottom,0,0,0,Undefined,Other,Undefined,Undefined,Undefined,Undefined,0,0,NA,58.02484,0.952609,0.026576,2189.218376,81.594921,08:45:00,6.01825,2.83999,26.80814,-31.51179,-1.62067,-15.93343,3.92909,1.52718,54.6575,-8.50575,-4.698167,0.393498,91.28365,20.616636,-27.254183,1250.502331,94.63771,31.69874,-56.06871,264.42042,260.08532,-34.841577,2.812094,21.82525,-2.12091,-2.56247,50,5.17281,-3.06143,-87.99095,7.68531,16.67611,15.44212,-33.79458,GEO_PAT,NA,SpuhlerFieldMain,NA,NA,20250911-SpuhlerFieldMain-BP-2,30b77750-8f24-11f0-a88d-dd3dcd3eeb83,95.78815,33.5971,NA,3.36734,NA,NA,NA,3.15944,4.21254,-1.63986,2f62e1e7-1fce-432c-b24b-cc7c2e53f2bb,2025-09-11,15:30:04,2025-09-11T15:30:04Z,2025-09-11T15:30:04Z,LineDrive,v3,471300,NA,NA,NA,NA,Undefined,GEO_PAT,9e9101aa-988a-47e6-b8e5-8a67e3fa7c9f,33.70136,-85.08253,7.72106,6.02088,1.32032,-16.89729,-2.84329,0.07941,8.33806,110.744298,3.15943,111.39772,-20.71834,4.71321,-0.7839,-0.03226,0.06622,-0.01844,0.00185,4.21254,47.14168,-20.75859,1.7881,-0.37047,0.13346,-0.04871,0.01123,-0.00108,-1.64,-57.37686,-0.19843,1.41617,-0.48205,0.09363,-0.00997,5.1e-4,-2e-5,NA,NA,NA,NA,NA,NA,NA,NA,NA,NA,NA,NA,NA,NA,NA,NA,NA,NA,NA,NA,NA,NA,High,High,High,High,High,NA,NA,NA,NA,NA,NA,NA,NA,NA,NA,NA,NA,NA,NA,NA,NA,NA,NA,NA,NA,NA,NA,NA,NA,NA,NA,NA,NA,NA,NA,NA,NA,NA,NA,NA,NA,NA,NA,NA,NA,NA,NA,NA,NA,NA,NA,NA,NA,NA,NA,NA,NA,NA,NA,NA
NA,NA,NA,NA,NA,NA,NA,NA,NA,NA,NA,NA,NA,NA,NA,NA,107,2025-09-11,11:30:17,NA,NA,NA,NA,Undefined,GEO_PAT,"Terelli, Lucas",119,Right,GEO_PAT,Undefined,1,Bottom,0,0,0,Undefined,NA,Undefined,Undefined,Undefined,Undefined,0,0,NA,64.83606,2.912902,-0.81294,1641.581765,NA,NA,5.07325,1.43342,18.25579,NA,NA,NA,3.14604,1.5981,60.30752,-8.519687,1.277089,0.447853,87.22611,1.928046,-26.773746,2927.592603,NA,NA,NA,70.14314,52.26595,-28.079907,0.557614,-8.02422,-8.71004,-1.55953,50,4.56817,1.8828,-96.29654,7.9266,-7.43592,16.78236,-40.24552,GEO_PAT,NA,SpuhlerFieldMain,NA,NA,20250911-SpuhlerFieldMain-BP-2,386ce2a0-8f24-11f0-a88d-dd3dcd3eeb83,84.16246,3.95426,NA,4.52854,NA,NA,NA,3.68781,3.73299,-1.14906,2f62e1e7-1fce-432c-b24b-cc7c2e53f2bb,2025-09-11,15:30:17,2025-09-11T15:30:17Z,2025-09-11T15:30:17Z,GroundBall,v3,471300,NA,NA,NA,NA,Undefined,GEO_PAT,b06691c6-41c5-47fa-923d-fc42a383fe53,42.25325,-94.93685,8.39118,5.07828,4.66596,-20.12276,-1.43139,1.28035,-3.71796,NA,3.70731,113.68083,-16.81689,NA,NA,NA,NA,NA,NA,3.75043,3.88346,-19.07916,NA,NA,NA,NA,NA,NA,-1.14329,-57.73715,1.01785,NA,NA,NA,NA,NA,NA,NA,NA,NA,NA,NA,NA,NA,NA,NA,NA,NA,NA,NA,NA,NA,NA,NA,NA,NA,NA,NA,NA,Low,Low,Low,Medium,Medium,NA,NA,NA,NA,NA,NA,NA,NA,NA,NA,NA,NA,NA,NA,NA,NA,NA,NA,NA,NA,NA,NA,NA,NA,NA,NA,NA,NA,NA,NA,NA,NA,NA,NA,NA,NA,NA,NA,NA,NA,NA,NA,NA,NA,NA,NA,NA,NA,NA,NA,NA,NA,NA,NA,NA
NA,NA,NA,NA,NA,NA,NA,NA,NA,NA,NA,NA,NA,NA,NA,NA,108,2025-09-11,11:30:26,NA,NA,NA,NA,Undefined,GEO_PAT,"Terelli, Lucas",119,Right,GEO_PAT,Undefined,1,Bottom,0,0,0,Undefined,Curveball,Undefined,Undefined,Undefined,Undefined,0,0,NA,56.66263,0.997623,-1.76041,2270.407471,64.119517,08:15:00,5.98534,3.21676,26.53055,-35.25167,-2.92469,-7.90741,3.615,1.55702,52.81374,-9.511458,-4.08463,0.409217,68.8858,-13.161105,-48.065841,NA,NA,NA,NA,20.54798,13.75458,-44.274484,0.171953,9.88213,-3.82284,-3.58631,50,5.11099,1.2682,-86.17478,7.94174,7.10984,16.78759,-34.92444,GEO_PAT,NA,SpuhlerFieldMain,NA,NA,20250911-SpuhlerFieldMain-BP-2,3e02f060-8f24-11f0-a88d-dd3dcd3eeb83,92.10862,3.97782,NA,3.84889,NA,NA,NA,3.34407,3.97782,-1.68942,2f62e1e7-1fce-432c-b24b-cc7c2e53f2bb,2025-09-11,15:30:26,2025-09-11T15:30:26Z,2025-09-11T15:30:26Z,GroundBall,v3,471300,NA,NA,NA,NA,Undefined,GEO_PAT,6881f8b7-18a3-4756-b931-e6c68842facc,33.97755,-82.9948,8.39379,5.98877,1.32619,-17.46222,-3.21852,2.61498,3.55492,180,3.33386,66.113,NA,NA,NA,NA,NA,NA,NA,3.98139,-23.13313,NA,NA,NA,NA,NA,NA,NA,-1.67805,-73.59583,NA,NA,NA,NA,NA,NA,NA,NA,NA,NA,NA,NA,NA,NA,NA,NA,NA,NA,NA,NA,NA,NA,NA,NA,NA,NA,NA,NA,NA,Medium,High,Medium,Low,Low,NA,NA,NA,NA,NA,NA,NA,NA,NA,NA,NA,NA,NA,NA,NA,NA,NA,NA,NA,NA,NA,NA,NA,NA,NA,NA,NA,NA,NA,NA,NA,NA,NA,NA,NA,NA,NA,NA,NA,NA,NA,NA,NA,NA,NA,NA,NA,NA,NA,NA,NA,NA,NA,NA,NA
NA,NA,NA,NA,NA,NA,NA,NA,NA,NA,NA,NA,NA,NA,NA,NA,109,2025-09-11,11:30:36,NA,NA,NA,NA,Undefined,GEO_PAT,"Terelli, Lucas",119,Right,GEO_PAT,Undefined,1,Bottom,0,0,0,Undefined,Curveball,Undefined,Undefined,Undefined,Undefined,0,0,NA,59.21541,0.878871,-1.642231,2559.446503,71.937649,08:30:00,6.11961,3.10028,27.06558,-31.43506,-3.03268,-11.48851,3.99155,1.22467,55.56142,-8.629705,-5.069795,0.383573,NA,NA,NA,NA,NA,NA,NA,NA,NA,NA,NA,15.24442,-4.02882,-3.37625,50,5.27441,0.32606,-89.96755,7.84186,12.08053,17.07949,-35.36671,GEO_PAT,NA,SpuhlerFieldMain,NA,NA,20250911-SpuhlerFieldMain-BP-2,43ea2b60-8f24-11f0-a88d-dd3dcd3eeb83,98.26654,NA,NA,3.65399,NA,NA,NA,NA,NA,NA,2f62e1e7-1fce-432c-b24b-cc7c2e53f2bb,2025-09-11,15:30:36,2025-09-11T15:30:36Z,2025-09-11T15:30:36Z,NA,v3,471300,NA,NA,NA,NA,Undefined,GEO_PAT,5100b73e-b732-4af6-a548-5f3b60f57133,33.44315,-86.76747,8.53975,6.12291,1.21543,-17.68335,-3.10312,2.58951,6.04027,NA,NA,NA,NA,NA,NA,NA,NA,NA,NA,NA,NA,NA,NA,NA,NA,NA,NA,NA,NA,NA,NA,NA,NA,NA,NA,NA,NA,NA,NA,NA,NA,NA,NA,NA,NA,NA,NA,NA,NA,NA,NA,NA,NA,NA,NA,NA,NA,NA,NA,High,High,High,NA,NA,NA,NA,NA,NA,NA,NA,NA,NA,NA,NA,NA,NA,NA,NA,NA,NA,NA,NA,NA,NA,NA,NA,NA,NA,NA,NA,NA,NA,NA,NA,NA,NA,NA,NA,NA,NA,NA,NA,NA,NA,NA,NA,NA,NA,NA,NA,NA,NA,NA,NA,NA,NA,NA,NA,NA
NA,NA,NA,NA,NA,NA,NA,NA,NA,NA,NA,NA,NA,NA,NA,NA,110,2025-09-11,11:30:57,NA,NA,NA,NA,Undefined,GEO_PAT,"Terelli, Lucas",119,Right,GEO_PAT,Undefined,1,Bottom,0,0,0,Undefined,Four-Seam,Undefined,Undefined,Undefined,Undefined,0,0,NA,65.02929,-0.040659,0.516431,1657.43034,180.335115,12:00:00,5.82533,1.22401,18.24605,-25.96659,12.72804,0.06772,3.63247,1.59784,59.96173,-6.339819,0.532272,0.44771,NA,NA,NA,NA,NA,NA,NA,NA,NA,NA,NA,0.11594,11.45367,-1.1544,50,5.76135,-0.86748,-96.66948,1.66543,0.10744,17.97006,-21.55942,GEO_PAT,NA,SpuhlerFieldMain,NA,NA,20250911-SpuhlerFieldMain-BP-2,504ec6e0-8f24-11f0-a88d-dd3dcd3eeb83,84.18944,NA,NA,5.06756,NA,NA,NA,NA,NA,NA,2f62e1e7-1fce-432c-b24b-cc7c2e53f2bb,2025-09-11,15:30:57,2025-09-11T15:30:57Z,2025-09-11T15:30:57Z,NA,v3,471300,NA,NA,NA,NA,Undefined,GEO_PAT,c72bbcce-6989-418f-9a93-a432901d9983,42.25907,-95.21963,8.98503,5.82555,-0.07401,-10.77971,-1.22404,-0.85881,0.05372,NA,NA,NA,NA,NA,NA,NA,NA,NA,NA,NA,NA,NA,NA,NA,NA,NA,NA,NA,NA,NA,NA,NA,NA,NA,NA,NA,NA,NA,NA,NA,NA,NA,NA,NA,NA,NA,NA,NA,NA,NA,NA,NA,NA,NA,NA,NA,NA,NA,NA,High,High,High,NA,NA,NA,NA,NA,NA,NA,NA,NA,NA,NA,NA,NA,NA,NA,NA,NA,NA,NA,NA,NA,NA,NA,NA,NA,NA,NA,NA,NA,NA,NA,NA,NA,NA,NA,NA,NA,NA,NA,NA,NA,NA,NA,NA,NA,NA,NA,NA,NA,NA,NA,NA,NA,NA,NA,NA,NA
NA,NA,NA,NA,NA,NA,NA,NA,NA,NA,NA,NA,NA,NA,NA,NA,111,2025-09-11,11:31:02,NA,NA,NA,NA,Undefined,GEO_PAT,"Terelli, Lucas",119,Right,GEO_PAT,Undefined,1,Bottom,0,0,0,Undefined,NA,Undefined,Undefined,Undefined,Undefined,0,0,NA,68.9928,-4.774356,-0.913258,1672.713576,NA,NA,6.62606,1.48809,17.92963,NA,NA,NA,2.9773,1.43583,59.65861,-5.770719,0.76493,0.439828,55.05491,-17.638579,-178.715935,NA,NA,NA,NA,4.34857,7.23268,-158.088592,0.143577,-6.62229,32.67226,-1.61216,50,7.20809,1.97306,-102.8144,-8.07021,-6.42371,31.8034,-0.48152,GEO_PAT,NA,SpuhlerFieldMain,NA,NA,20250911-SpuhlerFieldMain-BP-2,537c6020-8f24-11f0-a88d-dd3dcd3eeb83,85.69812,3.54155,NA,9.33419,NA,NA,NA,NA,NA,NA,2f62e1e7-1fce-432c-b24b-cc7c2e53f2bb,2025-09-11,15:31:02,2025-09-11T15:31:02Z,2025-09-11T15:31:02Z,GroundBall,v3,471300,NA,NA,NA,NA,Undefined,GEO_PAT,7250709f-7675-4ce3-b884-f5d369fb3457,42.57036,-100.48992,15.9017,6.61697,-8.10541,-0.24076,-1.48511,1.50356,-3.21185,NA,7.11561,-77.55828,NA,NA,NA,NA,NA,NA,NA,3.54616,-24.66662,NA,NA,NA,NA,NA,NA,NA,-1.37284,-1.73846,NA,NA,NA,NA,NA,NA,NA,NA,NA,NA,NA,NA,NA,NA,NA,NA,NA,NA,NA,NA,NA,NA,NA,NA,NA,NA,NA,NA,NA,Low,Low,Low,Estimated,Estimated,NA,NA,NA,NA,NA,NA,NA,NA,NA,NA,NA,NA,NA,NA,NA,NA,NA,NA,NA,NA,NA,NA,NA,NA,NA,NA,NA,NA,NA,NA,NA,NA,NA,NA,NA,NA,NA,NA,NA,NA,NA,NA,NA,NA,NA,NA,NA,NA,NA,NA,NA,NA,NA,NA,NA
NA,NA,NA,NA,NA,NA,NA,NA,NA,NA,NA,NA,NA,NA,NA,NA,112,2025-09-11,11:31:07,NA,NA,NA,NA,Undefined,GEO_PAT,"Terelli, Lucas",119,Right,GEO_PAT,Undefined,1,Bottom,0,0,0,Undefined,Four-Seam,Undefined,Undefined,Undefined,Undefined,0,0,NA,67.02249,-0.878345,-0.180721,1547.243211,152.660811,11:00:00,5.81279,1.22524,18.31892,-23.81391,12.7552,-5.98674,3.20317,0.59774,61.40374,-6.684086,-1.583694,0.43524,92.8661,24.357844,22.549463,1942.691212,101.77399,44.80646,41.73783,357.73245,357.45961,23.282567,4.309555,5.16977,11.8152,-1.23907,50,5.8673400000000004,-0.04114,-99.76411,0.12368,5.04917,20.67063,-20.63443,GEO_PAT,NA,SpuhlerFieldMain,NA,NA,20250911-SpuhlerFieldMain-BP-2,569d0110-8f24-11f0-a88d-dd3dcd3eeb83,86.60154,58.93436,NA,5.61876,NA,NA,NA,3.89734,3.52673,-0.46172,2f62e1e7-1fce-432c-b24b-cc7c2e53f2bb,2025-09-11,15:31:07,2025-09-11T15:31:07Z,2025-09-11T15:31:07Z,LineDrive,v3,471300,NA,NA,NA,NA,Undefined,GEO_PAT,07826b8b-c39c-4234-b438-11aef3b69670,42.18643,-98.13182,10.33532,5.81277,-1.50574,-10.31721,-1.22658,0.35758,2.52459,NA,3.89845,114.56764,-19.71654,4.79608,-0.93115,0.13503,-0.0176,0.00252,-1.9e-4,3.52676,56.16926,-14.72714,-0.11905,0.41961,-0.21614,0.06792,-0.01096,6.9e-4,-0.46135,47.57431,-5.52467,0.54863,0.06039,-0.04199,0.00822,-5.4e-4,-1e-5,NA,NA,NA,NA,NA,NA,NA,NA,NA,NA,NA,NA,NA,NA,NA,NA,NA,NA,NA,NA,NA,NA,High,High,High,High,High,NA,NA,NA,NA,NA,NA,NA,NA,NA,NA,NA,NA,NA,NA,NA,NA,NA,NA,NA,NA,NA,NA,NA,NA,NA,NA,NA,NA,NA,NA,NA,NA,NA,NA,NA,NA,NA,NA,NA,NA,NA,NA,NA,NA,NA,NA,NA,NA,NA,NA,NA,NA,NA,NA,NA
NA,NA,NA,NA,NA,NA,NA,NA,NA,NA,NA,NA,NA,NA,NA,NA,113,2025-09-11,11:31:14,NA,NA,NA,NA,Undefined,GEO_PAT,"Terelli, Lucas",119,Right,GEO_PAT,Undefined,1,Bottom,0,0,0,Undefined,Other,Undefined,Undefined,Undefined,Undefined,0,0,NA,56.66339,1.11771,-1.391589,2269.890048,72.341421,08:30:00,6.09416,3.04208,27.42572,-33.41053,-3.15154,-12.22072,3.92797,1.25441,53.33748,-9.093695,-5.080119,0.395912,83.76159,16.555251,25.8904,1542.46791,96.55474,21.44743,52.69879,213.54819,208.05804,33.179206,2.21082,16.86151,-4.48398,-3.22059,50,5.08459,-0.34628,-86.14304,8.60565,12.27001,15.48403,-35.43701,GEO_PAT,NA,SpuhlerFieldMain,NA,NA,20250911-SpuhlerFieldMain-BP-2,5aca08f0-8f24-11f0-a88d-dd3dcd3eeb83,95.20411,21.44168,NA,3.32591,NA,NA,NA,3.96755,4.37814,-1.27398,2f62e1e7-1fce-432c-b24b-cc7c2e53f2bb,2025-09-11,15:31:14,2025-09-11T15:31:14Z,2025-09-11T15:31:14Z,LineDrive,v3,471300,NA,NA,NA,NA,Undefined,GEO_PAT,90481f3a-9ee7-4929-a984-68367143fc25,33.0835,-83.04669,7.74201,6.09694,1.51929,-17.7185,-3.0445,2.10737,6.135,NA,3.96754,105.93996,-17.38372,3.52376,-0.6888,0.0852,-0.00302,-0.0015,2.4e-4,4.37814,35.00404,-19.22595,1.48343,-0.22892,0.04332,-0.0091,0.00219,-2.6e-4,-1.27396,51.41607,3.18478,-1.84455,0.54606,-0.09381,0.00192,0.00309,-4.9e-4,NA,NA,NA,NA,NA,NA,NA,NA,NA,NA,NA,NA,NA,NA,NA,NA,NA,NA,NA,NA,NA,NA,High,High,High,High,High,NA,NA,NA,NA,NA,NA,NA,NA,NA,NA,NA,NA,NA,NA,NA,NA,NA,NA,NA,NA,NA,NA,NA,NA,NA,NA,NA,NA,NA,NA,NA,NA,NA,NA,NA,NA,NA,NA,NA,NA,NA,NA,NA,NA,NA,NA,NA,NA,NA,NA,NA,NA,NA,NA,NA
NA,NA,NA,NA,NA,NA,NA,NA,NA,NA,NA,NA,NA,NA,NA,NA,114,2025-09-11,11:31:26,NA,NA,NA,NA,Undefined,GEO_PAT,"Terelli, Lucas",119,Right,GEO_PAT,Undefined,1,Bottom,0,0,0,Undefined,Curveball,Undefined,Undefined,Undefined,Undefined,0,0,NA,66.23392,0.492763,-0.041843,1585.364027,162.15942,11:30:00,5.60734,1.22781,18.28786,-30.68628,6.1663,-1.67307,3.4011,1.05858,61.71857,-6.874454,-0.433878,0.436924,89.6923,27.895697,2.727634,3220.202597,109.9995,53.1492,0.06149,326.81625,325.26269,-3.789733,4.444186,1.45331,5.53666,-1.23017,50,5.46077,-0.03049,-98.3726,2.9238,1.41231,16.81118,-26.79351,GEO_PAT,NA,SpuhlerFieldMain,NA,NA,20250911-SpuhlerFieldMain-BP-2,61db9320-8f24-11f0-a88d-dd3dcd3eeb83,86.26779,67.86268,NA,4.51536,NA,NA,NA,3.33762,3.71434,-1.0313,2f62e1e7-1fce-432c-b24b-cc7c2e53f2bb,2025-09-11,15:31:26,2025-09-11T15:31:26Z,2025-09-11T15:31:26Z,FlyBall,v3,471300,NA,NA,NA,NA,Undefined,GEO_PAT,1054a243-fd87-4e92-8a8c-4dc317578a40,42.21886,-97.03375,8.40559,5.60866,0.78994,-13.39675,-1.22812,0.08199,0.70616,161.05188,3.33766,116.13114,-22.18343,5.53004,-1.18415,0.25368,-0.05075,0.00678,-3.9e-4,3.71501,61.52963,-15.17291,-0.08497,0.33876,-0.17193,0.04829,-0.00679,3.7e-4,-1.03121,5.53069,-5.36199,1.38388,-0.29234,0.05825,-0.01083,0.00141,-8e-5,NA,NA,NA,NA,NA,NA,NA,NA,NA,NA,NA,NA,NA,NA,NA,NA,NA,NA,NA,NA,NA,NA,Medium,Medium,Medium,High,Medium,NA,NA,NA,NA,NA,NA,NA,NA,NA,NA,NA,NA,NA,NA,NA,NA,NA,NA,NA,NA,NA,NA,NA,NA,NA,NA,NA,NA,NA,NA,NA,NA,NA,NA,NA,NA,NA,NA,NA,NA,NA,NA,NA,NA,NA,NA,NA,NA,NA,NA,NA,NA,NA,NA,NA
NA,NA,NA,NA,NA,NA,NA,NA,NA,NA,NA,NA,NA,NA,NA,NA,115,2025-09-11,11:31:35,NA,NA,NA,NA,Undefined,GEO_PAT,"Terelli, Lucas",119,Right,GEO_PAT,Undefined,1,Bottom,0,0,0,Undefined,Curveball,Undefined,Undefined,Undefined,Undefined,0,0,NA,59.09693,0.533346,-1.671236,2529.23272,81.754256,08:45:00,6.03058,3.01667,26.78503,-30.27726,-1.3765,-14.20812,3.80836,0.89002,55.72739,-8.533466,-5.870852,0.386924,100.46603,20.757395,14.401897,1290.0359,106.4377,39.90005,27.76636,410.16521,381.63169,17.811984,4.333586,18.83107,-1.66847,-3.25211,50,5.32875,-0.11801,-89.58957,6.90607,14.90246,16.11395,-33.49442,GEO_PAT,NA,SpuhlerFieldMain,NA,NA,20250911-SpuhlerFieldMain-BP-2,6739ef10-8f24-11f0-a88d-dd3dcd3eeb83,97.41554,57.43665,NA,3.36954,NA,NA,NA,3.17406,4.08528,-1.10761,2f62e1e7-1fce-432c-b24b-cc7c2e53f2bb,2025-09-11,15:31:35,2025-09-11T15:31:35Z,2025-09-11T15:31:35Z,LineDrive,v3,471300,NA,NA,NA,NA,Undefined,GEO_PAT,5981387b-e150-443f-8835-621eae9ed87a,33.72411,-86.61267,8.05698,6.03302,0.71828,-16.74721,-3.0196,2.63509,7.45123,199.133206,3.17369,133.46867,-21.26681,4.98669,-1.11948,0.26595,-0.05732,0.00804,-4.9e-4,4.08678,52.17701,-12.60909,-0.64025,0.64297,-0.31536,0.091,-0.01346,7.8e-4,-1.1077,34.27101,-1.44474,-0.03565,0.05718,-0.01128,1.9e-4,2.4e-4,-2e-5,NA,NA,NA,NA,NA,NA,NA,NA,NA,NA,NA,NA,NA,NA,NA,NA,NA,NA,NA,NA,NA,NA,High,High,High,High,High,NA,NA,NA,NA,NA,NA,NA,NA,NA,NA,NA,NA,NA,NA,NA,NA,NA,NA,NA,NA,NA,NA,NA,NA,NA,NA,NA,NA,NA,NA,NA,NA,NA,NA,NA,NA,NA,NA,NA,NA,NA,NA,NA,NA,NA,NA,NA,NA,NA,NA,NA,NA,NA,NA,NA
NA,NA,NA,NA,NA,NA,NA,NA,NA,NA,NA,NA,NA,NA,NA,NA,116,2025-09-11,11:31:44,NA,NA,NA,NA,Undefined,GEO_PAT,"Terelli, Lucas",119,Right,GEO_PAT,Undefined,1,Bottom,0,0,0,Undefined,Four-Seam,Undefined,Undefined,Undefined,Undefined,0,0,NA,64.92309,-0.476889,0.313224,1712.175059,163.448932,11:30:00,5.83959,1.21318,18.29834,-24.07867,14.96217,-4.07012,3.49347,1.09702,59.38921,-6.367236,-0.63997,0.449709,76.26894,31.158195,24.366108,2430.314812,99.91626,52.74686,46.00782,278.27193,276.74419,27.262016,4.069252,3.65776,13.60205,-1.16365,50,5.83756,-0.75799,-96.6266,0.82273,3.34951,19.46256,-19.71832,GEO_PAT,NA,SpuhlerFieldMain,NA,NA,20250911-SpuhlerFieldMain-BP-2,6c54d960-8f24-11f0-a88d-dd3dcd3eeb83,83.81527,58.02937,NA,5.53388,NA,NA,NA,3.81691,3.70576,-1.15758,2f62e1e7-1fce-432c-b24b-cc7c2e53f2bb,2025-09-11,15:31:44,2025-09-11T15:31:44Z,2025-09-11T15:31:44Z,FlyBall,v3,471300,NA,NA,NA,NA,Undefined,GEO_PAT,495b29d3-5cd7-4755-9571-304e8436c726,42.20625,-95.04382,9.73128,5.83926,-0.78085,-9.85916,-1.21422,-0.48559,1.67475,198.141624,3.81786,87.17334,-14.67912,3.58233,-0.59203,0.04504,0.00133,6e-5,-6e-5,3.70565,57.87646,-16.31068,0.34869,0.2231,-0.16323,0.05891,-0.01035,6.9e-4,-1.15733,39.48661,-3.53806,0.60199,-0.04864,-0.00564,6.3e-4,3.5e-4,-5e-5,NA,NA,NA,NA,NA,NA,NA,NA,NA,NA,NA,NA,NA,NA,NA,NA,NA,NA,NA,NA,NA,NA,High,High,High,High,High,NA,NA,NA,NA,NA,NA,NA,NA,NA,NA,NA,NA,NA,NA,NA,NA,NA,NA,NA,NA,NA,NA,NA,NA,NA,NA,NA,NA,NA,NA,NA,NA,NA,NA,NA,NA,NA,NA,NA,NA,NA,NA,NA,NA,NA,NA,NA,NA,NA,NA,NA,NA,NA,NA,NA
NA,NA,NA,NA,NA,NA,NA,NA,NA,NA,NA,NA,NA,NA,NA,NA,117,2025-09-11,11:31:51,NA,NA,NA,NA,Undefined,GEO_PAT,"Terelli, Lucas",119,Right,GEO_PAT,Undefined,1,Bottom,0,0,0,Undefined,Curveball,Undefined,Undefined,Undefined,Undefined,0,0,NA,57.40688,0.282016,-2.046728,2434.247314,73.507403,08:30:00,5.9491,3.02603,26.03631,-36.12585,-3.78717,-15.60572,3.10143,0.54419,53.99096,-10.261578,-6.557713,0.409291,73.75328,0.925832,24.387649,1878.450648,NA,NA,NA,62.3528,46.05171,22.740584,0.56726,19.69643,-4.72264,-3.35352,50,5.30911,0.46894,-87.1164,6.77873,14.57535,16.46028,-35.66882,GEO_PAT,NA,SpuhlerFieldMain,NA,NA,20250911-SpuhlerFieldMain-BP-2,70cb4650-8f24-11f0-a88d-dd3dcd3eeb83,92.09196,4.14154,NA,3.41592,NA,NA,NA,4.31083,4.09483,-0.80867,2f62e1e7-1fce-432c-b24b-cc7c2e53f2bb,2025-09-11,15:31:51,2025-09-11T15:31:51Z,2025-09-11T15:31:51Z,GroundBall,v3,471300,NA,NA,NA,NA,Undefined,GEO_PAT,5204bc36-4d9c-4151-aa7f-d599f17c55d8,34.47316,-84.13153,8.23014,5.95189,0.31063,-17.83441,-3.02884,3.112,7.28768,270.846538,4.31741,98.35085,-8.10606,NA,NA,NA,NA,NA,NA,4.10126,1.59718,-15.58041,NA,NA,NA,NA,NA,NA,-0.80864,44.65803,-1.30853,NA,NA,NA,NA,NA,NA,NA,NA,NA,NA,NA,NA,NA,NA,NA,NA,NA,NA,NA,NA,NA,NA,NA,NA,NA,NA,NA,NA,High,High,High,Medium,Medium,NA,NA,NA,NA,NA,NA,NA,NA,NA,NA,NA,NA,NA,NA,NA,NA,NA,NA,NA,NA,NA,NA,NA,NA,NA,NA,NA,NA,NA,NA,NA,NA,NA,NA,NA,NA,NA,NA,NA,NA,NA,NA,NA,NA,NA,NA,NA,NA,NA,NA,NA,NA,NA,NA,NA
NA,NA,NA,NA,NA,NA,NA,NA,NA,NA,NA,NA,NA,NA,NA,NA,118,2025-09-11,11:32:10,NA,NA,NA,NA,Undefined,GEO_PAT,"Terelli, Lucas",119,Right,GEO_PAT,Undefined,1,Bottom,0,0,0,Undefined,NA,Undefined,Undefined,Undefined,Undefined,0,0,NA,64.65445,0.151062,-1.912796,1582.038479,NA,NA,5.69029,1.63275,18.2424,NA,NA,NA,3.4309,1.98024,59.63914,-6.717163,2.889071,0.450538,92.12425,17.461389,16.291203,1109.511794,105.11237,29.26967,32.42515,308.10762,302.49424,21.056119,3.131712,-18.44556,9.69815,-1.92571,50,5.59606,4.3629,-96.1248,2.11566,-16.8885,17.87823,-23.29456,GEO_PAT,NA,SpuhlerFieldMain,NA,NA,20250911-SpuhlerFieldMain-BP-2,7bcd4490-8f24-11f0-a88d-dd3dcd3eeb83,83.66092,33.36861,NA,5.01531,NA,NA,NA,3.52194,3.63663,-1.40118,2f62e1e7-1fce-432c-b24b-cc7c2e53f2bb,2025-09-11,15:32:10,2025-09-11T15:32:10Z,2025-09-11T15:32:10Z,LineDrive,v3,471300,NA,NA,NA,NA,Undefined,GEO_PAT,ead3e2e0-b574-40d3-88a8-f6c895164d05,42.2643,-94.67511,8.93911,5.69103,0.22677,-11.64728,-1.62746,2.99346,-8.44425,217.215103,3.52189,123.71658,-18.79849,4.34598,-0.79528,0.08252,0.00721,-0.00404,4.6e-4,3.63668,40.54013,-14.01517,0.0484,0.01042,0.07799,-0.04549,0.01157,-0.00112,-1.40111,36.15224,0.77066,-0.66494,0.22121,-0.05026,0.00866,-0.0011,8e-5,NA,NA,NA,NA,NA,NA,NA,NA,NA,NA,NA,NA,NA,NA,NA,NA,NA,NA,NA,NA,NA,NA,Low,Low,Low,High,High,NA,NA,NA,NA,NA,NA,NA,NA,NA,NA,NA,NA,NA,NA,NA,NA,NA,NA,NA,NA,NA,NA,NA,NA,NA,NA,NA,NA,NA,NA,NA,NA,NA,NA,NA,NA,NA,NA,NA,NA,NA,NA,NA,NA,NA,NA,NA,NA,NA,NA,NA,NA,NA,NA,NA
NA,NA,NA,NA,NA,NA,NA,NA,NA,NA,NA,NA,NA,NA,NA,NA,119,2025-09-11,11:32:20,NA,NA,NA,NA,Undefined,GEO_PAT,"Terelli, Lucas",119,Right,GEO_PAT,Undefined,1,Bottom,0,0,0,Undefined,Curveball,Undefined,Undefined,Undefined,Undefined,0,0,NA,55.77681,-0.109759,-2.35346,2382.611595,80.146022,08:45:00,5.97015,2.991,26.75821,-33.41974,-1.0898,-10.33323,3.12318,0.80098,53.09618,-10.059556,-5.406452,0.409236,82.10239,42.425579,14.383149,NA,107.77726,87.2923,22.00137,269.61853,268.20863,9.645896,5.257379,13.46013,-1.12575,-3.47915,50,5.38564,1.55307,-84.30165,6.22344,9.52644,13.22539,-32.97079,GEO_PAT,NA,SpuhlerFieldMain,NA,NA,20250911-SpuhlerFieldMain-BP-2,8208ba10-8f24-11f0-a88d-dd3dcd3eeb83,92.10441,100.63296,NA,2.68063,NA,NA,NA,4.45779,3.68984,-1.11678,2f62e1e7-1fce-432c-b24b-cc7c2e53f2bb,2025-09-11,15:32:20,2025-09-11T15:32:20Z,2025-09-11T15:32:20Z,FlyBall,v3,471300,NA,NA,NA,NA,Undefined,GEO_PAT,e1acfb6d-eb31-4f5f-bb09-d12dea7a3a11,33.75088,-81.71271,6.61269,5.97219,-0.23078,-16.4854,-2.99261,3.41792,4.76322,171.760051,4.4625,86.00697,-17.67595,4.04436,-0.57214,0.03521,0.00104,-8e-5,-1e-5,3.68857,81.25317,-19.35315,1.20199,-0.00287,-0.09811,0.03362,-0.00477,2.5e-4,-1.11505,22.04555,-6.48812,1.49578,-0.21417,0.01385,2.8e-4,-2e-5,-0,NA,NA,NA,NA,NA,NA,NA,NA,NA,NA,NA,NA,NA,NA,NA,NA,NA,NA,NA,NA,NA,NA,High,High,High,High,Medium,NA,NA,NA,NA,NA,NA,NA,NA,NA,NA,NA,NA,NA,NA,NA,NA,NA,NA,NA,NA,NA,NA,NA,NA,NA,NA,NA,NA,NA,NA,NA,NA,NA,NA,NA,NA,NA,NA,NA,NA,NA,NA,NA,NA,NA,NA,NA,NA,NA,NA,NA,NA,NA,NA,NA
NA,NA,NA,NA,NA,NA,NA,NA,NA,NA,NA,NA,NA,NA,NA,NA,120,2025-09-11,11:32:28,NA,NA,NA,NA,Undefined,GEO_PAT,"Terelli, Lucas",119,Right,GEO_PAT,Undefined,1,Bottom,0,0,0,Undefined,Curveball,Undefined,Undefined,Undefined,Undefined,0,0,NA,59.14484,0.091698,-3.099776,2664.138265,62.820668,08:00:00,5.8946,2.99323,26.48713,-33.35923,-4.16414,-9.29465,3.16693,0.45293,56.38325,-9.739533,-5.820273,0.38889,NA,NA,NA,NA,NA,NA,NA,NA,NA,NA,NA,11.6267,-5.36445,-3.70435,50,5.28576,3.06314,-89.19817,6.67475,9.25709,14.23758,-36.44516,GEO_PAT,NA,SpuhlerFieldMain,NA,NA,20250911-SpuhlerFieldMain-BP-2,868fa1c0-8f24-11f0-a88d-dd3dcd3eeb83,96.92321,NA,NA,2.76159,NA,NA,NA,NA,NA,NA,2f62e1e7-1fce-432c-b24b-cc7c2e53f2bb,2025-09-11,15:32:28,2025-09-11T15:32:28Z,2025-09-11T15:32:28Z,NA,v3,471300,NA,NA,NA,NA,Undefined,GEO_PAT,98b94c82-2285-4320-a60c-a67f8c8809eb,34.0224,-86.61033,7.11879,5.89695,0.05043,-18.22258,-2.99468,4.74572,4.62854,NA,NA,NA,NA,NA,NA,NA,NA,NA,NA,NA,NA,NA,NA,NA,NA,NA,NA,NA,NA,NA,NA,NA,NA,NA,NA,NA,NA,NA,NA,NA,NA,NA,NA,NA,NA,NA,NA,NA,NA,NA,NA,NA,NA,NA,NA,NA,NA,NA,NA,High,High,High,NA,NA,NA,NA,NA,NA,NA,NA,NA,NA,NA,NA,NA,NA,NA,NA,NA,NA,NA,NA,NA,NA,NA,NA,NA,NA,NA,NA,NA,NA,NA,NA,NA,NA,NA,NA,NA,NA,NA,NA,NA,NA,NA,NA,NA,NA,NA,NA,NA,NA,NA,NA,NA,NA,NA,NA,NA
NA,NA,NA,NA,NA,NA,NA,NA,NA,NA,NA,NA,NA,NA,NA,NA,121,2025-09-11,11:32:39,NA,NA,NA,NA,Undefined,GEO_PAT,"Terelli, Lucas",119,Right,GEO_PAT,Undefined,1,Bottom,0,0,0,Undefined,NA,Undefined,Undefined,Undefined,Undefined,0,0,NA,57.65935,3.532867,-3.115478,2446.66128,NA,NA,5.77695,3.54043,26.57493,NA,NA,NA,3.49723,1.52306,53.26817,-11.750778,-3.988065,0.404615,98.8393,1.583653,0.27734,1303.631504,NA,NA,NA,71.55528,49.70499,-0.441402,0.506211,2.47177,-27.33033,-4.37164,50,3.96798,4.28538,-88.03562,14.63074,1.81948,19.68926,-52.29184,GEO_PAT,NA,SpuhlerFieldMain,NA,NA,20250911-SpuhlerFieldMain-BP-2,8d02c910-8f24-11f0-a88d-dd3dcd3eeb83,93.15628,3.93067,NA,4.39118,NA,NA,NA,2.73962,3.76297,-1.5895,2f62e1e7-1fce-432c-b24b-cc7c2e53f2bb,2025-09-11,15:32:39,2025-09-11T15:32:39Z,2025-09-11T15:32:39Z,GroundBall,v3,471300,NA,NA,NA,NA,Undefined,GEO_PAT,a89afa84-aef2-4a49-887c-6f767d2eaee0,33.9373,-84.36673,9.84463,5.78642,4.88669,-26.14592,-3.54151,4.62443,0.90974,337.61879,2.75161,144.58953,-17.18129,NA,NA,NA,NA,NA,NA,3.77981,3.55982,-21.84546,NA,NA,NA,NA,NA,NA,-1.59337,0.8043,2.49215,NA,NA,NA,NA,NA,NA,NA,NA,NA,NA,NA,NA,NA,NA,NA,NA,NA,NA,NA,NA,NA,NA,NA,NA,NA,NA,NA,NA,Low,Low,Low,Medium,Low,NA,NA,NA,NA,NA,NA,NA,NA,NA,NA,NA,NA,NA,NA,NA,NA,NA,NA,NA,NA,NA,NA,NA,NA,NA,NA,NA,NA,NA,NA,NA,NA,NA,NA,NA,NA,NA,NA,NA,NA,NA,NA,NA,NA,NA,NA,NA,NA,NA,NA,NA,NA,NA,NA,NA
NA,NA,NA,NA,NA,NA,NA,NA,NA,NA,NA,NA,NA,NA,NA,NA,122,2025-09-11,11:32:49,NA,NA,NA,NA,Undefined,GEO_PAT,"Terelli, Lucas",119,Right,GEO_PAT,Undefined,1,Bottom,0,0,0,Undefined,Four-Seam,Undefined,Undefined,Undefined,Undefined,0,0,NA,67.00318,-1.439203,0.136187,1599.58429,172.131929,11:45:00,5.8562,1.22742,18.20242,-19.41934,16.95749,-2.19961,3.21058,1.14132,62.02947,-6.17434,-0.377773,0.434094,NA,NA,NA,NA,NA,NA,NA,NA,NA,NA,NA,1.96205,15.54713,-1.2050399999999999,50,5.99407,-0.36856,-99.52176,-1.12664,1.93852,18.1922,-16.81346,GEO_PAT,NA,SpuhlerFieldMain,NA,NA,20250911-SpuhlerFieldMain-BP-2,931580e0-8f24-11f0-a88d-dd3dcd3eeb83,86.83016,NA,NA,4.97372,NA,NA,NA,NA,NA,NA,2f62e1e7-1fce-432c-b24b-cc7c2e53f2bb,2025-09-11,15:32:49,2025-09-11T15:32:49Z,2025-09-11T15:32:49Z,NA,v3,471300,NA,NA,NA,NA,Undefined,GEO_PAT,7886732d-889c-48e7-9e77-8cf66b5b08b0,42.3035,-98.10479,9.0961,5.85532,-2.43623,-8.40673,-1.22787,-0.21757,0.96926,NA,NA,NA,NA,NA,NA,NA,NA,NA,NA,NA,NA,NA,NA,NA,NA,NA,NA,NA,NA,NA,NA,NA,NA,NA,NA,NA,NA,NA,NA,NA,NA,NA,NA,NA,NA,NA,NA,NA,NA,NA,NA,NA,NA,NA,NA,NA,NA,NA,NA,Medium,Medium,Medium,NA,NA,NA,NA,NA,NA,NA,NA,NA,NA,NA,NA,NA,NA,NA,NA,NA,NA,NA,NA,NA,NA,NA,NA,NA,NA,NA,NA,NA,NA,NA,NA,NA,NA,NA,NA,NA,NA,NA,NA,NA,NA,NA,NA,NA,NA,NA,NA,NA,NA,NA,NA,NA,NA,NA,NA,NA
NA,NA,NA,NA,NA,NA,NA,NA,NA,NA,NA,NA,NA,NA,NA,NA,123,2025-09-11,11:32:55,NA,NA,NA,NA,Undefined,GEO_PAT,"Terelli, Lucas",119,Right,GEO_PAT,Undefined,1,Bottom,0,0,0,Undefined,NA,Undefined,Undefined,Undefined,Undefined,0,0,NA,64.74847,2.306412,-0.55112,1779.412848,NA,NA,5.28082,1.41253,18.2441,NA,NA,NA,3.32309,1.52623,59.25566,-8.051832,0.871162,0.452082,NA,NA,NA,NA,NA,NA,NA,NA,NA,NA,NA,-5.45575,-3.685,-1.49638,50,4.87287,1.25775,-96.36323,6.53795,-4.95812,19.64457,-35.52295,GEO_PAT,NA,SpuhlerFieldMain,NA,NA,20250911-SpuhlerFieldMain-BP-2,96f21ed0-8f24-11f0-a88d-dd3dcd3eeb83,83.37523,NA,NA,5.49281,NA,NA,NA,NA,NA,NA,2f62e1e7-1fce-432c-b24b-cc7c2e53f2bb,2025-09-11,15:32:55,2025-09-11T15:32:55Z,2025-09-11T15:32:55Z,NA,v3,471300,NA,NA,NA,NA,Undefined,GEO_PAT,ff2ceb7f-2dcf-43ae-9a48-db83e0e693bd,42.26224,-94.77268,9.82229,5.28578,3.66179,-17.76147,-1.41079,0.85631,-2.47906,NA,NA,NA,NA,NA,NA,NA,NA,NA,NA,NA,NA,NA,NA,NA,NA,NA,NA,NA,NA,NA,NA,NA,NA,NA,NA,NA,NA,NA,NA,NA,NA,NA,NA,NA,NA,NA,NA,NA,NA,NA,NA,NA,NA,NA,NA,NA,NA,NA,NA,Low,Low,Low,NA,NA,NA,NA,NA,NA,NA,NA,NA,NA,NA,NA,NA,NA,NA,NA,NA,NA,NA,NA,NA,NA,NA,NA,NA,NA,NA,NA,NA,NA,NA,NA,NA,NA,NA,NA,NA,NA,NA,NA,NA,NA,NA,NA,NA,NA,NA,NA,NA,NA,NA,NA,NA,NA,NA,NA,NA
NA,NA,NA,NA,NA,NA,NA,NA,NA,NA,NA,NA,NA,NA,NA,NA,124,2025-09-11,11:33:43,NA,NA,NA,NA,Undefined,GEO_PAT,"Terelli, Lucas",119,Right,GEO_PAT,Undefined,1,Bottom,0,0,0,Undefined,NA,Undefined,Undefined,Undefined,Undefined,0,0,NA,64.64968,3.208811,-1.023112,1753.083574,NA,NA,4.85655,1.41347,18.30995,NA,NA,NA,2.6443,1.77689,60.40111,-9.603869,2.049888,0.448084,NA,NA,NA,NA,NA,NA,NA,NA,NA,NA,NA,-11.71461,-13.88528,-1.57672,50,4.29576,2.47624,-96.04078,8.77747,-10.82173,16.39462,-45.001,GEO_PAT,NA,SpuhlerFieldMain,NA,NA,20250911-SpuhlerFieldMain-BP-2,b3a5fd80-8f24-11f0-a88d-dd3dcd3eeb83,84.1192,NA,NA,4.24856,NA,NA,NA,NA,NA,NA,2f62e1e7-1fce-432c-b24b-cc7c2e53f2bb,2025-09-11,15:33:43,2025-09-11T15:33:43Z,2025-09-11T15:33:43Z,NA,v3,471300,NA,NA,NA,NA,Undefined,GEO_PAT,d6eac31d-30fc-4fd0-83f8-d966ee51f82a,42.20118,-94.70013,8.19731,4.86307,5.09756,-22.5005,-1.41041,1.59131,-5.41086,NA,NA,NA,NA,NA,NA,NA,NA,NA,NA,NA,NA,NA,NA,NA,NA,NA,NA,NA,NA,NA,NA,NA,NA,NA,NA,NA,NA,NA,NA,NA,NA,NA,NA,NA,NA,NA,NA,NA,NA,NA,NA,NA,NA,NA,NA,NA,NA,NA,NA,Low,Low,Low,NA,NA,NA,NA,NA,NA,NA,NA,NA,NA,NA,NA,NA,NA,NA,NA,NA,NA,NA,NA,NA,NA,NA,NA,NA,NA,NA,NA,NA,NA,NA,NA,NA,NA,NA,NA,NA,NA,NA,NA,NA,NA,NA,NA,NA,NA,NA,NA,NA,NA,NA,NA,NA,NA,NA,NA,NA
NA,NA,NA,NA,NA,NA,NA,NA,NA,NA,NA,NA,NA,NA,NA,NA,125,2025-09-11,11:33:49,NA,NA,NA,NA,Undefined,GEO_PAT,"Terelli, Lucas",119,Right,GEO_PAT,Undefined,1,Bottom,0,0,0,Undefined,NA,Undefined,Undefined,Undefined,Undefined,0,0,NA,64.53214,0.195393,-0.095278,1599.591795,NA,NA,5.83842,1.3195,18.28475,NA,NA,NA,4.16018,1.76099,60.11891,-5.112932,1.334427,0.447959,NA,NA,NA,NA,NA,NA,NA,NA,NA,NA,NA,-5.32685,15.03741,-1.34339,50,5.74798,0.51244,-95.75756,1.84274,-4.92688,15.32107,-18.26573,GEO_PAT,NA,SpuhlerFieldMain,NA,NA,20250911-SpuhlerFieldMain-BP-2,b6c761c0-8f24-11f0-a88d-dd3dcd3eeb83,84.14261,NA,NA,4.41323,NA,NA,NA,NA,NA,NA,2f62e1e7-1fce-432c-b24b-cc7c2e53f2bb,2025-09-11,15:33:49,2025-09-11T15:33:49Z,2025-09-11T15:33:49Z,NA,v3,471300,NA,NA,NA,NA,Undefined,GEO_PAT,f229f74b-666a-49bc-a3ba-7384682463bb,42.22039,-94.50463,7.66054,5.8376,0.34901,-9.13287,-1.31796,0.10953,-2.46344,NA,NA,NA,NA,NA,NA,NA,NA,NA,NA,NA,NA,NA,NA,NA,NA,NA,NA,NA,NA,NA,NA,NA,NA,NA,NA,NA,NA,NA,NA,NA,NA,NA,NA,NA,NA,NA,NA,NA,NA,NA,NA,NA,NA,NA,NA,NA,NA,NA,NA,Low,Low,Low,NA,NA,NA,NA,NA,NA,NA,NA,NA,NA,NA,NA,NA,NA,NA,NA,NA,NA,NA,NA,NA,NA,NA,NA,NA,NA,NA,NA,NA,NA,NA,NA,NA,NA,NA,NA,NA,NA,NA,NA,NA,NA,NA,NA,NA,NA,NA,NA,NA,NA,NA,NA,NA,NA,NA,NA,NA
NA,NA,NA,NA,NA,NA,NA,NA,NA,NA,NA,NA,NA,NA,NA,NA,126,2025-09-11,11:33:55,NA,NA,NA,NA,Undefined,GEO_PAT,"Terelli, Lucas",119,Right,GEO_PAT,Undefined,1,Bottom,0,0,0,Undefined,Curveball,Undefined,Undefined,Undefined,Undefined,0,0,NA,56.79343,0.421863,-1.924569,2137.617223,76.255629,08:30:00,6.00779,3.05076,26.87125,-32.74423,-1.54662,-9.4565,3.51649,1.17998,53.49286,-9.410315,-4.729306,0.402006,85.29331,23.931595,-33.229279,2571.246782,92.90053,41.85642,-58.90226,284.78865,282.82328,-32.280395,3.771192,12.28158,-1.82599,-3.43949,50,5.28491,1.13575,-86.1462,6.99226,8.95951,15.22509,-33.50613,GEO_PAT,NA,SpuhlerFieldMain,NA,NA,20250911-SpuhlerFieldMain-BP-2,ba87ec30-8f24-11f0-a88d-dd3dcd3eeb83,93.76096,48.25073,NA,3.30057,NA,NA,NA,3.16843,3.68451,-1.06266,2f62e1e7-1fce-432c-b24b-cc7c2e53f2bb,2025-09-11,15:33:55,2025-09-11T15:33:55Z,2025-09-11T15:33:55Z,LineDrive,v3,471300,NA,NA,NA,NA,Undefined,GEO_PAT,d39e1bbf-8135-4f04-9b7f-fc4db7af6c03,33.63726,-83.20409,7.61254,6.01051,0.51749,-16.75306,-3.05273,2.8671,4.47976,NA,3.16818,95.65195,-16.71905,3.87871,-0.84226,0.18343,-0.03423,0.004,-1.9e-4,3.68497,50.73274,-15.08562,0.2528,0.1437,-0.06167,0.00884,4.5e-4,-1.5e-4,-1.06244,-62.66443,12.15589,-3.07413,0.71881,-0.16128,0.02946,-0.00336,1.6e-4,NA,NA,NA,NA,NA,NA,NA,NA,NA,NA,NA,NA,NA,NA,NA,NA,NA,NA,NA,NA,NA,NA,High,High,High,Medium,High,NA,NA,NA,NA,NA,NA,NA,NA,NA,NA,NA,NA,NA,NA,NA,NA,NA,NA,NA,NA,NA,NA,NA,NA,NA,NA,NA,NA,NA,NA,NA,NA,NA,NA,NA,NA,NA,NA,NA,NA,NA,NA,NA,NA,NA,NA,NA,NA,NA,NA,NA,NA,NA,NA,NA
NA,NA,NA,NA,NA,NA,NA,NA,NA,NA,NA,NA,NA,NA,NA,NA,127,2025-09-11,11:34:01,NA,NA,NA,NA,Undefined,GEO_PAT,"Terelli, Lucas",119,Right,GEO_PAT,Undefined,1,Bottom,0,0,0,Undefined,Four-Seam,Undefined,Undefined,Undefined,Undefined,0,0,NA,65.71109,-0.696476,0.164098,1691.615444,169.472471,11:45:00,5.83454,1.23158,18.17723,-21.31466,16.78662,-2.90291,3.56093,1.10685,60.42651,-5.904685,-0.513582,0.444264,88.65744,8.627643,-4.877123,5232.678615,109.4353,11.22455,-11.12747,199.88868,114.78273,-5.93901,1.807268,2.55496,15.13765,-1.20505,50,5.8678,-0.4409,-97.663570000000007,0.27552,2.41246,18.59093,-17.88081,GEO_PAT,NA,SpuhlerFieldMain,NA,NA,20250911-SpuhlerFieldMain-BP-2,be144740-8f24-11f0-a88d-dd3dcd3eeb83,84.8424,11.35547,NA,5.28458,NA,NA,NA,2.33894,3.57882,-1.18299,2f62e1e7-1fce-432c-b24b-cc7c2e53f2bb,2025-09-11,15:34:01,2025-09-11T15:34:01Z,2025-09-11T15:34:01Z,GroundBall,v3,471300,NA,NA,NA,NA,Undefined,GEO_PAT,3c691435-16d6-42c5-9c25-46d705ceac49,42.32697,-96.19187,9.29547,5.83358,-1.13997,-8.94041,-1.23239,-0.24992,1.20623,168.755384,2.33894,128.09381,-14.19757,2.57434,-0.48516,0.10809,-0.03549,0.00995,-0.00128,3.57884,19.50302,-12.53863,0.25687,0.52691,-0.73274,0.46688,-0.14732,0.01869,-1.183,-10.92961,0.07952,0.02072,-0.07123,0.08887,-0.0552,0.01732,-0.00219,NA,NA,NA,NA,NA,NA,NA,NA,NA,NA,NA,NA,NA,NA,NA,NA,NA,NA,NA,NA,NA,NA,High,High,High,High,Low,NA,NA,NA,NA,NA,NA,NA,NA,NA,NA,NA,NA,NA,NA,NA,NA,NA,NA,NA,NA,NA,NA,NA,NA,NA,NA,NA,NA,NA,NA,NA,NA,NA,NA,NA,NA,NA,NA,NA,NA,NA,NA,NA,NA,NA,NA,NA,NA,NA,NA,NA,NA,NA,NA,NA
NA,NA,NA,NA,NA,NA,NA,NA,NA,NA,NA,NA,NA,NA,NA,NA,128,2025-09-11,11:34:22,NA,NA,NA,NA,Undefined,GEO_PAT,"Terelli, Lucas",119,Right,GEO_PAT,Undefined,1,Bottom,0,0,0,Undefined,NA,Undefined,Undefined,Undefined,Undefined,0,0,NA,55.77266,3.922656,-3.149995,2294.467717,NA,NA,5.72827,3.64145,26.6062,NA,NA,NA,3.6394,1.55845,55.34454,-11.262981,-4.190966,0.402925,74.71161,46.323138,-29.238846,NA,97.89327,89.92876,-50.16874,221.42663,221.39265,-25.945891,4.979806,4.53555,-28.81147,-4.46041,50.00029,3.6256,3.85483,-82.68043,15.9626,3.3197,5.06943,-53.26187,GEO_PAT,NA,SpuhlerFieldMain,NA,NA,20250911-SpuhlerFieldMain-BP-2,caad1220-8f24-11f0-a88d-dd3dcd3eeb83,93.54706,91.83276,NA,0.42812,NA,NA,NA,2.78629,3.90485,-1.65826,2f62e1e7-1fce-432c-b24b-cc7c2e53f2bb,2025-09-11,15:34:22,2025-09-11T15:34:22Z,2025-09-11T15:34:22Z,Popup,v3,471300,NA,NA,NA,NA,Undefined,GEO_PAT,c6fab6a8-3ea7-45a9-a068-939d9387bd04,33.9095,-81.68788,2.53471,5.73005,5.53448,-26.63094,-3.64204,4.50479,1.65985,NA,2.78775,65.99118,-15.11989,4.12072,-0.66533,0.01791,0.01611,-0.00276,1.4e-4,3.90415,79.26281,-20.28632,1.1118,0.14638,-0.16066,0.05584,-0.00913,5.6e-4,-1.65911,-36.93822,10.66826,-3.08977,0.55513,-0.03687,-0.00755,0.00167,-9e-5,NA,NA,NA,NA,NA,NA,NA,NA,NA,NA,NA,NA,NA,NA,NA,NA,NA,NA,NA,NA,NA,NA,Low,Low,Low,Medium,High,NA,NA,NA,NA,NA,NA,NA,NA,NA,NA,NA,NA,NA,NA,NA,NA,NA,NA,NA,NA,NA,NA,NA,NA,NA,NA,NA,NA,NA,NA,NA,NA,NA,NA,NA,NA,NA,NA,NA,NA,NA,NA,NA,NA,NA,NA,NA,NA,NA,NA,NA,NA,NA,NA,NA
NA,NA,NA,NA,NA,NA,NA,NA,NA,NA,NA,NA,NA,NA,NA,NA,129,2025-09-11,11:34:34,NA,NA,NA,NA,Undefined,GEO_PAT,"Terelli, Lucas",119,Right,GEO_PAT,Undefined,1,Bottom,0,0,0,Undefined,NA,Undefined,Undefined,Undefined,Undefined,0,0,NA,64.66047,3.062138,-0.129279,1519.884914,NA,NA,5.23032,1.35259,18.35907,NA,NA,NA,3.17179,1.50746,60.94366,-9.007939,0.565951,0.445135,95.33317,8.223874,-5.764825,2742.995705,109.6355,10.92003,-8.94367,201.56351,197.38432,-2.910195,1.734568,-2.62331,-11.513,-1.37619,50,4.6871,0.39518,-95.906720000000007,8.42958,-2.45087,14.40662,-42.93018,GEO_PAT,NA,SpuhlerFieldMain,NA,NA,20250911-SpuhlerFieldMain-BP-2,d1daafd0-8f24-11f0-a88d-dd3dcd3eeb83,84.67634,11.01554,NA,3.71681,NA,NA,NA,2.09802,3.41623,-1.34368,2f62e1e7-1fce-432c-b24b-cc7c2e53f2bb,2025-09-11,15:34:34,2025-09-11T15:34:34Z,2025-09-11T15:34:34Z,LineDrive,v3,471300,NA,NA,NA,NA,Undefined,GEO_PAT,a1d169aa-0d86-4333-8150-21bc5ada1f11,42.15134,-94.72039,7.20331,5.23569,4.89446,-21.46509,-1.35196,0.19337,-1.22544,227.162719,2.09802,137.68405,-17.01606,2.98158,-0.58351,0.10953,-0.01985,0.00302,-2.5e-4,3.41623,20.00029,-13.60318,0.6286,-0.0734,0.01495,-0.00129,1.2e-4,-2e-5,-1.34368,-13.90004,7.06446,-1.64554,0.39031,-0.08484,0.01685,-0.00263,2.2e-4,NA,NA,NA,NA,NA,NA,NA,NA,NA,NA,NA,NA,NA,NA,NA,NA,NA,NA,NA,NA,NA,NA,Low,Low,Low,High,Medium,NA,NA,NA,NA,NA,NA,NA,NA,NA,NA,NA,NA,NA,NA,NA,NA,NA,NA,NA,NA,NA,NA,NA,NA,NA,NA,NA,NA,NA,NA,NA,NA,NA,NA,NA,NA,NA,NA,NA,NA,NA,NA,NA,NA,NA,NA,NA,NA,NA,NA,NA,NA,NA,NA,NA
NA,NA,NA,NA,NA,NA,NA,NA,NA,NA,NA,NA,NA,NA,NA,NA,130,2025-09-11,11:34:39,NA,NA,NA,NA,Undefined,GEO_PAT,"Terelli, Lucas",119,Right,GEO_PAT,Undefined,1,Bottom,0,0,0,Undefined,Curveball,Undefined,Undefined,Undefined,Undefined,0,0,NA,56.40946,1.439237,-2.479676,2018.146152,26.258938,07:00:00,5.90967,3.45507,27.01587,-35.47687,-4.53965,-2.5628,3.75995,1.85239,53.72235,-9.227057,-3.244532,0.400324,86.78001,3.35232,-15.629016,1857.38163,NA,NA,NA,83.90332,64.5551,-16.694171,0.694573,2.83146,-6.33055,-4.12314,50,4.81135,3.18824,-85.06539,9.21476,2.06001,12.44105,-36.77976,GEO_PAT,NA,SpuhlerFieldMain,NA,NA,20250911-SpuhlerFieldMain-BP-2,d4f22900-8f24-11f0-a88d-dd3dcd3eeb83,94.15474,4.66041,NA,2.68711,NA,NA,NA,1.95962,3.96506,-1.88724,2f62e1e7-1fce-432c-b24b-cc7c2e53f2bb,2025-09-11,15:34:39,2025-09-11T15:34:39Z,2025-09-11T15:34:39Z,GroundBall,v3,471300,NA,NA,NA,NA,Undefined,GEO_PAT,21e60778-dbf9-4449-85a5-34c6de158f26,33.49347,-82.616,6.22053,5.91272,1.97357,-18.38988,-3.45552,3.59382,1.03001,11.57366,1.98511,121.86465,-13.02922,NA,NA,NA,NA,NA,NA,3.99231,6.91335,-18.28176,NA,NA,NA,NA,NA,NA,-1.89241,-34.13012,3.1108,NA,NA,NA,NA,NA,NA,NA,NA,NA,NA,NA,NA,NA,NA,NA,NA,NA,NA,NA,NA,NA,NA,NA,NA,NA,NA,NA,NA,Medium,High,Medium,Medium,Medium,NA,NA,NA,NA,NA,NA,NA,NA,NA,NA,NA,NA,NA,NA,NA,NA,NA,NA,NA,NA,NA,NA,NA,NA,NA,NA,NA,NA,NA,NA,NA,NA,NA,NA,NA,NA,NA,NA,NA,NA,NA,NA,NA,NA,NA,NA,NA,NA,NA,NA,NA,NA,NA,NA,NA
NA,NA,NA,NA,NA,NA,NA,NA,NA,NA,NA,NA,NA,NA,NA,NA,131,2025-09-11,11:34:45,NA,NA,NA,NA,Undefined,GEO_PAT,"Terelli, Lucas",119,Right,GEO_PAT,Undefined,1,Bottom,0,0,0,Undefined,Four-Seam,Undefined,Undefined,Undefined,Undefined,0,0,NA,65.70643,-0.727761,-0.469072,1649.920604,166.585959,11:30:00,5.81225,1.22397,18.2326,-24.35375,13.36796,-2.93551,3.26373,0.64482,60.95561,-6.619556,-1.155543,0.442046,NA,NA,NA,NA,NA,NA,NA,NA,NA,NA,NA,2.37421,12.20776,-1.28258,50,5.84436,0.63389,-97.55053,0.41729,2.26,17.08712,-20.55359,GEO_PAT,NA,SpuhlerFieldMain,NA,NA,20250911-SpuhlerFieldMain-BP-2,d87d72a0-8f24-11f0-a88d-dd3dcd3eeb83,85.2682,NA,NA,4.75082,NA,NA,NA,NA,NA,NA,2f62e1e7-1fce-432c-b24b-cc7c2e53f2bb,2025-09-11,15:34:45,2025-09-11T15:34:45Z,2025-09-11T15:34:45Z,NA,v3,471300,NA,NA,NA,NA,Undefined,GEO_PAT,56f749b4-15cd-45c0-8b4b-6273ea71aaa6,42.27144,-96.18726,8.54356,5.81223,-1.22256,-10.27679,-1.22481,0.8142,1.13,NA,NA,NA,NA,NA,NA,NA,NA,NA,NA,NA,NA,NA,NA,NA,NA,NA,NA,NA,NA,NA,NA,NA,NA,NA,NA,NA,NA,NA,NA,NA,NA,NA,NA,NA,NA,NA,NA,NA,NA,NA,NA,NA,NA,NA,NA,NA,NA,NA,NA,High,High,High,NA,NA,NA,NA,NA,NA,NA,NA,NA,NA,NA,NA,NA,NA,NA,NA,NA,NA,NA,NA,NA,NA,NA,NA,NA,NA,NA,NA,NA,NA,NA,NA,NA,NA,NA,NA,NA,NA,NA,NA,NA,NA,NA,NA,NA,NA,NA,NA,NA,NA,NA,NA,NA,NA,NA,NA,NA
NA,NA,NA,NA,NA,NA,NA,NA,NA,NA,NA,NA,NA,NA,NA,NA,132,2025-09-11,11:35:16,NA,NA,NA,NA,Undefined,GEO_PAT,"Terelli, Lucas",119,Right,GEO_PAT,Undefined,1,Bottom,0,0,0,Undefined,Other,Undefined,Undefined,Undefined,Undefined,0,0,NA,55.10651,1.300139,-0.801318,2120.715846,71.849215,08:30:00,5.94058,3.01476,NA,-38.15636,-3.57606,-13.27233,3.51101,1.4465,52.32852,-9.844218,-4.645207,0.423239,82.39192,9.138665,-17.697049,5913.824544,105.31739,10.23286,-31.75232,176.04713,161.69522,-15.793463,1.726709,17.11954,-4.62587,-3.03669,50,4.98273,-1.01814,-83.22203,8.4241,11.81725,12.80909,-35.36719,GEO_PAT,NA,SpuhlerFieldMain,NA,NA,20250911-SpuhlerFieldMain-BP-2,eab15450-8f24-11f0-a88d-dd3dcd3eeb83,89.0571,10.90853,NA,2.77799,NA,NA,NA,2.30228,3.65073,-1.51622,2f62e1e7-1fce-432c-b24b-cc7c2e53f2bb,2025-09-11,15:35:16,2025-09-11T15:35:16Z,2025-09-11T15:35:16Z,GroundBall,v3,471300,NA,NA,NA,NA,Undefined,GEO_PAT,c585869f-0651-4938-8094-e9109558662d,34.46512,-80.79561,6.40454,5.94395,1.72451,-17.6836,-3.01753,1.2204,5.90863,211.387643,2.30228,113.66141,-12.74251,2.28033,-0.42954,0.0791,-0.01537,0.00269,-2.6e-4,3.65074,19.19064,-12.99242,0.46612,-0.1478,0.13115,-0.07617,0.02478,-0.00334,-1.51621,-36.26858,7.26628,-1.40451,0.22751,0.01258,-0.03171,0.01206,-0.0017,NA,NA,NA,NA,NA,NA,NA,NA,NA,NA,NA,NA,NA,NA,NA,NA,NA,NA,NA,NA,NA,NA,High,High,High,High,High,NA,NA,NA,NA,NA,NA,NA,NA,NA,NA,NA,NA,NA,NA,NA,NA,NA,NA,NA,NA,NA,NA,NA,NA,NA,NA,NA,NA,NA,NA,NA,NA,NA,NA,NA,NA,NA,NA,NA,NA,NA,NA,NA,NA,NA,NA,NA,NA,NA,NA,NA,NA,NA,NA,NA
NA,NA,NA,NA,NA,NA,NA,NA,NA,NA,NA,NA,NA,NA,NA,NA,133,2025-09-11,11:35:27,NA,NA,NA,NA,Undefined,GEO_PAT,"Terelli, Lucas",119,Right,GEO_PAT,Undefined,1,Bottom,0,0,0,Undefined,NA,Undefined,Undefined,Undefined,Undefined,0,0,NA,65.23322,1.538836,-1.442618,1722.842572,NA,NA,4.82481,1.47665,18.24594,NA,NA,NA,3.2189,2.12649,60.55821,-6.254725,3.265514,0.444895,85.91472,5.661916,-18.900277,5861.392949,NA,NA,NA,132.49352,111.27037,-21.653562,1.179566,-17.84521,4.92114,-1.70537,50,4.53601,3.58561,-96.8882,4.72347,-16.76333,16.80105,-27.55124,GEO_PAT,NA,SpuhlerFieldMain,NA,NA,20250911-SpuhlerFieldMain-BP-2,f137b580-8f24-11f0-a88d-dd3dcd3eeb83,84.72217,6.02996,NA,4.67501,NA,NA,NA,2.10683,3.06517,-1.71579,2f62e1e7-1fce-432c-b24b-cc7c2e53f2bb,2025-09-11,15:35:27,2025-09-11T15:35:27Z,2025-09-11T15:35:27Z,GroundBall,v3,471300,NA,NA,NA,NA,Undefined,GEO_PAT,38fd691b-f57d-4edb-8d1d-108e71fb82ae,42.26144,-95.53685,8.40053,4.8268,2.50747,-13.77562,-1.4712,2.2373,-8.38167,130.293176,2.26169,116.82277,-12.25827,NA,NA,NA,NA,NA,NA,3.0949,12.09782,-12.5015,NA,NA,NA,NA,NA,NA,-1.70412,-40.76026,0.63603,NA,NA,NA,NA,NA,NA,NA,NA,NA,NA,NA,NA,NA,NA,NA,NA,NA,NA,NA,NA,NA,NA,NA,NA,NA,NA,NA,NA,Low,Low,Low,High,Medium,NA,NA,NA,NA,NA,NA,NA,NA,NA,NA,NA,NA,NA,NA,NA,NA,NA,NA,NA,NA,NA,NA,NA,NA,NA,NA,NA,NA,NA,NA,NA,NA,NA,NA,NA,NA,NA,NA,NA,NA,NA,NA,NA,NA,NA,NA,NA,NA,NA,NA,NA,NA,NA,NA,NA
NA,NA,NA,NA,NA,NA,NA,NA,NA,NA,NA,NA,NA,NA,NA,NA,134,2025-09-11,11:35:44,NA,NA,NA,NA,Undefined,GEO_PAT,"Terelli, Lucas",119,Right,GEO_PAT,Undefined,1,Bottom,0,0,0,Undefined,NA,Undefined,Undefined,Undefined,Undefined,0,0,NA,63.91606,1.978602,0.423053,1774.066756,NA,NA,5.66775,1.31853,18.36728,NA,NA,NA,4.16271,1.52335,60.25539,-6.382083,0.153268,0.44911,NA,NA,NA,NA,NA,NA,NA,NA,NA,NA,NA,1.11429,3.32083,-1.25812,50,5.30297,-0.76923,-94.69806,5.60821,1.02207,13.09543,-29.12808,GEO_PAT,NA,SpuhlerFieldMain,NA,NA,20250911-SpuhlerFieldMain-BP-2,fb5d8490-8f24-11f0-a88d-dd3dcd3eeb83,83.927,NA,NA,3.66067,NA,NA,NA,NA,NA,NA,2f62e1e7-1fce-432c-b24b-cc7c2e53f2bb,2025-09-11,15:35:44,2025-09-11T15:35:44Z,2025-09-11T15:35:44Z,NA,v3,471300,NA,NA,NA,NA,Undefined,GEO_PAT,1f55f89e-498e-42c2-b4da-a66df17b2c40,42.13995,-93.60482,6.54772,5.66966,3.1765,-14.56404,-1.31878,-0.6839,0.51103,NA,NA,NA,NA,NA,NA,NA,NA,NA,NA,NA,NA,NA,NA,NA,NA,NA,NA,NA,NA,NA,NA,NA,NA,NA,NA,NA,NA,NA,NA,NA,NA,NA,NA,NA,NA,NA,NA,NA,NA,NA,NA,NA,NA,NA,NA,NA,NA,NA,NA,Low,Low,Low,NA,NA,NA,NA,NA,NA,NA,NA,NA,NA,NA,NA,NA,NA,NA,NA,NA,NA,NA,NA,NA,NA,NA,NA,NA,NA,NA,NA,NA,NA,NA,NA,NA,NA,NA,NA,NA,NA,NA,NA,NA,NA,NA,NA,NA,NA,NA,NA,NA,NA,NA,NA,NA,NA,NA,NA,NA
NA,NA,NA,NA,NA,NA,NA,NA,NA,NA,NA,NA,NA,NA,NA,NA,135,2025-09-11,11:35:58,NA,NA,NA,NA,Undefined,GEO_PAT,"Terelli, Lucas",119,Right,GEO_PAT,Undefined,1,Bottom,0,0,0,Undefined,NA,Undefined,Undefined,Undefined,Undefined,0,0,NA,64.49023,0.787527,-0.642933,1701.661618,NA,NA,5.74063,1.45466,18.26948,NA,NA,NA,4.22808,1.63945,59.42568,-5.275252,1.160967,0.450962,NA,NA,NA,NA,NA,NA,NA,NA,NA,NA,NA,-6.90445,12.61694,-1.55497,50,5.56517,1.51078,-95.84039,2.99129,-6.30079,17.41828,-20.66024,GEO_PAT,NA,SpuhlerFieldMain,NA,NA,20250911-SpuhlerFieldMain-BP-2,03c1cd80-8f25-11f0-a88d-dd3dcd3eeb83,83.58226,NA,NA,5.06455,NA,NA,NA,NA,NA,NA,2f62e1e7-1fce-432c-b24b-cc7c2e53f2bb,2025-09-11,15:35:58,2025-09-11T15:35:58Z,2025-09-11T15:35:58Z,NA,v3,471300,NA,NA,NA,NA,Undefined,GEO_PAT,a2ddb704-eab7-4587-8b32-9a0433718914,42.23552,-94.41871,8.70914,5.7405,1.305,-10.33012,-1.45265,0.99651,-3.1504,NA,NA,NA,NA,NA,NA,NA,NA,NA,NA,NA,NA,NA,NA,NA,NA,NA,NA,NA,NA,NA,NA,NA,NA,NA,NA,NA,NA,NA,NA,NA,NA,NA,NA,NA,NA,NA,NA,NA,NA,NA,NA,NA,NA,NA,NA,NA,NA,NA,NA,Low,Low,Low,NA,NA,NA,NA,NA,NA,NA,NA,NA,NA,NA,NA,NA,NA,NA,NA,NA,NA,NA,NA,NA,NA,NA,NA,NA,NA,NA,NA,NA,NA,NA,NA,NA,NA,NA,NA,NA,NA,NA,NA,NA,NA,NA,NA,NA,NA,NA,NA,NA,NA,NA,NA,NA,NA,NA,NA,NA
NA,NA,NA,NA,NA,NA,NA,NA,NA,NA,NA,NA,NA,NA,NA,NA,136,2025-09-11,11:36:03,NA,NA,NA,NA,Undefined,GEO_PAT,"Terelli, Lucas",119,Right,GEO_PAT,Undefined,1,Bottom,0,0,0,Undefined,Curveball,Undefined,Undefined,Undefined,Undefined,0,0,NA,57.96921,0.818035,-1.275213,2261.686822,81.348343,08:45:00,6.04801,3.02143,27.42254,-29.65974,-1.03413,-10.84186,4.02868,1.41295,54.97225,-8.24091,-4.546587,0.385078,NA,NA,NA,NA,NA,NA,NA,NA,NA,NA,NA,15.01028,-1.31437,-3.18878,50,5.19233,-0.2857,-87.73724,7.63037,11.52455,14.15305,-33.18318,GEO_PAT,NA,SpuhlerFieldMain,NA,NA,20250911-SpuhlerFieldMain-BP-2,06e5c9d0-8f25-11f0-a88d-dd3dcd3eeb83,97.88264,NA,NA,2.99697,NA,NA,NA,NA,NA,NA,2f62e1e7-1fce-432c-b24b-cc7c2e53f2bb,2025-09-11,15:36:03,2025-09-11T15:36:03Z,2025-09-11T15:36:03Z,NA,v3,471300,NA,NA,NA,NA,Undefined,GEO_PAT,0a4ffc29-e06f-4109-ab24-b14ec4d57ee3,33.08646,-84.96509,7.07653,6.05035,1.1308,-16.59159,-3.02367,1.9716,5.76227,NA,NA,NA,NA,NA,NA,NA,NA,NA,NA,NA,NA,NA,NA,NA,NA,NA,NA,NA,NA,NA,NA,NA,NA,NA,NA,NA,NA,NA,NA,NA,NA,NA,NA,NA,NA,NA,NA,NA,NA,NA,NA,NA,NA,NA,NA,NA,NA,NA,NA,High,High,High,NA,NA,NA,NA,NA,NA,NA,NA,NA,NA,NA,NA,NA,NA,NA,NA,NA,NA,NA,NA,NA,NA,NA,NA,NA,NA,NA,NA,NA,NA,NA,NA,NA,NA,NA,NA,NA,NA,NA,NA,NA,NA,NA,NA,NA,NA,NA,NA,NA,NA,NA,NA,NA,NA,NA,NA,NA
NA,NA,NA,NA,NA,NA,NA,NA,NA,NA,NA,NA,NA,NA,NA,NA,137,2025-09-11,11:36:10,NA,NA,NA,NA,Undefined,GEO_PAT,"Terelli, Lucas",119,Right,GEO_PAT,Undefined,1,Bottom,0,0,0,Undefined,Four-Seam,Undefined,Undefined,Undefined,Undefined,0,0,NA,65.61196,-0.630391,0.079185,1712.519632,159.738234,11:15:00,5.77818,1.24869,18.22348,-27.496,10.35438,-3.42941,3.03716,1.01939,60.9246,-7.249141,-0.722943,0.442799,NA,NA,NA,NA,NA,NA,NA,NA,NA,NA,NA,3.01894,9.54579,-1.23157,50,5.79127,-0.33752,-97.48422,0.7647,2.86406,17.34477,-23.11796,GEO_PAT,NA,SpuhlerFieldMain,NA,NA,20250911-SpuhlerFieldMain-BP-2,0b470110-8f25-11f0-a88d-dd3dcd3eeb83,85.12316,NA,NA,4.68736,NA,NA,NA,NA,NA,NA,2f62e1e7-1fce-432c-b24b-cc7c2e53f2bb,2025-09-11,15:36:10,2025-09-11T15:36:10Z,2025-09-11T15:36:10Z,NA,v3,471300,NA,NA,NA,NA,Undefined,GEO_PAT,868ddf50-ff43-4f67-8880-3d7bb3ce5d38,42.28269,-96.10132,8.67238,5.77876,-1.0785,-11.55898,-1.24937,-0.10917,1.43203,NA,NA,NA,NA,NA,NA,NA,NA,NA,NA,NA,NA,NA,NA,NA,NA,NA,NA,NA,NA,NA,NA,NA,NA,NA,NA,NA,NA,NA,NA,NA,NA,NA,NA,NA,NA,NA,NA,NA,NA,NA,NA,NA,NA,NA,NA,NA,NA,NA,NA,High,High,High,NA,NA,NA,NA,NA,NA,NA,NA,NA,NA,NA,NA,NA,NA,NA,NA,NA,NA,NA,NA,NA,NA,NA,NA,NA,NA,NA,NA,NA,NA,NA,NA,NA,NA,NA,NA,NA,NA,NA,NA,NA,NA,NA,NA,NA,NA,NA,NA,NA,NA,NA,NA,NA,NA,NA,NA,NA
NA,NA,NA,NA,NA,NA,NA,NA,NA,NA,NA,NA,NA,NA,NA,NA,138,2025-09-11,11:36:16,NA,NA,NA,NA,Undefined,GEO_PAT,"Terelli, Lucas",119,Right,GEO_PAT,Undefined,1,Bottom,0,0,0,Undefined,Other,Undefined,Undefined,Undefined,Undefined,0,0,NA,58.32598,1.220461,-0.731599,2291.747182,71.685573,08:30:00,5.97729,3.01886,26.14399,-34.33864,-3.62063,-13.0482,3.81775,1.51077,55.16106,-8.857701,-4.51923,0.398904,NA,NA,NA,NA,NA,NA,NA,NA,NA,NA,NA,16.97682,-4.79457,-3.02188,50,5.08868,-1.17845,-88.14348,8.18098,13.11789,14.61198,-35.87879,GEO_PAT,NA,SpuhlerFieldMain,NA,NA,20250911-SpuhlerFieldMain-BP-2,0e901190-8f25-11f0-a88d-dd3dcd3eeb83,94.49009,NA,NA,3.16492,NA,NA,NA,NA,NA,NA,2f62e1e7-1fce-432c-b24b-cc7c2e53f2bb,2025-09-11,15:36:16,2025-09-11T15:36:16Z,2025-09-11T15:36:16Z,NA,v3,471300,NA,NA,NA,NA,Undefined,GEO_PAT,e6aa9002-952b-4bff-9748-c13791113827,34.36559,-85.51242,7.30599,5.98013,1.72057,-17.93939,-3.02141,1.18358,6.55895,NA,NA,NA,NA,NA,NA,NA,NA,NA,NA,NA,NA,NA,NA,NA,NA,NA,NA,NA,NA,NA,NA,NA,NA,NA,NA,NA,NA,NA,NA,NA,NA,NA,NA,NA,NA,NA,NA,NA,NA,NA,NA,NA,NA,NA,NA,NA,NA,NA,NA,High,High,High,NA,NA,NA,NA,NA,NA,NA,NA,NA,NA,NA,NA,NA,NA,NA,NA,NA,NA,NA,NA,NA,NA,NA,NA,NA,NA,NA,NA,NA,NA,NA,NA,NA,NA,NA,NA,NA,NA,NA,NA,NA,NA,NA,NA,NA,NA,NA,NA,NA,NA,NA,NA,NA,NA,NA,NA,NA
NA,NA,NA,NA,NA,NA,NA,NA,NA,NA,NA,NA,NA,NA,NA,NA,139,2025-09-11,11:36:22,NA,NA,NA,NA,Undefined,GEO_PAT,"Terelli, Lucas",119,Right,GEO_PAT,Undefined,1,Bottom,0,0,0,Undefined,NA,Undefined,Undefined,Undefined,Undefined,0,0,NA,65.88127,-0.080258,1.137449,1682.658046,NA,NA,5.32827,1.26032,18.26662,NA,NA,NA,3.2592,1.08121,60.46498,-5.966548,-1.640343,0.442617,88.4593,27.48822,22.979359,1504.32105,100.30509,49.00297,45.15405,314.04192,313.29983,29.596216,4.099362,10.72898,12.29646,-1.08585,50,5.27322,-2.62854,-97.99949,1.5076,10.16115,19.25924,-20.52837,GEO_PAT,NA,SpuhlerFieldMain,NA,NA,20250911-SpuhlerFieldMain-BP-2,11ffe3f0-8f25-11f0-a88d-dd3dcd3eeb83,85.15806,59.40362,NA,5.41629,NA,NA,NA,3.98338,3.37759,-1.19132,2f62e1e7-1fce-432c-b24b-cc7c2e53f2bb,2025-09-11,15:36:22,2025-09-11T15:36:22Z,2025-09-11T15:36:22Z,FlyBall,v3,471300,NA,NA,NA,NA,Undefined,GEO_PAT,d50ea8b0-c847-4298-acda-c6877777e340,42.23885,-96.46218,9.62962,5.32816,-0.13101,-10.26419,-1.26329,-1.81746,5.08058,211.21925,3.9829,105.97507,-20.69881,5.2471,-1.33277,0.36332,-0.08347,0.01177,-7e-4,3.37844,59.85834,-17.27098,0.52876,0.31008,-0.217,0.06552,-0.00947,5.3e-4,-1.19161,44.93921,-2.51594,0.2664,-0.01885,0.00739,-0.00352,6.6e-4,-4e-5,NA,NA,NA,NA,NA,NA,NA,NA,NA,NA,NA,NA,NA,NA,NA,NA,NA,NA,NA,NA,NA,NA,Low,Low,Low,High,High,NA,NA,NA,NA,NA,NA,NA,NA,NA,NA,NA,NA,NA,NA,NA,NA,NA,NA,NA,NA,NA,NA,NA,NA,NA,NA,NA,NA,NA,NA,NA,NA,NA,NA,NA,NA,NA,NA,NA,NA,NA,NA,NA,NA,NA,NA,NA,NA,NA,NA,NA,NA,NA,NA,NA
NA,NA,NA,NA,NA,NA,NA,NA,NA,NA,NA,NA,NA,NA,NA,NA,140,2025-09-11,11:36:35,NA,NA,NA,NA,Undefined,GEO_PAT,"Terelli, Lucas",119,Right,GEO_PAT,Undefined,1,Bottom,0,0,0,Undefined,Curveball,Undefined,Undefined,Undefined,Undefined,0,0,NA,56.5957,0.316055,-0.688386,2280.100393,89.538972,09:00:00,6.02567,3.02724,26.63385,-30.9971,0.59819,-13.50446,3.62164,1.51186,53.67476,-8.919591,-4.668717,0.40456,86.69806,28.338318,20.581871,1591.414434,102.11017,50.63591,40.90848,319.28992,316.54877,28.138966,4.136271,18.20414,1.06878,-2.99302,50,5.37811,-1.46124,-85.57609,6.39749,13.28148,13.58788,-31.39429,GEO_PAT,NA,SpuhlerFieldMain,NA,NA,20250911-SpuhlerFieldMain-BP-2,1a37c5b0-8f25-11f0-a88d-dd3dcd3eeb83,93.16906,61.04925,NA,2.92093,NA,NA,NA,4.35415,4.07081,-1.76825,2f62e1e7-1fce-432c-b24b-cc7c2e53f2bb,2025-09-11,15:36:35,2025-09-11T15:36:35Z,2025-09-11T15:36:35Z,FlyBall,v3,471300,NA,NA,NA,NA,Undefined,GEO_PAT,8a10a3df-e38a-4c0d-87d5-f5d39c3ce573,33.87526,-82.97629,6.79394,6.02752,0.39076,-15.69714,-3.0295,1.07994,6.64074,213.72151,4.35345,104.79397,-19.07024,4.7677,-1.19221,0.31594,-0.0706,0.00971,-5.7e-4,4.07174,60.33356,-17.30996,0.64358,0.18695,-0.1479,0.0445,-0.00633,3.4e-4,-1.76842,39.34896,-0.76008,0.02289,-0.00796,0.01532,-0.00638,0.00109,-7e-5,NA,NA,NA,NA,NA,NA,NA,NA,NA,NA,NA,NA,NA,NA,NA,NA,NA,NA,NA,NA,NA,NA,High,High,High,High,High,NA,NA,NA,NA,NA,NA,NA,NA,NA,NA,NA,NA,NA,NA,NA,NA,NA,NA,NA,NA,NA,NA,NA,NA,NA,NA,NA,NA,NA,NA,NA,NA,NA,NA,NA,NA,NA,NA,NA,NA,NA,NA,NA,NA,NA,NA,NA,NA,NA,NA,NA,NA,NA,NA,NA
NA,NA,NA,NA,NA,NA,NA,NA,NA,NA,NA,NA,NA,NA,NA,NA,141,2025-09-11,11:36:50,NA,NA,NA,NA,Undefined,GEO_PAT,"Terelli, Lucas",119,Right,GEO_PAT,Undefined,1,Bottom,0,0,0,Undefined,Four-Seam,Undefined,Undefined,Undefined,Undefined,0,0,NA,65.26209,-0.699321,0.172284,1670.414682,167.420689,11:30:00,5.80956,1.22725,18.18851,-26.67021,12.29044,-2.45252,3.08776,1.14587,59.61698,-7.175769,-0.400793,0.449246,93.40287,25.696414,20.677428,1427.010074,101.39766,43.78745,42.64342,337.23688,336.38395,30.267588,3.788623,2.18579,11.3156,-1.20027,50,5.8348,-0.42681,-97.13891,0.55491,2.01572,20.15122,-21.73887,GEO_PAT,NA,SpuhlerFieldMain,NA,NA,20250911-SpuhlerFieldMain-BP-2,2320a7f0-8f25-11f0-a88d-dd3dcd3eeb83,83.90153,53.52894,NA,5.64512,NA,NA,NA,4.17858,3.50496,-1.24457,2f62e1e7-1fce-432c-b24b-cc7c2e53f2bb,2025-09-11,15:36:50,2025-09-11T15:36:50Z,2025-09-11T15:36:50Z,FlyBall,v3,471300,NA,NA,NA,NA,Undefined,GEO_PAT,d021c8da-faa6-422c-a7e2-8e6552c16f4b,42.31586,-95.53156,10.07561,5.80991,-1.17908,-10.86944,-1.2279,-0.26603,1.00786,238.311093,4.17787,115.51756,-19.28594,4.61395,-1.32478,0.44859,-0.12844,0.02128,-0.00142,3.50566,59.37544,-19.54284,1.1722,0.14582,-0.19967,0.07502,-0.01276,8.3e-4,-1.24462,43.58604,2.89792,-1.59362,0.48626,-0.11516,0.02078,-0.00221,1e-4,NA,NA,NA,NA,NA,NA,NA,NA,NA,NA,NA,NA,NA,NA,NA,NA,NA,NA,NA,NA,NA,NA,High,Medium,Medium,High,High,NA,NA,NA,NA,NA,NA,NA,NA,NA,NA,NA,NA,NA,NA,NA,NA,NA,NA,NA,NA,NA,NA,NA,NA,NA,NA,NA,NA,NA,NA,NA,NA,NA,NA,NA,NA,NA,NA,NA,NA,NA,NA,NA,NA,NA,NA,NA,NA,NA,NA,NA,NA,NA,NA,NA
NA,NA,NA,NA,NA,NA,NA,NA,NA,NA,NA,NA,NA,NA,NA,NA,142,2025-09-11,11:36:57,NA,NA,NA,NA,Undefined,GEO_PAT,"Terelli, Lucas",119,Right,GEO_PAT,Undefined,1,Bottom,0,0,0,Undefined,Curveball,Undefined,Undefined,Undefined,Undefined,0,0,NA,59.0778,0.868794,-2.198809,2642.480865,71.04284,08:15:00,6.06,3.04427,27.35947,-31.33647,-3.3711,-11.77182,3.93021,0.84487,55.60766,-8.680629,-5.739449,0.380611,80.86681,34.148654,-23.133203,4544.204635,96.24687,58.66861,-53.25899,259.22091,179.26993,-36.455476,4.076548,15.81631,-4.66284,-3.47174,50,5.17688,1.0279,-89.74324,8.06238,12.50231,16.70503,-35.85989,GEO_PAT,NA,SpuhlerFieldMain,NA,NA,20250911-SpuhlerFieldMain-BP-2,26cce710-8f25-11f0-a88d-dd3dcd3eeb83,99.03133,63.62221,NA,3.47014,NA,NA,NA,2.94999,4.19987,-1.01935,2f62e1e7-1fce-432c-b24b-cc7c2e53f2bb,2025-09-11,15:36:57,2025-09-11T15:36:57Z,2025-09-11T15:36:57Z,FlyBall,v3,471300,NA,NA,NA,NA,Undefined,GEO_PAT,dec9810d-2819-4d0a-ae29-fef7ea7a162f,33.14964,-86.54986,8.35251,6.06289,1.20729,-17.92994,-3.0468,3.41788,6.25115,132.455693,2.94924,90.28755,-20.24022,5.41816,-1.53312,0.46582,-0.12141,0.01889,-0.00119,4.2001,66.5691,-20.94873,1.41507,-0.00258,-0.08997,0.03142,-0.00432,2e-4,-1.01911,-38.56955,-2.19614,1.68267,-0.48012,0.05692,0.00825,-0.00374,3.6e-4,NA,NA,NA,NA,NA,NA,NA,NA,NA,NA,NA,NA,NA,NA,NA,NA,NA,NA,NA,NA,NA,NA,High,High,High,High,Medium,NA,NA,NA,NA,NA,NA,NA,NA,NA,NA,NA,NA,NA,NA,NA,NA,NA,NA,NA,NA,NA,NA,NA,NA,NA,NA,NA,NA,NA,NA,NA,NA,NA,NA,NA,NA,NA,NA,NA,NA,NA,NA,NA,NA,NA,NA,NA,NA,NA,NA,NA,NA,NA,NA,NA
NA,NA,NA,NA,NA,NA,NA,NA,NA,NA,NA,NA,NA,NA,NA,NA,143,2025-09-11,11:37:11,NA,NA,NA,NA,Undefined,GEO_PAT,"Terelli, Lucas",119,Right,GEO_PAT,Undefined,1,Bottom,0,0,0,Undefined,Curveball,Undefined,Undefined,Undefined,Undefined,0,0,NA,58.78656,1.230041,-1.569303,2634.486129,73.315426,08:30:00,6.04992,3.08952,NA,-33.00951,-3.01047,-12.20146,4.00459,1.17294,55.70286,-8.48415,-5.116216,0.394208,89.02432,36.352102,-12.530351,3610.83755,105.80018,73.43831,-30.10453,323.61014,323.28588,-21.743295,5.135842,15.71587,-4.03815,-3.33179,50,5.1634,0.22156,-88.75423,8.1208,12.35337,14.42901,-35.34821,GEO_PAT,NA,SpuhlerFieldMain,NA,NA,20250911-SpuhlerFieldMain-BP-2,2f6f7180-8f25-11f0-a88d-dd3dcd3eeb83,95.6157,94.07251,NA,3.0837,NA,NA,NA,3.25692,4.35856,-1.34775,2f62e1e7-1fce-432c-b24b-cc7c2e53f2bb,2025-09-11,15:37:11,2025-09-11T15:37:11Z,2025-09-11T15:37:11Z,FlyBall,v3,471300,NA,NA,NA,NA,Undefined,GEO_PAT,f7f65e04-400b-48c4-b275-d390220cd3df,34.25996,-86.15733,7.2145,6.05246,1.75892,-17.67411,-3.09184,2.44488,6.17669,158.866103,3.25865,102.62216,-21.38959,5.26469,-1.08721,0.20302,-0.03294,0.00367,-1.8e-4,4.35979,77.36426,-18.65035,0.84201,0.16274,-0.13558,0.03745,-0.00484,2.4e-4,-1.34769,-22.81649,-0.43393,0.19744,-0.04931,0.00659,-3e-5,-1e-4,1e-5,NA,NA,NA,NA,NA,NA,NA,NA,NA,NA,NA,NA,NA,NA,NA,NA,NA,NA,NA,NA,NA,NA,High,High,High,High,High,NA,NA,NA,NA,NA,NA,NA,NA,NA,NA,NA,NA,NA,NA,NA,NA,NA,NA,NA,NA,NA,NA,NA,NA,NA,NA,NA,NA,NA,NA,NA,NA,NA,NA,NA,NA,NA,NA,NA,NA,NA,NA,NA,NA,NA,NA,NA,NA,NA,NA,NA,NA,NA,NA,NA
NA,NA,NA,NA,NA,NA,NA,NA,NA,NA,NA,NA,NA,NA,NA,NA,144,2025-09-11,11:37:18,NA,NA,NA,NA,Undefined,GEO_PAT,"Terelli, Lucas",119,Right,GEO_PAT,Undefined,1,Bottom,0,0,0,Undefined,Curveball,Undefined,Undefined,Undefined,Undefined,0,0,NA,56.13271,0.423575,-2.009942,2250.25473,75.608562,08:30:00,6.01529,3.06915,26.54514,-34.47053,-1.8365,-10.30394,3.38352,1.06824,52.87602,-9.816233,-5.034239,0.411156,93.48455,22.658852,7.228487,2195.4833,109.43141,37.06791,11.16509,303.45486,298.90658,6.535761,3.292383,13.14091,-2.18343,-3.46727,50,5.30083,1.17066,-85.10959,6.97449,9.34525,14.99363,-33.72681,GEO_PAT,NA,SpuhlerFieldMain,NA,NA,20250911-SpuhlerFieldMain-BP-2,33d340d0-8f25-11f0-a88d-dd3dcd3eeb83,91.67431,42.54795,NA,3.25669,NA,NA,NA,4.10656,3.78617,-1.32616,2f62e1e7-1fce-432c-b24b-cc7c2e53f2bb,2025-09-11,15:37:18,2025-09-11T15:37:18Z,2025-09-11T15:37:18Z,LineDrive,v3,471300,NA,NA,NA,NA,Undefined,GEO_PAT,7e27962a-e43f-4f8c-bdbd-893ddd941eb0,33.96349,-82.23595,7.49682,6.0181,0.5105,-16.86341,-3.07127,2.96175,4.67262,153.946487,4.10654,125.52212,-17.85334,3.76554,-0.75754,0.11321,-0.00696,-0.00171,3.3e-4,3.78614,52.82243,-19.98374,1.69275,-0.34363,0.09828,-0.0302,0.00666,-6.2e-4,-1.32614,15.91984,-4.03573,1.60064,-0.45768,0.10212,-0.01797,0.00214,-1.2e-4,NA,NA,NA,NA,NA,NA,NA,NA,NA,NA,NA,NA,NA,NA,NA,NA,NA,NA,NA,NA,NA,NA,High,High,High,Medium,High,NA,NA,NA,NA,NA,NA,NA,NA,NA,NA,NA,NA,NA,NA,NA,NA,NA,NA,NA,NA,NA,NA,NA,NA,NA,NA,NA,NA,NA,NA,NA,NA,NA,NA,NA,NA,NA,NA,NA,NA,NA,NA,NA,NA,NA,NA,NA,NA,NA,NA,NA,NA,NA,NA,NA
NA,NA,NA,NA,NA,NA,NA,NA,NA,NA,NA,NA,NA,NA,NA,NA,145,2025-09-11,11:37:25,NA,NA,NA,NA,Undefined,GEO_PAT,"Terelli, Lucas",119,Right,GEO_PAT,Undefined,1,Bottom,0,0,0,Undefined,Four-Seam,Undefined,Undefined,Undefined,Undefined,0,0,NA,64.64894,-1.260249,-0.081465,1692.361117,168.796842,11:45:00,5.83149,1.24075,18.31567,-24.15903,14.76312,-2.6987,2.92117,0.95788,59.86909,-7.125078,-0.71393,0.449024,NA,NA,NA,NA,NA,NA,NA,NA,NA,NA,NA,2.33807,13.67942,-1.24667,50,5.93554,-0.02236,-96.07675,-0.47052,2.14722,17.31284,-19.61132,GEO_PAT,NA,SpuhlerFieldMain,NA,NA,20250911-SpuhlerFieldMain-BP-2,377ee3b0-8f25-11f0-a88d-dd3dcd3eeb83,83.943,NA,NA,4.77985,NA,NA,NA,NA,NA,NA,2f62e1e7-1fce-432c-b24b-cc7c2e53f2bb,2025-09-11,15:37:25,2025-09-11T15:37:25Z,2025-09-11T15:37:25Z,NA,v3,471300,NA,NA,NA,NA,Undefined,GEO_PAT,95c2359e-68c5-4388-a5a0-f8d400f6e7e9,42.19008,-94.65895,8.65642,5.83125,-2.07654,-9.80566,-1.2413,0.15348,1.07361,NA,NA,NA,NA,NA,NA,NA,NA,NA,NA,NA,NA,NA,NA,NA,NA,NA,NA,NA,NA,NA,NA,NA,NA,NA,NA,NA,NA,NA,NA,NA,NA,NA,NA,NA,NA,NA,NA,NA,NA,NA,NA,NA,NA,NA,NA,NA,NA,NA,NA,High,High,High,NA,NA,NA,NA,NA,NA,NA,NA,NA,NA,NA,NA,NA,NA,NA,NA,NA,NA,NA,NA,NA,NA,NA,NA,NA,NA,NA,NA,NA,NA,NA,NA,NA,NA,NA,NA,NA,NA,NA,NA,NA,NA,NA,NA,NA,NA,NA,NA,NA,NA,NA,NA,NA,NA,NA,NA,NA
NA,NA,NA,NA,NA,NA,NA,NA,NA,NA,NA,NA,NA,NA,NA,NA,146,2025-09-11,11:37:43,NA,NA,NA,NA,Undefined,GEO_PAT,"Terelli, Lucas",119,Right,GEO_PAT,Undefined,1,Bottom,0,0,0,Undefined,Four-Seam,Undefined,Undefined,Undefined,Undefined,0,0,NA,64.73821,-0.50833,0.095882,1709.752639,194.388711,12:30:00,5.75709,1.269,18.19795,-25.40072,13.63154,3.20626,3.27753,1.60463,59.89104,-6.656302,0.844991,0.449659,NA,NA,NA,NA,NA,NA,NA,NA,NA,NA,NA,-2.73843,12.36859,-1.26151,50,5.75755,0.0186,-96.17751,0.83186,-2.52229,17.23352,-20.78165,GEO_PAT,NA,SpuhlerFieldMain,NA,NA,20250911-SpuhlerFieldMain-BP-2,427b1590-8f25-11f0-a88d-dd3dcd3eeb83,83.82452,NA,NA,4.84718,NA,NA,NA,NA,NA,NA,2f62e1e7-1fce-432c-b24b-cc7c2e53f2bb,2025-09-11,15:37:43,2025-09-11T15:37:43Z,2025-09-11T15:37:43Z,NA,v3,471300,NA,NA,NA,NA,Undefined,GEO_PAT,092d5c95-b69f-4a33-8823-5f0920ba9c44,42.30686,-94.789,8.61676,5.75712,-0.84253,-10.39083,-1.26819,-0.18462,-1.26115,NA,NA,NA,NA,NA,NA,NA,NA,NA,NA,NA,NA,NA,NA,NA,NA,NA,NA,NA,NA,NA,NA,NA,NA,NA,NA,NA,NA,NA,NA,NA,NA,NA,NA,NA,NA,NA,NA,NA,NA,NA,NA,NA,NA,NA,NA,NA,NA,NA,NA,High,High,High,NA,NA,NA,NA,NA,NA,NA,NA,NA,NA,NA,NA,NA,NA,NA,NA,NA,NA,NA,NA,NA,NA,NA,NA,NA,NA,NA,NA,NA,NA,NA,NA,NA,NA,NA,NA,NA,NA,NA,NA,NA,NA,NA,NA,NA,NA,NA,NA,NA,NA,NA,NA,NA,NA,NA,NA,NA
NA,NA,NA,NA,NA,NA,NA,NA,NA,NA,NA,NA,NA,NA,NA,NA,147,2025-09-11,11:37:49,NA,NA,NA,NA,Undefined,GEO_PAT,"Terelli, Lucas",119,Right,GEO_PAT,Undefined,1,Bottom,0,0,0,Undefined,Four-Seam,Undefined,Undefined,Undefined,Undefined,0,0,NA,65.50582,-1.177771,0.782295,1651.885007,154.969617,11:15:00,5.86258,1.16807,18.17162,-15.83765,23.27084,-10.19166,3.7014,0.87753,59.03933,-5.177699,-1.595317,0.450098,95.2099,12.625246,6.425276,1939.076915,108.4547,18.42164,18.37214,234.99672,229.13729,14.445819,2.192543,9.04504,20.94623,-1.05001,50,5.96716,-1.86124,-97.57002,-0.8464,8.31197,22.01677,-12.92547,GEO_PAT,NA,SpuhlerFieldMain,NA,NA,20250911-SpuhlerFieldMain-BP-2,45fd8590-8f25-11f0-a88d-dd3dcd3eeb83,83.74277,18.62625,NA,6.46649,NA,NA,NA,1.83855,3.49924,-1.1268,2f62e1e7-1fce-432c-b24b-cc7c2e53f2bb,2025-09-11,15:37:49,2025-09-11T15:37:49Z,2025-09-11T15:37:49Z,LineDrive,v3,471300,NA,NA,NA,NA,Undefined,GEO_PAT,72646508-bf5b-44ad-857d-39108127a6fb,42.33114,-95.82391,11.00839,5.85938,-1.8715,-6.46274,-1.17148,-1.20203,4.15598,248.06687,1.83855,135.40838,-21.34352,4.31894,-0.82384,0.09845,0.01467,-0.00996,0.00144,3.49924,30.52195,-16.1316,0.81132,-0.13277,0.10608,-0.07108,0.02356,-0.00294,-1.1268,15.24936,9.44317,-2.89799,0.66124,-0.0072,-0.08293,0.03323,-0.00437,NA,NA,NA,NA,NA,NA,NA,NA,NA,NA,NA,NA,NA,NA,NA,NA,NA,NA,NA,NA,NA,NA,High,Medium,Medium,High,High,NA,NA,NA,NA,NA,NA,NA,NA,NA,NA,NA,NA,NA,NA,NA,NA,NA,NA,NA,NA,NA,NA,NA,NA,NA,NA,NA,NA,NA,NA,NA,NA,NA,NA,NA,NA,NA,NA,NA,NA,NA,NA,NA,NA,NA,NA,NA,NA,NA,NA,NA,NA,NA,NA,NA
NA,NA,NA,NA,NA,NA,NA,NA,NA,NA,NA,NA,NA,NA,NA,NA,148,2025-09-11,11:37:55,NA,NA,NA,NA,Undefined,GEO_PAT,"Terelli, Lucas",119,Right,GEO_PAT,Undefined,1,Bottom,0,0,0,Undefined,Curveball,Undefined,Undefined,Undefined,Undefined,0,0,NA,58.08348,0.160352,-2.743034,2613.661724,75.355888,08:30:00,6.00516,2.9733,27.01749,-31.65915,-1.9702,-10.40737,3.45677,0.56923,54.58184,-9.380218,-5.838946,0.392165,86.50785,15.55247,12.500824,2625.008968,105.59285,23.36357,30.82197,246.09391,241.0416,21.463919,2.601713,13.28225,-2.2637,-3.586,50,5.368,2.23935,-88.21016,6.5896,10.10012,16.62196,-33.89543,GEO_PAT,NA,SpuhlerFieldMain,NA,NA,20250911-SpuhlerFieldMain-BP-2,496f53c0-8f25-11f0-a88d-dd3dcd3eeb83,96.11374,23.99165,NA,3.50164,NA,NA,NA,1.79432,3.49851,-0.59785,2f62e1e7-1fce-432c-b24b-cc7c2e53f2bb,2025-09-11,15:37:55,2025-09-11T15:37:55Z,2025-09-11T15:37:55Z,LineDrive,v3,471300,NA,NA,NA,NA,Undefined,GEO_PAT,e423d60c-1dff-4e0b-8ef8-dc3b7ec43e5a,33.49085,-85.04237,8.31098,6.00829,0.12985,-16.94771,-2.97581,4.16422,5.05006,236.368905,1.79432,119.33447,-19.527,4.28465,-0.84698,0.14539,-0.0226,0.00293,-1.9e-4,3.49851,34.01875,-14.36546,0.0414,0.19657,-0.06854,0.01638,-0.00199,9e-5,-0.59785,26.45781,6.6307,-2.37492,0.67216,-0.1562,0.02965,-0.00386,2.4e-4,NA,NA,NA,NA,NA,NA,NA,NA,NA,NA,NA,NA,NA,NA,NA,NA,NA,NA,NA,NA,NA,NA,High,High,High,High,High,NA,NA,NA,NA,NA,NA,NA,NA,NA,NA,NA,NA,NA,NA,NA,NA,NA,NA,NA,NA,NA,NA,NA,NA,NA,NA,NA,NA,NA,NA,NA,NA,NA,NA,NA,NA,NA,NA,NA,NA,NA,NA,NA,NA,NA,NA,NA,NA,NA,NA,NA,NA,NA,NA,NA
NA,NA,NA,NA,NA,NA,NA,NA,NA,NA,NA,NA,NA,NA,NA,NA,149,2025-09-11,11:38:01,NA,NA,NA,NA,Undefined,GEO_PAT,"Terelli, Lucas",119,Right,GEO_PAT,Undefined,1,Bottom,0,0,0,Undefined,NA,Undefined,Undefined,Undefined,Undefined,0,0,NA,64.06508,3.458646,0.934719,1813.849454,NA,NA,4.74006,1.14651,18.21898,NA,NA,NA,3.10369,1.51776,59.87965,-8.237755,0.105691,0.452474,NA,NA,NA,NA,NA,NA,NA,NA,NA,NA,NA,3.32355,-8.96,-1.01489,50,4.16451,-1.74707,-94.99933,8.77165,3.02379,15.15623,-40.32595,GEO_PAT,NA,SpuhlerFieldMain,NA,NA,20250911-SpuhlerFieldMain-BP-2,4d0db030-8f25-11f0-a88d-dd3dcd3eeb83,83.30304,NA,NA,4.18542,NA,NA,NA,NA,NA,NA,2f62e1e7-1fce-432c-b24b-cc7c2e53f2bb,2025-09-11,15:38:01,2025-09-11T15:38:01Z,2025-09-11T15:38:01Z,NA,v3,471300,NA,NA,NA,NA,Undefined,GEO_PAT,3383e271-7811-4601-917d-cfec741533da,42.2902,-93.76124,7.57811,4.74651,5.47747,-20.16298,-1.14751,-1.50006,1.5119,NA,NA,NA,NA,NA,NA,NA,NA,NA,NA,NA,NA,NA,NA,NA,NA,NA,NA,NA,NA,NA,NA,NA,NA,NA,NA,NA,NA,NA,NA,NA,NA,NA,NA,NA,NA,NA,NA,NA,NA,NA,NA,NA,NA,NA,NA,NA,NA,NA,NA,Low,Low,Low,NA,NA,NA,NA,NA,NA,NA,NA,NA,NA,NA,NA,NA,NA,NA,NA,NA,NA,NA,NA,NA,NA,NA,NA,NA,NA,NA,NA,NA,NA,NA,NA,NA,NA,NA,NA,NA,NA,NA,NA,NA,NA,NA,NA,NA,NA,NA,NA,NA,NA,NA,NA,NA,NA,NA,NA,NA
NA,NA,NA,NA,NA,NA,NA,NA,NA,NA,NA,NA,NA,NA,NA,NA,150,2025-09-11,11:38:12,NA,NA,NA,NA,Undefined,GEO_PAT,"Terelli, Lucas",119,Right,GEO_PAT,Undefined,1,Bottom,0,0,0,Undefined,Curveball,Undefined,Undefined,Undefined,Undefined,0,0,NA,55.40597,0.500021,-1.410767,2110.580464,85.583031,08:45:00,6.01683,3.0768,26.65642,-33.11494,-0.22791,-12.12745,3.54042,1.26734,52.70285,-9.354863,-4.984851,0.412747,72.97457,-16.788635,-45.562848,NA,NA,NA,NA,19.9466,14.84682,-40.610688,0.157589,16.08528,-0.06232,-3.2698,50,5.27742,-0.12779,-83.70597,6.9418,11.25674,12.73806,-32.21767,GEO_PAT,NA,SpuhlerFieldMain,NA,NA,20250911-SpuhlerFieldMain-BP-2,539a04d0-8f25-11f0-a88d-dd3dcd3eeb83,91.32098,4.90235,NA,2.70312,NA,NA,NA,3.7661,4.90235,-1.38146,2f62e1e7-1fce-432c-b24b-cc7c2e53f2bb,2025-09-11,15:38:12,2025-09-11T15:38:12Z,2025-09-11T15:38:12Z,GroundBall,v3,471300,NA,NA,NA,NA,Undefined,GEO_PAT,dc0a56a2-e69a-49d6-99d7-9947a173f5ba,33.85267,-81.21156,6.36903,6.01906,0.63284,-16.10883,-3.079,2.07654,5.62837,180,3.75469,72.1899,NA,NA,NA,NA,NA,NA,NA,4.90726,-31.10837,NA,NA,NA,NA,NA,NA,NA,-1.36983,-73.62234,NA,NA,NA,NA,NA,NA,NA,NA,NA,NA,NA,NA,NA,NA,NA,NA,NA,NA,NA,NA,NA,NA,NA,NA,NA,NA,NA,NA,NA,High,High,High,Low,Low,NA,NA,NA,NA,NA,NA,NA,NA,NA,NA,NA,NA,NA,NA,NA,NA,NA,NA,NA,NA,NA,NA,NA,NA,NA,NA,NA,NA,NA,NA,NA,NA,NA,NA,NA,NA,NA,NA,NA,NA,NA,NA,NA,NA,NA,NA,NA,NA,NA,NA,NA,NA,NA,NA,NA
NA,NA,NA,NA,NA,NA,NA,NA,NA,NA,NA,NA,NA,NA,NA,NA,151,2025-09-11,11:38:24,NA,NA,NA,NA,Undefined,GEO_PAT,"Terelli, Lucas",119,Right,GEO_PAT,Undefined,1,Bottom,0,0,0,Undefined,NA,Undefined,Undefined,Undefined,Undefined,0,0,NA,56.30963,0.828167,-3.591618,2237.716983,NA,NA,5.95067,3.59651,26.96931,NA,NA,NA,3.82979,1.63577,52.72995,-8.556235,-3.393742,0.405049,77.71727,40.674166,4.806969,4157.387324,108.40429,78.19494,18.66835,270.83253,231.05564,16.168605,4.843747,-2.23213,1.13398,-4.64092,50,5.13215,5.4751,-85.27708,7.26159,-1.59453,14.9949,-31.36398,GEO_PAT,NA,SpuhlerFieldMain,NA,NA,20250911-SpuhlerFieldMain-BP-2,5b043650-8f25-11f0-a88d-dd3dcd3eeb83,93.05643,85.5859,NA,3.57967,NA,NA,NA,1.47786,4.60285,-1.79754,2f62e1e7-1fce-432c-b24b-cc7c2e53f2bb,2025-09-11,15:38:24,2025-09-11T15:38:24Z,2025-09-11T15:38:24Z,FlyBall,v3,471300,NA,NA,NA,NA,Undefined,GEO_PAT,f385f44d-d93e-4009-8b41-93bc2d343077,33.53791,-82.33156,7.49745,5.95346,1.10061,-15.68199,-3.59618,5.16188,-0.79726,212.089508,1.48073,86.08293,-16.28881,3.62446,-0.32386,-0.1056,0.04209,-0.00569,2.8e-4,4.60146,74.31079,-19.00092,1.12765,-0.12044,-0.02054,0.0175,-0.00357,2.4e-4,-1.79819,7.25814,5.70788,-1.72673,0.26483,0.01371,-0.01419,0.00227,-1.2e-4,NA,NA,NA,NA,NA,NA,NA,NA,NA,NA,NA,NA,NA,NA,NA,NA,NA,NA,NA,NA,NA,NA,Low,Low,Low,Medium,Medium,NA,NA,NA,NA,NA,NA,NA,NA,NA,NA,NA,NA,NA,NA,NA,NA,NA,NA,NA,NA,NA,NA,NA,NA,NA,NA,NA,NA,NA,NA,NA,NA,NA,NA,NA,NA,NA,NA,NA,NA,NA,NA,NA,NA,NA,NA,NA,NA,NA,NA,NA,NA,NA,NA,NA
NA,NA,NA,NA,NA,NA,NA,NA,NA,NA,NA,NA,NA,NA,NA,NA,152,2025-09-11,11:38:31,NA,NA,NA,NA,Undefined,GEO_PAT,"Terelli, Lucas",119,Right,GEO_PAT,Undefined,1,Bottom,0,0,0,Undefined,Curveball,Undefined,Undefined,Undefined,Undefined,0,0,NA,57.7012,1.098154,-0.927108,2467.451268,72.469239,08:30:00,6.109,3.0205,27.76503,-31.70801,-3.3237,-12.58721,4.06726,1.4646,54.54734,-8.688921,-4.770372,0.383452,NA,NA,NA,NA,NA,NA,NA,NA,NA,NA,NA,17.90603,-4.73418,-3.04457,50,5.09025,-1.25567,-87.62007,8.68262,13.59212,15.10024,-35.76766,GEO_PAT,NA,SpuhlerFieldMain,NA,NA,20250911-SpuhlerFieldMain-BP-2,5f096ae0-8f25-11f0-a88d-dd3dcd3eeb83,98.29774,NA,NA,3.15387,NA,NA,NA,NA,NA,NA,2f62e1e7-1fce-432c-b24b-cc7c2e53f2bb,2025-09-11,15:38:31,2025-09-11T15:38:31Z,2025-09-11T15:38:31Z,NA,v3,471300,NA,NA,NA,NA,Undefined,GEO_PAT,b595e634-18bf-4978-96a0-3cd4a700c719,32.7445,-84.59404,7.55012,6.11202,1.51492,-17.88383,-3.02328,1.46814,6.79606,NA,NA,NA,NA,NA,NA,NA,NA,NA,NA,NA,NA,NA,NA,NA,NA,NA,NA,NA,NA,NA,NA,NA,NA,NA,NA,NA,NA,NA,NA,NA,NA,NA,NA,NA,NA,NA,NA,NA,NA,NA,NA,NA,NA,NA,NA,NA,NA,NA,NA,High,High,High,NA,NA,NA,NA,NA,NA,NA,NA,NA,NA,NA,NA,NA,NA,NA,NA,NA,NA,NA,NA,NA,NA,NA,NA,NA,NA,NA,NA,NA,NA,NA,NA,NA,NA,NA,NA,NA,NA,NA,NA,NA,NA,NA,NA,NA,NA,NA,NA,NA,NA,NA,NA,NA,NA,NA,NA,NA
NA,NA,NA,NA,NA,NA,NA,NA,NA,NA,NA,NA,NA,NA,NA,NA,153,2025-09-11,11:38:37,NA,NA,NA,NA,Undefined,GEO_PAT,"Terelli, Lucas",119,Right,GEO_PAT,Undefined,1,Bottom,0,0,0,Undefined,Curveball,Undefined,Undefined,Undefined,Undefined,0,0,NA,58.53717,0.920645,-2.155816,2611.738796,67.919255,08:15:00,6.03944,3.00582,27.34247,-32.51892,-4.1328,-11.77134,3.84011,0.82966,55.37605,-8.964785,-5.695675,0.383464,99.31914,16.236445,-16.435237,5040.81545,105.9734,28.83214,-29.4887,318.77061,312.37806,-13.027696,3.160819,15.92501,-5.79177,-3.41669,50,5.11364,0.92198,-88.76901,8.35227,12.40465,15.52494,-36.68551,GEO_PAT,NA,SpuhlerFieldMain,NA,NA,20250911-SpuhlerFieldMain-BP-2,62ac8240-8f25-11f0-a88d-dd3dcd3eeb83,98.29461,34.11396,NA,3.16112,NA,NA,NA,2.87062,4.07422,-1.02726,2f62e1e7-1fce-432c-b24b-cc7c2e53f2bb,2025-09-11,15:38:37,2025-09-11T15:38:37Z,2025-09-11T15:38:37Z,LineDrive,v3,471300,NA,NA,NA,NA,Undefined,GEO_PAT,e2e9a67d-cf73-4fa3-b6e5-1c673a951933,33.16706,-85.77456,7.76247,6.04222,1.27638,-18.34275,-3.00811,3.31459,6.20233,199.780801,2.87061,134.14472,-20.74083,4.90772,-1.06282,0.2113,-0.0354,0.00409,-2.3e-4,4.07424,40.72596,-14.16549,0.15273,0.10768,-0.0422,0.00921,-0.00101,5e-5,-1.02727,-39.56984,9.04237,-1.83173,0.33949,-0.0594,0.00936,-0.00104,6e-5,NA,NA,NA,NA,NA,NA,NA,NA,NA,NA,NA,NA,NA,NA,NA,NA,NA,NA,NA,NA,NA,NA,High,High,High,High,High,NA,NA,NA,NA,NA,NA,NA,NA,NA,NA,NA,NA,NA,NA,NA,NA,NA,NA,NA,NA,NA,NA,NA,NA,NA,NA,NA,NA,NA,NA,NA,NA,NA,NA,NA,NA,NA,NA,NA,NA,NA,NA,NA,NA,NA,NA,NA,NA,NA,NA,NA,NA,NA,NA,NA
NA,NA,NA,NA,NA,NA,NA,NA,NA,NA,NA,NA,NA,NA,NA,NA,154,2025-09-11,11:38:44,NA,NA,NA,NA,Undefined,GEO_PAT,"Terelli, Lucas",119,Right,GEO_PAT,Undefined,1,Bottom,0,0,0,Undefined,Four-Seam,Undefined,Undefined,Undefined,Undefined,0,0,NA,64.11729,-0.044107,-0.270921,1782.312763,175.553755,11:45:00,5.74736,1.25858,18.27802,-26.73116,12.98276,-0.91823,3.48835,0.98907,59.18254,-6.528992,-0.485859,0.453568,28.57453,22.135278,38.471744,2465.281397,NA,NA,NA,48.67516,44.76696,36.3264,1.253341,0.70909,11.7026,-1.29365,50,5.68113,0.39834,-95.31882,1.69722,0.6393,17.38726,-21.62301,GEO_PAT,NA,SpuhlerFieldMain,NA,NA,20250911-SpuhlerFieldMain-BP-2,6699e910-8f25-11f0-a88d-dd3dcd3eeb83,83.10198,7.84998,NA,4.93475,NA,NA,NA,3.87147,3.79946,-1.00494,2f62e1e7-1fce-432c-b24b-cc7c2e53f2bb,2025-09-11,15:38:44,2025-09-11T15:38:44Z,2025-09-11T15:38:44Z,GroundBall,v3,471300,NA,NA,NA,NA,Undefined,GEO_PAT,05bbdafd-e9ed-4b9a-ad7f-c6d951d6ba4c,42.22727,-93.89028,8.69363,5.7476,-0.07933,-10.81151,-1.25877,0.45087,0.31965,219.815241,3.87147,30.39398,-2.26199,0.66256,-0.74626,0.96389,-0.69212,0.27086,-0.04523,3.79946,15.79069,-15.65703,0.45646,0.21183,-0.22465,0.11143,-0.03971,0.00664,-1.00494,24.15146,-0.46278,0.14745,-0.10844,0.21731,-0.16111,0.05709,-0.00846,NA,NA,NA,NA,NA,NA,NA,NA,NA,NA,NA,NA,NA,NA,NA,NA,NA,NA,NA,NA,NA,NA,High,High,High,High,High,NA,NA,NA,NA,NA,NA,NA,NA,NA,NA,NA,NA,NA,NA,NA,NA,NA,NA,NA,NA,NA,NA,NA,NA,NA,NA,NA,NA,NA,NA,NA,NA,NA,NA,NA,NA,NA,NA,NA,NA,NA,NA,NA,NA,NA,NA,NA,NA,NA,NA,NA,NA,NA,NA,NA
NA,NA,NA,NA,NA,NA,NA,NA,NA,NA,NA,NA,NA,NA,NA,NA,155,2025-09-11,11:39:02,NA,NA,NA,NA,Undefined,GEO_PAT,"Terelli, Lucas",119,Right,GEO_PAT,Undefined,1,Bottom,0,0,0,Undefined,Four-Seam,Undefined,Undefined,Undefined,Undefined,0,0,NA,66.59104,-0.280428,0.292543,1513.878083,164.861423,11:30:00,5.84094,1.21125,18.2272,-20.63544,16.28517,-4.10941,3.9213,1.07746,61.31656,-5.3291,-0.667843,0.437327,17.70201,-0.039881,30.803608,3217.481386,NA,NA,NA,16.08721,13.14776,20.738214,0.511974,3.66071,14.58938,-1.16481,50,5.81985,-0.74381,-98.97878,0.96475,3.55888,18.74459,-17.99046,GEO_PAT,NA,SpuhlerFieldMain,NA,NA,20250911-SpuhlerFieldMain-BP-2,71554160-8f25-11f0-a88d-dd3dcd3eeb83,86.18831,4.12739,NA,5.27448,NA,NA,NA,3.71414,4.12739,-1.13812,2f62e1e7-1fce-432c-b24b-cc7c2e53f2bb,2025-09-11,15:39:02,2025-09-11T15:39:02Z,2025-09-11T15:39:02Z,GroundBall,v3,471300,NA,NA,NA,NA,Undefined,GEO_PAT,b3d8dffb-5078-4408-a527-9ec288d20e9e,42.27779,-97.50538,9.3723,5.84011,-0.44937,-8.99523,-1.21228,-0.46407,1.77944,225.118487,3.71464,22.28722,-0.30789,NA,NA,NA,NA,NA,NA,4.12833,-0.04154,-15.67289,NA,NA,NA,NA,NA,NA,-1.13767,13.28425,0.12378,NA,NA,NA,NA,NA,NA,NA,NA,NA,NA,NA,NA,NA,NA,NA,NA,NA,NA,NA,NA,NA,NA,NA,NA,NA,NA,NA,NA,High,High,High,High,Medium,NA,NA,NA,NA,NA,NA,NA,NA,NA,NA,NA,NA,NA,NA,NA,NA,NA,NA,NA,NA,NA,NA,NA,NA,NA,NA,NA,NA,NA,NA,NA,NA,NA,NA,NA,NA,NA,NA,NA,NA,NA,NA,NA,NA,NA,NA,NA,NA,NA,NA,NA,NA,NA,NA,NA
NA,NA,NA,NA,NA,NA,NA,NA,NA,NA,NA,NA,NA,NA,NA,NA,156,2025-09-11,11:39:09,NA,NA,NA,NA,Undefined,GEO_PAT,"Terelli, Lucas",119,Right,GEO_PAT,Undefined,1,Bottom,0,0,0,Undefined,Four-Seam,Undefined,Undefined,Undefined,Undefined,0,0,NA,64.94178,-0.296659,0.074215,1789.093191,167.106572,11:30:00,5.76986,1.25515,18.27296,-24.81155,13.88225,-2.91736,3.49088,1.06491,59.96255,-6.325121,-0.608556,0.447705,85.17529,2.563551,-21.907758,2572.06418,NA,NA,NA,73.53932,54.85927,-23.973428,0.604206,2.55835,12.55725,-1.23999,50,5.74199,-0.29188,-96.52257,1.17595,2.36833,17.65003,-20.54952,GEO_PAT,NA,SpuhlerFieldMain,NA,NA,20250911-SpuhlerFieldMain-BP-2,75a75d70-8f25-11f0-a88d-dd3dcd3eeb83,84.19035,4.09585,NA,4.97924,NA,NA,NA,3.23572,3.71474,-1.06722,2f62e1e7-1fce-432c-b24b-cc7c2e53f2bb,2025-09-11,15:39:09,2025-09-11T15:39:09Z,2025-09-11T15:39:09Z,GroundBall,v3,471300,NA,NA,NA,NA,Undefined,GEO_PAT,cff28cf2-8218-44ac-9637-02ca577c1016,42.23201,-95.09151,8.82502,5.76979,-0.4902,-10.27476,-1.25587,-0.09986,1.18417,68.749231,3.25604,115.33347,-15.79143,NA,NA,NA,NA,NA,NA,3.73451,5.14728,-18.80007,NA,NA,NA,NA,NA,NA,-1.05585,-46.81907,-1.49642,NA,NA,NA,NA,NA,NA,NA,NA,NA,NA,NA,NA,NA,NA,NA,NA,NA,NA,NA,NA,NA,NA,NA,NA,NA,NA,NA,NA,High,High,High,Medium,Medium,NA,NA,NA,NA,NA,NA,NA,NA,NA,NA,NA,NA,NA,NA,NA,NA,NA,NA,NA,NA,NA,NA,NA,NA,NA,NA,NA,NA,NA,NA,NA,NA,NA,NA,NA,NA,NA,NA,NA,NA,NA,NA,NA,NA,NA,NA,NA,NA,NA,NA,NA,NA,NA,NA,NA
NA,NA,NA,NA,NA,NA,NA,NA,NA,NA,NA,NA,NA,NA,NA,NA,157,2025-09-11,11:39:16,NA,NA,NA,NA,Undefined,GEO_PAT,"Terelli, Lucas",119,Right,GEO_PAT,Undefined,1,Bottom,0,0,0,Undefined,Curveball,Undefined,Undefined,Undefined,Undefined,0,0,NA,57.87349,0.890256,-0.996898,2274.280164,76.557502,08:30:00,6.00256,3.05309,26.98418,-31.78592,-2.14327,-11.8019,3.85276,1.51087,54.69975,-8.688639,-4.511282,0.391859,76.45324,46.17051,3.336549,NA,108.87697,89.65293,15.67718,250.00432,136.06992,13.193466,5.037659,16.02367,-2.87669,-3.13089,50,5.14364,-0.77091,-87.66529,7.79204,12.20916,14.80766,-34.36593,GEO_PAT,NA,SpuhlerFieldMain,NA,NA,20250911-SpuhlerFieldMain-BP-2,79e75110-8f25-11f0-a88d-dd3dcd3eeb83,96.18873,95.42652,NA,3.17374,NA,NA,NA,3.92279,4.85545,-1.279,2f62e1e7-1fce-432c-b24b-cc7c2e53f2bb,2025-09-11,15:39:16,2025-09-11T15:39:16Z,2025-09-11T15:39:16Z,FlyBall,v3,471300,NA,NA,NA,NA,Undefined,GEO_PAT,fe6a5f65-c132-4acc-9e6c-f14a65a5a5e0,33.52498,-84.83685,7.40383,6.00508,1.22773,-17.18297,-3.05541,1.56119,6.10458,208.27634,3.92807,77.40069,-14.23743,2.63363,0.14156,-0.26733,0.07676,-0.00969,4.7e-4,4.85138,80.96876,-21.1376,2.10544,-0.52886,0.0943,-0.00277,-0.00153,1.4e-4,-1.28156,4.57828,4.60537,-1.1036,-0.05234,0.12102,-0.03555,0.00451,-2.2e-4,NA,NA,NA,NA,NA,NA,NA,NA,NA,NA,NA,NA,NA,NA,NA,NA,NA,NA,NA,NA,NA,NA,High,High,High,Medium,Medium,NA,NA,NA,NA,NA,NA,NA,NA,NA,NA,NA,NA,NA,NA,NA,NA,NA,NA,NA,NA,NA,NA,NA,NA,NA,NA,NA,NA,NA,NA,NA,NA,NA,NA,NA,NA,NA,NA,NA,NA,NA,NA,NA,NA,NA,NA,NA,NA,NA,NA,NA,NA,NA,NA,NA
NA,NA,NA,NA,NA,NA,NA,NA,NA,NA,NA,NA,NA,NA,NA,NA,158,2025-09-11,11:39:23,NA,NA,NA,NA,Undefined,GEO_PAT,"Terelli, Lucas",119,Right,GEO_PAT,Undefined,1,Bottom,0,0,0,Undefined,NA,Undefined,Undefined,Undefined,Undefined,0,0,NA,63.25879,3.478789,0.832999,1683.059643,NA,NA,4.48296,1.20922,18.41496,NA,NA,NA,2.98145,1.17345,59.914790000000004,-7.862878,-0.933964,0.452857,80.70904,8.467984,-24.057684,1741.040507,NA,NA,NA,122.70437,105.6157,-26.855586,1.138769,6.85264,-7.76689,-1.07729,50,3.87659,-1.83012,-93.64503,8.84419,6.17138,12.26232,-39.16879,GEO_PAT,NA,SpuhlerFieldMain,NA,NA,20250911-SpuhlerFieldMain-BP-2,7deb2610-8f25-11f0-a88d-dd3dcd3eeb83,83.23246,7.31301,NA,3.344,NA,NA,NA,3.33823,3.24325,-1.12498,2f62e1e7-1fce-432c-b24b-cc7c2e53f2bb,2025-09-11,15:39:23,2025-09-11T15:39:23Z,2025-09-11T15:39:23Z,GroundBall,v3,471300,NA,NA,NA,NA,Undefined,GEO_PAT,54c6788a-2a1f-4ff6-9afb-c7919c04cbd5,42.09495,-92.60412,6.13116,4.48623,5.51927,-19.5844,-1.2104,-1.30625,3.08569,81.416612,3.33823,106.91189,-13.9748,2.05468,-0.18596,-0.42239,0.50961,-0.27338,0.05716,3.24325,17.43115,-19.38797,1.66314,-0.26429,-0.03967,0.1019,-0.05772,0.01218,-1.12497,-47.73003,-0.50922,0.54513,0.20366,-0.72869,0.82001,-0.44132,0.09321,NA,NA,NA,NA,NA,NA,NA,NA,NA,NA,NA,NA,NA,NA,NA,NA,NA,NA,NA,NA,NA,NA,Low,Low,Low,Medium,High,NA,NA,NA,NA,NA,NA,NA,NA,NA,NA,NA,NA,NA,NA,NA,NA,NA,NA,NA,NA,NA,NA,NA,NA,NA,NA,NA,NA,NA,NA,NA,NA,NA,NA,NA,NA,NA,NA,NA,NA,NA,NA,NA,NA,NA,NA,NA,NA,NA,NA,NA,NA,NA,NA,NA
NA,NA,NA,NA,NA,NA,NA,NA,NA,NA,NA,NA,NA,NA,NA,NA,159,2025-09-11,11:39:32,NA,NA,NA,NA,Undefined,GEO_PAT,"Terelli, Lucas",119,Right,GEO_PAT,Undefined,1,Bottom,0,0,0,Undefined,Curveball,Undefined,Undefined,Undefined,Undefined,0,0,NA,56.11375,-0.302176,-2.04322,2235.760734,159.195154,11:15:00,6.07675,3.08591,27.26851,-23.86446,7.81374,-2.60158,3.9201,1.73373,51.75798,-7.684908,-2.823606,0.40509,NA,NA,NA,NA,NA,NA,NA,NA,NA,NA,NA,2.72382,11.59883,-3.63864,50,5.69108,2.57114,-85.62715,4.33457,1.91532,17.62937,-24.01803,GEO_PAT,NA,SpuhlerFieldMain,NA,NA,20250911-SpuhlerFieldMain-BP-2,835011b0-8f25-11f0-a88d-dd3dcd3eeb83,93.04704,NA,NA,4.35577,NA,NA,NA,NA,NA,NA,2f62e1e7-1fce-432c-b24b-cc7c2e53f2bb,2025-09-11,15:39:32,2025-09-11T15:39:32Z,2025-09-11T15:39:32Z,NA,v3,471300,NA,NA,NA,NA,Undefined,GEO_PAT,9389332e-9cb1-4eca-92ce-9d5a5f9daefc,33.23715,-82.10342,8.81469,6.07769,-0.46611,-12.00902,-3.08647,2.95397,0.95766,NA,NA,NA,NA,NA,NA,NA,NA,NA,NA,NA,NA,NA,NA,NA,NA,NA,NA,NA,NA,NA,NA,NA,NA,NA,NA,NA,NA,NA,NA,NA,NA,NA,NA,NA,NA,NA,NA,NA,NA,NA,NA,NA,NA,NA,NA,NA,NA,NA,NA,High,Medium,Medium,NA,NA,NA,NA,NA,NA,NA,NA,NA,NA,NA,NA,NA,NA,NA,NA,NA,NA,NA,NA,NA,NA,NA,NA,NA,NA,NA,NA,NA,NA,NA,NA,NA,NA,NA,NA,NA,NA,NA,NA,NA,NA,NA,NA,NA,NA,NA,NA,NA,NA,NA,NA,NA,NA,NA,NA,NA
NA,NA,NA,NA,NA,NA,NA,NA,NA,NA,NA,NA,NA,NA,NA,NA,160,2025-09-11,11:39:45,NA,NA,NA,NA,Undefined,GEO_PAT,"Terelli, Lucas",119,Right,GEO_PAT,Undefined,1,Bottom,0,0,0,Undefined,Curveball,Undefined,Undefined,Undefined,Undefined,0,0,NA,57.88968,0.116828,-1.944048,2582.561039,84.504451,08:45:00,5.97479,3.05591,26.78919,-30.47222,-0.31102,-10.85221,3.50135,1.05507,54.53702,-9.012798,-5.15314,0.395272,NA,NA,NA,NA,NA,NA,NA,NA,NA,NA,NA,14.09863,3.5e-4,-3.42742,50,5.38853,0.94764,-87.75724,6.15585,10.68909,15.63478,-32.17378,GEO_PAT,NA,SpuhlerFieldMain,NA,NA,20250911-SpuhlerFieldMain-BP-2,8b60e370-8f25-11f0-a88d-dd3dcd3eeb83,95.35833,NA,NA,3.35266,NA,NA,NA,NA,NA,NA,2f62e1e7-1fce-432c-b24b-cc7c2e53f2bb,2025-09-11,15:39:45,2025-09-11T15:39:45Z,2025-09-11T15:39:45Z,NA,v3,471300,NA,NA,NA,NA,Undefined,GEO_PAT,2ca666e5-59f1-4465-b1b0-43dde225339d,33.71916,-84.80707,7.81739,5.97732,0.08488,-16.08689,-3.05831,2.9646,5.34455,NA,NA,NA,NA,NA,NA,NA,NA,NA,NA,NA,NA,NA,NA,NA,NA,NA,NA,NA,NA,NA,NA,NA,NA,NA,NA,NA,NA,NA,NA,NA,NA,NA,NA,NA,NA,NA,NA,NA,NA,NA,NA,NA,NA,NA,NA,NA,NA,NA,NA,High,High,High,NA,NA,NA,NA,NA,NA,NA,NA,NA,NA,NA,NA,NA,NA,NA,NA,NA,NA,NA,NA,NA,NA,NA,NA,NA,NA,NA,NA,NA,NA,NA,NA,NA,NA,NA,NA,NA,NA,NA,NA,NA,NA,NA,NA,NA,NA,NA,NA,NA,NA,NA,NA,NA,NA,NA,NA,NA
NA,NA,NA,NA,NA,NA,NA,NA,NA,NA,NA,NA,NA,NA,NA,NA,161,2025-09-11,11:39:53,NA,NA,NA,NA,Undefined,GEO_PAT,"Terelli, Lucas",119,Right,GEO_PAT,Undefined,1,Bottom,0,0,0,Undefined,Curveball,Undefined,Undefined,Undefined,Undefined,0,0,NA,58.39224,0.43414,-1.767992,2335.624706,82.950224,08:45:00,5.99756,3.03335,26.93901,-30.16777,-0.60264,-11.15871,3.72733,1.11095,54.58719,-8.675051,-5.081359,0.391346,NA,NA,NA,NA,NA,NA,NA,NA,NA,NA,NA,14.60674,-0.52177,-3.35281,50,5.31716,0.62433,-88.8029,6.69377,11.21056,17.31535,-32.5745,GEO_PAT,NA,SpuhlerFieldMain,NA,NA,20250911-SpuhlerFieldMain-BP-2,8ff7d0b0-8f25-11f0-a88d-dd3dcd3eeb83,96.31478,NA,NA,3.80505,NA,NA,NA,NA,NA,NA,2f62e1e7-1fce-432c-b24b-cc7c2e53f2bb,2025-09-11,15:39:53,2025-09-11T15:39:53Z,2025-09-11T15:39:53Z,NA,v3,471300,NA,NA,NA,NA,Undefined,GEO_PAT,e06c7b46-d2e3-4f07-b1fb-330356025fb7,33.56908,-85.53912,8.65767,6.00021,0.55378,-16.28725,-3.03598,2.73742,5.60528,NA,NA,NA,NA,NA,NA,NA,NA,NA,NA,NA,NA,NA,NA,NA,NA,NA,NA,NA,NA,NA,NA,NA,NA,NA,NA,NA,NA,NA,NA,NA,NA,NA,NA,NA,NA,NA,NA,NA,NA,NA,NA,NA,NA,NA,NA,NA,NA,NA,NA,High,High,High,NA,NA,NA,NA,NA,NA,NA,NA,NA,NA,NA,NA,NA,NA,NA,NA,NA,NA,NA,NA,NA,NA,NA,NA,NA,NA,NA,NA,NA,NA,NA,NA,NA,NA,NA,NA,NA,NA,NA,NA,NA,NA,NA,NA,NA,NA,NA,NA,NA,NA,NA,NA,NA,NA,NA,NA,NA
NA,NA,NA,NA,NA,NA,NA,NA,NA,NA,NA,NA,NA,NA,NA,NA,162,2025-09-11,11:41:44,NA,NA,NA,NA,Undefined,GEO_PAT,"Terelli, Lucas",119,Right,GEO_PAT,Undefined,1,Bottom,0,0,0,Undefined,Slider,Undefined,Undefined,Undefined,Undefined,0,0,NA,65.58278,0.673205,1.040016,1703.022245,194.948207,12:30:00,3.58347,-0.83087,18.61383,-22.35525,15.15335,3.73855,2.19625,0.21552,60.13145,-4.848,1.921195,0.440795,63.28646,62.736894,-19.704726,NA,NA,NA,NA,134.31611,97.74022,-34.577266,4.679735,-2.90748,13.51257,0.97125,50,3.41824,-1.54869,-97.5705,2.78109,-2.73181,18.97606,-19.47793,GEO_PAT,NA,SpuhlerFieldMain,NA,NA,20250911-SpuhlerFieldMain-BP-2,d269db00-8f25-11f0-a88d-dd3dcd3eeb83,85.51006,89.2281,NA,5.45133,NA,NA,NA,2.73871,3.33595,-1.38458,2f62e1e7-1fce-432c-b24b-cc7c2e53f2bb,2025-09-11,15:41:44,2025-09-11T15:41:44Z,2025-09-11T15:41:44Z,Popup,v3,471300,NA,NA,NA,NA,Undefined,GEO_PAT,9edd800c-9540-4b41-ae92-6956ad246f5b,41.89005,-95.98027,9.48803,3.58291,1.1488,-9.73897,0.83187,-1.77762,-1.36591,155.262966,2.73821,40.00292,-10.11302,2.36241,0.25212,-0.45029,0.15866,-0.02453,0.00143,3.32656,82.71283,-24.05724,3.56365,-1.42361,0.45604,-0.08227,0.00667,-1.4e-4,-1.38267,-14.40416,-2.46462,0.50083,0.58279,-0.46973,0.151,-0.02282,0.00133,NA,NA,NA,NA,NA,NA,NA,NA,NA,NA,NA,NA,NA,NA,NA,NA,NA,NA,NA,NA,NA,NA,High,High,High,Medium,Medium,NA,NA,NA,NA,NA,NA,NA,NA,NA,NA,NA,NA,NA,NA,NA,NA,NA,NA,NA,NA,NA,NA,NA,NA,NA,NA,NA,NA,NA,NA,NA,NA,NA,NA,NA,NA,NA,NA,NA,NA,NA,NA,NA,NA,NA,NA,NA,NA,NA,NA,NA,NA,NA,NA,NA
NA,NA,NA,NA,NA,NA,NA,NA,NA,NA,NA,NA,NA,NA,NA,NA,163,2025-09-11,11:42:24,NA,NA,NA,NA,Undefined,GEO_PAT,"Clyne , Owen",1000230336,Left,GEO_PAT,Undefined,1,Bottom,0,0,0,Undefined,Changeup,Undefined,Undefined,Undefined,Undefined,0,0,NA,65.73074,0.1229,1.529327,1553.756337,167.761853,11:30:00,3.59183,-0.84803,18.66813,-22.60824,14.4219,-2.89378,1.79455,-0.00991,60.63863,-5.441311,0.846211,0.437975,98.33644,16.633314,23.878366,1658.821987,98.7651,27.32375,48.42976,304.9724,304.9724,31.455831,3.113329,3.05536,13.10217,1.07151,50,3.50302,-2.78751,-97.72029,1.88103,2.90125,17.98451,-19.73283,GEO_PAT,NA,SpuhlerFieldMain,NA,NA,20250911-SpuhlerFieldMain-BP-2,e9c48de0-8f25-11f0-a88d-dd3dcd3eeb83,86.06076,32.25448,NA,5.09211,NA,NA,NA,3.35978,1.98664,0.00134,2f62e1e7-1fce-432c-b24b-cc7c2e53f2bb,2025-09-11,15:42:24,2025-09-11T15:42:24Z,2025-09-11T15:42:24Z,LineDrive,v3,471300,NA,NA,NA,NA,Undefined,GEO_PAT,6fd2ee8a-fcbf-4d6b-9a76-acbad83469d9,41.83649,-96.20614,8.99226,3.59145,0.21969,-9.86642,0.84711,-2.54324,1.45062,226.77107,3.35973,126.36759,-24.96218,5.95608,-1.23574,0.19862,-0.02167,0.00106,4e-5,1.9867,41.27924,-14.27507,-0.07685,0.19096,-0.03123,-0.00315,0.00236,-2.8e-4,0.00144,55.93383,-0.44204,-1.08463,0.45315,-0.11465,0.01948,-0.00194,9e-5,NA,NA,NA,NA,NA,NA,NA,NA,NA,NA,NA,NA,NA,NA,NA,NA,NA,NA,NA,NA,NA,NA,High,High,High,High,High,NA,NA,NA,NA,NA,NA,NA,NA,NA,NA,NA,NA,NA,NA,NA,NA,NA,NA,NA,NA,NA,NA,NA,NA,NA,NA,NA,NA,NA,NA,NA,NA,NA,NA,NA,NA,NA,NA,NA,NA,NA,NA,NA,NA,NA,NA,NA,NA,NA,NA,NA,NA,NA,NA,NA
NA,NA,NA,NA,NA,NA,NA,NA,NA,NA,NA,NA,NA,NA,NA,NA,164,2025-09-11,11:42:32,NA,NA,NA,NA,Undefined,GEO_PAT,"Clyne , Owen",1000230336,Left,GEO_PAT,Undefined,1,Bottom,0,0,0,Undefined,Changeup,Undefined,Undefined,Undefined,Undefined,0,0,NA,65.26623,0.200215,1.485471,1428.123831,169.689856,11:45:00,3.6083,-0.852,18.69471,-20.93623,16.5217,-2.80965,2.00483,-0.03852,60.25099,-4.975392,0.821891,0.440497,82.50675,33.21148,14.937292,3343.080202,107.32044,61.75948,24.13137,306.25369,306.25369,9.661618,4.754392,2.96957,14.95816,1.06999,50,3.5109,-2.69094,-97.0229,1.90697,2.78406,17.50948,-18.15034,GEO_PAT,NA,SpuhlerFieldMain,NA,NA,20250911-SpuhlerFieldMain-BP-2,ee9ffe30-8f25-11f0-a88d-dd3dcd3eeb83,85.56789,75.69441,NA,5.01524,NA,NA,NA,3.5447,2.24977,0.0878,2f62e1e7-1fce-432c-b24b-cc7c2e53f2bb,2025-09-11,15:42:32,2025-09-11T15:42:32Z,2025-09-11T15:42:32Z,FlyBall,v3,471300,NA,NA,NA,NA,Undefined,GEO_PAT,f16a00d6-e7e7-4415-9699-034d0971d0ee,41.81018,-95.53347,8.75474,3.60744,0.36302,-9.07517,0.85116,-2.45412,1.39203,165.518192,3.54643,97.78416,-16.86514,3.79477,-0.60538,0.06939,-0.00862,0.00132,-1e-4,2.24978,66.27659,-16.04548,0.46117,0.15781,-0.13594,0.04463,-0.00675,3.8e-4,0.08855,26.07988,-7.45219,1.70405,-0.27657,0.03237,-0.00391,5.7e-4,-4e-5,NA,NA,NA,NA,NA,NA,NA,NA,NA,NA,NA,NA,NA,NA,NA,NA,NA,NA,NA,NA,NA,NA,High,High,High,High,High,NA,NA,NA,NA,NA,NA,NA,NA,NA,NA,NA,NA,NA,NA,NA,NA,NA,NA,NA,NA,NA,NA,NA,NA,NA,NA,NA,NA,NA,NA,NA,NA,NA,NA,NA,NA,NA,NA,NA,NA,NA,NA,NA,NA,NA,NA,NA,NA,NA,NA,NA,NA,NA,NA,NA
NA,NA,NA,NA,NA,NA,NA,NA,NA,NA,NA,NA,NA,NA,NA,NA,165,2025-09-11,11:42:43,NA,NA,NA,NA,Undefined,GEO_PAT,"Clyne , Owen",1000230336,Left,GEO_PAT,Undefined,1,Bottom,0,0,0,Undefined,Changeup,Undefined,Undefined,Undefined,Undefined,0,0,NA,66.10637,0.986971,1.05287,1527.186272,164.183988,11:30:00,3.59238,-0.83801,18.65629,-23.03907,13.58288,-3.54855,2.3692,-0.39057,60.91935,-4.682902,0.215409,0.435554,100.37242,6.928989,36.610953,2797.41973,NA,NA,NA,114.14884,114.14884,40.560945,0.855992,3.4837,12.06091,0.99488,50,3.38023,-2.02849,-98.29278,3.39683,3.3465,18.21065,-20.58816,GEO_PAT,NA,SpuhlerFieldMain,NA,NA,20250911-SpuhlerFieldMain-BP-2,f5837380-8f25-11f0-a88d-dd3dcd3eeb83,86.53903,5.57124,NA,5.18702,NA,NA,NA,3.50641,2.55115,0.81095,2f62e1e7-1fce-432c-b24b-cc7c2e53f2bb,2025-09-11,15:42:43,2025-09-11T15:42:43Z,2025-09-11T15:42:43Z,GroundBall,v3,471300,NA,NA,NA,NA,Undefined,GEO_PAT,f849d0c2-b27c-4189-ac48-d3368cfdae12,41.84881,-96.77083,9.10533,3.59221,1.67618,-10.29408,0.83703,-1.74881,1.67325,NA,3.6113,115.63436,-21.79338,NA,NA,NA,NA,NA,NA,2.64769,16.21521,-22.67592,NA,NA,NA,NA,NA,NA,0.76219,87.94996,-2.42749,NA,NA,NA,NA,NA,NA,NA,NA,NA,NA,NA,NA,NA,NA,NA,NA,NA,NA,NA,NA,NA,NA,NA,NA,NA,NA,NA,NA,High,High,High,High,High,NA,NA,NA,NA,NA,NA,NA,NA,NA,NA,NA,NA,NA,NA,NA,NA,NA,NA,NA,NA,NA,NA,NA,NA,NA,NA,NA,NA,NA,NA,NA,NA,NA,NA,NA,NA,NA,NA,NA,NA,NA,NA,NA,NA,NA,NA,NA,NA,NA,NA,NA,NA,NA,NA,NA
NA,NA,NA,NA,NA,NA,NA,NA,NA,NA,NA,NA,NA,NA,NA,NA,166,2025-09-11,11:43:05,NA,NA,NA,NA,Undefined,GEO_PAT,"Clyne , Owen",1000230336,Left,GEO_PAT,Undefined,1,Bottom,0,0,0,Undefined,Changeup,Undefined,Undefined,Undefined,Undefined,0,0,NA,64.80329,1.281904,1.137823,1435.98942,172.400712,11:45:00,3.60677,-0.84647,18.68777,-22.59564,15.43351,-1.91457,2.62813,-0.20351,59.73939,-4.296403,0.685775,0.443843,91.73538,16.871176,-11.681871,1138.926978,107.93097,29.88588,-21.23294,327.00545,327.00545,-10.510469,3.561328,2.04988,13.62123,1.01248,50,3.35064,-2.02778,-96.29787,3.8227,1.89387,17.20202,-19.58962,GEO_PAT,NA,SpuhlerFieldMain,NA,NA,20250911-SpuhlerFieldMain-BP-2,022eb4f0-8f26-11f0-a88d-dd3dcd3eeb83,84.92282,36.75418,NA,5.06389,NA,NA,NA,2.09417,2.68852,0.21763,2f62e1e7-1fce-432c-b24b-cc7c2e53f2bb,2025-09-11,15:43:05,2025-09-11T15:43:05Z,2025-09-11T15:43:05Z,LineDrive,v3,471300,NA,NA,NA,NA,Undefined,GEO_PAT,03e0cf26-34a3-432f-8041-301a64edc0c3,41.81613,-94.82469,8.60101,3.60618,2.14505,-9.79481,0.84577,-1.86559,0.94694,181.993418,2.09391,126.09371,-19.11161,4.30203,-0.82531,0.13922,-0.02033,0.00208,-9e-5,2.68894,39.0383,-10.52117,-0.66687,0.18455,5.9e-4,-0.01243,0.0037200000000000002,-3.8e-4,0.21767,-26.0713,4.35632,-0.78597,0.14511,-0.03578,0.0087,-0.00127,7e-5,NA,NA,NA,NA,NA,NA,NA,NA,NA,NA,NA,NA,NA,NA,NA,NA,NA,NA,NA,NA,NA,NA,High,High,High,High,High,NA,NA,NA,NA,NA,NA,NA,NA,NA,NA,NA,NA,NA,NA,NA,NA,NA,NA,NA,NA,NA,NA,NA,NA,NA,NA,NA,NA,NA,NA,NA,NA,NA,NA,NA,NA,NA,NA,NA,NA,NA,NA,NA,NA,NA,NA,NA,NA,NA,NA,NA,NA,NA,NA,NA
NA,NA,NA,NA,NA,NA,NA,NA,NA,NA,NA,NA,NA,NA,NA,NA,167,2025-09-11,11:43:11,NA,NA,NA,NA,Undefined,GEO_PAT,"Clyne , Owen",1000230336,Left,GEO_PAT,Undefined,1,Bottom,0,0,0,Undefined,Slider,Undefined,Undefined,Undefined,Undefined,0,0,NA,66.41694,-0.289926,0.567655,1683.131555,193.501884,12:30:00,3.58991,-0.84515,18.5684,-23.51104,12.89186,2.84284,1.42559,-0.20674,61.39539,-6.039849,1.237575,0.434249,89.6083,1.676468,-13.749856,3516.68273,NA,NA,NA,55.86955,55.86955,-14.539644,0.433839,-2.30059,11.82902,0.91978,50,3.56024,-0.80555,-98.73168,1.21169,-2.233,18.16381,-20.69247,GEO_PAT,NA,SpuhlerFieldMain,NA,NA,20250911-SpuhlerFieldMain-BP-2,061f2900-8f26-11f0-a88d-dd3dcd3eeb83,86.79906,1.76391,NA,5.02155,NA,NA,NA,1.88674,1.55468,0.1888,2f62e1e7-1fce-432c-b24b-cc7c2e53f2bb,2025-09-11,15:43:11,2025-09-11T15:43:11Z,2025-09-11T15:43:11Z,GroundBall,v3,471300,NA,NA,NA,NA,Undefined,GEO_PAT,b30ef174-7f30-4e57-9e4b-4a980d6b3c97,41.93599,-97.23681,9.08191,3.58989,-0.49128,-10.34623,0.84592,-0.98933,-1.1165,81.993257,1.89544,127.3362,-16.29452,NA,NA,NA,NA,NA,NA,1.56018,3.67574,-16.78994,NA,NA,NA,NA,NA,NA,0.19334,-31.36487,-3.27483,NA,NA,NA,NA,NA,NA,NA,NA,NA,NA,NA,NA,NA,NA,NA,NA,NA,NA,NA,NA,NA,NA,NA,NA,NA,NA,NA,NA,High,High,High,High,High,NA,NA,NA,NA,NA,NA,NA,NA,NA,NA,NA,NA,NA,NA,NA,NA,NA,NA,NA,NA,NA,NA,NA,NA,NA,NA,NA,NA,NA,NA,NA,NA,NA,NA,NA,NA,NA,NA,NA,NA,NA,NA,NA,NA,NA,NA,NA,NA,NA,NA,NA,NA,NA,NA,NA
NA,NA,NA,NA,NA,NA,NA,NA,NA,NA,NA,NA,NA,NA,NA,NA,168,2025-09-11,11:43:17,NA,NA,NA,NA,Undefined,GEO_PAT,"Clyne , Owen",1000230336,Left,GEO_PAT,Undefined,1,Bottom,0,0,0,Undefined,Changeup,Undefined,Undefined,Undefined,Undefined,0,0,NA,65.23389,0.557735,1.65822,1771.836406,177.690793,12:00:00,3.59085,-0.85013,18.60294,-22.26733,15.80178,-0.58831,2.12956,0.27302,59.61322,-4.953821,1.519633,0.444077,86.83162,13.758773,-34.101463,2056.962407,86.93423,14.57642,-67.39704,184.87218,184.87218,-40.872495,1.839395,1.11784,14.11312,1.08544,50,3.4421,-2.84407,-97.05803,2.56284,1.0352,19.32026,-19.10443,GEO_PAT,NA,SpuhlerFieldMain,NA,NA,20250911-SpuhlerFieldMain-BP-2,0985ac90-8f26-11f0-a88d-dd3dcd3eeb83,84.87824,14.87195,NA,5.62067,NA,NA,NA,2.44607,2.24806,-0.14991,2f62e1e7-1fce-432c-b24b-cc7c2e53f2bb,2025-09-11,15:43:17,2025-09-11T15:43:17Z,2025-09-11T15:43:17Z,LineDrive,v3,471300,NA,NA,NA,NA,Undefined,GEO_PAT,775e5416-2a45-48ae-8921-f98cdbc35418,41.90042,-95.43212,9.66013,3.59012,0.9551,-9.55221,0.84976,-2.75695,0.5176,NA,2.44607,102.42819,-21.58407,5.08409,-1.15006,0.22465,-0.04106,0.00571,-4e-4,2.24806,30.28886,-19.23057,1.3794,-0.14705,0.00406,0.00415,-6.9e-4,4e-5,-0.14991,-69.35272,0.7774,1.32686,-0.58235,0.17649,-0.04171,0.00697,-5.9e-4,NA,NA,NA,NA,NA,NA,NA,NA,NA,NA,NA,NA,NA,NA,NA,NA,NA,NA,NA,NA,NA,NA,High,High,High,High,High,NA,NA,NA,NA,NA,NA,NA,NA,NA,NA,NA,NA,NA,NA,NA,NA,NA,NA,NA,NA,NA,NA,NA,NA,NA,NA,NA,NA,NA,NA,NA,NA,NA,NA,NA,NA,NA,NA,NA,NA,NA,NA,NA,NA,NA,NA,NA,NA,NA,NA,NA,NA,NA,NA,NA
NA,NA,NA,NA,NA,NA,NA,NA,NA,NA,NA,NA,NA,NA,NA,NA,169,2025-09-11,11:43:23,NA,NA,NA,NA,Undefined,GEO_PAT,"Clyne , Owen",1000230336,Left,GEO_PAT,Undefined,1,Bottom,0,0,0,Undefined,Changeup,Undefined,Undefined,Undefined,Undefined,0,0,NA,64.50004,0.791937,0.932309,1764.485338,174.778496,11:45:00,3.59451,-0.85483,18.67095,-21.5132,17.003,-1.44984,2.36057,-0.31785,59.32125,-4.537796,0.59005,0.446676,87.05646,27.81735,-12.506307,2833.884843,107.7181,53.35706,-22.28897,327.99891,327.99891,-11.26478,4.692727,1.58362,15.14702,0.99029,50,3.41083,-1.64645,-95.90027,2.91516,1.44551,17.57784,-18.34817,GEO_PAT,NA,SpuhlerFieldMain,NA,NA,20250911-SpuhlerFieldMain-BP-2,0d3fce60-8f26-11f0-a88d-dd3dcd3eeb83,84.38422,69.17738,NA,5.17879,NA,NA,NA,2.14517,2.49612,0.30855,2f62e1e7-1fce-432c-b24b-cc7c2e53f2bb,2025-09-11,15:43:23,2025-09-11T15:43:23Z,2025-09-11T15:43:23Z,LineDrive,v3,471300,NA,NA,NA,NA,Undefined,GEO_PAT,60d958f4-61e2-4ea4-9f52-27d789b4ba42,41.83262,-94.39137,8.78892,3.59347,1.34014,-9.17408,0.85428,-1.52237,0.72276,183.487184,2.14653,110.22069,-20.63231,4.91675,-0.91156,0.13495,-0.01823,0.00219,-1.3e-4,2.49597,59.57951,-12.96213,-0.74361,0.53994,-0.21347,0.05506,-0.00766,4.2e-4,0.30819,-24.44693,5.44193,-1.36609,0.26652,-0.04095,0.00532,-5.8e-4,3e-5,NA,NA,NA,NA,NA,NA,NA,NA,NA,NA,NA,NA,NA,NA,NA,NA,NA,NA,NA,NA,NA,NA,High,High,High,High,High,NA,NA,NA,NA,NA,NA,NA,NA,NA,NA,NA,NA,NA,NA,NA,NA,NA,NA,NA,NA,NA,NA,NA,NA,NA,NA,NA,NA,NA,NA,NA,NA,NA,NA,NA,NA,NA,NA,NA,NA,NA,NA,NA,NA,NA,NA,NA,NA,NA,NA,NA,NA,NA,NA,NA
NA,NA,NA,NA,NA,NA,NA,NA,NA,NA,NA,NA,NA,NA,NA,NA,170,2025-09-11,11:43:41,NA,NA,NA,NA,Undefined,GEO_PAT,"Terelli, Lucas",119,Right,GEO_PAT,Undefined,1,Bottom,0,0,0,Undefined,Changeup,Undefined,Undefined,Undefined,Undefined,0,0,NA,64.65422,0.304743,0.928123,1799.515889,177.452653,12:00:00,3.60162,-0.84072,18.66374,-21.70328,16.76867,-0.69335,2.00808,-0.24353,59.31469,-5.07351,0.764453,0.44642,82.28721,57.472127,13.529949,NA,108.79617,128.58203,16.22939,191.95929,191.95929,5.304923,5.670577,0.93736,15.12048,0.97415,50,3.48802,-1.60026,-96.20959,2.10312,0.85656,18.41163,-18.35678,GEO_PAT,NA,SpuhlerFieldMain,NA,NA,20250911-SpuhlerFieldMain-BP-2,17e8b020-8f26-11f0-a88d-dd3dcd3eeb83,84.43273,128.57772,NA,5.33953,NA,NA,NA,4.17525,2.35965,0.31113,2f62e1e7-1fce-432c-b24b-cc7c2e53f2bb,2025-09-11,15:43:41,2025-09-11T15:43:41Z,2025-09-11T15:43:41Z,Popup,v3,471300,NA,NA,NA,NA,Undefined,GEO_PAT,6fd08c08-2aa2-4ee0-974f-3c092007d73b,41.84048,-94.63523,9.20581,3.60074,0.53344,-9.17839,0.84044,-1.52701,0.42828,174.829657,4.17429,63.07935,-18.60154,5.77194,-1.10879,0.08546,0.01447,-0.00381,2.4e-4,2.32997,102.27945,-26.79693,4.9279,-2.10634,0.70387,-0.13836,0.01389,-5.5e-4,0.3147,15.10656,-6.13898,1.30029,0.02436,-0.11119,0.03284,-0.00419,2e-4,NA,NA,NA,NA,NA,NA,NA,NA,NA,NA,NA,NA,NA,NA,NA,NA,NA,NA,NA,NA,NA,NA,High,High,High,High,Medium,NA,NA,NA,NA,NA,NA,NA,NA,NA,NA,NA,NA,NA,NA,NA,NA,NA,NA,NA,NA,NA,NA,NA,NA,NA,NA,NA,NA,NA,NA,NA,NA,NA,NA,NA,NA,NA,NA,NA,NA,NA,NA,NA,NA,NA,NA,NA,NA,NA,NA,NA,NA,NA,NA,NA
NA,NA,NA,NA,NA,NA,NA,NA,NA,NA,NA,NA,NA,NA,NA,NA,171,2025-09-11,11:43:46,NA,NA,NA,NA,Undefined,GEO_PAT,"Terelli, Lucas",119,Right,GEO_PAT,Undefined,1,Bottom,0,0,0,Undefined,Changeup,Undefined,Undefined,Undefined,Undefined,0,0,NA,66.04281,0.47107,1.2788,1536.586282,161.1962,11:15:00,3.60757,-0.84654,18.71073,-21.85556,14.80457,-4.6717,2.11838,-0.3344,60.77227,-4.929523,0.174707,0.435781,89.91686,29.898639,0.946181,3131.728921,109.91479,56.41347,-4.3228,326.12118,326.12118,-9.845013,4.698083,4.54847,13.33831,1.03867,50,3.46964,-2.48188,-98.22191,2.44876,4.35351,18.49434,-19.40746,GEO_PAT,NA,SpuhlerFieldMain,NA,NA,20250911-SpuhlerFieldMain-BP-2,1b186c40-8f26-11f0-a88d-dd3dcd3eeb83,86.49396,73.63686,NA,5.27054,NA,NA,NA,3.00189,2.28934,0.35469,2f62e1e7-1fce-432c-b24b-cc7c2e53f2bb,2025-09-11,15:43:46,2025-09-11T15:43:46Z,2025-09-11T15:43:46Z,FlyBall,v3,471300,NA,NA,NA,NA,Undefined,GEO_PAT,d62f3065-8da8-47b7-a693-8544f55d90db,41.79367,-96.66438,9.24717,3.60704,0.81433,-9.70373,0.8451,-2.11525,2.17676,151.633582,3.00095,114.33676,-22.08937,5.44074,-1.29087,0.30429,-0.0593,0.0072,-3.8e-4,2.29146,65.68014,-16.16446,0.26907,0.30244,-0.16784,0.04445,-0.00581,3e-4,0.35446,1.89562,-7.02291,1.86633,-0.4414,0.09464,-0.01634,0.00183,-9e-5,NA,NA,NA,NA,NA,NA,NA,NA,NA,NA,NA,NA,NA,NA,NA,NA,NA,NA,NA,NA,NA,NA,High,High,High,High,Medium,NA,NA,NA,NA,NA,NA,NA,NA,NA,NA,NA,NA,NA,NA,NA,NA,NA,NA,NA,NA,NA,NA,NA,NA,NA,NA,NA,NA,NA,NA,NA,NA,NA,NA,NA,NA,NA,NA,NA,NA,NA,NA,NA,NA,NA,NA,NA,NA,NA,NA,NA,NA,NA,NA,NA
NA,NA,NA,NA,NA,NA,NA,NA,NA,NA,NA,NA,NA,NA,NA,NA,172,2025-09-11,11:43:58,NA,NA,NA,NA,Undefined,GEO_PAT,"Terelli, Lucas",119,Right,GEO_PAT,Undefined,1,Bottom,0,0,0,Undefined,Changeup,Undefined,Undefined,Undefined,Undefined,0,0,NA,65.79729,0.130733,1.404938,1705.25423,175.857113,11:45:00,3.60816,-0.84761,18.65637,-22.18651,14.83426,-0.99535,1.85158,0.06119,60.62299,-5.336237,1.170046,0.437919,86.10209,24.208449,22.986705,1257.48904,99.78874,37.93271,46.2827,287.042,287.042,29.085494,3.458644,1.35024,13.45824,1.04937,50,3.51948,-2.46127,-97.84559,1.86437,1.28302,18.29564,-19.386,GEO_PAT,NA,SpuhlerFieldMain,NA,NA,20250911-SpuhlerFieldMain-BP-2,222848c0-8f26-11f0-a88d-dd3dcd3eeb83,86.07164,42.76081,NA,5.1743,NA,NA,NA,3.91366,2.11439,3e-5,2f62e1e7-1fce-432c-b24b-cc7c2e53f2bb,2025-09-11,15:43:58,2025-09-11T15:43:58Z,2025-09-11T15:43:58Z,LineDrive,v3,471300,NA,NA,NA,NA,Undefined,GEO_PAT,5c1024f7-3a55-4d14-adb1-8106172542e9,41.84835,-96.30929,9.14782,3.60769,0.23652,-9.693,0.84722,-2.35353,0.64151,225.225018,3.91293,106.0576,-18.2266,4.48812,-1.21951,0.38456,-0.11217,0.01999,-0.00145,2.11503,51.76133,-17.78649,0.76421,0.19242,-0.18175,0.06828,-0.01191,7.8e-4,4e-5,44.97826,-0.62047,-0.63563,0.14234,0.03571,-0.02751,0.00628,-5.1e-4,NA,NA,NA,NA,NA,NA,NA,NA,NA,NA,NA,NA,NA,NA,NA,NA,NA,NA,NA,NA,NA,NA,High,High,High,High,High,NA,NA,NA,NA,NA,NA,NA,NA,NA,NA,NA,NA,NA,NA,NA,NA,NA,NA,NA,NA,NA,NA,NA,NA,NA,NA,NA,NA,NA,NA,NA,NA,NA,NA,NA,NA,NA,NA,NA,NA,NA,NA,NA,NA,NA,NA,NA,NA,NA,NA,NA,NA,NA,NA,NA
NA,NA,NA,NA,NA,NA,NA,NA,NA,NA,NA,NA,NA,NA,NA,NA,173,2025-09-11,11:44:07,NA,NA,NA,NA,Undefined,GEO_PAT,"Terelli, Lucas",119,Right,GEO_PAT,Undefined,1,Bottom,0,0,0,Undefined,Changeup,Undefined,Undefined,Undefined,Undefined,0,0,NA,64.70455,0.736713,0.979075,1534.854617,186.020493,12:15:00,3.59395,-0.84312,18.62729,-23.15127,14.81603,1.45736,2.1851,-0.03012,60.15284,-4.936169,1.322742,0.443482,90.37921,39.881713,17.758952,3508.65747,105.55043,86.18209,30.96911,309.69523,309.69523,14.844915,5.639329,-0.99587,13.25268,0.97878,50,3.4168,-1.55136,-96.09231,2.92308,-0.92445,15.89181,-19.87189,GEO_PAT,NA,SpuhlerFieldMain,NA,NA,20250911-SpuhlerFieldMain-BP-2,273b91f0-8f26-11f0-a88d-dd3dcd3eeb83,84.99199,111.57521,NA,4.55171,NA,NA,NA,4.26729,2.52399,0.13239,2f62e1e7-1fce-432c-b24b-cc7c2e53f2bb,2025-09-11,15:44:07,2025-09-11T15:44:07Z,2025-09-11T15:44:07Z,FlyBall,v3,471300,NA,NA,NA,NA,Undefined,GEO_PAT,9d5e862c-4382-4f06-a56f-a712ca005657,41.87815,-94.73959,7.9459,3.59362,1.23157,-9.93595,0.84338,-1.63004,-0.46222,176.586773,4.27305,96.75932,-22.79281,5.86109,-0.96512,0.06871,0.00587,-0.00138,7e-5,2.51981,85.06542,-18.09554,0.44041,0.17512,-0.09051,0.02354,-0.00311,1.6e-4,0.13467,30.98171,-8.38173,2.05206,-0.30936,0.01358,0.00389,-6.4e-4,3e-5,NA,NA,NA,NA,NA,NA,NA,NA,NA,NA,NA,NA,NA,NA,NA,NA,NA,NA,NA,NA,NA,NA,High,High,High,High,Medium,NA,NA,NA,NA,NA,NA,NA,NA,NA,NA,NA,NA,NA,NA,NA,NA,NA,NA,NA,NA,NA,NA,NA,NA,NA,NA,NA,NA,NA,NA,NA,NA,NA,NA,NA,NA,NA,NA,NA,NA,NA,NA,NA,NA,NA,NA,NA,NA,NA,NA,NA,NA,NA,NA,NA
NA,NA,NA,NA,NA,NA,NA,NA,NA,NA,NA,NA,NA,NA,NA,NA,174,2025-09-11,11:44:24,NA,NA,NA,NA,Undefined,GEO_PAT,"Terelli, Lucas",119,Right,GEO_PAT,Undefined,1,Bottom,0,0,0,Undefined,Changeup,Undefined,Undefined,Undefined,Undefined,0,0,NA,64.61628,1.000763,1.31288,1636.352674,184.859907,12:15:00,3.60619,-0.85048,18.67272,-24.25466,14.03064,1.09988,2.29123,0.16754,59.62572,-4.962886,1.572465,0.445336,NA,NA,NA,NA,NA,NA,NA,NA,NA,NA,NA,-0.53776,12.47934,1.03546,50,3.38767,-2.13466,-96.03358,3.43561,-0.49384,17.18272,-20.7141,GEO_PAT,NA,SpuhlerFieldMain,NA,NA,20250911-SpuhlerFieldMain-BP-2,314ffbe0-8f26-11f0-a88d-dd3dcd3eeb83,84.63826,NA,NA,4.99056,NA,NA,NA,NA,NA,NA,2f62e1e7-1fce-432c-b24b-cc7c2e53f2bb,2025-09-11,15:44:24,2025-09-11T15:44:24Z,2025-09-11T15:44:24Z,NA,v3,471300,NA,NA,NA,NA,Undefined,GEO_PAT,b2f7cd85-fac0-484c-a0a6-2a3b22fdb2ff,41.83149,-94.56075,8.59136,3.60606,1.66008,-10.35705,0.85067,-2.17699,-0.24692,NA,NA,NA,NA,NA,NA,NA,NA,NA,NA,NA,NA,NA,NA,NA,NA,NA,NA,NA,NA,NA,NA,NA,NA,NA,NA,NA,NA,NA,NA,NA,NA,NA,NA,NA,NA,NA,NA,NA,NA,NA,NA,NA,NA,NA,NA,NA,NA,NA,NA,High,High,High,NA,NA,NA,NA,NA,NA,NA,NA,NA,NA,NA,NA,NA,NA,NA,NA,NA,NA,NA,NA,NA,NA,NA,NA,NA,NA,NA,NA,NA,NA,NA,NA,NA,NA,NA,NA,NA,NA,NA,NA,NA,NA,NA,NA,NA,NA,NA,NA,NA,NA,NA,NA,NA,NA,NA,NA,NA
NA,NA,NA,NA,NA,NA,NA,NA,NA,NA,NA,NA,NA,NA,NA,NA,175,2025-09-11,11:44:39,NA,NA,NA,NA,Undefined,GEO_PAT,"Terelli, Lucas",119,Right,GEO_PAT,Undefined,1,Bottom,0,0,0,Undefined,Changeup,Undefined,Undefined,Undefined,Undefined,0,0,NA,64.87532,1.230448,0.990278,1531.896918,181.256358,12:00:00,3.62294,-0.84783,18.7256,-21.73777,16.03517,0.32878,2.67862,-0.12267,59.9545,-4.141551,1.067972,0.442346,52.44094,53.457039,156.023722,3677.425587,NA,NA,NA,125.03842,60.67898,160.297049,3.118948,0.02307,14.205870000000001,0.9892,50,3.37443,-1.64593,-96.39104,3.6987,0.02141,16.80614,-18.98297,GEO_PAT,NA,SpuhlerFieldMain,NA,NA,20250911-SpuhlerFieldMain-BP-2,3a3d23e0-8f26-11f0-a88d-dd3dcd3eeb83,85.21036,45.86502,NA,4.92082,NA,NA,NA,1.83035,2.76178,0.14439,2f62e1e7-1fce-432c-b24b-cc7c2e53f2bb,2025-09-11,15:44:39,2025-09-11T15:44:39Z,2025-09-11T15:44:39Z,Popup,v3,471300,NA,NA,NA,NA,Undefined,GEO_PAT,df00bf38-dbcd-4303-9d35-ba0e45a078e5,41.77871,-94.94681,8.40307,3.62218,2.0674,-9.49148,0.84783,-1.64409,0.01071,341.948492,1.83042,-41.85141,-0.70861,0.8414,0.2178,-0.38548,0.18973,-0.04206,0.00353,2.76209,61.78022,-25.03057,2.40206,-0.15502,-0.14164,0.05246,-0.00612,1e-4,0.14447,18.60666,-2.9524,0.64877,-0.06422,-0.00478,-0.00641,0.00371,-4.8e-4,NA,NA,NA,NA,NA,NA,NA,NA,NA,NA,NA,NA,NA,NA,NA,NA,NA,NA,NA,NA,NA,NA,High,High,High,High,Medium,NA,NA,NA,NA,NA,NA,NA,NA,NA,NA,NA,NA,NA,NA,NA,NA,NA,NA,NA,NA,NA,NA,NA,NA,NA,NA,NA,NA,NA,NA,NA,NA,NA,NA,NA,NA,NA,NA,NA,NA,NA,NA,NA,NA,NA,NA,NA,NA,NA,NA,NA,NA,NA,NA,NA
NA,NA,NA,NA,NA,NA,NA,NA,NA,NA,NA,NA,NA,NA,NA,NA,176,2025-09-11,11:44:55,NA,NA,NA,NA,Undefined,GEO_PAT,"Terelli, Lucas",119,Right,GEO_PAT,Undefined,1,Bottom,0,0,0,Undefined,Changeup,Undefined,Undefined,Undefined,Undefined,0,0,NA,64.72757,1.118813,1.048377,1562.636725,166.930781,11:30:00,3.60961,-0.84898,18.61423,-22.57769,15.60253,-3.37394,2.51879,-0.38939,59.7896,-4.439906,0.253109,0.444724,98.57721,3.951157,-19.056345,1600.277123,NA,NA,NA,80.5873,79.57731,-20.119106,0.587972,3.2898,13.78788,1.00363,50,3.37969,-1.96173,-96.16085,3.52475,3.03819,16.81752,-19.44067,GEO_PAT,NA,SpuhlerFieldMain,NA,NA,20250911-SpuhlerFieldMain-BP-2,43bc79c0-8f26-11f0-a88d-dd3dcd3eeb83,84.75464,3.53831,NA,4.93797,NA,NA,NA,2.49529,2.57992,0.39008,2f62e1e7-1fce-432c-b24b-cc7c2e53f2bb,2025-09-11,15:44:55,2025-09-11T15:44:55Z,2025-09-11T15:44:55Z,GroundBall,v3,471300,NA,NA,NA,NA,Undefined,GEO_PAT,619ebfca-f6c8-4564-bb91-d5d8ca06d790,41.89004,-94.73189,8.40876,3.60901,1.8729,-9.72033,0.84791,-1.70357,1.51909,46.959651,2.51871,135.79575,-19.4238,NA,NA,NA,NA,NA,NA,2.61172,9.23236,-23.34256,NA,NA,NA,NA,NA,NA,0.40202,-47.36908,-0.81317,NA,NA,NA,NA,NA,NA,NA,NA,NA,NA,NA,NA,NA,NA,NA,NA,NA,NA,NA,NA,NA,NA,NA,NA,NA,NA,NA,NA,High,High,High,High,High,NA,NA,NA,NA,NA,NA,NA,NA,NA,NA,NA,NA,NA,NA,NA,NA,NA,NA,NA,NA,NA,NA,NA,NA,NA,NA,NA,NA,NA,NA,NA,NA,NA,NA,NA,NA,NA,NA,NA,NA,NA,NA,NA,NA,NA,NA,NA,NA,NA,NA,NA,NA,NA,NA,NA
NA,NA,NA,NA,NA,NA,NA,NA,NA,NA,NA,NA,NA,NA,NA,NA,177,2025-09-11,11:45:23,NA,NA,NA,NA,Undefined,GEO_PAT,"Terelli, Lucas",119,Right,GEO_PAT,Undefined,1,Bottom,0,0,0,Undefined,Changeup,Undefined,Undefined,Undefined,Undefined,0,0,NA,64.811,1.096549,1.247469,1741.653732,181.412038,12:00:00,3.6159,-0.84217,18.68207,-23.08867,14.5045,0.33453,2.4655300000000002,0.06569,60.46281,-4.558036,1.326435,0.441292,99.12636,11.373535,-26.992537,2222.118453,94.93671,9.79582,-55.5609,165.88732,154.00354,-32.712595,1.343254,0.05543,12.91111,1.01941,50,3.38542,-2.07308,-96.17225,3.54939,0.05185,15.09605,-20.09768,GEO_PAT,NA,SpuhlerFieldMain,NA,NA,20250911-SpuhlerFieldMain-BP-2,54f69220-8f26-11f0-a88d-dd3dcd3eeb83,85.41386,10.91397,NA,4.3482,NA,NA,NA,3.09422,2.58168,0.0224,2f62e1e7-1fce-432c-b24b-cc7c2e53f2bb,2025-09-11,15:45:23,2025-09-11T15:45:23Z,2025-09-11T15:45:23Z,LineDrive,v3,471300,NA,NA,NA,NA,Undefined,GEO_PAT,3a84dc19-2802-44f6-b932-ae1d6c2ed2a7,41.82335,-94.88009,7.54802,3.6156,1.8291,-10.04884,0.84216,-2.06864,0.02593,71.818245,3.09422,127.00403,-23.41074,4.39139,-1.07065,0.40544,-0.24054,0.10071,-0.01776,2.58168,28.6708,-26.61153,3.75785,-0.93456,0.31952,-0.15338,0.05946,-0.01025,0.0224,-64.69028,-4.02877,2.71459,-1.02123,0.53696,-0.3321,0.14032,-0.02515,NA,NA,NA,NA,NA,NA,NA,NA,NA,NA,NA,NA,NA,NA,NA,NA,NA,NA,NA,NA,NA,NA,High,High,High,High,High,NA,NA,NA,NA,NA,NA,NA,NA,NA,NA,NA,NA,NA,NA,NA,NA,NA,NA,NA,NA,NA,NA,NA,NA,NA,NA,NA,NA,NA,NA,NA,NA,NA,NA,NA,NA,NA,NA,NA,NA,NA,NA,NA,NA,NA,NA,NA,NA,NA,NA,NA,NA,NA,NA,NA
NA,NA,NA,NA,NA,NA,NA,NA,NA,NA,NA,NA,NA,NA,NA,NA,178,2025-09-11,11:45:31,NA,NA,NA,NA,Undefined,GEO_PAT,"Terelli, Lucas",119,Right,GEO_PAT,Undefined,1,Bottom,0,0,0,Undefined,Changeup,Undefined,Undefined,Undefined,Undefined,0,0,NA,65.45529,1.029342,1.337535,1665.430297,190.902186,12:15:00,3.61158,-0.83806,18.66116,-22.77694,14.21304,2.55508,2.44015,0.3189,60.92438,-4.551515,1.940278,0.437737,98.05284,17.0558,-22.914876,1536.90367,98.17084,25.26993,-49.62334,274.03147,274.03147,-32.526107,2.569139,-1.86685,12.64351,1.02304,50,3.39273,-2.10725,-97.16231,3.43709,-1.77617,15.89569,-20.14462,GEO_PAT,NA,SpuhlerFieldMain,NA,NA,20250911-SpuhlerFieldMain-BP-2,59530e70-8f26-11f0-a88d-dd3dcd3eeb83,86.1075,27.05362,NA,4.53092,NA,NA,NA,2.13677,2.42879,-0.31218,2f62e1e7-1fce-432c-b24b-cc7c2e53f2bb,2025-09-11,15:45:31,2025-09-11T15:45:31Z,2025-09-11T15:45:31Z,LineDrive,v3,471300,NA,NA,NA,NA,Undefined,GEO_PAT,2fef52e3-33c8-49ec-87ad-e0ffd25a2084,41.84416,-95.81873,7.94784,3.61129,1.73437,-10.07231,0.83859,-2.25738,-0.88809,106.710919,2.13671,126.63994,-23.40814,5.41414,-1.1009,0.15996,-0.01192,-9.4e-4,2.3e-4,2.42884,42.17678,-19.39615,1.25619,-0.1268,0.02598,-0.01122,0.00328,-3.4e-4,-0.31226,-53.5259,-4.98675,2.67373,-0.79313,0.14356,-0.00888,-0.00214,3.6e-4,NA,NA,NA,NA,NA,NA,NA,NA,NA,NA,NA,NA,NA,NA,NA,NA,NA,NA,NA,NA,NA,NA,High,High,High,High,High,NA,NA,NA,NA,NA,NA,NA,NA,NA,NA,NA,NA,NA,NA,NA,NA,NA,NA,NA,NA,NA,NA,NA,NA,NA,NA,NA,NA,NA,NA,NA,NA,NA,NA,NA,NA,NA,NA,NA,NA,NA,NA,NA,NA,NA,NA,NA,NA,NA,NA,NA,NA,NA,NA,NA
NA,NA,NA,NA,NA,NA,NA,NA,NA,NA,NA,NA,NA,NA,NA,NA,179,2025-09-11,11:45:38,NA,NA,NA,NA,Undefined,GEO_PAT,"Terelli, Lucas",119,Right,GEO_PAT,Undefined,1,Bottom,0,0,0,Undefined,Changeup,Undefined,Undefined,Undefined,Undefined,0,0,NA,65.93182,0.424255,1.376958,1657.063333,179.02753,12:00:00,3.59021,-0.84026,18.58675,-22.5819,14.36954,-0.22571,2.00841,0.11458,60.80382,-5.124668,1.323789,0.437509,92.11556,27.578851,-11.363139,2503.234777,108.1764,52.32159,-19.94584,331.57633,331.57633,-9.201141,4.616336,0.65059,12.89843,1.03482,50,3.46065,-2.36903,-97.9914,2.37905,0.62153,18.01034,-19.85177,GEO_PAT,NA,SpuhlerFieldMain,NA,NA,20250911-SpuhlerFieldMain-BP-2,5dc81bd0-8f26-11f0-a88d-dd3dcd3eeb83,86.15236,69.76371,NA,5.128,NA,NA,NA,2.39012,2.17669,-0.0908,2f62e1e7-1fce-432c-b24b-cc7c2e53f2bb,2025-09-11,15:45:38,2025-09-11T15:45:38Z,2025-09-11T15:45:38Z,FlyBall,v3,471300,NA,NA,NA,NA,Undefined,GEO_PAT,9689ed59-8b08-42cd-a959-47eb7bb3c021,41.91739,-96.49442,9.00517,3.58982,0.72902,-9.92588,0.84006,-2.31737,0.31076,187.260222,2.38942,117.42241,-22.793,5.67111,-1.36332,0.33269,-0.06686,0.00828,-4.4e-4,2.17872,62.49767,-14.99142,-0.22409,0.56205,-0.27236,0.06959,-0.009,4.6e-4,-0.09066,-23.59807,6.23122,-1.67328,0.41774,-0.09995,0.01906,-0.00225,1.1e-4,NA,NA,NA,NA,NA,NA,NA,NA,NA,NA,NA,NA,NA,NA,NA,NA,NA,NA,NA,NA,NA,NA,High,High,High,High,High,NA,NA,NA,NA,NA,NA,NA,NA,NA,NA,NA,NA,NA,NA,NA,NA,NA,NA,NA,NA,NA,NA,NA,NA,NA,NA,NA,NA,NA,NA,NA,NA,NA,NA,NA,NA,NA,NA,NA,NA,NA,NA,NA,NA,NA,NA,NA,NA,NA,NA,NA,NA,NA,NA,NA
NA,NA,NA,NA,NA,NA,NA,NA,NA,NA,NA,NA,NA,NA,NA,NA,180,2025-09-11,11:45:47,NA,NA,NA,NA,Undefined,GEO_PAT,"Blanchard, Evan",10073877,Right,GEO_PAT,Undefined,1,Bottom,0,0,0,Undefined,Changeup,Undefined,Undefined,Undefined,Undefined,0,0,NA,66.28386,0.590232,1.269157,1569.911404,179.035371,12:00:00,3.60606,-0.83156,18.64181,-22.46698,13.60493,-0.21354,2.15064,0.04682,61.75204,-4.906137,1.218783,0.432271,97.42436,16.109863,-16.983673,1233.139572,104.17715,27.56105,-35.31415,322.77076,322.77076,-22.362274,3.301436,0.55417,12.21631,1.01216,50,3.4516,-2.19325,-98.38655,2.695,0.54124,16.13889,-20.24322,GEO_PAT,NA,SpuhlerFieldMain,NA,NA,20250911-SpuhlerFieldMain-BP-2,63401a40-8f26-11f0-a88d-dd3dcd3eeb83,87.19634,33.51006,NA,4.53183,NA,NA,NA,2.22895,2.24335,-0.03502,2f62e1e7-1fce-432c-b24b-cc7c2e53f2bb,2025-09-11,15:45:47,2025-09-11T15:45:47Z,2025-09-11T15:45:47Z,LineDrive,v3,471300,NA,NA,NA,NA,Undefined,GEO_PAT,4d1224dd-cd3e-4345-b15d-e78be5e094cc,41.86334,-97.04268,8.06944,3.60583,1.00936,-10.12161,0.83141,-2.14819,0.27062,146.588455,2.22903,131.28929,-22.58193,5.15209,-0.98121,0.12178,-6.1e-4,-0.00268,3.3e-4,2.24321,39.65148,-12.35363,-0.39746,0.17076,0.02525,-0.02928,0.00809,-7.8e-4,-0.03507,-40.0956,-0.09891,0.9002,-0.37807,0.10793,-0.02304,0.00318,-2e-4,NA,NA,NA,NA,NA,NA,NA,NA,NA,NA,NA,NA,NA,NA,NA,NA,NA,NA,NA,NA,NA,NA,High,High,High,High,High,NA,NA,NA,NA,NA,NA,NA,NA,NA,NA,NA,NA,NA,NA,NA,NA,NA,NA,NA,NA,NA,NA,NA,NA,NA,NA,NA,NA,NA,NA,NA,NA,NA,NA,NA,NA,NA,NA,NA,NA,NA,NA,NA,NA,NA,NA,NA,NA,NA,NA,NA,NA,NA,NA,NA
