player_name,display_name,active,notes,id,pitcher,date,rel_speed,horz_break,induced_vert_break,original_pitch_type,new_pitch_type,new_pitcher,modified_at,pitch_key,created_at,PitchNo,Date,Time,PAofInning,PitchofPA,Pitcher,PitcherId,PitcherThrows,PitcherTeam,Batter,BatterId,BatterSide,BatterTeam,PitcherSet,Inning,Top/Bottom,Outs,Balls,Strikes,TaggedPitchType,AutoPitchType,PitchCall,KorBB,TaggedHitType,PlayResult,OutsOnPlay,RunsScored,Notes,RelSpeed,VertRelAngle,HorzRelAngle,SpinRate,SpinAxis,Tilt,RelHeight,RelSide,Extension,VertBreak,InducedVertBreak,HorzBreak,PlateLocHeight,PlateLocSide,ZoneSpeed,VertApprAngle,HorzApprAngle,ZoneTime,ExitSpeed,Angle,Direction,HitSpinRate,PositionAt110X,PositionAt110Y,PositionAt110Z,Distance,LastTrackedDistance,Bearing,HangTime,pfxx,pfxz,x0,y0,z0,vx0,vy0,vz0,ax0,ay0,az0,HomeTeam,AwayTeam,Stadium,Level,League,GameID,PitchUID,EffectiveVelo,MaxHeight,MeasuredDuration,SpeedDrop,PitchLastMeasuredX,PitchLastMeasuredY,PitchLastMeasuredZ,ContactPositionX,ContactPositionY,ContactPositionZ,GameUID,UTCDate,UTCTime,LocalDateTime,UTCDateTime,AutoHitType,System,HomeTeamForeignID,AwayTeamForeignID,GameForeignID,Catcher,CatcherId,CatcherThrows,CatcherTeam,PlayID,PitchTrajectoryXc0,PitchTrajectoryXc1,PitchTrajectoryXc2,PitchTrajectoryYc0,PitchTrajectoryYc1,PitchTrajectoryYc2,PitchTrajectoryZc0,PitchTrajectoryZc1,PitchTrajectoryZc2,HitSpinAxis,HitTrajectoryXc0,HitTrajectoryXc1,HitTrajectoryXc2,HitTrajectoryXc3,HitTrajectoryXc4,HitTrajectoryXc5,HitTrajectoryXc6,HitTrajectoryXc7,HitTrajectoryXc8,HitTrajectoryYc0,HitTrajectoryYc1,HitTrajectoryYc2,HitTrajectoryYc3,HitTrajectoryYc4,HitTrajectoryYc5,HitTrajectoryYc6,HitTrajectoryYc7,HitTrajectoryYc8,HitTrajectoryZc0,HitTrajectoryZc1,HitTrajectoryZc2,HitTrajectoryZc3,HitTrajectoryZc4,HitTrajectoryZc5,HitTrajectoryZc6,HitTrajectoryZc7,HitTrajectoryZc8,ThrowSpeed,PopTime,ExchangeTime,TimeToBase,CatchPositionX,CatchPositionY,CatchPositionZ,ThrowPositionX,ThrowPositionY,ThrowPositionZ,BasePositionX,BasePositionY,BasePositionZ,ThrowTrajectoryXc0,ThrowTrajectoryXc1,ThrowTrajectoryXc2,ThrowTrajectoryYc0,ThrowTrajectoryYc1,ThrowTrajectoryYc2,ThrowTrajectoryZc0,ThrowTrajectoryZc1,ThrowTrajectoryZc2,PitchReleaseConfidence,PitchLocationConfidence,PitchMovementConfidence,HitLaunchConfidence,HitLandingConfidence,CatcherThrowCatchConfidence,CatcherThrowReleaseConfidence,CatcherThrowLocationConfidence,SpinAxis3dTransverseAngle,SpinAxis3dLongitudinalAngle,SpinAxis3dActiveSpinRate,SpinAxis3dSpinEfficiency,SpinAxis3dTilt,SpinAxis3dVectorX,SpinAxis3dVectorY,SpinAxis3dVectorZ,SpinAxis3dSeamOrientationRotationX,SpinAxis3dSeamOrientationRotationY,SpinAxis3dSeamOrientationRotationZ,SpinAxis3dSeamOrientationBallYAmb1,SpinAxis3dSeamOrientationBallAngleHorizontalAmb1,SpinAxis3dSeamOrientationBallZAmb1,SpinAxis3dSeamOrientationBallAngleVerticalAmb2,SpinAxis3dSeamOrientationBallZAmb2,SpinAxis3dSeamOrientationBallXAmb4,SpinAxis3dSeamOrientationBallYAmb4,SpinAxis3dSeamOrientationBallAngleHorizontalAmb2,SpinAxis3dSeamOrientationBallAngleVerticalAmb1,SpinAxis3dSeamOrientationBallXAmb1,SpinAxis3dSeamOrientationBallYAmb2,SpinAxis3dSeamOrientationBallAngleHorizontalAmb4,SpinAxis3dSeamOrientationBallAngleVerticalAmb4,SpinAxis3dSeamOrientationBallXAmb2,SpinAxis3dSeamOrientationBallAngleVerticalAmb3,SpinAxis3dSeamOrientationBallAngleHorizontalAmb3,SpinAxis3dSeamOrientationBallXAmb3,SpinAxis3dSeamOrientationBallYAmb3,SpinAxis3dSeamOrientationBallZAmb3,SpinAxis3dSeamOrientationBallZAmb4,session_id,play_id,camera_slot,camera_name,camera_target,video_type,azure_blob,azure_md5,cloudinary_url,cloudinary_public_id,uploaded_at,PitchSession,Flag,CalibrationId,EffVelocity,PracticeType,Device,HitType,BatSpeed,VerticalAttackAngle,HorizontalAttackAngle
NA,NA,NA,NA,NA,NA,NA,NA,NA,NA,NA,NA,NA,NA,NA,NA,1,2025-09-11,14:37:42,NA,NA,NA,NA,Undefined,GEO_PAT,"Alberti, Lucas",1000145512,Right,GEO_PAT,Undefined,1,Bottom,0,0,0,Undefined,Curveball,Undefined,Undefined,Undefined,Undefined,0,0,NA,56.25761,3.644621,0.066989,2059.571189,79.393006,08:45:00,3.64641,1.34794,18.7975,-51.14617,-1.37791,-13.83371,1.95093,0.24225,52.80709,-8.691923,-3.209367,0.507747,94.58345,31.922249,-7.807112,2716.063494,109.50343,63.56194,-10.43756,347.50486,347.50486,-0.25575,5.143666,12.27095,-1.72358,-1.30889,50,2.97272,-0.85902,-83.46744,8.45464,8.62495,11.61913,-33.38552,GEO_PAT,NA,SpuhlerFieldMain,NA,NA,20250911-SpuhlerFieldMain-BP-5,6a658db0-8f3e-11f0-b7ac-41d3680bab53,74.23465,88.62653,NA,3.45052,NA,NA,NA,1.9294,2.02867,-0.27081,5ca3cb06-d13d-4029-b9e1-c81cdf6982d6,2025-09-11,18:37:42,2025-09-11T18:37:42Z,2025-09-11T18:37:42Z,FlyBall,v3,471300,NA,NA,NA,NA,Undefined,GEO_PAT,1a131c8b-1b18-4e87-9ab0-d923e21a4685,41.71081,-82.30545,5.80957,3.65129,5.11586,-16.69276,-1.35167,0.00354,4.31248,200.063783,1.93049,116.63273,-23.05955,5.60736,-1.20249,0.23984,-0.0404,0.00449,-2.2e-4,2.0307,73.30432,-16.75016,0.21422,0.40573,-0.21031,0.05267,-0.00655,3.2e-4,-0.2712,-15.98658,8.1297,-2.23881,0.51833,-0.10207,0.01546,-0.00152,7e-5,NA,NA,NA,NA,NA,NA,NA,NA,NA,NA,NA,NA,NA,NA,NA,NA,NA,NA,NA,NA,NA,NA,High,High,High,High,High,NA,NA,NA,NA,NA,NA,NA,NA,NA,NA,NA,NA,NA,NA,NA,NA,NA,NA,NA,NA,NA,NA,NA,NA,NA,NA,NA,NA,NA,NA,NA,NA,NA,NA,NA,NA,NA,NA,NA,NA,NA,NA,NA,NA,NA,NA,NA,NA,NA,NA,NA,NA,NA,NA,NA
NA,NA,NA,NA,NA,NA,NA,NA,NA,NA,NA,NA,NA,NA,NA,NA,2,2025-09-11,14:37:48,NA,NA,NA,NA,Undefined,GEO_PAT,"Alberti, Lucas",1000145512,Right,GEO_PAT,Undefined,1,Bottom,0,0,0,Undefined,Changeup,Undefined,Undefined,Undefined,Undefined,0,0,NA,64.67265,1.041109,0.812717,1591.865719,176.484144,12:00:00,3.71672,-0.73593,18.69125,-23.96926,13.77957,-0.78843,2.45357,-0.22851,60.31516,-4.824648,0.62648,0.442204,98.78309,12.253053,3.290031,1508.304892,109.27514,19.24799,12.60627,273.31196,273.31196,11.125236,2.536426,0.92764,12.29016,0.85366,50,3.49186,-1.41121,-95.98873,3.50753,0.86372,15.142760000000001,-20.7309,GEO_PAT,NA,SpuhlerFieldMain,NA,NA,20250911-SpuhlerFieldMain-BP-5,6af809b0-8f3e-11f0-b7ac-41d3680bab53,85.23759,20.70925,NA,4.35749,NA,NA,NA,1.24419,2.43549,0.2117,5ca3cb06-d13d-4029-b9e1-c81cdf6982d6,2025-09-11,18:37:48,2025-09-11T18:37:48Z,2025-09-11T18:37:48Z,LineDrive,v3,471300,NA,NA,NA,NA,Undefined,GEO_PAT,fedd28c3-2377-4041-a69b-0b804f8b5de7,41.814,-94.68854,7.5713800000000004,3.71661,1.72752,-10.36545,0.73567,-1.33705,0.43186,234.798347,1.24419,141.34678,-21.19946,4.0356,-0.6509,0.04516,0.01186,-0.00399,4e-4,2.43549,30.7497,-13.19776,0.24911,-0.13208,0.15135,-0.06707,0.01513,-0.00138,0.2117,8.1278,9.4171,-2.84812,0.4508,0.09405,-0.07785,0.01944,-0.00183,NA,NA,NA,NA,NA,NA,NA,NA,NA,NA,NA,NA,NA,NA,NA,NA,NA,NA,NA,NA,NA,NA,High,High,High,High,High,NA,NA,NA,NA,NA,NA,NA,NA,NA,NA,NA,NA,NA,NA,NA,NA,NA,NA,NA,NA,NA,NA,NA,NA,NA,NA,NA,NA,NA,NA,NA,NA,NA,NA,NA,NA,NA,NA,NA,NA,NA,NA,NA,NA,NA,NA,NA,NA,NA,NA,NA,NA,NA,NA,NA
NA,NA,NA,NA,NA,NA,NA,NA,NA,NA,NA,NA,NA,NA,NA,NA,3,2025-09-11,14:37:54,NA,NA,NA,NA,Undefined,GEO_PAT,"Alberti, Lucas",1000145512,Right,GEO_PAT,Undefined,1,Bottom,0,0,0,Undefined,Curveball,Undefined,Undefined,Undefined,Undefined,0,0,NA,59.02367,1.197818,-0.460602,2570.389808,67.571538,08:15:00,3.98062,1.28132,28.16533,-29.99399,-3.46847,-9.94697,2.12781,0.20377,55.47134,-8.204427,-3.536161,0.370684,95.0846,17.445931,0.801258,1949.723136,109.77064,29.03765,7.08904,273.24603,273.24603,9.142968,3.057879,14.51926,-5.07634,-1.21061,50,2.9193,-1.51831,-89.85015,8.94079,11.51354,16.65176,-36.19949,GEO_PAT,NA,SpuhlerFieldMain,NA,NA,20250911-SpuhlerFieldMain-BP-5,6e8e9df0-8f3e-11f0-b7ac-41d3680bab53,101.6836,32.61551,NA,3.55233,NA,NA,NA,1.52371,2.23468,-0.23441,5ca3cb06-d13d-4029-b9e1-c81cdf6982d6,2025-09-11,18:37:54,2025-09-11T18:37:54Z,2025-09-11T18:37:54Z,LineDrive,v3,471300,NA,NA,NA,NA,Undefined,GEO_PAT,d787f961-7d4b-4223-9828-e4551d7bfc85,32.34359,-86.51606,8.32588,3.98385,1.69277,-18.09974,-1.28383,0.78698,5.75677,218.827272,1.52373,133.02896,-26.59994,6.57062,-1.48434,0.31123,-0.05399,0.00625,-3.4e-4,2.23467,41.80931,-14.64225,-0.01198,0.20968,-0.07248,0.01342,-0.00124,5e-5,-0.23442,1.86051,7.49693,-1.9574,0.46249,-0.0996,0.01739,-0.00201,1.1e-4,NA,NA,NA,NA,NA,NA,NA,NA,NA,NA,NA,NA,NA,NA,NA,NA,NA,NA,NA,NA,NA,NA,High,High,High,Medium,High,NA,NA,NA,NA,NA,NA,NA,NA,NA,NA,NA,NA,NA,NA,NA,NA,NA,NA,NA,NA,NA,NA,NA,NA,NA,NA,NA,NA,NA,NA,NA,NA,NA,NA,NA,NA,NA,NA,NA,NA,NA,NA,NA,NA,NA,NA,NA,NA,NA,NA,NA,NA,NA,NA,NA
NA,NA,NA,NA,NA,NA,NA,NA,NA,NA,NA,NA,NA,NA,NA,NA,4,2025-09-11,14:38:39,NA,NA,NA,NA,Undefined,GEO_PAT,"Alberti, Lucas",1000145512,Right,GEO_PAT,Undefined,1,Bottom,0,0,0,Undefined,Curveball,Undefined,Undefined,Undefined,Undefined,0,0,NA,61.03631,3.568257,-0.021017,2499.887584,71.080897,08:15:00,3.69314,1.37049,18.90515,-46.32404,-3.61654,-14.20205,2.33887,0.17224,56.27489,-7.68964,-3.393821,0.470352,92.01229,18.528653,18.514552,3754.543702,100.9375,30.78496,43.72134,272.60542,272.60542,31.06248,3.141,12.50174,-3.81181,-1.34722,50,3.04306,-0.77736,-90.7972,8.68332,10.18049,16.33576,-35.27811,GEO_PAT,NA,SpuhlerFieldMain,NA,NA,20250911-SpuhlerFieldMain-BP-5,892a23f0-8f3e-11f0-b7ac-41d3680bab53,80.13659,34.21382,NA,4.76141,NA,NA,NA,0.88094,2.28197,-0.17718,5ca3cb06-d13d-4029-b9e1-c81cdf6982d6,2025-09-11,18:38:39,2025-09-11T18:38:39Z,2025-09-11T18:38:39Z,LineDrive,v3,471300,NA,NA,NA,NA,Undefined,GEO_PAT,d02341db-a062-4c89-9532-cc1fa0471c4c,41.60201,-89.27349,8.16788,3.69953,5.39277,-17.63906,-1.37545,0.17222,5.09025,230.667965,0.88083,121.3393,-27.26275,6.63191,-1.38149,0.23521,-0.03094,0.00271,-1e-4,2.28215,42.87514,-14.33652,-0.38372,0.32545,-0.07302,0.00611,8.7e-4,-1.5e-4,-0.17704,40.62452,4.73136,-2.31487,0.69605,-0.14547,0.01966,-0.00132,1e-5,NA,NA,NA,NA,NA,NA,NA,NA,NA,NA,NA,NA,NA,NA,NA,NA,NA,NA,NA,NA,NA,NA,High,High,High,High,High,NA,NA,NA,NA,NA,NA,NA,NA,NA,NA,NA,NA,NA,NA,NA,NA,NA,NA,NA,NA,NA,NA,NA,NA,NA,NA,NA,NA,NA,NA,NA,NA,NA,NA,NA,NA,NA,NA,NA,NA,NA,NA,NA,NA,NA,NA,NA,NA,NA,NA,NA,NA,NA,NA,NA
NA,NA,NA,NA,NA,NA,NA,NA,NA,NA,NA,NA,NA,NA,NA,NA,5,2025-09-11,14:38:45,NA,NA,NA,NA,Undefined,GEO_PAT,"Alberti, Lucas",1000145512,Right,GEO_PAT,Undefined,1,Bottom,0,0,0,Undefined,Changeup,Undefined,Undefined,Undefined,Undefined,0,0,NA,65.88578,0.418172,0.897856,1609.99,172.941068,11:45:00,3.70356,-0.72209,18.69296,-22.38474,13.99694,-1.61854,2.13307,-0.22383,61.43528,-5.064867,0.515442,0.434123,104.73554,17.352724,-20.907081,2175.780568,99.36597,25.59541,-47.18413,274.03404,161.05644,-32.886901,2.490019,1.68721,12.64894,0.85374,50,3.5721,-1.63632,-97.81169,2.39726,1.62981,15.84322,-19.95547,GEO_PAT,NA,SpuhlerFieldMain,NA,NA,20250911-SpuhlerFieldMain-BP-5,8ca2f700-8f3e-11f0-b7ac-41d3680bab53,86.82437,27.58584,NA,4.4505,NA,NA,NA,2.03622,2.19159,0.22421,5ca3cb06-d13d-4029-b9e1-c81cdf6982d6,2025-09-11,18:38:45,2025-09-11T18:38:45Z,2025-09-11T18:38:45Z,LineDrive,v3,471300,NA,NA,NA,NA,Undefined,GEO_PAT,7c2044a7-6467-428f-b1d7-853e5a8a5ead,41.81228,-96.47636,7.92161,3.70327,0.71533,-9.97774,0.72161,-1.49895,0.8149,97.136075,2.03613,136.97327,-27.89535,6.28814,-1.70348,0.58563,-0.19169,0.03872,-0.00336,2.1916,45.81419,-22.97789,2.42763,-0.37214,0.00761,0.02166,-0.00645,6.5e-4,0.22409,-52.31285,-8.67469,4.52247,-1.94604,0.88676,-0.31813,0.06704,-0.00597,NA,NA,NA,NA,NA,NA,NA,NA,NA,NA,NA,NA,NA,NA,NA,NA,NA,NA,NA,NA,NA,NA,High,High,High,High,Medium,NA,NA,NA,NA,NA,NA,NA,NA,NA,NA,NA,NA,NA,NA,NA,NA,NA,NA,NA,NA,NA,NA,NA,NA,NA,NA,NA,NA,NA,NA,NA,NA,NA,NA,NA,NA,NA,NA,NA,NA,NA,NA,NA,NA,NA,NA,NA,NA,NA,NA,NA,NA,NA,NA,NA
NA,NA,NA,NA,NA,NA,NA,NA,NA,NA,NA,NA,NA,NA,NA,NA,6,2025-09-11,14:39:05,NA,NA,NA,NA,Undefined,GEO_PAT,"Alberti, Lucas",1000145512,Right,GEO_PAT,Undefined,1,Bottom,0,0,0,Undefined,Changeup,Undefined,Undefined,Undefined,Undefined,0,0,NA,64.97648,-0.946892,0.843015,1707.120962,182.215854,12:00:00,3.78127,-0.72511,18.57996,-20.90044,17.0469,0.61756,1.3699,-0.07751,60.18853,-6.084109,0.988557,0.443366,NA,NA,NA,NA,NA,NA,NA,NA,NA,NA,NA,-0.27539,15.73643,0.84258,50,3.84841,-1.38285,-96.57107,-0.06874,-0.25624,17.10011,-17.53162,GEO_PAT,NA,SpuhlerFieldMain,NA,NA,20250911-SpuhlerFieldMain-BP-5,990325b0-8f3e-11f0-b7ac-41d3680bab53,85.01431,NA,NA,4.78795,NA,NA,NA,NA,NA,NA,5ca3cb06-d13d-4029-b9e1-c81cdf6982d6,2025-09-11,18:39:05,2025-09-11T18:39:05Z,2025-09-11T18:39:05Z,NA,v3,471300,NA,NA,NA,NA,Undefined,GEO_PAT,b40a97b7-d14c-47ba-88c6-ccba5e172be2,41.92543,-95.13053,8.55006,3.78041,-1.54562,-8.76581,0.72518,-1.40444,-0.12812,NA,NA,NA,NA,NA,NA,NA,NA,NA,NA,NA,NA,NA,NA,NA,NA,NA,NA,NA,NA,NA,NA,NA,NA,NA,NA,NA,NA,NA,NA,NA,NA,NA,NA,NA,NA,NA,NA,NA,NA,NA,NA,NA,NA,NA,NA,NA,NA,NA,NA,High,High,High,NA,NA,NA,NA,NA,NA,NA,NA,NA,NA,NA,NA,NA,NA,NA,NA,NA,NA,NA,NA,NA,NA,NA,NA,NA,NA,NA,NA,NA,NA,NA,NA,NA,NA,NA,NA,NA,NA,NA,NA,NA,NA,NA,NA,NA,NA,NA,NA,NA,NA,NA,NA,NA,NA,NA,NA,NA
NA,NA,NA,NA,NA,NA,NA,NA,NA,NA,NA,NA,NA,NA,NA,NA,7,2025-09-11,14:39:12,NA,NA,NA,NA,Undefined,GEO_PAT,"Alberti, Lucas",1000145512,Right,GEO_PAT,Undefined,1,Bottom,0,0,0,Undefined,Other,Undefined,Undefined,Undefined,Undefined,0,0,NA,58.23572,4.209607,1.060421,2212.213693,76.179879,08:30:00,3.61858,1.25413,18.78711,-49.70656,-2.78158,-16.59221,2.44355,0.61751,54.02477,-7.814635,-2.871108,0.49303,NA,NA,NA,NA,NA,NA,NA,NA,NA,NA,NA,15.05383,-3.30709,-1.06625,50,2.87104,-2.53369,-86.45475,9.46972,11.22354,13.73272,-34.63969,GEO_PAT,NA,SpuhlerFieldMain,NA,NA,20250911-SpuhlerFieldMain-BP-5,9cc313e0-8f3e-11f0-b7ac-41d3680bab53,76.45057,NA,NA,4.21095,NA,NA,NA,NA,NA,NA,5ca3cb06-d13d-4029-b9e1-c81cdf6982d6,2025-09-11,18:39:12,2025-09-11T18:39:12Z,2025-09-11T18:39:12Z,NA,v3,471300,NA,NA,NA,NA,Undefined,GEO_PAT,b7a6a993-38d2-497c-8741-7f30b125082f,41.72133,-85.12959,6.86636,3.62356,6.1271,-17.31984,-1.25849,-1.45066,5.61177,NA,NA,NA,NA,NA,NA,NA,NA,NA,NA,NA,NA,NA,NA,NA,NA,NA,NA,NA,NA,NA,NA,NA,NA,NA,NA,NA,NA,NA,NA,NA,NA,NA,NA,NA,NA,NA,NA,NA,NA,NA,NA,NA,NA,NA,NA,NA,NA,NA,NA,High,High,High,NA,NA,NA,NA,NA,NA,NA,NA,NA,NA,NA,NA,NA,NA,NA,NA,NA,NA,NA,NA,NA,NA,NA,NA,NA,NA,NA,NA,NA,NA,NA,NA,NA,NA,NA,NA,NA,NA,NA,NA,NA,NA,NA,NA,NA,NA,NA,NA,NA,NA,NA,NA,NA,NA,NA,NA,NA
NA,NA,NA,NA,NA,NA,NA,NA,NA,NA,NA,NA,NA,NA,NA,NA,8,2025-09-11,14:39:17,NA,NA,NA,NA,Undefined,GEO_PAT,"Alberti, Lucas",1000145512,Right,GEO_PAT,Undefined,1,Bottom,0,0,0,Undefined,Curveball,Undefined,Undefined,Undefined,Undefined,0,0,NA,58.14235,3.173964,-0.614687,2457.948813,84.46367,08:45:00,3.70178,1.39316,18.85347,-46.65943,-0.05638,-12.90316,2.04503,-0.11383,54.35482,-8.117735,-3.677235,0.491336,89.87426,10.780329,-10.866657,1527.947112,108.96443,8.89564,-15.05626,161.86045,161.86045,-6.46837,1.457814,11.30071,-0.50535,-1.45422,50,3.10338,0.18195,-86.34499,7.77357,8.45768,12.99256,-32.55227,GEO_PAT,NA,SpuhlerFieldMain,NA,NA,20250911-SpuhlerFieldMain-BP-5,9fcc8350-8f3e-11f0-b7ac-41d3680bab53,76.71421,10.05954,NA,3.78753,NA,NA,NA,2.31537,2.10522,0.10587,5ca3cb06-d13d-4029-b9e1-c81cdf6982d6,2025-09-11,18:39:17,2025-09-11T18:39:17Z,2025-09-11T18:39:17Z,LineDrive,v3,471300,NA,NA,NA,NA,Undefined,GEO_PAT,3aeb81cb-7d14-42b4-aa8d-cc2fec1301d9,41.65417,-85.0799,6.49628,3.70598,4.60395,-16.27613,-1.39641,1.00547,4.22884,280.028064,2.31537,127.1671,-15.44952,2.5656,-0.57226,0.11931,-0.02495,0.00433,-4.1e-4,2.10522,24.65528,-20.35366,2.17345,-0.4569,0.10551,-0.02073,0.00349,-3.4e-4,0.10587,-24.41178,10.14435,-1.84366,0.40582,-0.08581,0.01766,-0.00304,2.9e-4,NA,NA,NA,NA,NA,NA,NA,NA,NA,NA,NA,NA,NA,NA,NA,NA,NA,NA,NA,NA,NA,NA,High,High,High,High,High,NA,NA,NA,NA,NA,NA,NA,NA,NA,NA,NA,NA,NA,NA,NA,NA,NA,NA,NA,NA,NA,NA,NA,NA,NA,NA,NA,NA,NA,NA,NA,NA,NA,NA,NA,NA,NA,NA,NA,NA,NA,NA,NA,NA,NA,NA,NA,NA,NA,NA,NA,NA,NA,NA,NA
NA,NA,NA,NA,NA,NA,NA,NA,NA,NA,NA,NA,NA,NA,NA,NA,9,2025-09-11,14:39:32,NA,NA,NA,NA,Undefined,GEO_PAT,"Alberti, Lucas",1000145512,Right,GEO_PAT,Undefined,1,Bottom,0,0,0,Undefined,Curveball,Undefined,Undefined,Undefined,Undefined,0,0,NA,57.20326,0.991545,-0.85908,2427.756183,76.225788,08:30:00,3.93118,1.24327,28.01726,-30.12529,-1.70878,-9.6302,1.95864,-0.02522,53.9988,-8.399969,-3.821889,0.383669,92.59149,23.363409,-9.071885,2148.775371,109.29925,41.67419,-12.39441,332.43504,332.43504,-0.989046,4.040298,13.87221,-2.40988,-1.30107,50,2.9405,-0.7902,-86.89186,8.32677,10.35422,14.8675,-33.97279,GEO_PAT,NA,SpuhlerFieldMain,NA,NA,20250911-SpuhlerFieldMain-BP-5,a9111a20-8f3e-11f0-b7ac-41d3680bab53,98.24202,53.28483,NA,3.20447,NA,NA,NA,1.94852,2.13075,-0.0171,5ca3cb06-d13d-4029-b9e1-c81cdf6982d6,2025-09-11,18:39:32,2025-09-11T18:39:32Z,2025-09-11T18:39:32Z,LineDrive,v3,471300,NA,NA,NA,NA,Undefined,GEO_PAT,e4a91fab-7d8a-430c-a217-7f11eb029a1c,32.49155,-83.8426,7.43375,3.93376,1.3591,-16.98639,-1.24537,1.33341,5.17711,210.127274,1.94806,123.11717,-20.47808,4.74491,-0.97291,0.17759,-0.02607,0.00237,-8e-5,2.13148,53.83706,-14.95982,0.54466,-0.13964,0.0662,-0.02158,0.00395,-3e-4,-0.01688,-19.66136,9.09448,-2.12338,0.43446,-0.07803,0.01116,-9.9e-4,3e-5,NA,NA,NA,NA,NA,NA,NA,NA,NA,NA,NA,NA,NA,NA,NA,NA,NA,NA,NA,NA,NA,NA,High,High,High,High,High,NA,NA,NA,NA,NA,NA,NA,NA,NA,NA,NA,NA,NA,NA,NA,NA,NA,NA,NA,NA,NA,NA,NA,NA,NA,NA,NA,NA,NA,NA,NA,NA,NA,NA,NA,NA,NA,NA,NA,NA,NA,NA,NA,NA,NA,NA,NA,NA,NA,NA,NA,NA,NA,NA,NA
NA,NA,NA,NA,NA,NA,NA,NA,NA,NA,NA,NA,NA,NA,NA,NA,10,2025-09-11,14:39:40,NA,NA,NA,NA,Undefined,GEO_PAT,"Alberti, Lucas",1000145512,Right,GEO_PAT,Undefined,1,Bottom,0,0,0,Undefined,Slider,Undefined,Undefined,Undefined,Undefined,0,0,NA,66.01769,-0.976267,0.525413,1733.324921,206.821279,01:00:00,3.73455,-0.63435,18.58646,-23.13407,13.66831,6.37957,1.11642,0.26874,61.13848,-6.629473,2.030574,0.436626,93.9556,4.177393,-19.931957,1357.054314,NA,NA,NA,78.93718,76.82124,-20.624627,0.608053,-5.42847,12.75465,0.69618,50,3.80199,-0.50892,-98.13472,0.01213,-5.20736,17.89402,-19.93891,GEO_PAT,NA,SpuhlerFieldMain,NA,NA,20250911-SpuhlerFieldMain-BP-5,ada60b90-8f3e-11f0-b7ac-41d3680bab53,86.32661,2.32365,NA,4.87922,NA,NA,NA,2.09457,1.08036,0.08132,5ca3cb06-d13d-4029-b9e1-c81cdf6982d6,2025-09-11,18:39:40,2025-09-11T18:39:40Z,2025-09-11T18:39:40Z,GroundBall,v3,471300,NA,NA,NA,NA,Undefined,GEO_PAT,f3c8ef5c-a88f-4d55-a793-2867f3943f79,41.91831,-96.64986,8.94701,3.73435,-1.64242,-9.96946,0.63602,-0.94103,-2.60368,61.169536,2.12435,128.54081,-17.40137,NA,NA,NA,NA,NA,NA,1.10274,9.54118,-18.73047,NA,NA,NA,NA,NA,NA,0.08406,-46.9145,1.71717,NA,NA,NA,NA,NA,NA,NA,NA,NA,NA,NA,NA,NA,NA,NA,NA,NA,NA,NA,NA,NA,NA,NA,NA,NA,NA,NA,NA,High,Medium,Medium,Medium,High,NA,NA,NA,NA,NA,NA,NA,NA,NA,NA,NA,NA,NA,NA,NA,NA,NA,NA,NA,NA,NA,NA,NA,NA,NA,NA,NA,NA,NA,NA,NA,NA,NA,NA,NA,NA,NA,NA,NA,NA,NA,NA,NA,NA,NA,NA,NA,NA,NA,NA,NA,NA,NA,NA,NA
NA,NA,NA,NA,NA,NA,NA,NA,NA,NA,NA,NA,NA,NA,NA,NA,11,2025-09-11,14:39:52,NA,NA,NA,NA,Undefined,GEO_PAT,"Alberti, Lucas",1000145512,Right,GEO_PAT,Undefined,1,Bottom,0,0,0,Undefined,Changeup,Undefined,Undefined,Undefined,Undefined,0,0,NA,66.82345,-0.621618,0.636907,1698.110562,191.195252,12:15:00,3.71312,-0.66172,18.67153,-20.88741,14.68257,2.71685,1.53392,0.01404,62.10288,-5.747082,1.278952,0.429253,82.77911,23.828108,-3.618153,2691.89439,109.97512,36.99393,-2.33673,304.50081,303.71449,3.396749,3.745149,-2.22469,13.57044,0.74637,50,3.73499,-0.92498,-99.30991,0.50718,-2.19921,17.40908,-18.75895,GEO_PAT,NA,SpuhlerFieldMain,NA,NA,20250911-SpuhlerFieldMain-BP-5,b47842d0-8f3e-11f0-b7ac-41d3680bab53,87.80942,43.61803,NA,4.72057,NA,NA,NA,NA,NA,NA,5ca3cb06-d13d-4029-b9e1-c81cdf6982d6,2025-09-11,18:39:52,2025-09-11T18:39:52Z,2025-09-11T18:39:52Z,LineDrive,v3,471300,NA,NA,NA,NA,Undefined,GEO_PAT,228773ac-f214-48c4-bf92-602e8e9583b0,41.83457,-97.86804,8.70454,3.71266,-1.04649,-9.37948,0.66222,-1.10712,-1.09961,218.008626,5.95498,110.7995,-12.70132,1.64696,0.06565,-0.17777,0.05582,-0.00705,3e-4,1.96439,49.06913,-15.88463,1.14265,-0.31153,0.095,-0.01073,-0.001,2.1e-4,0.08419,-7.00259,5.49044,-1.17061,0.2089,-0.00983,-0.00479,0.00101,-6e-5,NA,NA,NA,NA,NA,NA,NA,NA,NA,NA,NA,NA,NA,NA,NA,NA,NA,NA,NA,NA,NA,NA,High,High,High,High,High,NA,NA,NA,NA,NA,NA,NA,NA,NA,NA,NA,NA,NA,NA,NA,NA,NA,NA,NA,NA,NA,NA,NA,NA,NA,NA,NA,NA,NA,NA,NA,NA,NA,NA,NA,NA,NA,NA,NA,NA,NA,NA,NA,NA,NA,NA,NA,NA,NA,NA,NA,NA,NA,NA,NA
NA,NA,NA,NA,NA,NA,NA,NA,NA,NA,NA,NA,NA,NA,NA,NA,12,2025-09-11,14:40:22,NA,NA,NA,NA,Undefined,GEO_PAT,"Alberti, Lucas",1000145512,Right,GEO_PAT,Undefined,1,Bottom,0,0,0,Undefined,Changeup,Undefined,Undefined,Undefined,Undefined,0,0,NA,65.8391,-1.130006,1.604062,1710.728079,172.90648,11:45:00,3.81534,-0.73848,18.54952,-11.93276,25.53277,-3.02579,2.02091,0.14473,60.10062,-4.201463,0.892242,0.440542,75.01944,-9.636104,4.352303,NA,NA,NA,NA,12.07281,8.02988,2.472719,0.114327,3.20764,23.133,0.96853,50,3.92252,-2.91632,-97.9233,-0.91575,3.02627,19.54612,-10.34899,GEO_PAT,NA,SpuhlerFieldMain,NA,NA,20250911-SpuhlerFieldMain-BP-5,c6827c70-8f3e-11f0-b7ac-41d3680bab53,85.55921,2.35556,NA,5.73848,NA,NA,NA,-0.26902,2.35556,-0.16181,5ca3cb06-d13d-4029-b9e1-c81cdf6982d6,2025-09-11,18:40:22,2025-09-11T18:40:22Z,2025-09-11T18:40:22Z,GroundBall,v3,471300,NA,NA,NA,NA,Undefined,GEO_PAT,c7889c30-5fc1-4515-8b3c-120353177633,41.95359,-96.3038,9.77306,3.81112,-1.77322,-5.1745,0.73728,-2.66557,1.51314,NA,-0.2692,108.18354,-2.85973,NA,NA,NA,NA,NA,NA,2.35562,-18.42446,-19.0705,NA,NA,NA,NA,NA,NA,-0.16178,8.22946,-19.75588,NA,NA,NA,NA,NA,NA,NA,NA,NA,NA,NA,NA,NA,NA,NA,NA,NA,NA,NA,NA,NA,NA,NA,NA,NA,NA,NA,NA,High,Medium,Medium,Low,Low,NA,NA,NA,NA,NA,NA,NA,NA,NA,NA,NA,NA,NA,NA,NA,NA,NA,NA,NA,NA,NA,NA,NA,NA,NA,NA,NA,NA,NA,NA,NA,NA,NA,NA,NA,NA,NA,NA,NA,NA,NA,NA,NA,NA,NA,NA,NA,NA,NA,NA,NA,NA,NA,NA,NA
NA,NA,NA,NA,NA,NA,NA,NA,NA,NA,NA,NA,NA,NA,NA,NA,13,2025-09-11,14:40:33,NA,NA,NA,NA,Undefined,GEO_PAT,"Alberti, Lucas",1000145512,Right,GEO_PAT,Undefined,1,Bottom,0,0,0,Undefined,Curveball,Undefined,Undefined,Undefined,Undefined,0,0,NA,60.11818,3.924195,-0.811236,2527.266453,74.079964,08:30:00,3.671,1.36695,18.96553,-46.42987,-2.55811,-13.37288,2.55477,-0.31565,55.48789,-7.37721,-3.988279,0.476721,NA,NA,NA,NA,NA,NA,NA,NA,NA,NA,NA,11.67512,-3.16614,-1.45761,50,2.9555,0.47258,-89.38484,9.20195,9.22778,15.65344,-34.6765,GEO_PAT,NA,SpuhlerFieldMain,NA,NA,20250911-SpuhlerFieldMain-BP-5,cd30d800-8f3e-11f0-b7ac-41d3680bab53,79.06611,NA,NA,4.6303,NA,NA,NA,NA,NA,NA,5ca3cb06-d13d-4029-b9e1-c81cdf6982d6,2025-09-11,18:40:33,2025-09-11T18:40:33Z,2025-09-11T18:40:33Z,NA,v3,471300,NA,NA,NA,NA,Undefined,GEO_PAT,225209a1-923d-45bb-af17-0abc560fc10e,41.54202,-87.89116,7.82672,3.6757,5.89306,-17.33825,-1.3705,1.3531,4.61389,NA,NA,NA,NA,NA,NA,NA,NA,NA,NA,NA,NA,NA,NA,NA,NA,NA,NA,NA,NA,NA,NA,NA,NA,NA,NA,NA,NA,NA,NA,NA,NA,NA,NA,NA,NA,NA,NA,NA,NA,NA,NA,NA,NA,NA,NA,NA,NA,NA,NA,High,Medium,Medium,NA,NA,NA,NA,NA,NA,NA,NA,NA,NA,NA,NA,NA,NA,NA,NA,NA,NA,NA,NA,NA,NA,NA,NA,NA,NA,NA,NA,NA,NA,NA,NA,NA,NA,NA,NA,NA,NA,NA,NA,NA,NA,NA,NA,NA,NA,NA,NA,NA,NA,NA,NA,NA,NA,NA,NA,NA
NA,NA,NA,NA,NA,NA,NA,NA,NA,NA,NA,NA,NA,NA,NA,NA,14,2025-09-11,14:40:40,NA,NA,NA,NA,Undefined,GEO_PAT,"Alberti, Lucas",1000145512,Right,GEO_PAT,Undefined,1,Bottom,0,0,0,Undefined,Changeup,Undefined,Undefined,Undefined,Undefined,0,0,NA,64.80344,0.702503,1.517838,1767.923031,171.993198,11:45:00,3.70149,-0.73209,18.67982,-24.82576,13.13426,-1.69811,2.12838,0.19725,59.96623,-5.384771,1.116922,0.44344,85.01293,17.764706,-14.411034,3636.271039,103.92684,27.19369,-36.04368,247.19246,247.19246,-25.264676,2.917409,1.97374,11.79709,0.95185,50,3.52429,-2.65426,-96.27887,2.98129,1.82772,16.82386,-21.24965,GEO_PAT,NA,SpuhlerFieldMain,NA,NA,20250911-SpuhlerFieldMain-BP-5,d1650bd0-8f3e-11f0-b7ac-41d3680bab53,85.00013,28.61959,NA,4.83721,NA,NA,NA,1.28295,2.20703,-0.24668,5ca3cb06-d13d-4029-b9e1-c81cdf6982d6,2025-09-11,18:40:40,2025-09-11T18:40:40Z,2025-09-11T18:40:40Z,LineDrive,v3,471300,NA,NA,NA,NA,Undefined,GEO_PAT,0a406ee2-9ec6-46ba-8797-a7e43417ef4c,41.82453,-94.83952,8.41193,3.70158,1.1633,-10.62482,0.73146,-2.49788,0.91386,132.095959,1.28296,115.00198,-22.60265,5.03596,-0.89199,0.08956,0.00896,-0.00466,5e-4,2.20704,38.04601,-13.96391,0.25409,-0.19833,0.20285,-0.09204,0.02065,-0.00182,-0.24668,-29.55385,-4.84716,1.51406,-0.23093,-0.05426,0.0442,-0.01093,0.001,NA,NA,NA,NA,NA,NA,NA,NA,NA,NA,NA,NA,NA,NA,NA,NA,NA,NA,NA,NA,NA,NA,High,Medium,Medium,High,High,NA,NA,NA,NA,NA,NA,NA,NA,NA,NA,NA,NA,NA,NA,NA,NA,NA,NA,NA,NA,NA,NA,NA,NA,NA,NA,NA,NA,NA,NA,NA,NA,NA,NA,NA,NA,NA,NA,NA,NA,NA,NA,NA,NA,NA,NA,NA,NA,NA,NA,NA,NA,NA,NA,NA
NA,NA,NA,NA,NA,NA,NA,NA,NA,NA,NA,NA,NA,NA,NA,NA,15,2025-09-11,14:40:47,NA,NA,NA,NA,Undefined,GEO_PAT,"Alberti, Lucas",1000145512,Right,GEO_PAT,Undefined,1,Bottom,0,0,0,Undefined,Curveball,Undefined,Undefined,Undefined,Undefined,0,0,NA,58.82206,0.822926,-1.581252,2774.058024,75.371886,08:30:00,3.968,1.22756,27.94424,-28.31639,-1.44118,-7.7128,2.05588,-0.27504,55.75738,-7.972726,-3.946674,0.373119,94.99683,14.770608,6.949078,906.6944,109.41034,24.28457,11.36675,299.28807,299.28807,3.589932,3.020441,10.80536,-1.95528,-1.54535,50,3.07371,0.738,-89.09092,7.86168,8.55624,14.56369,-33.72234,GEO_PAT,NA,SpuhlerFieldMain,NA,NA,20250911-SpuhlerFieldMain-BP-5,d53ec390-8f3e-11f0-b7ac-41d3680bab53,101.01987,27.93241,NA,3.06468,NA,NA,NA,1.72752,2.15498,0.28809,5ca3cb06-d13d-4029-b9e1-c81cdf6982d6,2025-09-11,18:40:47,2025-09-11T18:40:47Z,2025-09-11T18:40:47Z,LineDrive,v3,471300,NA,NA,NA,NA,Undefined,GEO_PAT,64429880-f11c-4bce-a03c-a8dfb74793ab,32.56449,-86.19363,7.28184,3.97039,1.15297,-16.86117,-1.22922,2.44017,4.27812,163.147267,1.72753,133.734,-19.98982,4.46338,-0.90591,0.16922,-0.02736,0.00319,-1.8e-4,2.15497,35.52241,-12.21661,-0.16359,0.14967,-0.04153,0.00812,-8.3e-4,3e-5,0.28809,16.30002,-5.22163,0.89395,-0.13076,0.0179,-0.00261,3.1e-4,-2e-5,NA,NA,NA,NA,NA,NA,NA,NA,NA,NA,NA,NA,NA,NA,NA,NA,NA,NA,NA,NA,NA,NA,High,Medium,Medium,High,High,NA,NA,NA,NA,NA,NA,NA,NA,NA,NA,NA,NA,NA,NA,NA,NA,NA,NA,NA,NA,NA,NA,NA,NA,NA,NA,NA,NA,NA,NA,NA,NA,NA,NA,NA,NA,NA,NA,NA,NA,NA,NA,NA,NA,NA,NA,NA,NA,NA,NA,NA,NA,NA,NA,NA
NA,NA,NA,NA,NA,NA,NA,NA,NA,NA,NA,NA,NA,NA,NA,NA,16,2025-09-11,14:41:02,NA,NA,NA,NA,Undefined,GEO_PAT,"Alberti, Lucas",1000145512,Right,GEO_PAT,Undefined,1,Bottom,0,0,0,Undefined,Changeup,Undefined,Undefined,Undefined,Undefined,0,0,NA,64.61762,0.083651,0.991209,1783.436674,178.503305,12:00:00,3.70755,-0.70497,18.60173,-22.49556,15.95678,-0.38736,1.89205,-0.03669,59.59413,-5.45485,0.899899,0.446306,27.88931,-10.669477,48.230493,NA,NA,NA,NA,10.89605,5.94907,34.020038,0.222792,0.67102,14.44473,0.84573,50,3.62514,-1.6857,-96.08146,1.76657,0.61549,17.4981,-18.92508,GEO_PAT,NA,SpuhlerFieldMain,NA,NA,20250911-SpuhlerFieldMain-BP-5,de9052b0-8f3e-11f0-b7ac-41d3680bab53,84.45426,2.33643,NA,5.02348,NA,NA,NA,3.16276,2.33643,-0.49763,5ca3cb06-d13d-4029-b9e1-c81cdf6982d6,2025-09-11,18:41:02,2025-09-11T18:41:02Z,2025-09-11T18:41:02Z,GroundBall,v3,471300,NA,NA,NA,NA,Undefined,GEO_PAT,35cb4c8b-6cc1-4f82-956b-de17ff3b514e,41.90294,-94.59535,8.74905,3.70693,0.15927,-9.46254,0.70478,-1.63343,0.30775,NA,3.16296,26.7647,-1.91393,NA,NA,NA,NA,NA,NA,2.33674,-7.59129,-13.01039,NA,NA,NA,NA,NA,NA,-0.49741,29.96735,-1.67453,NA,NA,NA,NA,NA,NA,NA,NA,NA,NA,NA,NA,NA,NA,NA,NA,NA,NA,NA,NA,NA,NA,NA,NA,NA,NA,NA,NA,High,High,High,Low,Low,NA,NA,NA,NA,NA,NA,NA,NA,NA,NA,NA,NA,NA,NA,NA,NA,NA,NA,NA,NA,NA,NA,NA,NA,NA,NA,NA,NA,NA,NA,NA,NA,NA,NA,NA,NA,NA,NA,NA,NA,NA,NA,NA,NA,NA,NA,NA,NA,NA,NA,NA,NA,NA,NA,NA
NA,NA,NA,NA,NA,NA,NA,NA,NA,NA,NA,NA,NA,NA,NA,NA,17,2025-09-11,14:41:10,NA,NA,NA,NA,Undefined,GEO_PAT,"Alberti, Lucas",1000145512,Right,GEO_PAT,Undefined,1,Bottom,0,0,0,Undefined,Changeup,Undefined,Undefined,Undefined,Undefined,0,0,NA,66.13618,0.128343,1.088593,1688.89999,157.341242,11:15:00,3.69814,-0.73291,18.64442,-22.25789,14.13961,-5.48737,1.93394,-0.42159,61.34819,-5.331795,-0.206531,0.434217,NA,NA,NA,NA,NA,NA,NA,NA,NA,NA,NA,5.17764,12.83174,0.89865,50,3.60991,-2.21312,-98.26421,1.87765,5.00916,17.10154,-19.75986,GEO_PAT,NA,SpuhlerFieldMain,NA,NA,20250911-SpuhlerFieldMain-BP-5,e338a510-8f3e-11f0-b7ac-41d3680bab53,86.80545,NA,NA,4.78799,NA,NA,NA,NA,NA,NA,5ca3cb06-d13d-4029-b9e1-c81cdf6982d6,2025-09-11,18:41:10,2025-09-11T18:41:10Z,2025-09-11T18:41:10Z,NA,v3,471300,NA,NA,NA,NA,Undefined,GEO_PAT,8575a2ab-1db4-4f1c-b415-c17aeeebe714,41.86086,-96.83734,8.55077,3.6978,0.22899,-9.87993,0.73144,-1.79518,2.50458,NA,NA,NA,NA,NA,NA,NA,NA,NA,NA,NA,NA,NA,NA,NA,NA,NA,NA,NA,NA,NA,NA,NA,NA,NA,NA,NA,NA,NA,NA,NA,NA,NA,NA,NA,NA,NA,NA,NA,NA,NA,NA,NA,NA,NA,NA,NA,NA,NA,NA,High,High,High,NA,NA,NA,NA,NA,NA,NA,NA,NA,NA,NA,NA,NA,NA,NA,NA,NA,NA,NA,NA,NA,NA,NA,NA,NA,NA,NA,NA,NA,NA,NA,NA,NA,NA,NA,NA,NA,NA,NA,NA,NA,NA,NA,NA,NA,NA,NA,NA,NA,NA,NA,NA,NA,NA,NA,NA,NA
NA,NA,NA,NA,NA,NA,NA,NA,NA,NA,NA,NA,NA,NA,NA,NA,18,2025-09-11,14:41:16,NA,NA,NA,NA,Undefined,GEO_PAT,"Alberti, Lucas",1000145512,Right,GEO_PAT,Undefined,1,Bottom,0,0,0,Undefined,Curveball,Undefined,Undefined,Undefined,Undefined,0,0,NA,58.08851,4.029302,0.31833,2459.531217,78.818665,08:45:00,3.62475,1.37791,18.80204,-48.79684,-1.62815,-14.8195,2.39652,0.36681,53.85237,-7.790506,-3.191024,0.494309,88.41165,5.956469,-30.442241,3215.171669,NA,NA,NA,83.16722,81.1079,-32.380797,0.687114,13.19867,-2.19244,-1.30226,50,2.90495,-1.29915,-86.26987,9.11887,9.7815,13.86362,-33.79886,GEO_PAT,NA,SpuhlerFieldMain,NA,NA,20250911-SpuhlerFieldMain-BP-5,e6f92f80-8f3e-11f0-b7ac-41d3680bab53,76.25282,4.2817,NA,4.23614,NA,NA,NA,3.11489,2.59723,-0.42315,5ca3cb06-d13d-4029-b9e1-c81cdf6982d6,2025-09-11,18:41:16,2025-09-11T18:41:16Z,2025-09-11T18:41:16Z,GroundBall,v3,471300,NA,NA,NA,NA,Undefined,GEO_PAT,44cd9309-fc53-40c4-b695-fd7fd701c196,41.70563,-84.92651,6.93181,3.62988,5.84379,-16.89943,-1.38222,-0.35133,4.89075,NA,3.15525,110.39468,-18.66243,NA,NA,NA,NA,NA,NA,2.65332,12.34589,-23.69681,NA,NA,NA,NA,NA,NA,-0.40506,-65.70864,2.11525,NA,NA,NA,NA,NA,NA,NA,NA,NA,NA,NA,NA,NA,NA,NA,NA,NA,NA,NA,NA,NA,NA,NA,NA,NA,NA,NA,NA,High,High,High,High,High,NA,NA,NA,NA,NA,NA,NA,NA,NA,NA,NA,NA,NA,NA,NA,NA,NA,NA,NA,NA,NA,NA,NA,NA,NA,NA,NA,NA,NA,NA,NA,NA,NA,NA,NA,NA,NA,NA,NA,NA,NA,NA,NA,NA,NA,NA,NA,NA,NA,NA,NA,NA,NA,NA,NA
NA,NA,NA,NA,NA,NA,NA,NA,NA,NA,NA,NA,NA,NA,NA,NA,19,2025-09-11,14:41:42,NA,NA,NA,NA,Undefined,GEO_PAT,"Alberti, Lucas",1000145512,Right,GEO_PAT,Undefined,1,Bottom,0,0,0,Undefined,Changeup,Undefined,Undefined,Undefined,Undefined,0,0,NA,66.88055,0.800089,1.277144,1558.226905,170.746057,11:45:00,3.71262,-0.70762,18.64785,-23.44537,12.29182,-1.83764,2.3238,0.04094,61.7585,-4.951532,0.843583,0.43026,90.16255,8.4747420000000009,3.327487,2089.110724,109.30151,10.06924,12.3704,185.99707,185.99707,8.69803,1.756742,2.0433500000000002,10.973,0.89287,50,3.52705,-2.33431,-99.428210000000007,3.13119,2.01236,18.352,-21.36743,GEO_PAT,NA,SpuhlerFieldMain,NA,NA,20250911-SpuhlerFieldMain-BP-5,f692de50-8f3e-11f0-b7ac-41d3680bab53,87.60377,10.25721,NA,5.12205,NA,NA,NA,1.67691,2.30429,-0.07866,5ca3cb06-d13d-4029-b9e1-c81cdf6982d6,2025-09-11,18:41:42,2025-09-11T18:41:42Z,2025-09-11T18:41:42Z,LineDrive,v3,471300,NA,NA,NA,NA,Undefined,GEO_PAT,24def8a3-28d5-4346-886e-2dc277f611f6,41.8577,-97.91381,9.176,3.71269,1.36796,-10.68372,0.7071,-2.16825,1.00618,231.404495,1.67691,130.57377,-20.72038,4.14492,-0.77761,0.12652,-0.01873,0.00244,-1.7e-4,2.30429,19.4884,-11.82136,-0.31679,0.26896,-0.08162,0.02089,-0.00337,2.6e-4,-0.07866,7.5917,8.01656,-2.80391,0.80736,-0.19733,0.04217,-0.00671,5.5e-4,NA,NA,NA,NA,NA,NA,NA,NA,NA,NA,NA,NA,NA,NA,NA,NA,NA,NA,NA,NA,NA,NA,High,High,High,High,High,NA,NA,NA,NA,NA,NA,NA,NA,NA,NA,NA,NA,NA,NA,NA,NA,NA,NA,NA,NA,NA,NA,NA,NA,NA,NA,NA,NA,NA,NA,NA,NA,NA,NA,NA,NA,NA,NA,NA,NA,NA,NA,NA,NA,NA,NA,NA,NA,NA,NA,NA,NA,NA,NA,NA
NA,NA,NA,NA,NA,NA,NA,NA,NA,NA,NA,NA,NA,NA,NA,NA,20,2025-09-11,14:41:53,NA,NA,NA,NA,Undefined,GEO_PAT,"Alberti, Lucas",1000145512,Right,GEO_PAT,Undefined,1,Bottom,0,0,0,Undefined,Changeup,Undefined,Undefined,Undefined,Undefined,0,0,NA,66.45496,0.915208,1.650464,1559.379042,161.041969,11:15:00,3.71762,-0.73125,18.60205,-21.58978,14.87461,-4.73559,2.56558,0.04082,61.02135,-4.4145200000000004,0.534773,0.434616,NA,NA,NA,NA,NA,NA,NA,NA,NA,NA,NA,4.73618,13.17961,0.97359,50,3.52076,-3.13966,-98.81959,3.17953,4.5802,18.97973,-19.42846,GEO_PAT,NA,SpuhlerFieldMain,NA,NA,20250911-SpuhlerFieldMain-BP-5,fd0123a0-8f3e-11f0-b7ac-41d3680bab53,86.72582,NA,NA,5.43361,NA,NA,NA,NA,NA,NA,5ca3cb06-d13d-4029-b9e1-c81cdf6982d6,2025-09-11,18:41:53,2025-09-11T18:41:53Z,2025-09-11T18:41:53Z,NA,v3,471300,NA,NA,NA,NA,Undefined,GEO_PAT,a1ca2ac8-8c17-4ae3-9349-01cb3a1bd973,41.90283,-97.25197,9.48986,3.71711,1.57486,-9.71423,0.7299,-2.76137,2.2901,NA,NA,NA,NA,NA,NA,NA,NA,NA,NA,NA,NA,NA,NA,NA,NA,NA,NA,NA,NA,NA,NA,NA,NA,NA,NA,NA,NA,NA,NA,NA,NA,NA,NA,NA,NA,NA,NA,NA,NA,NA,NA,NA,NA,NA,NA,NA,NA,NA,NA,High,High,High,NA,NA,NA,NA,NA,NA,NA,NA,NA,NA,NA,NA,NA,NA,NA,NA,NA,NA,NA,NA,NA,NA,NA,NA,NA,NA,NA,NA,NA,NA,NA,NA,NA,NA,NA,NA,NA,NA,NA,NA,NA,NA,NA,NA,NA,NA,NA,NA,NA,NA,NA,NA,NA,NA,NA,NA,NA
NA,NA,NA,NA,NA,NA,NA,NA,NA,NA,NA,NA,NA,NA,NA,NA,21,2025-09-11,14:41:59,NA,NA,NA,NA,Undefined,GEO_PAT,"Alberti, Lucas",1000145512,Right,GEO_PAT,Undefined,1,Bottom,0,0,0,Undefined,Changeup,Undefined,Undefined,Undefined,Undefined,0,0,NA,65.14411,2.381692,1.522842,1583.542223,171.064628,11:45:00,3.70783,-0.70439,18.62017,-23.81167,13.74824,-2.00795,3.40748,0.20425,60.35488,-3.45611,1.049851,0.441097,NA,NA,NA,NA,NA,NA,NA,NA,NA,NA,NA,2.21272,11.78745,0.92381,50,3.29599,-2.69057,-96.62469,5.76018,2.07732,16.03599,-21.10789,GEO_PAT,NA,SpuhlerFieldMain,NA,NA,20250911-SpuhlerFieldMain-BP-5,009cc0f0-8f3f-11f0-b7ac-41d3680bab53,85.45166,NA,NA,4.78922,NA,NA,NA,NA,NA,NA,5ca3cb06-d13d-4029-b9e1-c81cdf6982d6,2025-09-11,18:41:59,2025-09-11T18:41:59Z,2025-09-11T18:41:59Z,NA,v3,471300,NA,NA,NA,NA,Undefined,GEO_PAT,72ed2b8a-a9c0-407e-b6ff-8995cc37faa2,41.88427,-95.26827,8.01799,3.70771,3.97475,-10.55394,0.70366,-2.51486,1.03866,NA,NA,NA,NA,NA,NA,NA,NA,NA,NA,NA,NA,NA,NA,NA,NA,NA,NA,NA,NA,NA,NA,NA,NA,NA,NA,NA,NA,NA,NA,NA,NA,NA,NA,NA,NA,NA,NA,NA,NA,NA,NA,NA,NA,NA,NA,NA,NA,NA,NA,High,High,High,NA,NA,NA,NA,NA,NA,NA,NA,NA,NA,NA,NA,NA,NA,NA,NA,NA,NA,NA,NA,NA,NA,NA,NA,NA,NA,NA,NA,NA,NA,NA,NA,NA,NA,NA,NA,NA,NA,NA,NA,NA,NA,NA,NA,NA,NA,NA,NA,NA,NA,NA,NA,NA,NA,NA,NA,NA
NA,NA,NA,NA,NA,NA,NA,NA,NA,NA,NA,NA,NA,NA,NA,NA,22,2025-09-11,14:42:05,NA,NA,NA,NA,Undefined,GEO_PAT,"Alberti, Lucas",1000145512,Right,GEO_PAT,Undefined,1,Bottom,0,0,0,Undefined,Changeup,Undefined,Undefined,Undefined,Undefined,0,0,NA,64.87269,1.338818,1.040282,1724.55871,176.227844,11:45:00,3.7089,-0.68738,18.6783,-23.12415,14.73107,-0.90264,2.72658,-0.02874,59.98024,-4.353026,0.827198,0.442827,NA,NA,NA,NA,NA,NA,NA,NA,NA,NA,NA,1.12602,12.99993,0.83756,50,3.44429,-1.80614,-96.38654,3.95209,1.04558,16.79201,-20.10279,GEO_PAT,NA,SpuhlerFieldMain,NA,NA,20250911-SpuhlerFieldMain-BP-5,03fd2a00-8f3f-11f0-b7ac-41d3680bab53,85.11773,NA,NA,4.89245,NA,NA,NA,NA,NA,NA,5ca3cb06-d13d-4029-b9e1-c81cdf6982d6,2025-09-11,18:42:05,2025-09-11T18:42:05Z,2025-09-11T18:42:05Z,NA,v3,471300,NA,NA,NA,NA,Undefined,GEO_PAT,52fea50d-130d-4c94-a3f5-7c605d1236d9,41.82666,-94.95194,8.396,3.70857,2.23464,-10.05139,0.68707,-1.71681,0.52279,NA,NA,NA,NA,NA,NA,NA,NA,NA,NA,NA,NA,NA,NA,NA,NA,NA,NA,NA,NA,NA,NA,NA,NA,NA,NA,NA,NA,NA,NA,NA,NA,NA,NA,NA,NA,NA,NA,NA,NA,NA,NA,NA,NA,NA,NA,NA,NA,NA,NA,High,High,High,NA,NA,NA,NA,NA,NA,NA,NA,NA,NA,NA,NA,NA,NA,NA,NA,NA,NA,NA,NA,NA,NA,NA,NA,NA,NA,NA,NA,NA,NA,NA,NA,NA,NA,NA,NA,NA,NA,NA,NA,NA,NA,NA,NA,NA,NA,NA,NA,NA,NA,NA,NA,NA,NA,NA,NA,NA
NA,NA,NA,NA,NA,NA,NA,NA,NA,NA,NA,NA,NA,NA,NA,NA,23,2025-09-11,14:48:05,NA,NA,NA,NA,Undefined,GEO_PAT,"Alberti, Lucas",1000145512,Right,GEO_PAT,Undefined,1,Bottom,0,0,0,Undefined,Changeup,Undefined,Undefined,Undefined,Undefined,0,0,NA,66.39867,0.880276,1.450834,1638.75539,174.724663,11:45:00,3.72266,-0.72045,18.57909,-22.84919,13.30627,-1.14087,2.44126,0.21058,61.68477,-4.706898,1.182188,0.432771,14.05182,-16.251851,50.692493,NA,NA,NA,NA,7.14086,4.02371,29.422022,0.293497,1.44193,11.82851,0.92721,50,3.52865,-2.5696,-98.58962,3.20128,1.4088,16.7486,-20.6174,GEO_PAT,NA,SpuhlerFieldMain,NA,NA,20250911-SpuhlerFieldMain-BP-5,daa910f0-8f3f-11f0-b7ac-41d3680bab53,87.09553,3.01446,NA,4.71389,NA,NA,NA,2.54263,3.01446,-1.00776,5ca3cb06-d13d-4029-b9e1-c81cdf6982d6,2025-09-11,18:48:05,2025-09-11T18:48:05Z,2025-09-11T18:48:05Z,GroundBall,v3,471300,NA,NA,NA,NA,Undefined,GEO_PAT,583bfc50-5c01-49a6-9d81-0c22f104aa5a,41.92667,-97.20843,8.3743,3.72254,1.50105,-10.3087,0.7201,-2.45342,0.7044,NA,2.54287,12.52348,0.01324,NA,NA,NA,NA,NA,NA,3.01472,-5.77881,-15.3117,NA,NA,NA,NA,NA,NA,-1.00736,15.29165,0.31043,NA,NA,NA,NA,NA,NA,NA,NA,NA,NA,NA,NA,NA,NA,NA,NA,NA,NA,NA,NA,NA,NA,NA,NA,NA,NA,NA,NA,High,Medium,Medium,Low,Low,NA,NA,NA,NA,NA,NA,NA,NA,NA,NA,NA,NA,NA,NA,NA,NA,NA,NA,NA,NA,NA,NA,NA,NA,NA,NA,NA,NA,NA,NA,NA,NA,NA,NA,NA,NA,NA,NA,NA,NA,NA,NA,NA,NA,NA,NA,NA,NA,NA,NA,NA,NA,NA,NA,NA
NA,NA,NA,NA,NA,NA,NA,NA,NA,NA,NA,NA,NA,NA,NA,NA,24,2025-09-11,14:48:17,NA,NA,NA,NA,Undefined,GEO_PAT,"Alberti, Lucas",1000145512,Right,GEO_PAT,Undefined,1,Bottom,0,0,0,Undefined,Curveball,Undefined,Undefined,Undefined,Undefined,0,0,NA,57.53627,4.106334,0.144067,2268.142935,76.824421,08:30:00,3.64346,1.38289,18.63269,-50.29668,-1.7365,-13.21914,2.35682,0.38302,53.28629,-8.027843,-2.972358,0.501547,97.88504,12.145227,-35.808176,2880.026784,85.30966,10.34239,-69.44244,165.16237,157.768,-41.29321,1.391269,11.6606,-2.34543,-1.33733,50,2.92718,-0.919,-85.42489,9.14871,8.46094,13.74876,-33.87591,GEO_PAT,NA,SpuhlerFieldMain,NA,NA,20250911-SpuhlerFieldMain-BP-5,e1f11470-8f3f-11f0-b7ac-41d3680bab53,75.15237,11.51188,NA,4.24998,NA,NA,NA,2.15754,2.48728,-0.43779,5ca3cb06-d13d-4029-b9e1-c81cdf6982d6,2025-09-11,18:48:17,2025-09-11T18:48:17Z,2025-09-11T18:48:17Z,LineDrive,v3,471300,NA,NA,NA,NA,Undefined,GEO_PAT,e72aba26-2cb6-4621-ac1d-8cae8c5d2d4f,41.87485,-84.10702,6.87438,3.64849,5.90157,-16.93796,-1.38655,-0.10799,4.23047,NA,2.15754,113.82221,-23.00083,3.94024,-0.9259,0.36791,-0.26136,0.12887,-0.02599,2.48728,30.20469,-27.62428,4.42109,-1.12056,0.40929,-0.22276,0.10044,-0.01987,-0.43779,-82.11569,1.10878,1.9846,-0.75079,0.33408,-0.18238,0.08152,-0.01632,NA,NA,NA,NA,NA,NA,NA,NA,NA,NA,NA,NA,NA,NA,NA,NA,NA,NA,NA,NA,NA,NA,High,High,High,Medium,High,NA,NA,NA,NA,NA,NA,NA,NA,NA,NA,NA,NA,NA,NA,NA,NA,NA,NA,NA,NA,NA,NA,NA,NA,NA,NA,NA,NA,NA,NA,NA,NA,NA,NA,NA,NA,NA,NA,NA,NA,NA,NA,NA,NA,NA,NA,NA,NA,NA,NA,NA,NA,NA,NA,NA
NA,NA,NA,NA,NA,NA,NA,NA,NA,NA,NA,NA,NA,NA,NA,NA,25,2025-09-11,14:48:25,NA,NA,NA,NA,Undefined,GEO_PAT,"Alberti, Lucas",1000145512,Right,GEO_PAT,Undefined,1,Bottom,0,0,0,Undefined,Changeup,Undefined,Undefined,Undefined,Undefined,0,0,NA,66.17068,0.433845,1.539527,1746.77559,168.177097,11:30:00,3.71875,-0.70777,18.63367,-24.3421,11.98772,-2.3065,1.99672,0.18742,61.50088,-5.509228,0.995501,0.433814,NA,NA,NA,NA,NA,NA,NA,NA,NA,NA,NA,2.4926,10.8343,0.93071,50,3.58308,-2.78538,-98.25809,2.53364,2.41762,16.716919999999998,-21.66572,GEO_PAT,NA,SpuhlerFieldMain,NA,NA,20250911-SpuhlerFieldMain-BP-5,e64ec940-8f3f-11f0-b7ac-41d3680bab53,86.88625,NA,NA,4.6698,NA,NA,NA,NA,NA,NA,5ca3cb06-d13d-4029-b9e1-c81cdf6982d6,2025-09-11,18:48:25,2025-09-11T18:48:25Z,2025-09-11T18:48:25Z,NA,v3,471300,NA,NA,NA,NA,Undefined,GEO_PAT,71a7ea5d-66b3-419f-bc85-0035a7dea079,41.87142,-96.86528,8.3584599999999991,3.71898,0.72851,-10.83286,0.70703,-2.58395,1.20881,NA,NA,NA,NA,NA,NA,NA,NA,NA,NA,NA,NA,NA,NA,NA,NA,NA,NA,NA,NA,NA,NA,NA,NA,NA,NA,NA,NA,NA,NA,NA,NA,NA,NA,NA,NA,NA,NA,NA,NA,NA,NA,NA,NA,NA,NA,NA,NA,NA,NA,High,High,High,NA,NA,NA,NA,NA,NA,NA,NA,NA,NA,NA,NA,NA,NA,NA,NA,NA,NA,NA,NA,NA,NA,NA,NA,NA,NA,NA,NA,NA,NA,NA,NA,NA,NA,NA,NA,NA,NA,NA,NA,NA,NA,NA,NA,NA,NA,NA,NA,NA,NA,NA,NA,NA,NA,NA,NA,NA
NA,NA,NA,NA,NA,NA,NA,NA,NA,NA,NA,NA,NA,NA,NA,NA,26,2025-09-11,14:48:58,NA,NA,NA,NA,Undefined,GEO_PAT,"Alberti, Lucas",1000145512,Right,GEO_PAT,Undefined,1,Bottom,0,0,0,Undefined,Curveball,Undefined,Undefined,Undefined,Undefined,0,0,NA,56.88096,0.977075,-0.99772,2370.589349,84.618379,08:45:00,4.0213,1.32261,28.12344,-28.53143,-0.06795,-7.42571,2.17195,0.16446,53.77873,-7.955951,-3.289424,0.383986,NA,NA,NA,NA,NA,NA,NA,NA,NA,NA,NA,10.70402,-0.01236,-1.4662,50,3.04945,-0.13783,-86.28672,8.03144,7.91781,14.11814,-32.1832,GEO_PAT,NA,SpuhlerFieldMain,NA,NA,20250911-SpuhlerFieldMain-BP-5,f9f10800-8f3f-11f0-b7ac-41d3680bab53,98.16096,NA,NA,3.10222,NA,NA,NA,NA,NA,NA,5ca3cb06-d13d-4029-b9e1-c81cdf6982d6,2025-09-11,18:48:58,2025-09-11T18:48:58Z,2025-09-11T18:48:58Z,NA,v3,471300,NA,NA,NA,NA,Undefined,GEO_PAT,30e81398-0fc6-4bc7-bfbc-a8c7e631c9d3,32.38505,-83.35477,7.05907,4.02336,1.34786,-16.0916,-1.32408,1.50648,3.95891,NA,NA,NA,NA,NA,NA,NA,NA,NA,NA,NA,NA,NA,NA,NA,NA,NA,NA,NA,NA,NA,NA,NA,NA,NA,NA,NA,NA,NA,NA,NA,NA,NA,NA,NA,NA,NA,NA,NA,NA,NA,NA,NA,NA,NA,NA,NA,NA,NA,NA,High,High,High,NA,NA,NA,NA,NA,NA,NA,NA,NA,NA,NA,NA,NA,NA,NA,NA,NA,NA,NA,NA,NA,NA,NA,NA,NA,NA,NA,NA,NA,NA,NA,NA,NA,NA,NA,NA,NA,NA,NA,NA,NA,NA,NA,NA,NA,NA,NA,NA,NA,NA,NA,NA,NA,NA,NA,NA,NA
NA,NA,NA,NA,NA,NA,NA,NA,NA,NA,NA,NA,NA,NA,NA,NA,27,2025-09-11,14:49:06,NA,NA,NA,NA,Undefined,GEO_PAT,"Alberti, Lucas",1000145512,Right,GEO_PAT,Undefined,1,Bottom,0,0,0,Undefined,Changeup,Undefined,Undefined,Undefined,Undefined,0,0,NA,66.66293,0.580067,1.413092,1696.504517,163.723165,11:30:00,3.6919,-0.72789,18.67306,-24.55021,11.11213,-2.97288,2.0554,0.02146,62.04653,-5.411309,0.711128,0.42981,101.19804,19.31444,-9.98548,1320.036623,108.21406,35.84112,-19.73965,353.83635,353.83635,-10.570728,3.998214,3.05016,10.02693,0.93559,50,3.53397,-2.63446,-98.9941,2.83069,3.00819,16.7102,-22.28513,GEO_PAT,NA,SpuhlerFieldMain,NA,NA,20250911-SpuhlerFieldMain-BP-5,fee1fc20-8f3f-11f0-b7ac-41d3680bab53,87.69564,49.29449,NA,4.6164,NA,NA,NA,1.71791,2.09885,-0.0847,5ca3cb06-d13d-4029-b9e1-c81cdf6982d6,2025-09-11,18:49:06,2025-09-11T18:49:06Z,2025-09-11T18:49:06Z,LineDrive,v3,471300,NA,NA,NA,NA,Undefined,GEO_PAT,ae2ce0c7-4198-44ba-a5c4-d27a9ff25626,41.83269,-97.60572,8.3551,3.69224,0.97911,-11.14257,0.72709,-2.38452,1.50409,172.058576,1.71778,137.94771,-26.02507,6.15004,-1.2696,0.23294,-0.03484,0.00339,-1.4e-4,2.09913,49.09008,-12.62036,-0.30219,0.15678,-0.01516,-0.00657,0.00256,-2.6e-4,-0.08471,-24.28937,2.8219,-0.18428,-0.0245,0.00635,1.5e-4,-1.6e-4,1e-5,NA,NA,NA,NA,NA,NA,NA,NA,NA,NA,NA,NA,NA,NA,NA,NA,NA,NA,NA,NA,NA,NA,High,High,High,High,High,NA,NA,NA,NA,NA,NA,NA,NA,NA,NA,NA,NA,NA,NA,NA,NA,NA,NA,NA,NA,NA,NA,NA,NA,NA,NA,NA,NA,NA,NA,NA,NA,NA,NA,NA,NA,NA,NA,NA,NA,NA,NA,NA,NA,NA,NA,NA,NA,NA,NA,NA,NA,NA,NA,NA
NA,NA,NA,NA,NA,NA,NA,NA,NA,NA,NA,NA,NA,NA,NA,NA,28,2025-09-11,14:49:13,NA,NA,NA,NA,Undefined,GEO_PAT,"Alberti, Lucas",1000145512,Right,GEO_PAT,Undefined,1,Bottom,0,0,0,Undefined,Curveball,Undefined,Undefined,Undefined,Undefined,0,0,NA,57.36398,1.452377,-1.387693,2170.866158,83.262841,08:45:00,4.0809,1.18643,28.27076,-27.8795,-0.32929,-7.43516,2.53931,-0.17982,54.5246,-7.305774,-3.691148,0.377775,97.53695,27.878397,-9.38281,1754.77195,108.98816,54.66052,-14.88537,375.24143,374.82727,-4.886421,4.972901,10.73426,-0.50764,-1.44745,50,2.95083,0.4035,-86.75597,8.82938,8.11644,13.03277,-32.5579,GEO_PAT,NA,SpuhlerFieldMain,NA,NA,20250911-SpuhlerFieldMain-BP-5,03424900-8f40-11f0-b7ac-41d3680bab53,99.77476,79.30099,NA,2.83938,NA,NA,NA,1.47107,2.54629,0.17631,5ca3cb06-d13d-4029-b9e1-c81cdf6982d6,2025-09-11,18:49:13,2025-09-11T18:49:13Z,2025-09-11T18:49:13Z,FlyBall,v3,471300,NA,NA,NA,NA,Undefined,GEO_PAT,a4d8ead4-1338-4a60-9dd5-9d3f5a4ce49b,32.23795,-84.04535,6.51638,4.08302,2.05783,-16.27895,-1.18798,2.09159,4.05822,195.824739,1.47142,124.75802,-22.57058,5.30625,-1.1544,0.2398,-0.04257,0.00497,-2.6e-4,2.54775,66.85049,-15.46231,0.13858,0.32167,-0.16719,0.0441,-0.00581,3e-4,0.17608,-20.61326,7.27355,-1.98933,0.45301,-0.08433,0.01193,-0.00113,5e-5,NA,NA,NA,NA,NA,NA,NA,NA,NA,NA,NA,NA,NA,NA,NA,NA,NA,NA,NA,NA,NA,NA,High,High,High,High,High,NA,NA,NA,NA,NA,NA,NA,NA,NA,NA,NA,NA,NA,NA,NA,NA,NA,NA,NA,NA,NA,NA,NA,NA,NA,NA,NA,NA,NA,NA,NA,NA,NA,NA,NA,NA,NA,NA,NA,NA,NA,NA,NA,NA,NA,NA,NA,NA,NA,NA,NA,NA,NA,NA,NA
NA,NA,NA,NA,NA,NA,NA,NA,NA,NA,NA,NA,NA,NA,NA,NA,29,2025-09-11,14:49:21,NA,NA,NA,NA,Undefined,GEO_PAT,"Alberti, Lucas",1000145512,Right,GEO_PAT,Undefined,1,Bottom,0,0,0,Undefined,Changeup,Undefined,Undefined,Undefined,Undefined,0,0,NA,64.9837,1.255805,1.128371,1687.906915,167.792135,11:30:00,3.69695,-0.71267,18.65681,-24.82828,12.86638,-2.56331,2.51451,-0.12984,60.2256,-4.826012,0.523508,0.441887,NA,NA,NA,NA,NA,NA,NA,NA,NA,NA,NA,2.59776,11.37552,0.87811,50,3.44164,-2.05724,-96.50658,3.91909,2.42551,16.41493,-21.55272,GEO_PAT,NA,SpuhlerFieldMain,NA,NA,20250911-SpuhlerFieldMain-BP-5,07d76180-8f40-11f0-b7ac-41d3680bab53,85.29878,NA,NA,4.7581,NA,NA,NA,NA,NA,NA,5ca3cb06-d13d-4029-b9e1-c81cdf6982d6,2025-09-11,18:49:21,2025-09-11T18:49:21Z,2025-09-11T18:49:21Z,NA,v3,471300,NA,NA,NA,NA,Undefined,GEO_PAT,6bb85de0-75af-4f9c-83d6-27de073ac4a1,41.84776,-95.10985,8.20747,3.69709,2.08519,-10.77636,0.71184,-1.85085,1.21276,NA,NA,NA,NA,NA,NA,NA,NA,NA,NA,NA,NA,NA,NA,NA,NA,NA,NA,NA,NA,NA,NA,NA,NA,NA,NA,NA,NA,NA,NA,NA,NA,NA,NA,NA,NA,NA,NA,NA,NA,NA,NA,NA,NA,NA,NA,NA,NA,NA,NA,High,High,High,NA,NA,NA,NA,NA,NA,NA,NA,NA,NA,NA,NA,NA,NA,NA,NA,NA,NA,NA,NA,NA,NA,NA,NA,NA,NA,NA,NA,NA,NA,NA,NA,NA,NA,NA,NA,NA,NA,NA,NA,NA,NA,NA,NA,NA,NA,NA,NA,NA,NA,NA,NA,NA,NA,NA,NA,NA
NA,NA,NA,NA,NA,NA,NA,NA,NA,NA,NA,NA,NA,NA,NA,NA,30,2025-09-11,14:49:45,NA,NA,NA,NA,Undefined,GEO_PAT,"Alberti, Lucas",1000145512,Right,GEO_PAT,Undefined,1,Bottom,0,0,0,Undefined,Changeup,Undefined,Undefined,Undefined,Undefined,0,0,NA,65.25696,1.783517,1.170251,1714.861499,167.985455,11:30:00,3.71966,-0.71316,18.64349,-22.73119,14.28733,-2.85634,3.08519,-0.1249,61.03504,-3.773105,0.49669,0.437906,19.33606,-8.593216,1.42928,NA,NA,NA,NA,23.48046,8.54032,2.582692,0.701382,2.83717,12.51709,0.8855,50,3.3938,-2.15893,-96.74439,4.70357,2.7005,14.4832,-20.25986,GEO_PAT,NA,SpuhlerFieldMain,NA,NA,20250911-SpuhlerFieldMain-BP-5,16400a60-8f40-11f0-b7ac-41d3680bab53,86.07423,3.14118,NA,4.22192,NA,NA,NA,2.67633,3.14118,0.53957,5ca3cb06-d13d-4029-b9e1-c81cdf6982d6,2025-09-11,18:49:45,2025-09-11T18:49:45Z,2025-09-11T18:49:45Z,GroundBall,v3,471300,NA,NA,NA,NA,Undefined,GEO_PAT,03d8158a-864f-456a-84fc-409bcd42179e,41.86229,-95.51836,7.2416,3.71937,2.98853,-10.12993,0.71242,-1.93033,1.35025,180,2.49628,29.62763,NA,NA,NA,NA,NA,NA,NA,3.1684,-4.47856,NA,NA,NA,NA,NA,NA,NA,0.53508,0.73923,NA,NA,NA,NA,NA,NA,NA,NA,NA,NA,NA,NA,NA,NA,NA,NA,NA,NA,NA,NA,NA,NA,NA,NA,NA,NA,NA,NA,NA,High,High,High,Low,Low,NA,NA,NA,NA,NA,NA,NA,NA,NA,NA,NA,NA,NA,NA,NA,NA,NA,NA,NA,NA,NA,NA,NA,NA,NA,NA,NA,NA,NA,NA,NA,NA,NA,NA,NA,NA,NA,NA,NA,NA,NA,NA,NA,NA,NA,NA,NA,NA,NA,NA,NA,NA,NA,NA,NA
NA,NA,NA,NA,NA,NA,NA,NA,NA,NA,NA,NA,NA,NA,NA,NA,31,2025-09-11,14:49:52,NA,NA,NA,NA,Undefined,GEO_PAT,"Alberti, Lucas",1000145512,Right,GEO_PAT,Undefined,1,Bottom,0,0,0,Undefined,Changeup,Undefined,Undefined,Undefined,Undefined,0,0,NA,64.96832,1.423962,1.311628,1708.900555,173.98494,11:45:00,3.70988,-0.71191,18.62436,-25.11694,12.62099,-1.22429,2.62303,0.11265,60.2728,-4.718116,1.023029,0.442141,NA,NA,NA,NA,NA,NA,NA,NA,NA,NA,NA,1.47697,11.09257,0.90019,50,3.4314,-2.2843,-96.46412,4.2118,1.37954,16.22793,-21.81313,GEO_PAT,NA,SpuhlerFieldMain,NA,NA,20250911-SpuhlerFieldMain-BP-5,1a55b9b0-8f40-11f0-b7ac-41d3680bab53,85.24987,NA,NA,4.69551,NA,NA,NA,NA,NA,NA,5ca3cb06-d13d-4029-b9e1-c81cdf6982d6,2025-09-11,18:49:52,2025-09-11T18:49:52Z,2025-09-11T18:49:52Z,NA,v3,471300,NA,NA,NA,NA,Undefined,GEO_PAT,6f68293c-2ef2-404a-8332-62714b456a63,41.88086,-95.08844,8.11397,3.71007,2.36266,-10.90657,0.7115,-2.16736,0.68977,NA,NA,NA,NA,NA,NA,NA,NA,NA,NA,NA,NA,NA,NA,NA,NA,NA,NA,NA,NA,NA,NA,NA,NA,NA,NA,NA,NA,NA,NA,NA,NA,NA,NA,NA,NA,NA,NA,NA,NA,NA,NA,NA,NA,NA,NA,NA,NA,NA,NA,High,Medium,Medium,NA,NA,NA,NA,NA,NA,NA,NA,NA,NA,NA,NA,NA,NA,NA,NA,NA,NA,NA,NA,NA,NA,NA,NA,NA,NA,NA,NA,NA,NA,NA,NA,NA,NA,NA,NA,NA,NA,NA,NA,NA,NA,NA,NA,NA,NA,NA,NA,NA,NA,NA,NA,NA,NA,NA,NA,NA
NA,NA,NA,NA,NA,NA,NA,NA,NA,NA,NA,NA,NA,NA,NA,NA,32,2025-09-11,14:50:05,NA,NA,NA,NA,Undefined,GEO_PAT,"Alberti, Lucas",1000145512,Right,GEO_PAT,Undefined,1,Bottom,0,0,0,Undefined,Changeup,Undefined,Undefined,Undefined,Undefined,0,0,NA,65.22865,0.212595,0.889497,1707.070101,180.502969,12:00:00,3.70934,-0.69733,18.55419,-21.99899,15.47017,0.12717,2.02653,-0.05733,60.68843,-5.172094,0.919439,0.440563,NA,NA,NA,NA,NA,NA,NA,NA,NA,NA,NA,0.15087,13.92729,0.82198,50,3.61078,-1.49576,-96.83946,1.96673,0.14243,15.95067,-19.02614,GEO_PAT,NA,SpuhlerFieldMain,NA,NA,20250911-SpuhlerFieldMain-BP-5,21e28e60-8f40-11f0-b7ac-41d3680bab53,85.55508,NA,NA,4.54022,NA,NA,NA,NA,NA,NA,5ca3cb06-d13d-4029-b9e1-c81cdf6982d6,2025-09-11,18:50:05,2025-09-11T18:50:05Z,2025-09-11T18:50:05Z,NA,v3,471300,NA,NA,NA,NA,Undefined,GEO_PAT,0e27dd7f-1c56-4e7b-bc39-fdd1d2f3eae9,41.95064,-95.50442,7.97533,3.70875,0.37429,-9.51307,0.69728,-1.48384,0.07121,NA,NA,NA,NA,NA,NA,NA,NA,NA,NA,NA,NA,NA,NA,NA,NA,NA,NA,NA,NA,NA,NA,NA,NA,NA,NA,NA,NA,NA,NA,NA,NA,NA,NA,NA,NA,NA,NA,NA,NA,NA,NA,NA,NA,NA,NA,NA,NA,NA,NA,High,High,High,NA,NA,NA,NA,NA,NA,NA,NA,NA,NA,NA,NA,NA,NA,NA,NA,NA,NA,NA,NA,NA,NA,NA,NA,NA,NA,NA,NA,NA,NA,NA,NA,NA,NA,NA,NA,NA,NA,NA,NA,NA,NA,NA,NA,NA,NA,NA,NA,NA,NA,NA,NA,NA,NA,NA,NA,NA
NA,NA,NA,NA,NA,NA,NA,NA,NA,NA,NA,NA,NA,NA,NA,NA,33,2025-09-11,14:50:12,NA,NA,NA,NA,Undefined,GEO_PAT,"Alberti, Lucas",1000145512,Right,GEO_PAT,Undefined,1,Bottom,0,0,0,Undefined,Curveball,Undefined,Undefined,Undefined,Undefined,0,0,NA,57.07733,1.634232,-0.819705,2184.329072,73.295979,08:30:00,4.06166,1.27083,28.55773,-29.53718,-1.97193,-8.68245,2.47151,0.11041,53.77766,-7.74936,-3.536955,0.377879,88.84426,29.743719,-32.973486,1863.989597,91.42872,54.66944,-61.16131,310.57482,309.39277,-37.687607,4.443048,12.94154,-3.15421,-1.32469,50,2.80378,-0.77379,-86.81534,9.60661,9.62781,15.00986,-34.5206,GEO_PAT,NA,SpuhlerFieldMain,NA,NA,20250911-SpuhlerFieldMain-BP-5,2617fab0-8f40-11f0-b7ac-41d3680bab53,99.74741,68.01682,NA,3.29967,NA,NA,NA,2.74866,2.74366,-0.06136,5ca3cb06-d13d-4029-b9e1-c81cdf6982d6,2025-09-11,18:50:12,2025-09-11T18:50:12Z,2025-09-11T18:50:12Z,FlyBall,v3,471300,NA,NA,NA,NA,Undefined,GEO_PAT,552e9201-21f0-4659-9af9-fd1e1f2c471e,31.9511,-83.63659,7.50493,4.06413,2.29594,-17.2603,-1.27265,1.26516,4.8139,NA,2.74778,94.9352,-19.18519,4.71108,-1.18281,0.30483,-0.06372,0.00807,-4.3e-4,2.74498,64.6158,-17.7816,0.96301,0.06279,-0.10088,0.03075,-0.00413,2.1e-4,-0.06092,-61.58623,8.89303,-2.15647,0.54445,-0.14345,0.03065,-0.00394,2.1e-4,NA,NA,NA,NA,NA,NA,NA,NA,NA,NA,NA,NA,NA,NA,NA,NA,NA,NA,NA,NA,NA,NA,High,High,High,Medium,Medium,NA,NA,NA,NA,NA,NA,NA,NA,NA,NA,NA,NA,NA,NA,NA,NA,NA,NA,NA,NA,NA,NA,NA,NA,NA,NA,NA,NA,NA,NA,NA,NA,NA,NA,NA,NA,NA,NA,NA,NA,NA,NA,NA,NA,NA,NA,NA,NA,NA,NA,NA,NA,NA,NA,NA
NA,NA,NA,NA,NA,NA,NA,NA,NA,NA,NA,NA,NA,NA,NA,NA,34,2025-09-11,14:50:30,NA,NA,NA,NA,Undefined,GEO_PAT,"Alberti, Lucas",1000145512,Right,GEO_PAT,Undefined,1,Bottom,0,0,0,Undefined,Curveball,Undefined,Undefined,Undefined,Undefined,0,0,NA,59.18181,1.178775,-1.219846,2674.261271,77.848336,08:30:00,3.98217,1.18627,28.01416,-27.78383,-1.53563,-9.45292,2.30648,-0.26325,56.41847,-7.46081,-4.124872,0.368741,74.57887,33.550534,35.384687,4886.303561,80.49843,50.54391,74.96662,234.27272,206.92721,50.072067,3.694586,13.61926,-2.22642,-1.35232,50,2.97412,-0.26533,-89.3991,8.45858,10.97896,13.35783,-33.96886,GEO_PAT,NA,SpuhlerFieldMain,NA,NA,20250911-SpuhlerFieldMain-BP-5,30cb63c0-8f40-11f0-b7ac-41d3680bab53,102.21928,51.70879,NA,2.76334,NA,NA,NA,1.20149,2.31356,0.39929,5ca3cb06-d13d-4029-b9e1-c81cdf6982d6,2025-09-11,18:50:30,2025-09-11T18:50:30Z,2025-09-11T18:50:30Z,FlyBall,v3,471300,NA,NA,NA,NA,Undefined,GEO_PAT,8eaff249-649f-4774-9a30-93ee54e67706,32.4951,-86.74413,6.67891,3.98436,1.70701,-16.98443,-1.1882,1.91682,5.48948,NA,1.20061,74.35104,-19.24348,5.66821,-1.85802,0.69424,-0.21435,0.03852,-0.0028,2.31452,60.42212,-20.4341,1.02651,0.38455,-0.31357,0.1041,-0.016,9.1e-4,0.39948,52.78221,0.01902,-1.12495,0.47877,-0.1277,0.02056,-0.00114,-6e-5,NA,NA,NA,NA,NA,NA,NA,NA,NA,NA,NA,NA,NA,NA,NA,NA,NA,NA,NA,NA,NA,NA,High,High,High,High,High,NA,NA,NA,NA,NA,NA,NA,NA,NA,NA,NA,NA,NA,NA,NA,NA,NA,NA,NA,NA,NA,NA,NA,NA,NA,NA,NA,NA,NA,NA,NA,NA,NA,NA,NA,NA,NA,NA,NA,NA,NA,NA,NA,NA,NA,NA,NA,NA,NA,NA,NA,NA,NA,NA,NA
NA,NA,NA,NA,NA,NA,NA,NA,NA,NA,NA,NA,NA,NA,NA,NA,35,2025-09-11,14:50:48,NA,NA,NA,NA,Undefined,GEO_PAT,"Alberti, Lucas",1000145512,Right,GEO_PAT,Undefined,1,Bottom,0,0,0,Undefined,Curveball,Undefined,Undefined,Undefined,Undefined,0,0,NA,59.03741,1.360652,-1.128693,2504.520848,73.036836,08:30:00,4.07379,1.22747,28.49481,-28.306,-2.52795,-10.11501,2.44188,-0.21829,55.84188,-7.596001,-4.286569,0.365423,NA,NA,NA,NA,NA,NA,NA,NA,NA,NA,NA,14.96379,-3.87099,-1.34577,50,2.94073,-0.65067,-89.64961,9.16188,11.94238,15.29949,-35.26343,GEO_PAT,NA,SpuhlerFieldMain,NA,NA,20250911-SpuhlerFieldMain-BP-5,3b8dc0f0-8f40-11f0-b7ac-41d3680bab53,103.1473,NA,NA,3.19553,NA,NA,NA,NA,NA,NA,5ca3cb06-d13d-4029-b9e1-c81cdf6982d6,2025-09-11,18:50:48,2025-09-11T18:50:48Z,2025-09-11T18:50:48Z,NA,v3,471300,NA,NA,NA,NA,Undefined,GEO_PAT,7a942469-6a3a-48be-83df-15df4ea191aa,32.01436,-86.52578,7.64974,4.07634,1.96184,-17.631710000000002,-1.22969,1.78771,5.97119,NA,NA,NA,NA,NA,NA,NA,NA,NA,NA,NA,NA,NA,NA,NA,NA,NA,NA,NA,NA,NA,NA,NA,NA,NA,NA,NA,NA,NA,NA,NA,NA,NA,NA,NA,NA,NA,NA,NA,NA,NA,NA,NA,NA,NA,NA,NA,NA,NA,NA,High,High,High,NA,NA,NA,NA,NA,NA,NA,NA,NA,NA,NA,NA,NA,NA,NA,NA,NA,NA,NA,NA,NA,NA,NA,NA,NA,NA,NA,NA,NA,NA,NA,NA,NA,NA,NA,NA,NA,NA,NA,NA,NA,NA,NA,NA,NA,NA,NA,NA,NA,NA,NA,NA,NA,NA,NA,NA,NA
NA,NA,NA,NA,NA,NA,NA,NA,NA,NA,NA,NA,NA,NA,NA,NA,36,2025-09-11,14:51:03,NA,NA,NA,NA,Undefined,GEO_PAT,"Alberti, Lucas",1000145512,Right,GEO_PAT,Undefined,1,Bottom,0,0,0,Undefined,Curveball,Undefined,Undefined,Undefined,Undefined,0,0,NA,57.0895,0.318542,-1.352606,2329.649392,99.897737,09:15:00,3.93775,1.24343,27.43735,-27.50151,2.10902,-8.16508,1.822,-0.18444,53.87944,-8.113982,-3.817034,0.391647,90.98768,34.057841,-22.328689,3175.552009,102.80335,69.31529,-39.13394,336.24854,336.02751,-19.104259,5.424955,11.17343,3.30878,-1.4857,50,3.27073,0.38488,-86.52415,6.31746,8.29053,14.46185,-29.71899,GEO_PAT,NA,SpuhlerFieldMain,NA,NA,20250911-SpuhlerFieldMain-BP-5,44c0f2a0-8f40-11f0-b7ac-41d3680bab53,96.24088,95.97658,NA,3.21006,NA,NA,NA,2.88285,2.08653,0.05548,5ca3cb06-d13d-4029-b9e1-c81cdf6982d6,2025-09-11,18:51:03,2025-09-11T18:51:03Z,2025-09-11T18:51:03Z,FlyBall,v3,471300,NA,NA,NA,NA,Undefined,GEO_PAT,676c329e-b282-43b7-9008-793ebd869eb9,33.07075,-83.64671,7.23093,3.93944,0.40434,-14.8595,-1.24502,2.03443,4.14527,186.530258,2.88663,102.19944,-20.12916,4.59956,-0.79154,0.10187,-0.01082,0.00102,-5e-5,2.08522,74.74826,-16.08538,0.39074,0.18083,-0.11555,0.03162,-0.00412,2.1e-4,0.05363,-41.96936,9.95347,-2.29954,0.40182,-0.05291,0.00569,-5.2e-4,3e-5,NA,NA,NA,NA,NA,NA,NA,NA,NA,NA,NA,NA,NA,NA,NA,NA,NA,NA,NA,NA,NA,NA,High,High,High,High,High,NA,NA,NA,NA,NA,NA,NA,NA,NA,NA,NA,NA,NA,NA,NA,NA,NA,NA,NA,NA,NA,NA,NA,NA,NA,NA,NA,NA,NA,NA,NA,NA,NA,NA,NA,NA,NA,NA,NA,NA,NA,NA,NA,NA,NA,NA,NA,NA,NA,NA,NA,NA,NA,NA,NA
NA,NA,NA,NA,NA,NA,NA,NA,NA,NA,NA,NA,NA,NA,NA,NA,37,2025-09-11,14:51:24,NA,NA,NA,NA,Undefined,GEO_PAT,"Alberti, Lucas",1000145512,Right,GEO_PAT,Undefined,1,Bottom,0,0,0,Undefined,Changeup,Undefined,Undefined,Undefined,Undefined,0,0,NA,64.33521,0.790703,0.880816,1758.643429,174.283898,11:45:00,3.71262,-0.72331,18.76009,-21.94285,16.34847,-1.53099,2.44076,-0.2308,59.55878,-4.631014,0.518594,0.445371,22.98389,-30.218331,32.593714,NA,NA,NA,NA,7.21449,3.17323,22.535491,0.148724,1.63059,14.66536,0.85332,50,3.52547,-1.56488,-95.6045,2.95876,1.49118,16.38139,-18.76264,GEO_PAT,NA,SpuhlerFieldMain,NA,NA,20250911-SpuhlerFieldMain-BP-5,51790550-8f40-11f0-b7ac-41d3680bab53,84.63162,2.61187,NA,4.77643,NA,NA,NA,2.88534,2.61187,0.34927,5ca3cb06-d13d-4029-b9e1-c81cdf6982d6,2025-09-11,18:51:24,2025-09-11T18:51:24Z,2025-09-11T18:51:24Z,GroundBall,v3,471300,NA,NA,NA,NA,Undefined,GEO_PAT,243d4267-711f-4835-ba75-66707930bdc9,41.74455,-94.17934,8.1907,3.71187,1.32644,-9.38132,0.72282,-1.43515,0.74559,NA,2.86468,25.40454,NA,NA,NA,NA,NA,NA,NA,2.62615,-17.56259,NA,NA,NA,NA,NA,NA,NA,0.33607,16.24296,NA,NA,NA,NA,NA,NA,NA,NA,NA,NA,NA,NA,NA,NA,NA,NA,NA,NA,NA,NA,NA,NA,NA,NA,NA,NA,NA,NA,NA,High,High,High,Low,Low,NA,NA,NA,NA,NA,NA,NA,NA,NA,NA,NA,NA,NA,NA,NA,NA,NA,NA,NA,NA,NA,NA,NA,NA,NA,NA,NA,NA,NA,NA,NA,NA,NA,NA,NA,NA,NA,NA,NA,NA,NA,NA,NA,NA,NA,NA,NA,NA,NA,NA,NA,NA,NA,NA,NA
NA,NA,NA,NA,NA,NA,NA,NA,NA,NA,NA,NA,NA,NA,NA,NA,38,2025-09-11,14:51:47,NA,NA,NA,NA,Undefined,GEO_PAT,"Alberti, Lucas",1000145512,Right,GEO_PAT,Undefined,1,Bottom,0,0,0,Undefined,Curveball,Undefined,Undefined,Undefined,Undefined,0,0,NA,60.04144,3.563165,-0.239065,2373.232104,74.302045,08:30:00,3.67242,1.40239,18.72109,-47.78408,-2.65736,-14.85442,2.20437,-0.00393,54.71648,-8.041048,-3.753593,0.483491,NA,NA,NA,NA,NA,NA,NA,NA,NA,NA,NA,12.8078,-2.97528,-1.41398,50,3.04254,-0.39822,-89.42077,8.47065,9.95086,17.74674,-34.48565,GEO_PAT,NA,SpuhlerFieldMain,NA,NA,20250911-SpuhlerFieldMain-BP-5,5ee88120-8f40-11f0-b7ac-41d3680bab53,77.95897,NA,NA,5.32496,NA,NA,NA,NA,NA,NA,5ca3cb06-d13d-4029-b9e1-c81cdf6982d6,2025-09-11,18:51:47,2025-09-11T18:51:47Z,2025-09-11T18:51:47Z,NA,v3,471300,NA,NA,NA,NA,Undefined,GEO_PAT,c2b83235-bf73-45c2-a9c5-37ec2e63a665,41.78449,-87.77515,8.87337,3.67975,5.27286,-17.24283,-1.40813,0.52451,4.97543,NA,NA,NA,NA,NA,NA,NA,NA,NA,NA,NA,NA,NA,NA,NA,NA,NA,NA,NA,NA,NA,NA,NA,NA,NA,NA,NA,NA,NA,NA,NA,NA,NA,NA,NA,NA,NA,NA,NA,NA,NA,NA,NA,NA,NA,NA,NA,NA,NA,NA,High,High,High,NA,NA,NA,NA,NA,NA,NA,NA,NA,NA,NA,NA,NA,NA,NA,NA,NA,NA,NA,NA,NA,NA,NA,NA,NA,NA,NA,NA,NA,NA,NA,NA,NA,NA,NA,NA,NA,NA,NA,NA,NA,NA,NA,NA,NA,NA,NA,NA,NA,NA,NA,NA,NA,NA,NA,NA,NA
NA,NA,NA,NA,NA,NA,NA,NA,NA,NA,NA,NA,NA,NA,NA,NA,39,2025-09-11,14:52:04,NA,NA,NA,NA,Undefined,GEO_PAT,"Alberti, Lucas",1000145512,Right,GEO_PAT,Undefined,1,Bottom,0,0,0,Undefined,Changeup,Undefined,Undefined,Undefined,Undefined,0,0,NA,66.5472,0.324568,2.006205,1699.537128,176.117428,11:45:00,3.67934,-0.70642,18.53454,-21.36517,15.1254,-0.9524,2.12881,0.63494,61.17629,-4.936208,1.782306,0.434772,NA,NA,NA,NA,NA,NA,NA,NA,NA,NA,NA,1.50449,13.53894,0.98909,50,3.56756,-3.5195,-98.88077,2.13577,1.45895,18.78649,-19.04478,GEO_PAT,NA,SpuhlerFieldMain,NA,NA,20250911-SpuhlerFieldMain-BP-5,68e5b990-8f40-11f0-b7ac-41d3680bab53,86.6947,NA,NA,5.3709,NA,NA,NA,NA,NA,NA,5ca3cb06-d13d-4029-b9e1-c81cdf6982d6,2025-09-11,18:52:04,2025-09-11T18:52:04Z,2025-09-11T18:52:04Z,NA,v3,471300,NA,NA,NA,NA,Undefined,GEO_PAT,a4afd5ee-0d48-4441-84d9-3b014749fea7,41.96867,-97.34293,9.39325,3.67859,0.57679,-9.52239,0.70588,-3.40007,0.72947,NA,NA,NA,NA,NA,NA,NA,NA,NA,NA,NA,NA,NA,NA,NA,NA,NA,NA,NA,NA,NA,NA,NA,NA,NA,NA,NA,NA,NA,NA,NA,NA,NA,NA,NA,NA,NA,NA,NA,NA,NA,NA,NA,NA,NA,NA,NA,NA,NA,NA,High,High,High,NA,NA,NA,NA,NA,NA,NA,NA,NA,NA,NA,NA,NA,NA,NA,NA,NA,NA,NA,NA,NA,NA,NA,NA,NA,NA,NA,NA,NA,NA,NA,NA,NA,NA,NA,NA,NA,NA,NA,NA,NA,NA,NA,NA,NA,NA,NA,NA,NA,NA,NA,NA,NA,NA,NA,NA,NA
NA,NA,NA,NA,NA,NA,NA,NA,NA,NA,NA,NA,NA,NA,NA,NA,40,2025-09-11,14:52:13,NA,NA,NA,NA,Undefined,GEO_PAT,"Alberti, Lucas",1000145512,Right,GEO_PAT,Undefined,1,Bottom,0,0,0,Undefined,Curveball,Undefined,Undefined,Undefined,Undefined,0,0,NA,58.1051,1.226462,-1.166305,2285.145954,83.175453,08:45:00,4.05071,1.27179,28.46862,-27.09974,-0.3776,-8.20142,2.44818,-0.03513,54.78612,-7.363038,-3.724414,0.372055,84.86655,35.19989,-3.69249,4218.918294,108.82314,68.22034,-16.04693,285.39955,285.39955,-16.406524,4.88589,12.02481,-0.57555,-1.44716,50,2.99157,-0.12231,-88.29189,8.50172,9.27639,15.23303,-32.61806,GEO_PAT,NA,SpuhlerFieldMain,NA,NA,20250911-SpuhlerFieldMain-BP-5,6e6bc1c0-8f40-11f0-b7ac-41d3680bab53,101.3088,81.92023,NA,3.31897,NA,NA,NA,2.46986,2.62473,-0.07228,5ca3cb06-d13d-4029-b9e1-c81cdf6982d6,2025-09-11,18:52:13,2025-09-11T18:52:13Z,2025-09-11T18:52:13Z,FlyBall,v3,471300,NA,NA,NA,NA,Undefined,GEO_PAT,ecc21ca0-c675-4160-ac08-01850e68612e,32.03988,-85.13685,7.61652,4.05281,1.74593,-16.30903,-1.27352,1.799,4.6382,151.175945,2.47118,101.47556,-21.54163,5.10287,-1.05771,0.20658,-0.03641,0.00448,-2.5e-4,2.62584,71.71641,-17.87159,0.59156,0.31508,-0.21096,0.06019,-0.00825,4.4e-4,-0.07165,-6.56245,-5.89296,1.82399,-0.44495,0.08896,-0.01369,0.00141,-7e-5,NA,NA,NA,NA,NA,NA,NA,NA,NA,NA,NA,NA,NA,NA,NA,NA,NA,NA,NA,NA,NA,NA,High,High,High,High,High,NA,NA,NA,NA,NA,NA,NA,NA,NA,NA,NA,NA,NA,NA,NA,NA,NA,NA,NA,NA,NA,NA,NA,NA,NA,NA,NA,NA,NA,NA,NA,NA,NA,NA,NA,NA,NA,NA,NA,NA,NA,NA,NA,NA,NA,NA,NA,NA,NA,NA,NA,NA,NA,NA,NA
NA,NA,NA,NA,NA,NA,NA,NA,NA,NA,NA,NA,NA,NA,NA,NA,41,2025-09-11,14:52:36,NA,NA,NA,NA,Undefined,GEO_PAT,"Alberti, Lucas",1000145512,Right,GEO_PAT,Undefined,1,Bottom,0,0,0,Undefined,Changeup,Undefined,Undefined,Undefined,Undefined,0,0,NA,67.43508,-0.689286,1.945624,1625.997677,174.070081,11:45:00,3.71418,-0.71103,18.62081,-20.863,14.36587,-1.38654,1.4884,0.5483,62.34462,-5.813108,1.618783,0.42719,18.44182,-44.472693,159.611344,NA,NA,NA,NA,5.12174,6.85493,3.245955,0.100799,1.86571,13.28827,0.98949,50,3.74658,-3.49454,-100.22714,0.36755,1.86616,18.71907,-18.88248,GEO_PAT,NA,SpuhlerFieldMain,NA,NA,20250911-SpuhlerFieldMain-BP-5,7beeeca0-8f40-11f0-b7ac-41d3680bab53,88.23349,1.98939,NA,5.09046,NA,NA,NA,NA,NA,NA,5ca3cb06-d13d-4029-b9e1-c81cdf6982d6,2025-09-11,18:52:36,2025-09-11T18:52:36Z,2025-09-11T18:52:36Z,GroundBall,v3,471300,NA,NA,NA,NA,Undefined,GEO_PAT,f1048c93-09e3-44d9-944a-203c44b7e7eb,41.88495,-98.69988,9.35954,3.71372,-1.17304,-9.44124,0.71059,-3.34228,0.93308,NA,7.02527,-18.84483,NA,NA,NA,NA,NA,NA,NA,2.00218,-19.73766,NA,NA,NA,NA,NA,NA,NA,-0.42053,7.00408,NA,NA,NA,NA,NA,NA,NA,NA,NA,NA,NA,NA,NA,NA,NA,NA,NA,NA,NA,NA,NA,NA,NA,NA,NA,NA,NA,NA,NA,High,High,High,Low,Low,NA,NA,NA,NA,NA,NA,NA,NA,NA,NA,NA,NA,NA,NA,NA,NA,NA,NA,NA,NA,NA,NA,NA,NA,NA,NA,NA,NA,NA,NA,NA,NA,NA,NA,NA,NA,NA,NA,NA,NA,NA,NA,NA,NA,NA,NA,NA,NA,NA,NA,NA,NA,NA,NA,NA
NA,NA,NA,NA,NA,NA,NA,NA,NA,NA,NA,NA,NA,NA,NA,NA,42,2025-09-11,14:52:42,NA,NA,NA,NA,Undefined,GEO_PAT,"Alberti, Lucas",1000145512,Right,GEO_PAT,Undefined,1,Bottom,0,0,0,Undefined,Changeup,Undefined,Undefined,Undefined,Undefined,0,0,NA,66.04173,-0.375365,2.021721,1675.567375,179.97194,12:00:00,3.70763,-0.70373,18.62375,-21.90257,14.79272,-0.00673,1.61712,0.72429,61.11725,-5.750944,2.020134,0.43599,79.8392,42.190041,12.52349,4680.557263,106.1088,82.82276,28.99733,258.63301,177.84588,19.459786,5.092833,0.65524,13.56316,0.99017,50,3.69207,-3.46387,-98.11396,0.97886,0.62927,17.6647,-19.14859,GEO_PAT,NA,SpuhlerFieldMain,NA,NA,20250911-SpuhlerFieldMain-BP-5,7f7972f0-8f40-11f0-b7ac-41d3680bab53,86.45249,92.18524,NA,4.92448,NA,NA,NA,2.85249,0.88666,-1.58465,5ca3cb06-d13d-4029-b9e1-c81cdf6982d6,2025-09-11,18:52:42,2025-09-11T18:52:42Z,2025-09-11T18:52:42Z,FlyBall,v3,471300,NA,NA,NA,NA,Undefined,GEO_PAT,742f0c33-8634-473e-acec-4316b530e5d5,41.88112,-96.64116,8.83235,3.70713,-0.61766,-9.57429,0.70356,-3.41141,0.31463,197.238016,2.8558500000000002,84.62852,-19.02169,4.56623,-0.58543,-0.0364,0.02762,-0.00392,1.9e-4,0.88486,78.6657,-18.8525,0.98387,-0.05943,-0.03223,0.01656,-0.00295,1.8e-4,-1.58427,18.80449,0.46733,-0.52586,0.16748,-0.02924,0.00205,8e-5,-1e-5,NA,NA,NA,NA,NA,NA,NA,NA,NA,NA,NA,NA,NA,NA,NA,NA,NA,NA,NA,NA,NA,NA,High,High,High,Medium,Low,NA,NA,NA,NA,NA,NA,NA,NA,NA,NA,NA,NA,NA,NA,NA,NA,NA,NA,NA,NA,NA,NA,NA,NA,NA,NA,NA,NA,NA,NA,NA,NA,NA,NA,NA,NA,NA,NA,NA,NA,NA,NA,NA,NA,NA,NA,NA,NA,NA,NA,NA,NA,NA,NA,NA
NA,NA,NA,NA,NA,NA,NA,NA,NA,NA,NA,NA,NA,NA,NA,NA,43,2025-09-11,14:52:52,NA,NA,NA,NA,Undefined,GEO_PAT,"Alberti, Lucas",1000145512,Right,GEO_PAT,Undefined,1,Bottom,0,0,0,Undefined,Curveball,Undefined,Undefined,Undefined,Undefined,0,0,NA,55.90622,0.861455,-0.691277,2274.394892,81.393399,08:45:00,3.97309,1.28652,27.80912,-30.98718,-0.68146,-9.44823,1.86126,0.12171,52.54431,-8.751332,-3.579471,0.396218,86.592,4.500857,-33.866455,3412.976295,NA,NA,NA,72.41001,68.85589,-33.275856,0.58928,13.48174,-0.86748,-1.30285,50,3.03413,-0.9217,-85.05947,7.94019,9.56662,15.08262,-32.7896,GEO_PAT,NA,SpuhlerFieldMain,NA,NA,20250911-SpuhlerFieldMain-BP-5,85d45750-8f40-11f0-b7ac-41d3680bab53,95.13066,3.20954,NA,3.36192,NA,NA,NA,3.8565,2.19541,-0.08435,5ca3cb06-d13d-4029-b9e1-c81cdf6982d6,2025-09-11,18:52:52,2025-09-11T18:52:52Z,2025-09-11T18:52:52Z,GroundBall,v3,471300,NA,NA,NA,NA,Undefined,GEO_PAT,effbf210-0780-4eb2-aff8-56a384a58656,32.69937,-81.93434,7.54131,3.97548,1.14615,-16.3948,-1.28847,1.06051,4.78331,35.439414,3.87424,104.72296,-14.58427,NA,NA,NA,NA,NA,NA,2.22365,9.31965,-22.29509,NA,NA,NA,NA,NA,NA,-0.08525,-70.53493,5.53421,NA,NA,NA,NA,NA,NA,NA,NA,NA,NA,NA,NA,NA,NA,NA,NA,NA,NA,NA,NA,NA,NA,NA,NA,NA,NA,NA,NA,High,High,High,High,High,NA,NA,NA,NA,NA,NA,NA,NA,NA,NA,NA,NA,NA,NA,NA,NA,NA,NA,NA,NA,NA,NA,NA,NA,NA,NA,NA,NA,NA,NA,NA,NA,NA,NA,NA,NA,NA,NA,NA,NA,NA,NA,NA,NA,NA,NA,NA,NA,NA,NA,NA,NA,NA,NA,NA
NA,NA,NA,NA,NA,NA,NA,NA,NA,NA,NA,NA,NA,NA,NA,NA,44,2025-09-11,14:53:19,NA,NA,NA,NA,Undefined,GEO_PAT,"Alberti, Lucas",1000145512,Right,GEO_PAT,Undefined,1,Bottom,0,0,0,Undefined,Changeup,Undefined,Undefined,Undefined,Undefined,0,0,NA,66.61821,0.063559,1.829699,1638.888759,183.665156,12:00:00,3.6584,-0.72242,18.49527,-24.08844,12.3302,0.7211,1.69609,0.63457,61.43218,-5.818485,1.999145,0.434344,21.11842,-71.119169,-72.459013,NA,NA,NA,NA,3.35322,3.01591,-25.340096,0.055304,-0.0172,11.18127,0.97624,50,3.5796,-3.11943,-99.0016,1.8363,-0.01676,18.63552,-21.28989,GEO_PAT,NA,SpuhlerFieldMain,NA,NA,20250911-SpuhlerFieldMain-BP-5,9577f130-8f40-11f0-b7ac-41d3680bab53,86.78025,1.66448,NA,5.18603,NA,NA,NA,2.85902,1.66448,-0.89235,5ca3cb06-d13d-4029-b9e1-c81cdf6982d6,2025-09-11,18:53:19,2025-09-11T18:53:19Z,2025-09-11T18:53:19Z,GroundBall,v3,471300,NA,NA,NA,NA,Undefined,GEO_PAT,5d5733fc-e624-410e-a12a-bb7cbccb3c85,42.00911,-97.485830000000007,9.31776,3.65854,0.10463,-10.64494,0.72246,-3.12079,-0.00838,NA,2.85829,3.10232,NA,NA,NA,NA,NA,NA,NA,1.67152,-30.09757,NA,NA,NA,NA,NA,NA,NA,-0.89005,-9.81482,NA,NA,NA,NA,NA,NA,NA,NA,NA,NA,NA,NA,NA,NA,NA,NA,NA,NA,NA,NA,NA,NA,NA,NA,NA,NA,NA,NA,NA,High,High,High,Low,Low,NA,NA,NA,NA,NA,NA,NA,NA,NA,NA,NA,NA,NA,NA,NA,NA,NA,NA,NA,NA,NA,NA,NA,NA,NA,NA,NA,NA,NA,NA,NA,NA,NA,NA,NA,NA,NA,NA,NA,NA,NA,NA,NA,NA,NA,NA,NA,NA,NA,NA,NA,NA,NA,NA,NA
NA,NA,NA,NA,NA,NA,NA,NA,NA,NA,NA,NA,NA,NA,NA,NA,45,2025-09-11,14:53:25,NA,NA,NA,NA,Undefined,GEO_PAT,"Alberti, Lucas",1000145512,Right,GEO_PAT,Undefined,1,Bottom,0,0,0,Undefined,Changeup,Undefined,Undefined,Undefined,Undefined,0,0,NA,66.22329,-0.93602,1.775714,1733.399473,185.152438,12:15:00,3.74972,-0.68135,18.62774,-21.12166,15.52087,1.30106,1.32814,0.68158,61.07176,-6.134001,2.082562,0.435677,NA,NA,NA,NA,NA,NA,NA,NA,NA,NA,NA,-0.54189,14.39391,0.93064,50,3.81524,-2.97252,-98.42681,-0.03486,-0.521,18.52727,-18.33528,GEO_PAT,NA,SpuhlerFieldMain,NA,NA,20250911-SpuhlerFieldMain-BP-5,993dabc0-8f40-11f0-b7ac-41d3680bab53,86.51474,NA,NA,5.15153,NA,NA,NA,NA,NA,NA,5ca3cb06-d13d-4029-b9e1-c81cdf6982d6,2025-09-11,18:53:25,2025-09-11T18:53:25Z,2025-09-11T18:53:25Z,NA,v3,471300,NA,NA,NA,NA,Undefined,GEO_PAT,bf8f8c40-8345-4647-8fd6-570334d484de,41.87616,-96.88556,9.26364,3.7489,-1.56013,-9.16764,0.68156,-3.01586,-0.2605,NA,NA,NA,NA,NA,NA,NA,NA,NA,NA,NA,NA,NA,NA,NA,NA,NA,NA,NA,NA,NA,NA,NA,NA,NA,NA,NA,NA,NA,NA,NA,NA,NA,NA,NA,NA,NA,NA,NA,NA,NA,NA,NA,NA,NA,NA,NA,NA,NA,NA,High,High,High,NA,NA,NA,NA,NA,NA,NA,NA,NA,NA,NA,NA,NA,NA,NA,NA,NA,NA,NA,NA,NA,NA,NA,NA,NA,NA,NA,NA,NA,NA,NA,NA,NA,NA,NA,NA,NA,NA,NA,NA,NA,NA,NA,NA,NA,NA,NA,NA,NA,NA,NA,NA,NA,NA,NA,NA,NA
NA,NA,NA,NA,NA,NA,NA,NA,NA,NA,NA,NA,NA,NA,NA,NA,46,2025-09-11,14:53:33,NA,NA,NA,NA,Undefined,GEO_PAT,"Alberti, Lucas",1000145512,Right,GEO_PAT,Undefined,1,Bottom,0,0,0,Undefined,Changeup,Undefined,Undefined,Undefined,Undefined,0,0,NA,66.52431,0.45904,2.275013,1610.476511,192.009144,12:30:00,3.69337,-0.71492,18.53597,-22.42407,13.87103,2.73669,2.14989,1.12437,61.58423,-5.027412,2.918071,0.433606,91.60313,-0.037805,-44.368575,3398.463121,NA,NA,NA,48.00246,46.37551,-44.621141,0.353874,-1.6898,12.42666,1.02823,50,3.56112,-3.75354,-98.80137,2.43331,-1.64748,17.75113,-20.05865,GEO_PAT,NA,SpuhlerFieldMain,NA,NA,20250911-SpuhlerFieldMain-BP-5,9ddd4b90-8f40-11f0-b7ac-41d3680bab53,86.9278,2.40378,NA,4.94008,NA,NA,NA,2.86881,2.40378,-1.17999,5ca3cb06-d13d-4029-b9e1-c81cdf6982d6,2025-09-11,18:53:33,2025-09-11T18:53:33Z,2025-09-11T18:53:33Z,GroundBall,v3,471300,NA,NA,NA,NA,Undefined,GEO_PAT,5f328a68-29a0-4908-8efb-514b92d87a4f,41.96962,-97.3479,8.87556,3.69312,0.7909,-10.02933,0.71537,-3.88843,-0.82374,NA,2.87688,95.73716,-20.73766,NA,NA,NA,NA,NA,NA,2.40853,-0.26778,-18.51388,NA,NA,NA,NA,NA,NA,-1.17926,-93.97618,5.72262,NA,NA,NA,NA,NA,NA,NA,NA,NA,NA,NA,NA,NA,NA,NA,NA,NA,NA,NA,NA,NA,NA,NA,NA,NA,NA,NA,NA,High,High,High,Medium,High,NA,NA,NA,NA,NA,NA,NA,NA,NA,NA,NA,NA,NA,NA,NA,NA,NA,NA,NA,NA,NA,NA,NA,NA,NA,NA,NA,NA,NA,NA,NA,NA,NA,NA,NA,NA,NA,NA,NA,NA,NA,NA,NA,NA,NA,NA,NA,NA,NA,NA,NA,NA,NA,NA,NA
NA,NA,NA,NA,NA,NA,NA,NA,NA,NA,NA,NA,NA,NA,NA,NA,47,2025-09-11,14:53:59,NA,NA,NA,NA,Undefined,GEO_PAT,"Alberti, Lucas",1000145512,Right,GEO_PAT,Undefined,1,Bottom,0,0,0,Undefined,Changeup,Undefined,Undefined,Undefined,Undefined,0,0,NA,66.43211,-0.68154,-0.064818,1664.974521,174.26809,11:45:00,3.72466,-0.62688,18.50399,-20.90576,15.3817,-1.44528,1.49968,-0.79323,61.73373,-5.794755,-0.404951,0.433561,NA,NA,NA,NA,NA,NA,NA,NA,NA,NA,NA,1.21862,14.03391,0.61989,50,3.75412,0.02931,-98.57372,0.38055,1.19099,16.65063,-18.45835,GEO_PAT,NA,SpuhlerFieldMain,NA,NA,20250911-SpuhlerFieldMain-BP-5,ad6bafc0-8f40-11f0-b7ac-41d3680bab53,86.93697,NA,NA,4.69838,NA,NA,NA,NA,NA,NA,5ca3cb06-d13d-4029-b9e1-c81cdf6982d6,2025-09-11,18:53:59,2025-09-11T18:53:59Z,2025-09-11T18:53:59Z,NA,v3,471300,NA,NA,NA,NA,Undefined,GEO_PAT,72e3c99e-947f-4528-9843-94ddb6fc1401,41.99773,-97.21262,8.32532,3.72356,-1.12832,-9.22917,0.62627,0.12667,0.5955,NA,NA,NA,NA,NA,NA,NA,NA,NA,NA,NA,NA,NA,NA,NA,NA,NA,NA,NA,NA,NA,NA,NA,NA,NA,NA,NA,NA,NA,NA,NA,NA,NA,NA,NA,NA,NA,NA,NA,NA,NA,NA,NA,NA,NA,NA,NA,NA,NA,NA,High,High,High,NA,NA,NA,NA,NA,NA,NA,NA,NA,NA,NA,NA,NA,NA,NA,NA,NA,NA,NA,NA,NA,NA,NA,NA,NA,NA,NA,NA,NA,NA,NA,NA,NA,NA,NA,NA,NA,NA,NA,NA,NA,NA,NA,NA,NA,NA,NA,NA,NA,NA,NA,NA,NA,NA,NA,NA,NA
NA,NA,NA,NA,NA,NA,NA,NA,NA,NA,NA,NA,NA,NA,NA,NA,48,2025-09-11,14:54:10,NA,NA,NA,NA,Undefined,GEO_PAT,"Alberti, Lucas",1000145512,Right,GEO_PAT,Undefined,1,Bottom,0,0,0,Undefined,Changeup,Undefined,Undefined,Undefined,Undefined,0,0,NA,65.24926,1.84114,0.673599,1548.17255,164.263486,11:30:00,3.72242,-0.66679,18.58664,-24.37151,13.02595,-3.39973,2.99364,-0.47386,60.61238,-4.116337,-0.127217,0.440142,NA,NA,NA,NA,NA,NA,NA,NA,NA,NA,NA,3.18772,11.30989,0.76857,50,3.3883,-1.34853,-96.8372,4.87979,3.01043,15.89179,-21.49316,GEO_PAT,NA,SpuhlerFieldMain,NA,NA,20250911-SpuhlerFieldMain-BP-5,b4177340-8f40-11f0-b7ac-41d3680bab53,85.63706,NA,NA,4.63688,NA,NA,NA,NA,NA,NA,5ca3cb06-d13d-4029-b9e1-c81cdf6982d6,2025-09-11,18:54:10,2025-09-11T18:54:10Z,2025-09-11T18:54:10Z,NA,v3,471300,NA,NA,NA,NA,Undefined,GEO_PAT,dbe8d978-8ea4-4e13-8ac5-0ec2e89104c5,41.91863,-95.50177,7.9459,3.72247,3.07367,-10.74658,0.66588,-1.09555,1.50522,NA,NA,NA,NA,NA,NA,NA,NA,NA,NA,NA,NA,NA,NA,NA,NA,NA,NA,NA,NA,NA,NA,NA,NA,NA,NA,NA,NA,NA,NA,NA,NA,NA,NA,NA,NA,NA,NA,NA,NA,NA,NA,NA,NA,NA,NA,NA,NA,NA,NA,High,High,High,NA,NA,NA,NA,NA,NA,NA,NA,NA,NA,NA,NA,NA,NA,NA,NA,NA,NA,NA,NA,NA,NA,NA,NA,NA,NA,NA,NA,NA,NA,NA,NA,NA,NA,NA,NA,NA,NA,NA,NA,NA,NA,NA,NA,NA,NA,NA,NA,NA,NA,NA,NA,NA,NA,NA,NA,NA
NA,NA,NA,NA,NA,NA,NA,NA,NA,NA,NA,NA,NA,NA,NA,NA,49,2025-09-11,14:54:16,NA,NA,NA,NA,Undefined,GEO_PAT,"Alberti, Lucas",1000145512,Right,GEO_PAT,Undefined,1,Bottom,0,0,0,Undefined,Changeup,Undefined,Undefined,Undefined,Undefined,0,0,NA,65.60052,1.512504,0.396241,1580.45259,164.198762,11:30:00,3.71264,-0.65811,18.54956,-23.27119,13.88509,-3.64921,2.84392,-0.68182,60.7873,-4.186472,-0.462693,0.43872,26.27888,-41.85529,42.422048,NA,NA,NA,NA,5.10947,4.44354,32.046603,0.11654,3.31248,12.12268,0.72058,50,3.42923,-0.89481,-97.4004,4.26282,3.15378,16.56883,-20.63208,GEO_PAT,NA,SpuhlerFieldMain,NA,NA,20250911-SpuhlerFieldMain-BP-5,b7a10f30-8f40-11f0-b7ac-41d3680bab53,85.91454,3.21879,NA,4.81321,NA,NA,NA,1.86612,3.21879,0.46505,5ca3cb06-d13d-4029-b9e1-c81cdf6982d6,2025-09-11,18:54:16,2025-09-11T18:54:16Z,2025-09-11T18:54:16Z,GroundBall,v3,471300,NA,NA,NA,NA,Undefined,GEO_PAT,c2dee7df-6ef9-487d-8c6f-55432df860a6,41.95515,-96.02213,8.28442,3.71244,2.54656,-10.31604,0.65706,-0.63246,1.57689,NA,1.86611,21.19317,-0.37422,NA,NA,NA,NA,NA,NA,3.2188,-25.7181,-16.31684,NA,NA,NA,NA,NA,NA,0.46503,19.36828,-0.81464,NA,NA,NA,NA,NA,NA,NA,NA,NA,NA,NA,NA,NA,NA,NA,NA,NA,NA,NA,NA,NA,NA,NA,NA,NA,NA,NA,NA,High,High,High,Low,Low,NA,NA,NA,NA,NA,NA,NA,NA,NA,NA,NA,NA,NA,NA,NA,NA,NA,NA,NA,NA,NA,NA,NA,NA,NA,NA,NA,NA,NA,NA,NA,NA,NA,NA,NA,NA,NA,NA,NA,NA,NA,NA,NA,NA,NA,NA,NA,NA,NA,NA,NA,NA,NA,NA,NA
NA,NA,NA,NA,NA,NA,NA,NA,NA,NA,NA,NA,NA,NA,NA,NA,50,2025-09-11,14:54:23,NA,NA,NA,NA,Undefined,GEO_PAT,"Alberti, Lucas",1000145512,Right,GEO_PAT,Undefined,1,Bottom,0,0,0,Undefined,Changeup,Undefined,Undefined,Undefined,Undefined,0,0,NA,65.91902,0.404852,0.880374,1795.695877,170.875187,11:45:00,3.71463,-0.66051,18.51944,-22.15151,14.90119,-2.22173,2.1554,-0.22217,60.81688,-5.034515,0.357696,0.438108,92.86814,39.461975,-7.468688,4135.122193,109.67048,85.06217,-8.50255,305.92878,305.92878,0.064619,5.601802,2.24165,13.34245,0.78789,50,3.59062,-1.64158,-97.99538,2.29962,2.14218,17.98016,-19.42373,GEO_PAT,NA,SpuhlerFieldMain,NA,NA,20250911-SpuhlerFieldMain-BP-5,bbff3930-8f40-11f0-b7ac-41d3680bab53,86.03456,111.45818,NA,5.10214,NA,NA,NA,2.40656,2.28673,0.20845,5ca3cb06-d13d-4029-b9e1-c81cdf6982d6,2025-09-11,18:54:23,2025-09-11T18:54:23Z,2025-09-11T18:54:23Z,FlyBall,v3,471300,NA,NA,NA,NA,Undefined,GEO_PAT,b9df4d9c-adeb-4dff-8a17-2bd234fd69aa,41.98568,-96.51372,8.99008,3.71417,0.699,-9.71186,0.65989,-1.46505,1.07109,195.428444,2.41274,104.15332,-23.43193,5.53351,-0.95408,0.12125,-0.01252,0.00112,-6e-5,2.28559,86.57735,-19.58789,1.05665,0.1035,-0.12264,0.03504,-0.00448,2.2e-4,0.20624,-13.62726,7.46208,-2.06435,0.4099,-0.05951,0.00607,-4.2e-4,2e-5,NA,NA,NA,NA,NA,NA,NA,NA,NA,NA,NA,NA,NA,NA,NA,NA,NA,NA,NA,NA,NA,NA,High,High,High,High,Medium,NA,NA,NA,NA,NA,NA,NA,NA,NA,NA,NA,NA,NA,NA,NA,NA,NA,NA,NA,NA,NA,NA,NA,NA,NA,NA,NA,NA,NA,NA,NA,NA,NA,NA,NA,NA,NA,NA,NA,NA,NA,NA,NA,NA,NA,NA,NA,NA,NA,NA,NA,NA,NA,NA,NA
NA,NA,NA,NA,NA,NA,NA,NA,NA,NA,NA,NA,NA,NA,NA,NA,51,2025-09-11,14:54:30,NA,NA,NA,NA,Undefined,GEO_PAT,"Alberti, Lucas",1000145512,Right,GEO_PAT,Undefined,1,Bottom,0,0,0,Undefined,Curveball,Undefined,Undefined,Undefined,Undefined,0,0,NA,59.59292,3.731671,-0.225814,2430.534953,72.43802,08:30:00,3.69261,1.38154,19.04154,-47.97042,-3.62792,-15.37552,2.30734,-0.0576,55.20155,-7.947871,-3.888525,0.479271,NA,NA,NA,NA,NA,NA,NA,NA,NA,NA,NA,13.6356,-3.92839,-1.38253,50,2.99566,-0.55405,-88.62872,8.94797,10.62664,15.05391,-35.23558,GEO_PAT,NA,SpuhlerFieldMain,NA,NA,20250911-SpuhlerFieldMain-BP-5,bfea7d20-8f40-11f0-b7ac-41d3680bab53,78.64531,NA,NA,4.39137,NA,NA,NA,NA,NA,NA,5ca3cb06-d13d-4029-b9e1-c81cdf6982d6,2025-09-11,18:54:30,2025-09-11T18:54:30Z,2025-09-11T18:54:30Z,NA,v3,471300,NA,NA,NA,NA,Undefined,GEO_PAT,beb26ab5-7b94-454d-9063-07ee14303cb0,41.46647,-87.16722,7.52696,3.69831,5.52714,-17.61779,-1.38624,0.47764,5.31332,NA,NA,NA,NA,NA,NA,NA,NA,NA,NA,NA,NA,NA,NA,NA,NA,NA,NA,NA,NA,NA,NA,NA,NA,NA,NA,NA,NA,NA,NA,NA,NA,NA,NA,NA,NA,NA,NA,NA,NA,NA,NA,NA,NA,NA,NA,NA,NA,NA,NA,High,High,High,NA,NA,NA,NA,NA,NA,NA,NA,NA,NA,NA,NA,NA,NA,NA,NA,NA,NA,NA,NA,NA,NA,NA,NA,NA,NA,NA,NA,NA,NA,NA,NA,NA,NA,NA,NA,NA,NA,NA,NA,NA,NA,NA,NA,NA,NA,NA,NA,NA,NA,NA,NA,NA,NA,NA,NA,NA
NA,NA,NA,NA,NA,NA,NA,NA,NA,NA,NA,NA,NA,NA,NA,NA,52,2025-09-11,14:54:45,NA,NA,NA,NA,Undefined,GEO_PAT,"Alberti, Lucas",1000145512,Right,GEO_PAT,Undefined,1,Bottom,0,0,0,Undefined,Curveball,Undefined,Undefined,Undefined,Undefined,0,0,NA,57.60806,3.512141,0.059524,2334.48991,85.032474,08:45:00,3.68351,1.37489,18.9684,-47.45314,-0.01807,-14.91524,2.19175,0.17364,53.57557,-8.027102,-3.4877,0.495703,103.11772,27.516798,-32.685747,2050.474032,88.82361,50.9554,-64.88725,368.88938,286.1241,-44.800493,4.485954,13.31489,-0.5824,-1.33386,50,3.02351,-0.93931,-85.61028,8.29584,9.73487,13.45676,-32.599850000000004,GEO_PAT,NA,SpuhlerFieldMain,NA,NA,20250911-SpuhlerFieldMain-BP-5,c92cf110-8f40-11f0-b7ac-41d3680bab53,76.03842,70.23955,NA,4.0325,NA,NA,NA,2.77603,2.31198,-0.16012,5ca3cb06-d13d-4029-b9e1-c81cdf6982d6,2025-09-11,18:54:45,2025-09-11T18:54:45Z,2025-09-11T18:54:45Z,FlyBall,v3,471300,NA,NA,NA,NA,Undefined,GEO_PAT,d44bca4b-6044-4aa0-af74-64e28333285c,41.53908,-84.26984,6.72838,3.68813,5.04855,-16.29993,-1.37913,0.03038,4.86743,131.152645,2.77489,112.9202,-28.50713,8.25069,-2.30557,0.61054,-0.13226,0.01761,-9.7e-4,2.31186,69.87398,-20.18166,1.087,0.13809,-0.11506,0.03273,-0.00416,1.9e-4,-0.15955,-72.45313,2.91932,0.94607,-0.39217,0.03604,0.01539,-0.00481,4e-4,NA,NA,NA,NA,NA,NA,NA,NA,NA,NA,NA,NA,NA,NA,NA,NA,NA,NA,NA,NA,NA,NA,High,High,High,High,Medium,NA,NA,NA,NA,NA,NA,NA,NA,NA,NA,NA,NA,NA,NA,NA,NA,NA,NA,NA,NA,NA,NA,NA,NA,NA,NA,NA,NA,NA,NA,NA,NA,NA,NA,NA,NA,NA,NA,NA,NA,NA,NA,NA,NA,NA,NA,NA,NA,NA,NA,NA,NA,NA,NA,NA
NA,NA,NA,NA,NA,NA,NA,NA,NA,NA,NA,NA,NA,NA,NA,NA,53,2025-09-11,14:55:02,NA,NA,NA,NA,Undefined,GEO_PAT,"Alberti, Lucas",1000145512,Right,GEO_PAT,Undefined,1,Bottom,0,0,0,Undefined,Curveball,Undefined,Undefined,Undefined,Undefined,0,0,NA,56.66037,0.946332,-0.817275,2463.397851,83.660093,08:45:00,4.03882,1.32097,28.25746,-28.79254,-0.26728,-8.35587,2.14884,0.18477,53.42555,-8.113391,-3.407685,0.384402,98.57666,26.646318,-40.268996,2683.37552,79.72825,46.67034,-75.78506,334.63131,253.40172,-54.189703,3.953423,12.20209,-0.28299,-1.38824,50,3.057,-0.62581,-86.12057,8.08693,8.93835,14.70531,-32.38136,GEO_PAT,NA,SpuhlerFieldMain,NA,NA,20250911-SpuhlerFieldMain-BP-5,d35dbca0-8f40-11f0-b7ac-41d3680bab53,98.05468,58.82839,NA,3.23482,NA,NA,NA,2.97279,2.55995,-0.28244,5ca3cb06-d13d-4029-b9e1-c81cdf6982d6,2025-09-11,18:55:02,2025-09-11T18:55:02Z,2025-09-11T18:55:02Z,FlyBall,v3,471300,NA,NA,NA,NA,Undefined,GEO_PAT,31482528-034d-437c-9d3d-c4006d19af4c,32.25098,-83.03459,7.35265,4.04106,1.29154,-16.19068,-1.32275,1.24994,4.46918,NA,2.97295,98.59741,-24.92364,6.03596,-1.45344,0.34109,-0.06324,0.00707,-3.4e-4,2.56051,64.81891,-22.12467,2.51781,-0.27743,-0.08477,0.041,-0.00649,3.7e-4,-0.28259,-83.52274,7.34822,-1.70295,0.3571,-0.06169,0.00729,-3.8e-4,-0,NA,NA,NA,NA,NA,NA,NA,NA,NA,NA,NA,NA,NA,NA,NA,NA,NA,NA,NA,NA,NA,NA,High,High,High,High,Medium,NA,NA,NA,NA,NA,NA,NA,NA,NA,NA,NA,NA,NA,NA,NA,NA,NA,NA,NA,NA,NA,NA,NA,NA,NA,NA,NA,NA,NA,NA,NA,NA,NA,NA,NA,NA,NA,NA,NA,NA,NA,NA,NA,NA,NA,NA,NA,NA,NA,NA,NA,NA,NA,NA,NA
NA,NA,NA,NA,NA,NA,NA,NA,NA,NA,NA,NA,NA,NA,NA,NA,54,2025-09-11,14:55:18,NA,NA,NA,NA,Undefined,GEO_PAT,"Westley , Matt",1113,Right,GEO_PAT,Undefined,1,Bottom,0,0,0,Undefined,Curveball,Undefined,Undefined,Undefined,Undefined,0,0,NA,56.96214,0.844562,-1.227566,2197.18924,96.65775,09:15:00,4.04675,1.25498,28.1328,-26.83301,1.44079,-7.22374,2.26717,-0.01043,54.00124,-7.560052,-3.456541,0.382704,NA,NA,NA,NA,NA,NA,NA,NA,NA,NA,NA,10.38489,2.26386,-1.47161,50,3.14745,0.23489,-86.26545,7.50419,7.72255,13.47437,-30.49058,GEO_PAT,NA,SpuhlerFieldMain,NA,NA,20250911-SpuhlerFieldMain-BP-5,dc5c97e0-8f40-11f0-b7ac-41d3680bab53,98.48971,NA,NA,2.9609,NA,NA,NA,NA,NA,NA,5ca3cb06-d13d-4029-b9e1-c81cdf6982d6,2025-09-11,18:55:18,2025-09-11T18:55:18Z,2025-09-11T18:55:18Z,NA,v3,471300,NA,NA,NA,NA,Undefined,GEO_PAT,5df69b84-dc32-4c29-a2bd-f09878f907fc,32.37562,-83.46719,6.73719,4.04836,1.17214,-15.24529,-1.2563,1.83865,3.86128,NA,NA,NA,NA,NA,NA,NA,NA,NA,NA,NA,NA,NA,NA,NA,NA,NA,NA,NA,NA,NA,NA,NA,NA,NA,NA,NA,NA,NA,NA,NA,NA,NA,NA,NA,NA,NA,NA,NA,NA,NA,NA,NA,NA,NA,NA,NA,NA,NA,NA,High,High,High,NA,NA,NA,NA,NA,NA,NA,NA,NA,NA,NA,NA,NA,NA,NA,NA,NA,NA,NA,NA,NA,NA,NA,NA,NA,NA,NA,NA,NA,NA,NA,NA,NA,NA,NA,NA,NA,NA,NA,NA,NA,NA,NA,NA,NA,NA,NA,NA,NA,NA,NA,NA,NA,NA,NA,NA,NA
NA,NA,NA,NA,NA,NA,NA,NA,NA,NA,NA,NA,NA,NA,NA,NA,55,2025-09-11,14:55:39,NA,NA,NA,NA,Undefined,GEO_PAT,"Alberti, Lucas",1000145512,Right,GEO_PAT,Undefined,1,Bottom,0,0,0,Undefined,Changeup,Undefined,Undefined,Undefined,Undefined,0,0,NA,65.87487,0.606531,1.048248,1622.050141,170.101789,11:45:00,3.72525,-0.64598,18.5731,-22.56745,14.23304,-2.31012,2.27366,-0.09708,61.10256,-4.921516,0.504131,0.436615,NA,NA,NA,NA,NA,NA,NA,NA,NA,NA,NA,2.36583,12.73233,0.79837,50,3.57044,-1.9366,-97.86541,2.68936,2.27118,16.90776,-19.95108,GEO_PAT,NA,SpuhlerFieldMain,NA,NA,20250911-SpuhlerFieldMain-BP-5,e972a910-8f40-11f0-b7ac-41d3680bab53,86.32887,NA,NA,4.77231,NA,NA,NA,NA,NA,NA,5ca3cb06-d13d-4029-b9e1-c81cdf6982d6,2025-09-11,18:55:39,2025-09-11T18:55:39Z,2025-09-11T18:55:39Z,NA,v3,471300,NA,NA,NA,NA,Undefined,GEO_PAT,739c6002-0779-42de-8a97-a4b0848a2938,41.93272,-96.46159,8.45388,3.72496,1.03286,-9.97554,0.64541,-1.74803,1.13559,NA,NA,NA,NA,NA,NA,NA,NA,NA,NA,NA,NA,NA,NA,NA,NA,NA,NA,NA,NA,NA,NA,NA,NA,NA,NA,NA,NA,NA,NA,NA,NA,NA,NA,NA,NA,NA,NA,NA,NA,NA,NA,NA,NA,NA,NA,NA,NA,NA,NA,High,High,High,NA,NA,NA,NA,NA,NA,NA,NA,NA,NA,NA,NA,NA,NA,NA,NA,NA,NA,NA,NA,NA,NA,NA,NA,NA,NA,NA,NA,NA,NA,NA,NA,NA,NA,NA,NA,NA,NA,NA,NA,NA,NA,NA,NA,NA,NA,NA,NA,NA,NA,NA,NA,NA,NA,NA,NA,NA
NA,NA,NA,NA,NA,NA,NA,NA,NA,NA,NA,NA,NA,NA,NA,NA,56,2025-09-11,14:55:52,NA,NA,NA,NA,Undefined,GEO_PAT,"Alberti, Lucas",1000145512,Right,GEO_PAT,Undefined,1,Bottom,0,0,0,Undefined,Changeup,Undefined,Undefined,Undefined,Undefined,0,0,NA,65.89562,-0.787339,0.442614,1738.090072,169.789229,11:45:00,3.73581,-0.6587,18.63147,-24.20415,12.23205,-2.03681,1.16274,-0.51587,61.6873,-6.668916,-0.038323,0.434448,90.3532,7.342197,5.749993,1846.633846,NA,NA,NA,NA,41.85821,NA,NA,1.91658,11.40997,0.7256,50,3.7735,-0.88406,-97.79808,0.4354,1.85427,15.57365,-21.13501,GEO_PAT,NA,SpuhlerFieldMain,NA,NA,20250911-SpuhlerFieldMain-BP-5,f10c00e0-8f40-11f0-b7ac-41d3680bab53,86.75939,5.10506,NA,4.20832,NA,NA,NA,2.29179,1.23235,0.47806,5ca3cb06-d13d-4029-b9e1-c81cdf6982d6,2025-09-11,18:55:52,2025-09-11T18:55:52Z,2025-09-11T18:55:52Z,NA,v3,471300,NA,NA,NA,NA,Undefined,GEO_PAT,6dade6b2-70f0-4bf3-af47-e9d561edd4f7,41.87374,-96.49535,7.78683,3.73598,-1.33253,-10.5675,0.65814,-0.72895,0.92713,242.648657,2.2955,130.61188,-15.70335,NA,NA,NA,NA,NA,NA,1.23331,16.8941,-14.40482,NA,NA,NA,NA,NA,NA,0.47627,13.24424,4.4794,NA,NA,NA,NA,NA,NA,NA,NA,NA,NA,NA,NA,NA,NA,NA,NA,NA,NA,NA,NA,NA,NA,NA,NA,NA,NA,NA,NA,High,High,High,Medium,Undefined,NA,NA,NA,NA,NA,NA,NA,NA,NA,NA,NA,NA,NA,NA,NA,NA,NA,NA,NA,NA,NA,NA,NA,NA,NA,NA,NA,NA,NA,NA,NA,NA,NA,NA,NA,NA,NA,NA,NA,NA,NA,NA,NA,NA,NA,NA,NA,NA,NA,NA,NA,NA,NA,NA,NA
NA,NA,NA,NA,NA,NA,NA,NA,NA,NA,NA,NA,NA,NA,NA,NA,57,2025-09-11,14:56:10,NA,NA,NA,NA,Undefined,GEO_PAT,"Alberti, Lucas",1000145512,Right,GEO_PAT,Undefined,1,Bottom,0,0,0,Undefined,Curveball,Undefined,Undefined,Undefined,Undefined,0,0,NA,59.19599,3.884133,0.349557,2509.484051,77.136974,08:30:00,3.66516,1.39589,18.79661,-47.40251,-1.87543,-13.86265,2.45093,0.48652,54.7239,-7.606508,-2.932641,0.485631,NA,NA,NA,NA,NA,NA,NA,NA,NA,NA,NA,12.38512,-2.44488,-1.31747,50,2.9711,-1.31824,-87.95846,8.97483,9.5105,14.78152,-34.05147,GEO_PAT,NA,SpuhlerFieldMain,NA,NA,20250911-SpuhlerFieldMain-BP-5,fbaca540-8f40-11f0-b7ac-41d3680bab53,77.61541,NA,NA,4.4721,NA,NA,NA,NA,NA,NA,5ca3cb06-d13d-4029-b9e1-c81cdf6982d6,2025-09-11,18:56:10,2025-09-11T18:56:10Z,2025-09-11T18:56:10Z,NA,v3,471300,NA,NA,NA,NA,Undefined,GEO_PAT,0e24529c-e3bf-4015-a3f5-c36b0e8c383c,41.7109,-86.55425,7.39076,3.67004,5.74003,-17.02574,-1.39979,-0.41477,4.75525,NA,NA,NA,NA,NA,NA,NA,NA,NA,NA,NA,NA,NA,NA,NA,NA,NA,NA,NA,NA,NA,NA,NA,NA,NA,NA,NA,NA,NA,NA,NA,NA,NA,NA,NA,NA,NA,NA,NA,NA,NA,NA,NA,NA,NA,NA,NA,NA,NA,NA,High,High,High,NA,NA,NA,NA,NA,NA,NA,NA,NA,NA,NA,NA,NA,NA,NA,NA,NA,NA,NA,NA,NA,NA,NA,NA,NA,NA,NA,NA,NA,NA,NA,NA,NA,NA,NA,NA,NA,NA,NA,NA,NA,NA,NA,NA,NA,NA,NA,NA,NA,NA,NA,NA,NA,NA,NA,NA,NA
NA,NA,NA,NA,NA,NA,NA,NA,NA,NA,NA,NA,NA,NA,NA,NA,58,2025-09-11,14:56:23,NA,NA,NA,NA,Undefined,GEO_PAT,"Alberti, Lucas",1000145512,Right,GEO_PAT,Undefined,1,Bottom,0,0,0,Undefined,Curveball,Undefined,Undefined,Undefined,Undefined,0,0,NA,59.28884,3.558533,-0.287967,2401.361999,79.426448,08:45:00,3.6804,1.38743,18.91271,-45.90723,-1.16228,-12.40217,2.35357,0.15197,55.27141,-7.576271,-3.232781,0.481441,NA,NA,NA,NA,NA,NA,NA,NA,NA,NA,NA,10.97111,-1.64185,-1.40225,50,3.02278,-0.28979,-88.04126,8.49069,8.5275,13.6333,-33.4502,GEO_PAT,NA,SpuhlerFieldMain,NA,NA,20250911-SpuhlerFieldMain-BP-5,034dc540-8f41-11f0-b7ac-41d3680bab53,78.29084,NA,NA,4.01744,NA,NA,NA,NA,NA,NA,5ca3cb06-d13d-4029-b9e1-c81cdf6982d6,2025-09-11,18:56:23,2025-09-11T18:56:23Z,2025-09-11T18:56:23Z,NA,v3,471300,NA,NA,NA,NA,Undefined,GEO_PAT,05e55cc3-3075-47c5-930e-057c946a1138,41.59503,-86.72997,6.81665,3.68471,5.27336,-16.7251,-1.39068,0.53041,4.26375,NA,NA,NA,NA,NA,NA,NA,NA,NA,NA,NA,NA,NA,NA,NA,NA,NA,NA,NA,NA,NA,NA,NA,NA,NA,NA,NA,NA,NA,NA,NA,NA,NA,NA,NA,NA,NA,NA,NA,NA,NA,NA,NA,NA,NA,NA,NA,NA,NA,NA,High,High,High,NA,NA,NA,NA,NA,NA,NA,NA,NA,NA,NA,NA,NA,NA,NA,NA,NA,NA,NA,NA,NA,NA,NA,NA,NA,NA,NA,NA,NA,NA,NA,NA,NA,NA,NA,NA,NA,NA,NA,NA,NA,NA,NA,NA,NA,NA,NA,NA,NA,NA,NA,NA,NA,NA,NA,NA,NA
NA,NA,NA,NA,NA,NA,NA,NA,NA,NA,NA,NA,NA,NA,NA,NA,59,2025-09-11,14:56:31,NA,NA,NA,NA,Undefined,GEO_PAT,"Alberti, Lucas",1000145512,Right,GEO_PAT,Undefined,1,Bottom,0,0,0,Undefined,Curveball,Undefined,Undefined,Undefined,Undefined,0,0,NA,55.67374,1.318922,-0.553011,2190.991056,78.373155,08:30:00,4.07081,1.31842,NA,-29.54387,-0.98602,-7.43804,2.31143,0.40405,53.1473,-8.038562,-2.883574,0.384622,99.3194,18.978722,-40.857806,1976.560732,80.41844,23.83009,-75.05234,227.04662,162.25098,-47.000117,2.061945,11.30556,-1.56201,-1.30906,50,2.8866,-0.92936,-84.18593,9.06937,8.08328,11.82695,-33.29087,GEO_PAT,NA,SpuhlerFieldMain,NA,NA,20250911-SpuhlerFieldMain-BP-5,0815d4a0-8f41-11f0-b7ac-41d3680bab53,97.99867,23.95978,NA,2.52644,NA,NA,NA,3.80056,2.63937,-0.4164,5ca3cb06-d13d-4029-b9e1-c81cdf6982d6,2025-09-11,18:56:31,2025-09-11T18:56:31Z,2025-09-11T18:56:31Z,LineDrive,v3,471300,NA,NA,NA,NA,Undefined,GEO_PAT,9653f1fa-ec23-4ed9-9943-88b516b8da23,31.93126,-81.60805,5.91347,4.0726,1.81309,-16.64543,-1.31962,0.83252,4.04164,NA,3.80056,104.18499,-22.81743,5.83363,-1.49777,0.3644,-0.07571,0.00961,-3.7e-4,2.63937,47.37371,-29.59533,4.34721,-1.03008,0.23391,-0.04755,0.00704,-5e-4,-0.4164,-90.11346,5.38175,-0.22153,-0.11472,0.057,-0.01412,0.00159,5e-5,NA,NA,NA,NA,NA,NA,NA,NA,NA,NA,NA,NA,NA,NA,NA,NA,NA,NA,NA,NA,NA,NA,High,High,High,High,Medium,NA,NA,NA,NA,NA,NA,NA,NA,NA,NA,NA,NA,NA,NA,NA,NA,NA,NA,NA,NA,NA,NA,NA,NA,NA,NA,NA,NA,NA,NA,NA,NA,NA,NA,NA,NA,NA,NA,NA,NA,NA,NA,NA,NA,NA,NA,NA,NA,NA,NA,NA,NA,NA,NA,NA
NA,NA,NA,NA,NA,NA,NA,NA,NA,NA,NA,NA,NA,NA,NA,NA,60,2025-09-11,14:56:40,NA,NA,NA,NA,Undefined,GEO_PAT,"Alberti, Lucas",1000145512,Right,GEO_PAT,Undefined,1,Bottom,0,0,0,Undefined,Curveball,Undefined,Undefined,Undefined,Undefined,0,0,NA,59.54508,0.946358,-1.063011,2655.26457,74.788542,08:30:00,4.02708,1.29135,28.17366,-27.33206,-1.35878,-7.20953,2.26025,0.11684,56.06645,-7.630787,-3.291375,0.366805,NA,NA,NA,NA,NA,NA,NA,NA,NA,NA,NA,10.32871,-1.92012,-1.46198,50,3.09413,0.02004,-90.47536,8.05755,8.35295,16.19617,-33.72687,GEO_PAT,NA,SpuhlerFieldMain,NA,NA,20250911-SpuhlerFieldMain-BP-5,0d6f0070-8f41-11f0-b7ac-41d3680bab53,102.75888,NA,NA,3.47863,NA,NA,NA,NA,NA,NA,5ca3cb06-d13d-4029-b9e1-c81cdf6982d6,2025-09-11,18:56:40,2025-09-11T18:56:40Z,2025-09-11T18:56:40Z,NA,v3,471300,NA,NA,NA,NA,Undefined,GEO_PAT,6e2b0a02-ff8b-4066-9a0d-c48575118b78,32.33475,-87.25579,8.09809,4.02948,1.35311,-16.86344,-1.29296,1.68049,4.17647,NA,NA,NA,NA,NA,NA,NA,NA,NA,NA,NA,NA,NA,NA,NA,NA,NA,NA,NA,NA,NA,NA,NA,NA,NA,NA,NA,NA,NA,NA,NA,NA,NA,NA,NA,NA,NA,NA,NA,NA,NA,NA,NA,NA,NA,NA,NA,NA,NA,NA,High,High,High,NA,NA,NA,NA,NA,NA,NA,NA,NA,NA,NA,NA,NA,NA,NA,NA,NA,NA,NA,NA,NA,NA,NA,NA,NA,NA,NA,NA,NA,NA,NA,NA,NA,NA,NA,NA,NA,NA,NA,NA,NA,NA,NA,NA,NA,NA,NA,NA,NA,NA,NA,NA,NA,NA,NA,NA,NA
NA,NA,NA,NA,NA,NA,NA,NA,NA,NA,NA,NA,NA,NA,NA,NA,61,2025-09-11,14:56:48,NA,NA,NA,NA,Undefined,GEO_PAT,"Alberti, Lucas",1000145512,Right,GEO_PAT,Undefined,1,Bottom,0,0,0,Undefined,Curveball,Undefined,Undefined,Undefined,Undefined,0,0,NA,57.73647,1.777761,-0.512911,2523.88056,70.546006,08:15:00,4.09745,1.28829,28.73871,-29.20273,-2.66799,-9.20237,2.60606,0.24969,54.53384,-7.546543,-3.41003,0.370748,97.49074,17.088494,-23.618454,1871.748285,100.51999,21.04265,-44.67248,220.62437,220.62437,-26.056937,1.981721,14.04977,-4.34445,-1.22509,50,2.76902,-1.44193,-87.74704,10.04493,10.72752,14.80994,-35.49119,GEO_PAT,NA,SpuhlerFieldMain,NA,NA,20250911-SpuhlerFieldMain-BP-5,12111140-8f41-11f0-b7ac-41d3680bab53,101.66596,21.0774,NA,3.20264,NA,NA,NA,3.16631,2.95409,-0.26754,5ca3cb06-d13d-4029-b9e1-c81cdf6982d6,2025-09-11,18:56:48,2025-09-11T18:56:48Z,2025-09-11T18:56:48Z,LineDrive,v3,471300,NA,NA,NA,NA,Undefined,GEO_PAT,e9391c23-0b5e-45fa-b2b3-ad8cf6220985,31.77047,-84.61434,7.40497,4.09979,2.5376,-17.7456,-1.29011,0.82723,5.36376,19.49481,3.16632,125.22447,-16.32112,2.01131,-0.3544,-0.00114,0.02856,-0.01009,0.00126,2.9541,42.01508,-27.05631,3.60863,-0.67441,0.0184,0.0703,-0.0278,0.00367,-0.26755,-54.75647,5.17856,-1.54506,0.25912,0.05826,-0.07722,0.02752,-0.00357,NA,NA,NA,NA,NA,NA,NA,NA,NA,NA,NA,NA,NA,NA,NA,NA,NA,NA,NA,NA,NA,NA,High,High,High,Medium,High,NA,NA,NA,NA,NA,NA,NA,NA,NA,NA,NA,NA,NA,NA,NA,NA,NA,NA,NA,NA,NA,NA,NA,NA,NA,NA,NA,NA,NA,NA,NA,NA,NA,NA,NA,NA,NA,NA,NA,NA,NA,NA,NA,NA,NA,NA,NA,NA,NA,NA,NA,NA,NA,NA,NA
NA,NA,NA,NA,NA,NA,NA,NA,NA,NA,NA,NA,NA,NA,NA,NA,62,2025-09-11,14:56:56,NA,NA,NA,NA,Undefined,GEO_PAT,"Alberti, Lucas",1000145512,Right,GEO_PAT,Undefined,1,Bottom,0,0,0,Undefined,Curveball,Undefined,Undefined,Undefined,Undefined,0,0,NA,55.18839,1.261172,-0.342862,2085.443709,84.268441,08:45:00,4.16359,1.39532,28.82566,-28.77919,-0.08665,-6.66201,2.43168,0.65904,52.47805,-7.945932,-2.447182,0.385528,NA,NA,NA,NA,NA,NA,NA,NA,NA,NA,NA,10.12438,0.12626,-1.34299,50,2.99554,-1.03449,-83.60867,8.83166,7.09777,12.28269,-32.08554,GEO_PAT,NA,SpuhlerFieldMain,NA,NA,20250911-SpuhlerFieldMain-BP-5,16f979e0-8f41-11f0-b7ac-41d3680bab53,97.7684,NA,NA,2.71034,NA,NA,NA,NA,NA,NA,5ca3cb06-d13d-4029-b9e1-c81cdf6982d6,2025-09-11,18:56:56,2025-09-11T18:56:56Z,2025-09-11T18:56:56Z,NA,v3,471300,NA,NA,NA,NA,Undefined,GEO_PAT,6f6f746b-97d2-4ea8-ae48-7c60aa850d11,31.6825,-80.87294,6.14135,4.16676,1.68524,-16.04277,-1.39735,0.54639,3.54888,NA,NA,NA,NA,NA,NA,NA,NA,NA,NA,NA,NA,NA,NA,NA,NA,NA,NA,NA,NA,NA,NA,NA,NA,NA,NA,NA,NA,NA,NA,NA,NA,NA,NA,NA,NA,NA,NA,NA,NA,NA,NA,NA,NA,NA,NA,NA,NA,NA,NA,High,High,High,NA,NA,NA,NA,NA,NA,NA,NA,NA,NA,NA,NA,NA,NA,NA,NA,NA,NA,NA,NA,NA,NA,NA,NA,NA,NA,NA,NA,NA,NA,NA,NA,NA,NA,NA,NA,NA,NA,NA,NA,NA,NA,NA,NA,NA,NA,NA,NA,NA,NA,NA,NA,NA,NA,NA,NA,NA
NA,NA,NA,NA,NA,NA,NA,NA,NA,NA,NA,NA,NA,NA,NA,NA,63,2025-09-11,14:57:15,NA,NA,NA,NA,Undefined,GEO_PAT,"Alberti, Lucas",1000145512,Right,GEO_PAT,Undefined,1,Bottom,0,0,0,Undefined,Curveball,Undefined,Undefined,Undefined,Undefined,0,0,NA,54.97253,0.927778,-0.409709,2147.479263,83.635146,08:45:00,4.01457,1.34438,28.13135,-30.37537,-0.10012,-6.47941,1.98471,0.58302,52.32181,-8.562734,-2.412232,0.396019,99.38148,18.024131,-38.641164,1763.698858,83.11161,25.48473,-72.05854,249.55693,243.38024,-45.933759,2.417514,9.58634,-0.09197,-1.32347,50,3.00273,-0.81794,-83.19562,8.17876,6.65499,12.15176,-32.2379,GEO_PAT,NA,SpuhlerFieldMain,NA,NA,20250911-SpuhlerFieldMain-BP-5,22446800-8f41-11f0-b7ac-41d3680bab53,95.17848,26.63947,NA,2.65073,NA,NA,NA,4.00673,2.20997,-0.39794,5ca3cb06-d13d-4029-b9e1-c81cdf6982d6,2025-09-11,18:57:15,2025-09-11T18:57:15Z,2025-09-11T18:57:15Z,LineDrive,v3,471300,NA,NA,NA,NA,Undefined,GEO_PAT,05e4fc87-8f95-42c6-a48b-933a7fad0185,32.37751,-80.58053,6.07588,4.01631,1.24109,-16.11895,-1.34539,0.61423,3.3275,NA,4.00673,108.26129,-25.72099,6.67655,-1.65602,0.37197,-0.06961,0.00855,-4.8e-4,2.20997,45.10042,-22.97916,2.3414,-0.41795,0.07182,-0.01242,0.00209,-1.8e-4,-0.39794,-86.5515,6.19116,-0.29682,-0.14263,0.06428,-0.01429,0.00178,-9e-5,NA,NA,NA,NA,NA,NA,NA,NA,NA,NA,NA,NA,NA,NA,NA,NA,NA,NA,NA,NA,NA,NA,High,High,High,Medium,Medium,NA,NA,NA,NA,NA,NA,NA,NA,NA,NA,NA,NA,NA,NA,NA,NA,NA,NA,NA,NA,NA,NA,NA,NA,NA,NA,NA,NA,NA,NA,NA,NA,NA,NA,NA,NA,NA,NA,NA,NA,NA,NA,NA,NA,NA,NA,NA,NA,NA,NA,NA,NA,NA,NA,NA
NA,NA,NA,NA,NA,NA,NA,NA,NA,NA,NA,NA,NA,NA,NA,NA,64,2025-09-11,14:57:28,NA,NA,NA,NA,Undefined,GEO_PAT,"Alberti, Lucas",1000145512,Right,GEO_PAT,Undefined,1,Bottom,0,0,0,Undefined,Curveball,Undefined,Undefined,Undefined,Undefined,0,0,NA,57.39915,0.955001,-0.739683,2665.11773,78.721196,08:30:00,4.01217,1.29096,28.11391,-29.19191,-1.14949,-8.99949,2.09595,0.14104,54.15115,-8.180822,-3.517213,0.381135,99.53698,11.775094,-31.612746,2323.404625,91.39879,7.01667,-61.20642,144.32252,144.32252,-35.08834,1.158828,13.13587,-1.67512,-1.32054,50,3.03616,-0.87881,-87.2124,8.19473,9.87533,14.99686,-33.43338,GEO_PAT,NA,SpuhlerFieldMain,NA,NA,20250911-SpuhlerFieldMain-BP-5,2a243eb0-8f41-11f0-b7ac-41d3680bab53,98.89513,9.54984,NA,3.24799,NA,NA,NA,3.48588,2.17723,-0.03251,5ca3cb06-d13d-4029-b9e1-c81cdf6982d6,2025-09-11,18:57:28,2025-09-11T18:57:28Z,2025-09-11T18:57:28Z,LineDrive,v3,471300,NA,NA,NA,NA,Undefined,GEO_PAT,0ca9b043-80ab-43b4-8f67-3a39ef619e6a,32.3949,-84.13062,7.49843,4.01423,1.32432,-16.71669,-1.29262,1.15053,4.93767,NA,3.48587,121.70826,-22.68135,3.12728,-0.45547,-0.11321,0.16216,-0.08047,0.01608,2.17722,29.79255,-32.81081,5.9289,-1.05703,-0.31173,0.53227,-0.279,0.05676,-0.03251,-74.91193,1.34009,1.77999,-0.3109,-0.33857,0.43914,-0.22559,0.04571,NA,NA,NA,NA,NA,NA,NA,NA,NA,NA,NA,NA,NA,NA,NA,NA,NA,NA,NA,NA,NA,NA,High,High,High,Medium,High,NA,NA,NA,NA,NA,NA,NA,NA,NA,NA,NA,NA,NA,NA,NA,NA,NA,NA,NA,NA,NA,NA,NA,NA,NA,NA,NA,NA,NA,NA,NA,NA,NA,NA,NA,NA,NA,NA,NA,NA,NA,NA,NA,NA,NA,NA,NA,NA,NA,NA,NA,NA,NA,NA,NA
NA,NA,NA,NA,NA,NA,NA,NA,NA,NA,NA,NA,NA,NA,NA,NA,65,2025-09-11,14:57:42,NA,NA,NA,NA,Undefined,GEO_PAT,"Alberti, Lucas",1000145512,Right,GEO_PAT,Undefined,1,Bottom,0,0,0,Undefined,Curveball,Undefined,Undefined,Undefined,Undefined,0,0,NA,57.07828,1.350262,-0.551375,2123.723664,74.593696,08:30:00,4.08816,1.29083,28.56943,-28.92458,-1.67173,-8.02559,2.39728,0.32828,54.32585,-7.815044,-3.065002,0.375731,93.75653,41.235857,-27.39622,3348.476594,98.16511,95.68751,-49.63399,307.81735,200.69765,-27.252211,5.940743,12.19398,-2.66606,-1.26752,50,2.9153,-1.08703,-86.4205,9.16005,9.14671,12.96003,-34.17388,GEO_PAT,NA,SpuhlerFieldMain,NA,NA,20250911-SpuhlerFieldMain-BP-5,321ccd80-8f41-11f0-b7ac-41d3680bab53,100.31757,127.76626,NA,2.75242,NA,NA,NA,NA,NA,NA,5ca3cb06-d13d-4029-b9e1-c81cdf6982d6,2025-09-11,18:57:42,2025-09-11T18:57:42Z,2025-09-11T18:57:42Z,FlyBall,v3,471300,NA,NA,NA,NA,Undefined,GEO_PAT,9fc9b88b-d666-4c7c-8c28-6c81e34fb23d,31.93982,-83.66829,6.48001,4.08997,1.90283,-17.08694,-1.29211,0.85538,4.57335,179.852641,5.75909,91.71641,-23.34166,5.97362,-1.01636,0.09687,-0.00224,-3.2e-4,2e-5,6.07239,90.63925,-18.34582,0.25197,0.31366,-0.14061,0.03233,-0.0038,1.7e-4,-1.68059,-47.5336,12.04312,-3.07655,0.52216,-0.04948,0.00109,1.7e-4,-1e-5,NA,NA,NA,NA,NA,NA,NA,NA,NA,NA,NA,NA,NA,NA,NA,NA,NA,NA,NA,NA,NA,NA,High,High,High,Medium,Low,NA,NA,NA,NA,NA,NA,NA,NA,NA,NA,NA,NA,NA,NA,NA,NA,NA,NA,NA,NA,NA,NA,NA,NA,NA,NA,NA,NA,NA,NA,NA,NA,NA,NA,NA,NA,NA,NA,NA,NA,NA,NA,NA,NA,NA,NA,NA,NA,NA,NA,NA,NA,NA,NA,NA
NA,NA,NA,NA,NA,NA,NA,NA,NA,NA,NA,NA,NA,NA,NA,NA,66,2025-09-11,14:57:52,NA,NA,NA,NA,Undefined,GEO_PAT,"Alberti, Lucas",1000145512,Right,GEO_PAT,Undefined,1,Bottom,0,0,0,Undefined,Curveball,Undefined,Undefined,Undefined,Undefined,0,0,NA,56.69717,1.335827,-0.906709,2145.797834,68.92496,08:15:00,3.97153,1.18852,28.08036,-31.43529,-2.80213,-8.82756,2.07519,-0.03793,53.84479,-8.463125,-3.628166,0.385129,NA,NA,NA,NA,NA,NA,NA,NA,NA,NA,NA,12.8402,-4.21969,-1.27148,50,2.82603,-0.59246,-85.89827,9.18857,9.46187,13.42278,-35.28351,GEO_PAT,NA,SpuhlerFieldMain,NA,NA,20250911-SpuhlerFieldMain-BP-5,38a096a0-8f41-11f0-b7ac-41d3680bab53,97.86967,NA,NA,2.85238,NA,NA,NA,NA,NA,NA,5ca3cb06-d13d-4029-b9e1-c81cdf6982d6,2025-09-11,18:57:52,2025-09-11T18:57:52Z,2025-09-11T18:57:52Z,NA,v3,471300,NA,NA,NA,NA,Undefined,GEO_PAT,217bb962-0626-48df-bdb1-cf22bc13a439,32.42897,-83.10721,6.71139,3.97388,1.85191,-17.64176,-1.19012,1.37498,4.73093,NA,NA,NA,NA,NA,NA,NA,NA,NA,NA,NA,NA,NA,NA,NA,NA,NA,NA,NA,NA,NA,NA,NA,NA,NA,NA,NA,NA,NA,NA,NA,NA,NA,NA,NA,NA,NA,NA,NA,NA,NA,NA,NA,NA,NA,NA,NA,NA,NA,NA,High,High,High,NA,NA,NA,NA,NA,NA,NA,NA,NA,NA,NA,NA,NA,NA,NA,NA,NA,NA,NA,NA,NA,NA,NA,NA,NA,NA,NA,NA,NA,NA,NA,NA,NA,NA,NA,NA,NA,NA,NA,NA,NA,NA,NA,NA,NA,NA,NA,NA,NA,NA,NA,NA,NA,NA,NA,NA,NA
NA,NA,NA,NA,NA,NA,NA,NA,NA,NA,NA,NA,NA,NA,NA,NA,67,2025-09-11,14:58:09,NA,NA,NA,NA,Undefined,GEO_PAT,"Alberti, Lucas",1000145512,Right,GEO_PAT,Undefined,1,Bottom,0,0,0,Undefined,Changeup,Undefined,Undefined,Undefined,Undefined,0,0,NA,65.37946,0.79329,0.753589,1713.900903,174.835435,11:45:00,3.74657,-0.66881,18.49095,-22.20714,15.32898,-1.29335,2.45822,-0.24254,60.5815,-4.647484,0.449582,0.440957,23.89561,-13.609993,-33.673668,NA,NA,NA,NA,8.49216,6.5854,-21.859964,0.221221,1.36311,13.58052,0.77624,50,3.56822,-1.35504,-97.09706,2.9476,1.28809,16.6449,-19.34089,GEO_PAT,NA,SpuhlerFieldMain,NA,NA,20250911-SpuhlerFieldMain-BP-5,425617b0-8f41-11f0-b7ac-41d3680bab53,85.47877,2.61418,NA,4.79797,NA,NA,NA,1.68327,2.61418,1.09001,5ca3cb06-d13d-4029-b9e1-c81cdf6982d6,2025-09-11,18:58:09,2025-09-11T18:58:09Z,2025-09-11T18:58:09Z,GroundBall,v3,471300,NA,NA,NA,NA,Undefined,GEO_PAT,87450de4-097d-4110-b0c2-86214f6d5df9,42.01392,-95.71825,8.32245,3.74603,1.34547,-9.67044,0.66841,-1.24834,0.64405,NA,1.68312,28.3562,-1.52049,NA,NA,NA,NA,NA,NA,2.61424,-8.25051,-16.124389999999998,NA,NA,NA,NA,NA,NA,1.08992,-18.88157,-1.52822,NA,NA,NA,NA,NA,NA,NA,NA,NA,NA,NA,NA,NA,NA,NA,NA,NA,NA,NA,NA,NA,NA,NA,NA,NA,NA,NA,NA,High,High,High,Low,Low,NA,NA,NA,NA,NA,NA,NA,NA,NA,NA,NA,NA,NA,NA,NA,NA,NA,NA,NA,NA,NA,NA,NA,NA,NA,NA,NA,NA,NA,NA,NA,NA,NA,NA,NA,NA,NA,NA,NA,NA,NA,NA,NA,NA,NA,NA,NA,NA,NA,NA,NA,NA,NA,NA,NA
NA,NA,NA,NA,NA,NA,NA,NA,NA,NA,NA,NA,NA,NA,NA,NA,68,2025-09-11,14:58:21,NA,NA,NA,NA,Undefined,GEO_PAT,"Alberti, Lucas",1000145512,Right,GEO_PAT,Undefined,1,Bottom,0,0,0,Undefined,Changeup,Undefined,Undefined,Undefined,Undefined,0,0,NA,66.23275,-0.945722,0.672967,1721.066597,170.121336,11:45:00,3.75161,-0.68282,18.46909,-22.05737,14.39682,-2.34047,1.24285,-0.40069,61.80346,-6.310357,0.122665,0.434555,NA,NA,NA,NA,NA,NA,NA,NA,NA,NA,NA,2.19784,13.24516,0.77977,50,3.8163,-1.28761,-98.22125,-0.01315,2.14211,15.89384,-19.26483,GEO_PAT,NA,SpuhlerFieldMain,NA,NA,20250911-SpuhlerFieldMain-BP-5,49baf200-8f41-11f0-b7ac-41d3680bab53,86.73795,NA,NA,4.42929,NA,NA,NA,NA,NA,NA,5ca3cb06-d13d-4029-b9e1-c81cdf6982d6,2025-09-11,18:58:21,2025-09-11T18:58:21Z,2025-09-11T18:58:21Z,NA,v3,471300,NA,NA,NA,NA,Undefined,GEO_PAT,30afed6b-6960-4d3e-8685-13640052e1ea,42.03324,-96.92352,7.94692,3.75101,-1.58612,-9.63242,0.68177,-1.1127,1.07105,NA,NA,NA,NA,NA,NA,NA,NA,NA,NA,NA,NA,NA,NA,NA,NA,NA,NA,NA,NA,NA,NA,NA,NA,NA,NA,NA,NA,NA,NA,NA,NA,NA,NA,NA,NA,NA,NA,NA,NA,NA,NA,NA,NA,NA,NA,NA,NA,NA,NA,High,High,High,NA,NA,NA,NA,NA,NA,NA,NA,NA,NA,NA,NA,NA,NA,NA,NA,NA,NA,NA,NA,NA,NA,NA,NA,NA,NA,NA,NA,NA,NA,NA,NA,NA,NA,NA,NA,NA,NA,NA,NA,NA,NA,NA,NA,NA,NA,NA,NA,NA,NA,NA,NA,NA,NA,NA,NA,NA
NA,NA,NA,NA,NA,NA,NA,NA,NA,NA,NA,NA,NA,NA,NA,NA,69,2025-09-11,14:58:28,NA,NA,NA,NA,Undefined,GEO_PAT,"Alberti, Lucas",1000145512,Right,GEO_PAT,Undefined,1,Bottom,0,0,0,Undefined,Curveball,Undefined,Undefined,Undefined,Undefined,0,0,NA,59.29411,3.243123,-0.300226,2432.983213,81.835518,08:45:00,3.64798,1.35179,18.73667,-45.80483,-0.87358,-13.75324,2.11769,-0.00578,55.54465,-7.801981,-3.55211,0.482442,89.50735,11.709444,-1.505565,1163.638725,109.60689,13.48624,-9.29008,195.32846,195.32846,-7.720752,1.828395,12.04796,-1.20205,-1.36665,50,3.05393,-0.32528,-87.99679,7.91492,9.40677,12.98162,-33.11259,GEO_PAT,NA,SpuhlerFieldMain,NA,NA,20250911-SpuhlerFieldMain-BP-5,4db83750-8f41-11f0-b7ac-41d3680bab53,78.12836,13.57318,NA,3.74945,NA,NA,NA,4.1792299999999996,2.66824,-0.0806,5ca3cb06-d13d-4029-b9e1-c81cdf6982d6,2025-09-11,18:58:28,2025-09-11T18:58:28Z,2025-09-11T18:58:28Z,LineDrive,v3,471300,NA,NA,NA,NA,Undefined,GEO_PAT,4cccd142-49ff-4e58-b75b-f304c5e5fcbe,41.7713,-86.77437,6.49081,3.65243,4.79686,-16.5563,-1.35558,0.56051,4.70338,105.049894,4.1792299999999996,128.50089,-17.67616,3.02178,-0.58119,0.10008,-0.01736,0.00254,-2e-4,2.66824,26.64254,-17.20186,1.28481,-0.21557,0.04197,-0.00606,8.8e-4,-8e-5,-0.0806,-3.37742,-9.02595,2.50081,-0.64977,0.14771,-0.03014,0.00467,-3.8e-4,NA,NA,NA,NA,NA,NA,NA,NA,NA,NA,NA,NA,NA,NA,NA,NA,NA,NA,NA,NA,NA,NA,High,High,High,High,High,NA,NA,NA,NA,NA,NA,NA,NA,NA,NA,NA,NA,NA,NA,NA,NA,NA,NA,NA,NA,NA,NA,NA,NA,NA,NA,NA,NA,NA,NA,NA,NA,NA,NA,NA,NA,NA,NA,NA,NA,NA,NA,NA,NA,NA,NA,NA,NA,NA,NA,NA,NA,NA,NA,NA
NA,NA,NA,NA,NA,NA,NA,NA,NA,NA,NA,NA,NA,NA,NA,NA,70,2025-09-11,14:58:34,NA,NA,NA,NA,Undefined,GEO_PAT,"Alberti, Lucas",1000145512,Right,GEO_PAT,Undefined,1,Bottom,0,0,0,Undefined,Changeup,Undefined,Undefined,Undefined,Undefined,0,0,NA,66.01978,1.115202,1.079147,1607.131234,166.207345,11:30:00,3.74918,-0.68305,18.45082,-23.24304,13.51355,-3.08421,2.60356,-0.17449,61.38063,-4.549636,0.354949,0.436354,87.37408,2.965746,1.71968,3833.40236,NA,NA,NA,69.2104,40.94588,1.594477,0.568795,3.01311,11.87367,0.83856,50,3.52581,-2.03404,-97.97733,3.57887,2.91392,16.22077,-20.69132,GEO_PAT,NA,SpuhlerFieldMain,NA,NA,20250911-SpuhlerFieldMain-BP-5,519c2840-8f41-11f0-b7ac-41d3680bab53,86.38037,3.13736,NA,4.63915,NA,NA,NA,1.14508,2.60409,0.23387,5ca3cb06-d13d-4029-b9e1-c81cdf6982d6,2025-09-11,18:58:34,2025-09-11T18:58:34Z,2025-09-11T18:58:34Z,GroundBall,v3,471300,NA,NA,NA,NA,Undefined,GEO_PAT,6c51f3c2-20c3-4439-9f83-aa327043c207,42.05454,-96.65296,8.11038,3.74905,1.88949,-10.34566,0.6822,-1.79613,1.45696,16.930493,1.16002,127.56543,-14.06092,NA,NA,NA,NA,NA,NA,2.62103,6.22999,-19.10383,NA,NA,NA,NA,NA,NA,0.23641,3.78025,-1.43164,NA,NA,NA,NA,NA,NA,NA,NA,NA,NA,NA,NA,NA,NA,NA,NA,NA,NA,NA,NA,NA,NA,NA,NA,NA,NA,NA,NA,High,High,High,Medium,Low,NA,NA,NA,NA,NA,NA,NA,NA,NA,NA,NA,NA,NA,NA,NA,NA,NA,NA,NA,NA,NA,NA,NA,NA,NA,NA,NA,NA,NA,NA,NA,NA,NA,NA,NA,NA,NA,NA,NA,NA,NA,NA,NA,NA,NA,NA,NA,NA,NA,NA,NA,NA,NA,NA,NA
NA,NA,NA,NA,NA,NA,NA,NA,NA,NA,NA,NA,NA,NA,NA,NA,71,2025-09-11,14:58:58,NA,NA,NA,NA,Undefined,GEO_PAT,"Alberti, Lucas",1000145512,Right,GEO_PAT,Undefined,1,Bottom,0,0,0,Undefined,Curveball,Undefined,Undefined,Undefined,Undefined,0,0,NA,59.6411,3.267899,-0.325536,2568.465837,74.592956,08:30:00,3.71592,1.40354,18.7868,-47.0142,-2.40051,-13.08485,2.0995,0.08413,55.50432,-8.096108,-3.427002,0.480735,NA,NA,NA,NA,NA,NA,NA,NA,NA,NA,NA,11.44556,-2.59933,-1.42437,50,3.1141200000000002,-0.24177,-88.61739,8.05933,8.97561,14.29856,-34.21245,GEO_PAT,NA,SpuhlerFieldMain,NA,NA,20250911-SpuhlerFieldMain-BP-5,5fb096a0-8f41-11f0-b7ac-41d3680bab53,78.40591,NA,NA,4.13678,NA,NA,NA,NA,NA,NA,5ca3cb06-d13d-4029-b9e1-c81cdf6982d6,2025-09-11,18:58:58,2025-09-11T18:58:58Z,2025-09-11T18:58:58Z,NA,v3,471300,NA,NA,NA,NA,Undefined,GEO_PAT,30ac4796-35ff-4558-a29b-47751ffc74e9,41.72086,-87.27132,7.14928,3.72123,4.83855,-17.10622,-1.40736,0.6032,4.48781,NA,NA,NA,NA,NA,NA,NA,NA,NA,NA,NA,NA,NA,NA,NA,NA,NA,NA,NA,NA,NA,NA,NA,NA,NA,NA,NA,NA,NA,NA,NA,NA,NA,NA,NA,NA,NA,NA,NA,NA,NA,NA,NA,NA,NA,NA,NA,NA,NA,NA,High,High,High,NA,NA,NA,NA,NA,NA,NA,NA,NA,NA,NA,NA,NA,NA,NA,NA,NA,NA,NA,NA,NA,NA,NA,NA,NA,NA,NA,NA,NA,NA,NA,NA,NA,NA,NA,NA,NA,NA,NA,NA,NA,NA,NA,NA,NA,NA,NA,NA,NA,NA,NA,NA,NA,NA,NA,NA,NA
NA,NA,NA,NA,NA,NA,NA,NA,NA,NA,NA,NA,NA,NA,NA,NA,72,2025-09-11,14:59:04,NA,NA,NA,NA,Undefined,GEO_PAT,"Alberti, Lucas",1000145512,Right,GEO_PAT,Undefined,1,Bottom,0,0,0,Undefined,Changeup,Undefined,Undefined,Undefined,Undefined,0,0,NA,65.76664,0.958078,0.380604,1753.070931,184.707591,12:15:00,3.73859,-0.69558,18.48408,-24.06549,13.19678,0.99957,2.41225,-0.34252,60.71162,-4.927543,0.615556,0.439345,94.97028,16.047393,20.115487,1215.33431,101.58848,25.80034,42.18695,274.21787,274.21787,26.851407,2.871998,-0.75091,11.64347,0.7467,50,3.53451,-0.58927,-97.7389,3.34836,-0.71482,17.68754,-21.08986,GEO_PAT,NA,SpuhlerFieldMain,NA,NA,20250911-SpuhlerFieldMain-BP-5,637b5a40-8f41-11f0-b7ac-41d3680bab53,85.79229,28.45295,NA,5.05502,NA,NA,NA,2.1018,2.5158,0.35081,5ca3cb06-d13d-4029-b9e1-c81cdf6982d6,2025-09-11,18:59:04,2025-09-11T18:59:04Z,2025-09-11T18:59:04Z,LineDrive,v3,471300,NA,NA,NA,NA,Undefined,GEO_PAT,3429c745-5b82-4cda-9eb4-2a0e5ce244ae,42.02077,-96.28409,8.84377,3.73858,1.61371,-10.54493,0.69581,-0.64806,-0.35741,222.61207,2.10181,125.69681,-24.28151,5.68475,-1.24972,0.25644,-0.04531,0.00562,-3.3e-4,2.51581,38.50301,-14.76207,0.27769,0.09534,-0.04442,0.01105,-0.00143,8e-5,0.35081,46.0364,-0.84168,-0.31105,0.16646,-0.04951,0.01034,-0.00141,9e-5,NA,NA,NA,NA,NA,NA,NA,NA,NA,NA,NA,NA,NA,NA,NA,NA,NA,NA,NA,NA,NA,NA,High,High,High,High,High,NA,NA,NA,NA,NA,NA,NA,NA,NA,NA,NA,NA,NA,NA,NA,NA,NA,NA,NA,NA,NA,NA,NA,NA,NA,NA,NA,NA,NA,NA,NA,NA,NA,NA,NA,NA,NA,NA,NA,NA,NA,NA,NA,NA,NA,NA,NA,NA,NA,NA,NA,NA,NA,NA,NA
NA,NA,NA,NA,NA,NA,NA,NA,NA,NA,NA,NA,NA,NA,NA,NA,73,2025-09-11,14:59:42,NA,NA,NA,NA,Undefined,GEO_PAT,"Alberti, Lucas",1000145512,Right,GEO_PAT,Undefined,1,Bottom,0,0,0,Undefined,Curveball,Undefined,Undefined,Undefined,Undefined,0,0,NA,56.79108,1.009021,-0.240603,2018.335426,90.911469,09:00:00,4.05779,1.37026,27.97821,-27.92879,0.71039,-7.87453,2.27841,0.58339,53.96626,-7.688352,-2.660502,0.385169,82.2896,26.289229,-8.781592,3327.71998,107.13306,44.92093,-24.94982,268.36904,268.36904,-19.334049,3.88733,11.54217,1.15941,-1.27312,50,3.10225,-1.36106,-85.88124,7.86918,8.5507,12.7906,-31.31512,GEO_PAT,NA,SpuhlerFieldMain,NA,NA,20250911-SpuhlerFieldMain-BP-5,7a1a8550-8f41-11f0-b7ac-41d3680bab53,97.85936,50.53418,NA,2.82482,NA,NA,NA,1.97935,2.40542,-0.6085,5ca3cb06-d13d-4029-b9e1-c81cdf6982d6,2025-09-11,18:59:42,2025-09-11T18:59:42Z,2025-09-11T18:59:42Z,LineDrive,v3,471300,NA,NA,NA,NA,Undefined,GEO_PAT,9d2aa89e-bc89-47cd-9b35-e0fda0b34b53,32.53038,-83.23878,6.3953,4.0597,1.39966,-15.65756,-1.37183,0.40546,4.27535,145.119292,1.97889,106.95033,-21.28228,4.95713,-1.11042,0.26265,-0.05681,0.00802,-4.8e-4,2.40608,53.4401,-15.69204,0.40718,0.12247,-0.08245,0.02345,-0.00279,9e-5,-0.6085,-16.52275,-4.32759,1.45517,-0.34133,0.05909,-0.0074400000000000004,6.2e-4,-2e-5,NA,NA,NA,NA,NA,NA,NA,NA,NA,NA,NA,NA,NA,NA,NA,NA,NA,NA,NA,NA,NA,NA,High,High,High,High,High,NA,NA,NA,NA,NA,NA,NA,NA,NA,NA,NA,NA,NA,NA,NA,NA,NA,NA,NA,NA,NA,NA,NA,NA,NA,NA,NA,NA,NA,NA,NA,NA,NA,NA,NA,NA,NA,NA,NA,NA,NA,NA,NA,NA,NA,NA,NA,NA,NA,NA,NA,NA,NA,NA,NA
NA,NA,NA,NA,NA,NA,NA,NA,NA,NA,NA,NA,NA,NA,NA,NA,74,2025-09-11,14:59:49,NA,NA,NA,NA,Undefined,GEO_PAT,"Alberti, Lucas",1000145512,Right,GEO_PAT,Undefined,1,Bottom,0,0,0,Undefined,Curveball,Undefined,Undefined,Undefined,Undefined,0,0,NA,58.15255,0.780446,-1.046264,2600.681921,82.476578,08:45:00,4.02222,1.25906,27.95806,-28.19368,-0.56681,-9.15851,2.09695,-0.07276,54.80481,-8.002974,-3.857635,0.378301,95.83562,8.005587,3.063681,5049.816054,NA,NA,NA,NA,42.929,NA,NA,13.01953,-0.62193,-1.3871,50,3.14867,-0.38289,-88.32854,7.63963,10.03314,15.46136,-32.65332,GEO_PAT,NA,SpuhlerFieldMain,NA,NA,20250911-SpuhlerFieldMain-BP-5,7de32610-8f41-11f0-b7ac-41d3680bab53,99.6362,6.80717,NA,3.34774,NA,NA,NA,1.42559,2.09815,0.07267,5ca3cb06-d13d-4029-b9e1-c81cdf6982d6,2025-09-11,18:59:49,2025-09-11T18:59:49Z,2025-09-11T18:59:49Z,NA,v3,471300,NA,NA,NA,NA,Undefined,GEO_PAT,0e8b670f-b764-4a5a-bc88-e47137c25c6d,32.55032,-85.21936,7.73068,4.02472,1.07326,-16.32666,-1.26124,1.6347,5.01657,136.673927,1.43057,138.77732,-18.13334,NA,NA,NA,NA,NA,NA,2.09912,19.53419,-14.18271,NA,NA,NA,NA,NA,NA,0.07439,7.36543,-4.55229,NA,NA,NA,NA,NA,NA,NA,NA,NA,NA,NA,NA,NA,NA,NA,NA,NA,NA,NA,NA,NA,NA,NA,NA,NA,NA,NA,NA,High,High,High,Medium,Undefined,NA,NA,NA,NA,NA,NA,NA,NA,NA,NA,NA,NA,NA,NA,NA,NA,NA,NA,NA,NA,NA,NA,NA,NA,NA,NA,NA,NA,NA,NA,NA,NA,NA,NA,NA,NA,NA,NA,NA,NA,NA,NA,NA,NA,NA,NA,NA,NA,NA,NA,NA,NA,NA,NA,NA
NA,NA,NA,NA,NA,NA,NA,NA,NA,NA,NA,NA,NA,NA,NA,NA,75,2025-09-11,15:00:05,NA,NA,NA,NA,Undefined,GEO_PAT,"Alberti, Lucas",1000145512,Right,GEO_PAT,Undefined,1,Bottom,0,0,0,Undefined,Changeup,Undefined,Undefined,Undefined,Undefined,0,0,NA,66.81451,1.407019,0.9496,1612.800803,170.257757,11:45:00,3.73905,-0.70054,18.4271,-22.14407,14.08804,-2.2426,2.89269,-0.21338,61.57026,-4.020241,0.423391,0.43323,18.96923,38.143209,-53.143029,2194.002556,NA,NA,NA,28.95142,28.89684,-45.714136,1.216534,2.26331,12.22623,0.83581,50,3.47908,-1.78002,-99.25793,4.03985,2.22183,18.25869,-20.17194,GEO_PAT,NA,SpuhlerFieldMain,NA,NA,20250911-SpuhlerFieldMain-BP-5,87bf9010-8f41-11f0-b7ac-41d3680bab53,87.00338,7.49293,NA,5.24425,NA,NA,NA,4.30783,2.94371,0.26739,5ca3cb06-d13d-4029-b9e1-c81cdf6982d6,2025-09-11,19:00:05,2025-09-11T19:00:05Z,2025-09-11T19:00:05Z,GroundBall,v3,471300,NA,NA,NA,NA,Undefined,GEO_PAT,c0f5e38f-2b46-43e0-93b9-965a8e516420,42.07768,-97.78974,9.12934,3.73871,2.41782,-10.08597,0.69987,-1.60136,1.11092,331.177983,4.30783,13.12457,-0.01622,-0.03081,-0.0357,0.07377,-0.03733,0.00653,-5.2e-4,2.94371,17.18355,-16.34188,0.36817,-0.73365,1.84061,-2.45221,1.54234,-0.36616,0.26739,-17.50766,0.14468,0.10946,0.11636,-0.28326,0.14932,-0.0243,9e-4,NA,NA,NA,NA,NA,NA,NA,NA,NA,NA,NA,NA,NA,NA,NA,NA,NA,NA,NA,NA,NA,NA,High,High,High,High,High,NA,NA,NA,NA,NA,NA,NA,NA,NA,NA,NA,NA,NA,NA,NA,NA,NA,NA,NA,NA,NA,NA,NA,NA,NA,NA,NA,NA,NA,NA,NA,NA,NA,NA,NA,NA,NA,NA,NA,NA,NA,NA,NA,NA,NA,NA,NA,NA,NA,NA,NA,NA,NA,NA,NA
NA,NA,NA,NA,NA,NA,NA,NA,NA,NA,NA,NA,NA,NA,NA,NA,76,2025-09-11,15:00:10,NA,NA,NA,NA,Undefined,GEO_PAT,"Alberti, Lucas",1000145512,Right,GEO_PAT,Undefined,1,Bottom,0,0,0,Undefined,Changeup,Undefined,Undefined,Undefined,Undefined,0,0,NA,65.04479,2.767852,1.013725,1575.931026,171.333681,11:45:00,3.74809,-0.69818,18.46187,-23.75178,14.05808,-2.00162,3.73343,-0.14602,60.48937,-3.024099,0.543996,0.442562,19.24765,21.189475,15.165049,6820.453346,NA,NA,NA,26.12007,26.05599,13.637367,0.908668,2.03835,11.8991,0.84282,50,3.29225,-1.82729,-96.3968,6.35667,1.9156,15.15893,-20.99159,GEO_PAT,NA,SpuhlerFieldMain,NA,NA,20250911-SpuhlerFieldMain-BP-5,8adb00e0-8f41-11f0-b7ac-41d3680bab53,85.16877,5.44749,NA,4.55543,NA,NA,NA,3.33753,3.82926,0.15522,5ca3cb06-d13d-4029-b9e1-c81cdf6982d6,2025-09-11,19:00:10,2025-09-11T19:00:10Z,2025-09-11T19:00:10Z,GroundBall,v3,471300,NA,NA,NA,NA,Undefined,GEO_PAT,3ccebb0f-8011-478d-a6a6-4ac0c81dd8b2,42.0436,-95.13739,7.57947,3.74792,4.61267,-10.4958,0.69762,-1.66814,0.9578,183.580862,3.33753,25.4042,-1.44587,0.19609,0.37308,-1.12268,1.37606,-0.7978,0.18175,3.82926,10.20387,-16.20569,0.4248,-0.15488,0.19368,-0.10568,-0.00118,0.01302,0.15522,6.88548,-0.36097,0.03046,0.17901,-0.45366,0.55535,-0.32377,0.07363,NA,NA,NA,NA,NA,NA,NA,NA,NA,NA,NA,NA,NA,NA,NA,NA,NA,NA,NA,NA,NA,NA,High,High,High,High,High,NA,NA,NA,NA,NA,NA,NA,NA,NA,NA,NA,NA,NA,NA,NA,NA,NA,NA,NA,NA,NA,NA,NA,NA,NA,NA,NA,NA,NA,NA,NA,NA,NA,NA,NA,NA,NA,NA,NA,NA,NA,NA,NA,NA,NA,NA,NA,NA,NA,NA,NA,NA,NA,NA,NA
NA,NA,NA,NA,NA,NA,NA,NA,NA,NA,NA,NA,NA,NA,NA,NA,77,2025-09-11,15:00:18,NA,NA,NA,NA,Undefined,GEO_PAT,"Alberti, Lucas",1000145512,Right,GEO_PAT,Undefined,1,Bottom,0,0,0,Undefined,Slider,Undefined,Undefined,Undefined,Undefined,0,0,NA,64.78846,1.177609,0.440879,1757.737054,181.26838,12:00:00,3.73997,-0.69847,18.55086,-24.67147,13.33095,0.27319,2.51743,-0.36374,60.22252,-4.84487,0.505193,0.443688,87.71123,2.123678,9.739468,1863.50097,NA,NA,NA,80.62369,80.62369,12.969514,0.666052,-0.10957,11.76245,0.75979,50,3.50027,-0.72344,-96.19961,3.74034,-0.102,15.85798,-21.22538,GEO_PAT,NA,SpuhlerFieldMain,NA,NA,20250911-SpuhlerFieldMain-BP-5,8f891fa0-8f41-11f0-b7ac-41d3680bab53,84.95267,2.9566,NA,4.56594,NA,NA,NA,1.47778,2.52235,0.37323,5ca3cb06-d13d-4029-b9e1-c81cdf6982d6,2025-09-11,19:00:18,2025-09-11T19:00:18Z,2025-09-11T19:00:18Z,GroundBall,v3,471300,NA,NA,NA,NA,Undefined,GEO_PAT,de891f99-b5c7-47e0-accf-1d8297513f49,41.95468,-94.86411,7.92899,3.74,1.95282,-10.61269,0.6985,-0.73203,-0.051,253.233859,1.50841,126.08329,-15.66256,NA,NA,NA,NA,NA,NA,2.52875,4.63939,-12.67979,NA,NA,NA,NA,NA,NA,0.34726,22.27667,6.61332,NA,NA,NA,NA,NA,NA,NA,NA,NA,NA,NA,NA,NA,NA,NA,NA,NA,NA,NA,NA,NA,NA,NA,NA,NA,NA,NA,NA,High,High,High,High,High,NA,NA,NA,NA,NA,NA,NA,NA,NA,NA,NA,NA,NA,NA,NA,NA,NA,NA,NA,NA,NA,NA,NA,NA,NA,NA,NA,NA,NA,NA,NA,NA,NA,NA,NA,NA,NA,NA,NA,NA,NA,NA,NA,NA,NA,NA,NA,NA,NA,NA,NA,NA,NA,NA,NA
NA,NA,NA,NA,NA,NA,NA,NA,NA,NA,NA,NA,NA,NA,NA,NA,78,2025-09-11,15:00:25,NA,NA,NA,NA,Undefined,GEO_PAT,"Alberti, Lucas",1000145512,Right,GEO_PAT,Undefined,1,Bottom,0,0,0,Undefined,Curveball,Undefined,Undefined,Undefined,Undefined,0,0,NA,56.38215,0.771091,-0.154286,2267.484074,77.604336,08:30:00,3.98581,1.39548,27.81629,-30.84053,-1.44681,-9.35642,1.83672,0.53156,53.6479,-8.758969,-3.016904,0.39021,92.02455,-2.078303,-45.094447,3756.009615,NA,NA,NA,37.3123,34.66581,-42.792424,0.27712,13.70406,-2.04677,-1.24212,50,3.05831,-1.78114,-85.32642,7.97894,9.99563,12.90662,-33.66695,GEO_PAT,NA,SpuhlerFieldMain,NA,NA,20250911-SpuhlerFieldMain-BP-5,937bdda0-8f41-11f0-b7ac-41d3680bab53,96.59521,2.45186,NA,2.73425,NA,NA,NA,2.50731,2.45186,-0.40073,5ca3cb06-d13d-4029-b9e1-c81cdf6982d6,2025-09-11,19:00:25,2025-09-11T19:00:25Z,2025-09-11T19:00:25Z,GroundBall,v3,471300,NA,NA,NA,NA,Undefined,GEO_PAT,7a510e75-00c9-44ec-bb86-5e34f1fcdbc6,32.69296,-82.66709,6.45331,3.98768,1.04206,-16.83347,-1.39694,0.2784,4.99782,NA,2.51244,94.9695,-18.94388,NA,NA,NA,NA,NA,NA,2.45349,-4.97351,-14.02184,NA,NA,NA,NA,NA,NA,-0.40592,-95.2811,19.1065,NA,NA,NA,NA,NA,NA,NA,NA,NA,NA,NA,NA,NA,NA,NA,NA,NA,NA,NA,NA,NA,NA,NA,NA,NA,NA,NA,NA,High,High,High,Low,Medium,NA,NA,NA,NA,NA,NA,NA,NA,NA,NA,NA,NA,NA,NA,NA,NA,NA,NA,NA,NA,NA,NA,NA,NA,NA,NA,NA,NA,NA,NA,NA,NA,NA,NA,NA,NA,NA,NA,NA,NA,NA,NA,NA,NA,NA,NA,NA,NA,NA,NA,NA,NA,NA,NA,NA
NA,NA,NA,NA,NA,NA,NA,NA,NA,NA,NA,NA,NA,NA,NA,NA,79,2025-09-11,15:00:48,NA,NA,NA,NA,Undefined,GEO_PAT,"Alberti, Lucas",1000145512,Right,GEO_PAT,Undefined,1,Bottom,0,0,0,Undefined,Changeup,Undefined,Undefined,Undefined,Undefined,0,0,NA,65.45108,2.674942,0.451206,1501.1176,177.688221,12:00:00,3.74534,-0.69333,18.37832,-23.10411,14.52587,-0.54736,3.72227,-0.41831,60.63615,-2.964453,0.322989,0.441508,NA,NA,NA,NA,NA,NA,NA,NA,NA,NA,NA,0.59484,12.22036,0.75599,50,3.30854,-0.79303,-96.9529,6.17698,0.56404,15.69863,-20.58673,GEO_PAT,NA,SpuhlerFieldMain,NA,NA,20250911-SpuhlerFieldMain-BP-5,a116fd50-8f41-11f0-b7ac-41d3680bab53,85.37205,NA,NA,4.81493,NA,NA,NA,NA,NA,NA,5ca3cb06-d13d-4029-b9e1-c81cdf6982d6,2025-09-11,19:00:48,2025-09-11T19:00:48Z,2025-09-11T19:00:48Z,NA,v3,471300,NA,NA,NA,NA,Undefined,GEO_PAT,5b3371c8-037d-4977-85a2-eaec0b12a582,42.12296,-95.66894,7.84931,3.74489,4.49324,-10.29337,0.69302,-0.7469,0.28202,NA,NA,NA,NA,NA,NA,NA,NA,NA,NA,NA,NA,NA,NA,NA,NA,NA,NA,NA,NA,NA,NA,NA,NA,NA,NA,NA,NA,NA,NA,NA,NA,NA,NA,NA,NA,NA,NA,NA,NA,NA,NA,NA,NA,NA,NA,NA,NA,NA,NA,High,High,High,NA,NA,NA,NA,NA,NA,NA,NA,NA,NA,NA,NA,NA,NA,NA,NA,NA,NA,NA,NA,NA,NA,NA,NA,NA,NA,NA,NA,NA,NA,NA,NA,NA,NA,NA,NA,NA,NA,NA,NA,NA,NA,NA,NA,NA,NA,NA,NA,NA,NA,NA,NA,NA,NA,NA,NA,NA
NA,NA,NA,NA,NA,NA,NA,NA,NA,NA,NA,NA,NA,NA,NA,NA,80,2025-09-11,15:00:53,NA,NA,NA,NA,Undefined,GEO_PAT,"Alberti, Lucas",1000145512,Right,GEO_PAT,Undefined,1,Bottom,0,0,0,Undefined,Changeup,Undefined,Undefined,Undefined,Undefined,0,0,NA,65.83352,1.88627,0.602833,1622.001745,186.626045,12:15:00,3.74277,-0.70139,18.41832,-24.38446,12.64048,1.35906,3.05036,-0.16016,61.18661,-4.045893,0.921636,0.437944,NA,NA,NA,NA,NA,NA,NA,NA,NA,NA,NA,-1.01319,10.86611,0.78197,50,3.41163,-0.94489,-97.67161,4.94732,-0.9742,16.04749,-21.7259,GEO_PAT,NA,SpuhlerFieldMain,NA,NA,20250911-SpuhlerFieldMain-BP-5,a42b4230-8f41-11f0-b7ac-41d3680bab53,86.06682,NA,NA,4.64691,NA,NA,NA,NA,NA,NA,5ca3cb06-d13d-4029-b9e1-c81cdf6982d6,2025-09-11,19:00:53,2025-09-11T19:00:53Z,2025-09-11T19:00:53Z,NA,v3,471300,NA,NA,NA,NA,Undefined,GEO_PAT,2cd2dc61-3367-49da-8a19-34060616581f,42.08724,-96.36278,8.02374,3.74287,3.17535,-10.86295,0.70167,-1.02434,-0.4871,NA,NA,NA,NA,NA,NA,NA,NA,NA,NA,NA,NA,NA,NA,NA,NA,NA,NA,NA,NA,NA,NA,NA,NA,NA,NA,NA,NA,NA,NA,NA,NA,NA,NA,NA,NA,NA,NA,NA,NA,NA,NA,NA,NA,NA,NA,NA,NA,NA,NA,High,High,High,NA,NA,NA,NA,NA,NA,NA,NA,NA,NA,NA,NA,NA,NA,NA,NA,NA,NA,NA,NA,NA,NA,NA,NA,NA,NA,NA,NA,NA,NA,NA,NA,NA,NA,NA,NA,NA,NA,NA,NA,NA,NA,NA,NA,NA,NA,NA,NA,NA,NA,NA,NA,NA,NA,NA,NA,NA
NA,NA,NA,NA,NA,NA,NA,NA,NA,NA,NA,NA,NA,NA,NA,NA,81,2025-09-11,15:00:59,NA,NA,NA,NA,Undefined,GEO_PAT,"Alberti, Lucas",1000145512,Right,GEO_PAT,Undefined,1,Bottom,0,0,0,Undefined,Changeup,Undefined,Undefined,Undefined,Undefined,0,0,NA,66.79397,0.355247,0.738456,1675.618887,173.767743,11:45:00,3.73674,-0.70514,18.54905,-22.25781,13.49745,-1.37095,2.13333,-0.29681,62.09925,-5.083304,0.415654,0.430369,84.14529,19.569238,20.334338,3978.939846,99.49913,30.69459,46.90299,251.19841,249.50991,32.141774,3.14745,1.43051,12.13725,0.81161,50,3.6191,-1.36612,-99.20485,2.2615,1.4153,16.94047,-20.16584,GEO_PAT,NA,SpuhlerFieldMain,NA,NA,20250911-SpuhlerFieldMain-BP-5,a822bb20-8f41-11f0-b7ac-41d3680bab53,87.58162,32.79195,NA,4.69471,NA,NA,NA,1.21647,2.13083,0.28216,5ca3cb06-d13d-4029-b9e1-c81cdf6982d6,2025-09-11,19:00:59,2025-09-11T19:00:59Z,2025-09-11T19:00:59Z,LineDrive,v3,471300,NA,NA,NA,NA,Undefined,GEO_PAT,12c98254-f94b-4862-a497-7a14f3cc70de,41.95677,-97.82172,8.47024,3.73653,0.61504,-10.08292,0.70479,-1.25056,0.70765,226.374072,1.21662,109.02973,-23.07522,5.05265,-0.87489,0.08043,0.00831,-0.0036,3.4e-4,2.13059,41.3487,-14.46159,0.49206,-0.25838,0.18723,-0.07079,0.01391,-0.0011,0.28199,40.41709,2.36793,-1.01152,0.12333,0.0681,-0.03877,0.00822,-6.6e-4,NA,NA,NA,NA,NA,NA,NA,NA,NA,NA,NA,NA,NA,NA,NA,NA,NA,NA,NA,NA,NA,NA,High,High,High,High,High,NA,NA,NA,NA,NA,NA,NA,NA,NA,NA,NA,NA,NA,NA,NA,NA,NA,NA,NA,NA,NA,NA,NA,NA,NA,NA,NA,NA,NA,NA,NA,NA,NA,NA,NA,NA,NA,NA,NA,NA,NA,NA,NA,NA,NA,NA,NA,NA,NA,NA,NA,NA,NA,NA,NA
NA,NA,NA,NA,NA,NA,NA,NA,NA,NA,NA,NA,NA,NA,NA,NA,82,2025-09-11,15:01:06,NA,NA,NA,NA,Undefined,GEO_PAT,"Alberti, Lucas",1000145512,Right,GEO_PAT,Undefined,1,Bottom,0,0,0,Undefined,Changeup,Undefined,Undefined,Undefined,Undefined,0,0,NA,65.38662,0.667283,0.735899,1703.217888,169.854722,11:45:00,3.7142,-0.71879,18.46912,-23.75647,13.34902,-2.23394,2.20767,-0.38316,61.36687,-5.093443,0.210967,0.43842,NA,NA,NA,NA,NA,NA,NA,NA,NA,NA,NA,2.15969,11.89796,0.82578,50,3.5507,-1.38623,-96.9555,2.83649,2.06803,14.31386,-20.78114,GEO_PAT,NA,SpuhlerFieldMain,NA,NA,20250911-SpuhlerFieldMain-BP-5,abd14430-8f41-11f0-b7ac-41d3680bab53,85.97332,NA,NA,4.01976,NA,NA,NA,NA,NA,NA,5ca3cb06-d13d-4029-b9e1-c81cdf6982d6,2025-09-11,19:01:06,2025-09-11T19:01:06Z,2025-09-11T19:01:06Z,NA,v3,471300,NA,NA,NA,NA,Undefined,GEO_PAT,bd89254a-cbbd-42a9-8270-5b1588821ffa,42.03716,-95.77271,7.15693,3.71414,1.11928,-10.39057,0.7183,-1.21534,1.03401,NA,NA,NA,NA,NA,NA,NA,NA,NA,NA,NA,NA,NA,NA,NA,NA,NA,NA,NA,NA,NA,NA,NA,NA,NA,NA,NA,NA,NA,NA,NA,NA,NA,NA,NA,NA,NA,NA,NA,NA,NA,NA,NA,NA,NA,NA,NA,NA,NA,NA,High,High,High,NA,NA,NA,NA,NA,NA,NA,NA,NA,NA,NA,NA,NA,NA,NA,NA,NA,NA,NA,NA,NA,NA,NA,NA,NA,NA,NA,NA,NA,NA,NA,NA,NA,NA,NA,NA,NA,NA,NA,NA,NA,NA,NA,NA,NA,NA,NA,NA,NA,NA,NA,NA,NA,NA,NA,NA,NA
NA,NA,NA,NA,NA,NA,NA,NA,NA,NA,NA,NA,NA,NA,NA,NA,83,2025-09-11,15:01:23,NA,NA,NA,NA,Undefined,GEO_PAT,"Alberti, Lucas",1000145512,Right,GEO_PAT,Undefined,1,Bottom,0,0,0,Undefined,Changeup,Undefined,Undefined,Undefined,Undefined,0,0,NA,65.26517,0.19014,0.451929,1731.030146,181.400031,12:00:00,3.74418,-0.7098,18.52136,-23.53486,13.74422,0.3135,1.91759,-0.36365,61.08012,-5.532252,0.525706,0.439444,93.86533,10.944529,-12.35093,2358.64155,107.09130999999999,16.07027,-25.12867,233.05109,233.05109,-15.448006,2.279182,-0.15217,12.40635,0.77232,50,3.64649,-0.74414,-96.85179,2.02015,-0.14462,15.03159,-20.38201,GEO_PAT,NA,SpuhlerFieldMain,NA,NA,20250911-SpuhlerFieldMain-BP-5,b60284f0-8f41-11f0-b7ac-41d3680bab53,85.77294,16.47354,NA,4.18505,NA,NA,NA,2.07956,1.96731,0.37681,5ca3cb06-d13d-4029-b9e1-c81cdf6982d6,2025-09-11,19:01:23,2025-09-11T19:01:23Z,2025-09-11T19:01:23Z,LineDrive,v3,471300,NA,NA,NA,NA,Undefined,GEO_PAT,7c35afa0-6fad-4925-8cbe-932b7a9e8c2d,41.98479,-95.59972,7.51579,3.74406,0.32242,-10.191,0.70983,-0.75619,-0.07231,161.027635,2.07952,132.03968,-23.23809,5.30228,-1.11593,0.21575,-0.02579,-0.00153,6.8e-4,1.96741,26.13081,-11.31167,-0.75358,0.42516,-0.10482,-0.01283,0.01475,-0.00245,0.37685,-28.91481,1.91839,-1.02651,0.35725,-0.08415,3.7e-4,0.00596,-0.00107,NA,NA,NA,NA,NA,NA,NA,NA,NA,NA,NA,NA,NA,NA,NA,NA,NA,NA,NA,NA,NA,NA,High,High,High,High,High,NA,NA,NA,NA,NA,NA,NA,NA,NA,NA,NA,NA,NA,NA,NA,NA,NA,NA,NA,NA,NA,NA,NA,NA,NA,NA,NA,NA,NA,NA,NA,NA,NA,NA,NA,NA,NA,NA,NA,NA,NA,NA,NA,NA,NA,NA,NA,NA,NA,NA,NA,NA,NA,NA,NA
NA,NA,NA,NA,NA,NA,NA,NA,NA,NA,NA,NA,NA,NA,NA,NA,84,2025-09-11,15:01:43,NA,NA,NA,NA,Undefined,GEO_PAT,"Alberti, Lucas",1000145512,Right,GEO_PAT,Undefined,1,Bottom,0,0,0,Undefined,Curveball,Undefined,Undefined,Undefined,Undefined,0,0,NA,59.8561,1.122187,-0.761406,2443.595568,70.981093,08:15:00,4.03841,1.30301,28.26536,-27.33293,-2.07697,-7.4563,2.36459,0.27195,56.97015,-7.451608,-3.073435,0.361704,71.63289,-12.79638,17.189468,NA,NA,NA,NA,12.68673,2.37966,13.555308,0.106389,10.95272,-3.04488,-1.36927,50,3.02694,-0.57546,-90.50965,8.54402,9.03462,13.90317,-34.68569,GEO_PAT,NA,SpuhlerFieldMain,NA,NA,20250911-SpuhlerFieldMain-BP-5,c1f12d20-8f41-11f0-b7ac-41d3680bab53,104.208,2.48363,NA,2.88596,NA,NA,NA,1.88685,2.48363,-0.25805,5ca3cb06-d13d-4029-b9e1-c81cdf6982d6,2025-09-11,19:01:43,2025-09-11T19:01:43Z,2025-09-11T19:01:43Z,GroundBall,v3,471300,NA,NA,NA,NA,Undefined,GEO_PAT,3993cfcc-519e-4432-8b03-2137455ad5b8,32.24371,-87.73972,6.95158,4.04078,1.6336,-17.34285,-1.30461,1.22451,4.51731,NA,1.88145,98.19131,NA,NA,NA,NA,NA,NA,NA,2.48491,-23.34474,NA,NA,NA,NA,NA,NA,NA,-0.25973,30.37551,NA,NA,NA,NA,NA,NA,NA,NA,NA,NA,NA,NA,NA,NA,NA,NA,NA,NA,NA,NA,NA,NA,NA,NA,NA,NA,NA,NA,NA,High,High,High,Low,Low,NA,NA,NA,NA,NA,NA,NA,NA,NA,NA,NA,NA,NA,NA,NA,NA,NA,NA,NA,NA,NA,NA,NA,NA,NA,NA,NA,NA,NA,NA,NA,NA,NA,NA,NA,NA,NA,NA,NA,NA,NA,NA,NA,NA,NA,NA,NA,NA,NA,NA,NA,NA,NA,NA,NA
NA,NA,NA,NA,NA,NA,NA,NA,NA,NA,NA,NA,NA,NA,NA,NA,85,2025-09-11,15:03:02,NA,NA,NA,NA,Undefined,GEO_PAT,"Alberti, Lucas",1000145512,Right,GEO_PAT,Undefined,1,Bottom,0,0,0,Undefined,Changeup,Undefined,Undefined,Undefined,Undefined,0,0,NA,66.47163,-0.275106,0.730984,1721.379314,184.450401,12:15:00,3.73779,-0.6599,18.45749,-22.55123,13.57753,0.98547,1.66339,-0.05931,62.10719,-5.753591,0.962553,0.432611,102.18188,11.346512,-18.078294,1455.074506,102.34454,13.38161,-40.31718,206.36179,205.14697,-24.839613,1.722593,-0.65516,12.33989,0.7594,50,3.70897,-1.19754,-98.63083,1.16531,-0.64454,15.87757,-20.03427,GEO_PAT,NA,SpuhlerFieldMain,NA,NA,20250911-SpuhlerFieldMain-BP-5,f11de5c0-8f41-11f0-b7ac-41d3680bab53,87.12771,13.37503,NA,4.36444,NA,NA,NA,2.15774,1.72277,0.06792,5ca3cb06-d13d-4029-b9e1-c81cdf6982d6,2025-09-11,19:03:02,2025-09-11T19:03:02Z,2025-09-11T19:03:02Z,LineDrive,v3,471300,NA,NA,NA,NA,Undefined,GEO_PAT,e99be669-1656-4ba7-bc72-085202d263b4,42.04779,-97.34226,7.93878,3.73757,-0.4606,-10.01714,0.66009,-1.24985,-0.32227,97.987141,2.15771,139.68734,-26.44317,6.48418,-2.07019,1.11288,-0.56549,0.16767,-0.0208,1.72279,29.48246,-19.56629,1.08108,0.4149,-0.63633,0.40136,-0.12753,0.01646,0.06788,-45.59219,-6.10287,3.41024,-1.9328,1.41646,-0.78234,0.23975,-0.03041,NA,NA,NA,NA,NA,NA,NA,NA,NA,NA,NA,NA,NA,NA,NA,NA,NA,NA,NA,NA,NA,NA,High,High,High,High,High,NA,NA,NA,NA,NA,NA,NA,NA,NA,NA,NA,NA,NA,NA,NA,NA,NA,NA,NA,NA,NA,NA,NA,NA,NA,NA,NA,NA,NA,NA,NA,NA,NA,NA,NA,NA,NA,NA,NA,NA,NA,NA,NA,NA,NA,NA,NA,NA,NA,NA,NA,NA,NA,NA,NA
NA,NA,NA,NA,NA,NA,NA,NA,NA,NA,NA,NA,NA,NA,NA,NA,86,2025-09-11,15:03:11,NA,NA,NA,NA,Undefined,GEO_PAT,"Alberti, Lucas",1000145512,Right,GEO_PAT,Undefined,1,Bottom,0,0,0,Undefined,Changeup,Undefined,Undefined,Undefined,Undefined,0,0,NA,65.77915,-0.057515,0.177475,1704.935859,178.492222,12:00:00,3.74145,-0.66372,18.54018,-23.33958,13.48103,-0.32961,1.75578,-0.56557,61.31969,-5.744204,0.099858,0.436734,NA,NA,NA,NA,NA,NA,NA,NA,NA,NA,NA,0.34095,12.2506,0.68925,50,3.67898,-0.32292,-97.66193,1.59746,0.32777,16.04278,-20.39689,GEO_PAT,NA,SpuhlerFieldMain,NA,NA,20250911-SpuhlerFieldMain-BP-5,f6aceea0-8f41-11f0-b7ac-41d3680bab53,86.3053,NA,NA,4.45947,NA,NA,NA,NA,NA,NA,5ca3cb06-d13d-4029-b9e1-c81cdf6982d6,2025-09-11,19:03:11,2025-09-11T19:03:11Z,2025-09-11T19:03:11Z,NA,v3,471300,NA,NA,NA,NA,Undefined,GEO_PAT,2d5f5297-b1e1-4ca6-9d0d-965dc57705d6,41.96505,-96.333,8.02139,3.74133,-0.09216,-10.19845,0.66362,-0.29576,0.16388,NA,NA,NA,NA,NA,NA,NA,NA,NA,NA,NA,NA,NA,NA,NA,NA,NA,NA,NA,NA,NA,NA,NA,NA,NA,NA,NA,NA,NA,NA,NA,NA,NA,NA,NA,NA,NA,NA,NA,NA,NA,NA,NA,NA,NA,NA,NA,NA,NA,NA,High,High,High,NA,NA,NA,NA,NA,NA,NA,NA,NA,NA,NA,NA,NA,NA,NA,NA,NA,NA,NA,NA,NA,NA,NA,NA,NA,NA,NA,NA,NA,NA,NA,NA,NA,NA,NA,NA,NA,NA,NA,NA,NA,NA,NA,NA,NA,NA,NA,NA,NA,NA,NA,NA,NA,NA,NA,NA,NA
NA,NA,NA,NA,NA,NA,NA,NA,NA,NA,NA,NA,NA,NA,NA,NA,87,2025-09-11,15:03:20,NA,NA,NA,NA,Undefined,GEO_PAT,"Alberti, Lucas",1000145512,Right,GEO_PAT,Undefined,1,Bottom,0,0,0,Undefined,Changeup,Undefined,Undefined,Undefined,Undefined,0,0,NA,64.82383,1.555762,0.509929,1543.640072,177.482798,12:00:00,3.74581,-0.67015,18.45854,-22.67257,15.6632,-0.64228,2.96011,-0.36202,59.8888,-4.005899,0.359102,0.445629,97.44832,5.407802,-27.893928,3277.651381,NA,NA,NA,87.93524,85.36962,-29.362659,0.677695,0.71992,13.60461,0.74206,50,3.46108,-0.89439,-96.26012,4.22845,0.66709,16.67883,-19.56805,GEO_PAT,NA,SpuhlerFieldMain,NA,NA,20250911-SpuhlerFieldMain-BP-5,fbacd6e0-8f41-11f0-b7ac-41d3680bab53,84.58257,4.49911,NA,4.93503,NA,NA,NA,2.21903,2.90677,0.4738,5ca3cb06-d13d-4029-b9e1-c81cdf6982d6,2025-09-11,19:03:20,2025-09-11T19:03:20Z,2025-09-11T19:03:20Z,GroundBall,v3,471300,NA,NA,NA,NA,Undefined,GEO_PAT,971e9175-b723-4d25-b132-7b9805cbc4e4,42.0459,-94.87192,8.33942,3.74524,2.59977,-9.78403,0.66992,-0.83886,0.33355,46.345061,2.27548,124.62366,-22.09063,NA,NA,NA,NA,NA,NA,2.97311,12.13165,-24.5061,NA,NA,NA,NA,NA,NA,0.48588,-66.81781,3.63207,NA,NA,NA,NA,NA,NA,NA,NA,NA,NA,NA,NA,NA,NA,NA,NA,NA,NA,NA,NA,NA,NA,NA,NA,NA,NA,NA,NA,High,High,High,High,High,NA,NA,NA,NA,NA,NA,NA,NA,NA,NA,NA,NA,NA,NA,NA,NA,NA,NA,NA,NA,NA,NA,NA,NA,NA,NA,NA,NA,NA,NA,NA,NA,NA,NA,NA,NA,NA,NA,NA,NA,NA,NA,NA,NA,NA,NA,NA,NA,NA,NA,NA,NA,NA,NA,NA
NA,NA,NA,NA,NA,NA,NA,NA,NA,NA,NA,NA,NA,NA,NA,NA,88,2025-09-11,15:03:27,NA,NA,NA,NA,Undefined,GEO_PAT,"Alberti, Lucas",1000145512,Right,GEO_PAT,Undefined,1,Bottom,0,0,0,Undefined,Changeup,Undefined,Undefined,Undefined,Undefined,0,0,NA,66.49403,0.223812,0.691314,1602.035972,176.563909,12:00:00,3.7469,-0.66294,18.56148,-21.85989,14.06954,-0.79012,2.08358,-0.23971,62.04028,-5.113249,0.505217,0.431416,71.68504,54.142105,62.904476,4608.796863,27.93389,87.76541,106.39406,184.76382,79.99528,79.436226,4.620716,0.88921,12.68438,0.76166,50,3.64774,-1.24043,-98.68675,2.01115,0.87529,15.97885,-19.68832,GEO_PAT,NA,SpuhlerFieldMain,NA,NA,20250911-SpuhlerFieldMain-BP-5,ffeaceb0-8f41-11f0-b7ac-41d3680bab53,87.36906,88.26791,NA,4.45375,NA,NA,NA,1.7935,2.10872,-0.30587,5ca3cb06-d13d-4029-b9e1-c81cdf6982d6,2025-09-11,19:03:27,2025-09-11T19:03:27Z,2025-09-11T19:03:27Z,Popup,v3,471300,NA,NA,NA,NA,Undefined,GEO_PAT,7ea94625-49fd-4ab4-907b-c956eb45feef,41.94371,-97.37358,7.98943,3.74654,0.39313,-9.84416,0.66268,-1.1685,0.43765,213.194614,1.84531,26.85074,-7.99322,-5.55609,7.78224,-4.01741,1.05806,-0.13948,0.0073,2.11087,85.18564,-25.0605,2.70203,-0.63389,0.21921,-0.06666,0.0112,-7.4e-4,-0.30351,54.79451,-5.37557,0.67858,-0.19273,0.15591,-0.06637,0.01236,-8.4e-4,NA,NA,NA,NA,NA,NA,NA,NA,NA,NA,NA,NA,NA,NA,NA,NA,NA,NA,NA,NA,NA,NA,High,High,High,High,Low,NA,NA,NA,NA,NA,NA,NA,NA,NA,NA,NA,NA,NA,NA,NA,NA,NA,NA,NA,NA,NA,NA,NA,NA,NA,NA,NA,NA,NA,NA,NA,NA,NA,NA,NA,NA,NA,NA,NA,NA,NA,NA,NA,NA,NA,NA,NA,NA,NA,NA,NA,NA,NA,NA,NA
NA,NA,NA,NA,NA,NA,NA,NA,NA,NA,NA,NA,NA,NA,NA,NA,89,2025-09-11,15:03:36,NA,NA,NA,NA,Undefined,GEO_PAT,"Alberti, Lucas",1000145512,Right,GEO_PAT,Undefined,1,Bottom,0,0,0,Undefined,Changeup,Undefined,Undefined,Undefined,Undefined,0,0,NA,66.889,-0.125607,0.314783,1655.802777,180.708129,12:00:00,3.75078,-0.66879,18.52721,-22.41749,13.28237,0.15244,1.79372,-0.43322,62.21954,-5.594019,0.350665,0.430036,100.53983,11.780512,-16.389673,1842.1525,103.27465,12.85692,-37.87177,195.37559,195.37559,-23.776973,1.661562,-0.03957,12.07729,0.71255,50,3.70075,-0.53624,-99.33325,1.43389,-0.03926,16.96573,-20.19269,GEO_PAT,NA,SpuhlerFieldMain,NA,NA,20250911-SpuhlerFieldMain-BP-5,05b6e090-8f42-11f0-b7ac-41d3680bab53,87.64953,12.94845,NA,4.66946,NA,NA,NA,1.9449,1.86484,0.4362,5ca3cb06-d13d-4029-b9e1-c81cdf6982d6,2025-09-11,19:03:36,2025-09-11T19:03:36Z,2025-09-11T19:03:36Z,LineDrive,v3,471300,NA,NA,NA,NA,Undefined,GEO_PAT,e31abe42-51d3-4123-977d-9b8fcecdfd81,41.97789,-97.95352,8.48286,3.75059,-0.20827,-10.09635,0.66881,-0.53944,-0.01963,86.774522,1.94491,138.48585,-24.47544,4.17187,-0.75535,0.06213,0.01018,6e-5,-0.00115,1.86484,30.10531,-22.27109,2.82978,-0.60023,0.11425,-0.01461,0.0024,-5.2e-4,0.43621,-40.73283,-8.08861,3.53227,-0.93856,0.11495,0.03499,-0.01386,8e-4,NA,NA,NA,NA,NA,NA,NA,NA,NA,NA,NA,NA,NA,NA,NA,NA,NA,NA,NA,NA,NA,NA,High,High,High,High,High,NA,NA,NA,NA,NA,NA,NA,NA,NA,NA,NA,NA,NA,NA,NA,NA,NA,NA,NA,NA,NA,NA,NA,NA,NA,NA,NA,NA,NA,NA,NA,NA,NA,NA,NA,NA,NA,NA,NA,NA,NA,NA,NA,NA,NA,NA,NA,NA,NA,NA,NA,NA,NA,NA,NA
NA,NA,NA,NA,NA,NA,NA,NA,NA,NA,NA,NA,NA,NA,NA,NA,90,2025-09-11,15:03:59,NA,NA,NA,NA,Undefined,GEO_PAT,"V, Logan",1112,Right,GEO_PAT,Undefined,1,Bottom,0,0,0,Undefined,Changeup,Undefined,Undefined,Undefined,Undefined,0,0,NA,66.09857,0.410767,0.96935,1490.809768,169.352479,11:45:00,3.74322,-0.67162,18.52925,-22.77631,13.51599,-2.37638,2.13606,-0.18331,61.88845,-5.12981,0.410129,0.43359,NA,NA,NA,NA,NA,NA,NA,NA,NA,NA,NA,2.35221,12.13611,0.81224,50,3.61639,-1.80946,-98.04489,2.3751,2.29608,15.0919,-20.32748,GEO_PAT,NA,SpuhlerFieldMain,NA,NA,20250911-SpuhlerFieldMain-BP-5,133cca90-8f42-11f0-b7ac-41d3680bab53,86.93115,NA,NA,4.21012,NA,NA,NA,NA,NA,NA,5ca3cb06-d13d-4029-b9e1-c81cdf6982d6,2025-09-11,19:03:59,2025-09-11T19:03:59Z,2025-09-11T19:03:59Z,NA,v3,471300,NA,NA,NA,NA,Undefined,GEO_PAT,9119964b-6fa8-49eb-b47b-f97f8d4d45e3,41.97655,-96.80198,7.54595,3.74305,0.701,-10.16374,0.67101,-1.62036,1.14804,NA,NA,NA,NA,NA,NA,NA,NA,NA,NA,NA,NA,NA,NA,NA,NA,NA,NA,NA,NA,NA,NA,NA,NA,NA,NA,NA,NA,NA,NA,NA,NA,NA,NA,NA,NA,NA,NA,NA,NA,NA,NA,NA,NA,NA,NA,NA,NA,NA,NA,High,High,High,NA,NA,NA,NA,NA,NA,NA,NA,NA,NA,NA,NA,NA,NA,NA,NA,NA,NA,NA,NA,NA,NA,NA,NA,NA,NA,NA,NA,NA,NA,NA,NA,NA,NA,NA,NA,NA,NA,NA,NA,NA,NA,NA,NA,NA,NA,NA,NA,NA,NA,NA,NA,NA,NA,NA,NA,NA
NA,NA,NA,NA,NA,NA,NA,NA,NA,NA,NA,NA,NA,NA,NA,NA,91,2025-09-11,15:04:06,NA,NA,NA,NA,Undefined,GEO_PAT,"V, Logan",1112,Right,GEO_PAT,Undefined,1,Bottom,0,0,0,Undefined,Changeup,Undefined,Undefined,Undefined,Undefined,0,0,NA,65.6425,0.163451,0.620782,1679.766222,165.860832,11:30:00,3.76096,-0.66774,18.61716,-23.01245,13.79103,-3.23587,1.95873,-0.49883,61.21499,-5.457591,-0.142544,0.436632,93.61377,12.880204,2.178954,2145.63807,109.99755999999999,19.99753,-0.6062,262.3015,262.3015,-4.86767,2.683092,3.01709,12.4991,0.76194,50,3.66615,-1.25634,-97.44098,1.97488,2.8916,15.76227,-20.19481,GEO_PAT,NA,SpuhlerFieldMain,NA,NA,20250911-SpuhlerFieldMain-BP-5,172a3160-8f42-11f0-b7ac-41d3680bab53,86.32534,21.52186,NA,4.42751,NA,NA,NA,1.18883,1.92114,0.4983,5ca3cb06-d13d-4029-b9e1-c81cdf6982d6,2025-09-11,19:04:06,2025-09-11T19:04:06Z,2025-09-11T19:04:06Z,LineDrive,v3,471300,NA,NA,NA,NA,Undefined,GEO_PAT,67230213-812f-47ff-9f83-5c1fd4b76087,41.88766,-96.11976,7.88114,3.76074,0.28211,-10.09741,0.66678,-1.01396,1.4458,140.046294,1.18882,133.74945,-21.51367,4.58327,-0.9676,0.19266,-0.03312,0.00399,-2.3e-4,1.92122,30.59807,-12.12377,0.11995,0.00957,0.01704,-0.01073,0.00281,-2.7e-4,0.49827,5.09118,-8.2066,1.88351,-0.41079,0.07863,-0.01154,0.00104,-4e-5,NA,NA,NA,NA,NA,NA,NA,NA,NA,NA,NA,NA,NA,NA,NA,NA,NA,NA,NA,NA,NA,NA,High,High,High,High,High,NA,NA,NA,NA,NA,NA,NA,NA,NA,NA,NA,NA,NA,NA,NA,NA,NA,NA,NA,NA,NA,NA,NA,NA,NA,NA,NA,NA,NA,NA,NA,NA,NA,NA,NA,NA,NA,NA,NA,NA,NA,NA,NA,NA,NA,NA,NA,NA,NA,NA,NA,NA,NA,NA,NA
NA,NA,NA,NA,NA,NA,NA,NA,NA,NA,NA,NA,NA,NA,NA,NA,92,2025-09-11,15:04:15,NA,NA,NA,NA,Undefined,GEO_PAT,"V, Logan",1112,Right,GEO_PAT,Undefined,1,Bottom,0,0,0,Undefined,Changeup,Undefined,Undefined,Undefined,Undefined,0,0,NA,64.92132,-0.058516,0.499524,1711.608378,176.740617,12:00:00,3.74845,-0.66819,18.48364,-22.59383,15.3656,-0.81772,1.82416,-0.38228,60.42576,-5.573371,0.307265,0.443436,71.34328,60.869501,-0.29275,NA,106.65842,96.31333,-26.90648,158.38691,119.62005,-15.707106,5.128216,0.86319,13.8806,0.73928,50,3.688,-0.88958,-96.38679,1.51931,0.80702,15.84677,-19.19662,GEO_PAT,NA,SpuhlerFieldMain,NA,NA,20250911-SpuhlerFieldMain-BP-5,1ca738e0-8f42-11f0-b7ac-41d3680bab53,85.00079,105.68532,NA,4.49556,NA,NA,NA,3.08129,2.29281,-0.021329999999999998,5ca3cb06-d13d-4029-b9e1-c81cdf6982d6,2025-09-11,19:04:15,2025-09-11T19:04:15Z,2025-09-11T19:04:15Z,Popup,v3,471300,NA,NA,NA,NA,Undefined,GEO_PAT,d30b1206-17b0-4041-8e48-89d2d9b3343a,42.02134,-95.06598,7.92339,3.74795,-0.0807,-9.59831,0.66794,-0.82231,0.40351,154.194051,3.08164,50.90294,-12.07262,2.99165,-0.17951,-0.18468,0.06999,-0.0102,5.4e-4,2.28237,91.60397,-24.84966,3.41202,-1.11767,0.30141,-0.04528,0.00266,0,-0.02031,-0.30988,-6.44853,1.91686,0.04027,-0.25139,0.08801,-0.01293,7.1e-4,NA,NA,NA,NA,NA,NA,NA,NA,NA,NA,NA,NA,NA,NA,NA,NA,NA,NA,NA,NA,NA,NA,High,High,High,High,Medium,NA,NA,NA,NA,NA,NA,NA,NA,NA,NA,NA,NA,NA,NA,NA,NA,NA,NA,NA,NA,NA,NA,NA,NA,NA,NA,NA,NA,NA,NA,NA,NA,NA,NA,NA,NA,NA,NA,NA,NA,NA,NA,NA,NA,NA,NA,NA,NA,NA,NA,NA,NA,NA,NA,NA
NA,NA,NA,NA,NA,NA,NA,NA,NA,NA,NA,NA,NA,NA,NA,NA,93,2025-09-11,15:04:26,NA,NA,NA,NA,Undefined,GEO_PAT,"V, Logan",1112,Right,GEO_PAT,Undefined,1,Bottom,0,0,0,Undefined,Changeup,Undefined,Undefined,Undefined,Undefined,0,0,NA,67.79131,-0.128177,0.494107,1488.396015,172.585672,11:45:00,3.75594,-0.66008,18.60203,-22.12938,12.25052,-1.48543,1.82124,-0.43467,63.49526,-5.513221,0.143771,0.422011,93.31289,13.24255,7.889812,1507.133018,109.46061,20.82083,10.87567,273.2881,273.2881,2.102153,2.811165,1.44307,11.19154,0.73298,50,3.70591,-0.96474,-100.58683,1.45489,1.4819,15.96048,-20.68141,GEO_PAT,NA,SpuhlerFieldMain,NA,NA,20250911-SpuhlerFieldMain-BP-5,235c9950-8f42-11f0-b7ac-41d3680bab53,89.31626,22.89894,NA,4.29605,NA,NA,NA,1.53294,1.83861,0.4454,5ca3cb06-d13d-4029-b9e1-c81cdf6982d6,2025-09-11,19:04:26,2025-09-11T19:04:26Z,2025-09-11T19:04:26Z,LineDrive,v3,471300,NA,NA,NA,NA,Undefined,GEO_PAT,de8b229e-9296-4683-9485-e8fcf87076f7,41.90371,-99.29385,7.98024,3.7559,-0.22054,-10.34071,0.65969,-0.84469,0.74095,142.748953,1.53297,131.95699,-19.34987,3.66669,-0.64619,0.09717,-0.01282,0.0015,-1e-4,1.8385,31.35653,-11.74844,0.05187,-0.05663,0.07395,-0.02633,0.0048,-3.6e-4,0.44552,18.28048,-9.46502,2.42489,-0.42882,0.01615,0.01333,-0.00326,2.6e-4,NA,NA,NA,NA,NA,NA,NA,NA,NA,NA,NA,NA,NA,NA,NA,NA,NA,NA,NA,NA,NA,NA,High,High,High,High,High,NA,NA,NA,NA,NA,NA,NA,NA,NA,NA,NA,NA,NA,NA,NA,NA,NA,NA,NA,NA,NA,NA,NA,NA,NA,NA,NA,NA,NA,NA,NA,NA,NA,NA,NA,NA,NA,NA,NA,NA,NA,NA,NA,NA,NA,NA,NA,NA,NA,NA,NA,NA,NA,NA,NA
NA,NA,NA,NA,NA,NA,NA,NA,NA,NA,NA,NA,NA,NA,NA,NA,94,2025-09-11,15:04:36,NA,NA,NA,NA,Undefined,GEO_PAT,"V, Logan",1112,Right,GEO_PAT,Undefined,1,Bottom,0,0,0,Undefined,Changeup,Undefined,Undefined,Undefined,Undefined,0,0,NA,67.2643,-0.100669,0.675716,1595.461777,166.855764,11:30:00,3.73533,-0.6772,18.5227,-22.66564,12.6815,-2.73906,1.77524,-0.42697,62.50687,-5.627576,0.031021,0.427906,78.70176,-10.263824,41.123228,NA,NA,NA,NA,12.29484,10.7863,35.401158,0.093903,2.60209,11.53737,0.77695,50,3.68172,-1.34913,-99.90059,1.4955,2.60763,17.35271,-20.61216,GEO_PAT,NA,SpuhlerFieldMain,NA,NA,20250911-SpuhlerFieldMain-BP-5,292c2da0-8f42-11f0-b7ac-41d3680bab53,88.08572,1.93518,NA,4.75743,NA,NA,NA,1.97126,1.93518,0.09376,5ca3cb06-d13d-4029-b9e1-c81cdf6982d6,2025-09-11,19:04:36,2025-09-11T19:04:36Z,2025-09-11T19:04:36Z,GroundBall,v3,471300,NA,NA,NA,NA,Undefined,GEO_PAT,cdb6aee3-2d43-440f-b568-a766d6122674,41.9824,-98.49809,8.67636,3.73527,-0.17044,-10.30608,0.67642,-1.13837,1.30382,NA,1.96868,85.73144,NA,NA,NA,NA,NA,NA,NA,1.9358,-20.60826,NA,NA,NA,NA,NA,NA,NA,0.09151,74.84953,NA,NA,NA,NA,NA,NA,NA,NA,NA,NA,NA,NA,NA,NA,NA,NA,NA,NA,NA,NA,NA,NA,NA,NA,NA,NA,NA,NA,NA,High,High,High,Low,Low,NA,NA,NA,NA,NA,NA,NA,NA,NA,NA,NA,NA,NA,NA,NA,NA,NA,NA,NA,NA,NA,NA,NA,NA,NA,NA,NA,NA,NA,NA,NA,NA,NA,NA,NA,NA,NA,NA,NA,NA,NA,NA,NA,NA,NA,NA,NA,NA,NA,NA,NA,NA,NA,NA,NA
NA,NA,NA,NA,NA,NA,NA,NA,NA,NA,NA,NA,NA,NA,NA,NA,95,2025-09-11,15:04:58,NA,NA,NA,NA,Undefined,GEO_PAT,"Alberti, Lucas",1000145512,Right,GEO_PAT,Undefined,1,Bottom,0,0,0,Undefined,Changeup,Undefined,Undefined,Undefined,Undefined,0,0,NA,67.0521,-0.887796,0.144444,1663.604232,180.967987,12:00:00,3.7387,-0.62549,18.44033,-20.66584,15.10568,0.2385,1.38658,-0.50312,62.25672,-5.934826,0.200479,0.430467,93.59133,6.82173,0.53667,684.638532,NA,NA,NA,111.94115,42.3845,3.600455,0.881048,-0.16374,13.86194,0.64504,50,3.79925,-0.23645,-99.58066,-0.02476,-0.16276,17.49717,-18.39532,GEO_PAT,NA,SpuhlerFieldMain,NA,NA,20250911-SpuhlerFieldMain-BP-5,3626a080-8f42-11f0-b7ac-41d3680bab53,87.56168,4.65321,NA,4.79538,NA,NA,NA,2.66446,1.57168,0.52011,5ca3cb06-d13d-4029-b9e1-c81cdf6982d6,2025-09-11,19:04:58,2025-09-11T19:04:58Z,2025-09-11T19:04:58Z,GroundBall,v3,471300,NA,NA,NA,NA,Undefined,GEO_PAT,c99408e4-c506-4d75-965d-c48a1592886e,42.06462,-98.17644,8.74858,3.73802,-1.50105,-9.19766,0.62553,-0.24952,-0.08138,297.699739,2.70526,135.66173,-13.58744,NA,NA,NA,NA,NA,NA,1.63172,15.3792,-19.62906,NA,NA,NA,NA,NA,NA,0.47245,2.01608,6.21487,NA,NA,NA,NA,NA,NA,NA,NA,NA,NA,NA,NA,NA,NA,NA,NA,NA,NA,NA,NA,NA,NA,NA,NA,NA,NA,NA,NA,High,High,High,High,Low,NA,NA,NA,NA,NA,NA,NA,NA,NA,NA,NA,NA,NA,NA,NA,NA,NA,NA,NA,NA,NA,NA,NA,NA,NA,NA,NA,NA,NA,NA,NA,NA,NA,NA,NA,NA,NA,NA,NA,NA,NA,NA,NA,NA,NA,NA,NA,NA,NA,NA,NA,NA,NA,NA,NA
NA,NA,NA,NA,NA,NA,NA,NA,NA,NA,NA,NA,NA,NA,NA,NA,96,2025-09-11,15:05:06,NA,NA,NA,NA,Undefined,GEO_PAT,"Alberti, Lucas",1000145512,Right,GEO_PAT,Undefined,1,Bottom,0,0,0,Undefined,Changeup,Undefined,Undefined,Undefined,Undefined,0,0,NA,65.18664,0.643823,1.120504,1737.184584,178.829534,12:00:00,3.7453,-0.63902,18.52588,-22.84033,15.03879,-0.28504,2.29789,0.13068,60.15126,-4.963145,1.05345,0.442967,88.08024,15.424853,-37.572375,2404.000103,83.88183,16.14144,-71.16066,185.17217,185.17217,-43.436851,1.824101,0.61693,13.39461,0.79636,50,3.58567,-1.91219,-96.88701,2.72839,0.57653,17.51761,-19.65652,GEO_PAT,NA,SpuhlerFieldMain,NA,NA,20250911-SpuhlerFieldMain-BP-5,3b6602c0-8f42-11f0-b7ac-41d3680bab53,85.09086,16.46097,NA,5.03538,NA,NA,NA,4.17676,2.57574,-0.02189,5ca3cb06-d13d-4029-b9e1-c81cdf6982d6,2025-09-11,19:05:06,2025-09-11T19:05:06Z,2025-09-11T19:05:06Z,LineDrive,v3,471300,NA,NA,NA,NA,Undefined,GEO_PAT,bac97a7a-1ff3-4343-b959-cbe637168891,41.97903,-95.42577,8.75881,3.74488,1.08872,-9.82826,0.63886,-1.8641,0.28826,NA,4.17676,98.70119,-21.40658,5.16205,-1.21673,0.24393,-0.04635,0.00667,-4.8e-4,2.57574,34.35966,-23.0656,2.52838,-0.45672,0.07451,-0.01031,0.00149,-1.5e-4,-0.02189,-75.93441,2.03474,1.49763,-0.69304,0.22032,-0.05226,0.00887,-7.3e-4,NA,NA,NA,NA,NA,NA,NA,NA,NA,NA,NA,NA,NA,NA,NA,NA,NA,NA,NA,NA,NA,NA,High,High,High,High,High,NA,NA,NA,NA,NA,NA,NA,NA,NA,NA,NA,NA,NA,NA,NA,NA,NA,NA,NA,NA,NA,NA,NA,NA,NA,NA,NA,NA,NA,NA,NA,NA,NA,NA,NA,NA,NA,NA,NA,NA,NA,NA,NA,NA,NA,NA,NA,NA,NA,NA,NA,NA,NA,NA,NA
NA,NA,NA,NA,NA,NA,NA,NA,NA,NA,NA,NA,NA,NA,NA,NA,97,2025-09-11,15:05:17,NA,NA,NA,NA,Undefined,GEO_PAT,"Alberti, Lucas",1000145512,Right,GEO_PAT,Undefined,1,Bottom,0,0,0,Undefined,Changeup,Undefined,Undefined,Undefined,Undefined,0,0,NA,65.30537,0.202423,0.817281,1654.473044,183.435943,12:00:00,3.75626,-0.63513,18.64065,-22.89903,13.99331,0.78815,1.99094,0.00761,61.31325,-5.375783,1.003276,0.437159,104.12657,11.205625,-12.044448,2193.813919,107.19458,12.05537,-24.68357,194.57914,194.18105,-14.157842,1.526642,-0.48354,12.68946,0.74938,50,3.6552,-1.33096,-96.86148,2.04054,-0.46192,14.34999,-20.05223,GEO_PAT,NA,SpuhlerFieldMain,NA,NA,20250911-SpuhlerFieldMain-BP-5,41fe1730-8f42-11f0-b7ac-41d3680bab53,86.22135,12.19547,NA,3.99212,NA,NA,NA,3.12296,2.22764,-0.01949,5ca3cb06-d13d-4029-b9e1-c81cdf6982d6,2025-09-11,19:05:17,2025-09-11T19:05:17Z,2025-09-11T19:05:17Z,LineDrive,v3,471300,NA,NA,NA,NA,Undefined,GEO_PAT,1919e8aa-2ea9-404d-946d-2a95adae0955,41.86525,-95.64873,7.175,3.75604,0.34588,-10.02612,0.63525,-1.37,-0.23096,51.780962,3.12296,146.50959,-19.9021,3.17433,-0.79614,0.28221,-0.15365,0.06389,-0.01142,2.22764,29.67804,-23.8676,3.00463,-0.72855,0.31772,-0.1969,0.08804,-0.01646,-0.01949,-31.26027,-0.51219,0.48493000000000003,-0.16229,0.17415,-0.15968,0.07914,-0.01533,NA,NA,NA,NA,NA,NA,NA,NA,NA,NA,NA,NA,NA,NA,NA,NA,NA,NA,NA,NA,NA,NA,High,High,High,High,High,NA,NA,NA,NA,NA,NA,NA,NA,NA,NA,NA,NA,NA,NA,NA,NA,NA,NA,NA,NA,NA,NA,NA,NA,NA,NA,NA,NA,NA,NA,NA,NA,NA,NA,NA,NA,NA,NA,NA,NA,NA,NA,NA,NA,NA,NA,NA,NA,NA,NA,NA,NA,NA,NA,NA
NA,NA,NA,NA,NA,NA,NA,NA,NA,NA,NA,NA,NA,NA,NA,NA,98,2025-09-11,15:05:26,NA,NA,NA,NA,Undefined,GEO_PAT,"Alberti, Lucas",1000145512,Right,GEO_PAT,Undefined,1,Bottom,0,0,0,Undefined,Changeup,Undefined,Undefined,Undefined,Undefined,0,0,NA,65.1354,-0.31436,0.662234,1739.835024,171.665112,11:45:00,3.73453,-0.632,18.51278,-24.48009,12.96784,-1.76394,1.47186,-0.30994,61.02849,-6.250281,0.247085,0.440439,64.05265,-28.818825,-38.909411,NA,NA,NA,NA,6.83941,6.83941,-14.27542,0.038739,1.73634,11.86095,0.72821,50,3.70557,-1.22741,-96.64783,1.22126,1.64371,14.94467,-20.94595,GEO_PAT,NA,SpuhlerFieldMain,NA,NA,20250911-SpuhlerFieldMain-BP-5,46f302f0-8f42-11f0-b7ac-41d3680bab53,85.57931,1.75965,NA,4.1069,NA,NA,NA,4.13949,1.75965,0.32234,5ca3cb06-d13d-4029-b9e1-c81cdf6982d6,2025-09-11,19:05:26,2025-09-11T19:05:26Z,2025-09-11T19:05:26Z,GroundBall,v3,471300,NA,NA,NA,NA,Undefined,GEO_PAT,be0b07b1-94ab-4fe9-a019-6de991dcb5e6,41.99317,-95.4017,7.47233,3.73458,-0.52527,-10.47298,0.63157,-1.09036,0.82185,NA,4.13827,64.2435,NA,NA,NA,NA,NA,NA,NA,1.76052,-45.42326,NA,NA,NA,NA,NA,NA,NA,0.32333,-51.85539,NA,NA,NA,NA,NA,NA,NA,NA,NA,NA,NA,NA,NA,NA,NA,NA,NA,NA,NA,NA,NA,NA,NA,NA,NA,NA,NA,NA,NA,High,High,High,Estimated,Estimated,NA,NA,NA,NA,NA,NA,NA,NA,NA,NA,NA,NA,NA,NA,NA,NA,NA,NA,NA,NA,NA,NA,NA,NA,NA,NA,NA,NA,NA,NA,NA,NA,NA,NA,NA,NA,NA,NA,NA,NA,NA,NA,NA,NA,NA,NA,NA,NA,NA,NA,NA,NA,NA,NA,NA
NA,NA,NA,NA,NA,NA,NA,NA,NA,NA,NA,NA,NA,NA,NA,NA,99,2025-09-11,15:05:45,NA,NA,NA,NA,Undefined,GEO_PAT,"Butler, Jake",1000136500,Right,GEO_PAT,Undefined,1,Bottom,0,0,0,Undefined,Changeup,Undefined,Undefined,Undefined,Undefined,0,0,NA,66.16187,0.040614,0.636232,1603.124349,157.06408,11:15:00,3.75302,-0.64672,18.60029,-25.05438,10.92729,-4.26984,1.69386,-0.55288,62.22153,-6.028279,-0.370897,0.43173,84.64519,11.316435,1.965618,1892.623772,109.3262,11.81847,12.15088,181.84828,181.84828,9.110801,1.838157,3.93421,9.99166,0.74578,50,3.6717,-1.36587,-98.12552,1.91299,3.86121,14.56604,-22.36783,GEO_PAT,NA,SpuhlerFieldMain,NA,NA,20250911-SpuhlerFieldMain-BP-5,52323140-8f42-11f0-b7ac-41d3680bab53,87.30563,12.0951,NA,3.94034,NA,NA,NA,1.96139,1.74776,0.55928,5ca3cb06-d13d-4029-b9e1-c81cdf6982d6,2025-09-11,19:05:45,2025-09-11T19:05:45Z,2025-09-11T19:05:45Z,LineDrive,v3,471300,NA,NA,NA,NA,Undefined,GEO_PAT,4f94cfe3-4f91-4389-9c18-af488a6e87c8,41.90583,-96.91655,7.28302,3.75343,0.05648,-11.18392,0.64571,-1.04539,1.93061,244.265234,1.96139,121.66142,-17.95881,3.22264,-0.68959,0.2146,-0.08544,0.02318,-0.00272,1.74777,24.35968,-14.88954,0.62146,0.15607,-0.25842,0.16483,-0.0511,0.00637,0.5593,4.173,9.32806,-2.77815,1.10577,-0.68075,0.35755,-0.10623,0.01307,NA,NA,NA,NA,NA,NA,NA,NA,NA,NA,NA,NA,NA,NA,NA,NA,NA,NA,NA,NA,NA,NA,High,High,High,High,High,NA,NA,NA,NA,NA,NA,NA,NA,NA,NA,NA,NA,NA,NA,NA,NA,NA,NA,NA,NA,NA,NA,NA,NA,NA,NA,NA,NA,NA,NA,NA,NA,NA,NA,NA,NA,NA,NA,NA,NA,NA,NA,NA,NA,NA,NA,NA,NA,NA,NA,NA,NA,NA,NA,NA
NA,NA,NA,NA,NA,NA,NA,NA,NA,NA,NA,NA,NA,NA,NA,NA,100,2025-09-11,15:05:52,NA,NA,NA,NA,Undefined,GEO_PAT,"Alberti, Lucas",1000145512,Right,GEO_PAT,Undefined,1,Bottom,0,0,0,Undefined,Changeup,Undefined,Undefined,Undefined,Undefined,0,0,NA,64.99075,0.579863,0.582099,1792.400968,180.674591,12:00:00,3.73977,-0.6444,18.5893,-23.35352,14.12587,0.15547,2.20361,-0.21993,60.77185,-5.115314,0.618741,0.440623,77.28452,52.99686,18.893535,NA,93.6786,104.77458,57.65654,193.35989,162.15989,37.828902,5.206758,0.02335,12.67123,0.72616,50,3.58553,-0.97001,-96.43264,2.67913,0.022,14.87684,-20.23217,GEO_PAT,NA,SpuhlerFieldMain,NA,NA,20250911-SpuhlerFieldMain-BP-5,569b30b0-8f42-11f0-b7ac-41d3680bab53,85.54344,104.84553,NA,4.2189,NA,NA,NA,2.50354,2.41612,0.25215,5ca3cb06-d13d-4029-b9e1-c81cdf6982d6,2025-09-11,19:05:52,2025-09-11T19:05:52Z,2025-09-11T19:05:52Z,Popup,v3,471300,NA,NA,NA,NA,Undefined,GEO_PAT,c0188be3-424f-4f37-8927-0ffa6ffb8ad9,41.91623,-95.17738,7.43842,3.73956,0.97199,-10.11609,0.6444,-0.96815,0.011,206.530622,2.51587,64.2761,-18.09555,3.47214,0.47458,-0.55144,0.15706,-0.02007,9.8e-4,2.4079,90.66272,-24.08687,2.56937,-0.50152,0.04304,0.01501,-0.00427,3e-4,0.24565,22.22359,2.59213,-0.88938,-0.17073,0.19277,-0.05468,0.00685,-3.2e-4,NA,NA,NA,NA,NA,NA,NA,NA,NA,NA,NA,NA,NA,NA,NA,NA,NA,NA,NA,NA,NA,NA,High,High,High,High,Medium,NA,NA,NA,NA,NA,NA,NA,NA,NA,NA,NA,NA,NA,NA,NA,NA,NA,NA,NA,NA,NA,NA,NA,NA,NA,NA,NA,NA,NA,NA,NA,NA,NA,NA,NA,NA,NA,NA,NA,NA,NA,NA,NA,NA,NA,NA,NA,NA,NA,NA,NA,NA,NA,NA,NA
NA,NA,NA,NA,NA,NA,NA,NA,NA,NA,NA,NA,NA,NA,NA,NA,101,2025-09-11,15:06:00,NA,NA,NA,NA,Undefined,GEO_PAT,"Alberti, Lucas",1000145512,Right,GEO_PAT,Undefined,1,Bottom,0,0,0,Undefined,Curveball,Undefined,Undefined,Undefined,Undefined,0,0,NA,64.74002,0.274225,0.499567,1832.933401,175.300109,11:45:00,3.72382,-0.64127,18.54202,-25.99305,12.0269,-0.9074,1.75182,-0.36331,60.3674,-6.042291,0.285889,0.44379,90.28394,-2.869055,-31.042277,NA,NA,NA,NA,26.84096,26.4148,-28.168188,0.191914,0.94272,10.88949,0.71311,50,3.60871,-0.89346,-96.12136,2.29919,0.87761,15.59054,-22.0367,GEO_PAT,NA,SpuhlerFieldMain,NA,NA,20250911-SpuhlerFieldMain-BP-5,5b912de0-8f42-11f0-b7ac-41d3680bab53,84.93311,1.93701,NA,4.37262,NA,NA,NA,2.81982,1.93701,0.37352,5ca3cb06-d13d-4029-b9e1-c81cdf6982d6,2025-09-11,19:06:00,2025-09-11T19:06:00Z,2025-09-11T19:06:00Z,GroundBall,v3,471300,NA,NA,NA,NA,Undefined,GEO_PAT,e9aa682f-50ee-428a-bf0e-070ab29a935d,41.9633,-94.80888,7.79527,3.72418,0.44404,-11.01835,0.641,-0.81958,0.43881,74.5649,2.82137,113.2029,-24.05787,NA,NA,NA,NA,NA,NA,1.93783,-6.68402,-17.80721,NA,NA,NA,NA,NA,NA,0.37393,-68.22625,1.32178,NA,NA,NA,NA,NA,NA,NA,NA,NA,NA,NA,NA,NA,NA,NA,NA,NA,NA,NA,NA,NA,NA,NA,NA,NA,NA,NA,NA,High,High,High,High,High,NA,NA,NA,NA,NA,NA,NA,NA,NA,NA,NA,NA,NA,NA,NA,NA,NA,NA,NA,NA,NA,NA,NA,NA,NA,NA,NA,NA,NA,NA,NA,NA,NA,NA,NA,NA,NA,NA,NA,NA,NA,NA,NA,NA,NA,NA,NA,NA,NA,NA,NA,NA,NA,NA,NA
NA,NA,NA,NA,NA,NA,NA,NA,NA,NA,NA,NA,NA,NA,NA,NA,102,2025-09-11,15:06:10,NA,NA,NA,NA,Undefined,GEO_PAT,"Alberti, Lucas",1000145512,Right,GEO_PAT,Undefined,1,Bottom,0,0,0,Undefined,Changeup,Undefined,Undefined,Undefined,Undefined,0,0,NA,65.88977,0.43513,0.677667,1629.879143,171.112265,11:45:00,3.75183,-0.63794,18.55944,-24.1336,12.12792,-1.76996,2.04856,-0.306,62.06143,-5.41132,0.260729,0.433405,98.13692,18.530567,-7.980806,2048.127591,109.52435,34.89014,-10.2183,337.13358,337.13358,1.01205,4.097835,1.73225,10.92902,0.73705,50,3.61745,-1.26993,-97.67248,2.51394,1.69042,13.91568,-21.50886,GEO_PAT,NA,SpuhlerFieldMain,NA,NA,20250911-SpuhlerFieldMain-BP-5,6124a390-8f42-11f0-b7ac-41d3680bab53,86.96808,48.03655,NA,3.82833,NA,NA,NA,2.41064,2.19886,0.30967,5ca3cb06-d13d-4029-b9e1-c81cdf6982d6,2025-09-11,19:06:10,2025-09-11T19:06:10Z,2025-09-11T19:06:10Z,LineDrive,v3,471300,NA,NA,NA,NA,Undefined,GEO_PAT,e49321f6-1f17-4bdf-b077-8107fa415984,41.94687,-96.5183,6.95784,3.75198,0.72999,-10.75443,0.63753,-1.12972,0.84521,204.989676,2.41126,135.13147,-25.74454,5.76101,-1.1083,0.16581,-0.01525,3e-4,5e-5,2.19741,45.78566,-11.32551,0.0318,-0.167,0.1097,-0.03259,0.00511,-3.3e-4,0.30935,-18.93856,9.97467,-2.2899,0.44412,-0.06709,0.00658,-2.4e-4,-1e-5,NA,NA,NA,NA,NA,NA,NA,NA,NA,NA,NA,NA,NA,NA,NA,NA,NA,NA,NA,NA,NA,NA,High,High,High,High,High,NA,NA,NA,NA,NA,NA,NA,NA,NA,NA,NA,NA,NA,NA,NA,NA,NA,NA,NA,NA,NA,NA,NA,NA,NA,NA,NA,NA,NA,NA,NA,NA,NA,NA,NA,NA,NA,NA,NA,NA,NA,NA,NA,NA,NA,NA,NA,NA,NA,NA,NA,NA,NA,NA,NA
NA,NA,NA,NA,NA,NA,NA,NA,NA,NA,NA,NA,NA,NA,NA,NA,103,2025-09-11,15:06:27,NA,NA,NA,NA,Undefined,GEO_PAT,"Alberti, Lucas",1000145512,Right,GEO_PAT,Undefined,1,Bottom,0,0,0,Undefined,Changeup,Undefined,Undefined,Undefined,Undefined,0,0,NA,66.39564,0.475201,0.822499,1634.582903,176.833547,12:00:00,3.71805,-0.64172,18.46404,-23.39978,12.78887,-0.65736000000000006,2.10509,-0.11321,61.99632,-5.210022,0.668052,0.43297,NA,NA,NA,NA,NA,NA,NA,NA,NA,NA,NA,0.80532,11.4378,0.75719,50,3.58306,-1.45491,-98.51154,2.51157,0.79069,15.77083,-20.94367,GEO_PAT,NA,SpuhlerFieldMain,NA,NA,20250911-SpuhlerFieldMain-BP-5,6b40aea0-8f42-11f0-b7ac-41d3680bab53,87.0556,NA,NA,4.39932,NA,NA,NA,NA,NA,NA,5ca3cb06-d13d-4029-b9e1-c81cdf6982d6,2025-09-11,19:06:27,2025-09-11T19:06:27Z,2025-09-11T19:06:27Z,NA,v3,471300,NA,NA,NA,NA,Undefined,GEO_PAT,2c168265-d343-496a-a54d-f1c8fa24d77a,42.04133,-97.22907,7.88541,3.71805,0.80846,-10.47184,0.64149,-1.39062,0.39535,NA,NA,NA,NA,NA,NA,NA,NA,NA,NA,NA,NA,NA,NA,NA,NA,NA,NA,NA,NA,NA,NA,NA,NA,NA,NA,NA,NA,NA,NA,NA,NA,NA,NA,NA,NA,NA,NA,NA,NA,NA,NA,NA,NA,NA,NA,NA,NA,NA,NA,High,High,High,NA,NA,NA,NA,NA,NA,NA,NA,NA,NA,NA,NA,NA,NA,NA,NA,NA,NA,NA,NA,NA,NA,NA,NA,NA,NA,NA,NA,NA,NA,NA,NA,NA,NA,NA,NA,NA,NA,NA,NA,NA,NA,NA,NA,NA,NA,NA,NA,NA,NA,NA,NA,NA,NA,NA,NA,NA
NA,NA,NA,NA,NA,NA,NA,NA,NA,NA,NA,NA,NA,NA,NA,NA,104,2025-09-11,15:06:36,NA,NA,NA,NA,Undefined,GEO_PAT,"Alberti, Lucas",1000145512,Right,GEO_PAT,Undefined,1,Bottom,0,0,0,Undefined,Changeup,Undefined,Undefined,Undefined,Undefined,0,0,NA,66.02645,0.634716,0.872139,1620.127313,178.717217,12:00:00,3.72676,-0.63613,18.43812,-22.46123,14.35686,-0.29965,2.30543,-0.04221,61.33341,-4.846167,0.801801,0.436719,17.52065,6.46082,11.916152,2661.635924,NA,NA,NA,14.57063,14.48629,10.489784,0.492515,0.5215,12.74316,0.75738,50,3.57203,-1.51017,-98.01605,2.70366,0.50374,16.50996,-19.86441,GEO_PAT,NA,SpuhlerFieldMain,NA,NA,20250911-SpuhlerFieldMain-BP-5,70825ad0-8f42-11f0-b7ac-41d3680bab53,86.30823,2.5189,NA,4.69304,NA,NA,NA,2.27532,2.38796,0.05731,5ca3cb06-d13d-4029-b9e1-c81cdf6982d6,2025-09-11,19:06:36,2025-09-11T19:06:36Z,2025-09-11T19:06:36Z,GroundBall,v3,471300,NA,NA,NA,NA,Undefined,GEO_PAT,f38dc22a-5917-4f09-a4f5-56499ad5ec2f,42.06683,-96.67053,8.25498,3.7264,1.08477,-9.93221,0.63597,-1.46911,0.25187,219.225438,2.27589,24.9663,-1.01189,NA,NA,NA,NA,NA,NA,2.39035,2.82853,-15.6076,NA,NA,NA,NA,NA,NA,0.05736,5.27096,-0.00288,NA,NA,NA,NA,NA,NA,NA,NA,NA,NA,NA,NA,NA,NA,NA,NA,NA,NA,NA,NA,NA,NA,NA,NA,NA,NA,NA,NA,High,High,High,High,High,NA,NA,NA,NA,NA,NA,NA,NA,NA,NA,NA,NA,NA,NA,NA,NA,NA,NA,NA,NA,NA,NA,NA,NA,NA,NA,NA,NA,NA,NA,NA,NA,NA,NA,NA,NA,NA,NA,NA,NA,NA,NA,NA,NA,NA,NA,NA,NA,NA,NA,NA,NA,NA,NA,NA
NA,NA,NA,NA,NA,NA,NA,NA,NA,NA,NA,NA,NA,NA,NA,NA,105,2025-09-11,15:06:43,NA,NA,NA,NA,Undefined,GEO_PAT,"V, Logan",1112,Right,GEO_PAT,Undefined,1,Bottom,0,0,0,Undefined,Changeup,Undefined,Undefined,Undefined,Undefined,0,0,NA,64.82403,0.848377,1.026406,1688.898844,173.69546,11:45:00,3.76696,-0.64229,18.95352,-23.57592,13.36276,-1.3789,2.39679,-0.03806,60.70542,-4.944879,0.698563,0.437434,94.83416,18.78274,-20.616445,1706.650783,101.73699,34.58378,-41.82629,322.9645,322.9645,-27.070648,3.810503,1.5165,12.13485,0.79693,50,3.56105,-1.8167,-96.21356,3.24668,1.42514,14.5734,-20.77035,GEO_PAT,NA,SpuhlerFieldMain,NA,NA,20250911-SpuhlerFieldMain-BP-5,74c44a40-8f42-11f0-b7ac-41d3680bab53,86.16724,44.27792,NA,4.11861,NA,NA,NA,2.23719,2.54068,0.02372,5ca3cb06-d13d-4029-b9e1-c81cdf6982d6,2025-09-11,19:06:43,2025-09-11T19:06:43Z,2025-09-11T19:06:43Z,LineDrive,v3,471300,NA,NA,NA,NA,Undefined,GEO_PAT,f41d63c6-4397-4328-9145-591c3cc5d4c0,41.55233,-94.92537,7.2867,3.76689,1.41072,-10.38517,0.64191,-1.69073,0.71257,155.801881,2.23711,123.24978,-25.06243,5.84301,-1.14409,0.18511,-0.0214,0.00118,1e-5,2.54105,44.77708,-11.45043,-0.61229,0.21616,-0.01625,-0.011,0.00382,-3.7e-4,0.02357,-46.36284,3.2411,-0.41867,0.00678,0.01768,-0.00595,9.7e-4,-7e-5,NA,NA,NA,NA,NA,NA,NA,NA,NA,NA,NA,NA,NA,NA,NA,NA,NA,NA,NA,NA,NA,NA,High,High,High,High,High,NA,NA,NA,NA,NA,NA,NA,NA,NA,NA,NA,NA,NA,NA,NA,NA,NA,NA,NA,NA,NA,NA,NA,NA,NA,NA,NA,NA,NA,NA,NA,NA,NA,NA,NA,NA,NA,NA,NA,NA,NA,NA,NA,NA,NA,NA,NA,NA,NA,NA,NA,NA,NA,NA,NA
NA,NA,NA,NA,NA,NA,NA,NA,NA,NA,NA,NA,NA,NA,NA,NA,106,2025-09-11,15:06:53,NA,NA,NA,NA,Undefined,GEO_PAT,"V, Logan",1112,Right,GEO_PAT,Undefined,1,Bottom,0,0,0,Undefined,Changeup,Undefined,Undefined,Undefined,Undefined,0,0,NA,67.50107,0.178704,0.83056,1546.8451460000001,166.830209,11:30:00,3.73461,-0.64113,18.35383,-23.85741,11.62906,-2.49181,1.87357,-0.25819,62.56189,-5.613241,0.24648,0.428749,95.80345,2.975949,-14.379266,2080.958768,NA,NA,NA,81.03643,78.47021,-15.857231,0.623801,2.41788,10.44812,0.75916,50,3.64371,-1.60243,-100.24591,2.00989,2.4326,17.91496,-21.66233,GEO_PAT,NA,SpuhlerFieldMain,NA,NA,20250911-SpuhlerFieldMain-BP-5,7adfb4a0-8f42-11f0-b7ac-41d3680bab53,87.91268,2.72799,NA,4.93918,NA,NA,NA,1.6696,1.96929,0.24104,5ca3cb06-d13d-4029-b9e1-c81cdf6982d6,2025-09-11,19:06:53,2025-09-11T19:06:53Z,2025-09-11T19:06:53Z,GroundBall,v3,471300,NA,NA,NA,NA,Undefined,GEO_PAT,a5a98c9f-6e8a-4adc-af9d-1f3812d6312e,42.15097,-98.83326,8.95748,3.73485,0.30174,-10.83117,0.64037,-1.41062,1.2163,86.281965,1.71515,134.93621,-20.50227,NA,NA,NA,NA,NA,NA,1.98844,6.87944,-16.18401,NA,NA,NA,NA,NA,NA,0.25318,-35.11475,-1.2899,NA,NA,NA,NA,NA,NA,NA,NA,NA,NA,NA,NA,NA,NA,NA,NA,NA,NA,NA,NA,NA,NA,NA,NA,NA,NA,NA,NA,High,High,High,High,High,NA,NA,NA,NA,NA,NA,NA,NA,NA,NA,NA,NA,NA,NA,NA,NA,NA,NA,NA,NA,NA,NA,NA,NA,NA,NA,NA,NA,NA,NA,NA,NA,NA,NA,NA,NA,NA,NA,NA,NA,NA,NA,NA,NA,NA,NA,NA,NA,NA,NA,NA,NA,NA,NA,NA
NA,NA,NA,NA,NA,NA,NA,NA,NA,NA,NA,NA,NA,NA,NA,NA,107,2025-09-11,15:07:01,NA,NA,NA,NA,Undefined,GEO_PAT,"V, Logan",1112,Right,GEO_PAT,Undefined,1,Bottom,0,0,0,Undefined,Changeup,Undefined,Undefined,Undefined,Undefined,0,0,NA,65.50957,-0.28145,0.466067,1829.442551,177.876123,12:00:00,3.72827,-0.64181,18.50386,-22.9356,14.2908,-0.49346,1.61758,-0.35276,61.02986,-5.870626,0.349972,0.439134,88.98645,22.315756,-18.145571,1962.421321,103.43298,39.40284,-37.43784,287.5805,287.5805,-23.692367,3.876213,0.56953,13.01209,0.70781,50,3.69841,-0.82135,-97.26177,1.17605,0.54247,16.06524,-19.78058,GEO_PAT,NA,SpuhlerFieldMain,NA,NA,20250911-SpuhlerFieldMain-BP-5,7fe912c0-8f42-11f0-b7ac-41d3680bab53,85.83361,47.40375,NA,4.47971,NA,NA,NA,2.46551,1.77691,0.34922,5ca3cb06-d13d-4029-b9e1-c81cdf6982d6,2025-09-11,19:07:01,2025-09-11T19:07:01Z,2025-09-11T19:07:01Z,LineDrive,v3,471300,NA,NA,NA,NA,Undefined,GEO_PAT,34e2ffd7-1567-4326-adc4-3f03ffc982df,42.00129,-95.93148,8.03262,3.72798,-0.46188,-9.89029,0.64165,-0.77643,0.27123,156.194466,2.46537,114.73326,-24.50523,5.81741,-1.1602,0.19709,-0.02948,0.00334,-1.7e-4,1.7771,49.55836,-13.50471,-0.15246,0.11,-8.8e-4,-0.00671,0.00211,-2.2e-4,0.34943,-37.61018,2.26683,0.08405,-0.04152,-0.01724,0.00924,-0.00159,1e-4,NA,NA,NA,NA,NA,NA,NA,NA,NA,NA,NA,NA,NA,NA,NA,NA,NA,NA,NA,NA,NA,NA,High,High,High,High,High,NA,NA,NA,NA,NA,NA,NA,NA,NA,NA,NA,NA,NA,NA,NA,NA,NA,NA,NA,NA,NA,NA,NA,NA,NA,NA,NA,NA,NA,NA,NA,NA,NA,NA,NA,NA,NA,NA,NA,NA,NA,NA,NA,NA,NA,NA,NA,NA,NA,NA,NA,NA,NA,NA,NA
NA,NA,NA,NA,NA,NA,NA,NA,NA,NA,NA,NA,NA,NA,NA,NA,108,2025-09-11,15:07:11,NA,NA,NA,NA,Undefined,GEO_PAT,"V, Logan",1112,Right,GEO_PAT,Undefined,1,Bottom,0,0,0,Undefined,Changeup,Undefined,Undefined,Undefined,Undefined,0,0,NA,65.56715,-0.126601,0.545609,1568.791056,168.559586,11:30:00,3.72925,-0.65779,18.5611,-24.60143,12.24619,-2.29516,1.58956,-0.46307,61.44399,-6.096307,0.004793,0.436894,99.92306,6.228024,-1.221362,995.746389,109.88929,5.86189,4.9312,165.03447,165.03447,4.265007,1.346756,2.16638,11.19422,0.73916,50,3.67317,-1.07025,-97.28074,1.56806,2.07966,15.00767,-21.42785,GEO_PAT,NA,SpuhlerFieldMain,NA,NA,20250911-SpuhlerFieldMain-BP-5,85c662b0-8f42-11f0-b7ac-41d3680bab53,86.27365,6.47339,NA,4.12315,NA,NA,NA,1.28716,1.60974,0.48895,5ca3cb06-d13d-4029-b9e1-c81cdf6982d6,2025-09-11,19:07:11,2025-09-11T19:07:11Z,2025-09-11T19:07:11Z,GroundBall,v3,471300,NA,NA,NA,NA,Undefined,GEO_PAT,2010d89d-dbce-4ebf-a1b8-d703fa304eaf,41.94444,-96.02995,7.50384,3.72944,-0.21781,-10.71392,0.65719,-0.89692,1.03983,246.468377,1.59832,142.44674,-16.06275,NA,NA,NA,NA,NA,NA,1.65332,15.47149,-12.42334,NA,NA,NA,NA,NA,NA,0.24602,-0.55283,7.15425,NA,NA,NA,NA,NA,NA,NA,NA,NA,NA,NA,NA,NA,NA,NA,NA,NA,NA,NA,NA,NA,NA,NA,NA,NA,NA,NA,NA,High,High,High,High,High,NA,NA,NA,NA,NA,NA,NA,NA,NA,NA,NA,NA,NA,NA,NA,NA,NA,NA,NA,NA,NA,NA,NA,NA,NA,NA,NA,NA,NA,NA,NA,NA,NA,NA,NA,NA,NA,NA,NA,NA,NA,NA,NA,NA,NA,NA,NA,NA,NA,NA,NA,NA,NA,NA,NA
NA,NA,NA,NA,NA,NA,NA,NA,NA,NA,NA,NA,NA,NA,NA,NA,109,2025-09-11,15:07:30,NA,NA,NA,NA,Undefined,GEO_PAT,"V, Logan",1112,Right,GEO_PAT,Undefined,1,Bottom,0,0,0,Undefined,Changeup,Undefined,Undefined,Undefined,Undefined,0,0,NA,65.50984,-0.205584,0.43754,1761.555388,170.673148,11:45:00,3.69975,-0.65803,18.52767,-25.10871,12.11768,-1.82665,1.46179,-0.50047,61.00109,-6.308759,0.007442,0.439134,16.52902,9.398795,40.721896,1009.211342,NA,NA,NA,13.96869,13.96869,34.251499,0.475362,1.73614,11.09843,0.7229,50,3.6547,-0.85555,-97.29717,1.4429,1.65156,16.3541,-21.61626,GEO_PAT,NA,SpuhlerFieldMain,NA,NA,20250911-SpuhlerFieldMain-BP-5,90c24670-8f42-11f0-b7ac-41d3680bab53,85.83358,1.94111,NA,4.50875,NA,NA,NA,3.11736,1.69646,0.51395,5ca3cb06-d13d-4029-b9e1-c81cdf6982d6,2025-09-11,19:07:30,2025-09-11T19:07:30Z,2025-09-11T19:07:30Z,GroundBall,v3,471300,NA,NA,NA,NA,Undefined,GEO_PAT,09ea984b-ed30-462a-aa27-cf7b7ce931d1,41.97776,-95.93928,8.17705,3.69999,-0.3519,-10.80813,0.65756,-0.71842,0.82578,239.368307,3.11779,18.11297,-0.80606,NA,NA,NA,NA,NA,NA,1.69829,3.90897,-15.74718,NA,NA,NA,NA,NA,NA,0.51413,15.59771,-0.29594,NA,NA,NA,NA,NA,NA,NA,NA,NA,NA,NA,NA,NA,NA,NA,NA,NA,NA,NA,NA,NA,NA,NA,NA,NA,NA,NA,NA,High,High,High,High,High,NA,NA,NA,NA,NA,NA,NA,NA,NA,NA,NA,NA,NA,NA,NA,NA,NA,NA,NA,NA,NA,NA,NA,NA,NA,NA,NA,NA,NA,NA,NA,NA,NA,NA,NA,NA,NA,NA,NA,NA,NA,NA,NA,NA,NA,NA,NA,NA,NA,NA,NA,NA,NA,NA,NA
NA,NA,NA,NA,NA,NA,NA,NA,NA,NA,NA,NA,NA,NA,NA,NA,110,2025-09-11,15:07:43,NA,NA,NA,NA,Undefined,GEO_PAT,"V, Logan",1112,Right,GEO_PAT,Undefined,1,Bottom,0,0,0,Undefined,Changeup,Undefined,Undefined,Undefined,Undefined,0,0,NA,65.95913,0.171397,0.829737,1734.923979,178.365719,12:00:00,3.7173,-0.63384,18.4927,-24.92147,11.51375,-0.30406,1.76198,-0.07117,61.9576,-5.856308,0.758226,0.434442,28.64246,-54.379183,6.953101,NA,NA,NA,NA,5.77523,5.77523,6.637359,0.060043,0.48658,10.42004,0.75011,50,3.62017,-1.43622,-97.82551,2.09031,0.47395,14.6847,-22.02432,GEO_PAT,NA,SpuhlerFieldMain,NA,NA,20250911-SpuhlerFieldMain-BP-5,98d6e8c0-8f42-11f0-b7ac-41d3680bab53,86.76055,2.08825,NA,4.00153,NA,NA,NA,4.25133,2.08825,0.4864,5ca3cb06-d13d-4029-b9e1-c81cdf6982d6,2025-09-11,19:07:43,2025-09-11T19:07:43Z,2025-09-11T19:07:43Z,GroundBall,v3,471300,NA,NA,NA,NA,Undefined,GEO_PAT,f7ce21f7-4283-4982-8b2f-c90e5ec4b6e1,42.01372,-96.61924,7.34235,3.71757,0.28113,-11.01216,0.63373,-1.39729,0.23698,180,4.24699,24.73538,NA,NA,NA,NA,NA,NA,NA,2.09434,-34.77929,NA,NA,NA,NA,NA,NA,NA,0.48588,3.01657,NA,NA,NA,NA,NA,NA,NA,NA,NA,NA,NA,NA,NA,NA,NA,NA,NA,NA,NA,NA,NA,NA,NA,NA,NA,NA,NA,NA,NA,High,High,High,Medium,High,NA,NA,NA,NA,NA,NA,NA,NA,NA,NA,NA,NA,NA,NA,NA,NA,NA,NA,NA,NA,NA,NA,NA,NA,NA,NA,NA,NA,NA,NA,NA,NA,NA,NA,NA,NA,NA,NA,NA,NA,NA,NA,NA,NA,NA,NA,NA,NA,NA,NA,NA,NA,NA,NA,NA
NA,NA,NA,NA,NA,NA,NA,NA,NA,NA,NA,NA,NA,NA,NA,NA,111,2025-09-11,15:07:50,NA,NA,NA,NA,Undefined,GEO_PAT,"c, Vincent",NA,Right,GEO_PAT,Undefined,1,Bottom,0,0,0,Undefined,Curveball,Undefined,Undefined,Undefined,Undefined,0,0,NA,65.08827,-0.270713,0.66716,1901.42988,172.929912,11:45:00,3.72056,-0.6347,18.52782,-25.24749,12.20079,-1.39925,1.42493,-0.27894,61.04097,-6.386,0.337705,0.440441,NA,NA,NA,NA,NA,NA,NA,NA,NA,NA,NA,1.37402,11.21323,0.73004,50,3.68447,-1.20199,-96.45897,1.34097,1.30037,14.37167,-21.56184,GEO_PAT,NA,SpuhlerFieldMain,NA,NA,20250911-SpuhlerFieldMain-BP-5,9ceb3880-8f42-11f0-b7ac-41d3680bab53,85.57893,NA,NA,4.0473,NA,NA,NA,NA,NA,NA,5ca3cb06-d13d-4029-b9e1-c81cdf6982d6,2025-09-11,19:07:50,2025-09-11T19:07:50Z,2025-09-11T19:07:50Z,NA,v3,471300,NA,NA,NA,NA,Undefined,GEO_PAT,bd87e80d-43a5-4ee1-9903-6c6a95b3524c,41.97383,-95.25563,7.18583,3.72116,-0.46441,-10.78092,0.63396,-1.09311,0.65018,NA,NA,NA,NA,NA,NA,NA,NA,NA,NA,NA,NA,NA,NA,NA,NA,NA,NA,NA,NA,NA,NA,NA,NA,NA,NA,NA,NA,NA,NA,NA,NA,NA,NA,NA,NA,NA,NA,NA,NA,NA,NA,NA,NA,NA,NA,NA,NA,NA,NA,High,High,High,NA,NA,NA,NA,NA,NA,NA,NA,NA,NA,NA,NA,NA,NA,NA,NA,NA,NA,NA,NA,NA,NA,NA,NA,NA,NA,NA,NA,NA,NA,NA,NA,NA,NA,NA,NA,NA,NA,NA,NA,NA,NA,NA,NA,NA,NA,NA,NA,NA,NA,NA,NA,NA,NA,NA,NA,NA
NA,NA,NA,NA,NA,NA,NA,NA,NA,NA,NA,NA,NA,NA,NA,NA,112,2025-09-11,15:07:57,NA,NA,NA,NA,Undefined,GEO_PAT,"c, Vincent",NA,Right,GEO_PAT,Undefined,1,Bottom,0,0,0,Undefined,Changeup,Undefined,Undefined,Undefined,Undefined,0,0,NA,67.06325,-0.126252,0.646877,1631.446314,178.463948,12:00:00,3.7281,-0.64176,18.52204,-22.65411,12.78615,-0.31831,1.75086,-0.21021,62.53508,-5.640944,0.571959,0.428469,89.49567,36.203147,-5.759642,3467.452186,109.84521,76.15861,-5.83072,282.35272,282.35272,2.077169,5.369897,0.46862,11.6367,0.73289,50,3.67786,-1.14465,-99.57423,1.45145,0.46844,16.64511,-20.54215,GEO_PAT,NA,SpuhlerFieldMain,NA,NA,20250911-SpuhlerFieldMain-BP-5,a10de020-8f42-11f0-b7ac-41d3680bab53,87.96998,98.32264,NA,4.52817,NA,NA,NA,3.96838,2.06564,0.23861,5ca3cb06-d13d-4029-b9e1-c81cdf6982d6,2025-09-11,19:07:57,2025-09-11T19:07:57Z,2025-09-11T19:07:57Z,FlyBall,v3,471300,NA,NA,NA,NA,Undefined,GEO_PAT,f57e530e-27e9-495a-87ef-0cb3df6e3a1e,41.98392,-98.2251,8.32255,3.72803,-0.21355,-10.27108,0.64165,-1.10668,0.23422,191.419168,3.97193,105.31414,-25.46958,6.18173,-1.18778,0.19792,-0.02917,0.00308,-1.5e-4,2.06593,77.51856,-16.81603,0.27532,0.31395,-0.17451,0.04483,-0.00558,2.7e-4,0.23767,-10.61069,6.18641,-1.56876,0.3093,-0.05135,0.00722,-7.3e-4,3e-5,NA,NA,NA,NA,NA,NA,NA,NA,NA,NA,NA,NA,NA,NA,NA,NA,NA,NA,NA,NA,NA,NA,High,High,High,High,Medium,NA,NA,NA,NA,NA,NA,NA,NA,NA,NA,NA,NA,NA,NA,NA,NA,NA,NA,NA,NA,NA,NA,NA,NA,NA,NA,NA,NA,NA,NA,NA,NA,NA,NA,NA,NA,NA,NA,NA,NA,NA,NA,NA,NA,NA,NA,NA,NA,NA,NA,NA,NA,NA,NA,NA
NA,NA,NA,NA,NA,NA,NA,NA,NA,NA,NA,NA,NA,NA,NA,NA,113,2025-09-11,15:08:07,NA,NA,NA,NA,Undefined,GEO_PAT,"c, Vincent",NA,Right,GEO_PAT,Undefined,1,Bottom,0,0,0,Undefined,Changeup,Undefined,Undefined,Undefined,Undefined,0,0,NA,65.05827,0.511932,0.630113,1748.361245,170.240213,11:45:00,3.72876,-0.63452,18.52611,-24.16533,13.18658,-2.11945,2.07747,-0.36499,61.11938,-5.350212,0.131309,0.439874,97.00312,11.89224,-28.362772,2603.452037,94.23892,7.49006,-56.73637,144.85448,144.85448,-32.796419,1.225599,2.03768,11.832090000000001,0.72736,50,3.58412,-1.19619,-96.47885,2.60537,1.93308,14.099,-20.94942,GEO_PAT,NA,SpuhlerFieldMain,NA,NA,20250911-SpuhlerFieldMain-BP-5,a6cb4c00-8f42-11f0-b7ac-41d3680bab53,85.68925,9.94468,NA,3.93889,NA,NA,NA,4.05376,2.20681,0.52921,5ca3cb06-d13d-4029-b9e1-c81cdf6982d6,2025-09-11,19:08:07,2025-09-11T19:08:07Z,2025-09-11T19:08:07Z,LineDrive,v3,471300,NA,NA,NA,NA,Undefined,GEO_PAT,120ef8bf-eaf2-4c5d-aae4-b3edb0e853d2,41.98031,-95.29968,7.0495,3.72875,0.85326,-10.47471,0.63408,-1.03452,0.96654,NA,4.05376,122.50542,-26.33156,5.02031,-1.21021,0.28648,-0.06826,0.01344,-0.00145,2.20681,29.31802,-30.220580000000002,5.18297,-1.35024,0.36054,-0.08908,0.01811,-0.00203,0.52921,-66.1356,0.36921,1.1815,-0.41951,0.1379,-0.03782,0.00812,-9.4e-4,NA,NA,NA,NA,NA,NA,NA,NA,NA,NA,NA,NA,NA,NA,NA,NA,NA,NA,NA,NA,NA,NA,High,High,High,High,High,NA,NA,NA,NA,NA,NA,NA,NA,NA,NA,NA,NA,NA,NA,NA,NA,NA,NA,NA,NA,NA,NA,NA,NA,NA,NA,NA,NA,NA,NA,NA,NA,NA,NA,NA,NA,NA,NA,NA,NA,NA,NA,NA,NA,NA,NA,NA,NA,NA,NA,NA,NA,NA,NA,NA
NA,NA,NA,NA,NA,NA,NA,NA,NA,NA,NA,NA,NA,NA,NA,NA,114,2025-09-11,15:08:14,NA,NA,NA,NA,Undefined,GEO_PAT,"c, Vincent",NA,Right,GEO_PAT,Undefined,1,Bottom,0,0,0,Undefined,Changeup,Undefined,Undefined,Undefined,Undefined,0,0,NA,66.08646,-0.125158,1.037982,1710.888826,163.829766,11:30:00,3.72013,-0.64089,18.55887,-24.39832,11.40749,-3.09701,1.59838,-0.16456,62.72737,-6.005794,0.308322,0.430673,98.430179999999993,11.342053,-22.250232,1786.737229,98.94589,11.51369,-48.05849,183.79007,179.95675,-29.221426,1.546581,2.98095,10.42016,0.79402,50,3.6636,-1.98025,-97.86732,1.59066,2.94708,12.64302,-21.87225,GEO_PAT,NA,SpuhlerFieldMain,NA,NA,20250911-SpuhlerFieldMain-BP-5,ab451450-8f42-11f0-b7ac-41d3680bab53,87.51979,11.80888,NA,3.35909,NA,NA,NA,3.75102,1.94523,0.20795,5ca3cb06-d13d-4029-b9e1-c81cdf6982d6,2025-09-11,19:08:14,2025-09-11T19:08:14Z,2025-09-11T19:08:14Z,LineDrive,v3,471300,NA,NA,NA,NA,Undefined,GEO_PAT,9fb6605d-d278-44bf-8ecc-70d7e2d9a781,41.94818,-96.82155,6.32151,3.72035,-0.2185,-10.93612,0.64031,-1.73648,1.47354,89.645451,3.75102,131.00297,-25.6569,5.34256,-0.61228,-0.37977,0.31481,-0.10781,0.01484,1.94523,28.3922,-21.77738,2.21517,-0.59857,0.33633,-0.18266,0.05927,-0.00816,0.20797,-53.59979,-6.40674,3.00546,-0.03418,-0.88846,0.65459,-0.22467,0.03133,NA,NA,NA,NA,NA,NA,NA,NA,NA,NA,NA,NA,NA,NA,NA,NA,NA,NA,NA,NA,NA,NA,High,High,High,High,High,NA,NA,NA,NA,NA,NA,NA,NA,NA,NA,NA,NA,NA,NA,NA,NA,NA,NA,NA,NA,NA,NA,NA,NA,NA,NA,NA,NA,NA,NA,NA,NA,NA,NA,NA,NA,NA,NA,NA,NA,NA,NA,NA,NA,NA,NA,NA,NA,NA,NA,NA,NA,NA,NA,NA
NA,NA,NA,NA,NA,NA,NA,NA,NA,NA,NA,NA,NA,NA,NA,NA,115,2025-09-11,15:08:21,NA,NA,NA,NA,Undefined,GEO_PAT,"c, Vincent",NA,Right,GEO_PAT,Undefined,1,Bottom,0,0,0,Undefined,Changeup,Undefined,Undefined,Undefined,Undefined,0,0,NA,66.17844,-0.059288,0.245408,1639.784834,180.073993,12:00:00,3.73667,-0.63039,18.5951,-23.10674,12.99698,0.01563,1.7692,-0.45563,61.98016,-5.682013,0.24909800000000001,0.432462,99.60963,23.158009,-6.537006,1629.392315,109.36372,44.40619,-11.81037,345.46135,345.46135,-4.151184,4.509914,0.05335,11.84666,0.66499,50,3.67396,-0.41964,-98.20832,1.60896,0.05217,15.33696,-20.58694,GEO_PAT,NA,SpuhlerFieldMain,NA,NA,20250911-SpuhlerFieldMain-BP-5,af9fbbe0-8f42-11f0-b7ac-41d3680bab53,87.15788,63.27914,NA,4.19828,NA,NA,NA,3.38595,2.00181,0.45539,5ca3cb06-d13d-4029-b9e1-c81cdf6982d6,2025-09-11,19:08:21,2025-09-11T19:08:21Z,2025-09-11T19:08:21Z,LineDrive,v3,471300,NA,NA,NA,NA,Undefined,GEO_PAT,09de64d9-f968-4d54-af3b-c9b7a57eb133,41.91084,-96.93682,7.66848,3.7366,-0.09778,-10.29347,0.63038,-0.41531,0.02609,176.407209,3.38495,133.4691,-28.69806,7.21915,-1.59923,0.32395,-0.05703,0.00692,-3.8e-4,2.00423,57.40097,-12.96103,-0.94079,0.64835,-0.23953,0.05753,-0.00741,3.8e-4,0.45549,-15.29694,2.36899,0.25339,-0.1172,8.4e-4,0.00668,-0.00139,9e-5,NA,NA,NA,NA,NA,NA,NA,NA,NA,NA,NA,NA,NA,NA,NA,NA,NA,NA,NA,NA,NA,NA,High,High,High,High,Medium,NA,NA,NA,NA,NA,NA,NA,NA,NA,NA,NA,NA,NA,NA,NA,NA,NA,NA,NA,NA,NA,NA,NA,NA,NA,NA,NA,NA,NA,NA,NA,NA,NA,NA,NA,NA,NA,NA,NA,NA,NA,NA,NA,NA,NA,NA,NA,NA,NA,NA,NA,NA,NA,NA,NA
