player_name,display_name,active,notes,id,pitcher,date,rel_speed,horz_break,induced_vert_break,original_pitch_type,new_pitch_type,new_pitcher,modified_at,pitch_key,created_at,PitchNo,Date,Time,PAofInning,PitchofPA,Pitcher,PitcherId,PitcherThrows,PitcherTeam,Batter,BatterId,BatterSide,BatterTeam,PitcherSet,Inning,Top/Bottom,Outs,Balls,Strikes,TaggedPitchType,AutoPitchType,PitchCall,KorBB,TaggedHitType,PlayResult,OutsOnPlay,RunsScored,Notes,RelSpeed,VertRelAngle,HorzRelAngle,SpinRate,SpinAxis,Tilt,RelHeight,RelSide,Extension,VertBreak,InducedVertBreak,HorzBreak,PlateLocHeight,PlateLocSide,ZoneSpeed,VertApprAngle,HorzApprAngle,ZoneTime,ExitSpeed,Angle,Direction,HitSpinRate,PositionAt110X,PositionAt110Y,PositionAt110Z,Distance,LastTrackedDistance,Bearing,HangTime,pfxx,pfxz,x0,y0,z0,vx0,vy0,vz0,ax0,ay0,az0,HomeTeam,AwayTeam,Stadium,Level,League,GameID,PitchUID,EffectiveVelo,MaxHeight,MeasuredDuration,SpeedDrop,PitchLastMeasuredX,PitchLastMeasuredY,PitchLastMeasuredZ,ContactPositionX,ContactPositionY,ContactPositionZ,GameUID,UTCDate,UTCTime,LocalDateTime,UTCDateTime,AutoHitType,System,HomeTeamForeignID,AwayTeamForeignID,GameForeignID,Catcher,CatcherId,CatcherThrows,CatcherTeam,PlayID,PitchTrajectoryXc0,PitchTrajectoryXc1,PitchTrajectoryXc2,PitchTrajectoryYc0,PitchTrajectoryYc1,PitchTrajectoryYc2,PitchTrajectoryZc0,PitchTrajectoryZc1,PitchTrajectoryZc2,HitSpinAxis,HitTrajectoryXc0,HitTrajectoryXc1,HitTrajectoryXc2,HitTrajectoryXc3,HitTrajectoryXc4,HitTrajectoryXc5,HitTrajectoryXc6,HitTrajectoryXc7,HitTrajectoryXc8,HitTrajectoryYc0,HitTrajectoryYc1,HitTrajectoryYc2,HitTrajectoryYc3,HitTrajectoryYc4,HitTrajectoryYc5,HitTrajectoryYc6,HitTrajectoryYc7,HitTrajectoryYc8,HitTrajectoryZc0,HitTrajectoryZc1,HitTrajectoryZc2,HitTrajectoryZc3,HitTrajectoryZc4,HitTrajectoryZc5,HitTrajectoryZc6,HitTrajectoryZc7,HitTrajectoryZc8,ThrowSpeed,PopTime,ExchangeTime,TimeToBase,CatchPositionX,CatchPositionY,CatchPositionZ,ThrowPositionX,ThrowPositionY,ThrowPositionZ,BasePositionX,BasePositionY,BasePositionZ,ThrowTrajectoryXc0,ThrowTrajectoryXc1,ThrowTrajectoryXc2,ThrowTrajectoryYc0,ThrowTrajectoryYc1,ThrowTrajectoryYc2,ThrowTrajectoryZc0,ThrowTrajectoryZc1,ThrowTrajectoryZc2,PitchReleaseConfidence,PitchLocationConfidence,PitchMovementConfidence,HitLaunchConfidence,HitLandingConfidence,CatcherThrowCatchConfidence,CatcherThrowReleaseConfidence,CatcherThrowLocationConfidence,SpinAxis3dTransverseAngle,SpinAxis3dLongitudinalAngle,SpinAxis3dActiveSpinRate,SpinAxis3dSpinEfficiency,SpinAxis3dTilt,SpinAxis3dVectorX,SpinAxis3dVectorY,SpinAxis3dVectorZ,SpinAxis3dSeamOrientationRotationX,SpinAxis3dSeamOrientationRotationY,SpinAxis3dSeamOrientationRotationZ,SpinAxis3dSeamOrientationBallYAmb1,SpinAxis3dSeamOrientationBallAngleHorizontalAmb1,SpinAxis3dSeamOrientationBallZAmb1,SpinAxis3dSeamOrientationBallAngleVerticalAmb2,SpinAxis3dSeamOrientationBallZAmb2,SpinAxis3dSeamOrientationBallXAmb4,SpinAxis3dSeamOrientationBallYAmb4,SpinAxis3dSeamOrientationBallAngleHorizontalAmb2,SpinAxis3dSeamOrientationBallAngleVerticalAmb1,SpinAxis3dSeamOrientationBallXAmb1,SpinAxis3dSeamOrientationBallYAmb2,SpinAxis3dSeamOrientationBallAngleHorizontalAmb4,SpinAxis3dSeamOrientationBallAngleVerticalAmb4,SpinAxis3dSeamOrientationBallXAmb2,SpinAxis3dSeamOrientationBallAngleVerticalAmb3,SpinAxis3dSeamOrientationBallAngleHorizontalAmb3,SpinAxis3dSeamOrientationBallXAmb3,SpinAxis3dSeamOrientationBallYAmb3,SpinAxis3dSeamOrientationBallZAmb3,SpinAxis3dSeamOrientationBallZAmb4,session_id,play_id,camera_slot,camera_name,camera_target,video_type,azure_blob,azure_md5,cloudinary_url,cloudinary_public_id,uploaded_at,PitchSession,Flag,CalibrationId,EffVelocity,PracticeType,Device,HitType,BatSpeed,VerticalAttackAngle,HorizontalAttackAngle
NA,NA,NA,NA,NA,NA,NA,NA,NA,NA,NA,NA,NA,NA,NA,NA,1,2026-02-14,14:31:15,1,1,"Scolari, Cal",822302,Right,ORE_DUC,"Clyne , Owen",1000230336,Left,GEO_PAT,Undefined,1,Top,0,0,0,Fastball,Four-Seam,StrikeCalled,Undefined,Undefined,Undefined,0,0,NA,95.98559,-2.842379,-1.757891,2412.048071,219.633327,01:15:00,5.73636,1.74359,6.3062,-14.83292,15.08461,11.69599,1.87837,1.0983,87.71911,-5.675224,0.357688,0.393672,NA,NA,NA,NA,NA,NA,NA,NA,NA,NA,NA,-6.56804,8.93579,-1.61998,50,5.52044,3.77205,-139.32910999999999,-7.35077,-12.89554,31.65382,-14.62975,ORE_DUC,GEO_PAT,PKPark,D1,BIG10,20260214-PKPark-2,e72f6830-09f4-11f1-802c-cb007da271b4,95.7458,NA,NA,8.26649,NA,NA,NA,NA,NA,NA,5ce813cb-c9e8-448f-bad2-0498063e9329,2026-02-14,22:31:15,2026-02-14T22:31:15Z,2026-02-14T22:31:15Z,NA,v3,4807,471300,82de864d38834b289bdde1d759a4a8fd,"Mabeus, Burke",1000222806,Right,ORE_DUC,51569e8b-de81-411a-9064-9fde7752cf07,54.19204,-140.27825,15.82691,5.73428,-6.9121,-7.31488,-1.73888,4.15872,-6.44777,NA,NA,NA,NA,NA,NA,NA,NA,NA,NA,NA,NA,NA,NA,NA,NA,NA,NA,NA,NA,NA,NA,NA,NA,NA,NA,NA,NA,NA,NA,NA,NA,NA,NA,NA,NA,NA,NA,NA,NA,NA,NA,NA,NA,NA,NA,NA,NA,NA,NA,High,High,High,NA,NA,NA,NA,NA,NA,NA,NA,NA,NA,NA,NA,NA,NA,NA,NA,NA,NA,NA,NA,NA,NA,NA,NA,NA,NA,NA,NA,NA,NA,NA,NA,NA,NA,NA,NA,NA,NA,NA,NA,NA,NA,NA,NA,NA,NA,NA,NA,NA,NA,NA,NA,NA,NA,NA,NA,NA
NA,NA,NA,NA,NA,NA,NA,NA,NA,NA,NA,NA,NA,NA,NA,NA,2,2026-02-14,14:31:34,1,2,"Scolari, Cal",822302,Right,ORE_DUC,"Clyne , Owen",1000230336,Left,GEO_PAT,Undefined,1,Top,0,0,1,Fastball,Four-Seam,FoulBallNotFieldable,Undefined,Undefined,Undefined,0,0,NA,96.23109,-2.427792,-1.824407,2458.682131,209.265199,01:00:00,5.73999,1.47416,6.46482,-10.48536,19.28847,10.23489,2.63388,0.65082,87.21747,-4.501308,0.031496,0.392725,81.4459,17.108091,-157.083792,1373.077785,-104.94571,11.10656,-32.95892,148.56968,50.51064,-164.469007,1.562195,-5.87878,11.1039,-1.3495,50,5.56345,4.00793,-139.65608,-6.14514,-11.5107,33.97271,-10.43249,ORE_DUC,GEO_PAT,PKPark,D1,BIG10,20260214-PKPark-2,f29c8450-09f4-11f1-802c-cb007da271b4,95.97661,14.09743,NA,9.01361,NA,NA,NA,0.03582,2.1488,-0.26234,5ce813cb-c9e8-448f-bad2-0498063e9329,2026-02-14,22:31:34,2026-02-14T22:31:34Z,2026-02-14T22:31:34Z,LineDrive,v3,4807,471300,82de864d38834b289bdde1d759a4a8fd,"Mabeus, Burke",1000222806,Right,ORE_DUC,6c994307-d603-4193-94e0-aad2c1210f5f,54.03198,-140.63348,16.98635,5.73593,-5.845,-5.21624,-1.46957,4.33909,-5.75535,54.244393,0.04945,-105.32496,8.74319,NA,NA,NA,NA,NA,NA,2.58947,31.17887,-21.17382,NA,NA,NA,NA,NA,NA,-0.65408,-40.90042,10.28185,NA,NA,NA,NA,NA,NA,NA,NA,NA,NA,NA,NA,NA,NA,NA,NA,NA,NA,NA,NA,NA,NA,NA,NA,NA,NA,NA,NA,High,High,High,High,Low,NA,NA,NA,NA,NA,NA,NA,NA,NA,NA,NA,NA,NA,NA,NA,NA,NA,NA,NA,NA,NA,NA,NA,NA,NA,NA,NA,NA,NA,NA,NA,NA,NA,NA,NA,NA,NA,NA,NA,NA,NA,NA,NA,NA,NA,NA,NA,NA,NA,NA,NA,NA,NA,NA,NA
NA,NA,NA,NA,NA,NA,NA,NA,NA,NA,NA,NA,NA,NA,NA,NA,3,2026-02-14,14:32:09,1,3,"Scolari, Cal",822302,Right,ORE_DUC,"Clyne , Owen",1000230336,Left,GEO_PAT,Undefined,1,Top,0,0,2,Fastball,Four-Seam,BallCalled,Undefined,Undefined,Undefined,0,0,NA,96.31442,-0.831693,-1.296434,2444.696709,215.344873,01:15:00,5.71797,1.77924,6.25021,-11.82768,17.71485,11.93524,3.96508,1.57804,88.2973,-3.121563,0.859816,0.391197,NA,NA,NA,NA,NA,NA,NA,NA,NA,NA,NA,-6.50886,9.67083,-1.68839,50,5.65001,2.64578,-140.04547,-2.34131,-12.9872,30.23797,-12.87774,ORE_DUC,GEO_PAT,PKPark,D1,BIG10,20260214-PKPark-2,0753dc90-09f5-11f1-802c-cb007da271b4,96.35163,NA,NA,8.01712,NA,NA,NA,NA,NA,NA,5ce813cb-c9e8-448f-bad2-0498063e9329,2026-02-14,22:32:09,2026-02-14T22:32:09Z,2026-02-14T22:32:09Z,NA,v3,4807,471300,82de864d38834b289bdde1d759a4a8fd,"Mabeus, Burke",1000222806,Right,ORE_DUC,89e97131-322e-4e18-b984-d7a4cd006613,54.24816,-140.95972,15.11898,5.71491,-1.95195,-6.43887,-1.77432,3.03846,-6.4936,NA,NA,NA,NA,NA,NA,NA,NA,NA,NA,NA,NA,NA,NA,NA,NA,NA,NA,NA,NA,NA,NA,NA,NA,NA,NA,NA,NA,NA,NA,NA,NA,NA,NA,NA,NA,NA,NA,NA,NA,NA,NA,NA,NA,NA,NA,NA,NA,NA,NA,High,High,High,NA,NA,NA,NA,NA,NA,NA,NA,NA,NA,NA,NA,NA,NA,NA,NA,NA,NA,NA,NA,NA,NA,NA,NA,NA,NA,NA,NA,NA,NA,NA,NA,NA,NA,NA,NA,NA,NA,NA,NA,NA,NA,NA,NA,NA,NA,NA,NA,NA,NA,NA,NA,NA,NA,NA,NA,NA
NA,NA,NA,NA,NA,NA,NA,NA,NA,NA,NA,NA,NA,NA,NA,NA,4,2026-02-14,14:32:25,1,4,"Scolari, Cal",822302,Right,ORE_DUC,"Clyne , Owen",1000230336,Left,GEO_PAT,Undefined,1,Top,0,1,2,Fastball,Four-Seam,FoulBallNotFieldable,Undefined,Undefined,Undefined,0,0,NA,96.02325,-0.772497,-3.039572,2530.653511,210.898607,01:00:00,5.68729,1.69885,6.35696,-14.81343,14.72095,8.30146,3.74082,-0.40949,88.40339,-3.597409,-1.539585,0.391143,76.02524,50.413464,-113.142774,4350.142646,NA,NA,NA,NA,30.29944,NA,NA,-5.10575,8.14229,-1.48228,50,5.6241,7.06288,-139.55569,-2.31884,-10.1609,28.72703,-15.97019,ORE_DUC,GEO_PAT,PKPark,D1,BIG10,20260214-PKPark-2,107ab230-09f5-11f1-802c-cb007da271b4,96.36491,35.69162,NA,7.61987,NA,NA,NA,0.60365,3.45594,0.60071,5ce813cb-c9e8-448f-bad2-0498063e9329,2026-02-14,22:32:25,2026-02-14T22:32:25Z,2026-02-14T22:32:25Z,NA,v3,4807,471300,82de864d38834b289bdde1d759a4a8fd,"Mabeus, Burke",1000222806,Right,ORE_DUC,96b944a8-795b-488e-b198-59d81d42e2f8,54.14278,-140.40588,14.36351,5.68574,-1.84619,-7.9851,-1.69576,7.3636,-5.08045,36.552154,0.63426,-28.83421,-8.37418,NA,NA,NA,NA,NA,NA,3.48881,84.97365,-33.61057,NA,NA,NA,NA,NA,NA,0.58359,-64.841,13.46628,NA,NA,NA,NA,NA,NA,NA,NA,NA,NA,NA,NA,NA,NA,NA,NA,NA,NA,NA,NA,NA,NA,NA,NA,NA,NA,NA,NA,High,High,High,Medium,Undefined,NA,NA,NA,NA,NA,NA,NA,NA,NA,NA,NA,NA,NA,NA,NA,NA,NA,NA,NA,NA,NA,NA,NA,NA,NA,NA,NA,NA,NA,NA,NA,NA,NA,NA,NA,NA,NA,NA,NA,NA,NA,NA,NA,NA,NA,NA,NA,NA,NA,NA,NA,NA,NA,NA,NA
NA,NA,NA,NA,NA,NA,NA,NA,NA,NA,NA,NA,NA,NA,NA,NA,5,2026-02-14,14:33:31,1,5,"Scolari, Cal",822302,Right,ORE_DUC,"Clyne , Owen",1000230336,Left,GEO_PAT,Undefined,1,Top,0,1,2,Curveball,Curveball,BallCalled,Undefined,Undefined,Undefined,0,0,NA,79.84401,-0.829117,-0.888674,2593.243368,37.409043,07:15:00,5.95568,1.28361,5.82747,-59.0231,-14.61879,-12.31127,0.2662,-0.56851,73.32254,-11.553043,-3.106953,0.479605,NA,NA,NA,NA,NA,NA,NA,NA,NA,NA,NA,6.08193,-6.93662,-1.20347,50,5.85261,2.25391,-115.98441,-3.63384,8.15809,24.78749,-41.47862,ORE_DUC,GEO_PAT,PKPark,D1,BIG10,20260214-PKPark-2,381bcea0-09f5-11f1-802c-cb007da271b4,78.59056,NA,NA,6.52147,NA,NA,NA,NA,NA,NA,5ce813cb-c9e8-448f-bad2-0498063e9329,2026-02-14,22:33:31,2026-02-14T22:33:31Z,2026-02-14T22:33:31Z,NA,v3,4807,471300,82de864d38834b289bdde1d759a4a8fd,"Mabeus, Burke",1000222806,Right,ORE_DUC,ca7689d4-0883-471c-b431-594497c8e1fc,54.67541,-116.97935,12.39375,5.96505,-1.96895,-20.73931,-1.28737,1.92646,4.07904,NA,NA,NA,NA,NA,NA,NA,NA,NA,NA,NA,NA,NA,NA,NA,NA,NA,NA,NA,NA,NA,NA,NA,NA,NA,NA,NA,NA,NA,NA,NA,NA,NA,NA,NA,NA,NA,NA,NA,NA,NA,NA,NA,NA,NA,NA,NA,NA,NA,NA,High,High,High,NA,NA,NA,NA,NA,NA,NA,NA,NA,NA,NA,NA,NA,NA,NA,NA,NA,NA,NA,NA,NA,NA,NA,NA,NA,NA,NA,NA,NA,NA,NA,NA,NA,NA,NA,NA,NA,NA,NA,NA,NA,NA,NA,NA,NA,NA,NA,NA,NA,NA,NA,NA,NA,NA,NA,NA,NA
NA,NA,NA,NA,NA,NA,NA,NA,NA,NA,NA,NA,NA,NA,NA,NA,6,2026-02-14,14:33:48,1,6,"Scolari, Cal",822302,Right,ORE_DUC,"Clyne , Owen",1000230336,Left,GEO_PAT,Undefined,1,Top,0,2,2,Curveball,Curveball,StrikeCalled,Strikeout,Undefined,Undefined,0,0,NA,79.043450000000007,3.068066,0.447828,2500.015483,32.866456,07:00:00,5.95965,1.14057,5.56654,-63.41287,-17.22088,-12.21918,3.54412,0.54066,71.2366,-8.507167,-1.734841,0.489164,NA,NA,NA,NA,NA,NA,NA,NA,NA,NA,NA,6.25331,-9.07548,-1.17124,50,6.18356,-0.39625,-114.52581,3.88564,8.12629,25.40133,-43.9678,ORE_DUC,GEO_PAT,PKPark,D1,BIG10,20260214-PKPark-2,421ed370-09f5-11f1-802c-cb007da271b4,77.05477,NA,NA,7.80686,NA,NA,NA,NA,NA,NA,5ce813cb-c9e8-448f-bad2-0498063e9329,2026-02-14,22:33:48,2026-02-14T22:33:48Z,2026-02-14T22:33:48Z,NA,v3,4807,471300,82de864d38834b289bdde1d759a4a8fd,"Mabeus, Burke",1000222806,Right,ORE_DUC,ff1cea98-ec2f-4d93-95df-7ac7b77a0e7b,54.93403,-115.61498,12.70066,5.97653,5.77091,-21.9839,-1.14678,-0.74469,4.06315,NA,NA,NA,NA,NA,NA,NA,NA,NA,NA,NA,NA,NA,NA,NA,NA,NA,NA,NA,NA,NA,NA,NA,NA,NA,NA,NA,NA,NA,NA,NA,NA,NA,NA,NA,NA,NA,NA,NA,NA,NA,NA,NA,NA,NA,NA,NA,NA,NA,NA,High,High,High,NA,NA,NA,NA,NA,NA,NA,NA,NA,NA,NA,NA,NA,NA,NA,NA,NA,NA,NA,NA,NA,NA,NA,NA,NA,NA,NA,NA,NA,NA,NA,NA,NA,NA,NA,NA,NA,NA,NA,NA,NA,NA,NA,NA,NA,NA,NA,NA,NA,NA,NA,NA,NA,NA,NA,NA,NA
NA,NA,NA,NA,NA,NA,NA,NA,NA,NA,NA,NA,NA,NA,NA,NA,7,2026-02-14,14:34:18,2,1,"Scolari, Cal",822302,Right,ORE_DUC,"Bagnerise , Julius",1000469309,Right,GEO_PAT,Undefined,1,Top,1,0,0,Fastball,Four-Seam,BallCalled,Undefined,Undefined,Undefined,0,0,NA,96.18398,-0.532723,-3.442979,2402.01527,200.14696,12:45:00,5.85861,1.52163,6.39003,-12.9543,16.89261,5.83433,4.2882,-1.16278,87.27333,-3.05032,-2.389188,0.393207,NA,NA,NA,NA,NA,NA,NA,NA,NA,NA,NA,-4.02083,9.22276,-1.2763,50,5.81386,8.13553,-139.50835,-1.6268,-7.88139,32.96762,-14.09609,ORE_DUC,GEO_PAT,PKPark,D1,BIG10,20260214-PKPark-2,54227d60-09f5-11f1-802c-cb007da271b4,95.85904,NA,NA,8.91066,NA,NA,NA,NA,NA,NA,5ce813cb-c9e8-448f-bad2-0498063e9329,2026-02-14,22:34:18,2026-02-14T22:34:18Z,2026-02-14T22:34:18Z,NA,v3,4807,471300,82de864d38834b289bdde1d759a4a8fd,"Mabeus, Burke",1000222806,Right,ORE_DUC,dfe3fc71-ad5d-4130-9f0e-c440f4f63c60,54.10551,-140.47518,16.48381,5.8555,-1.21341,-7.04804,-1.51828,8.36667,-3.9407,NA,NA,NA,NA,NA,NA,NA,NA,NA,NA,NA,NA,NA,NA,NA,NA,NA,NA,NA,NA,NA,NA,NA,NA,NA,NA,NA,NA,NA,NA,NA,NA,NA,NA,NA,NA,NA,NA,NA,NA,NA,NA,NA,NA,NA,NA,NA,NA,NA,NA,High,High,High,NA,NA,NA,NA,NA,NA,NA,NA,NA,NA,NA,NA,NA,NA,NA,NA,NA,NA,NA,NA,NA,NA,NA,NA,NA,NA,NA,NA,NA,NA,NA,NA,NA,NA,NA,NA,NA,NA,NA,NA,NA,NA,NA,NA,NA,NA,NA,NA,NA,NA,NA,NA,NA,NA,NA,NA,NA
NA,NA,NA,NA,NA,NA,NA,NA,NA,NA,NA,NA,NA,NA,NA,NA,8,2026-02-14,14:34:38,2,2,"Scolari, Cal",822302,Right,ORE_DUC,"Bagnerise , Julius",1000469309,Right,GEO_PAT,Undefined,1,Top,1,1,0,Fastball,Four-Seam,BallCalled,Undefined,Undefined,Undefined,0,0,NA,95.38629,-1.725599,-3.571517,2498.527743,203.452657,12:45:00,5.79346,1.35859,6.53559,-10.87351,19.27084,7.9291,3.30099,-1.26084,86.75343,-3.869183,-2.13552,0.395161,NA,NA,NA,NA,NA,NA,NA,NA,NA,NA,NA,-5.14189,10.85193,-1.1136,50,5.66824,8.29539,-138.34456,-4.39969,-9.93193,31.82551,-11.21268,ORE_DUC,GEO_PAT,PKPark,D1,BIG10,20260214-PKPark-2,5fb71eb0-09f5-11f1-802c-cb007da271b4,95.38501,NA,NA,8.63287,NA,NA,NA,NA,NA,NA,5ce813cb-c9e8-448f-bad2-0498063e9329,2026-02-14,22:34:38,2026-02-14T22:34:38Z,2026-02-14T22:34:38Z,NA,v3,4807,471300,82de864d38834b289bdde1d759a4a8fd,"Mabeus, Burke",1000222806,Right,ORE_DUC,4c05c10d-0934-4b3e-9652-d7b11aef96d1,53.96058,-139.25269,15.91276,5.78922,-4.07974,-5.60634,-1.35435,8.57879,-4.96596,NA,NA,NA,NA,NA,NA,NA,NA,NA,NA,NA,NA,NA,NA,NA,NA,NA,NA,NA,NA,NA,NA,NA,NA,NA,NA,NA,NA,NA,NA,NA,NA,NA,NA,NA,NA,NA,NA,NA,NA,NA,NA,NA,NA,NA,NA,NA,NA,NA,NA,High,High,High,NA,NA,NA,NA,NA,NA,NA,NA,NA,NA,NA,NA,NA,NA,NA,NA,NA,NA,NA,NA,NA,NA,NA,NA,NA,NA,NA,NA,NA,NA,NA,NA,NA,NA,NA,NA,NA,NA,NA,NA,NA,NA,NA,NA,NA,NA,NA,NA,NA,NA,NA,NA,NA,NA,NA,NA,NA
NA,NA,NA,NA,NA,NA,NA,NA,NA,NA,NA,NA,NA,NA,NA,NA,9,2026-02-14,14:35:03,2,3,"Scolari, Cal",822302,Right,ORE_DUC,"Bagnerise , Julius",1000469309,Right,GEO_PAT,Undefined,1,Top,1,2,0,Fastball,Four-Seam,StrikeCalled,Undefined,Undefined,Undefined,0,0,NA,94.65937,-3.440974,-2.720444,2487.615268,202.946846,12:45:00,5.83156,1.47611,6.74001,-14.13091,16.20552,6.44351,1.50273,-0.4744,86.51203,-6.167525,-1.546848,0.396418,NA,NA,NA,NA,NA,NA,NA,NA,NA,NA,NA,-4.19063,9.85926,-1.2994,50,5.59904,6.2723,-137.32516,-8.62017,-7.98452,31.04504,-13.38901,ORE_DUC,GEO_PAT,PKPark,D1,BIG10,20260214-PKPark-2,6e9c4a90-09f5-11f1-802c-cb007da271b4,95.0825,NA,NA,8.14733,NA,NA,NA,NA,NA,NA,5ce813cb-c9e8-448f-bad2-0498063e9329,2026-02-14,22:35:03,2026-02-14T22:35:03Z,2026-02-14T22:35:03Z,NA,v3,4807,471300,82de864d38834b289bdde1d759a4a8fd,"Mabeus, Burke",1000222806,Right,ORE_DUC,c1a02cb0-2b39-45f7-aa38-e3e75327e044,53.75864,-138.17226,15.52252,5.82926,-8.25483,-6.6945,-1.47352,6.49017,-3.99226,NA,NA,NA,NA,NA,NA,NA,NA,NA,NA,NA,NA,NA,NA,NA,NA,NA,NA,NA,NA,NA,NA,NA,NA,NA,NA,NA,NA,NA,NA,NA,NA,NA,NA,NA,NA,NA,NA,NA,NA,NA,NA,NA,NA,NA,NA,NA,NA,NA,NA,High,High,High,NA,NA,NA,NA,NA,NA,NA,NA,NA,NA,NA,NA,NA,NA,NA,NA,NA,NA,NA,NA,NA,NA,NA,NA,NA,NA,NA,NA,NA,NA,NA,NA,NA,NA,NA,NA,NA,NA,NA,NA,NA,NA,NA,NA,NA,NA,NA,NA,NA,NA,NA,NA,NA,NA,NA,NA,NA
NA,NA,NA,NA,NA,NA,NA,NA,NA,NA,NA,NA,NA,NA,NA,NA,10,2026-02-14,14:35:18,2,4,"Scolari, Cal",822302,Right,ORE_DUC,"Bagnerise , Julius",1000469309,Right,GEO_PAT,Undefined,1,Top,1,2,1,Fastball,Four-Seam,BallCalled,Undefined,Undefined,Undefined,0,0,NA,94.58507,-1.141786,-1.59045,2348.587976,210.424918,01:00:00,5.724,1.61242,6.55256,-12.67662,17.68572,9.83666,3.62012,0.97342,86.54974,-3.60566,0.196542,0.396588,NA,NA,NA,NA,NA,NA,NA,NA,NA,NA,NA,-5.57536,9.86812,-1.50634,50,5.63928,3.41252,-137.52646,-3.04832,-10.69844,29.94953,-13.238340000000001,ORE_DUC,GEO_PAT,PKPark,D1,BIG10,20260214-PKPark-2,7811b560-09f5-11f1-802c-cb007da271b4,95.04191,NA,NA,8.03533,NA,NA,NA,NA,NA,NA,5ce813cb-c9e8-448f-bad2-0498063e9329,2026-02-14,22:35:18,2026-02-14T22:35:18Z,2026-02-14T22:35:18Z,NA,v3,4807,471300,82de864d38834b289bdde1d759a4a8fd,"Mabeus, Burke",1000222806,Right,ORE_DUC,661ae738-a427-498c-b938-4abb33cc2f91,53.94546,-138.383,14.97477,5.72105,-2.66971,-6.6191700000000004,-1.60831,3.71849,-5.34922,NA,NA,NA,NA,NA,NA,NA,NA,NA,NA,NA,NA,NA,NA,NA,NA,NA,NA,NA,NA,NA,NA,NA,NA,NA,NA,NA,NA,NA,NA,NA,NA,NA,NA,NA,NA,NA,NA,NA,NA,NA,NA,NA,NA,NA,NA,NA,NA,NA,NA,High,High,High,NA,NA,NA,NA,NA,NA,NA,NA,NA,NA,NA,NA,NA,NA,NA,NA,NA,NA,NA,NA,NA,NA,NA,NA,NA,NA,NA,NA,NA,NA,NA,NA,NA,NA,NA,NA,NA,NA,NA,NA,NA,NA,NA,NA,NA,NA,NA,NA,NA,NA,NA,NA,NA,NA,NA,NA,NA
NA,NA,NA,NA,NA,NA,NA,NA,NA,NA,NA,NA,NA,NA,NA,NA,11,2026-02-14,14:35:34,2,5,"Scolari, Cal",822302,Right,ORE_DUC,"Bagnerise , Julius",1000469309,Right,GEO_PAT,Undefined,1,Top,1,3,1,Fastball,Four-Seam,BallCalled,Walk,Undefined,Undefined,0,0,NA,94.32836,-3.131346,-3.589448,2496.591272,202.284342,12:45:00,5.74473,1.27641,6.69463,-10.84493,19.6597,7.66386,1.96899,-1.37166,86.42017,-5.260175,-2.197306,0.397516,NA,NA,NA,NA,NA,NA,NA,NA,NA,NA,NA,-4.99835,11.50048,-1.03991,50,5.53084,8.27394,-136.80059,-7.72006,-9.49917,29.36871,-10.31787,ORE_DUC,GEO_PAT,PKPark,D1,BIG10,20260214-PKPark-2,815513b0-09f5-11f1-802c-cb007da271b4,94.81999,NA,NA,7.90819,NA,NA,NA,NA,NA,NA,5ce813cb-c9e8-448f-bad2-0498063e9329,2026-02-14,22:35:34,2026-02-14T22:35:34Z,2026-02-14T22:35:34Z,NA,v3,4807,471300,82de864d38834b289bdde1d759a4a8fd,"Mabeus, Burke",1000222806,Right,ORE_DUC,46542111-6a6a-4157-8079-75b7069897b7,53.80356,-137.61472,14.68436,5.74089,-7.43404,-5.15894,-1.27292,8.53726,-4.74959,NA,NA,NA,NA,NA,NA,NA,NA,NA,NA,NA,NA,NA,NA,NA,NA,NA,NA,NA,NA,NA,NA,NA,NA,NA,NA,NA,NA,NA,NA,NA,NA,NA,NA,NA,NA,NA,NA,NA,NA,NA,NA,NA,NA,NA,NA,NA,NA,NA,NA,High,High,High,NA,NA,NA,NA,NA,NA,NA,NA,NA,NA,NA,NA,NA,NA,NA,NA,NA,NA,NA,NA,NA,NA,NA,NA,NA,NA,NA,NA,NA,NA,NA,NA,NA,NA,NA,NA,NA,NA,NA,NA,NA,NA,NA,NA,NA,NA,NA,NA,NA,NA,NA,NA,NA,NA,NA,NA,NA
NA,NA,NA,NA,NA,NA,NA,NA,NA,NA,NA,NA,NA,NA,NA,NA,12,2026-02-14,14:36:46,3,1,"Scolari, Cal",822302,Right,ORE_DUC,"Alberti, Lucas",1000145512,Right,GEO_PAT,Undefined,1,Top,1,0,0,Slider,Slider,BallCalled,Undefined,Undefined,Undefined,0,0,NA,84.1191,1.652563,-1.385706,2483.23143,88.853215,09:00:00,5.87667,1.33832,5.90991,-38.4125,0.9885,-10.15107,4.21035,-0.79401,77.13048,-5.438504,-3.206862,0.451778,NA,NA,NA,NA,NA,NA,NA,NA,NA,NA,NA,4.79323,0.45028,-1.22151,50,5.9876,3.36394,-122.18423,2.23205,7.25343,23.84289,-31.49268,ORE_DUC,GEO_PAT,PKPark,D1,BIG10,20260214-PKPark-2,ac787910-09f5-11f1-802c-cb007da271b4,83.43133,NA,NA,6.98862,NA,NA,NA,NA,NA,NA,5ce813cb-c9e8-448f-bad2-0498063e9329,2026-02-14,22:36:46,2026-02-14T22:36:46Z,2026-02-14T22:36:46Z,NA,v3,4807,471300,82de864d38834b289bdde1d759a4a8fd,"Mabeus, Burke",1000222806,Right,ORE_DUC,62d9c10a-bbca-432a-b7c1-df2639776f48,54.58869,-123.07641,11.92144,5.88203,3.41047,-15.74634,-1.3423,3.09253,3.62671,NA,NA,NA,NA,NA,NA,NA,NA,NA,NA,NA,NA,NA,NA,NA,NA,NA,NA,NA,NA,NA,NA,NA,NA,NA,NA,NA,NA,NA,NA,NA,NA,NA,NA,NA,NA,NA,NA,NA,NA,NA,NA,NA,NA,NA,NA,NA,NA,NA,NA,High,High,High,NA,NA,NA,NA,NA,NA,NA,NA,NA,NA,NA,NA,NA,NA,NA,NA,NA,NA,NA,NA,NA,NA,NA,NA,NA,NA,NA,NA,NA,NA,NA,NA,NA,NA,NA,NA,NA,NA,NA,NA,NA,NA,NA,NA,NA,NA,NA,NA,NA,NA,NA,NA,NA,NA,NA,NA,NA
NA,NA,NA,NA,NA,NA,NA,NA,NA,NA,NA,NA,NA,NA,NA,NA,13,2026-02-14,14:37:36,3,2,"Scolari, Cal",822302,Right,ORE_DUC,"Alberti, Lucas",1000145512,Right,GEO_PAT,Undefined,1,Top,1,1,0,Slider,Slider,BallCalled,Undefined,Undefined,Undefined,0,0,NA,82.18567,3.838356,1.387282,2427.912862,89.498527,09:00:00,5.8979799999999996,1.48837,5.83741,-40.17691,1.08953,-10.49217,6.12377,1.90365,75.40953,-3.565766,-0.490953,0.462349,NA,NA,NA,NA,NA,NA,NA,NA,NA,NA,NA,5.65898,0.00185,-1.59549,50,6.18788,-2.46608,-119.21795,6.65845,8.21321,21.10767,-32.17136,ORE_DUC,GEO_PAT,PKPark,D1,BIG10,20260214-PKPark-2,ca2cd7d0-09f5-11f1-802c-cb007da271b4,81.5238,NA,NA,6.77614,NA,NA,NA,NA,NA,NA,5ce813cb-c9e8-448f-bad2-0498063e9329,2026-02-14,22:37:36,2026-02-14T22:37:36Z,2026-02-14T22:37:36Z,NA,v3,4807,471300,82de864d38834b289bdde1d759a4a8fd,"Mabeus, Burke",1000222806,Right,ORE_DUC,47a19cf5-0444-4bef-8c66-0de7c6dc748e,54.66146,-120.04043,10.55383,5.90401,7.91203,-16.08568,-1.49316,-2.78612,4.1066,NA,NA,NA,NA,NA,NA,NA,NA,NA,NA,NA,NA,NA,NA,NA,NA,NA,NA,NA,NA,NA,NA,NA,NA,NA,NA,NA,NA,NA,NA,NA,NA,NA,NA,NA,NA,NA,NA,NA,NA,NA,NA,NA,NA,NA,NA,NA,NA,NA,NA,High,High,High,NA,NA,NA,NA,NA,NA,NA,NA,NA,NA,NA,NA,NA,NA,NA,NA,NA,NA,NA,NA,NA,NA,NA,NA,NA,NA,NA,NA,NA,NA,NA,NA,NA,NA,NA,NA,NA,NA,NA,NA,NA,NA,NA,NA,NA,NA,NA,NA,NA,NA,NA,NA,NA,NA,NA,NA,NA
NA,NA,NA,NA,NA,NA,NA,NA,NA,NA,NA,NA,NA,NA,NA,NA,14,2026-02-14,14:37:57,3,3,"Scolari, Cal",822302,Right,ORE_DUC,"Alberti, Lucas",1000145512,Right,GEO_PAT,Undefined,1,Top,1,2,0,Fastball,Four-Seam,FoulBallNotFieldable,Undefined,Undefined,CaughtStealing,1,0,NA,93.34175,-1.399714,-2.024983,2423.17226,201.032647,12:45:00,5.73679,1.41334,6.75928,-13.91308,17.16379,6.21548,3.29791,0.08104,85.11623,-4.107111,-0.891879,0.401227,85.91978,73.485212,69.370101,4439.448258,NA,NA,NA,NA,34.44218,NA,NA,-3.87303,9.79091,-1.28297,50,5.63943,4.55513,-135.67244,-3.647,-7.19722,30.52013,-13.97971,ORE_DUC,GEO_PAT,PKPark,D1,BIG10,20260214-PKPark-2,d656b440-09f5-11f1-802c-cb007da271b4,93.94297,119.46844,NA,8.22552,NA,NA,NA,0.96097,3.26505,-0.07398,5ce813cb-c9e8-448f-bad2-0498063e9329,2026-02-14,22:37:57,2026-02-14T22:37:57Z,2026-02-14T22:37:57Z,NA,v3,4807,471300,82de864d38834b289bdde1d759a4a8fd,"Mabeus, Burke",1000222806,Right,ORE_DUC,14667b8c-556d-4ab7-b548-42d9b6efdc23,53.73893,-136.51094,15.26007,5.73435,-3.26293,-6.98986,-1.41083,4.75287,-3.59861,NA,0.96099,12.61869,-12.46809,4.14938,-1.43381,1.31506,-1.21007,0.61044,-0.12372,3.26505,120.81727,-30.25052,3.93567,-0.73505,0.03847,0.09996,-0.06351,0.01336,-0.07397,33.52368,-8.21101,2.20674,-0.63816,0.50103,-0.44333,0.2221,-0.04499,NA,NA,NA,NA,NA,NA,NA,NA,NA,NA,NA,NA,NA,NA,NA,NA,NA,NA,NA,NA,NA,NA,High,High,High,Low,Undefined,NA,NA,NA,NA,NA,NA,NA,NA,NA,NA,NA,NA,NA,NA,NA,NA,NA,NA,NA,NA,NA,NA,NA,NA,NA,NA,NA,NA,NA,NA,NA,NA,NA,NA,NA,NA,NA,NA,NA,NA,NA,NA,NA,NA,NA,NA,NA,NA,NA,NA,NA,NA,NA,NA,NA
NA,NA,NA,NA,NA,NA,NA,NA,NA,NA,NA,NA,NA,NA,NA,NA,15,2026-02-14,14:39:05,3,4,"Scolari, Cal",822302,Right,ORE_DUC,"Alberti, Lucas",1000145512,Right,GEO_PAT,Undefined,1,Top,2,2,1,Fastball,Four-Seam,InPlay,Undefined,Popup,Out,1,0,NA,94.84553,-1.715452,-1.909787,2464.809858,202.654203,12:45:00,5.81323,1.40973,6.61995,-12.36016,18.14572,7.13107,3.21092,0.25441,85.80304,-4.144728,-0.613061,0.397524,85.05444,84.037678,65.733727,NA,NA,NA,NA,NA,9.10518,NA,NA,-4.35437,10.40249,-1.28283,50,5.69138,4.3024,-137.72215,-4.41027,-8.26788,33.84091,-12.42228,ORE_DUC,GEO_PAT,PKPark,D1,BIG10,20260214-PKPark-2,fefce4a0-09f5-11f1-802c-cb007da271b4,94.81808,113.80467,NA,9.04249,NA,NA,NA,1.89328,3.24535,-0.25956,5ce813cb-c9e8-448f-bad2-0498063e9329,2026-02-14,22:39:05,2026-02-14T22:39:05Z,2026-02-14T22:39:05Z,NA,v3,4807,471300,82de864d38834b289bdde1d759a4a8fd,"Mabeus, Burke",1000222806,Right,ORE_DUC,815241b2-c2d1-4bea-bf22-f58ddb6522c2,53.87755,-138.67166,16.92046,5.81024,-4.06173,-6.21114,-1.4068,4.53438,-4.13394,NA,1.89326,5.33056,-11.35795,4.64891,-3.5184,4.56456,-4.01343,1.88923,-0.36396,3.24535,124.07164,-31.75945,4.36334,-0.91271,0.23851,-0.0918,0.03426,-0.00644,-0.25957,11.81484,-5.18688,1.84424,-1.25825,1.59093,-1.39387,0.65588,-0.12637,NA,NA,NA,NA,NA,NA,NA,NA,NA,NA,NA,NA,NA,NA,NA,NA,NA,NA,NA,NA,NA,NA,High,High,High,Low,Undefined,NA,NA,NA,NA,NA,NA,NA,NA,NA,NA,NA,NA,NA,NA,NA,NA,NA,NA,NA,NA,NA,NA,NA,NA,NA,NA,NA,NA,NA,NA,NA,NA,NA,NA,NA,NA,NA,NA,NA,NA,NA,NA,NA,NA,NA,NA,NA,NA,NA,NA,NA,NA,NA,NA,NA
NA,NA,NA,NA,NA,NA,NA,NA,NA,NA,NA,NA,NA,NA,NA,NA,16,2026-02-14,14:42:01,1,1,"Rumberg, Logan",1000216384,Right,GEO_PAT,"Cooney, Ryan",807721,Right,ORE_DUC,Undefined,1,Bottom,0,0,0,Fastball,Four-Seam,BallCalled,Undefined,Undefined,Undefined,0,0,NA,90.53459,-3.300797,-1.773413,2234.391869,209.93811,01:00:00,5.60308,1.95876,5.86557,-12.75922,22.22501,12.00264,1.46872,1.31107,80.95756,-5.810126,0.378799,0.425704,NA,NA,NA,NA,NA,NA,NA,NA,NA,NA,NA,-6.72796,12.8754,-1.82201,50,5.32815,3.52477,-130.95729,-7.85462,-11.41139,33.66482,-10.33592,ORE_DUC,GEO_PAT,PKPark,D1,BIG10,20260214-PKPark-2,68262090-09f6-11f1-802c-cb007da271b4,88.54146,NA,NA,9.57704,NA,NA,NA,NA,NA,NA,5ce813cb-c9e8-448f-bad2-0498063e9329,2026-02-14,22:42:01,2026-02-14T22:42:01Z,2026-02-14T22:42:01Z,NA,v3,4807,471300,82de864d38834b289bdde1d759a4a8fd,"Cowdrey, Vincent",1000469295,Right,GEO_PAT,19b142f2-3b63-45b4-abbc-bdc9d2b996a8,54.62912,-132.14193,16.83241,5.59815,-7.49091,-5.16796,-1.95311,3.92633,-5.70569,NA,NA,NA,NA,NA,NA,NA,NA,NA,NA,NA,NA,NA,NA,NA,NA,NA,NA,NA,NA,NA,NA,NA,NA,NA,NA,NA,NA,NA,NA,NA,NA,NA,NA,NA,NA,NA,NA,NA,NA,NA,NA,NA,NA,NA,NA,NA,NA,NA,NA,High,High,High,NA,NA,NA,NA,NA,NA,NA,NA,NA,NA,NA,NA,NA,NA,NA,NA,NA,NA,NA,NA,NA,NA,NA,NA,NA,NA,NA,NA,NA,NA,NA,NA,NA,NA,NA,NA,NA,NA,NA,NA,NA,NA,NA,NA,NA,NA,NA,NA,NA,NA,NA,NA,NA,NA,NA,NA,NA
NA,NA,NA,NA,NA,NA,NA,NA,NA,NA,NA,NA,NA,NA,NA,NA,17,2026-02-14,14:42:17,1,2,"Rumberg, Logan",1000216384,Right,GEO_PAT,"Cooney, Ryan",807721,Right,ORE_DUC,Undefined,1,Bottom,0,1,0,Fastball,Four-Seam,StrikeCalled,Undefined,Undefined,Undefined,0,0,NA,89.64285,-2.828749,-2.535332,2251.138919,208.707981,01:00:00,5.66907,1.87071,5.92243,-14.6756,20.94163,10.69804,1.81649,0.40804,80.13604,-5.690444,-0.616337,0.429538,NA,NA,NA,NA,NA,NA,NA,NA,NA,NA,NA,-6.31481,12.06764,-1.67363,50,5.43417,5.27126,-129.65266,-6.77736,-10.49999,32.95713,-12.10842,ORE_DUC,GEO_PAT,PKPark,D1,BIG10,20260214-PKPark-2,717bf570-09f6-11f1-802c-cb007da271b4,87.75115,NA,NA,9.50681,NA,NA,NA,NA,NA,NA,5ce813cb-c9e8-448f-bad2-0498063e9329,2026-02-14,22:42:17,2026-02-14T22:42:17Z,2026-02-14T22:42:17Z,NA,v3,4807,471300,82de864d38834b289bdde1d759a4a8fd,"Cowdrey, Vincent",1000469295,Right,GEO_PAT,ba924177-7664-4db6-a99f-1a9ea8d4f350,54.57125,-130.8095,16.47857,5.66461,-6.35234,-6.05421,-1.8651199999999999,5.63982,-5.25,NA,NA,NA,NA,NA,NA,NA,NA,NA,NA,NA,NA,NA,NA,NA,NA,NA,NA,NA,NA,NA,NA,NA,NA,NA,NA,NA,NA,NA,NA,NA,NA,NA,NA,NA,NA,NA,NA,NA,NA,NA,NA,NA,NA,NA,NA,NA,NA,NA,NA,High,High,High,NA,NA,NA,NA,NA,NA,NA,NA,NA,NA,NA,NA,NA,NA,NA,NA,NA,NA,NA,NA,NA,NA,NA,NA,NA,NA,NA,NA,NA,NA,NA,NA,NA,NA,NA,NA,NA,NA,NA,NA,NA,NA,NA,NA,NA,NA,NA,NA,NA,NA,NA,NA,NA,NA,NA,NA,NA
NA,NA,NA,NA,NA,NA,NA,NA,NA,NA,NA,NA,NA,NA,NA,NA,18,2026-02-14,14:42:34,1,3,"Rumberg, Logan",1000216384,Right,GEO_PAT,"Cooney, Ryan",807721,Right,ORE_DUC,Undefined,1,Bottom,0,1,1,Curveball,Curveball,BallCalled,Undefined,Undefined,Undefined,0,0,NA,75.9771,-0.059658,-1.862202,2393.148456,33.74065,07:00:00,5.64535,1.87148,5.17865,-66.37941,-15.67182,-11.68071,0.05757,-0.85472,69.31157,-11.997723,-3.939297,0.512516,NA,NA,NA,NA,NA,NA,NA,NA,NA,NA,NA,5.24067,-7.42867,-1.68884,50,5.58866,4.03005,-110.11681,-2.40819,6.28584,23.77302,-41.08422,ORE_DUC,GEO_PAT,PKPark,D1,BIG10,20260214-PKPark-2,7b88e550-09f6-11f1-802c-cb007da271b4,73.54386,NA,NA,6.66553,NA,NA,NA,NA,NA,NA,5ce813cb-c9e8-448f-bad2-0498063e9329,2026-02-14,22:42:34,2026-02-14T22:42:34Z,2026-02-14T22:42:34Z,NA,v3,4807,471300,82de864d38834b289bdde1d759a4a8fd,"Cowdrey, Vincent",1000469295,Right,GEO_PAT,9c9d47ad-a0dc-410c-b46b-326ce53b392c,55.32342,-111.26014,11.88651,5.65697,-0.4323,-20.54211,-1.87539,3.72774,3.14292,NA,NA,NA,NA,NA,NA,NA,NA,NA,NA,NA,NA,NA,NA,NA,NA,NA,NA,NA,NA,NA,NA,NA,NA,NA,NA,NA,NA,NA,NA,NA,NA,NA,NA,NA,NA,NA,NA,NA,NA,NA,NA,NA,NA,NA,NA,NA,NA,NA,NA,High,High,High,NA,NA,NA,NA,NA,NA,NA,NA,NA,NA,NA,NA,NA,NA,NA,NA,NA,NA,NA,NA,NA,NA,NA,NA,NA,NA,NA,NA,NA,NA,NA,NA,NA,NA,NA,NA,NA,NA,NA,NA,NA,NA,NA,NA,NA,NA,NA,NA,NA,NA,NA,NA,NA,NA,NA,NA,NA
NA,NA,NA,NA,NA,NA,NA,NA,NA,NA,NA,NA,NA,NA,NA,NA,19,2026-02-14,14:42:50,1,4,"Rumberg, Logan",1000216384,Right,GEO_PAT,"Cooney, Ryan",807721,Right,ORE_DUC,Undefined,1,Bottom,0,2,1,Fastball,Four-Seam,BallCalled,Undefined,Undefined,Undefined,0,0,NA,90.6062,-3.021472,-3.508447,2200.217094,203.537464,12:45:00,5.62097,1.86153,6.14502,-13.08272,21.19387,8.68882,1.7309,-0.66046,81.79791,-5.579123,-1.94604,0.421376,NA,NA,NA,NA,NA,NA,NA,NA,NA,NA,NA,-5.56091,12.22886,-1.59835,50,5.38341,7.66728,-131.10382,-7.2347,-9.55831,30.93469,-11.15458,ORE_DUC,GEO_PAT,PKPark,D1,BIG10,20260214-PKPark-2,854b37a0-09f6-11f1-802c-cb007da271b4,89.45075,NA,NA,8.80828,NA,NA,NA,NA,NA,NA,5ce813cb-c9e8-448f-bad2-0498063e9329,2026-02-14,22:42:50,2026-02-14T22:42:50Z,2026-02-14T22:42:50Z,NA,v3,4807,471300,82de864d38834b289bdde1d759a4a8fd,"Cowdrey, Vincent",1000469295,Right,GEO_PAT,d04c7c07-2428-4b77-9444-4a917fcb90b1,54.35034,-132.12632,15.46734,5.61644,-6.866,-5.57729,-1.857,7.98322,-4.77916,NA,NA,NA,NA,NA,NA,NA,NA,NA,NA,NA,NA,NA,NA,NA,NA,NA,NA,NA,NA,NA,NA,NA,NA,NA,NA,NA,NA,NA,NA,NA,NA,NA,NA,NA,NA,NA,NA,NA,NA,NA,NA,NA,NA,NA,NA,NA,NA,NA,NA,High,High,High,NA,NA,NA,NA,NA,NA,NA,NA,NA,NA,NA,NA,NA,NA,NA,NA,NA,NA,NA,NA,NA,NA,NA,NA,NA,NA,NA,NA,NA,NA,NA,NA,NA,NA,NA,NA,NA,NA,NA,NA,NA,NA,NA,NA,NA,NA,NA,NA,NA,NA,NA,NA,NA,NA,NA,NA,NA
NA,NA,NA,NA,NA,NA,NA,NA,NA,NA,NA,NA,NA,NA,NA,NA,20,2026-02-14,14:43:10,1,5,"Rumberg, Logan",1000216384,Right,GEO_PAT,"Cooney, Ryan",807721,Right,ORE_DUC,Undefined,1,Bottom,0,3,1,Fastball,Four-Seam,InPlay,Undefined,GroundBall,Single,0,0,NA,90.18773,-2.711063,-2.969431,2162.640777,212.391652,01:00:00,5.61925,1.9164,6.08619,-16.39536,18.2467,10.7769,1.73976,0.06504,81.4287,-5.862706,-1.031088,0.423617,102.67361,-4.740908,-11.12052,NA,NA,NA,NA,22.20502,8.69618,-10.64095,0.139593,-6.50244,10.63595,-1.69275,50,5.40106,6.32246,-130.60457,-6.64136,-11.07746,31.02393,-14.05476,ORE_DUC,GEO_PAT,PKPark,D1,BIG10,20260214-PKPark-2,91341370-09f6-11f1-802c-cb007da271b4,88.97765,1.73865,NA,8.75903,NA,NA,NA,1.25247,1.73865,-0.05678,5ce813cb-c9e8-448f-bad2-0498063e9329,2026-02-14,22:43:10,2026-02-14T22:43:10Z,2026-02-14T22:43:10Z,GroundBall,v3,4807,471300,82de864d38834b289bdde1d759a4a8fd,"Cowdrey, Vincent",1000469295,Right,GEO_PAT,00b99d3d-69fc-4ea9-9ef5-4fd73bdc5cca,54.41045,-131.64807,15.51197,5.61649,-6.16862,-7.02738,-1.91167,6.69505,-5.53873,180,1.25006,147.36215,NA,NA,NA,NA,NA,NA,NA,1.73886,-12.45517,NA,NA,NA,NA,NA,NA,NA,-0.0563,-28.96612,NA,NA,NA,NA,NA,NA,NA,NA,NA,NA,NA,NA,NA,NA,NA,NA,NA,NA,NA,NA,NA,NA,NA,NA,NA,NA,NA,NA,NA,High,High,High,Low,Low,NA,NA,NA,NA,NA,NA,NA,NA,NA,NA,NA,NA,NA,NA,NA,NA,NA,NA,NA,NA,NA,NA,NA,NA,NA,NA,NA,NA,NA,NA,NA,NA,NA,NA,NA,NA,NA,NA,NA,NA,NA,NA,NA,NA,NA,NA,NA,NA,NA,NA,NA,NA,NA,NA,NA
NA,NA,NA,NA,NA,NA,NA,NA,NA,NA,NA,NA,NA,NA,NA,NA,21,2026-02-14,14:43:48,2,1,"Rumberg, Logan",1000216384,Right,GEO_PAT,"Laya, Angel",824337,Left,ORE_DUC,Undefined,1,Bottom,0,0,0,Fastball,Four-Seam,BallCalled,Undefined,Undefined,Undefined,0,0,NA,89.82714,-0.141343,-2.619849,2197.119297,193.900253,12:30:00,5.717,2.08518,5.92105,-13.03579,22.02824,5.1428,4.49938,0.08092,80.86413,-2.700008,-1.698071,0.426189,NA,NA,NA,NA,NA,NA,NA,NA,NA,NA,NA,-3.43811,11.63918,-1.87817,50,5.6982,5.73057,-130.17959,-0.6228,-5.82246,30.67689,-12.46309,ORE_DUC,GEO_PAT,PKPark,D1,BIG10,20260214-PKPark-2,a7fac3b0-09f6-11f1-802c-cb007da271b4,88.44062,NA,NA,8.96301,NA,NA,NA,NA,NA,NA,5ce813cb-c9e8-448f-bad2-0498063e9329,2026-02-14,22:43:48,2026-02-14T22:43:48Z,2026-02-14T22:43:48Z,NA,v3,4807,471300,82de864d38834b289bdde1d759a4a8fd,"Cowdrey, Vincent",1000469295,Right,GEO_PAT,7cbb933f-da06-4690-9b32-62331e47b3f2,54.57313,-131.25283,15.33845,5.71236,-0.18678,-6.23154,-2.08222,5.93427,-2.91123,NA,NA,NA,NA,NA,NA,NA,NA,NA,NA,NA,NA,NA,NA,NA,NA,NA,NA,NA,NA,NA,NA,NA,NA,NA,NA,NA,NA,NA,NA,NA,NA,NA,NA,NA,NA,NA,NA,NA,NA,NA,NA,NA,NA,NA,NA,NA,NA,NA,NA,High,High,High,NA,NA,NA,NA,NA,NA,NA,NA,NA,NA,NA,NA,NA,NA,NA,NA,NA,NA,NA,NA,NA,NA,NA,NA,NA,NA,NA,NA,NA,NA,NA,NA,NA,NA,NA,NA,NA,NA,NA,NA,NA,NA,NA,NA,NA,NA,NA,NA,NA,NA,NA,NA,NA,NA,NA,NA,NA
NA,NA,NA,NA,NA,NA,NA,NA,NA,NA,NA,NA,NA,NA,NA,NA,22,2026-02-14,14:44:26,2,2,"Rumberg, Logan",1000216384,Right,GEO_PAT,"Laya, Angel",824337,Left,ORE_DUC,Undefined,1,Bottom,0,1,0,Curveball,Curveball,StrikeCalled,Undefined,Undefined,StolenBase,0,0,NA,75.47495,3.498304,-0.223632,2418.268549,47.874589,07:30:00,5.59421,2.16178,5.51763,-65.90417,-15.1417,-18.77202,3.37723,0.38835,68.12936,-8.529186,-3.57069,0.512794,NA,NA,NA,NA,NA,NA,NA,NA,NA,NA,NA,9.33823,-8.2191,-2.12952,50,5.8553,1.15055,-109.32812,4.47412,11.0627,23.08461,-41.91095,ORE_DUC,GEO_PAT,PKPark,D1,BIG10,20260214-PKPark-2,be574070-09f6-11f1-802c-cb007da271b4,73.50408,NA,NA,7.34559,NA,NA,NA,NA,NA,NA,5ce813cb-c9e8-448f-bad2-0498063e9329,2026-02-14,22:44:26,2026-02-14T22:44:26Z,2026-02-14T22:44:26Z,NA,v3,4807,471300,82de864d38834b289bdde1d759a4a8fd,"Cowdrey, Vincent",1000469295,Right,GEO_PAT,6568be04-a82e-447c-b6bf-00dc460b7b8d,54.98411,-110.3755,11.5423,5.60916,6.37567,-20.95548,-2.17033,0.64862,5.53135,NA,NA,NA,NA,NA,NA,NA,NA,NA,NA,NA,NA,NA,NA,NA,NA,NA,NA,NA,NA,NA,NA,NA,NA,NA,NA,NA,NA,79.64994,1.958348,0.723558,1.23479,0.06799,3.17062,-0.30319,1.07059,6.07864,-0.98104,127.27898,1.59398,-3.94555,1.20942,114.83924,-10.45462,6.07104,8.906,-10.14596,-0.9833,-2.6256,0.18576,High,High,High,NA,NA,High,High,Medium,NA,NA,NA,NA,NA,NA,NA,NA,NA,NA,NA,NA,NA,NA,NA,NA,NA,NA,NA,NA,NA,NA,NA,NA,NA,NA,NA,NA,NA,NA,NA,NA,NA,NA,NA,NA,NA,NA,NA,NA,NA,NA,NA,NA,NA,NA,NA,NA,NA,NA,NA,NA
NA,NA,NA,NA,NA,NA,NA,NA,NA,NA,NA,NA,NA,NA,NA,NA,23,2026-02-14,14:44:54,2,3,"Rumberg, Logan",1000216384,Right,GEO_PAT,"Laya, Angel",824337,Left,ORE_DUC,Undefined,1,Bottom,0,1,1,Fastball,Four-Seam,StrikeCalled,Undefined,Undefined,Undefined,0,0,NA,90.18458,-2.683288,-2.909231,2184.102383,208.136634,01:00:00,5.60952,1.98859,5.93044,-14.49717,20.28726,10.18146,1.90683,0.13553,81.51738,-5.485938,-1.083629,0.424486,NA,NA,NA,NA,NA,NA,NA,NA,NA,NA,NA,-6.10248,11.57875,-1.76172,50,5.38666,6.19568,-130.58527,-6.5074,-10.41857,30.39363,-12.40601,ORE_DUC,GEO_PAT,PKPark,D1,BIG10,20260214-PKPark-2,cf154b00-09f6-11f1-802c-cb007da271b4,88.79539,NA,NA,8.66719,NA,NA,NA,NA,NA,NA,5ce813cb-c9e8-448f-bad2-0498063e9329,2026-02-14,22:44:54,2026-02-14T22:44:54Z,2026-02-14T22:44:54Z,NA,v3,4807,471300,82de864d38834b289bdde1d759a4a8fd,"Cowdrey, Vincent",1000469295,Right,GEO_PAT,9747049e-cd11-4c70-9734-5639b42c318b,54.56557,-131.64361,15.19681,5.60574,-6.0754,-6.20301,-1.98377,6.55847,-5.20928,NA,NA,NA,NA,NA,NA,NA,NA,NA,NA,NA,NA,NA,NA,NA,NA,NA,NA,NA,NA,NA,NA,NA,NA,NA,NA,NA,NA,NA,NA,NA,NA,NA,NA,NA,NA,NA,NA,NA,NA,NA,NA,NA,NA,NA,NA,NA,NA,NA,NA,High,High,High,NA,NA,NA,NA,NA,NA,NA,NA,NA,NA,NA,NA,NA,NA,NA,NA,NA,NA,NA,NA,NA,NA,NA,NA,NA,NA,NA,NA,NA,NA,NA,NA,NA,NA,NA,NA,NA,NA,NA,NA,NA,NA,NA,NA,NA,NA,NA,NA,NA,NA,NA,NA,NA,NA,NA,NA,NA
NA,NA,NA,NA,NA,NA,NA,NA,NA,NA,NA,NA,NA,NA,NA,NA,24,2026-02-14,14:45:13,2,4,"Rumberg, Logan",1000216384,Right,GEO_PAT,"Laya, Angel",824337,Left,ORE_DUC,Undefined,1,Bottom,0,1,2,Fastball,Four-Seam,InPlay,Undefined,FlyBall,Out,1,0,NA,90.20361,-1.279972,-3.006418,2208.231112,207.102202,01:00:00,5.56003,2.22871,6.00142,-13.77828,21.00332,10.09331,3.22403,0.28162,81.06192,-3.975641,-1.194784,0.424469,92.71949,47.739704,5.432864,3609.900195,109.96385,111.75066,2.81659,293.01652,287.74673,-1.381306,5.889247,-6.18292,11.58871,-1.9977,50,5.45187,6.4359,-130.68404,-3.26612,-10.51408,31.82669,-12.4674,ORE_DUC,GEO_PAT,PKPark,D1,BIG10,20260214-PKPark-2,da8a2f50-09f6-11f1-802c-cb007da271b4,88.79901,131.74563,NA,9.1417,NA,NA,NA,2.16927,3.3544,-0.30298,5ce813cb-c9e8-448f-bad2-0498063e9329,2026-02-14,22:45:13,2026-02-14T22:45:13Z,2026-02-14T22:45:13Z,FlyBall,v3,4807,471300,82de864d38834b289bdde1d759a4a8fd,"Cowdrey, Vincent",1000469295,Right,GEO_PAT,098bf338-9e89-4987-8b5b-9b081908d9f3,54.49514,-131.77424,15.91334,5.55643,-2.83906,-6.2337,-2.22432,6.79605,-5.25704,166.121275,2.17719,90.87529,-23.14576,6.15392,-0.79349,-0.07851,0.05012,-0.0074400000000000004,3.8e-4,3.32754,101.09233,-24.95222,3.55613,-1.27443,0.38342,-0.06415,0.00491,-1.2e-4,-0.30358,8.65998,-6.94559,2.48073,-0.5956,0.09141,-0.00636,-1.4e-4,3e-5,NA,NA,NA,NA,NA,NA,NA,NA,NA,NA,NA,NA,NA,NA,NA,NA,NA,NA,NA,NA,NA,NA,High,High,High,High,Medium,NA,NA,NA,NA,NA,NA,NA,NA,NA,NA,NA,NA,NA,NA,NA,NA,NA,NA,NA,NA,NA,NA,NA,NA,NA,NA,NA,NA,NA,NA,NA,NA,NA,NA,NA,NA,NA,NA,NA,NA,NA,NA,NA,NA,NA,NA,NA,NA,NA,NA,NA,NA,NA,NA,NA
NA,NA,NA,NA,NA,NA,NA,NA,NA,NA,NA,NA,NA,NA,NA,NA,25,2026-02-14,14:45:57,3,1,"Rumberg, Logan",1000216384,Right,GEO_PAT,"Hellman, Dominic",702626,Right,ORE_DUC,Undefined,1,Bottom,1,0,0,Curveball,Curveball,BallCalled,Undefined,Undefined,Undefined,0,0,NA,76.77762,1.341432,-2.539303,2445.812656,34.015915,07:15:00,5.58802,1.97665,5.48982,-66.2863,-17.42095,-12.88068,1.32052,-1.47379,70.14531,-10.661089,-4.836192,0.50312,NA,NA,NA,NA,NA,NA,NA,NA,NA,NA,NA,5.66028,-8.73355,-1.74525,50,5.66072,5.43217,-111.33249,0.34891,6.97951,23.26324,-42.94308,ORE_DUC,GEO_PAT,PKPark,D1,BIG10,20260214-PKPark-2,f5042390-09f6-11f1-802c-cb007da271b4,74.91735,NA,NA,6.63231,NA,NA,NA,NA,NA,NA,5ce813cb-c9e8-448f-bad2-0498063e9329,2026-02-14,22:45:57,2026-02-14T22:45:57Z,2026-02-14T22:45:57Z,NA,v3,4807,471300,82de864d38834b289bdde1d759a4a8fd,"Cowdrey, Vincent",1000469295,Right,GEO_PAT,96bbe7c0-2dd8-47a6-a727-1c4c02d110d1,55.01295,-112.37507,11.63162,5.60196,2.27349,-21.47154,-1.9817,5.11936,3.48975,NA,NA,NA,NA,NA,NA,NA,NA,NA,NA,NA,NA,NA,NA,NA,NA,NA,NA,NA,NA,NA,NA,NA,NA,NA,NA,NA,NA,NA,NA,NA,NA,NA,NA,NA,NA,NA,NA,NA,NA,NA,NA,NA,NA,NA,NA,NA,NA,NA,NA,High,High,High,NA,NA,NA,NA,NA,NA,NA,NA,NA,NA,NA,NA,NA,NA,NA,NA,NA,NA,NA,NA,NA,NA,NA,NA,NA,NA,NA,NA,NA,NA,NA,NA,NA,NA,NA,NA,NA,NA,NA,NA,NA,NA,NA,NA,NA,NA,NA,NA,NA,NA,NA,NA,NA,NA,NA,NA,NA
NA,NA,NA,NA,NA,NA,NA,NA,NA,NA,NA,NA,NA,NA,NA,NA,26,2026-02-14,14:46:20,3,2,"Rumberg, Logan",1000216384,Right,GEO_PAT,"Hellman, Dominic",702626,Right,ORE_DUC,Undefined,1,Bottom,1,1,0,Cutter,Slider,StrikeCalled,Undefined,Undefined,Undefined,0,0,NA,81.7838,-0.704466,-2.90878,2034.068024,158.156814,11:15:00,5.5171,2.24976,6.00178,-29.50057,13.05741,-4.58673,2.40511,-0.82993,73.46865,-6.258668,-3.731818,0.469528,NA,NA,NA,NA,NA,NA,NA,NA,NA,NA,NA,1.34319,7.41973,-2.01847,50,5.44579,6.19672,-118.40245,-2.32118,1.86424,27.30746,-21.87605,ORE_DUC,GEO_PAT,PKPark,D1,BIG10,20260214-PKPark-2,02ac89b0-09f7-11f1-802c-cb007da271b4,80.27725,NA,NA,8.31514,NA,NA,NA,NA,NA,NA,5ce813cb-c9e8-448f-bad2-0498063e9329,2026-02-14,22:46:20,2026-02-14T22:46:20Z,2026-02-14T22:46:20Z,NA,v3,4807,471300,82de864d38834b289bdde1d759a4a8fd,"Cowdrey, Vincent",1000469295,Right,GEO_PAT,2b994eeb-a6ef-4739-9cec-c48b0a932ebf,54.49172,-119.43389,13.65373,5.51786,-1.49489,-10.93803,-2.2512,6.1263,0.93212,NA,NA,NA,NA,NA,NA,NA,NA,NA,NA,NA,NA,NA,NA,NA,NA,NA,NA,NA,NA,NA,NA,NA,NA,NA,NA,NA,NA,NA,NA,NA,NA,NA,NA,NA,NA,NA,NA,NA,NA,NA,NA,NA,NA,NA,NA,NA,NA,NA,NA,High,High,High,NA,NA,NA,NA,NA,NA,NA,NA,NA,NA,NA,NA,NA,NA,NA,NA,NA,NA,NA,NA,NA,NA,NA,NA,NA,NA,NA,NA,NA,NA,NA,NA,NA,NA,NA,NA,NA,NA,NA,NA,NA,NA,NA,NA,NA,NA,NA,NA,NA,NA,NA,NA,NA,NA,NA,NA,NA
NA,NA,NA,NA,NA,NA,NA,NA,NA,NA,NA,NA,NA,NA,NA,NA,27,2026-02-14,14:46:35,3,3,"Rumberg, Logan",1000216384,Right,GEO_PAT,"Hellman, Dominic",702626,Right,ORE_DUC,Undefined,1,Bottom,1,1,1,Fastball,Four-Seam,FoulBallNotFieldable,Undefined,Undefined,Undefined,0,0,NA,89.67423,-0.550179,-2.146307,2204.48529,201.135659,12:45:00,5.59124,2.08415,5.876,-11.86182,23.51545,8.58296,4.0914,0.80508,80.37964,-2.908026,-0.608021,0.428089,71.84146,48.798675,175.442044,3792.87409,NA,NA,NA,NA,42.36866,NA,NA,-5.11181,12.59249,-1.91567,50,5.54022,4.50195,-129.96757,-1.50938,-8.5802,31.98412,-11.0376,ORE_DUC,GEO_PAT,PKPark,D1,BIG10,20260214-PKPark-2,0b8391a0-09f7-11f1-802c-cb007da271b4,88.04824,43.41245,NA,9.2946,NA,NA,NA,1.96575,4.18665,-0.81922,5ce813cb-c9e8-448f-bad2-0498063e9329,2026-02-14,22:46:35,2026-02-14T22:46:35Z,2026-02-14T22:46:35Z,NA,v3,4807,471300,82de864d38834b289bdde1d759a4a8fd,"Cowdrey, Vincent",1000469295,Right,GEO_PAT,af614502-d7fb-451a-989c-03fb696a31b0,54.61998,-131.09958,15.99206,5.58672,-1.11873,-5.5188,-2.08038,4.80563,-4.2901,344.957018,1.96575,-69.18692,1.90452,1.25034,-0.04715,-0.88302,0.84975,0.27291,-0.52095,4.18665,79.27806,-32.39728,4.50003,-0.59668,-0.48936,-0.11412,1.49606,-1.08881,-0.81922,5.51538,-3.94792,1.19345,-0.07345,-0.40921,0.19673,0.5223,-0.46643,NA,NA,NA,NA,NA,NA,NA,NA,NA,NA,NA,NA,NA,NA,NA,NA,NA,NA,NA,NA,NA,NA,High,High,High,High,Undefined,NA,NA,NA,NA,NA,NA,NA,NA,NA,NA,NA,NA,NA,NA,NA,NA,NA,NA,NA,NA,NA,NA,NA,NA,NA,NA,NA,NA,NA,NA,NA,NA,NA,NA,NA,NA,NA,NA,NA,NA,NA,NA,NA,NA,NA,NA,NA,NA,NA,NA,NA,NA,NA,NA,NA
NA,NA,NA,NA,NA,NA,NA,NA,NA,NA,NA,NA,NA,NA,NA,NA,28,2026-02-14,14:46:59,3,4,"Rumberg, Logan",1000216384,Right,GEO_PAT,"Hellman, Dominic",702626,Right,ORE_DUC,Undefined,1,Bottom,1,1,2,Curveball,Curveball,BallCalled,Undefined,Undefined,Undefined,0,0,NA,76.8257,-0.818363,-3.124092,2301.990551,25.740637,06:45:00,5.50234,2.0031,5.55458,-64.25039,-15.64611,-8.31752,-0.61769,-1.61195,70.76326,-12.395033,-4.611615,0.501775,NA,NA,NA,NA,NA,NA,NA,NA,NA,NA,NA,3.26898,-7.43142,-1.72702,50,5.3882,6.38246,-111.40319,-3.70626,4.04493,22.88681,-41.36948,ORE_DUC,GEO_PAT,PKPark,D1,BIG10,20260214-PKPark-2,19e02c90-09f7-11f1-802c-cb007da271b4,75.11826,NA,NA,6.06245,NA,NA,NA,NA,NA,NA,5ce813cb-c9e8-448f-bad2-0498063e9329,2026-02-14,22:46:59,2026-02-14T22:46:59Z,2026-02-14T22:46:59Z,NA,v3,4807,471300,82de864d38834b289bdde1d759a4a8fd,"Cowdrey, Vincent",1000469295,Right,GEO_PAT,d6a889bd-34ff-40d1-bb11-262114d71756,54.94877,-112.41528,11.4434,5.51164,-1.87684,-20.68474,-2.0053,6.20359,2.02246,NA,NA,NA,NA,NA,NA,NA,NA,NA,NA,NA,NA,NA,NA,NA,NA,NA,NA,NA,NA,NA,NA,NA,NA,NA,NA,NA,NA,NA,NA,NA,NA,NA,NA,NA,NA,NA,NA,NA,NA,NA,NA,NA,NA,NA,NA,NA,NA,NA,NA,High,High,High,NA,NA,NA,NA,NA,NA,NA,NA,NA,NA,NA,NA,NA,NA,NA,NA,NA,NA,NA,NA,NA,NA,NA,NA,NA,NA,NA,NA,NA,NA,NA,NA,NA,NA,NA,NA,NA,NA,NA,NA,NA,NA,NA,NA,NA,NA,NA,NA,NA,NA,NA,NA,NA,NA,NA,NA,NA
NA,NA,NA,NA,NA,NA,NA,NA,NA,NA,NA,NA,NA,NA,NA,NA,29,2026-02-14,14:47:27,3,5,"Rumberg, Logan",1000216384,Right,GEO_PAT,"Hellman, Dominic",702626,Right,ORE_DUC,Undefined,1,Bottom,1,2,2,Fastball,Four-Seam,BallCalled,Undefined,Undefined,Undefined,0,0,NA,90.02764,0.00732,-3.417868,2113.668038,192.523602,12:30:00,5.54504,2.00157,6.37635,-14.59276,20.29226,4.19599,4.33572,-0.797,79.86137,-2.88284,-2.660362,0.4251,NA,NA,NA,NA,NA,NA,NA,NA,NA,NA,NA,-3.40488,10.89867,-1.75658,50,5.53846,7.60151,-130.26516,-0.296,-5.67853,34.85857,-13.99765,ORE_DUC,GEO_PAT,PKPark,D1,BIG10,20260214-PKPark-2,2a5d5d90-09f7-11f1-802c-cb007da271b4,88.66725,NA,NA,10.16627,NA,NA,NA,NA,NA,NA,5ce813cb-c9e8-448f-bad2-0498063e9329,2026-02-14,22:47:27,2026-02-14T22:47:27Z,2026-02-14T22:47:27Z,NA,v3,4807,471300,82de864d38834b289bdde1d759a4a8fd,"Cowdrey, Vincent",1000469295,Right,GEO_PAT,33464cff-e521-44fa-a038-e15183e18c79,54.11507,-131.36173,17.42929,5.54084,0.14433000000000001,-6.99883,-1.99852,7.78014,-2.83927,NA,NA,NA,NA,NA,NA,NA,NA,NA,NA,NA,NA,NA,NA,NA,NA,NA,NA,NA,NA,NA,NA,NA,NA,NA,NA,NA,NA,NA,NA,NA,NA,NA,NA,NA,NA,NA,NA,NA,NA,NA,NA,NA,NA,NA,NA,NA,NA,NA,NA,High,High,High,NA,NA,NA,NA,NA,NA,NA,NA,NA,NA,NA,NA,NA,NA,NA,NA,NA,NA,NA,NA,NA,NA,NA,NA,NA,NA,NA,NA,NA,NA,NA,NA,NA,NA,NA,NA,NA,NA,NA,NA,NA,NA,NA,NA,NA,NA,NA,NA,NA,NA,NA,NA,NA,NA,NA,NA,NA
NA,NA,NA,NA,NA,NA,NA,NA,NA,NA,NA,NA,NA,NA,NA,NA,30,2026-02-14,14:47:45,3,6,"Rumberg, Logan",1000216384,Right,GEO_PAT,"Hellman, Dominic",702626,Right,ORE_DUC,Undefined,1,Bottom,1,3,2,Cutter,Slider,InPlay,Undefined,GroundBall,Out,1,0,NA,80.75005,0.033663,-2.297571,2063.31824,134.505855,10:30:00,5.47282,2.12968,5.87113,-35.47616,7.80445,-6.45225,2.54777,-0.54322,73.473,-6.552657,-3.453825,0.473498,67.43441,-35.930804,2.46926,NA,NA,NA,NA,6.48759,6.37246,5.644794,0.046223,2.62288,4.38366,-1.93982,50,5.45497,4.94266,-117.14883,-1.02931,3.60665,24.30224,-26.1462,ORE_DUC,GEO_PAT,PKPark,D1,BIG10,20260214-PKPark-2,354e1dc0-09f7-11f1-802c-cb007da271b4,79.6042,2.69403,NA,7.27705,NA,NA,NA,2.74214,2.69403,0.47797,5ce813cb-c9e8-448f-bad2-0498063e9329,2026-02-14,22:47:45,2026-02-14T22:47:45Z,2026-02-14T22:47:45Z,GroundBall,v3,4807,471300,82de864d38834b289bdde1d759a4a8fd,"Cowdrey, Vincent",1000469295,Right,GEO_PAT,98e75adb-ecb0-4275-ac20-e774d7d1bfe3,54.62721,-118.10483,12.15112,5.47523,-7.7e-4,-13.0731,-2.13146,4.80078,1.80332,180,2.73961,80.35014,NA,NA,NA,NA,NA,NA,NA,2.69586,-58.28378,NA,NA,NA,NA,NA,NA,NA,0.47786,3.46497,NA,NA,NA,NA,NA,NA,NA,NA,NA,NA,NA,NA,NA,NA,NA,NA,NA,NA,NA,NA,NA,NA,NA,NA,NA,NA,NA,NA,NA,High,High,High,High,High,NA,NA,NA,NA,NA,NA,NA,NA,NA,NA,NA,NA,NA,NA,NA,NA,NA,NA,NA,NA,NA,NA,NA,NA,NA,NA,NA,NA,NA,NA,NA,NA,NA,NA,NA,NA,NA,NA,NA,NA,NA,NA,NA,NA,NA,NA,NA,NA,NA,NA,NA,NA,NA,NA,NA
NA,NA,NA,NA,NA,NA,NA,NA,NA,NA,NA,NA,NA,NA,NA,NA,31,2026-02-14,14:48:24,4,1,"Rumberg, Logan",1000216384,Right,GEO_PAT,"Miranda, Gabe",702569,Left,ORE_DUC,Undefined,1,Bottom,2,0,0,ChangeUp,Splitter,StrikeCalled,Undefined,Undefined,Undefined,0,0,NA,82.50856,-1.841505,-2.970882,938.456285,205.913596,12:45:00,5.59383,2.10318,5.68089,-27.62501,14.15131,6.17705,1.57227,-0.15388,75.09654,-6.987215,-1.867967,0.465196,NA,NA,NA,NA,NA,NA,NA,NA,NA,NA,NA,-4.0474,8.16752,-1.85677,50,5.42136,5.95794,-119.53303,-4.70882,-5.80921,24.75608,-20.45128,ORE_DUC,GEO_PAT,PKPark,D1,BIG10,20260214-PKPark-2,4ca1f2d0-09f7-11f1-802c-cb007da271b4,81.02478,NA,NA,7.41202,NA,NA,NA,NA,NA,NA,5ce813cb-c9e8-448f-bad2-0498063e9329,2026-02-14,22:48:24,2026-02-14T22:48:24Z,2026-02-14T22:48:24Z,NA,v3,4807,471300,82de864d38834b289bdde1d759a4a8fd,"Cowdrey, Vincent",1000469295,Right,GEO_PAT,24c53be6-5cc5-4793-9b5a-1dea701e012b,54.81637,-120.5264,12.37804,5.59384,-3.88818,-10.22564,-2.10052,6.19104,-2.9046,NA,NA,NA,NA,NA,NA,NA,NA,NA,NA,NA,NA,NA,NA,NA,NA,NA,NA,NA,NA,NA,NA,NA,NA,NA,NA,NA,NA,NA,NA,NA,NA,NA,NA,NA,NA,NA,NA,NA,NA,NA,NA,NA,NA,NA,NA,NA,NA,NA,NA,High,High,High,NA,NA,NA,NA,NA,NA,NA,NA,NA,NA,NA,NA,NA,NA,NA,NA,NA,NA,NA,NA,NA,NA,NA,NA,NA,NA,NA,NA,NA,NA,NA,NA,NA,NA,NA,NA,NA,NA,NA,NA,NA,NA,NA,NA,NA,NA,NA,NA,NA,NA,NA,NA,NA,NA,NA,NA,NA
NA,NA,NA,NA,NA,NA,NA,NA,NA,NA,NA,NA,NA,NA,NA,NA,32,2026-02-14,14:48:41,4,2,"Rumberg, Logan",1000216384,Right,GEO_PAT,"Miranda, Gabe",702569,Left,ORE_DUC,Undefined,1,Bottom,2,0,1,Curveball,Curveball,HitByPitch,Undefined,Undefined,Undefined,0,0,NA,76.72425,1.551527,-2.883771,2449.152274,35.770337,07:15:00,5.49806,2.09398,5.65466,-63.67464,-15.10465,-12.0569,1.641,-1.60248,70.11782,-10.025089,-5.037385,0.501597,NA,NA,NA,NA,NA,NA,NA,NA,NA,NA,NA,5.18658,-7.67851,-1.84183,50,5.58935,6.05749,-111.24917,0.90566,6.4001,22.820430000000002,-41.64912,ORE_DUC,GEO_PAT,PKPark,D1,BIG10,20260214-PKPark-2,56d30c80-09f7-11f1-802c-cb007da271b4,75.14481,NA,NA,6.60643,NA,NA,NA,NA,NA,NA,5ce813cb-c9e8-448f-bad2-0498063e9329,2026-02-14,22:48:41,2026-02-14T22:48:41Z,2026-02-14T22:48:41Z,NA,v3,4807,471300,82de864d38834b289bdde1d759a4a8fd,"Cowdrey, Vincent",1000469295,Right,GEO_PAT,bc708058-1c9e-4714-8327-4c7ec4734c9b,54.84753,-112.23914,11.41021,5.51087,2.71242,-20.82456,-2.09859,5.77985,3.20005,NA,NA,NA,NA,NA,NA,NA,NA,NA,NA,NA,NA,NA,NA,NA,NA,NA,NA,NA,NA,NA,NA,NA,NA,NA,NA,NA,NA,NA,NA,NA,NA,NA,NA,NA,NA,NA,NA,NA,NA,NA,NA,NA,NA,NA,NA,NA,NA,NA,NA,High,High,High,NA,NA,NA,NA,NA,NA,NA,NA,NA,NA,NA,NA,NA,NA,NA,NA,NA,NA,NA,NA,NA,NA,NA,NA,NA,NA,NA,NA,NA,NA,NA,NA,NA,NA,NA,NA,NA,NA,NA,NA,NA,NA,NA,NA,NA,NA,NA,NA,NA,NA,NA,NA,NA,NA,NA,NA,NA
NA,NA,NA,NA,NA,NA,NA,NA,NA,NA,NA,NA,NA,NA,NA,NA,33,2026-02-14,14:49:19,5,1,"Rumberg, Logan",1000216384,Right,GEO_PAT,"Molony, Maddox",814829,Right,ORE_DUC,Undefined,1,Bottom,2,0,0,Slider,Slider,BallCalled,Undefined,Undefined,Undefined,0,0,NA,79.2596,1.610461,-1.790263,2052.101684,141.693142,10:45:00,5.42991,2.00824,5.6019,-36.91978,8.39099,-5.43988,3.85782,-0.1169,72.01886,-5.227791,-2.759973,0.484476,NA,NA,NA,NA,NA,NA,NA,NA,NA,NA,NA,2.20402,4.23079,-1.85142,50,5.54426,3.80754,-114.90693,2.05209,2.92609,22.68837,-26.55719,ORE_DUC,GEO_PAT,PKPark,D1,BIG10,20260214-PKPark-2,6d5d7710-09f7-11f1-802c-cb007da271b4,77.80046,NA,NA,7.24074,NA,NA,NA,NA,NA,NA,5ce813cb-c9e8-448f-bad2-0498063e9329,2026-02-14,22:49:19,2026-02-14T22:49:19Z,2026-02-14T22:49:19Z,NA,v3,4807,471300,82de864d38834b289bdde1d759a4a8fd,"Cowdrey, Vincent",1000469295,Right,GEO_PAT,117b64c6-a55a-441a-b9e8-7a7f6f320d53,54.89382,-115.86919,11.34419,5.43334,3.17842,-13.27859,-2.01027,3.68344,1.46304,NA,NA,NA,NA,NA,NA,NA,NA,NA,NA,NA,NA,NA,NA,NA,NA,NA,NA,NA,NA,NA,NA,NA,NA,NA,NA,NA,NA,NA,NA,NA,NA,NA,NA,NA,NA,NA,NA,NA,NA,NA,NA,NA,NA,NA,NA,NA,NA,NA,NA,High,High,High,NA,NA,NA,NA,NA,NA,NA,NA,NA,NA,NA,NA,NA,NA,NA,NA,NA,NA,NA,NA,NA,NA,NA,NA,NA,NA,NA,NA,NA,NA,NA,NA,NA,NA,NA,NA,NA,NA,NA,NA,NA,NA,NA,NA,NA,NA,NA,NA,NA,NA,NA,NA,NA,NA,NA,NA,NA
NA,NA,NA,NA,NA,NA,NA,NA,NA,NA,NA,NA,NA,NA,NA,NA,34,2026-02-14,14:49:39,5,2,"Rumberg, Logan",1000216384,Right,GEO_PAT,"Molony, Maddox",814829,Right,ORE_DUC,Undefined,1,Bottom,2,1,0,Curveball,Curveball,StrikeCalled,Undefined,Undefined,Undefined,0,0,NA,74.18838,2.682923,-0.146556,2367.385399,37.297954,07:15:00,5.47284,2.03812,5.45667,-68.78649,-16.58174,-13.98091,2.25389,0.73586,67.67149,-9.812062,-2.641049,0.520028,NA,NA,NA,NA,NA,NA,NA,NA,NA,NA,NA,6.98237,-8.66154,-2.01533,50,5.66214,0.79978,-107.62877,2.76513,8.07607,21.11055,-42.19234,ORE_DUC,GEO_PAT,PKPark,D1,BIG10,20260214-PKPark-2,792cfe80-09f7-11f1-802c-cb007da271b4,72.48159,NA,NA,6.51689,NA,NA,NA,NA,NA,NA,5ce813cb-c9e8-448f-bad2-0498063e9329,2026-02-14,22:49:39,2026-02-14T22:49:39Z,2026-02-14T22:49:39Z,NA,v3,4807,471300,82de864d38834b289bdde1d759a4a8fd,"Cowdrey, Vincent",1000469295,Right,GEO_PAT,c96b6ccd-aef8-4e7e-bb46-93849ef11482,55.04657,-108.61411,10.55527,5.48712,4.73446,-21.09617,-2.04386,0.42283,4.03803,NA,NA,NA,NA,NA,NA,NA,NA,NA,NA,NA,NA,NA,NA,NA,NA,NA,NA,NA,NA,NA,NA,NA,NA,NA,NA,NA,NA,NA,NA,NA,NA,NA,NA,NA,NA,NA,NA,NA,NA,NA,NA,NA,NA,NA,NA,NA,NA,NA,NA,High,High,High,NA,NA,NA,NA,NA,NA,NA,NA,NA,NA,NA,NA,NA,NA,NA,NA,NA,NA,NA,NA,NA,NA,NA,NA,NA,NA,NA,NA,NA,NA,NA,NA,NA,NA,NA,NA,NA,NA,NA,NA,NA,NA,NA,NA,NA,NA,NA,NA,NA,NA,NA,NA,NA,NA,NA,NA,NA
NA,NA,NA,NA,NA,NA,NA,NA,NA,NA,NA,NA,NA,NA,NA,NA,35,2026-02-14,14:50:17,5,3,"Rumberg, Logan",1000216384,Right,GEO_PAT,"Molony, Maddox",814829,Right,ORE_DUC,Undefined,1,Bottom,2,1,1,Slider,Slider,BallCalled,Undefined,Undefined,Undefined,0,0,NA,79.24019,0.255009,-2.401688,2071.08255,115.720939,09:45:00,5.48705,2.06892,5.68994,-38.51274,7.20599,-11.48571,2.51554,-1.1279,71.50172,-6.882412,-4.451823,0.486652,NA,NA,NA,NA,NA,NA,NA,NA,NA,NA,NA,4.99811,4.08044,-1.85976,50,5.48491,5.26618,-114.7654,-0.70672,6.53419,25.15767,-26.83959,ORE_DUC,GEO_PAT,PKPark,D1,BIG10,20260214-PKPark-2,8f92f120-09f7-11f1-802c-cb007da271b4,77.45258,NA,NA,7.73847,NA,NA,NA,NA,NA,NA,5ce813cb-c9e8-448f-bad2-0498063e9329,2026-02-14,22:50:17,2026-02-14T22:50:17Z,2026-02-14T22:50:17Z,NA,v3,4807,471300,82de864d38834b289bdde1d759a4a8fd,"Cowdrey, Vincent",1000469295,Right,GEO_PAT,0bac37b2-f65e-4906-9481-d6214880e0b6,54.80494,-115.8139,12.57884,5.49106,0.41188,-13.4198,-2.07356,4.99385,3.2671,NA,NA,NA,NA,NA,NA,NA,NA,NA,NA,NA,NA,NA,NA,NA,NA,NA,NA,NA,NA,NA,NA,NA,NA,NA,NA,NA,NA,NA,NA,NA,NA,NA,NA,NA,NA,NA,NA,NA,NA,NA,NA,NA,NA,NA,NA,NA,NA,NA,NA,High,High,High,NA,NA,NA,NA,NA,NA,NA,NA,NA,NA,NA,NA,NA,NA,NA,NA,NA,NA,NA,NA,NA,NA,NA,NA,NA,NA,NA,NA,NA,NA,NA,NA,NA,NA,NA,NA,NA,NA,NA,NA,NA,NA,NA,NA,NA,NA,NA,NA,NA,NA,NA,NA,NA,NA,NA,NA,NA
NA,NA,NA,NA,NA,NA,NA,NA,NA,NA,NA,NA,NA,NA,NA,NA,36,2026-02-14,14:50:37,5,4,"Rumberg, Logan",1000216384,Right,GEO_PAT,"Molony, Maddox",814829,Right,ORE_DUC,Undefined,1,Bottom,2,2,1,Curveball,Curveball,BallCalled,Undefined,Undefined,Undefined,0,0,NA,74.82744,0.969703,-1.120539,2362.332455,39.24122,07:15:00,5.441,2.16352,5.48166,-66.62031,-15.56898,-14.06469,0.79686,-0.05709,68.84248,-11.084819,-3.634102,0.514251,NA,NA,NA,NA,NA,NA,NA,NA,NA,NA,NA,6.78666,-7.74776,-2.05529,50,5.48032,2.64309,-108.67638,-0.35061,8.02548,21.03778,-41.3361,ORE_DUC,GEO_PAT,PKPark,D1,BIG10,20260214-PKPark-2,9b90db90-09f7-11f1-802c-cb007da271b4,73.29586,NA,NA,5.98496,NA,NA,NA,NA,NA,NA,5ce813cb-c9e8-448f-bad2-0498063e9329,2026-02-14,22:50:37,2026-02-14T22:50:37Z,2026-02-14T22:50:37Z,NA,v3,4807,471300,82de864d38834b289bdde1d759a4a8fd,"Cowdrey, Vincent",1000469295,Right,GEO_PAT,b2f02e14-35c3-4ac7-9dd0-6939740c5f8b,55.02208,-109.64426,10.51889,5.45271,1.55111,-20.66805,-2.1684,2.27387,4.01274,NA,NA,NA,NA,NA,NA,NA,NA,NA,NA,NA,NA,NA,NA,NA,NA,NA,NA,NA,NA,NA,NA,NA,NA,NA,NA,NA,NA,NA,NA,NA,NA,NA,NA,NA,NA,NA,NA,NA,NA,NA,NA,NA,NA,NA,NA,NA,NA,NA,NA,High,High,High,NA,NA,NA,NA,NA,NA,NA,NA,NA,NA,NA,NA,NA,NA,NA,NA,NA,NA,NA,NA,NA,NA,NA,NA,NA,NA,NA,NA,NA,NA,NA,NA,NA,NA,NA,NA,NA,NA,NA,NA,NA,NA,NA,NA,NA,NA,NA,NA,NA,NA,NA,NA,NA,NA,NA,NA,NA
NA,NA,NA,NA,NA,NA,NA,NA,NA,NA,NA,NA,NA,NA,NA,NA,37,2026-02-14,14:50:56,5,5,"Rumberg, Logan",1000216384,Right,GEO_PAT,"Molony, Maddox",814829,Right,ORE_DUC,Undefined,1,Bottom,2,3,1,Fastball,Four-Seam,StrikeCalled,Undefined,Undefined,Undefined,0,0,NA,90.55349,-2.94161,-3.119943,2175.714803,200.222558,12:45:00,5.54047,2.15316,6.05328,-13.19761,20.89407,7.27737,1.71131,-0.13125,82.50877,-5.495478,-1.81284,0.420238,NA,NA,NA,NA,NA,NA,NA,NA,NA,NA,NA,-4.62756,11.92808,-1.91423,50,5.30409,6.84241,-131.19708,-7.0798,-8.04292,28.48799,-11.44249,ORE_DUC,GEO_PAT,PKPark,D1,BIG10,20260214-PKPark-2,a70a2cb0-09f7-11f1-802c-cb007da271b4,89.69307,NA,NA,8.04473,NA,NA,NA,NA,NA,NA,5ce813cb-c9e8-448f-bad2-0498063e9329,2026-02-14,22:50:56,2026-02-14T22:50:56Z,2026-02-14T22:50:56Z,NA,v3,4807,471300,82de864d38834b289bdde1d759a4a8fd,"Cowdrey, Vincent",1000469295,Right,GEO_PAT,a0f09a9e-f2c0-4e3c-b40e-2fef8cd2d053,54.44367,-132.15846,14.24399,5.53649,-6.69366,-5.72124,-2.14971,7.11383,-4.02146,NA,NA,NA,NA,NA,NA,NA,NA,NA,NA,NA,NA,NA,NA,NA,NA,NA,NA,NA,NA,NA,NA,NA,NA,NA,NA,NA,NA,NA,NA,NA,NA,NA,NA,NA,NA,NA,NA,NA,NA,NA,NA,NA,NA,NA,NA,NA,NA,NA,NA,High,High,High,NA,NA,NA,NA,NA,NA,NA,NA,NA,NA,NA,NA,NA,NA,NA,NA,NA,NA,NA,NA,NA,NA,NA,NA,NA,NA,NA,NA,NA,NA,NA,NA,NA,NA,NA,NA,NA,NA,NA,NA,NA,NA,NA,NA,NA,NA,NA,NA,NA,NA,NA,NA,NA,NA,NA,NA,NA
NA,NA,NA,NA,NA,NA,NA,NA,NA,NA,NA,NA,NA,NA,NA,NA,38,2026-02-14,14:51:24,5,6,"Rumberg, Logan",1000216384,Right,GEO_PAT,"Molony, Maddox",814829,Right,ORE_DUC,Undefined,1,Bottom,2,3,2,Cutter,Slider,BallCalled,Walk,Undefined,Undefined,0,0,NA,82.50248,-2.085587,-2.865427,2103.226811,151.550832,11:00:00,5.39655,2.09058,6.00948,-33.69691,7.44693,-3.30606,0.65306,-0.84173,75.63322,-8.312531,-3.459643,0.461662,NA,NA,NA,NA,NA,NA,NA,NA,NA,NA,NA,0.86965,4.83276,-1.86367,50,5.21413,6.11251,-119.63762,-5.4086,1.25338,24.28615,-25.20885,ORE_DUC,GEO_PAT,PKPark,D1,BIG10,20260214-PKPark-2,b7dc0d60-09f7-11f1-802c-cb007da271b4,81.64518,NA,NA,6.86926,NA,NA,NA,NA,NA,NA,5ce813cb-c9e8-448f-bad2-0498063e9329,2026-02-14,22:51:24,2026-02-14T22:51:24Z,2026-02-14T22:51:24Z,NA,v3,4807,471300,82de864d38834b289bdde1d759a4a8fd,"Cowdrey, Vincent",1000469295,Right,GEO_PAT,f07820ea-4d86-4cae-b29f-15b940968582,54.48908,-120.54544,12.14307,5.39869,-4.46628,-12.60442,-2.09128,6.06566,0.62669,NA,NA,NA,NA,NA,NA,NA,NA,NA,NA,NA,NA,NA,NA,NA,NA,NA,NA,NA,NA,NA,NA,NA,NA,NA,NA,NA,NA,NA,NA,NA,NA,NA,NA,NA,NA,NA,NA,NA,NA,NA,NA,NA,NA,NA,NA,NA,NA,NA,NA,High,High,High,NA,NA,NA,NA,NA,NA,NA,NA,NA,NA,NA,NA,NA,NA,NA,NA,NA,NA,NA,NA,NA,NA,NA,NA,NA,NA,NA,NA,NA,NA,NA,NA,NA,NA,NA,NA,NA,NA,NA,NA,NA,NA,NA,NA,NA,NA,NA,NA,NA,NA,NA,NA,NA,NA,NA,NA,NA
NA,NA,NA,NA,NA,NA,NA,NA,NA,NA,NA,NA,NA,NA,NA,NA,39,2026-02-14,14:52:01,6,1,"Rumberg, Logan",1000216384,Right,GEO_PAT,"Smith, Drew",1000110953,Right,ORE_DUC,Undefined,1,Bottom,2,0,0,Curveball,Curveball,BallCalled,Undefined,Undefined,Undefined,0,0,NA,76.27997,0.877754,-1.210009,2415.612528,34.592233,07:15:00,5.45824,2.07008,5.49713,-66.002440000000007,-16.88548,-12.74288,0.77931,-0.12379,70.13102,-11.063474,-3.488333,0.504414,NA,NA,NA,NA,NA,NA,NA,NA,NA,NA,NA,6.08044,-8.38268,-1.95537,50,5.49006,2.81895,-110.78541,-0.52219,7.46865,21.94784,-42.47055,ORE_DUC,GEO_PAT,PKPark,D1,BIG10,20260214-PKPark-2,cde030f0-09f7-11f1-802c-cb007da271b4,74.72519,NA,NA,6.14895,NA,NA,NA,NA,NA,NA,5ce813cb-c9e8-448f-bad2-0498063e9329,2026-02-14,22:52:01,2026-02-14T22:52:01Z,2026-02-14T22:52:01Z,NA,v3,4807,471300,82de864d38834b289bdde1d759a4a8fd,"Cowdrey, Vincent",1000469295,Right,GEO_PAT,cee556f7-5838-4f31-96c1-9d527c3528b7,55.00661,-111.77287,10.97392,5.47057,1.38862,-21.23528,-2.07464,2.48293,3.73433,NA,NA,NA,NA,NA,NA,NA,NA,NA,NA,NA,NA,NA,NA,NA,NA,NA,NA,NA,NA,NA,NA,NA,NA,NA,NA,NA,NA,NA,NA,NA,NA,NA,NA,NA,NA,NA,NA,NA,NA,NA,NA,NA,NA,NA,NA,NA,NA,NA,NA,High,High,High,NA,NA,NA,NA,NA,NA,NA,NA,NA,NA,NA,NA,NA,NA,NA,NA,NA,NA,NA,NA,NA,NA,NA,NA,NA,NA,NA,NA,NA,NA,NA,NA,NA,NA,NA,NA,NA,NA,NA,NA,NA,NA,NA,NA,NA,NA,NA,NA,NA,NA,NA,NA,NA,NA,NA,NA,NA
NA,NA,NA,NA,NA,NA,NA,NA,NA,NA,NA,NA,NA,NA,NA,NA,40,2026-02-14,14:52:25,6,2,"Rumberg, Logan",1000216384,Right,GEO_PAT,"Smith, Drew",1000110953,Right,ORE_DUC,Undefined,1,Bottom,2,1,0,Fastball,Four-Seam,StrikeSwinging,Undefined,Undefined,Undefined,0,0,NA,89.90485,-1.368319,-2.582311,2111.457425,196.310656,12:30:00,5.5231,1.90199,5.98618,-14.06339,20.84879,5.73512,3.08143,-0.01506,81.07703,-4.106789,-1.552837,0.425265,NA,NA,NA,NA,NA,NA,NA,NA,NA,NA,NA,-3.73382,11.46182,-1.70116,50,5.40718,5.62675,-130.28731,-3.46138,-6.33665,30.61012,-12.72227,ORE_DUC,GEO_PAT,PKPark,D1,BIG10,20260214-PKPark-2,dbb880b0-09f7-11f1-802c-cb007da271b4,88.63276,NA,NA,8.8278199999999991,NA,NA,NA,NA,NA,NA,5ce813cb-c9e8-448f-bad2-0498063e9329,2026-02-14,22:52:25,2026-02-14T22:52:25Z,2026-02-14T22:52:25Z,NA,v3,4807,471300,82de864d38834b289bdde1d759a4a8fd,"Cowdrey, Vincent",1000469295,Right,GEO_PAT,dd0151e1-32ac-4d8c-8bed-455d3a1eb331,54.50838,-131.34226,15.30506,5.51892,-3.02293,-6.36114,-1.89884,5.84513,-3.16832,NA,NA,NA,NA,NA,NA,NA,NA,NA,NA,NA,NA,NA,NA,NA,NA,NA,NA,NA,NA,NA,NA,NA,NA,NA,NA,NA,NA,NA,NA,NA,NA,NA,NA,NA,NA,NA,NA,NA,NA,NA,NA,NA,NA,NA,NA,NA,NA,NA,NA,High,High,High,NA,NA,NA,NA,NA,NA,NA,NA,NA,NA,NA,NA,NA,NA,NA,NA,NA,NA,NA,NA,NA,NA,NA,NA,NA,NA,NA,NA,NA,NA,NA,NA,NA,NA,NA,NA,NA,NA,NA,NA,NA,NA,NA,NA,NA,NA,NA,NA,NA,NA,NA,NA,NA,NA,NA,NA,NA
NA,NA,NA,NA,NA,NA,NA,NA,NA,NA,NA,NA,NA,NA,NA,NA,41,2026-02-14,14:52:42,6,3,"Rumberg, Logan",1000216384,Right,GEO_PAT,"Smith, Drew",1000110953,Right,ORE_DUC,Undefined,1,Bottom,2,1,1,Fastball,Four-Seam,BallCalled,Undefined,Undefined,Undefined,0,0,NA,91.40039,-3.857189,-4.144864,2158.813641,200.241274,12:45:00,5.54104,1.91357,6.09018,-11.25445,22.58265,7.87146,1.02044,-1.27124,82.56178,-6.076912,-2.733052,0.418666,NA,NA,NA,NA,NA,NA,NA,NA,NA,NA,NA,-5.33504,13.18327,-1.59755,50,5.23645,9.23065,-132.04537,-9.16315,-9.30888,31.19737,-9.17118,ORE_DUC,GEO_PAT,PKPark,D1,BIG10,20260214-PKPark-2,e65c8070-09f7-11f1-802c-cb007da271b4,90.02983,NA,NA,8.83862,NA,NA,NA,NA,NA,NA,5ce813cb-c9e8-448f-bad2-0498063e9329,2026-02-14,22:52:42,2026-02-14T22:52:42Z,2026-02-14T22:52:42Z,NA,v3,4807,471300,82de864d38834b289bdde1d759a4a8fd,"Cowdrey, Vincent",1000469295,Right,GEO_PAT,fb07b753-34e9-4329-aeb6-ad61536cce81,54.40575,-133.08221,15.59868,5.53593,-8.85834,-4.58559,-1.90947,9.54003,-4.65444,NA,NA,NA,NA,NA,NA,NA,NA,NA,NA,NA,NA,NA,NA,NA,NA,NA,NA,NA,NA,NA,NA,NA,NA,NA,NA,NA,NA,NA,NA,NA,NA,NA,NA,NA,NA,NA,NA,NA,NA,NA,NA,NA,NA,NA,NA,NA,NA,NA,NA,High,High,High,NA,NA,NA,NA,NA,NA,NA,NA,NA,NA,NA,NA,NA,NA,NA,NA,NA,NA,NA,NA,NA,NA,NA,NA,NA,NA,NA,NA,NA,NA,NA,NA,NA,NA,NA,NA,NA,NA,NA,NA,NA,NA,NA,NA,NA,NA,NA,NA,NA,NA,NA,NA,NA,NA,NA,NA,NA
NA,NA,NA,NA,NA,NA,NA,NA,NA,NA,NA,NA,NA,NA,NA,NA,42,2026-02-14,14:53:01,6,4,"Rumberg, Logan",1000216384,Right,GEO_PAT,"Smith, Drew",1000110953,Right,ORE_DUC,Undefined,1,Bottom,2,2,1,Cutter,Slider,FoulBallNotFieldable,Undefined,Undefined,Undefined,0,0,NA,80.84121,0.404656,-2.01415,2058.313804,142.238606,10:45:00,5.42323,2.16677,5.73357,-34.86498,7.28658,-4.8365,2.89489,-0.1127,75.58306,-5.987473,-2.878863,0.467281,68.16271,24.488053,157.678669,2994.372826,-103.79237,21.98363,36.42988,171.12151,51.23765,162.507538,2.218974,2.04788,3.93882,-1.99581,50,5.43511,4.3169,-117.62555,-0.2912,2.92931,17.92216,-26.53992,ORE_DUC,GEO_PAT,PKPark,D1,BIG10,20260214-PKPark-2,f1541e70-09f7-11f1-802c-cb007da271b4,80.66332,23.68234,NA,5.25814,NA,NA,NA,1.32922,2.91407,0.13075,5ce813cb-c9e8-448f-bad2-0498063e9329,2026-02-14,22:53:01,2026-02-14T22:53:01Z,2026-02-14T22:53:01Z,LineDrive,v3,4807,471300,82de864d38834b289bdde1d759a4a8fd,"Cowdrey, Vincent",1000469295,Right,GEO_PAT,4e138c21-9fb2-431a-9a9b-95e8019490bc,54.76775,-118.34977,8.96108,5.4252,0.78125,-13.26996,-2.16786,4.19853,1.46466,307.875543,1.32921,-84.16078,5.07303,-0.35044,-0.0521,0.12536,-0.07568,0.0247,-0.00328,2.91407,41.43904,-22.40543,2.07424,-0.45627,0.11504,-0.03413,0.00895,-0.00108,0.13075,34.55327,-6.97766,1.24261,-0.21083,-0.02557,0.03609,-0.01319,0.00185,NA,NA,NA,NA,NA,NA,NA,NA,NA,NA,NA,NA,NA,NA,NA,NA,NA,NA,NA,NA,NA,NA,High,High,High,High,Low,NA,NA,NA,NA,NA,NA,NA,NA,NA,NA,NA,NA,NA,NA,NA,NA,NA,NA,NA,NA,NA,NA,NA,NA,NA,NA,NA,NA,NA,NA,NA,NA,NA,NA,NA,NA,NA,NA,NA,NA,NA,NA,NA,NA,NA,NA,NA,NA,NA,NA,NA,NA,NA,NA,NA
NA,NA,NA,NA,NA,NA,NA,NA,NA,NA,NA,NA,NA,NA,NA,NA,43,2026-02-14,14:53:23,6,5,"Rumberg, Logan",1000216384,Right,GEO_PAT,"Smith, Drew",1000110953,Right,ORE_DUC,Undefined,1,Bottom,2,2,2,Curveball,Curveball,FoulBallNotFieldable,Undefined,Undefined,Undefined,0,0,NA,75.83538,1.911754,-1.603507,2356.869908,32.405414,07:00:00,5.43972,1.95986,5.63445,-67.7826,-18.10918,-12.55686,1.57615,-0.58296,69.30776,-10.410303,-3.850921,0.507263,NA,NA,NA,NA,NA,NA,NA,NA,NA,NA,NA,5.89957,-9.4534300000000009,-1.81507,50,5.55842,3.54028,-110.06639,1.46052,7.12279,22.4173,-43.58752,ORE_DUC,GEO_PAT,PKPark,D1,BIG10,20260214-PKPark-2,fee04a00-09f7-11f1-802c-cb007da271b4,74.30549,NA,NA,6.52762,NA,NA,NA,NA,NA,NA,5ce813cb-c9e8-448f-bad2-0498063e9329,2026-02-14,22:53:23,2026-02-14T22:53:23Z,2026-02-14T22:53:23Z,NA,v3,4807,471300,82de864d38834b289bdde1d759a4a8fd,"Cowdrey, Vincent",1000469295,Right,GEO_PAT,2cd8dce9-5375-43a1-9662-185e493ec71e,54.86938,-111.05371,11.20865,5.45182,3.38024,-21.79376,-1.96408,3.22657,3.56139,NA,NA,NA,NA,NA,NA,NA,NA,NA,NA,NA,NA,NA,NA,NA,NA,NA,NA,NA,NA,NA,NA,NA,NA,NA,NA,NA,NA,NA,NA,NA,NA,NA,NA,NA,NA,NA,NA,NA,NA,NA,NA,NA,NA,NA,NA,NA,NA,NA,NA,High,High,High,NA,NA,NA,NA,NA,NA,NA,NA,NA,NA,NA,NA,NA,NA,NA,NA,NA,NA,NA,NA,NA,NA,NA,NA,NA,NA,NA,NA,NA,NA,NA,NA,NA,NA,NA,NA,NA,NA,NA,NA,NA,NA,NA,NA,NA,NA,NA,NA,NA,NA,NA,NA,NA,NA,NA,NA,NA
NA,NA,NA,NA,NA,NA,NA,NA,NA,NA,NA,NA,NA,NA,NA,NA,44,2026-02-14,14:53:48,6,6,"Rumberg, Logan",1000216384,Right,GEO_PAT,"Smith, Drew",1000110953,Right,ORE_DUC,Undefined,1,Bottom,2,2,2,Slider,Curveball,FoulBallNotFieldable,Undefined,Undefined,Undefined,0,0,NA,78.51917,0.430385,-2.6271,2153.938613,52.391959,07:45:00,5.33934,2.17178,5.53762,-48.94739,-2.66642,-5.43343,1.66309,-0.73817,71.84614,-8.500544,-3.595477,0.489635,62.03886,68.345094,63.978974,NA,NA,NA,NA,103.81241,37.08888,82.240164,4.633796,1.98536,-1.1437,-1.93996,50,5.34372,5.43035,-113.8881,-0.76118,2.58516,22.59308,-33.66328,ORE_DUC,GEO_PAT,PKPark,D1,BIG10,20260214-PKPark-2,0da543b0-09f8-11f1-802c-cb007da271b4,76.98064,89.18946,NA,6.67303,NA,NA,NA,2.30069,2.10864,0.71876,5ce813cb-c9e8-448f-bad2-0498063e9329,2026-02-14,22:53:48,2026-02-14T22:53:48Z,2026-02-14T22:53:48Z,Popup,v3,4807,471300,82de864d38834b289bdde1d759a4a8fd,"Cowdrey, Vincent",1000469295,Right,GEO_PAT,c8152efc-a01d-4146-bd3f-0466353f707e,54.96281,-114.8684,11.29654,5.34506,0.69945,-16.83164,-2.17314,5.31818,1.29258,198.797476,2.29475,14.80416,-9.2814,2.89816,0.00461,-0.45925,0.19271,-0.03319,0.00211,2.10045,84.7483,-25.05299,3.68553,-1.38276,0.44385,-0.08515,0.00781,-2.4e-4,0.71943,30.1561,-3.56759,0.53884,0.067780000000000007,-0.07021,0.01841,-0.00207,8e-5,NA,NA,NA,NA,NA,NA,NA,NA,NA,NA,NA,NA,NA,NA,NA,NA,NA,NA,NA,NA,NA,NA,High,High,High,High,Low,NA,NA,NA,NA,NA,NA,NA,NA,NA,NA,NA,NA,NA,NA,NA,NA,NA,NA,NA,NA,NA,NA,NA,NA,NA,NA,NA,NA,NA,NA,NA,NA,NA,NA,NA,NA,NA,NA,NA,NA,NA,NA,NA,NA,NA,NA,NA,NA,NA,NA,NA,NA,NA,NA,NA
NA,NA,NA,NA,NA,NA,NA,NA,NA,NA,NA,NA,NA,NA,NA,NA,45,2026-02-14,14:54:23,6,7,"Rumberg, Logan",1000216384,Right,GEO_PAT,"Smith, Drew",1000110953,Right,ORE_DUC,Undefined,1,Bottom,2,2,2,Cutter,Slider,BallCalled,Undefined,Undefined,Undefined,0,0,NA,82.08682,1.04598,-2.635863,2010.618258,191.772758,12:30:00,5.43791,2.09902,5.95274,-31.31419,10.918,1.94693,3.79958,-0.18499,73.61218,-4.845649,-2.286723,0.467728,NA,NA,NA,NA,NA,NA,NA,NA,NA,NA,NA,-1.8752,5.71174,-1.89043,50,5.50399,5.39347,-118.85913,1.2236,-2.62904,27.02285,-24.16621,ORE_DUC,GEO_PAT,PKPark,D1,BIG10,20260214-PKPark-2,2220a460-09f8-11f1-802c-cb007da271b4,80.58626,NA,NA,8.47463,NA,NA,NA,NA,NA,NA,5ce813cb-c9e8-448f-bad2-0498063e9329,2026-02-14,22:54:23,2026-02-14T22:54:23Z,2026-02-14T22:54:23Z,NA,v3,4807,471300,82de864d38834b289bdde1d759a4a8fd,"Cowdrey, Vincent",1000469295,Right,GEO_PAT,2cf02815-faaa-4556-b984-e4c6b879ce60,54.54024,-119.88692,13.51143,5.43997,2.14274,-12.08311,-2.09747,5.49347,-1.31452,NA,NA,NA,NA,NA,NA,NA,NA,NA,NA,NA,NA,NA,NA,NA,NA,NA,NA,NA,NA,NA,NA,NA,NA,NA,NA,NA,NA,NA,NA,NA,NA,NA,NA,NA,NA,NA,NA,NA,NA,NA,NA,NA,NA,NA,NA,NA,NA,NA,NA,High,High,High,NA,NA,NA,NA,NA,NA,NA,NA,NA,NA,NA,NA,NA,NA,NA,NA,NA,NA,NA,NA,NA,NA,NA,NA,NA,NA,NA,NA,NA,NA,NA,NA,NA,NA,NA,NA,NA,NA,NA,NA,NA,NA,NA,NA,NA,NA,NA,NA,NA,NA,NA,NA,NA,NA,NA,NA,NA
NA,NA,NA,NA,NA,NA,NA,NA,NA,NA,NA,NA,NA,NA,NA,NA,46,2026-02-14,14:54:43,6,8,"Rumberg, Logan",1000216384,Right,GEO_PAT,"Smith, Drew",1000110953,Right,ORE_DUC,Undefined,1,Bottom,2,3,2,Curveball,Curveball,InPlay,Undefined,GroundBall,Out,1,0,NA,75.36773,2.478654,-0.716859,2398.361999,37.458979,07:15:00,5.39864,2.10566,5.60317,-64.16712,-13.858,-11.92709,2.36686,0.4425,68.66967,-9.222944,-2.849242,0.510499,82.18049,-32.340693,-33.538924,NA,NA,NA,NA,5.87557,5.87557,-26.501076,0.038107,5.84024,-7.38678,-2.03626,50,5.56891,1.8077,-109.35099,2.64657,6.97215,21.81251,-40.99247,ORE_DUC,GEO_PAT,PKPark,D1,BIG10,20260214-PKPark-2,2e8abe20-09f8-11f1-802c-cb007da271b4,73.83451,2.46344,NA,6.69806,NA,NA,NA,2.01531,2.46344,-0.47217,5ce813cb-c9e8-448f-bad2-0498063e9329,2026-02-14,22:54:43,2026-02-14T22:54:43Z,2026-02-14T22:54:43Z,GroundBall,v3,4807,471300,82de864d38834b289bdde1d759a4a8fd,"Cowdrey, Vincent",1000469295,Right,GEO_PAT,ea55ebb7-f4a4-4357-8023-1aaaeaf511a0,54.89921,-110.32392,10.90625,5.41008,4.47501,-20.49624,-2.10995,1.49671,3.48608,NA,2.01396,85.09953,NA,NA,NA,NA,NA,NA,NA,2.46446,-64.64503,NA,NA,NA,NA,NA,NA,NA,-0.47128,-56.40932,NA,NA,NA,NA,NA,NA,NA,NA,NA,NA,NA,NA,NA,NA,NA,NA,NA,NA,NA,NA,NA,NA,NA,NA,NA,NA,NA,NA,NA,High,High,High,Estimated,Estimated,NA,NA,NA,NA,NA,NA,NA,NA,NA,NA,NA,NA,NA,NA,NA,NA,NA,NA,NA,NA,NA,NA,NA,NA,NA,NA,NA,NA,NA,NA,NA,NA,NA,NA,NA,NA,NA,NA,NA,NA,NA,NA,NA,NA,NA,NA,NA,NA,NA,NA,NA,NA,NA,NA,NA
NA,NA,NA,NA,NA,NA,NA,NA,NA,NA,NA,NA,NA,NA,NA,NA,47,2026-02-14,14:57:12,1,1,"Scolari, Cal",822302,Right,ORE_DUC,"Terilli, Lucas",1000315616,Left,GEO_PAT,Undefined,2,Top,0,0,0,Fastball,Four-Seam,BallCalled,Undefined,Undefined,Undefined,0,0,NA,94.00067,-2.189302,-1.045451,2300.248965,209.803833,01:00:00,5.74707,1.50551,6.5133,-15.74556,15.21241,8.13737,2.42466,1.22418,85.76308,-5.210031,0.432654,0.400459,NA,NA,NA,NA,NA,NA,NA,NA,NA,NA,NA,-4.53323,8.8904,-1.43569,50,5.58723,2.15162,-136.54911,-5.64743,-8.53364,30.90183,-15.43823,ORE_DUC,GEO_PAT,PKPark,D1,BIG10,20260214-PKPark-2,86c7b390-09f8-11f1-802c-cb007da271b4,94.12317,NA,NA,8.23759,NA,NA,NA,NA,NA,NA,5ce813cb-c9e8-448f-bad2-0498063e9329,2026-02-14,22:57:12,2026-02-14T22:57:12Z,2026-02-14T22:57:12Z,NA,v3,4807,471300,82de864d38834b289bdde1d759a4a8fd,"Mabeus, Burke",1000222806,Right,ORE_DUC,04ac57de-55ee-409e-88c2-7dfb30e30ea5,53.9834,-137.44762,15.45092,5.74491,-5.19855,-7.71911,-1.50186,2.39975,-4.26682,NA,NA,NA,NA,NA,NA,NA,NA,NA,NA,NA,NA,NA,NA,NA,NA,NA,NA,NA,NA,NA,NA,NA,NA,NA,NA,NA,NA,NA,NA,NA,NA,NA,NA,NA,NA,NA,NA,NA,NA,NA,NA,NA,NA,NA,NA,NA,NA,NA,NA,High,High,High,NA,NA,NA,NA,NA,NA,NA,NA,NA,NA,NA,NA,NA,NA,NA,NA,NA,NA,NA,NA,NA,NA,NA,NA,NA,NA,NA,NA,NA,NA,NA,NA,NA,NA,NA,NA,NA,NA,NA,NA,NA,NA,NA,NA,NA,NA,NA,NA,NA,NA,NA,NA,NA,NA,NA,NA,NA
NA,NA,NA,NA,NA,NA,NA,NA,NA,NA,NA,NA,NA,NA,NA,NA,48,2026-02-14,14:57:27,1,2,"Scolari, Cal",822302,Right,ORE_DUC,"Terilli, Lucas",1000315616,Left,GEO_PAT,Undefined,2,Top,0,1,0,Fastball,Four-Seam,StrikeCalled,Undefined,Undefined,Undefined,0,0,NA,94.14771,-3.499092,-2.393878,2352.23266,202.669758,12:45:00,5.8483,1.29087,6.56359,-13.86162,17.20765,6.73804,1.47857,-0.3435,85.48625,-6.18388,-1.170242,0.401178,NA,NA,NA,NA,NA,NA,NA,NA,NA,NA,NA,-4.28087,10.43603,-1.12872,50,5.60092,5.43441,-136.48962,-8.70106,-8.00148,32.61221,-12.6677,ORE_DUC,GEO_PAT,PKPark,D1,BIG10,20260214-PKPark-2,8fbcf1e0-09f8-11f1-802c-cb007da271b4,93.95446,NA,NA,8.66145,NA,NA,NA,NA,NA,NA,5ce813cb-c9e8-448f-bad2-0498063e9329,2026-02-14,22:57:27,2026-02-14T22:57:27Z,2026-02-14T22:57:27Z,NA,v3,4807,471300,82de864d38834b289bdde1d759a4a8fd,"Mabeus, Burke",1000222806,Right,ORE_DUC,b5e3ae13-30df-4a5e-9ca0-77e4fd1410b7,53.93438,-137.42647,16.30611,5.84565,-8.33716,-6.33385,-1.28814,5.66427,-4.00074,NA,NA,NA,NA,NA,NA,NA,NA,NA,NA,NA,NA,NA,NA,NA,NA,NA,NA,NA,NA,NA,NA,NA,NA,NA,NA,NA,NA,NA,NA,NA,NA,NA,NA,NA,NA,NA,NA,NA,NA,NA,NA,NA,NA,NA,NA,NA,NA,NA,NA,High,High,High,NA,NA,NA,NA,NA,NA,NA,NA,NA,NA,NA,NA,NA,NA,NA,NA,NA,NA,NA,NA,NA,NA,NA,NA,NA,NA,NA,NA,NA,NA,NA,NA,NA,NA,NA,NA,NA,NA,NA,NA,NA,NA,NA,NA,NA,NA,NA,NA,NA,NA,NA,NA,NA,NA,NA,NA,NA
NA,NA,NA,NA,NA,NA,NA,NA,NA,NA,NA,NA,NA,NA,NA,NA,49,2026-02-14,14:57:41,1,3,"Scolari, Cal",822302,Right,ORE_DUC,"Terilli, Lucas",1000315616,Left,GEO_PAT,Undefined,2,Top,0,1,1,Slider,Slider,BallCalled,Undefined,Undefined,Undefined,0,0,NA,82.9066,1.571123,0.043743,2484.082631,95.801268,09:15:00,5.90877,1.07811,5.83034,-38.53297,2.09606,-8.50685,4.1585,0.40986,76.02353,-5.540355,-1.481623,0.458764,NA,NA,NA,NA,NA,NA,NA,NA,NA,NA,NA,4.33406,1.05122,-1.07675,50,6.01444,0.24913,-120.44935,2.0134,6.38003,22.95038,-30.62657,ORE_DUC,GEO_PAT,PKPark,D1,BIG10,20260214-PKPark-2,98532040-09f8-11f1-802c-cb007da271b4,82.16082,NA,NA,6.88307,NA,NA,NA,NA,NA,NA,5ce813cb-c9e8-448f-bad2-0498063e9329,2026-02-14,22:57:41,2026-02-14T22:57:41Z,2026-02-14T22:57:41Z,NA,v3,4807,471300,82de864d38834b289bdde1d759a4a8fd,"Mabeus, Burke",1000222806,Right,ORE_DUC,a580fca9-f934-4ee8-8860-1e537d24dd55,54.66799,-121.33553,11.47519,5.91387,3.19598,-15.31328,-1.08161,0.00278,3.19001,NA,NA,NA,NA,NA,NA,NA,NA,NA,NA,NA,NA,NA,NA,NA,NA,NA,NA,NA,NA,NA,NA,NA,NA,NA,NA,NA,NA,NA,NA,NA,NA,NA,NA,NA,NA,NA,NA,NA,NA,NA,NA,NA,NA,NA,NA,NA,NA,NA,NA,High,High,High,NA,NA,NA,NA,NA,NA,NA,NA,NA,NA,NA,NA,NA,NA,NA,NA,NA,NA,NA,NA,NA,NA,NA,NA,NA,NA,NA,NA,NA,NA,NA,NA,NA,NA,NA,NA,NA,NA,NA,NA,NA,NA,NA,NA,NA,NA,NA,NA,NA,NA,NA,NA,NA,NA,NA,NA,NA
NA,NA,NA,NA,NA,NA,NA,NA,NA,NA,NA,NA,NA,NA,NA,NA,50,2026-02-14,14:57:56,1,4,"Scolari, Cal",822302,Right,ORE_DUC,"Terilli, Lucas",1000315616,Left,GEO_PAT,Undefined,2,Top,0,2,1,Slider,Slider,BallCalled,Undefined,Undefined,Undefined,0,0,NA,84.50858,-2.084562,-1.746458,2417.292359,95.400588,09:15:00,5.90305,1.10318,6.04102,-37.02577,1.73547,-6.26587,0.88578,-1.03647,78.25482,-8.876088,-2.875926,0.448095,NA,NA,NA,NA,NA,NA,NA,NA,NA,NA,NA,2.79654,1.75295,-0.96354,50,5.72018,3.97909,-122.78725,-5.67517,4.28308,23.5814,-29.48925,ORE_DUC,GEO_PAT,PKPark,D1,BIG10,20260214-PKPark-2,a1167920-09f8-11f1-802c-cb007da271b4,84.11705,NA,NA,6.25376,NA,NA,NA,NA,NA,NA,5ce813cb-c9e8-448f-bad2-0498063e9329,2026-02-14,22:57:56,2026-02-14T22:57:56Z,2026-02-14T22:57:56Z,NA,v3,4807,471300,82de864d38834b289bdde1d759a4a8fd,"Mabeus, Burke",1000222806,Right,ORE_DUC,fa21834f-eae4-489a-829f-96d8db41b914,54.45985,-123.6408,11.7907,5.90628,-4.60778,-14.74463,-1.10476,3.82406,2.14154,NA,NA,NA,NA,NA,NA,NA,NA,NA,NA,NA,NA,NA,NA,NA,NA,NA,NA,NA,NA,NA,NA,NA,NA,NA,NA,NA,NA,NA,NA,NA,NA,NA,NA,NA,NA,NA,NA,NA,NA,NA,NA,NA,NA,NA,NA,NA,NA,NA,NA,High,High,High,NA,NA,NA,NA,NA,NA,NA,NA,NA,NA,NA,NA,NA,NA,NA,NA,NA,NA,NA,NA,NA,NA,NA,NA,NA,NA,NA,NA,NA,NA,NA,NA,NA,NA,NA,NA,NA,NA,NA,NA,NA,NA,NA,NA,NA,NA,NA,NA,NA,NA,NA,NA,NA,NA,NA,NA,NA
NA,NA,NA,NA,NA,NA,NA,NA,NA,NA,NA,NA,NA,NA,NA,NA,51,2026-02-14,14:58:13,1,5,"Scolari, Cal",822302,Right,ORE_DUC,"Terilli, Lucas",1000315616,Left,GEO_PAT,Undefined,2,Top,0,3,1,Fastball,Four-Seam,StrikeCalled,Undefined,Undefined,Undefined,0,0,NA,94.08437,-2.572275,-1.430779,2380.777519,211.41226700000001,01:00:00,5.78326,1.38484,6.43762,-13.99438,16.89332,9.7241,2.25094,0.8801,86.16303,-5.263639,0.332529,0.400004,NA,NA,NA,NA,NA,NA,NA,NA,NA,NA,NA,-5.45575,9.82292,-1.28719,50,5.59376,3.00841,-136.66612,-6.50915,-10.33252,29.73419,-13.57062,ORE_DUC,GEO_PAT,PKPark,D1,BIG10,20260214-PKPark-2,ab29d1a0-09f8-11f1-802c-cb007da271b4,94.23019,NA,NA,7.92135,NA,NA,NA,NA,NA,NA,5ce813cb-c9e8-448f-bad2-0498063e9329,2026-02-14,22:58:13,2026-02-14T22:58:13Z,2026-02-14T22:58:13Z,NA,v3,4807,471300,82de864d38834b289bdde1d759a4a8fd,"Mabeus, Burke",1000222806,Right,ORE_DUC,016d0676-2216-43ac-adc1-65201caa8f2a,54.06033,-137.54668,14.8671,5.78058,-6.10727,-6.78531,-1.38082,3.3144,-5.16626,NA,NA,NA,NA,NA,NA,NA,NA,NA,NA,NA,NA,NA,NA,NA,NA,NA,NA,NA,NA,NA,NA,NA,NA,NA,NA,NA,NA,NA,NA,NA,NA,NA,NA,NA,NA,NA,NA,NA,NA,NA,NA,NA,NA,NA,NA,NA,NA,NA,NA,High,High,High,NA,NA,NA,NA,NA,NA,NA,NA,NA,NA,NA,NA,NA,NA,NA,NA,NA,NA,NA,NA,NA,NA,NA,NA,NA,NA,NA,NA,NA,NA,NA,NA,NA,NA,NA,NA,NA,NA,NA,NA,NA,NA,NA,NA,NA,NA,NA,NA,NA,NA,NA,NA,NA,NA,NA,NA,NA
NA,NA,NA,NA,NA,NA,NA,NA,NA,NA,NA,NA,NA,NA,NA,NA,52,2026-02-14,14:58:28,1,6,"Scolari, Cal",822302,Right,ORE_DUC,"Terilli, Lucas",1000315616,Left,GEO_PAT,Undefined,2,Top,0,3,2,Fastball,Four-Seam,BallCalled,Walk,Undefined,Undefined,0,0,NA,93.722,-3.286083,-2.884664,2471.327909,204.105023,12:45:00,5.83047,1.17392,6.65716,-12.97843,17.71056,7.52559,1.73466,-0.84099,86.56877,-5.784022,-1.516633,0.398715,NA,NA,NA,NA,NA,NA,NA,NA,NA,NA,NA,-4.69776,10.45312,-0.98278,50,5.60353,6.56544,-136.09319,-8.14441,-8.90175,26.97147,-12.36653,ORE_DUC,GEO_PAT,PKPark,D1,BIG10,20260214-PKPark-2,b499be30-09f8-11f1-802c-cb007da271b4,94.53476,NA,NA,7.15322,NA,NA,NA,NA,NA,NA,5ce813cb-c9e8-448f-bad2-0498063e9329,2026-02-14,22:58:28,2026-02-14T22:58:28Z,2026-02-14T22:58:28Z,NA,v3,4807,471300,82de864d38834b289bdde1d759a4a8fd,"Mabeus, Burke",1000222806,Right,ORE_DUC,a2c49533-a6ba-4376-aba5-4f23b1011988,53.84277,-136.85265,13.48574,5.82796,-7.79619,-6.18326,-1.17118,6.8161,-4.45088,NA,NA,NA,NA,NA,NA,NA,NA,NA,NA,NA,NA,NA,NA,NA,NA,NA,NA,NA,NA,NA,NA,NA,NA,NA,NA,NA,NA,NA,NA,NA,NA,NA,NA,NA,NA,NA,NA,NA,NA,NA,NA,NA,NA,NA,NA,NA,NA,NA,NA,High,High,High,NA,NA,NA,NA,NA,NA,NA,NA,NA,NA,NA,NA,NA,NA,NA,NA,NA,NA,NA,NA,NA,NA,NA,NA,NA,NA,NA,NA,NA,NA,NA,NA,NA,NA,NA,NA,NA,NA,NA,NA,NA,NA,NA,NA,NA,NA,NA,NA,NA,NA,NA,NA,NA,NA,NA,NA,NA
NA,NA,NA,NA,NA,NA,NA,NA,NA,NA,NA,NA,NA,NA,NA,NA,53,2026-02-14,14:59:01,2,1,"Scolari, Cal",822302,Right,ORE_DUC,"Butler, Jake",1000136500,Right,GEO_PAT,Undefined,2,Top,0,0,0,Fastball,Four-Seam,BallCalled,Undefined,Undefined,Undefined,0,0,NA,92.93383,-3.239999,-3.325786,2454.097471,197.752929,12:30:00,5.85485,1.23371,6.70694,-14.74666,16.61879,5.01134,1.65563,-1.3927,85.39249,-6.07124,-2.414638,0.403085,NA,NA,NA,NA,NA,NA,NA,NA,NA,NA,NA,-3.51555,9.92579,-1.01457,50,5.63309,7.63536,-134.80518,-8.01015,-6.49732,28.11074,-13.82964,ORE_DUC,GEO_PAT,PKPark,D1,BIG10,20260214-PKPark-2,c8136650-09f8-11f1-802c-cb007da271b4,93.50979,NA,NA,7.54134,NA,NA,NA,NA,NA,NA,5ce813cb-c9e8-448f-bad2-0498063e9329,2026-02-14,22:59:01,2026-02-14T22:59:01Z,2026-02-14T22:59:01Z,NA,v3,4807,471300,82de864d38834b289bdde1d759a4a8fd,"Mabeus, Burke",1000222806,Right,ORE_DUC,0fee0921-02a4-4a56-b633-ad4317ee5686,53.79077,-135.59336,14.05537,5.85224,-7.62239,-6.91482,-1.23121,7.81753,-3.24866,NA,NA,NA,NA,NA,NA,NA,NA,NA,NA,NA,NA,NA,NA,NA,NA,NA,NA,NA,NA,NA,NA,NA,NA,NA,NA,NA,NA,NA,NA,NA,NA,NA,NA,NA,NA,NA,NA,NA,NA,NA,NA,NA,NA,NA,NA,NA,NA,NA,NA,High,High,High,NA,NA,NA,NA,NA,NA,NA,NA,NA,NA,NA,NA,NA,NA,NA,NA,NA,NA,NA,NA,NA,NA,NA,NA,NA,NA,NA,NA,NA,NA,NA,NA,NA,NA,NA,NA,NA,NA,NA,NA,NA,NA,NA,NA,NA,NA,NA,NA,NA,NA,NA,NA,NA,NA,NA,NA,NA
NA,NA,NA,NA,NA,NA,NA,NA,NA,NA,NA,NA,NA,NA,NA,NA,54,2026-02-14,14:59:19,2,2,"Scolari, Cal",822302,Right,ORE_DUC,"Butler, Jake",1000136500,Right,GEO_PAT,Undefined,2,Top,0,1,0,Fastball,Four-Seam,FoulBallNotFieldable,Undefined,Undefined,Undefined,0,0,NA,93.2221,-1.400698,-2.150945,2359.926174,218.421625,01:15:00,5.70543,1.30246,6.59875,-16.03607,15.18568,11.27957,3.08469,0.27094,85.37178,-4.477904,-0.100426,0.402161,80.49652,46.360047,46.333265,4090.412112,71.2786,90.59314,83.78129,280.10127,202.08839,53.757041,5.167835,-6.54433,8.67721,-1.1601,50,5.60288,4.64641,-135.52363,-3.74864,-12.18911,29.21056,-16.0124,ORE_DUC,GEO_PAT,PKPark,D1,BIG10,20260214-PKPark-2,d2ddb2c0-09f8-11f1-802c-cb007da271b4,93.72477,100.44271,NA,7.85031,NA,NA,NA,1.14724,2.92849,-0.38182,5ce813cb-c9e8-448f-bad2-0498063e9329,2026-02-14,22:59:19,2026-02-14T22:59:19Z,2026-02-14T22:59:19Z,FlyBall,v3,4807,471300,82de864d38834b289bdde1d759a4a8fd,"Mabeus, Burke",1000222806,Right,ORE_DUC,4aacde0a-b729-4c70-aab6-aeb52daade83,53.90065,-136.36178,14.60528,5.70385,-3.28919,-8.0062,-1.29844,4.99615,-6.09456,207.210405,1.15274,56.14117,-11.20821,2.06394,0.02188,-0.1458,0.04063,-0.00479,2.1e-4,2.926,85.48205,-22.36117,2.33296,-0.43825,0.02897,0.0114,-0.00276,1.8e-4,-0.38008,58.90222,-6.12814,1.03968,-0.03337,-0.04463,0.01267,-0.00145,6e-5,NA,NA,NA,NA,NA,NA,NA,NA,NA,NA,NA,NA,NA,NA,NA,NA,NA,NA,NA,NA,NA,NA,High,High,High,High,Medium,NA,NA,NA,NA,NA,NA,NA,NA,NA,NA,NA,NA,NA,NA,NA,NA,NA,NA,NA,NA,NA,NA,NA,NA,NA,NA,NA,NA,NA,NA,NA,NA,NA,NA,NA,NA,NA,NA,NA,NA,NA,NA,NA,NA,NA,NA,NA,NA,NA,NA,NA,NA,NA,NA,NA
NA,NA,NA,NA,NA,NA,NA,NA,NA,NA,NA,NA,NA,NA,NA,NA,55,2026-02-14,15:00:14,2,3,"Scolari, Cal",822302,Right,ORE_DUC,"Butler, Jake",1000136500,Right,GEO_PAT,Undefined,2,Top,0,1,1,Slider,Slider,BallCalled,Undefined,Undefined,Undefined,0,0,NA,84.53633,-2.111265,-0.636821,2476.392501,99.20089,09:15:00,5.90417,1.22508,6.0387,-35.94415,2.50646,-8.948,0.95298,-0.11025,78.75417,-8.69809,-2.250893,0.446296,NA,NA,NA,NA,NA,NA,NA,NA,NA,NA,NA,4.50051,2.10898,-1.17046,50,5.71972,1.70196,-122.95398,-5.70289,6.96212,21.97193,-28.91155,ORE_DUC,GEO_PAT,PKPark,D1,BIG10,20260214-PKPark-2,f3b48730-09f8-11f1-802c-cb007da271b4,84.45613,NA,NA,5.78216,NA,NA,NA,NA,NA,NA,5ce813cb-c9e8-448f-bad2-0498063e9329,2026-02-14,23:00:14,2026-02-14T23:00:14Z,2026-02-14T23:00:14Z,NA,v3,4807,471300,82de864d38834b289bdde1d759a4a8fd,"Mabeus, Burke",1000222806,Right,ORE_DUC,fc61c04e-9171-40c4-a740-5d6efc7fcd30,54.46273,-123.7489,10.98596,5.90713,-4.6569,-14.45577,-1.22748,1.45007,3.48106,NA,NA,NA,NA,NA,NA,NA,NA,NA,NA,NA,NA,NA,NA,NA,NA,NA,NA,NA,NA,NA,NA,NA,NA,NA,NA,NA,NA,NA,NA,NA,NA,NA,NA,NA,NA,NA,NA,NA,NA,NA,NA,NA,NA,NA,NA,NA,NA,NA,NA,High,High,High,NA,NA,NA,NA,NA,NA,NA,NA,NA,NA,NA,NA,NA,NA,NA,NA,NA,NA,NA,NA,NA,NA,NA,NA,NA,NA,NA,NA,NA,NA,NA,NA,NA,NA,NA,NA,NA,NA,NA,NA,NA,NA,NA,NA,NA,NA,NA,NA,NA,NA,NA,NA,NA,NA,NA,NA,NA
NA,NA,NA,NA,NA,NA,NA,NA,NA,NA,NA,NA,NA,NA,NA,NA,56,2026-02-14,15:00:35,2,4,"Scolari, Cal",822302,Right,ORE_DUC,"Butler, Jake",1000136500,Right,GEO_PAT,Undefined,2,Top,0,2,1,Fastball,Four-Seam,BallCalled,Undefined,Undefined,Undefined,0,0,NA,92.59814,-0.504122,-1.41292,2418.967623,203.869006,12:45:00,5.84394,1.36615,6.60991,-14.53426,17.29513,7.18922,4.17085,0.67083,84.12252,-3.331187,-0.105437,0.406056,NA,NA,NA,NA,NA,NA,NA,NA,NA,NA,NA,-4.15799,9.52508,-1.27247,50,5.80308,3.02315,-134.56195,-1.532,-7.58163,30.70396,-14.80608,ORE_DUC,GEO_PAT,PKPark,D1,BIG10,20260214-PKPark-2,ffd6e990-09f8-11f1-802c-cb007da271b4,92.82583,NA,NA,8.47561,NA,NA,NA,NA,NA,NA,5ce813cb-c9e8-448f-bad2-0498063e9329,2026-02-14,23:00:35,2026-02-14T23:00:35Z,2026-02-14T23:00:35Z,NA,v3,4807,471300,82de864d38834b289bdde1d759a4a8fd,"Mabeus, Burke",1000222806,Right,ORE_DUC,3ec3f6b0-4ee7-431b-bb84-14fae4482190,53.88585,-135.44571,15.35198,5.84104,-1.10583,-7.40304,-1.36263,3.24137,-3.79081,NA,NA,NA,NA,NA,NA,NA,NA,NA,NA,NA,NA,NA,NA,NA,NA,NA,NA,NA,NA,NA,NA,NA,NA,NA,NA,NA,NA,NA,NA,NA,NA,NA,NA,NA,NA,NA,NA,NA,NA,NA,NA,NA,NA,NA,NA,NA,NA,NA,NA,High,High,High,NA,NA,NA,NA,NA,NA,NA,NA,NA,NA,NA,NA,NA,NA,NA,NA,NA,NA,NA,NA,NA,NA,NA,NA,NA,NA,NA,NA,NA,NA,NA,NA,NA,NA,NA,NA,NA,NA,NA,NA,NA,NA,NA,NA,NA,NA,NA,NA,NA,NA,NA,NA,NA,NA,NA,NA,NA
NA,NA,NA,NA,NA,NA,NA,NA,NA,NA,NA,NA,NA,NA,NA,NA,57,2026-02-14,15:00:53,2,5,"Scolari, Cal",822302,Right,ORE_DUC,"Butler, Jake",1000136500,Right,GEO_PAT,Undefined,2,Top,0,3,1,Fastball,Four-Seam,BallCalled,Walk,Undefined,Undefined,0,0,NA,92.82882,-2.380448,-3.067776,2384.496889,201.993648,12:45:00,5.8153,1.11942,6.79735,-14.41257,17.03131,6.46737,2.43731,-1.14418,84.74406,-5.175119,-1.889389,0.403589,NA,NA,NA,NA,NA,NA,NA,NA,NA,NA,NA,-4.28071,9.9954,-0.92263,50,5.65494,6.9677,-134.73912,-5.94713,-7.85353,29.82742,-13.83612,ORE_DUC,GEO_PAT,PKPark,D1,BIG10,20260214-PKPark-2,0a83ea00-09f9-11f1-802c-cb007da271b4,93.39309,NA,NA,8.08477,NA,NA,NA,NA,NA,NA,5ce813cb-c9e8-448f-bad2-0498063e9329,2026-02-14,23:00:53,2026-02-14T23:00:53Z,2026-02-14T23:00:53Z,NA,v3,4807,471300,82de864d38834b289bdde1d759a4a8fd,"Mabeus, Burke",1000222806,Right,ORE_DUC,38e8c5db-2268-40bf-b40e-71312557af4e,53.69994,-135.55571,14.91371,5.81257,-5.56833,-6.91806,-1.11633,7.18271,-3.92677,NA,NA,NA,NA,NA,NA,NA,NA,NA,NA,NA,NA,NA,NA,NA,NA,NA,NA,NA,NA,NA,NA,NA,NA,NA,NA,NA,NA,NA,NA,NA,NA,NA,NA,NA,NA,NA,NA,NA,NA,NA,NA,NA,NA,NA,NA,NA,NA,NA,NA,High,High,High,NA,NA,NA,NA,NA,NA,NA,NA,NA,NA,NA,NA,NA,NA,NA,NA,NA,NA,NA,NA,NA,NA,NA,NA,NA,NA,NA,NA,NA,NA,NA,NA,NA,NA,NA,NA,NA,NA,NA,NA,NA,NA,NA,NA,NA,NA,NA,NA,NA,NA,NA,NA,NA,NA,NA,NA,NA
NA,NA,NA,NA,NA,NA,NA,NA,NA,NA,NA,NA,NA,NA,NA,NA,58,2026-02-14,15:01:47,3,1,"Scolari, Cal",822302,Right,ORE_DUC,"Westley, Matthew",824016,Right,GEO_PAT,Undefined,2,Top,0,0,0,Fastball,Four-Seam,BallCalled,Undefined,Undefined,Undefined,0,0,NA,92.96484,-3.391942,-2.802306,2447.52134,190.681219,12:15:00,5.82483,1.17629,6.82027,-13.49335,17.71139,3.15839,1.59868,-1.11901,85.38398,-6.001089,-2.226442,0.402052,NA,NA,NA,NA,NA,NA,NA,NA,NA,NA,NA,-2.4189,10.59221,-0.99683,50,5.60047,6.48135,-134.91317,-8.31409,-4.47395,28.38386,-12.58281,ORE_DUC,GEO_PAT,PKPark,D1,BIG10,20260214-PKPark-2,2ac227f0-09f9-11f1-802c-cb007da271b4,93.75027,NA,NA,7.58086,NA,NA,NA,NA,NA,NA,5ce813cb-c9e8-448f-bad2-0498063e9329,2026-02-14,23:01:47,2026-02-14T23:01:47Z,2026-02-14T23:01:47Z,NA,v3,4807,471300,82de864d38834b289bdde1d759a4a8fd,"Mabeus, Burke",1000222806,Right,ORE_DUC,8382fb93-6c9e-4e3f-9190-4cee7c263edf,53.67755,-135.68468,14.19193,5.8218,-7.97207,-6.2914,-1.17465,6.60296,-2.23698,NA,NA,NA,NA,NA,NA,NA,NA,NA,NA,NA,NA,NA,NA,NA,NA,NA,NA,NA,NA,NA,NA,NA,NA,NA,NA,NA,NA,NA,NA,NA,NA,NA,NA,NA,NA,NA,NA,NA,NA,NA,NA,NA,NA,NA,NA,NA,NA,NA,NA,High,High,High,NA,NA,NA,NA,NA,NA,NA,NA,NA,NA,NA,NA,NA,NA,NA,NA,NA,NA,NA,NA,NA,NA,NA,NA,NA,NA,NA,NA,NA,NA,NA,NA,NA,NA,NA,NA,NA,NA,NA,NA,NA,NA,NA,NA,NA,NA,NA,NA,NA,NA,NA,NA,NA,NA,NA,NA,NA
NA,NA,NA,NA,NA,NA,NA,NA,NA,NA,NA,NA,NA,NA,NA,NA,59,2026-02-14,15:02:04,3,2,"Scolari, Cal",822302,Right,ORE_DUC,"Westley, Matthew",824016,Right,GEO_PAT,Undefined,2,Top,0,1,0,Fastball,Four-Seam,BallCalled,Undefined,Undefined,Undefined,0,0,NA,92.96351,-1.517446,-3.488017,2388.051303,204.491089,12:45:00,5.75558,1.44301,6.78124,-12.98701,18.24052,7.86981,3.2850799999999998,-1.08951,85.11817,-4.049184,-2.055726,0.402198,NA,NA,NA,NA,NA,NA,NA,NA,NA,NA,NA,-5.09835,10.35579,-1.21847,50,5.65119,7.92228,-135.00529,-3.87241,-9.43432,28.66902,-13.01106,ORE_DUC,GEO_PAT,PKPark,D1,BIG10,20260214-PKPark-2,3516f640-09f9-11f1-802c-cb007da271b4,93.71608,NA,NA,7.84533,NA,NA,NA,NA,NA,NA,5ce813cb-c9e8-448f-bad2-0498063e9329,2026-02-14,23:02:04,2026-02-14T23:02:04Z,2026-02-14T23:02:04Z,NA,v3,4807,471300,82de864d38834b289bdde1d759a4a8fd,"Mabeus, Burke",1000222806,Right,ORE_DUC,86dd450c-cfac-4a2a-8f6a-b6f3532acffb,53.71696,-135.79231,14.33451,5.75259,-3.51523,-6.50553,-1.4395,8.18127,-4.71716,NA,NA,NA,NA,NA,NA,NA,NA,NA,NA,NA,NA,NA,NA,NA,NA,NA,NA,NA,NA,NA,NA,NA,NA,NA,NA,NA,NA,NA,NA,NA,NA,NA,NA,NA,NA,NA,NA,NA,NA,NA,NA,NA,NA,NA,NA,NA,NA,NA,NA,High,High,High,NA,NA,NA,NA,NA,NA,NA,NA,NA,NA,NA,NA,NA,NA,NA,NA,NA,NA,NA,NA,NA,NA,NA,NA,NA,NA,NA,NA,NA,NA,NA,NA,NA,NA,NA,NA,NA,NA,NA,NA,NA,NA,NA,NA,NA,NA,NA,NA,NA,NA,NA,NA,NA,NA,NA,NA,NA
NA,NA,NA,NA,NA,NA,NA,NA,NA,NA,NA,NA,NA,NA,NA,NA,60,2026-02-14,15:03:44,3,3,"Scolari, Cal",822302,Right,ORE_DUC,"Westley, Matthew",824016,Right,GEO_PAT,Undefined,2,Top,0,2,0,Fastball,Four-Seam,BallCalled,Undefined,Undefined,Undefined,0,0,NA,94.44462,-2.693758,-4.193988,2414.574414,199.826308,12:45:00,5.68803,1.514,6.76656,-15.43895,15.17524,5.10095,1.93306,-1.89776,85.94765,-5.669209,-3.267197,0.398229,NA,NA,NA,NA,NA,NA,NA,NA,NA,NA,NA,-3.91146,9.11418,-1.24131,50,5.50527,9.82557,-136.8179,-6.84362,-7.37281,31.75869,-14.99445,ORE_DUC,GEO_PAT,PKPark,D1,BIG10,20260214-PKPark-2,70eec940-09f9-11f1-802c-cb007da271b4,94.65017,NA,NA,8.49697,NA,NA,NA,NA,NA,NA,5ce813cb-c9e8-448f-bad2-0498063e9329,2026-02-14,23:03:44,2026-02-14T23:03:44Z,2026-02-14T23:03:44Z,NA,v3,4807,471300,82de864d38834b289bdde1d759a4a8fd,"Mabeus, Burke",1000222806,Right,ORE_DUC,817d9b45-7c33-4484-9427-c8d5de52c263,53.72964,-137.68092,15.87934,5.6857,-6.43615,-7.49722,-1.51103,10.02592,-3.6864,NA,NA,NA,NA,NA,NA,NA,NA,NA,NA,NA,NA,NA,NA,NA,NA,NA,NA,NA,NA,NA,NA,NA,NA,NA,NA,NA,NA,NA,NA,NA,NA,NA,NA,NA,NA,NA,NA,NA,NA,NA,NA,NA,NA,NA,NA,NA,NA,NA,NA,High,High,High,NA,NA,NA,NA,NA,NA,NA,NA,NA,NA,NA,NA,NA,NA,NA,NA,NA,NA,NA,NA,NA,NA,NA,NA,NA,NA,NA,NA,NA,NA,NA,NA,NA,NA,NA,NA,NA,NA,NA,NA,NA,NA,NA,NA,NA,NA,NA,NA,NA,NA,NA,NA,NA,NA,NA,NA,NA
NA,NA,NA,NA,NA,NA,NA,NA,NA,NA,NA,NA,NA,NA,NA,NA,61,2026-02-14,15:04:02,3,4,"Scolari, Cal",822302,Right,ORE_DUC,"Westley, Matthew",824016,Right,GEO_PAT,Undefined,2,Top,0,3,0,Fastball,Four-Seam,StrikeCalled,Undefined,Undefined,Undefined,0,0,NA,94.51421,-1.98941,-1.229683,2401.002277,197.307083,12:30:00,5.77222,1.36525,6.62276,-12.05095,18.5117,5.45142,2.94508,0.69332,85.93477,-4.352585,-0.237848,0.397894,NA,NA,NA,NA,NA,NA,NA,NA,NA,NA,NA,-3.20181,10.59158,-1.28372,50,5.63168,2.71886,-137.28594,-5.03188,-6.07741,31.93759,-12.07005,ORE_DUC,GEO_PAT,PKPark,D1,BIG10,20260214-PKPark-2,7baa6fb0-09f9-11f1-802c-cb007da271b4,94.72991,NA,NA,8.57944,NA,NA,NA,NA,NA,NA,5ce813cb-c9e8-448f-bad2-0498063e9329,2026-02-14,23:04:02,2026-02-14T23:04:02Z,2026-02-14T23:04:02Z,NA,v3,4807,471300,82de864d38834b289bdde1d759a4a8fd,"Mabeus, Burke",1000222806,Right,ORE_DUC,a9e7b41d-0df2-4791-afce-837ef20e5646,53.87312,-138.18403,15.9688,5.76841,-4.69246,-6.03502,-1.36258,2.88976,-3.03871,NA,NA,NA,NA,NA,NA,NA,NA,NA,NA,NA,NA,NA,NA,NA,NA,NA,NA,NA,NA,NA,NA,NA,NA,NA,NA,NA,NA,NA,NA,NA,NA,NA,NA,NA,NA,NA,NA,NA,NA,NA,NA,NA,NA,NA,NA,NA,NA,NA,NA,High,High,High,NA,NA,NA,NA,NA,NA,NA,NA,NA,NA,NA,NA,NA,NA,NA,NA,NA,NA,NA,NA,NA,NA,NA,NA,NA,NA,NA,NA,NA,NA,NA,NA,NA,NA,NA,NA,NA,NA,NA,NA,NA,NA,NA,NA,NA,NA,NA,NA,NA,NA,NA,NA,NA,NA,NA,NA,NA
NA,NA,NA,NA,NA,NA,NA,NA,NA,NA,NA,NA,NA,NA,NA,NA,62,2026-02-14,15:04:21,3,5,"Scolari, Cal",822302,Right,ORE_DUC,"Westley, Matthew",824016,Right,GEO_PAT,Undefined,2,Top,0,3,1,Fastball,Four-Seam,InPlay,Undefined,Bunt,Out,1,0,NA,93.73633,-1.856696,-2.26562,2352.767386,197.93902,12:30:00,5.64763,1.59181,6.60558,-13.45804,17.64387,5.3787,2.82344,-0.03639,85.2778,-4.476035,-1.288201,0.401389,36.17935,-61.847987,-44.643661,NA,NA,NA,NA,3.36435,3.36435,-18.376355,0.060518,-3.51185,10.15654,-1.43959,50,5.51525,5.1729,-136.13893,-4.7452,-6.55243,31.51266,-13.22383,ORE_DUC,GEO_PAT,PKPark,D1,BIG10,20260214-PKPark-2,86cacb60-09f9-11f1-802c-cb007da271b4,93.90511,2.87651,NA,8.45853,NA,NA,NA,2.09761,2.87651,0.021,5ce813cb-c9e8-448f-bad2-0498063e9329,2026-02-14,23:04:21,2026-02-14T23:04:21Z,2026-02-14T23:04:21Z,GroundBall,v3,4807,471300,82de864d38834b289bdde1d759a4a8fd,"Mabeus, Burke",1000222806,Right,ORE_DUC,6066e824-5640-488f-9363-471fbdecf87b,53.89289,-137.03707,15.75633,5.64512,-4.36831,-6.61192,-1.58969,5.35966,-3.27621,NA,2.09485,18.09693,NA,NA,NA,NA,NA,NA,NA,2.88378,-47.53203,NA,NA,NA,NA,NA,NA,NA,0.02374,-17.87321,NA,NA,NA,NA,NA,NA,NA,NA,NA,NA,NA,NA,NA,NA,NA,NA,NA,NA,NA,NA,NA,NA,NA,NA,NA,NA,NA,NA,NA,High,High,High,Estimated,Estimated,NA,NA,NA,NA,NA,NA,NA,NA,NA,NA,NA,NA,NA,NA,NA,NA,NA,NA,NA,NA,NA,NA,NA,NA,NA,NA,NA,NA,NA,NA,NA,NA,NA,NA,NA,NA,NA,NA,NA,NA,NA,NA,NA,NA,NA,NA,NA,NA,NA,NA,NA,NA,NA,NA,NA
NA,NA,NA,NA,NA,NA,NA,NA,NA,NA,NA,NA,NA,NA,NA,NA,63,2026-02-14,15:05:03,4,1,"Scolari, Cal",822302,Right,ORE_DUC,"Tignor, Laken",1000091229,Right,GEO_PAT,Undefined,2,Top,1,0,0,Slider,Slider,BallCalled,Undefined,Undefined,Undefined,0,0,NA,86.39844,-3.242562,-2.163821,2603.543886,102.077885,09:30:00,5.92828,1.19709,6.1544,-34.6364,2.57914,-6.62256,0.04079,-1.35488,79.68344,-9.599944,-3.359944,0.43907,NA,NA,NA,NA,NA,NA,NA,NA,NA,NA,NA,2.85331,2.55996,-1.02917,50,5.66357,4.98525,-125.34088,-8.22593,4.52577,26.0302,-28.11354,ORE_DUC,GEO_PAT,PKPark,D1,BIG10,20260214-PKPark-2,9f892cf0-09f9-11f1-802c-cb007da271b4,85.84613,NA,NA,6.715,NA,NA,NA,NA,NA,NA,5ce813cb-c9e8-448f-bad2-0498063e9329,2026-02-14,23:05:03,2026-02-14T23:05:03Z,2026-02-14T23:05:03Z,NA,v3,4807,471300,82de864d38834b289bdde1d759a4a8fd,"Mabeus, Burke",1000222806,Right,ORE_DUC,7a7b21b3-45df-4b24-bcdb-41df46b71c52,54.34611,-126.24023,13.0151,5.931,-7.25459,-14.05677,-1.19871,4.82888,2.26289,NA,NA,NA,NA,NA,NA,NA,NA,NA,NA,NA,NA,NA,NA,NA,NA,NA,NA,NA,NA,NA,NA,NA,NA,NA,NA,NA,NA,NA,NA,NA,NA,NA,NA,NA,NA,NA,NA,NA,NA,NA,NA,NA,NA,NA,NA,NA,NA,NA,NA,High,High,High,NA,NA,NA,NA,NA,NA,NA,NA,NA,NA,NA,NA,NA,NA,NA,NA,NA,NA,NA,NA,NA,NA,NA,NA,NA,NA,NA,NA,NA,NA,NA,NA,NA,NA,NA,NA,NA,NA,NA,NA,NA,NA,NA,NA,NA,NA,NA,NA,NA,NA,NA,NA,NA,NA,NA,NA,NA
NA,NA,NA,NA,NA,NA,NA,NA,NA,NA,NA,NA,NA,NA,NA,NA,64,2026-02-14,15:05:27,4,2,"Scolari, Cal",822302,Right,ORE_DUC,"Tignor, Laken",1000091229,Right,GEO_PAT,Undefined,2,Top,1,1,0,Fastball,Four-Seam,StrikeSwinging,Undefined,Undefined,Undefined,0,0,NA,93.81234,-1.623665,-1.808916,2345.843334,197.340782,12:30:00,5.74269,1.38162,6.55268,-13.59855,17.39257,5.12087,3.11953,0.14914,85.61077,-4.260648,-0.87886,0.400673,NA,NA,NA,NA,NA,NA,NA,NA,NA,NA,NA,-3.18469,9.87245,-1.25866,50,5.62432,4.09378,-136.30245,-4.19959,-5.98191,30.39295,-13.63029,ORE_DUC,GEO_PAT,PKPark,D1,BIG10,20260214-PKPark-2,ae03d730-09f9-11f1-802c-cb007da271b4,94.07279,NA,NA,8.20156,NA,NA,NA,NA,NA,NA,5ce813cb-c9e8-448f-bad2-0498063e9329,2026-02-14,23:05:27,2026-02-14T23:05:27Z,2026-02-14T23:05:27Z,NA,v3,4807,471300,82de864d38834b289bdde1d759a4a8fd,"Mabeus, Burke",1000222806,Right,ORE_DUC,e69e1ac6-44d3-4358-81e4-c841909b7bef,53.94438,-137.17916,15.19648,5.73979,-3.80641,-6.81514,-1.37924,4.26633,-2.99095,NA,NA,NA,NA,NA,NA,NA,NA,NA,NA,NA,NA,NA,NA,NA,NA,NA,NA,NA,NA,NA,NA,NA,NA,NA,NA,NA,NA,NA,NA,NA,NA,NA,NA,NA,NA,NA,NA,NA,NA,NA,NA,NA,NA,NA,NA,NA,NA,NA,NA,High,High,High,NA,NA,NA,NA,NA,NA,NA,NA,NA,NA,NA,NA,NA,NA,NA,NA,NA,NA,NA,NA,NA,NA,NA,NA,NA,NA,NA,NA,NA,NA,NA,NA,NA,NA,NA,NA,NA,NA,NA,NA,NA,NA,NA,NA,NA,NA,NA,NA,NA,NA,NA,NA,NA,NA,NA,NA,NA
NA,NA,NA,NA,NA,NA,NA,NA,NA,NA,NA,NA,NA,NA,NA,NA,65,2026-02-14,15:05:48,4,3,"Scolari, Cal",822302,Right,ORE_DUC,"Tignor, Laken",1000091229,Right,GEO_PAT,Undefined,2,Top,1,1,1,Fastball,Four-Seam,BallCalled,Undefined,Undefined,Undefined,0,0,NA,94.18741,-3.63759,-2.629855,2433.950911,192.157569,12:30:00,5.69432,1.33366,6.63803,-13.00753,17.78749,3.61441,1.27232,-0.77433,86.02032,-6.157312,-1.972925,0.399403,NA,NA,NA,NA,NA,NA,NA,NA,NA,NA,NA,-2.64465,10.69855,-1.15726,50,5.44235,6.12588,-136.56504,-8.9985,-4.98265,30.73878,-12.01752,ORE_DUC,GEO_PAT,PKPark,D1,BIG10,20260214-PKPark-2,ba51b660-09f9-11f1-802c-cb007da271b4,94.37188,NA,NA,8.16709,NA,NA,NA,NA,NA,NA,5ce813cb-c9e8-448f-bad2-0498063e9329,2026-02-14,23:05:48,2026-02-14T23:05:48Z,2026-02-14T23:05:48Z,NA,v3,4807,471300,82de864d38834b289bdde1d759a4a8fd,"Mabeus, Burke",1000222806,Right,ORE_DUC,01354a05-7023-4dcc-ae2d-0cfaba527280,53.85918,-137.43094,15.36939,5.69107,-8.65997,-6.00876,-1.3318,6.26624,-2.49133,NA,NA,NA,NA,NA,NA,NA,NA,NA,NA,NA,NA,NA,NA,NA,NA,NA,NA,NA,NA,NA,NA,NA,NA,NA,NA,NA,NA,NA,NA,NA,NA,NA,NA,NA,NA,NA,NA,NA,NA,NA,NA,NA,NA,NA,NA,NA,NA,NA,NA,High,High,High,NA,NA,NA,NA,NA,NA,NA,NA,NA,NA,NA,NA,NA,NA,NA,NA,NA,NA,NA,NA,NA,NA,NA,NA,NA,NA,NA,NA,NA,NA,NA,NA,NA,NA,NA,NA,NA,NA,NA,NA,NA,NA,NA,NA,NA,NA,NA,NA,NA,NA,NA,NA,NA,NA,NA,NA,NA
NA,NA,NA,NA,NA,NA,NA,NA,NA,NA,NA,NA,NA,NA,NA,NA,66,2026-02-14,15:06:07,4,4,"Scolari, Cal",822302,Right,ORE_DUC,"Tignor, Laken",1000091229,Right,GEO_PAT,Undefined,2,Top,1,2,1,Fastball,Four-Seam,BallCalled,Undefined,Undefined,Undefined,0,0,NA,93.36995,-1.396279,-0.921582,2355.369388,204.799582,12:45:00,5.7017,1.36969,6.5483,-12.46887,19.06379,8.3043,3.3818,1.21653,84.47105,-3.849132,0.587369,0.404159,NA,NA,NA,NA,NA,NA,NA,NA,NA,NA,NA,-4.60925,10.72402,-1.30905,50,5.59938,1.83538,-135.61062,-3.57801,-8.49151,32.61783,-12.41741,ORE_DUC,GEO_PAT,PKPark,D1,BIG10,20260214-PKPark-2,c60ea030-09f9-11f1-802c-cb007da271b4,93.26152,NA,NA,8.8989,NA,NA,NA,NA,NA,NA,5ce813cb-c9e8-448f-bad2-0498063e9329,2026-02-14,23:06:07,2026-02-14T23:06:07Z,2026-02-14T23:06:07Z,NA,v3,4807,471300,82de864d38834b289bdde1d759a4a8fd,"Mabeus, Burke",1000222806,Right,ORE_DUC,f0e4a34e-3422-45f5-8cf1-51ca26bc3610,53.94748,-136.55679,16.30892,5.69794,-3.21781,-6.20871,-1.36586,2.0817,-4.24575,NA,NA,NA,NA,NA,NA,NA,NA,NA,NA,NA,NA,NA,NA,NA,NA,NA,NA,NA,NA,NA,NA,NA,NA,NA,NA,NA,NA,NA,NA,NA,NA,NA,NA,NA,NA,NA,NA,NA,NA,NA,NA,NA,NA,NA,NA,NA,NA,NA,NA,High,High,High,NA,NA,NA,NA,NA,NA,NA,NA,NA,NA,NA,NA,NA,NA,NA,NA,NA,NA,NA,NA,NA,NA,NA,NA,NA,NA,NA,NA,NA,NA,NA,NA,NA,NA,NA,NA,NA,NA,NA,NA,NA,NA,NA,NA,NA,NA,NA,NA,NA,NA,NA,NA,NA,NA,NA,NA,NA
NA,NA,NA,NA,NA,NA,NA,NA,NA,NA,NA,NA,NA,NA,NA,NA,67,2026-02-14,15:06:26,4,5,"Scolari, Cal",822302,Right,ORE_DUC,"Tignor, Laken",1000091229,Right,GEO_PAT,Undefined,2,Top,1,3,1,Fastball,Four-Seam,StrikeSwinging,Undefined,Undefined,Undefined,0,0,NA,93.23493,-1.304572,-2.036735,2492.83782,196.911483,12:30:00,5.74707,1.2992,6.72829,-13.17453,18.00686,5.17032,3.45601,-0.13205,85.00979,-3.877058,-1.094838,0.401901,NA,NA,NA,NA,NA,NA,NA,NA,NA,NA,NA,-3.29799,10.17186,-1.16652,50,5.65526,4.61227,-135.49517,-3.38441,-6.1164,30.26743,-13.30954,ORE_DUC,GEO_PAT,PKPark,D1,BIG10,20260214-PKPark-2,d147b400-09f9-11f1-802c-cb007da271b4,93.78536,NA,NA,8.22514,NA,NA,NA,NA,NA,NA,5ce813cb-c9e8-448f-bad2-0498063e9329,2026-02-14,23:06:26,2026-02-14T23:06:26Z,2026-02-14T23:06:26Z,NA,v3,4807,471300,82de864d38834b289bdde1d759a4a8fd,"Mabeus, Burke",1000222806,Right,ORE_DUC,1858818a-eb2d-4de0-9680-0af03ee7c565,53.76877,-136.33445,15.13371,5.74399,-3.01535,-6.65477,-1.29677,4.78187,-3.0582,NA,NA,NA,NA,NA,NA,NA,NA,NA,NA,NA,NA,NA,NA,NA,NA,NA,NA,NA,NA,NA,NA,NA,NA,NA,NA,NA,NA,NA,NA,NA,NA,NA,NA,NA,NA,NA,NA,NA,NA,NA,NA,NA,NA,NA,NA,NA,NA,NA,NA,High,High,High,NA,NA,NA,NA,NA,NA,NA,NA,NA,NA,NA,NA,NA,NA,NA,NA,NA,NA,NA,NA,NA,NA,NA,NA,NA,NA,NA,NA,NA,NA,NA,NA,NA,NA,NA,NA,NA,NA,NA,NA,NA,NA,NA,NA,NA,NA,NA,NA,NA,NA,NA,NA,NA,NA,NA,NA,NA
NA,NA,NA,NA,NA,NA,NA,NA,NA,NA,NA,NA,NA,NA,NA,NA,68,2026-02-14,15:06:47,4,6,"Scolari, Cal",822302,Right,ORE_DUC,"Tignor, Laken",1000091229,Right,GEO_PAT,Undefined,2,Top,1,3,2,Fastball,Four-Seam,StrikeCalled,Strikeout,Undefined,Undefined,0,0,NA,94.08951,-2.908763,-2.126897,2445.624867,198.15115,12:30:00,5.76745,1.32018,6.75502,-12.23264,18.46564,5.72067,2.08705,-0.14672,85.73824,-5.303149,-1.084168,0.398776,NA,NA,NA,NA,NA,NA,NA,NA,NA,NA,NA,-3.63815,10.91363,-1.18275,50,5.57148,4.84572,-136.58904,-7.21176,-6.84331,31.30367,-11.64573,ORE_DUC,GEO_PAT,PKPark,D1,BIG10,20260214-PKPark-2,ddc97470-09f9-11f1-802c-cb007da271b4,94.52045,NA,NA,8.35128,NA,NA,NA,NA,NA,NA,5ce813cb-c9e8-448f-bad2-0498063e9329,2026-02-14,23:06:47,2026-02-14T23:06:47Z,2026-02-14T23:06:47Z,NA,v3,4807,471300,82de864d38834b289bdde1d759a4a8fd,"Mabeus, Burke",1000222806,Right,ORE_DUC,f57eb87d-4ded-40d6-9436-3196bd2afafc,53.74257,-137.44409,15.65183,5.76412,-6.89366,-5.82286,-1.31766,5.03264,-3.42165,NA,NA,NA,NA,NA,NA,NA,NA,NA,NA,NA,NA,NA,NA,NA,NA,NA,NA,NA,NA,NA,NA,NA,NA,NA,NA,NA,NA,NA,NA,NA,NA,NA,NA,NA,NA,NA,NA,NA,NA,NA,NA,NA,NA,NA,NA,NA,NA,NA,NA,High,High,High,NA,NA,NA,NA,NA,NA,NA,NA,NA,NA,NA,NA,NA,NA,NA,NA,NA,NA,NA,NA,NA,NA,NA,NA,NA,NA,NA,NA,NA,NA,NA,NA,NA,NA,NA,NA,NA,NA,NA,NA,NA,NA,NA,NA,NA,NA,NA,NA,NA,NA,NA,NA,NA,NA,NA,NA,NA
NA,NA,NA,NA,NA,NA,NA,NA,NA,NA,NA,NA,NA,NA,NA,NA,69,2026-02-14,15:07:16,5,1,"Scolari, Cal",822302,Right,ORE_DUC,"Cowdrey, Vincent",1000469295,Right,GEO_PAT,Undefined,2,Top,2,0,0,Fastball,Four-Seam,StrikeSwinging,Undefined,Undefined,Undefined,0,0,NA,94.98749,-2.139817,-2.519232,2442.473133,205.82532,12:45:00,5.69975,1.28314,6.63592,-13.31414,16.91312,7.70591,2.62845,-0.38252,86.53733,-4.726363,-1.118311,0.395704,NA,NA,NA,NA,NA,NA,NA,NA,NA,NA,NA,-4.77264,9.81331,-1.11562,50,5.54914,5.75237,-137.91493,-5.48328,-9.15845,31.72563,-13.34285,ORE_DUC,GEO_PAT,PKPark,D1,BIG10,20260214-PKPark-2,ef46d760-09f9-11f1-802c-cb007da271b4,95.25405,NA,NA,8.45016,NA,NA,NA,NA,NA,NA,5ce813cb-c9e8-448f-bad2-0498063e9329,2026-02-14,23:07:16,2026-02-14T23:07:16Z,2026-02-14T23:07:16Z,NA,v3,4807,471300,82de864d38834b289bdde1d759a4a8fd,"Mabeus, Burke",1000222806,Right,ORE_DUC,6e842294-ecd1-4a19-9de6-ffc8b18156e1,53.86161,-138.8004,15.86282,5.69698,-5.11088,-6.67142,-1.27973,6.00798,-4.57923,NA,NA,NA,NA,NA,NA,NA,NA,NA,NA,NA,NA,NA,NA,NA,NA,NA,NA,NA,NA,NA,NA,NA,NA,NA,NA,NA,NA,NA,NA,NA,NA,NA,NA,NA,NA,NA,NA,NA,NA,NA,NA,NA,NA,NA,NA,NA,NA,NA,NA,High,High,High,NA,NA,NA,NA,NA,NA,NA,NA,NA,NA,NA,NA,NA,NA,NA,NA,NA,NA,NA,NA,NA,NA,NA,NA,NA,NA,NA,NA,NA,NA,NA,NA,NA,NA,NA,NA,NA,NA,NA,NA,NA,NA,NA,NA,NA,NA,NA,NA,NA,NA,NA,NA,NA,NA,NA,NA,NA
NA,NA,NA,NA,NA,NA,NA,NA,NA,NA,NA,NA,NA,NA,NA,NA,70,2026-02-14,15:07:34,5,2,"Scolari, Cal",822302,Right,ORE_DUC,"Cowdrey, Vincent",1000469295,Right,GEO_PAT,Undefined,2,Top,2,0,1,Fastball,Four-Seam,InPlay,Undefined,LineDrive,Out,1,0,NA,94.76575,-1.626419,-1.700384,2440.268313,203.385706,12:45:00,5.71727,1.30945,6.60062,-14.5206,15.6393,6.36646,3.01619,0.2818,86.92303,-4.41926,-0.542772,0.395263,98.36931,15.700207,-5.05588,2314.841101,109.53107,25.80088,-10.14556,292.11637,286.88302,-4.857099,2.904733,-3.81894,8.96024,-1.19599,50,5.6,3.83657,-137.79825,-4.30152,-7.36563,29.73307,-14.89227,ORE_DUC,GEO_PAT,PKPark,D1,BIG10,20260214-PKPark-2,fa01ba80-09f9-11f1-802c-cb007da271b4,95.36038,28.95165,NA,7.84271,NA,NA,NA,1.51649,2.9933,-0.27303,5ce813cb-c9e8-448f-bad2-0498063e9329,2026-02-14,23:07:34,2026-02-14T23:07:34Z,2026-02-14T23:07:34Z,LineDrive,v3,4807,471300,82de864d38834b289bdde1d759a4a8fd,"Mabeus, Burke",1000222806,Right,ORE_DUC,5f3bbba5-e773-4ae2-8005-2a989f018a61,53.89859,-138.6369,14.86654,5.7154,-3.88146,-7.44614,-1.30713,4.04432,-3.68281,172.650824,1.5165,138.35124,-21.62488,4.66998,-0.99071,0.19357,-0.03263,0.00397,-2.3e-4,2.9933,39.04149,-15.54517,0.69156,-0.03735,-8.8e-4,6.2e-4,3.5e-4,-7e-5,-0.27302,-12.24041,0.9624,0.39729,-0.17771,0.04417,-0.00695,5.5e-4,-1e-5,NA,NA,NA,NA,NA,NA,NA,NA,NA,NA,NA,NA,NA,NA,NA,NA,NA,NA,NA,NA,NA,NA,High,High,High,High,High,NA,NA,NA,NA,NA,NA,NA,NA,NA,NA,NA,NA,NA,NA,NA,NA,NA,NA,NA,NA,NA,NA,NA,NA,NA,NA,NA,NA,NA,NA,NA,NA,NA,NA,NA,NA,NA,NA,NA,NA,NA,NA,NA,NA,NA,NA,NA,NA,NA,NA,NA,NA,NA,NA,NA
NA,NA,NA,NA,NA,NA,NA,NA,NA,NA,NA,NA,NA,NA,NA,NA,71,2026-02-14,15:10:05,1,1,"Rumberg, Logan",1000216384,Right,GEO_PAT,"Mabeus, Burke",1000222806,Left,ORE_DUC,Undefined,2,Bottom,0,0,0,Fastball,Four-Seam,InPlay,Undefined,FlyBall,Out,1,0,NA,88.17582,-1.934127,-2.423187,2160.951798,197.769277,12:30:00,5.5567,2.00079,6.0596,-14.06686,22.04891,6.65748,2.59206,0.31147,79.75091,-4.67615,-1.226191,0.432534,88.57466,45.457087,-29.104959,4281.969127,88.957,100.11805,-64.7038,273.22103,126.03073,-43.17151,5.625384,-4.1824,12.3319,-1.81615,50,5.39893,5.13626,-127.83625,-4.6586,-6.84554,29.0376,-11.98979,ORE_DUC,GEO_PAT,PKPark,D1,BIG10,20260214-PKPark-2,541592d0-09fa-11f1-802c-cb007da271b4,87.14339,115.73778,NA,8.42491,NA,NA,NA,1.30848,2.60624,-0.3256,5ce813cb-c9e8-448f-bad2-0498063e9329,2026-02-14,23:10:05,2026-02-14T23:10:05Z,2026-02-14T23:10:05Z,FlyBall,v3,4807,471300,82de864d38834b289bdde1d759a4a8fd,"Cowdrey, Vincent",1000469295,Right,GEO_PAT,622f0d59-10d9-4074-8603-99280352a694,54.43704,-128.84017,14.5188,5.55282,-4.24407,-5.9949,-1.99782,5.37293,-3.42277,154.495972,1.3176,79.43963,-22.58981,5.34235,-0.45643,-0.17729,0.06627,-0.00862,4.1e-4,2.59689,92.73822,-22.46389,2.04893,-0.43191,0.07766,-0.0037,-8.3e-4,8e-5,-0.32459,-44.33908,2.90747,-0.01496,-0.08706,0.01739,-0.00126,0,0,NA,NA,NA,NA,NA,NA,NA,NA,NA,NA,NA,NA,NA,NA,NA,NA,NA,NA,NA,NA,NA,NA,High,High,High,High,Low,NA,NA,NA,NA,NA,NA,NA,NA,NA,NA,NA,NA,NA,NA,NA,NA,NA,NA,NA,NA,NA,NA,NA,NA,NA,NA,NA,NA,NA,NA,NA,NA,NA,NA,NA,NA,NA,NA,NA,NA,NA,NA,NA,NA,NA,NA,NA,NA,NA,NA,NA,NA,NA,NA,NA
NA,NA,NA,NA,NA,NA,NA,NA,NA,NA,NA,NA,NA,NA,NA,NA,72,2026-02-14,15:10:46,2,1,"Rumberg, Logan",1000216384,Right,GEO_PAT,"Cook, Elijah",827730,Right,ORE_DUC,Undefined,2,Bottom,1,0,0,Fastball,Four-Seam,StrikeCalled,Undefined,Undefined,Undefined,0,0,NA,88.90699,-2.158746,-2.341605,2211.010571,201.286892,12:45:00,5.62292,2.04367,5.91169,-10.93662,24.8332,9.17599,2.70531,0.63382,80.2557,-4.335845,-0.696254,0.430457,NA,NA,NA,NA,NA,NA,NA,NA,NA,NA,NA,-5.40374,13.72772,-1.86093,50,5.44336,4.87359,-128.82943,-5.07348,-8.97709,29.64036,-9.3686,ORE_DUC,GEO_PAT,PKPark,D1,BIG10,20260214-PKPark-2,6c0050b0-09fa-11f1-802c-cb007da271b4,87.56376,NA,NA,8.6513,NA,NA,NA,NA,NA,NA,5ce813cb-c9e8-448f-bad2-0498063e9329,2026-02-14,23:10:46,2026-02-14T23:10:46Z,2026-02-14T23:10:46Z,NA,v3,4807,471300,82de864d38834b289bdde1d759a4a8fd,"Cowdrey, Vincent",1000469295,Right,GEO_PAT,6058926d-43c3-466e-b568-b39317b2ac52,54.58395,-129.8798,14.82018,5.61726,-4.74149,-4.6843,-2.03927,5.19171,-4.48855,NA,NA,NA,NA,NA,NA,NA,NA,NA,NA,NA,NA,NA,NA,NA,NA,NA,NA,NA,NA,NA,NA,NA,NA,NA,NA,NA,NA,NA,NA,NA,NA,NA,NA,NA,NA,NA,NA,NA,NA,NA,NA,NA,NA,NA,NA,NA,NA,NA,NA,High,High,High,NA,NA,NA,NA,NA,NA,NA,NA,NA,NA,NA,NA,NA,NA,NA,NA,NA,NA,NA,NA,NA,NA,NA,NA,NA,NA,NA,NA,NA,NA,NA,NA,NA,NA,NA,NA,NA,NA,NA,NA,NA,NA,NA,NA,NA,NA,NA,NA,NA,NA,NA,NA,NA,NA,NA,NA,NA
NA,NA,NA,NA,NA,NA,NA,NA,NA,NA,NA,NA,NA,NA,NA,NA,73,2026-02-14,15:11:03,2,2,"Rumberg, Logan",1000216384,Right,GEO_PAT,"Cook, Elijah",827730,Right,ORE_DUC,Undefined,2,Bottom,1,0,1,Slider,Slider,StrikeCalled,Undefined,Undefined,Undefined,0,0,NA,80.95222,-0.441085,-2.056471,2064.580143,144.596668,10:45:00,5.56292,2.08496,5.81339,-32.00966,11.10426,-6.8591,2.48504,-0.39966,73.69681,-6.397386,-3.28459,0.472585,NA,NA,NA,NA,NA,NA,NA,NA,NA,NA,NA,2.8689,6.24181,-1.9124,50,5.50796,4.48471,-117.41797,-1.89197,3.97113,23.99892,-23.53416,ORE_DUC,GEO_PAT,PKPark,D1,BIG10,20260214-PKPark-2,769fe3a0-09fa-11f1-802c-cb007da271b4,79.75795,NA,NA,7.25541,NA,NA,NA,NA,NA,NA,5ce813cb-c9e8-448f-bad2-0498063e9329,2026-02-14,23:11:03,2026-02-14T23:11:03Z,2026-02-14T23:11:03Z,NA,v3,4807,471300,82de864d38834b289bdde1d759a4a8fd,"Cowdrey, Vincent",1000469295,Right,GEO_PAT,f5163fe0-6928-4084-a2b3-dca0010f2421,54.68261,-118.37117,11.99946,5.56454,-0.95723,-11.76708,-2.08739,4.32699,1.98556,NA,NA,NA,NA,NA,NA,NA,NA,NA,NA,NA,NA,NA,NA,NA,NA,NA,NA,NA,NA,NA,NA,NA,NA,NA,NA,NA,NA,NA,NA,NA,NA,NA,NA,NA,NA,NA,NA,NA,NA,NA,NA,NA,NA,NA,NA,NA,NA,NA,NA,High,High,High,NA,NA,NA,NA,NA,NA,NA,NA,NA,NA,NA,NA,NA,NA,NA,NA,NA,NA,NA,NA,NA,NA,NA,NA,NA,NA,NA,NA,NA,NA,NA,NA,NA,NA,NA,NA,NA,NA,NA,NA,NA,NA,NA,NA,NA,NA,NA,NA,NA,NA,NA,NA,NA,NA,NA,NA,NA
NA,NA,NA,NA,NA,NA,NA,NA,NA,NA,NA,NA,NA,NA,NA,NA,74,2026-02-14,15:11:23,2,3,"Rumberg, Logan",1000216384,Right,GEO_PAT,"Cook, Elijah",827730,Right,ORE_DUC,Undefined,2,Bottom,1,0,2,Curveball,Curveball,BallCalled,Undefined,Undefined,Undefined,0,0,NA,76.31509,-1.876867,-2.87209,2291.201323,34.745355000000004,07:15:00,5.4817,1.85163,5.55257,-65.66488,-16.15509,-12.37123,-1.74694,-1.86523,70.34137,-13.658129,-5.08885,0.506427,NA,NA,NA,NA,NA,NA,NA,NA,NA,NA,NA,5.46819,-7.51241,-1.59428,50,5.27451,5.98288,-110.60844,-5.73825,6.63307,23.5625,-41.28676,ORE_DUC,GEO_PAT,PKPark,D1,BIG10,20260214-PKPark-2,82555360-09fa-11f1-802c-cb007da271b4,74.42816,NA,NA,5.97372,NA,NA,NA,NA,NA,NA,5ce813cb-c9e8-448f-bad2-0498063e9329,2026-02-14,23:11:23,2026-02-14T23:11:23Z,2026-02-14T23:11:23Z,NA,v3,4807,471300,82de864d38834b289bdde1d759a4a8fd,"Cowdrey, Vincent",1000469295,Right,GEO_PAT,a932ca7a-01bc-4bbc-91a4-ef195eb8ec97,54.95143,-111.65824,11.78125,5.4892,-3.89876,-20.64338,-1.85426,5.68735,3.31653,NA,NA,NA,NA,NA,NA,NA,NA,NA,NA,NA,NA,NA,NA,NA,NA,NA,NA,NA,NA,NA,NA,NA,NA,NA,NA,NA,NA,NA,NA,NA,NA,NA,NA,NA,NA,NA,NA,NA,NA,NA,NA,NA,NA,NA,NA,NA,NA,NA,NA,High,High,High,NA,NA,NA,NA,NA,NA,NA,NA,NA,NA,NA,NA,NA,NA,NA,NA,NA,NA,NA,NA,NA,NA,NA,NA,NA,NA,NA,NA,NA,NA,NA,NA,NA,NA,NA,NA,NA,NA,NA,NA,NA,NA,NA,NA,NA,NA,NA,NA,NA,NA,NA,NA,NA,NA,NA,NA,NA
NA,NA,NA,NA,NA,NA,NA,NA,NA,NA,NA,NA,NA,NA,NA,NA,75,2026-02-14,15:11:47,2,4,"Rumberg, Logan",1000216384,Right,GEO_PAT,"Cook, Elijah",827730,Right,ORE_DUC,Undefined,2,Bottom,1,1,2,Cutter,Slider,BallCalled,Undefined,Undefined,Undefined,0,0,NA,81.11867,-2.603333,-3.220231,2020.391983,178.464565,12:00:00,5.39303,2.01684,5.85578,-33.50459,9.6815,-0.21858,0.17672,-0.99646,73.85843,-8.797487,-3.259396,0.472981,NA,NA,NA,NA,NA,NA,NA,NA,NA,NA,NA,-0.90484,6.2139,-1.75506,50,5.16182,6.61467,-117.41894,-6.38239,-1.2469,24.91473,-23.61098,ORE_DUC,GEO_PAT,PKPark,D1,BIG10,20260214-PKPark-2,908782f0-09fa-11f1-802c-cb007da271b4,79.69129,NA,NA,7.26023,NA,NA,NA,NA,NA,NA,5ce813cb-c9e8-448f-bad2-0498063e9329,2026-02-14,23:11:47,2026-02-14T23:11:47Z,2026-02-14T23:11:47Z,NA,v3,4807,471300,82de864d38834b289bdde1d759a4a8fd,"Cowdrey, Vincent",1000469295,Right,GEO_PAT,27cb44ac-86f5-4879-8bcb-8bbfd952933a,54.64128,-118.39966,12.45737,5.39476,-5.45299,-11.80549,-2.0164,6.66375,-0.62345,NA,NA,NA,NA,NA,NA,NA,NA,NA,NA,NA,NA,NA,NA,NA,NA,NA,NA,NA,NA,NA,NA,NA,NA,NA,NA,NA,NA,NA,NA,NA,NA,NA,NA,NA,NA,NA,NA,NA,NA,NA,NA,NA,NA,NA,NA,NA,NA,NA,NA,High,High,High,NA,NA,NA,NA,NA,NA,NA,NA,NA,NA,NA,NA,NA,NA,NA,NA,NA,NA,NA,NA,NA,NA,NA,NA,NA,NA,NA,NA,NA,NA,NA,NA,NA,NA,NA,NA,NA,NA,NA,NA,NA,NA,NA,NA,NA,NA,NA,NA,NA,NA,NA,NA,NA,NA,NA,NA,NA
NA,NA,NA,NA,NA,NA,NA,NA,NA,NA,NA,NA,NA,NA,NA,NA,76,2026-02-14,15:12:10,2,5,"Rumberg, Logan",1000216384,Right,GEO_PAT,"Cook, Elijah",827730,Right,ORE_DUC,Undefined,2,Bottom,1,2,2,Slider,Slider,BallCalled,Undefined,Undefined,Undefined,0,0,NA,79.262,-0.671613,-2.696731,2025.402833,97.277294,09:15:00,5.36704,2.11384,5.37388,-43.2177,1.93091,-4.78792,1.13519,-0.81525,73.42686,-8.512474,-3.547518,0.483608,NA,NA,NA,NA,NA,NA,NA,NA,NA,NA,NA,1.71563,1.51543,-1.86854,50,5.27593,5.60516,-115.04824,-2.81961,2.31192,20.25971,-30.13188,ORE_DUC,GEO_PAT,PKPark,D1,BIG10,20260214-PKPark-2,9e916a00-09fa-11f1-802c-cb007da271b4,77.94007,NA,NA,5.83514,NA,NA,NA,NA,NA,NA,5ce813cb-c9e8-448f-bad2-0498063e9329,2026-02-14,23:12:10,2026-02-14T23:12:10Z,2026-02-14T23:12:10Z,NA,v3,4807,471300,82de864d38834b289bdde1d759a4a8fd,"Cowdrey, Vincent",1000469295,Right,GEO_PAT,0f676de8-8408-4b08-a4e6-08b5217a9cbe,55.12632,-115.94745,10.12986,5.3714,-1.48222,-15.06594,-2.11505,5.50255,1.15596,NA,NA,NA,NA,NA,NA,NA,NA,NA,NA,NA,NA,NA,NA,NA,NA,NA,NA,NA,NA,NA,NA,NA,NA,NA,NA,NA,NA,NA,NA,NA,NA,NA,NA,NA,NA,NA,NA,NA,NA,NA,NA,NA,NA,NA,NA,NA,NA,NA,NA,High,High,High,NA,NA,NA,NA,NA,NA,NA,NA,NA,NA,NA,NA,NA,NA,NA,NA,NA,NA,NA,NA,NA,NA,NA,NA,NA,NA,NA,NA,NA,NA,NA,NA,NA,NA,NA,NA,NA,NA,NA,NA,NA,NA,NA,NA,NA,NA,NA,NA,NA,NA,NA,NA,NA,NA,NA,NA,NA
NA,NA,NA,NA,NA,NA,NA,NA,NA,NA,NA,NA,NA,NA,NA,NA,77,2026-02-14,15:12:32,2,6,"Rumberg, Logan",1000216384,Right,GEO_PAT,"Cook, Elijah",827730,Right,ORE_DUC,Undefined,2,Bottom,1,3,2,Cutter,Slider,StrikeSwinging,Strikeout,Undefined,Undefined,0,0,NA,81.17596,-1.163425,-1.997381,2042.598954,172.320123,11:45:00,5.37129,2.12418,5.80217,-33.46596,9.05154,-1.04185,1.49963,0.17896,74.63455,-7.344244,-2.18407,0.46930500000000003,NA,NA,NA,NA,NA,NA,NA,NA,NA,NA,NA,-0.01803,5.34894,-1.9595,50,5.25575,4.15013,-117.84684,-3.45222,-0.0254,22.21152,-24.64529,ORE_DUC,GEO_PAT,PKPark,D1,BIG10,20260214-PKPark-2,ab5f0080-09fa-11f1-802c-cb007da271b4,80.31542,NA,NA,6.54141,NA,NA,NA,NA,NA,NA,5ce813cb-c9e8-448f-bad2-0498063e9329,2026-02-14,23:12:32,2026-02-14T23:12:32Z,2026-02-14T23:12:32Z,NA,v3,4807,471300,82de864d38834b289bdde1d759a4a8fd,"Cowdrey, Vincent",1000469295,Right,GEO_PAT,c06fd003-7995-4751-9e8e-d111af11500d,54.69564,-118.72857,11.10576,5.37337,-2.47388,-12.32264,-2.12427,4.15114,-0.0127,NA,NA,NA,NA,NA,NA,NA,NA,NA,NA,NA,NA,NA,NA,NA,NA,NA,NA,NA,NA,NA,NA,NA,NA,NA,NA,NA,NA,49.04814,2.44893,0.969779,1.47915,0.13008,1.3318,-0.12985,-5.5061,3.89588,4.50764,64.53967,8.4971,60.24516,-5.36851,52.94061,-3.82917,4.02554,25.36643,-15.09235,4.51952,39.33029,-1.11926,High,High,High,NA,NA,High,High,High,NA,NA,NA,NA,NA,NA,NA,NA,NA,NA,NA,NA,NA,NA,NA,NA,NA,NA,NA,NA,NA,NA,NA,NA,NA,NA,NA,NA,NA,NA,NA,NA,NA,NA,NA,NA,NA,NA,NA,NA,NA,NA,NA,NA,NA,NA,NA,NA,NA,NA,NA,NA
NA,NA,NA,NA,NA,NA,NA,NA,NA,NA,NA,NA,NA,NA,NA,NA,78,2026-02-14,15:13:22,3,1,"Rumberg, Logan",1000216384,Right,GEO_PAT,"Brooks, Jack",809865,Left,ORE_DUC,Undefined,2,Bottom,2,0,0,Fastball,Four-Seam,StrikeCalled,Undefined,Undefined,Undefined,0,0,NA,90.20046,-3.455813,-1.747594,2294.480563,196.563663,12:30:00,5.62587,1.92003,6.01572,-9.69123,24.8471,7.02965,1.61173,0.88651,81.78524,-5.391805,-0.484061,0.422982,NA,NA,NA,NA,NA,NA,NA,NA,NA,NA,NA,-4.13351,14.16115,-1.78679,50,5.34923,3.68867,-130.68857,-8.07091,-7.09132,29.60952,-7.87958,ORE_DUC,GEO_PAT,PKPark,D1,BIG10,20260214-PKPark-2,c907ed90-09fa-11f1-802c-cb007da271b4,89.11119,NA,NA,8.41521,NA,NA,NA,NA,NA,NA,5ce813cb-c9e8-448f-bad2-0498063e9329,2026-02-14,23:13:22,2026-02-14T23:13:22Z,2026-02-14T23:13:22Z,NA,v3,4807,471300,82de864d38834b289bdde1d759a4a8fd,"Cowdrey, Vincent",1000469295,Right,GEO_PAT,6fb7a86c-1d33-4a06-a835-6f32d5fafafd,54.48101,-131.6999,14.80476,5.6203,-7.80178,-3.93979,-1.91691,3.93088,-3.54566,NA,NA,NA,NA,NA,NA,NA,NA,NA,NA,NA,NA,NA,NA,NA,NA,NA,NA,NA,NA,NA,NA,NA,NA,NA,NA,NA,NA,NA,NA,NA,NA,NA,NA,NA,NA,NA,NA,NA,NA,NA,NA,NA,NA,NA,NA,NA,NA,NA,NA,High,High,High,NA,NA,NA,NA,NA,NA,NA,NA,NA,NA,NA,NA,NA,NA,NA,NA,NA,NA,NA,NA,NA,NA,NA,NA,NA,NA,NA,NA,NA,NA,NA,NA,NA,NA,NA,NA,NA,NA,NA,NA,NA,NA,NA,NA,NA,NA,NA,NA,NA,NA,NA,NA,NA,NA,NA,NA,NA
NA,NA,NA,NA,NA,NA,NA,NA,NA,NA,NA,NA,NA,NA,NA,NA,79,2026-02-14,15:13:39,3,2,"Rumberg, Logan",1000216384,Right,GEO_PAT,"Brooks, Jack",809865,Left,ORE_DUC,Undefined,2,Bottom,2,0,1,Curveball,Curveball,BallCalled,Undefined,Undefined,Undefined,0,0,NA,77.23026,-1.555175,-1.763151,2383.44355,22.579106,06:45:00,5.45121,2.07581,5.6667,-63.5283,-15.72934,-7.19481,-1.29391,-0.16825,71.26941,-13.012427,-3.056871,0.4976,NA,NA,NA,NA,NA,NA,NA,NA,NA,NA,NA,3.1724,-7.38626,-1.92197,50,5.2785,3.70558,-112.10576,-5.095,3.97562,23.15104,-41.43051,ORE_DUC,GEO_PAT,PKPark,D1,BIG10,20260214-PKPark-2,d376faa0-09fa-11f1-802c-cb007da271b4,75.74841,NA,NA,5.96085,NA,NA,NA,NA,NA,NA,5ce813cb-c9e8-448f-bad2-0498063e9329,2026-02-14,23:13:39,2026-02-14T23:13:39Z,2026-02-14T23:13:39Z,NA,v3,4807,471300,82de864d38834b289bdde1d759a4a8fd,"Cowdrey, Vincent",1000469295,Right,GEO_PAT,edc37780-b410-47bd-a483-81fd06f2821e,54.83707,-113.10026,11.57552,5.45914,-3.31528,-20.71526,-2.07748,3.5348,1.98781,NA,NA,NA,NA,NA,NA,NA,NA,NA,NA,NA,NA,NA,NA,NA,NA,NA,NA,NA,NA,NA,NA,NA,NA,NA,NA,NA,NA,NA,NA,NA,NA,NA,NA,NA,NA,NA,NA,NA,NA,NA,NA,NA,NA,NA,NA,NA,NA,NA,NA,High,High,High,NA,NA,NA,NA,NA,NA,NA,NA,NA,NA,NA,NA,NA,NA,NA,NA,NA,NA,NA,NA,NA,NA,NA,NA,NA,NA,NA,NA,NA,NA,NA,NA,NA,NA,NA,NA,NA,NA,NA,NA,NA,NA,NA,NA,NA,NA,NA,NA,NA,NA,NA,NA,NA,NA,NA,NA,NA
NA,NA,NA,NA,NA,NA,NA,NA,NA,NA,NA,NA,NA,NA,NA,NA,80,2026-02-14,15:14:03,3,3,"Rumberg, Logan",1000216384,Right,GEO_PAT,"Brooks, Jack",809865,Left,ORE_DUC,Undefined,2,Bottom,2,1,1,Fastball,Four-Seam,InPlay,Undefined,GroundBall,Single,0,0,NA,90.63125,-2.567448,-3.213185,2227.888043,201.035923,12:45:00,5.54226,1.95869,6.02693,-13.65642,20.75729,7.49922,2.02113,-0.39529,81.71069,-5.227389,-1.867061,0.422218,52.97725,-54.180829,22.104258,NA,NA,NA,NA,3.39545,1.91891,16.038538,0.032623,-4.89866,11.87666,-1.71132,50,5.33384,7.04929,-131.21069,-6.23596,-8.41631,31.51337,-11.76896,ORE_DUC,GEO_PAT,PKPark,D1,BIG10,20260214-PKPark-2,e1930a20-09fa-11f1-802c-cb007da271b4,89.27237,2.06637,NA,8.92056,NA,NA,NA,1.88153,2.06637,0.37692,5ce813cb-c9e8-448f-bad2-0498063e9329,2026-02-14,23:14:03,2026-02-14T23:14:03Z,2026-02-14T23:14:03Z,GroundBall,v3,4807,471300,82de864d38834b289bdde1d759a4a8fd,"Cowdrey, Vincent",1000469295,Right,GEO_PAT,32d8a195-cf7d-4723-87bb-d5050fe28bbb,54.46985,-132.27987,15.75669,5.53864,-5.83667,-5.88448,-1.95533,7.33484,-4.20815,NA,1.88034,42.35579,NA,NA,NA,NA,NA,NA,NA,2.06815,-63.34194,NA,NA,NA,NA,NA,NA,NA,0.37643,17.20257,NA,NA,NA,NA,NA,NA,NA,NA,NA,NA,NA,NA,NA,NA,NA,NA,NA,NA,NA,NA,NA,NA,NA,NA,NA,NA,NA,NA,NA,High,High,High,Estimated,Estimated,NA,NA,NA,NA,NA,NA,NA,NA,NA,NA,NA,NA,NA,NA,NA,NA,NA,NA,NA,NA,NA,NA,NA,NA,NA,NA,NA,NA,NA,NA,NA,NA,NA,NA,NA,NA,NA,NA,NA,NA,NA,NA,NA,NA,NA,NA,NA,NA,NA,NA,NA,NA,NA,NA,NA
NA,NA,NA,NA,NA,NA,NA,NA,NA,NA,NA,NA,NA,NA,NA,NA,81,2026-02-14,15:14:45,4,1,"Rumberg, Logan",1000216384,Right,GEO_PAT,"Cooney, Ryan",807721,Right,ORE_DUC,Undefined,2,Bottom,2,0,0,Slider,Slider,StrikeCalled,Undefined,Undefined,Undefined,0,0,NA,79.6963,0.067164,-1.651151,2123.185676,114.848795,09:45:00,5.50516,2.13555,5.73211,-39.61006,5.62445,-8.44449,2.2669,-0.10624,71.66512,-7.281355,-3.162119,0.484068,NA,NA,NA,NA,NA,NA,NA,NA,NA,NA,NA,3.69473,3.36236,-1.99281,50,5.48699,3.66355,-115.44241,-1.12948,4.87029,26.13942,-27.74188,ORE_DUC,GEO_PAT,PKPark,D1,BIG10,20260214-PKPark-2,fac5d860-09fa-11f1-802c-cb007da271b4,77.866,NA,NA,8.03118,NA,NA,NA,NA,NA,NA,5ce813cb-c9e8-448f-bad2-0498063e9329,2026-02-14,23:14:45,2026-02-14T23:14:45Z,2026-02-14T23:14:45Z,NA,v3,4807,471300,82de864d38834b289bdde1d759a4a8fd,"Cowdrey, Vincent",1000469295,Right,GEO_PAT,448f12b8-9c4f-4d7a-85c3-06901ddbc8b0,54.76199,-116.51567,13.06971,5.50998,0.00957,-13.87094,-2.13912,3.46358,2.43514,NA,NA,NA,NA,NA,NA,NA,NA,NA,NA,NA,NA,NA,NA,NA,NA,NA,NA,NA,NA,NA,NA,NA,NA,NA,NA,NA,NA,NA,NA,NA,NA,NA,NA,NA,NA,NA,NA,NA,NA,NA,NA,NA,NA,NA,NA,NA,NA,NA,NA,High,High,High,NA,NA,NA,NA,NA,NA,NA,NA,NA,NA,NA,NA,NA,NA,NA,NA,NA,NA,NA,NA,NA,NA,NA,NA,NA,NA,NA,NA,NA,NA,NA,NA,NA,NA,NA,NA,NA,NA,NA,NA,NA,NA,NA,NA,NA,NA,NA,NA,NA,NA,NA,NA,NA,NA,NA,NA,NA
NA,NA,NA,NA,NA,NA,NA,NA,NA,NA,NA,NA,NA,NA,NA,NA,82,2026-02-14,15:15:03,4,2,"Rumberg, Logan",1000216384,Right,GEO_PAT,"Cooney, Ryan",807721,Right,ORE_DUC,Undefined,2,Bottom,2,0,1,Fastball,Four-Seam,InPlay,Undefined,Popup,Single,0,0,NA,88.54371,-2.087291,-2.283285,2093.535861,201.233805,12:45:00,5.55437,2.01814,6.15334,-15.59202,20.06308,7.31087,2.32418,0.51671,80.2017,-5.101322,-0.965986,0.429766,89.08497,69.81549,-15.703748,NA,NA,NA,NA,NA,114.66135,NA,NA,-4.49315,11.3919,-1.84831,50,5.3876,4.82422,-128.40969,-5.08314,-7.42517,29.13642,-13.34824,ORE_DUC,GEO_PAT,PKPark,D1,BIG10,20260214-PKPark-2,05857670-09fb-11f1-802c-cb007da271b4,87.70453,134.81606,NA,8.34201,NA,NA,NA,2.05637,2.08843,-0.51008,5ce813cb-c9e8-448f-bad2-0498063e9329,2026-02-14,23:15:03,2026-02-14T23:15:03Z,2026-02-14T23:15:03Z,NA,v3,4807,471300,82de864d38834b289bdde1d759a4a8fd,"Cowdrey, Vincent",1000469295,Right,GEO_PAT,47b2cd6d-48d8-459f-9058-aa5e6a73468a,54.34386,-129.39157,14.56821,5.55132,-4.63331,-6.67412,-2.0151,5.07444,-3.71259,185.710527,2.05639,43.39683,-14.78837,4.13795,-0.34082,-0.79957,0.75208,-0.3012,0.04688,2.08842,122.63464,-28.82876,3.69779,-0.93616,0.49217,-0.30703,0.11362,-0.0174,-0.51009,-12.20036,7.06254,-2.10639,0.13849,0.49118,-0.45262,0.18079,-0.02813,NA,NA,NA,NA,NA,NA,NA,NA,NA,NA,NA,NA,NA,NA,NA,NA,NA,NA,NA,NA,NA,NA,High,High,High,High,Undefined,NA,NA,NA,NA,NA,NA,NA,NA,NA,NA,NA,NA,NA,NA,NA,NA,NA,NA,NA,NA,NA,NA,NA,NA,NA,NA,NA,NA,NA,NA,NA,NA,NA,NA,NA,NA,NA,NA,NA,NA,NA,NA,NA,NA,NA,NA,NA,NA,NA,NA,NA,NA,NA,NA,NA
NA,NA,NA,NA,NA,NA,NA,NA,NA,NA,NA,NA,NA,NA,NA,NA,83,2026-02-14,15:15:48,5,1,"Rumberg, Logan",1000216384,Right,GEO_PAT,"Laya, Angel",824337,Left,ORE_DUC,Undefined,2,Bottom,2,0,0,Fastball,Four-Seam,StrikeCalled,Undefined,Undefined,Undefined,0,0,NA,89.76954,-2.905734,-2.163586,2172.106325,198.821601,12:45:00,5.4610900000000004,2.12083,5.99704,-11.44091,23.4945,7.58622,1.81088,0.74719,81.25713,-5.162202,-0.800852,0.425407,NA,NA,NA,NA,NA,NA,NA,NA,NA,NA,NA,-4.5541,13.31461,-1.95458,50,5.22577,4.59225,-130.07329,-6.85192,-7.72566,29.78262,-9.58686,ORE_DUC,GEO_PAT,PKPark,D1,BIG10,20260214-PKPark-2,2043edc0-09fb-11f1-802c-cb007da271b4,88.60328,NA,NA,8.5124,NA,NA,NA,NA,NA,NA,5ce813cb-c9e8-448f-bad2-0498063e9329,2026-02-14,23:15:48,2026-02-14T23:15:48Z,2026-02-14T23:15:48Z,NA,v3,4807,471300,82de864d38834b289bdde1d759a4a8fd,"Cowdrey, Vincent",1000469295,Right,GEO_PAT,a342eba5-762b-4332-a784-8a593ec9c606,54.49944,-131.09948,14.89131,5.45616,-6.5216,-4.79343,-2.1174,4.85845,-3.86283,NA,NA,NA,NA,NA,NA,NA,NA,NA,NA,NA,NA,NA,NA,NA,NA,NA,NA,NA,NA,NA,NA,NA,NA,NA,NA,NA,NA,NA,NA,NA,NA,NA,NA,NA,NA,NA,NA,NA,NA,NA,NA,NA,NA,NA,NA,NA,NA,NA,NA,High,High,High,NA,NA,NA,NA,NA,NA,NA,NA,NA,NA,NA,NA,NA,NA,NA,NA,NA,NA,NA,NA,NA,NA,NA,NA,NA,NA,NA,NA,NA,NA,NA,NA,NA,NA,NA,NA,NA,NA,NA,NA,NA,NA,NA,NA,NA,NA,NA,NA,NA,NA,NA,NA,NA,NA,NA,NA,NA
NA,NA,NA,NA,NA,NA,NA,NA,NA,NA,NA,NA,NA,NA,NA,NA,84,2026-02-14,15:16:05,5,2,"Rumberg, Logan",1000216384,Right,GEO_PAT,"Laya, Angel",824337,Left,ORE_DUC,Undefined,2,Bottom,2,0,1,Fastball,Four-Seam,FoulBallNotFieldable,Undefined,Undefined,Undefined,0,0,NA,89.8047,-1.363505,-2.18601,2127.947966,205.045977,12:45:00,5.48334,2.20402,6.07156,-15.15765,19.4404,8.54268,2.95735,0.89213,81.59589,-4.286267,-0.649019,0.423348,74.08687,12.958975,-169.757063,5978.375549,-107.88651,7.66384,-21.45894,139.67247,50.43505,-168.822711,1.579363,-5.05488,10.77205,-2.03927,50,5.36964,4.62051,-130.33181,-3.508,-8.64415,28.87857,-13.75327,ORE_DUC,GEO_PAT,PKPark,D1,BIG10,20260214-PKPark-2,2a609510-09fb-11f1-802c-cb007da271b4,89.03427,11.29204,NA,8.20881,NA,NA,NA,1.39658,2.91741,-0.89589,5ce813cb-c9e8-448f-bad2-0498063e9329,2026-02-14,23:16:05,2026-02-14T23:16:05Z,2026-02-14T23:16:05Z,LineDrive,v3,4807,471300,82de864d38834b289bdde1d759a4a8fd,"Cowdrey, Vincent",1000469295,Right,GEO_PAT,1ed63741-81f5-46f1-9fbb-a4e2cd64ec10,54.42601,-131.30885,14.43929,5.48046,-3.04268,-6.87664,-2.20054,4.91296,-4.32208,269.371661,1.3966,-104.20826,11.390930000000001,-1.01305,0.86727,-1.04817,0.82959,-0.34153,0.05531,2.91742,24.36646,-18.72636,1.4941,0.03049,-0.29317,0.26588,-0.10878,0.01693,-0.89589,-18.83089,1.11916,0.15302,0.16027,-0.25531,0.21035,-0.08664,0.0139,NA,NA,NA,NA,NA,NA,NA,NA,NA,NA,NA,NA,NA,NA,NA,NA,NA,NA,NA,NA,NA,NA,High,High,High,High,Low,NA,NA,NA,NA,NA,NA,NA,NA,NA,NA,NA,NA,NA,NA,NA,NA,NA,NA,NA,NA,NA,NA,NA,NA,NA,NA,NA,NA,NA,NA,NA,NA,NA,NA,NA,NA,NA,NA,NA,NA,NA,NA,NA,NA,NA,NA,NA,NA,NA,NA,NA,NA,NA,NA,NA
NA,NA,NA,NA,NA,NA,NA,NA,NA,NA,NA,NA,NA,NA,NA,NA,85,2026-02-14,15:16:26,5,3,"Rumberg, Logan",1000216384,Right,GEO_PAT,"Laya, Angel",824337,Left,ORE_DUC,Undefined,2,Bottom,2,0,2,Fastball,Four-Seam,BallCalled,Undefined,Undefined,StolenBase,0,1,NA,90.3953,1.441376,-1.678577,2199.320856,194.416781,12:30:00,5.50352,2.09456,6.07496,-13.87898,20.95808,5.04008,5.68147,0.96097,80.31154,-1.304532,-0.771714,0.424807,NA,NA,NA,NA,NA,NA,NA,NA,NA,NA,NA,-3.15288,10.58969,-1.96713,50,5.60752,3.61164,-130.88735,2.98575,-5.32728,34.31592,-14.28106,ORE_DUC,GEO_PAT,PKPark,D1,BIG10,20260214-PKPark-2,36b7c310-09fb-11f1-802c-cb007da271b4,88.72832,NA,NA,10.08376,NA,NA,NA,NA,NA,NA,5ce813cb-c9e8-448f-bad2-0498063e9329,2026-02-14,23:16:26,2026-02-14T23:16:26Z,2026-02-14T23:16:26Z,NA,v3,4807,471300,82de864d38834b289bdde1d759a4a8fd,"Cowdrey, Vincent",1000469295,Right,GEO_PAT,ccb99ea7-131e-45e7-b3ea-4f86d23b7dbf,54.41635,-132.04014,17.15796,5.49916,3.4655,-7.14053,-2.09147,3.7906,-2.66364,NA,NA,NA,NA,NA,NA,NA,NA,NA,NA,NA,NA,NA,NA,NA,NA,NA,NA,NA,NA,NA,NA,NA,NA,NA,NA,NA,NA,76.49471,2.225119,1.384397,0.840723,-1.53376,5.6092,-0.92252,3.16815,5.67885,-2.93551,64.94354,10.56603,-59.83507,3.38594,78.6525,-6.42825,5.73717,15.7933,-11.94817,-3.22575,-73.85729,7.71364,High,High,High,NA,NA,High,High,High,NA,NA,NA,NA,NA,NA,NA,NA,NA,NA,NA,NA,NA,NA,NA,NA,NA,NA,NA,NA,NA,NA,NA,NA,NA,NA,NA,NA,NA,NA,NA,NA,NA,NA,NA,NA,NA,NA,NA,NA,NA,NA,NA,NA,NA,NA,NA,NA,NA,NA,NA,NA
NA,NA,NA,NA,NA,NA,NA,NA,NA,NA,NA,NA,NA,NA,NA,NA,86,2026-02-14,15:17:00,5,4,"Rumberg, Logan",1000216384,Right,GEO_PAT,"Laya, Angel",824337,Left,ORE_DUC,Undefined,2,Bottom,2,1,2,Fastball,Four-Seam,FoulBallNotFieldable,Undefined,Undefined,Undefined,0,0,NA,90.84789,-0.489162,-2.645521,2198.58868,200.096921,12:45:00,5.55833,2.05408,5.92015,-11.40083,23.07403,7.96965,4.15383,0.26148,81.31674,-2.762919,-1.216887,0.422593,70.91256,42.673431,-157.306507,2313.748576,-103.48254,53.36723,-37.30078,217.13375,79.74271,-162.240314,3.275645,-4.97311,12.35056,-1.84674,50,5.51292,5.7345,-131.61258,-1.3685,-8.55003,33.09562,-10.94031,ORE_DUC,GEO_PAT,PKPark,D1,BIG10,20260214-PKPark-2,4b73af30-09fb-11f1-802c-cb007da271b4,89.19314,53.47341,NA,9.53116,NA,NA,NA,1.36562,4.17227,-0.26854,5ce813cb-c9e8-448f-bad2-0498063e9329,2026-02-14,23:17:00,2026-02-14T23:17:00Z,2026-02-14T23:17:00Z,FlyBall,v3,4807,471300,82de864d38834b289bdde1d759a4a8fd,"Cowdrey, Vincent",1000469295,Right,GEO_PAT,748428f9-5143-4964-b3a3-e146ee40899a,54.57545,-132.75814,16.54781,5.55374,-0.98982,-5.47015,-2.05035,6.03045,-4.27501,19.896855,1.36618,-70.56828,4.3322,-1.35043,0.62433,-0.30083,0.08943,-0.01411,9.2e-4,4.17253,70.48668,-29.94931,4.25676,-0.79944,0.08106,0.00534,-0.00302,2.9e-4,-0.26793,-29.52415,5.65223,-1.69032,0.73519,-0.34309,0.1017,-0.01622,0.00108,NA,NA,NA,NA,NA,NA,NA,NA,NA,NA,NA,NA,NA,NA,NA,NA,NA,NA,NA,NA,NA,NA,High,High,High,High,Low,NA,NA,NA,NA,NA,NA,NA,NA,NA,NA,NA,NA,NA,NA,NA,NA,NA,NA,NA,NA,NA,NA,NA,NA,NA,NA,NA,NA,NA,NA,NA,NA,NA,NA,NA,NA,NA,NA,NA,NA,NA,NA,NA,NA,NA,NA,NA,NA,NA,NA,NA,NA,NA,NA,NA
NA,NA,NA,NA,NA,NA,NA,NA,NA,NA,NA,NA,NA,NA,NA,NA,87,2026-02-14,15:17:22,5,5,"Rumberg, Logan",1000216384,Right,GEO_PAT,"Laya, Angel",824337,Left,ORE_DUC,Undefined,2,Bottom,2,1,2,Curveball,Curveball,FoulBallNotFieldable,Undefined,Undefined,Undefined,0,0,NA,76.31792,2.820136,-0.927125,2329.049483,40.182694,07:15:00,5.44376,2.05133,5.66348,-61.79141,-13.40576,-12.55371,2.9266200000000002,0.14061,70.24316,-8.435784,-3.171942,0.500645,NA,NA,NA,NA,NA,NA,NA,NA,NA,NA,NA,6.15764,-7.26575,-1.96465,50,5.64255,2.25168,-110.84775,3.45082,7.65233,20.03333,-41.20343,ORE_DUC,GEO_PAT,PKPark,D1,BIG10,20260214-PKPark-2,587e0090-09fb-11f1-802c-cb007da271b4,75.28778,NA,NA,6.07476,NA,NA,NA,NA,NA,NA,5ce813cb-c9e8-448f-bad2-0498063e9329,2026-02-14,23:17:22,2026-02-14T23:17:22Z,2026-02-14T23:17:22Z,NA,v3,4807,471300,82de864d38834b289bdde1d759a4a8fd,"Cowdrey, Vincent",1000469295,Right,GEO_PAT,af8212c2-f2a4-4cc1-86d3-b1b6e1f251fb,54.84044,-111.71913,10.01667,5.45347,5.24303,-20.60171,-2.05535,1.91883,3.82616,NA,NA,NA,NA,NA,NA,NA,NA,NA,NA,NA,NA,NA,NA,NA,NA,NA,NA,NA,NA,NA,NA,NA,NA,NA,NA,NA,NA,NA,NA,NA,NA,NA,NA,NA,NA,NA,NA,NA,NA,NA,NA,NA,NA,NA,NA,NA,NA,NA,NA,High,High,High,NA,NA,NA,NA,NA,NA,NA,NA,NA,NA,NA,NA,NA,NA,NA,NA,NA,NA,NA,NA,NA,NA,NA,NA,NA,NA,NA,NA,NA,NA,NA,NA,NA,NA,NA,NA,NA,NA,NA,NA,NA,NA,NA,NA,NA,NA,NA,NA,NA,NA,NA,NA,NA,NA,NA,NA,NA
NA,NA,NA,NA,NA,NA,NA,NA,NA,NA,NA,NA,NA,NA,NA,NA,88,2026-02-14,15:17:53,5,6,"Rumberg, Logan",1000216384,Right,GEO_PAT,"Laya, Angel",824337,Left,ORE_DUC,Undefined,2,Bottom,2,1,2,Curveball,Curveball,HitByPitch,Undefined,Undefined,Undefined,0,0,NA,77.25983,0.878388,-3.383931,2423.358684,33.738533,07:00:00,5.4494,2.00757,5.62277,-65.30574,-17.21643,-12.58796,0.82844,-2.20289,70.68478,-10.951992,-5.631475,0.499109,NA,NA,NA,NA,NA,NA,NA,NA,NA,NA,NA,5.32839,-8.71693,-1.71033,50,5.48183,7.08699,-111.99282,-0.44313,6.64313,23.68772,-43.04179,ORE_DUC,GEO_PAT,PKPark,D1,BIG10,20260214-PKPark-2,6aadc390-09fb-11f1-802c-cb007da271b4,75.5194,NA,NA,6.57505,NA,NA,NA,NA,NA,NA,5ce813cb-c9e8-448f-bad2-0498063e9329,2026-02-14,23:17:53,2026-02-14T23:17:53Z,2026-02-14T23:17:53Z,NA,v3,4807,471300,82de864d38834b289bdde1d759a4a8fd,"Cowdrey, Vincent",1000469295,Right,GEO_PAT,101af57e-0bad-44f5-94d4-de908e922870,54.88052,-113.02039,11.84386,5.46056,1.42402,-21.5209,-2.01151,6.79881,3.32157,NA,NA,NA,NA,NA,NA,NA,NA,NA,NA,NA,NA,NA,NA,NA,NA,NA,NA,NA,NA,NA,NA,NA,NA,NA,NA,NA,NA,NA,NA,NA,NA,NA,NA,NA,NA,NA,NA,NA,NA,NA,NA,NA,NA,NA,NA,NA,NA,NA,NA,High,High,High,NA,NA,NA,NA,NA,NA,NA,NA,NA,NA,NA,NA,NA,NA,NA,NA,NA,NA,NA,NA,NA,NA,NA,NA,NA,NA,NA,NA,NA,NA,NA,NA,NA,NA,NA,NA,NA,NA,NA,NA,NA,NA,NA,NA,NA,NA,NA,NA,NA,NA,NA,NA,NA,NA,NA,NA,NA
NA,NA,NA,NA,NA,NA,NA,NA,NA,NA,NA,NA,NA,NA,NA,NA,89,2026-02-14,15:19:13,6,1,"Rumberg, Logan",1000216384,Right,GEO_PAT,"Hellman, Dominic",702626,Right,ORE_DUC,Undefined,2,Bottom,2,0,0,Cutter,Changeup,FoulBallNotFieldable,Undefined,Undefined,Undefined,0,0,NA,80.38288,0.117145,-1.206357,2055.820201,198.254088,12:30:00,5.41957,2.24229,5.8234,-30.02179,12.91737,3.85378,3.02669,1.44176,74.2081,-5.459803,-0.515572,0.471626,59.5598,64.673323,168.728008,3853.345766,NA,NA,NA,NA,27.36854,NA,NA,-2.29181,6.94981,-2.14605,50,5.41125,2.31789,-116.87135,-0.67267,-3.19762,20.21785,-22.47747,ORE_DUC,GEO_PAT,PKPark,D1,BIG10,20260214-PKPark-2,9a415450-09fb-11f1-802c-cb007da271b4,79.92015,48.95236,NA,6.17477,NA,NA,NA,1.69951,3.17909,-1.43834,5ce813cb-c9e8-448f-bad2-0498063e9329,2026-02-14,23:19:13,2026-02-14T23:19:13Z,2026-02-14T23:19:13Z,NA,v3,4807,471300,82de864d38834b289bdde1d759a4a8fd,"Cowdrey, Vincent",1000469295,Right,GEO_PAT,36fa58a9-73b6-4410-acb3-962516729f1c,54.67624,-117.67752,10.10892,5.4202,0.22361,-11.23873,-2.24102,2.44539,-1.59881,347.978216,1.69951,-36.6474,-2.40511,1.83272,-0.57578,0.14493,-0.03397,0.00717,-8.7e-4,3.17909,78.95807,-27.46913,3.32514,-0.61399,0.09229,-0.01412,0.0015,-1e-5,-1.43834,7.3043,-3.0814,1.29558,-0.33463,0.07313,-0.01554,0.00294,-3.3e-4,NA,NA,NA,NA,NA,NA,NA,NA,NA,NA,NA,NA,NA,NA,NA,NA,NA,NA,NA,NA,NA,NA,High,High,High,High,Undefined,NA,NA,NA,NA,NA,NA,NA,NA,NA,NA,NA,NA,NA,NA,NA,NA,NA,NA,NA,NA,NA,NA,NA,NA,NA,NA,NA,NA,NA,NA,NA,NA,NA,NA,NA,NA,NA,NA,NA,NA,NA,NA,NA,NA,NA,NA,NA,NA,NA,NA,NA,NA,NA,NA,NA
NA,NA,NA,NA,NA,NA,NA,NA,NA,NA,NA,NA,NA,NA,NA,NA,90,2026-02-14,15:19:36,6,2,"Rumberg, Logan",1000216384,Right,GEO_PAT,"Hellman, Dominic",702626,Right,ORE_DUC,Undefined,2,Bottom,2,0,1,Slider,Curveball,StrikeCalled,Undefined,Undefined,Undefined,0,0,NA,78.74026,0.574422,-2.4201,2164.825126,53.201703,07:45:00,5.32537,2.15435,5.48941,-48.93719,-3.2052,-6.13981,1.78515,-0.62264,72.57513,-8.32767,-3.513562,0.486723,NA,NA,NA,NA,NA,NA,NA,NA,NA,NA,NA,2.4413,-1.39347,-1.938,50,5.34228,5.06742,-114.30165,-0.5056,3.23042,21.02833,-34.01792,ORE_DUC,GEO_PAT,PKPark,D1,BIG10,20260214-PKPark-2,a7faaa60-09fb-11f1-802c-cb007da271b4,77.4413,NA,NA,6.1651300000000004,NA,NA,NA,NA,NA,NA,5ce813cb-c9e8-448f-bad2-0498063e9329,2026-02-14,23:19:36,2026-02-14T23:19:36Z,2026-02-14T23:19:36Z,NA,v3,4807,471300,82de864d38834b289bdde1d759a4a8fd,"Cowdrey, Vincent",1000469295,Right,GEO_PAT,d6685189-03f7-4378-bad1-6584c5850662,55.01108,-115.21986,10.51416,5.33193,0.9798,-17.00896,-2.15619,4.92636,1.61521,NA,NA,NA,NA,NA,NA,NA,NA,NA,NA,NA,NA,NA,NA,NA,NA,NA,NA,NA,NA,NA,NA,NA,NA,NA,NA,NA,NA,NA,NA,NA,NA,NA,NA,NA,NA,NA,NA,NA,NA,NA,NA,NA,NA,NA,NA,NA,NA,NA,NA,High,High,High,NA,NA,NA,NA,NA,NA,NA,NA,NA,NA,NA,NA,NA,NA,NA,NA,NA,NA,NA,NA,NA,NA,NA,NA,NA,NA,NA,NA,NA,NA,NA,NA,NA,NA,NA,NA,NA,NA,NA,NA,NA,NA,NA,NA,NA,NA,NA,NA,NA,NA,NA,NA,NA,NA,NA,NA,NA
NA,NA,NA,NA,NA,NA,NA,NA,NA,NA,NA,NA,NA,NA,NA,NA,91,2026-02-14,15:19:54,6,3,"Rumberg, Logan",1000216384,Right,GEO_PAT,"Hellman, Dominic",702626,Right,ORE_DUC,Undefined,2,Bottom,2,0,2,Curveball,Curveball,BallCalled,Undefined,Undefined,Undefined,0,0,NA,75.74328,0.887661,-1.722237,2337.22368,31.54461,07:00:00,5.42209,2.1343,5.50627,-65.51346,-15.5895,-10.58701,0.79323,-0.35908,69.48606,-10.977164,-3.614288,0.508541,NA,NA,NA,NA,NA,NA,NA,NA,NA,NA,NA,4.82425,-7.73516,-1.97656,50,5.45514,3.70016,-109.94507,-0.47229,5.82478,21.9652,-41.51339,ORE_DUC,GEO_PAT,PKPark,D1,BIG10,20260214-PKPark-2,b2bdf1f0-09fb-11f1-802c-cb007da271b4,74.11879,NA,NA,6.25722,NA,NA,NA,NA,NA,NA,5ce813cb-c9e8-448f-bad2-0498063e9329,2026-02-14,23:19:54,2026-02-14T23:19:54Z,2026-02-14T23:19:54Z,NA,v3,4807,471300,82de864d38834b289bdde1d759a4a8fd,"Cowdrey, Vincent",1000469295,Right,GEO_PAT,669aa8cd-cbb1-4e6e-b04b-14926ba0c01a,54.99667,-110.93883,10.9826,5.43402,1.40587,-20.7567,-2.13801,3.43663,2.91239,NA,NA,NA,NA,NA,NA,NA,NA,NA,NA,NA,NA,NA,NA,NA,NA,NA,NA,NA,NA,NA,NA,NA,NA,NA,NA,NA,NA,NA,NA,NA,NA,NA,NA,NA,NA,NA,NA,NA,NA,NA,NA,NA,NA,NA,NA,NA,NA,NA,NA,High,High,High,NA,NA,NA,NA,NA,NA,NA,NA,NA,NA,NA,NA,NA,NA,NA,NA,NA,NA,NA,NA,NA,NA,NA,NA,NA,NA,NA,NA,NA,NA,NA,NA,NA,NA,NA,NA,NA,NA,NA,NA,NA,NA,NA,NA,NA,NA,NA,NA,NA,NA,NA,NA,NA,NA,NA,NA,NA
NA,NA,NA,NA,NA,NA,NA,NA,NA,NA,NA,NA,NA,NA,NA,NA,92,2026-02-14,15:20:14,6,4,"Rumberg, Logan",1000216384,Right,GEO_PAT,"Hellman, Dominic",702626,Right,ORE_DUC,Undefined,2,Bottom,2,1,2,Slider,Curveball,StrikeSwinging,Strikeout,Undefined,Undefined,0,0,NA,78.13285,-0.216478,-2.152671,2140.907671,57.011369,08:00:00,5.26481,2.20205,5.4087,-47.70274,-1.1537,-3.95961,1.08662,-0.14572,72.12806,-8.878683,-2.857556,0.491051,NA,NA,NA,NA,NA,NA,NA,NA,NA,NA,NA,1.40803,-0.11673,-2.00756,50,5.21199,4.41642,-113.42475,-2.03875,1.83601,20.56161,-32.32626,ORE_DUC,GEO_PAT,PKPark,D1,BIG10,20260214-PKPark-2,bea60a70-09fb-11f1-802c-cb007da271b4,76.75866,NA,NA,6.00479,NA,NA,NA,NA,NA,NA,5ce813cb-c9e8-448f-bad2-0498063e9329,2026-02-14,23:20:14,2026-02-14T23:20:14Z,2026-02-14T23:20:14Z,NA,v3,4807,471300,82de864d38834b289bdde1d759a4a8fd,"Cowdrey, Vincent",1000469295,Right,GEO_PAT,11f1a63b-563c-4c10-9bc8-78b350e89b1e,55.09125,-114.34397,10.2808,5.27083,-0.59359,-16.16313,-2.20317,4.33434,0.91801,NA,NA,NA,NA,NA,NA,NA,NA,NA,NA,NA,NA,NA,NA,NA,NA,NA,NA,NA,NA,NA,NA,NA,NA,NA,NA,NA,NA,54.10111,NA,NA,NA,NA,NA,NA,1.38899,4.83131,3.89517,NA,NA,NA,1.41062,65.41514,-5.77567,4.85348,11.757,-15.44409,3.89419,42.75628,-1.06598,High,High,High,NA,NA,High,High,Medium,NA,NA,NA,NA,NA,NA,NA,NA,NA,NA,NA,NA,NA,NA,NA,NA,NA,NA,NA,NA,NA,NA,NA,NA,NA,NA,NA,NA,NA,NA,NA,NA,NA,NA,NA,NA,NA,NA,NA,NA,NA,NA,NA,NA,NA,NA,NA,NA,NA,NA,NA,NA
NA,NA,NA,NA,NA,NA,NA,NA,NA,NA,NA,NA,NA,NA,NA,NA,93,2026-02-14,15:22:31,1,1,"Scolari, Cal",822302,Right,ORE_DUC,"Canody, Andrew",1000415298,Right,GEO_PAT,Undefined,3,Top,0,0,0,Fastball,Four-Seam,StrikeCalled,Undefined,Undefined,Undefined,0,0,NA,94.46296,-2.661862,-3.008989,2461.516444,202.001794,12:45:00,5.63043,1.60983,6.49616,-12.85343,17.5743,6.73933,2.11078,-0.59314,87.04196,-5.135702,-1.788003,0.397014,NA,NA,NA,NA,NA,NA,NA,NA,NA,NA,NA,-4.28969,10.16316,-1.40175,50,5.4377,6.93518,-137.16429,-6.7135,-8.24386,27.85232,-12.64255,ORE_DUC,GEO_PAT,PKPark,D1,BIG10,20260214-PKPark-2,10790050-09fc-11f1-802c-cb007da271b4,94.93974,NA,NA,7.421,NA,NA,NA,NA,NA,NA,5ce813cb-c9e8-448f-bad2-0498063e9329,2026-02-14,23:22:31,2026-02-14T23:22:31Z,2026-02-14T23:22:31Z,NA,v3,4807,471300,82de864d38834b289bdde1d759a4a8fd,"Mabeus, Burke",1000222806,Right,ORE_DUC,5c556883-d7ec-491f-948a-7fcdb878823c,54.00287,-137.97471,13.92616,5.62769,-6.34564,-6.32128,-1.60704,7.17505,-4.12193,NA,NA,NA,NA,NA,NA,NA,NA,NA,NA,NA,NA,NA,NA,NA,NA,NA,NA,NA,NA,NA,NA,NA,NA,NA,NA,NA,NA,NA,NA,NA,NA,NA,NA,NA,NA,NA,NA,NA,NA,NA,NA,NA,NA,NA,NA,NA,NA,NA,NA,High,High,High,NA,NA,NA,NA,NA,NA,NA,NA,NA,NA,NA,NA,NA,NA,NA,NA,NA,NA,NA,NA,NA,NA,NA,NA,NA,NA,NA,NA,NA,NA,NA,NA,NA,NA,NA,NA,NA,NA,NA,NA,NA,NA,NA,NA,NA,NA,NA,NA,NA,NA,NA,NA,NA,NA,NA,NA,NA
NA,NA,NA,NA,NA,NA,NA,NA,NA,NA,NA,NA,NA,NA,NA,NA,94,2026-02-14,15:22:44,1,2,"Scolari, Cal",822302,Right,ORE_DUC,"Canody, Andrew",1000415298,Right,GEO_PAT,Undefined,3,Top,0,0,1,Fastball,Four-Seam,FoulBallNotFieldable,Undefined,Undefined,Undefined,0,0,NA,94.65846,-1.599474,-2.898237,2443.776606,208.115111,01:00:00,5.7189,1.346,6.54459,-12.6728,17.58635,8.9143,3.19373,-0.57134,86.96214,-4.052521,-1.281391,0.395913,NA,NA,NA,NA,NA,NA,NA,NA,NA,NA,NA,-5.47819,9.96434,-1.14917,50,5.60249,6.61262,-137.56941,-4.16946,-10.55901,28.86665,-12.96811,ORE_DUC,GEO_PAT,PKPark,D1,BIG10,20260214-PKPark-2,18692ab0-09fc-11f1-802c-cb007da271b4,95.20389,NA,NA,7.69632,NA,NA,NA,NA,NA,NA,5ce813cb-c9e8-448f-bad2-0498063e9329,2026-02-14,23:22:44,2026-02-14T23:22:44Z,2026-02-14T23:22:44Z,NA,v3,4807,471300,82de864d38834b289bdde1d759a4a8fd,"Mabeus, Burke",1000222806,Right,ORE_DUC,c3ba51c5-b7c8-4aa7-a368-7aff2ac8603d,53.95577,-138.39698,14.43332,5.71669,-3.79768,-6.48406,-1.34308,6.91533,-5.27951,NA,NA,NA,NA,NA,NA,NA,NA,NA,NA,NA,NA,NA,NA,NA,NA,NA,NA,NA,NA,NA,NA,NA,NA,NA,NA,NA,NA,NA,NA,NA,NA,NA,NA,NA,NA,NA,NA,NA,NA,NA,NA,NA,NA,NA,NA,NA,NA,NA,NA,High,High,High,NA,NA,NA,NA,NA,NA,NA,NA,NA,NA,NA,NA,NA,NA,NA,NA,NA,NA,NA,NA,NA,NA,NA,NA,NA,NA,NA,NA,NA,NA,NA,NA,NA,NA,NA,NA,NA,NA,NA,NA,NA,NA,NA,NA,NA,NA,NA,NA,NA,NA,NA,NA,NA,NA,NA,NA,NA
NA,NA,NA,NA,NA,NA,NA,NA,NA,NA,NA,NA,NA,NA,NA,NA,95,2026-02-14,15:23:08,1,3,"Scolari, Cal",822302,Right,ORE_DUC,"Canody, Andrew",1000415298,Right,GEO_PAT,Undefined,3,Top,0,0,2,Slider,Slider,FoulBallNotFieldable,Undefined,Undefined,Undefined,0,0,NA,84.28092,-1.20905,-1.052198,2539.584616,78.454805,08:30:00,5.94923,1.18942,5.83256,-39.6353,-0.62764,-8.3504,1.52211,-0.48459,78.39578,-8.444791,-2.552085,0.449517,NA,NA,NA,NA,NA,NA,NA,NA,NA,NA,NA,4.04898,0.26256,-1.09846,50,5.82678,2.57329,-122.58619,-3.93326,6.21856,22.12192,-31.77077,ORE_DUC,GEO_PAT,PKPark,D1,BIG10,20260214-PKPark-2,26bc4fc0-09fc-11f1-802c-cb007da271b4,83.85094,NA,NA,5.88514,NA,NA,NA,NA,NA,NA,5ce813cb-c9e8-448f-bad2-0498063e9329,2026-02-14,23:23:08,2026-02-14T23:23:08Z,2026-02-14T23:23:08Z,NA,v3,4807,471300,82de864d38834b289bdde1d759a4a8fd,"Mabeus, Burke",1000222806,Right,ORE_DUC,14efbf43-5569-4991-b8ba-2d408f3fa6e5,54.66912,-123.42591,11.06096,5.95319,-2.72729,-15.88539,-1.19166,2.33725,3.10928,NA,NA,NA,NA,NA,NA,NA,NA,NA,NA,NA,NA,NA,NA,NA,NA,NA,NA,NA,NA,NA,NA,NA,NA,NA,NA,NA,NA,NA,NA,NA,NA,NA,NA,NA,NA,NA,NA,NA,NA,NA,NA,NA,NA,NA,NA,NA,NA,NA,NA,High,High,High,NA,NA,NA,NA,NA,NA,NA,NA,NA,NA,NA,NA,NA,NA,NA,NA,NA,NA,NA,NA,NA,NA,NA,NA,NA,NA,NA,NA,NA,NA,NA,NA,NA,NA,NA,NA,NA,NA,NA,NA,NA,NA,NA,NA,NA,NA,NA,NA,NA,NA,NA,NA,NA,NA,NA,NA,NA
NA,NA,NA,NA,NA,NA,NA,NA,NA,NA,NA,NA,NA,NA,NA,NA,96,2026-02-14,15:23:28,1,4,"Scolari, Cal",822302,Right,ORE_DUC,"Canody, Andrew",1000415298,Right,GEO_PAT,Undefined,3,Top,0,0,2,Fastball,Four-Seam,StrikeSwinging,Strikeout,Undefined,Undefined,0,0,NA,93.77765,-0.556719,-1.812241,2454.869389,197.919867,12:30:00,5.76448,1.41513,6.36699,-15.06576,16.01639,4.87374,3.99644,0.15312,85.88111,-3.446774,-0.930269,0.401261,NA,NA,NA,NA,NA,NA,NA,NA,NA,NA,NA,-3.01862,8.78063,-1.28625,50,5.71692,4.10879,-136.31924,-1.74054,-5.6981,29.08029,-15.59919,ORE_DUC,GEO_PAT,PKPark,D1,BIG10,20260214-PKPark-2,32586b20-09fc-11f1-802c-cb007da271b4,93.935,NA,NA,7.89653,NA,NA,NA,NA,NA,NA,5ce813cb-c9e8-448f-bad2-0498063e9329,2026-02-14,23:23:28,2026-02-14T23:23:28Z,2026-02-14T23:23:28Z,NA,v3,4807,471300,82de864d38834b289bdde1d759a4a8fd,"Mabeus, Burke",1000222806,Right,ORE_DUC,c493ca27-2de4-4f05-8f5e-a14278f89cbc,54.13073,-137.19759,14.54014,5.76237,-1.26937,-7.7996,-1.41295,4.2809,-2.84905,NA,NA,NA,NA,NA,NA,NA,NA,NA,NA,NA,NA,NA,NA,NA,NA,NA,NA,NA,NA,NA,NA,NA,NA,NA,NA,NA,NA,NA,NA,NA,NA,NA,NA,NA,NA,NA,NA,NA,NA,NA,NA,NA,NA,NA,NA,NA,NA,NA,NA,High,High,High,NA,NA,NA,NA,NA,NA,NA,NA,NA,NA,NA,NA,NA,NA,NA,NA,NA,NA,NA,NA,NA,NA,NA,NA,NA,NA,NA,NA,NA,NA,NA,NA,NA,NA,NA,NA,NA,NA,NA,NA,NA,NA,NA,NA,NA,NA,NA,NA,NA,NA,NA,NA,NA,NA,NA,NA,NA
NA,NA,NA,NA,NA,NA,NA,NA,NA,NA,NA,NA,NA,NA,NA,NA,97,2026-02-14,15:23:56,2,1,"Scolari, Cal",822302,Right,ORE_DUC,"Clyne , Owen",1000230336,Left,GEO_PAT,Undefined,3,Top,1,0,0,Fastball,Four-Seam,StrikeCalled,Undefined,Undefined,Undefined,0,0,NA,93.87889,-1.525743,-0.995638,2387.825025,201.576356,12:45:00,5.77316,1.47127,6.40784,-13.84753,17.24217,6.42646,3.21578,1.09126,85.69714,-4.201132,0.169034,0.40131,NA,NA,NA,NA,NA,NA,NA,NA,NA,NA,NA,-3.60252,9.69977,-1.4026,50,5.6572,2.09672,-136.41356,-3.98792,-6.78232,30.25535,-13.91279,ORE_DUC,GEO_PAT,PKPark,D1,BIG10,20260214-PKPark-2,431fc480-09fc-11f1-802c-cb007da271b4,93.92352,NA,NA,8.18176,NA,NA,NA,NA,NA,NA,5ce813cb-c9e8-448f-bad2-0498063e9329,2026-02-14,23:23:56,2026-02-14T23:23:56Z,2026-02-14T23:23:56Z,NA,v3,4807,471300,82de864d38834b289bdde1d759a4a8fd,"Mabeus, Burke",1000222806,Right,ORE_DUC,1eb3762e-6660-4458-8652-4caebafc9ea3,54.08849,-137.31736,15.12767,5.77012,-3.57232,-6.95639,-1.46826,2.29933,-3.39116,NA,NA,NA,NA,NA,NA,NA,NA,NA,NA,NA,NA,NA,NA,NA,NA,NA,NA,NA,NA,NA,NA,NA,NA,NA,NA,NA,NA,NA,NA,NA,NA,NA,NA,NA,NA,NA,NA,NA,NA,NA,NA,NA,NA,NA,NA,NA,NA,NA,NA,High,High,High,NA,NA,NA,NA,NA,NA,NA,NA,NA,NA,NA,NA,NA,NA,NA,NA,NA,NA,NA,NA,NA,NA,NA,NA,NA,NA,NA,NA,NA,NA,NA,NA,NA,NA,NA,NA,NA,NA,NA,NA,NA,NA,NA,NA,NA,NA,NA,NA,NA,NA,NA,NA,NA,NA,NA,NA,NA
NA,NA,NA,NA,NA,NA,NA,NA,NA,NA,NA,NA,NA,NA,NA,NA,98,2026-02-14,15:24:11,2,2,"Scolari, Cal",822302,Right,ORE_DUC,"Clyne , Owen",1000230336,Left,GEO_PAT,Undefined,3,Top,1,0,1,Slider,Slider,InPlay,Undefined,GroundBall,Out,1,0,NA,84.78234,0.075652,-0.497918,2511.897733,51.697456,07:45:00,5.94883,1.20172,5.71417,-42.5449,-3.67225,-6.08311,2.4739,0.23093,78.32362,-7.69643,-1.58801,0.448739,74.89251,-75.881874,-53.450936,NA,NA,NA,NA,0.91053,0.91053,-47.11995,0.02169,2.97587,-1.56539,-1.15621,50,5.92856,1.31676,-123.27803,-1.34265,4.60076,23.44562,-34.59418,ORE_DUC,GEO_PAT,PKPark,D1,BIG10,20260214-PKPark-2,4c2c0d40-09fc-11f1-802c-cb007da271b4,83.9964,2.3174,NA,6.45872,NA,NA,NA,0.27248,2.3174,-0.19897,5ce813cb-c9e8-448f-bad2-0498063e9329,2026-02-14,23:24:11,2026-02-14T23:24:11Z,2026-02-14T23:24:11Z,GroundBall,v3,4807,471300,82de864d38834b289bdde1d759a4a8fd,"Mabeus, Burke",1000222806,Right,ORE_DUC,f8d99ae3-435b-49ea-837b-dbee3173ce28,54.78667,-124.18504,11.72281,5.95462,-0.00434,-17.29709,-1.2037,1.13877,2.30038,NA,0.27231,16.00337,NA,NA,NA,NA,NA,NA,NA,2.31851,-106.84419,NA,NA,NA,NA,NA,NA,NA,-0.19875,-21.58862,NA,NA,NA,NA,NA,NA,NA,NA,NA,NA,NA,NA,NA,NA,NA,NA,NA,NA,NA,NA,NA,NA,NA,NA,NA,NA,NA,NA,NA,High,High,High,Estimated,Estimated,NA,NA,NA,NA,NA,NA,NA,NA,NA,NA,NA,NA,NA,NA,NA,NA,NA,NA,NA,NA,NA,NA,NA,NA,NA,NA,NA,NA,NA,NA,NA,NA,NA,NA,NA,NA,NA,NA,NA,NA,NA,NA,NA,NA,NA,NA,NA,NA,NA,NA,NA,NA,NA,NA,NA
NA,NA,NA,NA,NA,NA,NA,NA,NA,NA,NA,NA,NA,NA,NA,NA,99,2026-02-14,15:24:45,3,1,"Scolari, Cal",822302,Right,ORE_DUC,"Bagnerise , Julius",1000469309,Right,GEO_PAT,Undefined,3,Top,2,0,0,Slider,Slider,StrikeCalled,Undefined,Undefined,Undefined,0,0,NA,85.418,-1.309013,-0.368215,2587.320878,94.901126,09:15:00,5.85615,1.36861,5.93582,-35.85805,1.67532,-8.39028,1.65336,0.32782,79.92578,-7.868722,-1.8782,0.440941,NA,NA,NA,NA,NA,NA,NA,NA,NA,NA,NA,4.25595,1.44032,-1.33439,50,5.7311,1.12269,-124.35088,-4.05066,6.78217,20.78925,-29.8788,ORE_DUC,GEO_PAT,PKPark,D1,BIG10,20260214-PKPark-2,601714d0-09fc-11f1-802c-cb007da271b4,85.48187,NA,NA,5.49222,NA,NA,NA,NA,NA,NA,5ce813cb-c9e8-448f-bad2-0498063e9329,2026-02-14,23:24:45,2026-02-14T23:24:45Z,2026-02-14T23:24:45Z,NA,v3,4807,471300,82de864d38834b289bdde1d759a4a8fd,"Mabeus, Burke",1000222806,Right,ORE_DUC,2ec5fdb4-781a-439e-8a49-78e698f4a7f9,54.56596,-125.1119,10.39463,5.85936,-2.95691,-14.9394,-1.37094,0.87442,3.39109,NA,NA,NA,NA,NA,NA,NA,NA,NA,NA,NA,NA,NA,NA,NA,NA,NA,NA,NA,NA,NA,NA,NA,NA,NA,NA,NA,NA,NA,NA,NA,NA,NA,NA,NA,NA,NA,NA,NA,NA,NA,NA,NA,NA,NA,NA,NA,NA,NA,NA,High,High,High,NA,NA,NA,NA,NA,NA,NA,NA,NA,NA,NA,NA,NA,NA,NA,NA,NA,NA,NA,NA,NA,NA,NA,NA,NA,NA,NA,NA,NA,NA,NA,NA,NA,NA,NA,NA,NA,NA,NA,NA,NA,NA,NA,NA,NA,NA,NA,NA,NA,NA,NA,NA,NA,NA,NA,NA,NA
NA,NA,NA,NA,NA,NA,NA,NA,NA,NA,NA,NA,NA,NA,NA,NA,100,2026-02-14,15:24:57,3,2,"Scolari, Cal",822302,Right,ORE_DUC,"Bagnerise , Julius",1000469309,Right,GEO_PAT,Undefined,3,Top,2,0,1,Slider,Slider,BallCalled,Undefined,Undefined,Undefined,0,0,NA,85.45783,-2.138177,0.091641,2494.026422,70.801995,08:15:00,5.94748,1.19918,5.77309,-39.54518,-1.25575,-6.87618,0.66145,0.71144,79.1024,-9.345564,-1.1437330000000001,0.44536,NA,NA,NA,NA,NA,NA,NA,NA,NA,NA,NA,3.56299,0.23665,-1.20245,50,5.74656,0.07465,-124.16748,-6.01443,5.57748,24.23641,-31.80362,ORE_DUC,GEO_PAT,PKPark,D1,BIG10,20260214-PKPark-2,67bd64f0-09fc-11f1-802c-cb007da271b4,84.63373,NA,NA,6.35544,NA,NA,NA,NA,NA,NA,5ce813cb-c9e8-448f-bad2-0498063e9329,2026-02-14,23:24:57,2026-02-14T23:24:57Z,2026-02-14T23:24:57Z,NA,v3,4807,471300,82de864d38834b289bdde1d759a4a8fd,"Mabeus, Burke",1000222806,Right,ORE_DUC,90aeadf5-5943-4356-9288-fa6128397d65,54.72775,-125.08689,12.11821,5.95183,-4.80795,-15.90181,-1.20127,-0.13693,2.78874,NA,NA,NA,NA,NA,NA,NA,NA,NA,NA,NA,NA,NA,NA,NA,NA,NA,NA,NA,NA,NA,NA,NA,NA,NA,NA,NA,NA,NA,NA,NA,NA,NA,NA,NA,NA,NA,NA,NA,NA,NA,NA,NA,NA,NA,NA,NA,NA,NA,NA,High,High,High,NA,NA,NA,NA,NA,NA,NA,NA,NA,NA,NA,NA,NA,NA,NA,NA,NA,NA,NA,NA,NA,NA,NA,NA,NA,NA,NA,NA,NA,NA,NA,NA,NA,NA,NA,NA,NA,NA,NA,NA,NA,NA,NA,NA,NA,NA,NA,NA,NA,NA,NA,NA,NA,NA,NA,NA,NA
NA,NA,NA,NA,NA,NA,NA,NA,NA,NA,NA,NA,NA,NA,NA,NA,101,2026-02-14,15:25:17,3,3,"Scolari, Cal",822302,Right,ORE_DUC,"Bagnerise , Julius",1000469309,Right,GEO_PAT,Undefined,3,Top,2,1,1,Slider,Slider,FoulBallNotFieldable,Undefined,Undefined,Undefined,0,0,NA,84.05413,-0.832605,-1.510919,2463.610514,69.81974,08:15:00,5.85408,1.36082,5.94535,-40.62624,-1.50961,-7.09355,1.69596,-0.63207,78.04041,-8.269142,-2.787088,0.450145,NA,NA,NA,NA,NA,NA,NA,NA,NA,NA,NA,3.28811,-0.27559,-1.23642,50,5.76457,3.49419,-122.24897,-3.13274,5.01325,22.40803,-32.59422,ORE_DUC,GEO_PAT,PKPark,D1,BIG10,20260214-PKPark-2,73a46c00-09fc-11f1-802c-cb007da271b4,83.73403,NA,NA,6.01372,NA,NA,NA,NA,NA,NA,5ce813cb-c9e8-448f-bad2-0498063e9329,2026-02-14,23:25:17,2026-02-14T23:25:17Z,2026-02-14T23:25:17Z,NA,v3,4807,471300,82de864d38834b289bdde1d759a4a8fd,"Mabeus, Burke",1000222806,Right,ORE_DUC,8a4df4d3-3994-4a98-8422-c90c6eb54499,54.55616,-123.08128,11.20402,5.85845,-1.92209,-16.29711,-1.36274,3.30798,2.50663,NA,NA,NA,NA,NA,NA,NA,NA,NA,NA,NA,NA,NA,NA,NA,NA,NA,NA,NA,NA,NA,NA,NA,NA,NA,NA,NA,NA,NA,NA,NA,NA,NA,NA,NA,NA,NA,NA,NA,NA,NA,NA,NA,NA,NA,NA,NA,NA,NA,NA,High,High,High,NA,NA,NA,NA,NA,NA,NA,NA,NA,NA,NA,NA,NA,NA,NA,NA,NA,NA,NA,NA,NA,NA,NA,NA,NA,NA,NA,NA,NA,NA,NA,NA,NA,NA,NA,NA,NA,NA,NA,NA,NA,NA,NA,NA,NA,NA,NA,NA,NA,NA,NA,NA,NA,NA,NA,NA,NA
NA,NA,NA,NA,NA,NA,NA,NA,NA,NA,NA,NA,NA,NA,NA,NA,102,2026-02-14,15:25:38,3,4,"Scolari, Cal",822302,Right,ORE_DUC,"Bagnerise , Julius",1000469309,Right,GEO_PAT,Undefined,3,Top,2,1,2,Fastball,Four-Seam,BallCalled,Undefined,Undefined,Undefined,0,0,NA,93.90116,-1.076761,-1.147196,2484.200916,198.775442,12:45:00,5.82124,1.41584,6.38192,-14.53454,16.43552,5.26662,3.61918,0.79926,86.04322,-3.868837,-0.193292,0.400537,NA,NA,NA,NA,NA,NA,NA,NA,NA,NA,NA,-3.04114,9.13922,-1.33546,50,5.73663,2.51233,-136.52287,-2.95925,-5.75861,29.12868,-14.86842,ORE_DUC,GEO_PAT,PKPark,D1,BIG10,20260214-PKPark-2,7fe4ddb0-09fc-11f1-802c-cb007da271b4,94.10478,NA,NA,7.85794,NA,NA,NA,NA,NA,NA,5ce813cb-c9e8-448f-bad2-0498063e9329,2026-02-14,23:25:38,2026-02-14T23:25:38Z,2026-02-14T23:25:38Z,NA,v3,4807,471300,82de864d38834b289bdde1d759a4a8fd,"Mabeus, Burke",1000222806,Right,ORE_DUC,746308d2-8425-4afe-97c1-470b3eed29b3,54.11559,-137.39817,14.56434,5.81885,-2.51246,-7.43421,-1.41356,2.68537,-2.8793,NA,NA,NA,NA,NA,NA,NA,NA,NA,NA,NA,NA,NA,NA,NA,NA,NA,NA,NA,NA,NA,NA,NA,NA,NA,NA,NA,NA,NA,NA,NA,NA,NA,NA,NA,NA,NA,NA,NA,NA,NA,NA,NA,NA,NA,NA,NA,NA,NA,NA,High,High,High,NA,NA,NA,NA,NA,NA,NA,NA,NA,NA,NA,NA,NA,NA,NA,NA,NA,NA,NA,NA,NA,NA,NA,NA,NA,NA,NA,NA,NA,NA,NA,NA,NA,NA,NA,NA,NA,NA,NA,NA,NA,NA,NA,NA,NA,NA,NA,NA,NA,NA,NA,NA,NA,NA,NA,NA,NA
NA,NA,NA,NA,NA,NA,NA,NA,NA,NA,NA,NA,NA,NA,NA,NA,103,2026-02-14,15:25:54,3,5,"Scolari, Cal",822302,Right,ORE_DUC,"Bagnerise , Julius",1000469309,Right,GEO_PAT,Undefined,3,Top,2,2,2,Fastball,Four-Seam,FoulBallNotFieldable,Undefined,Undefined,Undefined,0,0,NA,94.1381,-1.949607,-1.967922,2436.526719,204.802049,12:45:00,5.64637,1.43928,6.56482,-15.78528,14.85253,6.42985,2.54192,0.17034,86.35612,-4.969967,-0.799706,0.398383,NA,NA,NA,NA,NA,NA,NA,NA,NA,NA,NA,-3.9204,8.62839,-1.3064,50,5.50519,4.44474,-136.82717,-5.0957,-7.45254,29.41643,-15.77185,ORE_DUC,GEO_PAT,PKPark,D1,BIG10,20260214-PKPark-2,89ade6c0-09fc-11f1-802c-cb007da271b4,94.61365,NA,NA,7.78198,NA,NA,NA,NA,NA,NA,5ce813cb-c9e8-448f-bad2-0498063e9329,2026-02-14,23:25:54,2026-02-14T23:25:54Z,2026-02-14T23:25:54Z,NA,v3,4807,471300,82de864d38834b289bdde1d759a4a8fd,"Mabeus, Burke",1000222806,Right,ORE_DUC,447fe13d-d880-4067-930f-be3b67765ed0,53.93427,-137.6704,14.70822,5.64478,-4.64359,-7.88592,-1.43688,4.65837,-3.72627,NA,NA,NA,NA,NA,NA,NA,NA,NA,NA,NA,NA,NA,NA,NA,NA,NA,NA,NA,NA,NA,NA,NA,NA,NA,NA,NA,NA,NA,NA,NA,NA,NA,NA,NA,NA,NA,NA,NA,NA,NA,NA,NA,NA,NA,NA,NA,NA,NA,NA,High,High,High,NA,NA,NA,NA,NA,NA,NA,NA,NA,NA,NA,NA,NA,NA,NA,NA,NA,NA,NA,NA,NA,NA,NA,NA,NA,NA,NA,NA,NA,NA,NA,NA,NA,NA,NA,NA,NA,NA,NA,NA,NA,NA,NA,NA,NA,NA,NA,NA,NA,NA,NA,NA,NA,NA,NA,NA,NA
NA,NA,NA,NA,NA,NA,NA,NA,NA,NA,NA,NA,NA,NA,NA,NA,104,2026-02-14,15:26:16,3,6,"Scolari, Cal",822302,Right,ORE_DUC,"Bagnerise , Julius",1000469309,Right,GEO_PAT,Undefined,3,Top,2,2,2,Fastball,Four-Seam,BallCalled,Undefined,Undefined,Undefined,0,0,NA,93.98955,0.321697,-1.429203,2448.886518,190.226134,12:15:00,5.80654,1.50497,6.40497,-18.77485,12.233,2.03162,4.53787,0.35982,85.74153,-3.250422,-1.061203,0.400781,NA,NA,NA,NA,NA,NA,NA,NA,NA,NA,NA,-1.45394,6.58457,-1.40347,50,5.82083,3.32195,-136.60158,0.20341,-2.74465,30.35474,-19.74412,ORE_DUC,GEO_PAT,PKPark,D1,BIG10,20260214-PKPark-2,96d5ab30-09fc-11f1-802c-cb007da271b4,94.04744,NA,NA,8.24801,NA,NA,NA,NA,NA,NA,5ce813cb-c9e8-448f-bad2-0498063e9329,2026-02-14,23:26:16,2026-02-14T23:26:16Z,2026-02-14T23:26:16Z,NA,v3,4807,471300,82de864d38834b289bdde1d759a4a8fd,"Mabeus, Burke",1000222806,Right,ORE_DUC,96a75e29-3bf9-4cba-8e51-716ffca64920,54.09164,-137.50779,15.17737,5.80596,0.79285,-9.87206,-1.50386,3.40389,-1.37233,NA,NA,NA,NA,NA,NA,NA,NA,NA,NA,NA,NA,NA,NA,NA,NA,NA,NA,NA,NA,NA,NA,NA,NA,NA,NA,NA,NA,NA,NA,NA,NA,NA,NA,NA,NA,NA,NA,NA,NA,NA,NA,NA,NA,NA,NA,NA,NA,NA,NA,High,High,High,NA,NA,NA,NA,NA,NA,NA,NA,NA,NA,NA,NA,NA,NA,NA,NA,NA,NA,NA,NA,NA,NA,NA,NA,NA,NA,NA,NA,NA,NA,NA,NA,NA,NA,NA,NA,NA,NA,NA,NA,NA,NA,NA,NA,NA,NA,NA,NA,NA,NA,NA,NA,NA,NA,NA,NA,NA
NA,NA,NA,NA,NA,NA,NA,NA,NA,NA,NA,NA,NA,NA,NA,NA,105,2026-02-14,15:26:36,3,7,"Scolari, Cal",822302,Right,ORE_DUC,"Bagnerise , Julius",1000469309,Right,GEO_PAT,Undefined,3,Top,2,3,2,Curveball,Curveball,FoulBallNotFieldable,Undefined,Undefined,Undefined,0,0,NA,78.96254,1.042612,-0.016944,2501.377087,49.017925,07:45:00,5.94825,1.04051,5.8055,-57.95609,-12.63453,-16.27213,2.0883,-0.33126,72.22071,-9.546855,-2.941226,0.484533,60.71726,-59.30263,-57.690988,NA,NA,NA,NA,2.08029,2.08029,-19.693058,0.02691,8.31067,-6.34406,-1.02932,50,5.99929,0.6498,-114.71993,0.15883,10.93972,23.64718,-40.52498,ORE_DUC,GEO_PAT,PKPark,D1,BIG10,20260214-PKPark-2,a2c84b00-09fc-11f1-802c-cb007da271b4,77.7912,2.06898,NA,6.74183,NA,NA,NA,1.30208,2.06898,0.33715,5ce813cb-c9e8-448f-bad2-0498063e9329,2026-02-14,23:26:36,2026-02-14T23:26:36Z,2026-02-14T23:26:36Z,GroundBall,v3,4807,471300,82de864d38834b289bdde1d759a4a8fd,"Mabeus, Burke",1000222806,Right,ORE_DUC,f3cdf90d-461a-44cf-b237-0406b03c7e0e,54.69676,-115.68402,11.82359,5.95914,1.81102,-20.26249,-1.04672,0.20379,5.46986,NA,1.30165,24.39759,NA,NA,NA,NA,NA,NA,NA,2.07033,-76.88614,NA,NA,NA,NA,NA,NA,NA,0.33783,-38.57973,NA,NA,NA,NA,NA,NA,NA,NA,NA,NA,NA,NA,NA,NA,NA,NA,NA,NA,NA,NA,NA,NA,NA,NA,NA,NA,NA,NA,NA,High,High,High,Estimated,Estimated,NA,NA,NA,NA,NA,NA,NA,NA,NA,NA,NA,NA,NA,NA,NA,NA,NA,NA,NA,NA,NA,NA,NA,NA,NA,NA,NA,NA,NA,NA,NA,NA,NA,NA,NA,NA,NA,NA,NA,NA,NA,NA,NA,NA,NA,NA,NA,NA,NA,NA,NA,NA,NA,NA,NA
NA,NA,NA,NA,NA,NA,NA,NA,NA,NA,NA,NA,NA,NA,NA,NA,106,2026-02-14,15:27:01,3,8,"Scolari, Cal",822302,Right,ORE_DUC,"Bagnerise , Julius",1000469309,Right,GEO_PAT,Undefined,3,Top,2,3,2,Fastball,Four-Seam,StrikeCalled,Strikeout,Undefined,Undefined,0,0,NA,94.48498,-3.288289,-2.090875,2427.33538,199.692505,12:45:00,5.69204,1.39634,6.68371,-11.97635,18.30359,6.22052,1.68105,0.00144,86.85238,-5.612927,-0.958497,0.396049,NA,NA,NA,NA,NA,NA,NA,NA,NA,NA,NA,-3.85614,10.84477,-1.25911,50,5.46715,4.76854,-137.23357,-8.17236,-7.38801,29.04692,-11.39643,ORE_DUC,GEO_PAT,PKPark,D1,BIG10,20260214-PKPark-2,b1490fc0-09fc-11f1-802c-cb007da271b4,95.17114,NA,NA,7.6326,NA,NA,NA,NA,NA,NA,5ce813cb-c9e8-448f-bad2-0498063e9329,2026-02-14,23:27:01,2026-02-14T23:27:01Z,2026-02-14T23:27:01Z,NA,v3,4807,471300,82de864d38834b289bdde1d759a4a8fd,"Mabeus, Burke",1000222806,Right,ORE_DUC,f7976cae-d747-4ece-b6ea-e03f1e12cc9e,53.8161,-138.03892,14.52346,5.68935,-7.85638,-5.69822,-1.39417,4.97338,-3.694,NA,NA,NA,NA,NA,NA,NA,NA,NA,NA,NA,NA,NA,NA,NA,NA,NA,NA,NA,NA,NA,NA,NA,NA,NA,NA,NA,NA,NA,NA,NA,NA,NA,NA,NA,NA,NA,NA,NA,NA,NA,NA,NA,NA,NA,NA,NA,NA,NA,NA,High,High,High,NA,NA,NA,NA,NA,NA,NA,NA,NA,NA,NA,NA,NA,NA,NA,NA,NA,NA,NA,NA,NA,NA,NA,NA,NA,NA,NA,NA,NA,NA,NA,NA,NA,NA,NA,NA,NA,NA,NA,NA,NA,NA,NA,NA,NA,NA,NA,NA,NA,NA,NA,NA,NA,NA,NA,NA,NA
NA,NA,NA,NA,NA,NA,NA,NA,NA,NA,NA,NA,NA,NA,NA,NA,107,2026-02-14,15:29:24,1,1,"Rumberg, Logan",1000216384,Right,GEO_PAT,"Miranda, Gabe",702569,Left,ORE_DUC,Undefined,3,Bottom,0,0,0,Fastball,Four-Seam,BallCalled,Undefined,Undefined,Undefined,0,0,NA,88.32164,-3.78689,-1.865446,2222.431943,210.944872,01:00:00,5.61559,1.95758,5.85558,-15.00851,21.26005,11.98304,0.83945,1.22236,80.23572,-6.666399,0.283164,0.433448,NA,NA,NA,NA,NA,NA,NA,NA,NA,NA,NA,-6.70992,12.4019,-1.81326,50,5.29907,3.66497,-127.89838,-8.87207,-11.02436,28.3747,-11.79784,ORE_DUC,GEO_PAT,PKPark,D1,BIG10,20260214-PKPark-2,06e876f0-09fd-11f1-802c-cb007da271b4,86.9596,NA,NA,8.08592,NA,NA,NA,NA,NA,NA,5ce813cb-c9e8-448f-bad2-0498063e9329,2026-02-14,23:29:24,2026-02-14T23:29:24Z,2026-02-14T23:29:24Z,NA,v3,4807,471300,82de864d38834b289bdde1d759a4a8fd,"Cowdrey, Vincent",1000469295,Right,GEO_PAT,85f47156-c4e6-4b61-b0ba-8a49c34579d9,54.64217,-128.92415,14.18735,5.61209,-8.44557,-5.89892,-1.95296,4.06351,-5.51218,NA,NA,NA,NA,NA,NA,NA,NA,NA,NA,NA,NA,NA,NA,NA,NA,NA,NA,NA,NA,NA,NA,NA,NA,NA,NA,NA,NA,NA,NA,NA,NA,NA,NA,NA,NA,NA,NA,NA,NA,NA,NA,NA,NA,NA,NA,NA,NA,NA,NA,High,High,High,NA,NA,NA,NA,NA,NA,NA,NA,NA,NA,NA,NA,NA,NA,NA,NA,NA,NA,NA,NA,NA,NA,NA,NA,NA,NA,NA,NA,NA,NA,NA,NA,NA,NA,NA,NA,NA,NA,NA,NA,NA,NA,NA,NA,NA,NA,NA,NA,NA,NA,NA,NA,NA,NA,NA,NA,NA
NA,NA,NA,NA,NA,NA,NA,NA,NA,NA,NA,NA,NA,NA,NA,NA,108,2026-02-14,15:29:41,1,2,"Rumberg, Logan",1000216384,Right,GEO_PAT,"Miranda, Gabe",702569,Left,ORE_DUC,Undefined,3,Bottom,0,1,0,Fastball,Four-Seam,FoulBallNotFieldable,Undefined,Undefined,Undefined,0,0,NA,88.73468,-2.629634,-1.964421,2193.934125,188.151857,12:15:00,5.63088,2.00358,6.03944,-11.01186,24.54261,3.34142,2.27531,0.46246,80.58937,-4.807864,-1.363731,0.429159,91.37668,52.600367,-42.924073,3898.404837,NA,NA,NA,NA,98.42044,NA,NA,-2.3089,13.79347,-1.85218,50,5.41973,4.27642,-128.67949,-6.14051,-3.84561,28.35879,-9.20009,ORE_DUC,GEO_PAT,PKPark,D1,BIG10,20260214-PKPark-2,10cbe5d0-09fd-11f1-802c-cb007da271b4,87.82856,111.81489,NA,8.14531,NA,NA,NA,1.0216,2.06906,-0.33723,5ce813cb-c9e8-448f-bad2-0498063e9329,2026-02-14,23:29:41,2026-02-14T23:29:41Z,2026-02-14T23:29:41Z,NA,v3,4807,471300,82de864d38834b289bdde1d759a4a8fd,"Cowdrey, Vincent",1000469295,Right,GEO_PAT,74f88ff5-0be9-4ba0-b578-abbe3fa7cfb5,54.45806,-129.65825,14.17939,5.62618,-5.82298,-4.60004,-2.00206,4.40914,-1.92281,149.621514,1.0216,59.60155,-22.54085,6.20574,-0.16588,-1.31538,0.9691,-0.33418,0.04676,2.06906,106.46813,-27.32092,3.10119,-0.9657,0.68878,-0.41218,0.13717,-0.01904,-0.33723,-55.43618,3.94639,-0.12824,0.28936,-0.49674,0.3412,-0.11701,0.01642,NA,NA,NA,NA,NA,NA,NA,NA,NA,NA,NA,NA,NA,NA,NA,NA,NA,NA,NA,NA,NA,NA,High,High,High,Medium,Undefined,NA,NA,NA,NA,NA,NA,NA,NA,NA,NA,NA,NA,NA,NA,NA,NA,NA,NA,NA,NA,NA,NA,NA,NA,NA,NA,NA,NA,NA,NA,NA,NA,NA,NA,NA,NA,NA,NA,NA,NA,NA,NA,NA,NA,NA,NA,NA,NA,NA,NA,NA,NA,NA,NA,NA
NA,NA,NA,NA,NA,NA,NA,NA,NA,NA,NA,NA,NA,NA,NA,NA,109,2026-02-14,15:30:05,1,3,"Rumberg, Logan",1000216384,Right,GEO_PAT,"Miranda, Gabe",702569,Left,ORE_DUC,Undefined,3,Bottom,0,1,1,Curveball,Curveball,FoulBallNotFieldable,Undefined,Undefined,Undefined,0,0,NA,76.30467,1.202742,-1.211296,2349.773822,43.294094,07:30:00,5.52477,2.09259,5.41886,-60.69539,-11.34575,-12.2506,1.59389,-0.06313,69.75932,-9.812667,-3.395245,0.505607,NA,NA,NA,NA,NA,NA,NA,NA,NA,NA,NA,5.81067,-5.66626,-1.9761,50,5.589,2.80681,-110.72714,0.28406,7.11955,22.18587,-39.11668,ORE_DUC,GEO_PAT,PKPark,D1,BIG10,20260214-PKPark-2,1ed3f820-09fd-11f1-802c-cb007da271b4,74.54883,NA,NA,6.54535,NA,NA,NA,NA,NA,NA,5ce813cb-c9e8-448f-bad2-0498063e9329,2026-02-14,23:30:05,2026-02-14T23:30:05Z,2026-02-14T23:30:05Z,NA,v3,4807,471300,82de864d38834b289bdde1d759a4a8fd,"Cowdrey, Vincent",1000469295,Right,GEO_PAT,9a5a38cf-dffc-40ef-a7f8-b5a216f5cb83,55.08279,-111.74091,11.09293,5.53518,2.07148,-19.55834,-2.09692,2.48149,3.55977,NA,NA,NA,NA,NA,NA,NA,NA,NA,NA,NA,NA,NA,NA,NA,NA,NA,NA,NA,NA,NA,NA,NA,NA,NA,NA,NA,NA,NA,NA,NA,NA,NA,NA,NA,NA,NA,NA,NA,NA,NA,NA,NA,NA,NA,NA,NA,NA,NA,NA,High,High,High,NA,NA,NA,NA,NA,NA,NA,NA,NA,NA,NA,NA,NA,NA,NA,NA,NA,NA,NA,NA,NA,NA,NA,NA,NA,NA,NA,NA,NA,NA,NA,NA,NA,NA,NA,NA,NA,NA,NA,NA,NA,NA,NA,NA,NA,NA,NA,NA,NA,NA,NA,NA,NA,NA,NA,NA,NA
NA,NA,NA,NA,NA,NA,NA,NA,NA,NA,NA,NA,NA,NA,NA,NA,110,2026-02-14,15:30:28,1,4,"Rumberg, Logan",1000216384,Right,GEO_PAT,"Miranda, Gabe",702569,Left,ORE_DUC,Undefined,3,Bottom,0,1,2,Slider,Slider,StrikeSwinging,Strikeout,Undefined,Undefined,0,0,NA,80.24567,-0.972049,-2.716258,2089.043051,137.97723,10:30:00,5.4917,2.11741,5.91438,-33.92876,9.9441,-7.59957,1.76107,-1.03868,73.02149,-7.275745,-4.078656,0.476727,NA,NA,NA,NA,NA,NA,NA,NA,NA,NA,NA,3.04854,5.84965,-1.89524,50,5.39458,5.80744,-116.32505,-3.0038,4.12834,24.19982,-24.25246,ORE_DUC,GEO_PAT,PKPark,D1,BIG10,20260214-PKPark-2,2cd2bba0-09fd-11f1-802c-cb007da271b4,79.06511,NA,NA,7.22417,NA,NA,NA,NA,NA,NA,5ce813cb-c9e8-448f-bad2-0498063e9329,2026-02-14,23:30:28,2026-02-14T23:30:28Z,2026-02-14T23:30:28Z,NA,v3,4807,471300,82de864d38834b289bdde1d759a4a8fd,"Cowdrey, Vincent",1000469295,Right,GEO_PAT,06ff5db9-79ab-4faf-add5-db2231002843,54.58209,-117.27442,12.09991,5.49375,-2.05237,-12.12623,-2.1199,5.64548,2.06417,NA,NA,NA,NA,NA,NA,NA,NA,NA,NA,NA,NA,NA,NA,NA,NA,NA,NA,NA,NA,NA,NA,NA,NA,NA,NA,NA,NA,69.1491,NA,NA,0.960083,NA,NA,NA,1.4541,5.81486,-2.16047,76.40187,7.54828,-48.37594,1.51399,83.20965,-5.40168,5.82764,13.12774,-11.80034,-2.2457,-54.3903,6.57359,High,High,High,NA,NA,High,High,High,NA,NA,NA,NA,NA,NA,NA,NA,NA,NA,NA,NA,NA,NA,NA,NA,NA,NA,NA,NA,NA,NA,NA,NA,NA,NA,NA,NA,NA,NA,NA,NA,NA,NA,NA,NA,NA,NA,NA,NA,NA,NA,NA,NA,NA,NA,NA,NA,NA,NA,NA,NA
NA,NA,NA,NA,NA,NA,NA,NA,NA,NA,NA,NA,NA,NA,NA,NA,111,2026-02-14,15:31:01,2,1,"Rumberg, Logan",1000216384,Right,GEO_PAT,"Molony, Maddox",814829,Right,ORE_DUC,Undefined,3,Bottom,1,0,0,Cutter,Slider,StrikeSwinging,Undefined,Undefined,Undefined,0,0,NA,80.55319,-0.995726,-2.483683,2033.838115,169.347822,11:45:00,5.44789,2.08599,5.91726,-32.09777,10.8015,-1.78673,1.84805,-0.36928,74.21454,-6.942352,-2.804205,0.471407,NA,NA,NA,NA,NA,NA,NA,NA,NA,NA,NA,0.25165,6.21256,-1.88593,50,5.34978,5.14048,-116.95463,-3.012,0.34984,21.28635,-23.53704,ORE_DUC,GEO_PAT,PKPark,D1,BIG10,20260214-PKPark-2,404585f0-09fd-11f1-802c-cb007da271b4,79.95723,NA,NA,6.33865,NA,NA,NA,NA,NA,NA,5ce813cb-c9e8-448f-bad2-0498063e9329,2026-02-14,23:31:01,2026-02-14T23:31:01Z,2026-02-14T23:31:01Z,NA,v3,4807,471300,82de864d38834b289bdde1d759a4a8fd,"Cowdrey, Vincent",1000469295,Right,GEO_PAT,7aeb75ba-2b4a-43bc-af14-c699f68f0178,54.58049,-117.78535,10.64317,5.44941,-2.09344,-11.76852,-2.08628,5.12683,0.17492,NA,NA,NA,NA,NA,NA,NA,NA,NA,NA,NA,NA,NA,NA,NA,NA,NA,NA,NA,NA,NA,NA,NA,NA,NA,NA,NA,NA,NA,NA,NA,NA,NA,NA,NA,NA,NA,NA,NA,NA,NA,NA,NA,NA,NA,NA,NA,NA,NA,NA,High,High,High,NA,NA,NA,NA,NA,NA,NA,NA,NA,NA,NA,NA,NA,NA,NA,NA,NA,NA,NA,NA,NA,NA,NA,NA,NA,NA,NA,NA,NA,NA,NA,NA,NA,NA,NA,NA,NA,NA,NA,NA,NA,NA,NA,NA,NA,NA,NA,NA,NA,NA,NA,NA,NA,NA,NA,NA,NA
NA,NA,NA,NA,NA,NA,NA,NA,NA,NA,NA,NA,NA,NA,NA,NA,112,2026-02-14,15:31:18,2,2,"Rumberg, Logan",1000216384,Right,GEO_PAT,"Molony, Maddox",814829,Right,ORE_DUC,Undefined,3,Bottom,1,0,1,Slider,Slider,BallCalled,Undefined,Undefined,Undefined,0,0,NA,79.16298,-2.607043,-2.802949,2150.58438,117.242675,10:00:00,5.39795,1.96448,5.78123,-41.69616,2.85776,-3.07508,-0.50692,-0.90174,73.7901,-10.181263,-3.354177,0.480413,NA,NA,NA,NA,NA,NA,NA,NA,NA,NA,NA,0.87358,2.43677,-1.73118,50,5.15688,5.73507,-114.89494,-6.55343,1.176,19.87787,-28.89372,ORE_DUC,GEO_PAT,PKPark,D1,BIG10,20260214-PKPark-2,4adb7bf0-09fd-11f1-802c-cb007da271b4,78.45846,NA,NA,5.37288,NA,NA,NA,NA,NA,NA,5ce813cb-c9e8-448f-bad2-0498063e9329,2026-02-14,23:31:18,2026-02-14T23:31:18Z,2026-02-14T23:31:18Z,NA,v3,4807,471300,82de864d38834b289bdde1d759a4a8fd,"Cowdrey, Vincent",1000469295,Right,GEO_PAT,04d9fa94-bc05-4c3b-b7e2-5f489f11e7b9,54.7204,-115.70873,9.93893,5.40096,-5.37053,-14.44686,-1.96498,5.68692,0.588,NA,NA,NA,NA,NA,NA,NA,NA,NA,NA,NA,NA,NA,NA,NA,NA,NA,NA,NA,NA,NA,NA,NA,NA,NA,NA,NA,NA,NA,NA,NA,NA,NA,NA,NA,NA,NA,NA,NA,NA,NA,NA,NA,NA,NA,NA,NA,NA,NA,NA,High,High,High,NA,NA,NA,NA,NA,NA,NA,NA,NA,NA,NA,NA,NA,NA,NA,NA,NA,NA,NA,NA,NA,NA,NA,NA,NA,NA,NA,NA,NA,NA,NA,NA,NA,NA,NA,NA,NA,NA,NA,NA,NA,NA,NA,NA,NA,NA,NA,NA,NA,NA,NA,NA,NA,NA,NA,NA,NA
NA,NA,NA,NA,NA,NA,NA,NA,NA,NA,NA,NA,NA,NA,NA,NA,113,NA,NA,2,3,"Rumberg, Logan",1000216384,Right,GEO_PAT,"Molony, Maddox",814829,Right,ORE_DUC,Undefined,3,Bottom,1,1,1,Other,NA,BallCalled,Undefined,Undefined,Undefined,0,0,NA,NA,NA,NA,NA,NA,NA,NA,NA,NA,NA,NA,NA,NA,NA,NA,NA,NA,NA,NA,NA,NA,NA,NA,NA,NA,NA,NA,NA,NA,NA,NA,NA,NA,NA,NA,NA,NA,NA,NA,NA,ORE_DUC,GEO_PAT,PKPark,D1,BIG10,20260214-PKPark-2,72e4d011-09fd-11f1-802c-cb007da271b4,NA,NA,NA,NA,NA,NA,NA,NA,NA,NA,5ce813cb-c9e8-448f-bad2-0498063e9329,NA,NA,NA,NA,NA,v3,4807,471300,82de864d38834b289bdde1d759a4a8fd,"Cowdrey, Vincent",1000469295,Right,GEO_PAT,72e4d010-09fd-11f1-802c-cb007da271b4,NA,NA,NA,NA,NA,NA,NA,NA,NA,NA,NA,NA,NA,NA,NA,NA,NA,NA,NA,NA,NA,NA,NA,NA,NA,NA,NA,NA,NA,NA,NA,NA,NA,NA,NA,NA,NA,NA,NA,NA,NA,NA,NA,NA,NA,NA,NA,NA,NA,NA,NA,NA,NA,NA,NA,NA,NA,NA,NA,NA,NA,NA,NA,NA,NA,NA,NA,NA,NA,NA,NA,NA,NA,NA,NA,NA,NA,NA,NA,NA,NA,NA,NA,NA,NA,NA,NA,NA,NA,NA,NA,NA,NA,NA,NA,NA,NA,NA,NA,NA,NA,NA,NA,NA,NA,NA,NA,NA,NA,NA,NA,NA,NA,NA,NA,NA,NA,NA,NA
NA,NA,NA,NA,NA,NA,NA,NA,NA,NA,NA,NA,NA,NA,NA,NA,114,2026-02-14,15:32:03,2,4,"Rumberg, Logan",1000216384,Right,GEO_PAT,"Molony, Maddox",814829,Right,ORE_DUC,Undefined,3,Bottom,1,2,1,Cutter,Slider,InPlay,Undefined,FlyBall,HomeRun,0,1,NA,81.05148,-0.980566,-2.727499,2069.558319,181.913541,12:00:00,5.34054,2.19817,6.01976,-29.73368,12.73209,0.37961,1.95337,-0.29844,74.17853,-6.531778,-2.659303,0.469019,101.66459,37.92708,-21.181892,2397.030892,103.45917,76.8892,-37.36488,402.36703,337.57926,-18.421421,5.699201,-0.9774,7.24394,-1.98464,50,5.24747,5.5891,-117.61605,-2.88928,-1.36523,22.90171,-22.05574,ORE_DUC,GEO_PAT,PKPark,D1,BIG10,20260214-PKPark-2,65a31b00-09fd-11f1-802c-cb007da271b4,80.36433,115.50963,NA,6.87295,NA,NA,NA,2.23343,2.06902,0.25667,5ce813cb-c9e8-448f-bad2-0498063e9329,2026-02-14,23:32:03,2026-02-14T23:32:03Z,2026-02-14T23:32:03Z,FlyBall,v3,4807,471300,82de864d38834b289bdde1d759a4a8fd,"Cowdrey, Vincent",1000469295,Right,GEO_PAT,be90337f-b84d-411b-b382-742029a6a8ec,54.47816,-118.48481,11.45086,5.3412,-2.05261,-11.02787,-2.19764,5.64089,-0.68261,192.108921,2.23576,109.62097,-17.96497,3.73695,-0.55124,0.05068,-0.00345,3.4e-4,-2e-5,2.07157,91.6123,-23.08347,2.97001,-0.69998,0.11705,-0.01035,2.9e-4,1e-5,0.25608,-42.47946,8.67364,-1.76171,0.20324,0.00225,-0.00421,4.9e-4,-2e-5,NA,NA,NA,NA,NA,NA,NA,NA,NA,NA,NA,NA,NA,NA,NA,NA,NA,NA,NA,NA,NA,NA,High,High,High,Medium,Medium,NA,NA,NA,NA,NA,NA,NA,NA,NA,NA,NA,NA,NA,NA,NA,NA,NA,NA,NA,NA,NA,NA,NA,NA,NA,NA,NA,NA,NA,NA,NA,NA,NA,NA,NA,NA,NA,NA,NA,NA,NA,NA,NA,NA,NA,NA,NA,NA,NA,NA,NA,NA,NA,NA,NA
NA,NA,NA,NA,NA,NA,NA,NA,NA,NA,NA,NA,NA,NA,NA,NA,115,2026-02-14,15:32:59,3,1,"Rumberg, Logan",1000216384,Right,GEO_PAT,"Smith, Drew",1000110953,Right,ORE_DUC,Undefined,3,Bottom,1,0,0,Fastball,Four-Seam,InPlay,Undefined,FlyBall,HomeRun,0,1,NA,89.32915,-2.574668,-2.701831,2101.720772,196.081954,12:30:00,5.52243,1.96034,6.04729,-11.95091,22.96395,6.29256,2.13873,-0.01839,81.54403,-4.907752,-1.57122,0.425282,100.36376,32.895892,20.242563,3781.654762,100.2863,66.74801,45.19494,393.90268,367.39479,33.709525,5.281377,-4.01394,12.91713,-1.75334,50,5.31531,5.85664,-129.55877,-6.1106,-6.81578,27.31674,-10.24044,ORE_DUC,GEO_PAT,PKPark,D1,BIG10,20260214-PKPark-2,86bac900-09fd-11f1-802c-cb007da271b4,88.62938,97.63175,NA,7.78512,NA,NA,NA,1.93853,2.22991,0.01705,5ce813cb-c9e8-448f-bad2-0498063e9329,2026-02-14,23:32:59,2026-02-14T23:32:59Z,2026-02-14T23:32:59Z,FlyBall,v3,4807,471300,82de864d38834b289bdde1d759a4a8fd,"Cowdrey, Vincent",1000469295,Right,GEO_PAT,c4547a2e-e764-498c-aa1a-fff251e48de8,54.45119,-130.49391,13.65837,5.51849,-5.76004,-5.12022,-1.95782,6.08997,-3.40789,213.476682,1.94184,115.90964,-26.99968,6.89897,-1.29935,0.17407,-0.01737,0.00146,-7e-5,2.23136,79.89928,-17.72684,-0.14646,0.57035,-0.24397,0.05746,-0.00698,3.3e-4,0.01707,42.760980000000004,1.0837,-0.98761,0.35089,-0.0788,0.01133,-9.4e-4,3e-5,NA,NA,NA,NA,NA,NA,NA,NA,NA,NA,NA,NA,NA,NA,NA,NA,NA,NA,NA,NA,NA,NA,High,High,High,High,High,NA,NA,NA,NA,NA,NA,NA,NA,NA,NA,NA,NA,NA,NA,NA,NA,NA,NA,NA,NA,NA,NA,NA,NA,NA,NA,NA,NA,NA,NA,NA,NA,NA,NA,NA,NA,NA,NA,NA,NA,NA,NA,NA,NA,NA,NA,NA,NA,NA,NA,NA,NA,NA,NA,NA
NA,NA,NA,NA,NA,NA,NA,NA,NA,NA,NA,NA,NA,NA,NA,NA,116,2026-02-14,15:33:45,4,1,"Rumberg, Logan",1000216384,Right,GEO_PAT,"Mabeus, Burke",1000222806,Left,ORE_DUC,Undefined,3,Bottom,1,0,0,Curveball,Curveball,StrikeCalled,Undefined,Undefined,Undefined,0,0,NA,75.18476,1.789503,-1.825155,2333.767453,44.661297,07:30:00,5.50343,2.18215,5.83869,-63.79566,-13.78154,-15.23958,1.85168,-0.78469,68.87884,-9.861141,-4.560175,0.509,NA,NA,NA,NA,NA,NA,NA,NA,NA,NA,NA,7.23552,-7.1589,-2.02433,50,5.61179,4.02254,-109.16028,1.40899,8.61993,21.48637,-40.70273,ORE_DUC,GEO_PAT,PKPark,D1,BIG10,20260214-PKPark-2,a2384a90-09fd-11f1-802c-cb007da271b4,74.05195,NA,NA,6.30592,NA,NA,NA,NA,NA,NA,5ce813cb-c9e8-448f-bad2-0498063e9329,2026-02-14,23:33:45,2026-02-14T23:33:45Z,2026-02-14T23:33:45Z,NA,v3,4807,471300,82de864d38834b289bdde1d759a4a8fd,"Cowdrey, Vincent",1000469295,Right,GEO_PAT,2f7b1c35-79ef-427c-8425-6663f1cb179d,54.66424,-110.07453,10.74319,5.51499,3.1409,-20.35137,-2.18768,3.65576,4.30997,NA,NA,NA,NA,NA,NA,NA,NA,NA,NA,NA,NA,NA,NA,NA,NA,NA,NA,NA,NA,NA,NA,NA,NA,NA,NA,NA,NA,NA,NA,NA,NA,NA,NA,NA,NA,NA,NA,NA,NA,NA,NA,NA,NA,NA,NA,NA,NA,NA,NA,High,High,High,NA,NA,NA,NA,NA,NA,NA,NA,NA,NA,NA,NA,NA,NA,NA,NA,NA,NA,NA,NA,NA,NA,NA,NA,NA,NA,NA,NA,NA,NA,NA,NA,NA,NA,NA,NA,NA,NA,NA,NA,NA,NA,NA,NA,NA,NA,NA,NA,NA,NA,NA,NA,NA,NA,NA,NA,NA
NA,NA,NA,NA,NA,NA,NA,NA,NA,NA,NA,NA,NA,NA,NA,NA,117,2026-02-14,15:33:59,4,2,"Rumberg, Logan",1000216384,Right,GEO_PAT,"Mabeus, Burke",1000222806,Left,ORE_DUC,Undefined,3,Bottom,1,0,1,Curveball,Curveball,BallCalled,Undefined,Undefined,Undefined,0,0,NA,76.47219,0.311584,-1.392944,2320.771608,38.999653,07:15:00,5.50039,2.00329,5.38943,-60.92728,-11.96611,-10.95969,0.71524,-0.2158,70.4114,-10.698438,-3.34771,0.503613,NA,NA,NA,NA,NA,NA,NA,NA,NA,NA,NA,5.15744,-5.81654,-1.87068,50,5.48452,3.10894,-111.04388,-1.43989,6.38298,21.51892,-39.37271,ORE_DUC,GEO_PAT,PKPark,D1,BIG10,20260214-PKPark-2,aacbb9d0-09fd-11f1-802c-cb007da271b4,74.84401,NA,NA,6.06078,NA,NA,NA,NA,NA,NA,5ce813cb-c9e8-448f-bad2-0498063e9329,2026-02-14,23:33:59,2026-02-14T23:33:59Z,2026-02-14T23:33:59Z,NA,v3,4807,471300,82de864d38834b289bdde1d759a4a8fd,"Cowdrey, Vincent",1000469295,Right,GEO_PAT,1d74b4fe-4d8f-450b-9764-41ad3b5129a2,55.11346,-112.03042,10.75946,5.50915,0.36516,-19.68636,-2.0065,2.81631,3.19149,NA,NA,NA,NA,NA,NA,NA,NA,NA,NA,NA,NA,NA,NA,NA,NA,NA,NA,NA,NA,NA,NA,NA,NA,NA,NA,NA,NA,NA,NA,NA,NA,NA,NA,NA,NA,NA,NA,NA,NA,NA,NA,NA,NA,NA,NA,NA,NA,NA,NA,High,High,High,NA,NA,NA,NA,NA,NA,NA,NA,NA,NA,NA,NA,NA,NA,NA,NA,NA,NA,NA,NA,NA,NA,NA,NA,NA,NA,NA,NA,NA,NA,NA,NA,NA,NA,NA,NA,NA,NA,NA,NA,NA,NA,NA,NA,NA,NA,NA,NA,NA,NA,NA,NA,NA,NA,NA,NA,NA
NA,NA,NA,NA,NA,NA,NA,NA,NA,NA,NA,NA,NA,NA,NA,NA,118,2026-02-14,15:34:18,4,3,"Rumberg, Logan",1000216384,Right,GEO_PAT,"Mabeus, Burke",1000222806,Left,ORE_DUC,Undefined,3,Bottom,1,1,1,Fastball,Sinker,BallCalled,Undefined,Undefined,Undefined,0,0,NA,89.06026,-3.18207,-2.096092,2117.494751,220.200322,01:15:00,5.44352,2.15313,5.81068,-16.65914,19.28568,15.17284,1.09125,1.46752,80.33627,-6.370747,0.622303,0.431509,NA,NA,NA,NA,NA,NA,NA,NA,NA,NA,NA,-8.37776,11.2306,-1.99022,50,5.17259,4.05705,-128.9147,-7.63964,-13.8882,30.52963,-13.55661,ORE_DUC,GEO_PAT,PKPark,D1,BIG10,20260214-PKPark-2,b5a177f0-09fd-11f1-802c-cb007da271b4,87.35036,NA,NA,8.72399,NA,NA,NA,NA,NA,NA,5ce813cb-c9e8-448f-bad2-0498063e9329,2026-02-14,23:34:18,2026-02-14T23:34:18Z,2026-02-14T23:34:18Z,NA,v3,4807,471300,82de864d38834b289bdde1d759a4a8fd,"Cowdrey, Vincent",1000469295,Right,GEO_PAT,759d3d10-c4de-4e3d-8bd9-4fdbc5f79dce,54.68508,-130.01949,15.26482,5.44017,-7.14906,-6.7783,-2.14613,4.55963,-6.9441,NA,NA,NA,NA,NA,NA,NA,NA,NA,NA,NA,NA,NA,NA,NA,NA,NA,NA,NA,NA,NA,NA,NA,NA,NA,NA,NA,NA,NA,NA,NA,NA,NA,NA,NA,NA,NA,NA,NA,NA,NA,NA,NA,NA,NA,NA,NA,NA,NA,NA,High,High,High,NA,NA,NA,NA,NA,NA,NA,NA,NA,NA,NA,NA,NA,NA,NA,NA,NA,NA,NA,NA,NA,NA,NA,NA,NA,NA,NA,NA,NA,NA,NA,NA,NA,NA,NA,NA,NA,NA,NA,NA,NA,NA,NA,NA,NA,NA,NA,NA,NA,NA,NA,NA,NA,NA,NA,NA,NA
NA,NA,NA,NA,NA,NA,NA,NA,NA,NA,NA,NA,NA,NA,NA,NA,119,2026-02-14,15:34:36,4,4,"Rumberg, Logan",1000216384,Right,GEO_PAT,"Mabeus, Burke",1000222806,Left,ORE_DUC,Undefined,3,Bottom,1,2,1,Fastball,Four-Seam,StrikeCalled,Undefined,Undefined,Undefined,0,0,NA,89.65781,-2.180754,-2.29907,2127.050662,203.513025,12:45:00,5.46403,2.18127,5.99862,-13.77993,21.23344,8.69981,2.29239,0.77477,81.09688,-4.86107,-0.736171,0.425881,NA,NA,NA,NA,NA,NA,NA,NA,NA,NA,NA,-5.15532,11.91977,-2.00493,50,5.28463,4.845,-129.95271,-5.29075,-8.72489,29.85613,-12.00088,ORE_DUC,GEO_PAT,PKPark,D1,BIG10,20260214-PKPark-2,c0d6bb30-09fd-11f1-802c-cb007da271b4,88.50465,NA,NA,8.56094,NA,NA,NA,NA,NA,NA,5ce813cb-c9e8-448f-bad2-0498063e9329,2026-02-14,23:34:36,2026-02-14T23:34:36Z,2026-02-14T23:34:36Z,NA,v3,4807,471300,82de864d38834b289bdde1d759a4a8fd,"Cowdrey, Vincent",1000469295,Right,GEO_PAT,f4762163-7df4-4b63-9588-7be5c83bafa4,54.49714,-130.98184,14.92806,5.45987,-4.87709,-6.00044,-2.17712,5.14574,-4.36244,NA,NA,NA,NA,NA,NA,NA,NA,NA,NA,NA,NA,NA,NA,NA,NA,NA,NA,NA,NA,NA,NA,NA,NA,NA,NA,NA,NA,NA,NA,NA,NA,NA,NA,NA,NA,NA,NA,NA,NA,NA,NA,NA,NA,NA,NA,NA,NA,NA,NA,High,High,High,NA,NA,NA,NA,NA,NA,NA,NA,NA,NA,NA,NA,NA,NA,NA,NA,NA,NA,NA,NA,NA,NA,NA,NA,NA,NA,NA,NA,NA,NA,NA,NA,NA,NA,NA,NA,NA,NA,NA,NA,NA,NA,NA,NA,NA,NA,NA,NA,NA,NA,NA,NA,NA,NA,NA,NA,NA
NA,NA,NA,NA,NA,NA,NA,NA,NA,NA,NA,NA,NA,NA,NA,NA,120,2026-02-14,15:34:54,4,5,"Rumberg, Logan",1000216384,Right,GEO_PAT,"Mabeus, Burke",1000222806,Left,ORE_DUC,Undefined,3,Bottom,1,2,2,Cutter,Slider,StrikeSwinging,Strikeout,Undefined,Undefined,0,0,NA,81.09003,0.073222,-1.584937,1986.115156,188.777744,12:15:00,5.40414,2.09038,5.88229,-36.18545,7.14126,0.85248,2.45671,0.68921,72.95002,-6.676849,-1.431921,0.47375,NA,NA,NA,NA,NA,NA,NA,NA,NA,NA,NA,-0.96972,4.11547,-1.96292,50,5.3896,3.21798,-117.52147,-0.98476,-1.32829,26.54358,-26.53679,ORE_DUC,GEO_PAT,PKPark,D1,BIG10,20260214-PKPark-2,cb20b410-09fd-11f1-802c-cb007da271b4,79.56188,NA,NA,8.14,NA,NA,NA,NA,NA,NA,5ce813cb-c9e8-448f-bad2-0498063e9329,2026-02-14,23:34:54,2026-02-14T23:34:54Z,2026-02-14T23:34:54Z,NA,v3,4807,471300,82de864d38834b289bdde1d759a4a8fd,"Cowdrey, Vincent",1000469295,Right,GEO_PAT,461fa8a4-d0b0-410c-8c84-94cdf27d4f7c,54.61197,-118.55856,13.27179,5.40782,0.05207,-13.2684,-2.08967,3.26988,-0.66414,NA,NA,NA,NA,NA,NA,NA,NA,NA,NA,NA,NA,NA,NA,NA,NA,NA,NA,NA,NA,NA,NA,NA,NA,NA,NA,NA,NA,67.91092,NA,NA,0.976392,NA,NA,NA,1.68907,5.81071,-2.18055,76.82776,2.20464,-47.9517,1.73515,82.51461,-5.74709,5.8312,8.39004,-12.39903,-2.24579,-53.38,6.73522,High,High,High,NA,NA,High,High,High,NA,NA,NA,NA,NA,NA,NA,NA,NA,NA,NA,NA,NA,NA,NA,NA,NA,NA,NA,NA,NA,NA,NA,NA,NA,NA,NA,NA,NA,NA,NA,NA,NA,NA,NA,NA,NA,NA,NA,NA,NA,NA,NA,NA,NA,NA,NA,NA,NA,NA,NA,NA
NA,NA,NA,NA,NA,NA,NA,NA,NA,NA,NA,NA,NA,NA,NA,NA,121,2026-02-14,15:35:25,5,1,"Rumberg, Logan",1000216384,Right,GEO_PAT,"Cook, Elijah",827730,Right,ORE_DUC,Undefined,3,Bottom,2,0,0,Cutter,Slider,StrikeSwinging,Undefined,Undefined,Undefined,0,0,NA,81.64154,-1.340512,-2.28872,2101.220002,178.898129,12:00:00,5.31913,2.13059,5.96183,-32.74825,8.85123,-0.1465,1.3459,-0.00497,75.4214,-7.392849,-2.315041,0.464211,NA,NA,NA,NA,NA,NA,NA,NA,NA,NA,NA,-0.52366,5.27996,-1.94888,50,5.19433,4.74498,-118.58477,-3.79166,-0.74993,21.468,-24.61279,ORE_DUC,GEO_PAT,PKPark,D1,BIG10,20260214-PKPark-2,ddcbc190-09fd-11f1-802c-cb007da271b4,81.19679,NA,NA,6.22013,NA,NA,NA,NA,NA,NA,5ce813cb-c9e8-448f-bad2-0498063e9329,2026-02-14,23:35:25,2026-02-14T23:35:25Z,2026-02-14T23:35:25Z,NA,v3,4807,471300,82de864d38834b289bdde1d759a4a8fd,"Cowdrey, Vincent",1000469295,Right,GEO_PAT,209e57e7-09cd-41c4-b328-6b35b7b073f6,54.53695,-119.40329,10.734,5.32101,-2.85324,-12.30639,-2.13034,4.77358,-0.37496,NA,NA,NA,NA,NA,NA,NA,NA,NA,NA,NA,NA,NA,NA,NA,NA,NA,NA,NA,NA,NA,NA,NA,NA,NA,NA,NA,NA,NA,NA,NA,NA,NA,NA,NA,NA,NA,NA,NA,NA,NA,NA,NA,NA,NA,NA,NA,NA,NA,NA,High,High,High,NA,NA,NA,NA,NA,NA,NA,NA,NA,NA,NA,NA,NA,NA,NA,NA,NA,NA,NA,NA,NA,NA,NA,NA,NA,NA,NA,NA,NA,NA,NA,NA,NA,NA,NA,NA,NA,NA,NA,NA,NA,NA,NA,NA,NA,NA,NA,NA,NA,NA,NA,NA,NA,NA,NA,NA,NA
NA,NA,NA,NA,NA,NA,NA,NA,NA,NA,NA,NA,NA,NA,NA,NA,122,2026-02-14,15:35:41,5,2,"Rumberg, Logan",1000216384,Right,GEO_PAT,"Cook, Elijah",827730,Right,ORE_DUC,Undefined,3,Bottom,2,0,1,Curveball,Curveball,FoulBallNotFieldable,Undefined,Undefined,Undefined,0,0,NA,75.68943,1.643304,-0.736148,2269.65236,51.642255,07:45:00,5.39494,2.08118,5.59752,-61.83873,-11.77497,-17.09639,1.77648,-0.03083,68.84291,-9.636257,-3.793924,0.509253,NA,NA,NA,NA,NA,NA,NA,NA,NA,NA,NA,8.45658,-6.07284,-2.00657,50,5.4954,2.0444,-109.82056,1.13886,10.13474,22.83697,-39.45198,ORE_DUC,GEO_PAT,PKPark,D1,BIG10,20260214-PKPark-2,e7602610-09fd-11f1-802c-cb007da271b4,74.01522,NA,NA,6.84652,NA,NA,NA,NA,NA,NA,5ce813cb-c9e8-448f-bad2-0498063e9329,2026-02-14,23:35:41,2026-02-14T23:35:41Z,2026-02-14T23:35:41Z,NA,v3,4807,471300,82de864d38834b289bdde1d759a4a8fd,"Cowdrey, Vincent",1000469295,Right,GEO_PAT,f94ff3e2-5002-4219-ab6d-1ecd5a0e5eb4,54.90423,-110.83569,11.41848,5.4058,2.89255,-19.72599,-2.08743,1.5939,5.06737,NA,NA,NA,NA,NA,NA,NA,NA,NA,NA,NA,NA,NA,NA,NA,NA,NA,NA,NA,NA,NA,NA,NA,NA,NA,NA,NA,NA,NA,NA,NA,NA,NA,NA,NA,NA,NA,NA,NA,NA,NA,NA,NA,NA,NA,NA,NA,NA,NA,NA,High,High,High,NA,NA,NA,NA,NA,NA,NA,NA,NA,NA,NA,NA,NA,NA,NA,NA,NA,NA,NA,NA,NA,NA,NA,NA,NA,NA,NA,NA,NA,NA,NA,NA,NA,NA,NA,NA,NA,NA,NA,NA,NA,NA,NA,NA,NA,NA,NA,NA,NA,NA,NA,NA,NA,NA,NA,NA,NA
NA,NA,NA,NA,NA,NA,NA,NA,NA,NA,NA,NA,NA,NA,NA,NA,123,2026-02-14,15:36:03,5,3,"Rumberg, Logan",1000216384,Right,GEO_PAT,"Cook, Elijah",827730,Right,ORE_DUC,Undefined,3,Bottom,2,0,2,Fastball,Four-Seam,StrikeSwinging,Strikeout,Undefined,Undefined,0,0,NA,91.38166,-1.842229,-3.540029,2238.237853,203.816836,12:45:00,5.51468,1.89256,6.00206,-11.65048,21.99336,9.19792,2.83303,-0.62514,82.81632,-4.130411,-1.890816,0.417469,NA,NA,NA,NA,NA,NA,NA,NA,NA,NA,NA,-5.76733,12.17422,-1.61886,50,5.36308,7.79238,-132.39066,-4.53236,-10.16549,30.08221,-10.71583,ORE_DUC,GEO_PAT,PKPark,D1,BIG10,20260214-PKPark-2,f423aa70-09fd-11f1-802c-cb007da271b4,90.28805,NA,NA,8.56534,NA,NA,NA,NA,NA,NA,5ce813cb-c9e8-448f-bad2-0498063e9329,2026-02-14,23:36:03,2026-02-14T23:36:03Z,2026-02-14T23:36:03Z,NA,v3,4807,471300,82de864d38834b289bdde1d759a4a8fd,"Cowdrey, Vincent",1000469295,Right,GEO_PAT,549fa381-db3e-4cd6-a710-b58c19ea661b,54.49468,-133.40804,15.04111,5.51024,-4.16995,-5.35791,-1.88822,8.13618,-5.08274,NA,NA,NA,NA,NA,NA,NA,NA,NA,NA,NA,NA,NA,NA,NA,NA,NA,NA,NA,NA,NA,NA,NA,NA,NA,NA,NA,NA,50.48347,2.469565,1.043149,1.426416,-0.91124,2.66223,0.70052,-5.73958,3.87238,5.01309,71.79113,4.82807,52.99268,-5.6581,59.68239,-3.79089,3.96029,22.0516,-15.05065,5.04045,35.87877,-1.59043,High,High,High,NA,NA,High,High,High,NA,NA,NA,NA,NA,NA,NA,NA,NA,NA,NA,NA,NA,NA,NA,NA,NA,NA,NA,NA,NA,NA,NA,NA,NA,NA,NA,NA,NA,NA,NA,NA,NA,NA,NA,NA,NA,NA,NA,NA,NA,NA,NA,NA,NA,NA,NA,NA,NA,NA,NA,NA
NA,NA,NA,NA,NA,NA,NA,NA,NA,NA,NA,NA,NA,NA,NA,NA,124,2026-02-14,15:39:51,1,1,"Scolari, Cal",822302,Right,ORE_DUC,"Alberti, Lucas",1000145512,Right,GEO_PAT,Undefined,4,Top,0,0,0,Fastball,Four-Seam,FoulBallNotFieldable,Undefined,Undefined,Undefined,0,0,NA,93.16853,-1.029758,-1.384737,2346.09952,217.51051,01:15:00,5.75747,1.39215,6.43694,-16.68836,14.79548,10.59965,3.42009,1.00269,85.16527,-4.221803,0.53725,0.403845,76.12346,41.842039,170.888215,3948.527545,NA,NA,NA,NA,53.43621,NA,NA,-5.95347,8.33327,-1.2984,50,5.67662,2.84735,-135.46013,-2.90799,-11.05547,29.75225,-16.69935,ORE_DUC,GEO_PAT,PKPark,D1,BIG10,20260214-PKPark-2,7c4e85a0-09fe-11f1-802c-cb007da271b4,93.33382,41.04706,NA,8.00326,NA,NA,NA,1.44078,3.49241,-1.01005,5ce813cb-c9e8-448f-bad2-0498063e9329,2026-02-14,23:39:51,2026-02-14T23:39:51Z,2026-02-14T23:39:51Z,NA,v3,4807,471300,82de864d38834b289bdde1d759a4a8fd,"Mabeus, Burke",1000222806,Right,ORE_DUC,e424329e-b77a-497f-bdfe-f7c1754bebc0,54.0622,-136.34943,14.87613,5.75609,-2.40885,-8.34968,-1.38844,3.1778,-5.52773,330.940058,1.44078,-82.12626,3.93855,0.82307,-0.22152,-0.446,1.09314,-1.15258,0.4892,3.49241,74.47785,-31.7872,4.44481,-0.70805,-0.73081,1.79961,-1.91371,0.81794,-1.01005,13.17194,-7.3727,2.117,-0.28992,-0.71719,1.62851,-1.71704,0.73157,NA,NA,NA,NA,NA,NA,NA,NA,NA,NA,NA,NA,NA,NA,NA,NA,NA,NA,NA,NA,NA,NA,High,High,High,High,Undefined,NA,NA,NA,NA,NA,NA,NA,NA,NA,NA,NA,NA,NA,NA,NA,NA,NA,NA,NA,NA,NA,NA,NA,NA,NA,NA,NA,NA,NA,NA,NA,NA,NA,NA,NA,NA,NA,NA,NA,NA,NA,NA,NA,NA,NA,NA,NA,NA,NA,NA,NA,NA,NA,NA,NA
NA,NA,NA,NA,NA,NA,NA,NA,NA,NA,NA,NA,NA,NA,NA,NA,125,2026-02-14,15:40:08,1,2,"Scolari, Cal",822302,Right,ORE_DUC,"Alberti, Lucas",1000145512,Right,GEO_PAT,Undefined,4,Top,0,0,1,Fastball,Four-Seam,BallCalled,Undefined,Undefined,Undefined,0,0,NA,94.42917,-2.501338,-3.21724,2416.040099,211.739273,01:00:00,5.72671,1.28769,6.45031,-14.642760000000001,16.50154,9.51544,2.20334,-0.87823,85.26136,-5.338609,-1.494817,0.401662,NA,NA,NA,NA,NA,NA,NA,NA,NA,NA,NA,-5.94752,9.71666,-1.06343,50,5.5424,7.2822,-136.81007,-6.36347,-11.12712,33.81018,-13.99529,ORE_DUC,GEO_PAT,PKPark,D1,BIG10,20260214-PKPark-2,86429650-09fe-11f1-802c-cb007da271b4,93.84117,NA,NA,9.16781,NA,NA,NA,NA,NA,NA,5ce813cb-c9e8-448f-bad2-0498063e9329,2026-02-14,23:40:08,2026-02-14T23:40:08Z,2026-02-14T23:40:08Z,NA,v3,4807,471300,82de864d38834b289bdde1d759a4a8fd,"Mabeus, Burke",1000222806,Right,ORE_DUC,3e44b9ce-c468-42f7-950d-a001cc8360ac,54.04516,-137.80613,16.90509,5.72379,-5.95116,-6.99764,-1.28279,7.61001,-5.56356,NA,NA,NA,NA,NA,NA,NA,NA,NA,NA,NA,NA,NA,NA,NA,NA,NA,NA,NA,NA,NA,NA,NA,NA,NA,NA,NA,NA,NA,NA,NA,NA,NA,NA,NA,NA,NA,NA,NA,NA,NA,NA,NA,NA,NA,NA,NA,NA,NA,NA,High,High,High,NA,NA,NA,NA,NA,NA,NA,NA,NA,NA,NA,NA,NA,NA,NA,NA,NA,NA,NA,NA,NA,NA,NA,NA,NA,NA,NA,NA,NA,NA,NA,NA,NA,NA,NA,NA,NA,NA,NA,NA,NA,NA,NA,NA,NA,NA,NA,NA,NA,NA,NA,NA,NA,NA,NA,NA,NA
NA,NA,NA,NA,NA,NA,NA,NA,NA,NA,NA,NA,NA,NA,NA,NA,126,2026-02-14,15:40:22,1,3,"Scolari, Cal",822302,Right,ORE_DUC,"Alberti, Lucas",1000145512,Right,GEO_PAT,Undefined,4,Top,0,1,1,Slider,Slider,StrikeCalled,Undefined,Undefined,Undefined,0,0,NA,85.3788,-0.929979,-1.004748,2611.402242,98.708566,09:15:00,5.94819,1.18644,5.87458,-35.78136,2.25996,-7.64185,2.10246,-0.38366,79.0474,-7.497779,-2.377594,0.443914,NA,NA,NA,NA,NA,NA,NA,NA,NA,NA,NA,3.66122,1.73689,-1.10077,50,5.85218,2.48198,-124.14126,-3.23401,5.75423,23.19041,-29.44425,ORE_DUC,GEO_PAT,PKPark,D1,BIG10,20260214-PKPark-2,8edd0a70-09fe-11f1-802c-cb007da271b4,84.90929,NA,NA,6.3314,NA,NA,NA,NA,NA,NA,5ce813cb-c9e8-448f-bad2-0498063e9329,2026-02-14,23:40:22,2026-02-14T23:40:22Z,2026-02-14T23:40:22Z,NA,v3,4807,471300,82de864d38834b289bdde1d759a4a8fd,"Mabeus, Burke",1000222806,Right,ORE_DUC,0532be1c-14b1-4376-b090-1a9f316c465a,54.62528,-125.00231,11.59521,5.95197,-2.14076,-14.72212,-1.18896,2.26832,2.87711,NA,NA,NA,NA,NA,NA,NA,NA,NA,NA,NA,NA,NA,NA,NA,NA,NA,NA,NA,NA,NA,NA,NA,NA,NA,NA,NA,NA,NA,NA,NA,NA,NA,NA,NA,NA,NA,NA,NA,NA,NA,NA,NA,NA,NA,NA,NA,NA,NA,NA,High,High,High,NA,NA,NA,NA,NA,NA,NA,NA,NA,NA,NA,NA,NA,NA,NA,NA,NA,NA,NA,NA,NA,NA,NA,NA,NA,NA,NA,NA,NA,NA,NA,NA,NA,NA,NA,NA,NA,NA,NA,NA,NA,NA,NA,NA,NA,NA,NA,NA,NA,NA,NA,NA,NA,NA,NA,NA,NA
NA,NA,NA,NA,NA,NA,NA,NA,NA,NA,NA,NA,NA,NA,NA,NA,127,2026-02-14,15:40:36,1,4,"Scolari, Cal",822302,Right,ORE_DUC,"Alberti, Lucas",1000145512,Right,GEO_PAT,Undefined,4,Top,0,1,2,Curveball,Curveball,StrikeSwinging,Strikeout,Undefined,Undefined,0,0,NA,80.44984,1.340813,-0.631559,2603.500648,38.201567,07:15:00,5.99166,1.02786,5.76656,-58.44322,-14.66548,-12.69001,2.36954,-0.61743,73.45588,-9.327734,-2.909454,0.47621,NA,NA,NA,NA,NA,NA,NA,NA,NA,NA,NA,6.26244,-7.45075,-0.96788,50,6.06734,1.78295,-116.84146,0.72429,8.54448,24.69023,-42.33985,ORE_DUC,GEO_PAT,PKPark,D1,BIG10,20260214-PKPark-2,97303c60-09fe-11f1-802c-cb007da271b4,79.15096,NA,NA,6.99396,NA,NA,NA,NA,NA,NA,5ce813cb-c9e8-448f-bad2-0498063e9329,2026-02-14,23:40:36,2026-02-14T23:40:36Z,2026-02-14T23:40:36Z,NA,v3,4807,471300,82de864d38834b289bdde1d759a4a8fd,"Mabeus, Burke",1000222806,Right,ORE_DUC,029d7114-8ada-4347-a579-8fee342b7b59,54.73546,-117.83788,12.34512,6.00363,2.43299,-21.16993,-1.03288,1.43813,4.27224,NA,NA,NA,NA,NA,NA,NA,NA,NA,NA,NA,NA,NA,NA,NA,NA,NA,NA,NA,NA,NA,NA,NA,NA,NA,NA,NA,NA,NA,NA,NA,NA,NA,NA,NA,NA,NA,NA,NA,NA,NA,NA,NA,NA,NA,NA,NA,NA,NA,NA,High,High,High,NA,NA,NA,NA,NA,NA,NA,NA,NA,NA,NA,NA,NA,NA,NA,NA,NA,NA,NA,NA,NA,NA,NA,NA,NA,NA,NA,NA,NA,NA,NA,NA,NA,NA,NA,NA,NA,NA,NA,NA,NA,NA,NA,NA,NA,NA,NA,NA,NA,NA,NA,NA,NA,NA,NA,NA,NA
NA,NA,NA,NA,NA,NA,NA,NA,NA,NA,NA,NA,NA,NA,NA,NA,128,2026-02-14,15:41:02,2,1,"Scolari, Cal",822302,Right,ORE_DUC,"Terilli, Lucas",1000315616,Left,GEO_PAT,Undefined,4,Top,1,0,0,ChangeUp,Changeup,BallCalled,Undefined,Undefined,Undefined,0,0,NA,87.59739,-2.795818,-2.886587,1963.565313,249.804578,02:15:00,5.67561,1.43599,6.38855,-28.70891,7.58552,17.08383,0.70628,0.20229,79.44717,-8.174429,0.210202,0.433602,NA,NA,NA,NA,NA,NA,NA,NA,NA,NA,NA,-9.90717,5.2215,-1.2361,50,5.4611,5.74907,-126.9702,-7.08129,-15.92997,29.64308,-23.77823,ORE_DUC,GEO_PAT,PKPark,D1,BIG10,20260214-PKPark-2,a6666e70-09fe-11f1-802c-cb007da271b4,86.92864,NA,NA,8.15021,NA,NA,NA,NA,NA,NA,5ce813cb-c9e8-448f-bad2-0498063e9329,2026-02-14,23:41:02,2026-02-14T23:41:02Z,2026-02-14T23:41:02Z,NA,v3,4807,471300,82de864d38834b289bdde1d759a4a8fd,"Mabeus, Burke",1000222806,Right,ORE_DUC,88fbab06-df26-44a3-b753-40b93e4b25ce,54.11038,-127.92623,14.82154,5.67712,-6.3144,-11.88912,-1.4298,6.26283,-7.96499,NA,NA,NA,NA,NA,NA,NA,NA,NA,NA,NA,NA,NA,NA,NA,NA,NA,NA,NA,NA,NA,NA,NA,NA,NA,NA,NA,NA,NA,NA,NA,NA,NA,NA,NA,NA,NA,NA,NA,NA,NA,NA,NA,NA,NA,NA,NA,NA,NA,NA,High,High,High,NA,NA,NA,NA,NA,NA,NA,NA,NA,NA,NA,NA,NA,NA,NA,NA,NA,NA,NA,NA,NA,NA,NA,NA,NA,NA,NA,NA,NA,NA,NA,NA,NA,NA,NA,NA,NA,NA,NA,NA,NA,NA,NA,NA,NA,NA,NA,NA,NA,NA,NA,NA,NA,NA,NA,NA,NA
NA,NA,NA,NA,NA,NA,NA,NA,NA,NA,NA,NA,NA,NA,NA,NA,129,2026-02-14,15:41:17,2,2,"Scolari, Cal",822302,Right,ORE_DUC,"Terilli, Lucas",1000315616,Left,GEO_PAT,Undefined,4,Top,1,1,0,Fastball,Four-Seam,StrikeCalled,Undefined,Undefined,Undefined,0,0,NA,92.96816,-1.091204,-1.509335,2449.558909,216.954697,01:15:00,5.62587,1.35673,6.43709,-16.57198,15.10761,10.60449,3.24163,0.8531,84.83349,-4.266368,0.413407,0.405099,NA,NA,NA,NA,NA,NA,NA,NA,NA,NA,NA,-5.91024,8.48839,-1.2536,50,5.54053,3.11206,-135.09414,-3.03069,-10.90699,29.81678,-16.50917,ORE_DUC,GEO_PAT,PKPark,D1,BIG10,20260214-PKPark-2,afc12550-09fe-11f1-802c-cb007da271b4,93.04503,NA,NA,8.13467,NA,NA,NA,NA,NA,NA,5ce813cb-c9e8-448f-bad2-0498063e9329,2026-02-14,23:41:17,2026-02-14T23:41:17Z,2026-02-14T23:41:17Z,NA,v3,4807,471300,82de864d38834b289bdde1d759a4a8fd,"Mabeus, Burke",1000222806,Right,ORE_DUC,1d403e2c-d66d-464e-9f58-3ee5e2dfcb90,54.05937,-135.98714,14.90839,5.62389,-2.53625,-8.25459,-1.3517,3.43871,-5.45349,NA,NA,NA,NA,NA,NA,NA,NA,NA,NA,NA,NA,NA,NA,NA,NA,NA,NA,NA,NA,NA,NA,NA,NA,NA,NA,NA,NA,NA,NA,NA,NA,NA,NA,NA,NA,NA,NA,NA,NA,NA,NA,NA,NA,NA,NA,NA,NA,NA,NA,High,High,High,NA,NA,NA,NA,NA,NA,NA,NA,NA,NA,NA,NA,NA,NA,NA,NA,NA,NA,NA,NA,NA,NA,NA,NA,NA,NA,NA,NA,NA,NA,NA,NA,NA,NA,NA,NA,NA,NA,NA,NA,NA,NA,NA,NA,NA,NA,NA,NA,NA,NA,NA,NA,NA,NA,NA,NA,NA
NA,NA,NA,NA,NA,NA,NA,NA,NA,NA,NA,NA,NA,NA,NA,NA,130,2026-02-14,15:41:32,2,3,"Scolari, Cal",822302,Right,ORE_DUC,"Terilli, Lucas",1000315616,Left,GEO_PAT,Undefined,4,Top,1,1,1,Curveball,Curveball,FoulBallNotFieldable,Undefined,Undefined,Undefined,0,0,NA,79.33258,1.22607,0.320971,2623.578947,44.260625,07:30:00,5.91994,1.14198,5.73901,-62.30027,-17.01733,-18.11737,1.87009,-0.06893,72.21528,-10.135573,-2.93299,0.484327,NA,NA,NA,NA,NA,NA,NA,NA,NA,NA,NA,9.34607,-8.6393,-1.15738,50,5.98378,0.05185,-115.20088,0.34302,12.3223,25.17381,-43.56454,ORE_DUC,GEO_PAT,PKPark,D1,BIG10,20260214-PKPark-2,b85e0a70-09fe-11f1-802c-cb007da271b4,77.82435,NA,NA,7.11729,NA,NA,NA,NA,NA,NA,5ce813cb-c9e8-448f-bad2-0498063e9329,2026-02-14,23:41:32,2026-02-14T23:41:32Z,2026-02-14T23:41:32Z,NA,v3,4807,471300,82de864d38834b289bdde1d759a4a8fd,"Mabeus, Burke",1000222806,Right,ORE_DUC,85e201e7-665a-481c-9db5-3bba24b72cd6,54.76401,-116.23725,12.5869,5.93274,2.13651,-21.78227,-1.14907,-0.45544,6.16115,NA,NA,NA,NA,NA,NA,NA,NA,NA,NA,NA,NA,NA,NA,NA,NA,NA,NA,NA,NA,NA,NA,NA,NA,NA,NA,NA,NA,NA,NA,NA,NA,NA,NA,NA,NA,NA,NA,NA,NA,NA,NA,NA,NA,NA,NA,NA,NA,NA,NA,High,High,High,NA,NA,NA,NA,NA,NA,NA,NA,NA,NA,NA,NA,NA,NA,NA,NA,NA,NA,NA,NA,NA,NA,NA,NA,NA,NA,NA,NA,NA,NA,NA,NA,NA,NA,NA,NA,NA,NA,NA,NA,NA,NA,NA,NA,NA,NA,NA,NA,NA,NA,NA,NA,NA,NA,NA,NA,NA
NA,NA,NA,NA,NA,NA,NA,NA,NA,NA,NA,NA,NA,NA,NA,NA,131,2026-02-14,15:41:59,2,4,"Scolari, Cal",822302,Right,ORE_DUC,"Terilli, Lucas",1000315616,Left,GEO_PAT,Undefined,4,Top,1,1,2,Curveball,Curveball,FoulBallNotFieldable,Undefined,Undefined,Undefined,0,0,NA,80.52348,1.114998,0.242539,2663.867191,35.888009,07:15:00,6.02569,1.06004,5.86186,-60.83196,-17.33257,-13.58359,1.99234,0.15339,73.65854,-9.990059,-2.203073,0.474693,NA,NA,NA,NA,NA,NA,NA,NA,NA,NA,NA,7.04784,-8.8415,-1.07167,50,6.08057,0.02242,-117.01851,0.213,9.64525,24.76487,-44.27401,ORE_DUC,GEO_PAT,PKPark,D1,BIG10,20260214-PKPark-2,c86aed70-09fe-11f1-802c-cb007da271b4,79.4038,NA,NA,6.86495,NA,NA,NA,NA,NA,NA,5ce813cb-c9e8-448f-bad2-0498063e9329,2026-02-14,23:41:59,2026-02-14T23:41:59Z,2026-02-14T23:41:59Z,NA,v3,4807,471300,82de864d38834b289bdde1d759a4a8fd,"Mabeus, Burke",1000222806,Right,ORE_DUC,1636985f-39b5-4ca5-b72b-530abeb3da5b,54.64151,-117.99671,12.38243,6.03762,1.96181,-22.137,-1.06503,-0.35856,4.82262,NA,NA,NA,NA,NA,NA,NA,NA,NA,NA,NA,NA,NA,NA,NA,NA,NA,NA,NA,NA,NA,NA,NA,NA,NA,NA,NA,NA,NA,NA,NA,NA,NA,NA,NA,NA,NA,NA,NA,NA,NA,NA,NA,NA,NA,NA,NA,NA,NA,NA,High,High,High,NA,NA,NA,NA,NA,NA,NA,NA,NA,NA,NA,NA,NA,NA,NA,NA,NA,NA,NA,NA,NA,NA,NA,NA,NA,NA,NA,NA,NA,NA,NA,NA,NA,NA,NA,NA,NA,NA,NA,NA,NA,NA,NA,NA,NA,NA,NA,NA,NA,NA,NA,NA,NA,NA,NA,NA,NA
NA,NA,NA,NA,NA,NA,NA,NA,NA,NA,NA,NA,NA,NA,NA,NA,132,2026-02-14,15:42:19,2,5,"Scolari, Cal",822302,Right,ORE_DUC,"Terilli, Lucas",1000315616,Left,GEO_PAT,Undefined,4,Top,1,1,2,Fastball,Four-Seam,BallCalled,Undefined,Undefined,Undefined,0,0,NA,93.91099,-0.496425,-0.570584,2492.256932,194.592137,12:30:00,5.77588,1.41421,6.42511,-13.42387,17.89666,4.37756,4.20089,1.25452,84.86052,-3.119914,0.222998,0.402797,NA,NA,NA,NA,NA,NA,NA,NA,NA,NA,NA,-2.43551,9.77319,-1.37525,50,5.73396,1.16888,-136.38298,-1.50252,-4.53746,33.03184,-13.96616,ORE_DUC,GEO_PAT,PKPark,D1,BIG10,20260214-PKPark-2,d4412ba0-09fe-11f1-802c-cb007da271b4,93.57684,NA,NA,9.05046,NA,NA,NA,NA,NA,NA,5ce813cb-c9e8-448f-bad2-0498063e9329,2026-02-14,23:42:19,2026-02-14T23:42:19Z,2026-02-14T23:42:19Z,NA,v3,4807,471300,82de864d38834b289bdde1d759a4a8fd,"Mabeus, Burke",1000222806,Right,ORE_DUC,fc714cb3-74d9-447a-838e-5321d1843aef,54.06941,-137.36505,16.51592,5.77246,-1.08729,-6.98308,-1.412,1.30379,-2.26873,NA,NA,NA,NA,NA,NA,NA,NA,NA,NA,NA,NA,NA,NA,NA,NA,NA,NA,NA,NA,NA,NA,NA,NA,NA,NA,NA,NA,NA,NA,NA,NA,NA,NA,NA,NA,NA,NA,NA,NA,NA,NA,NA,NA,NA,NA,NA,NA,NA,NA,High,High,High,NA,NA,NA,NA,NA,NA,NA,NA,NA,NA,NA,NA,NA,NA,NA,NA,NA,NA,NA,NA,NA,NA,NA,NA,NA,NA,NA,NA,NA,NA,NA,NA,NA,NA,NA,NA,NA,NA,NA,NA,NA,NA,NA,NA,NA,NA,NA,NA,NA,NA,NA,NA,NA,NA,NA,NA,NA
NA,NA,NA,NA,NA,NA,NA,NA,NA,NA,NA,NA,NA,NA,NA,NA,133,2026-02-14,15:42:34,2,6,"Scolari, Cal",822302,Right,ORE_DUC,"Terilli, Lucas",1000315616,Left,GEO_PAT,Undefined,4,Top,1,2,2,Fastball,Four-Seam,FoulBallNotFieldable,Undefined,Undefined,Undefined,0,0,NA,93.60258,-1.282668,-2.060309,2404.955171,201.575151,12:45:00,5.73639,1.33492,6.64356,-14.06339,17.18906,6.37363,3.38939,-0.02068,84.77509,-4.025611,-0.900957,0.402359,80.92109,13.207797,-167.795229,1677.868738,NA,NA,NA,135.14935,50.715,-170.002024,1.377338,-3.8939,9.67237,-1.19765,50,5.64322,4.60968,-135.8595,-3.36247,-7.21861,32.02714,-14.24311,ORE_DUC,GEO_PAT,PKPark,D1,BIG10,20260214-PKPark-2,dd798d70-09fe-11f1-802c-cb007da271b4,93.67867,10.99849,NA,8.82749,NA,NA,NA,0.05652,3.09857,0.26262,5ce813cb-c9e8-448f-bad2-0498063e9329,2026-02-14,23:42:34,2026-02-14T23:42:34Z,2026-02-14T23:42:34Z,LineDrive,v3,4807,471300,82de864d38834b289bdde1d759a4a8fd,"Mabeus, Burke",1000222806,Right,ORE_DUC,4abf0f89-fe34-4a01-b97f-627bcdda42ee,53.84868,-136.76377,16.01357,5.73247,-2.96032,-7.12156,-1.33068,4.81349,-3.6093,33.678109,-0.0806,-111.53623,10.92358,NA,NA,NA,NA,NA,NA,3.36353,24.42737,-19.62958,NA,NA,NA,NA,NA,NA,0.15382,-23.31103,4.52341,NA,NA,NA,NA,NA,NA,NA,NA,NA,NA,NA,NA,NA,NA,NA,NA,NA,NA,NA,NA,NA,NA,NA,NA,NA,NA,NA,NA,High,High,High,Medium,Low,NA,NA,NA,NA,NA,NA,NA,NA,NA,NA,NA,NA,NA,NA,NA,NA,NA,NA,NA,NA,NA,NA,NA,NA,NA,NA,NA,NA,NA,NA,NA,NA,NA,NA,NA,NA,NA,NA,NA,NA,NA,NA,NA,NA,NA,NA,NA,NA,NA,NA,NA,NA,NA,NA,NA
NA,NA,NA,NA,NA,NA,NA,NA,NA,NA,NA,NA,NA,NA,NA,NA,134,2026-02-14,15:42:56,2,7,"Scolari, Cal",822302,Right,ORE_DUC,"Terilli, Lucas",1000315616,Left,GEO_PAT,Undefined,4,Top,1,2,2,Slider,Slider,StrikeSwinging,Strikeout,Undefined,Undefined,0,0,NA,84.3836,-1.250185,0.056052,2720.521042,83.695946,08:45:00,5.86507,1.33877,5.85057,-39.40069,-0.28949,-13.11355,1.41983,0.29806,78.01177,-8.462436,-2.301496,0.450113,NA,NA,NA,NA,NA,NA,NA,NA,NA,NA,NA,6.77087,0.50831,-1.33545,50,5.74017,0.39225,-122.68473,-4.01489,10.34802,23.64709,-31.39722,ORE_DUC,GEO_PAT,PKPark,D1,BIG10,20260214-PKPark-2,ea55f100-09fe-11f1-802c-cb007da271b4,83.73987,NA,NA,6.37183,NA,NA,NA,NA,NA,NA,5ce813cb-c9e8-448f-bad2-0498063e9329,2026-02-14,23:42:56,2026-02-14T23:42:56Z,2026-02-14T23:42:56Z,NA,v3,4807,471300,82de864d38834b289bdde1d759a4a8fd,"Mabeus, Burke",1000222806,Right,ORE_DUC,50b03fb1-00a4-49d1-ba7e-2f666b0ecae4,54.65045,-123.57784,11.82354,5.86941,-2.82907,-15.69861,-1.34288,0.00142,5.17401,NA,NA,NA,NA,NA,NA,NA,NA,NA,NA,NA,NA,NA,NA,NA,NA,NA,NA,NA,NA,NA,NA,NA,NA,NA,NA,NA,NA,NA,NA,NA,NA,NA,NA,NA,NA,NA,NA,NA,NA,NA,NA,NA,NA,NA,NA,NA,NA,NA,NA,High,High,High,NA,NA,NA,NA,NA,NA,NA,NA,NA,NA,NA,NA,NA,NA,NA,NA,NA,NA,NA,NA,NA,NA,NA,NA,NA,NA,NA,NA,NA,NA,NA,NA,NA,NA,NA,NA,NA,NA,NA,NA,NA,NA,NA,NA,NA,NA,NA,NA,NA,NA,NA,NA,NA,NA,NA,NA,NA
NA,NA,NA,NA,NA,NA,NA,NA,NA,NA,NA,NA,NA,NA,NA,NA,135,2026-02-14,15:43:22,3,1,"Scolari, Cal",822302,Right,ORE_DUC,"Butler, Jake",1000136500,Right,GEO_PAT,Undefined,4,Top,2,0,0,Slider,Slider,StrikeCalled,Undefined,Undefined,Undefined,0,0,NA,85.66599,-0.877141,-1.121831,2549.442971,87.983115,09:00:00,5.97318,1.14439,5.82463,-36.99514,0.75846,-8.10949,2.0746000000000002,-0.57444,79.56189,-7.646323,-2.577371,0.442233,NA,NA,NA,NA,NA,NA,NA,NA,NA,NA,NA,3.87402,0.93461,-1.04789,50,5.87947,2.76534,-124.59021,-3.19127,6.15081,22.66416,-30.69017,ORE_DUC,GEO_PAT,PKPark,D1,BIG10,20260214-PKPark-2,fa0b1710-09fe-11f1-802c-cb007da271b4,85.23215,NA,NA,6.1041,NA,NA,NA,NA,NA,NA,5ce813cb-c9e8-448f-bad2-0498063e9329,2026-02-14,23:43:22,2026-02-14T23:43:22Z,2026-02-14T23:43:22Z,NA,v3,4807,471300,82de864d38834b289bdde1d759a4a8fd,"Mabeus, Burke",1000222806,Right,ORE_DUC,920ae8b2-9620-425f-bbd1-cc533f7fcdad,54.67583,-125.43791,11.33208,5.97736,-2.04339,-15.34509,-1.14702,2.53529,3.0754,NA,NA,NA,NA,NA,NA,NA,NA,NA,NA,NA,NA,NA,NA,NA,NA,NA,NA,NA,NA,NA,NA,NA,NA,NA,NA,NA,NA,NA,NA,NA,NA,NA,NA,NA,NA,NA,NA,NA,NA,NA,NA,NA,NA,NA,NA,NA,NA,NA,NA,High,High,High,NA,NA,NA,NA,NA,NA,NA,NA,NA,NA,NA,NA,NA,NA,NA,NA,NA,NA,NA,NA,NA,NA,NA,NA,NA,NA,NA,NA,NA,NA,NA,NA,NA,NA,NA,NA,NA,NA,NA,NA,NA,NA,NA,NA,NA,NA,NA,NA,NA,NA,NA,NA,NA,NA,NA,NA,NA
NA,NA,NA,NA,NA,NA,NA,NA,NA,NA,NA,NA,NA,NA,NA,NA,136,2026-02-14,15:43:35,3,2,"Scolari, Cal",822302,Right,ORE_DUC,"Butler, Jake",1000136500,Right,GEO_PAT,Undefined,4,Top,2,0,1,Fastball,Four-Seam,StrikeCalled,Undefined,Undefined,Undefined,0,0,NA,93.8612,-2.91182,-1.603737,2494.664745,218.954637,01:15:00,5.67283,1.46028,6.31691,-14.45599,16.81997,12.78123,1.78286,1.04786,85.77751,-5.684071,0.708681,0.40251,NA,NA,NA,NA,NA,NA,NA,NA,NA,NA,NA,-7.10831,9.88438,-1.34883,50,5.45259,3.28082,-136.25638,-7.32937,-13.34358,30.35441,-13.61929,ORE_DUC,GEO_PAT,PKPark,D1,BIG10,20260214-PKPark-2,0217a310-09ff-11f1-802c-cb007da271b4,93.64348,NA,NA,8.08369,NA,NA,NA,NA,NA,NA,5ce813cb-c9e8-448f-bad2-0498063e9329,2026-02-14,23:43:35,2026-02-14T23:43:35Z,2026-02-14T23:43:35Z,NA,v3,4807,471300,82de864d38834b289bdde1d759a4a8fd,"Mabeus, Burke",1000222806,Right,ORE_DUC,0742d2f0-14f9-439d-a1da-07b251d265f6,54.18174,-137.1848,15.17721,5.67039,-6.91281,-6.80965,-1.45542,3.68895,-6.67179,NA,NA,NA,NA,NA,NA,NA,NA,NA,NA,NA,NA,NA,NA,NA,NA,NA,NA,NA,NA,NA,NA,NA,NA,NA,NA,NA,NA,NA,NA,NA,NA,NA,NA,NA,NA,NA,NA,NA,NA,NA,NA,NA,NA,NA,NA,NA,NA,NA,NA,High,High,High,NA,NA,NA,NA,NA,NA,NA,NA,NA,NA,NA,NA,NA,NA,NA,NA,NA,NA,NA,NA,NA,NA,NA,NA,NA,NA,NA,NA,NA,NA,NA,NA,NA,NA,NA,NA,NA,NA,NA,NA,NA,NA,NA,NA,NA,NA,NA,NA,NA,NA,NA,NA,NA,NA,NA,NA,NA
NA,NA,NA,NA,NA,NA,NA,NA,NA,NA,NA,NA,NA,NA,NA,NA,137,2026-02-14,15:43:53,3,3,"Scolari, Cal",822302,Right,ORE_DUC,"Butler, Jake",1000136500,Right,GEO_PAT,Undefined,4,Top,2,0,2,Curveball,Curveball,BallCalled,Undefined,Undefined,Undefined,0,0,NA,81.14319,0.270067,-1.20869,2708.43173,51.709907,07:45:00,5.98503,0.913,5.75123,-55.43601,-12.43343,-17.51993,1.61684,-1.67237,74.40206,-9.822885,-4.352464,0.471975,NA,NA,NA,NA,NA,NA,NA,NA,NA,NA,NA,8.51756,-5.94197,-0.80213,50,5.9741,3.17977,-117.86679,-1.36965,11.84153,24.85892,-40.43487,ORE_DUC,GEO_PAT,PKPark,D1,BIG10,20260214-PKPark-2,0c678f60-09ff-11f1-802c-cb007da271b4,79.86114,NA,NA,6.74113,NA,NA,NA,NA,NA,NA,5ce813cb-c9e8-448f-bad2-0498063e9329,2026-02-14,23:43:53,2026-02-14T23:43:53Z,2026-02-14T23:43:53Z,NA,v3,4807,471300,82de864d38834b289bdde1d759a4a8fd,"Mabeus, Burke",1000222806,Right,ORE_DUC,508a8df5-00a4-4499-881d-bd9ec1ac3942,54.75062,-118.86451,12.42946,5.9965,0.25321,-20.21744,-0.92021,2.7045,5.92076,NA,NA,NA,NA,NA,NA,NA,NA,NA,NA,NA,NA,NA,NA,NA,NA,NA,NA,NA,NA,NA,NA,NA,NA,NA,NA,NA,NA,NA,NA,NA,NA,NA,NA,NA,NA,NA,NA,NA,NA,NA,NA,NA,NA,NA,NA,NA,NA,NA,NA,High,High,High,NA,NA,NA,NA,NA,NA,NA,NA,NA,NA,NA,NA,NA,NA,NA,NA,NA,NA,NA,NA,NA,NA,NA,NA,NA,NA,NA,NA,NA,NA,NA,NA,NA,NA,NA,NA,NA,NA,NA,NA,NA,NA,NA,NA,NA,NA,NA,NA,NA,NA,NA,NA,NA,NA,NA,NA,NA
NA,NA,NA,NA,NA,NA,NA,NA,NA,NA,NA,NA,NA,NA,NA,NA,138,2026-02-14,15:44:13,3,4,"Scolari, Cal",822302,Right,ORE_DUC,"Butler, Jake",1000136500,Right,GEO_PAT,Undefined,4,Top,2,1,2,Fastball,Four-Seam,BallCalled,Undefined,Undefined,Undefined,0,0,NA,93.98152,-1.007169,-1.515512,2510.025907,216.65196,01:15:00,5.67465,1.43838,6.15039,-14.94887,16.31103,11.41174,3.4979,0.98875,85.92539,-3.867796,0.542217,0.402407,NA,NA,NA,NA,NA,NA,NA,NA,NA,NA,NA,-6.27768,8.98823,-1.32863,50,5.59013,3.11381,-136.55837,-2.82968,-11.87101,29.67348,-15.17739,ORE_DUC,GEO_PAT,PKPark,D1,BIG10,20260214-PKPark-2,183baab0-09ff-11f1-802c-cb007da271b4,93.66756,NA,NA,8.05613,NA,NA,NA,NA,NA,NA,5ce813cb-c9e8-448f-bad2-0498063e9329,2026-02-14,23:44:13,2026-02-14T23:44:13Z,2026-02-14T23:44:13Z,NA,v3,4807,471300,82de864d38834b289bdde1d759a4a8fd,"Mabeus, Burke",1000222806,Right,ORE_DUC,feca7a14-6697-4f58-9b99-971c1d7354d3,54.34708,-137.49973,14.83674,5.67226,-2.3482,-7.58869,-1.43339,3.4904,-5.93551,NA,NA,NA,NA,NA,NA,NA,NA,NA,NA,NA,NA,NA,NA,NA,NA,NA,NA,NA,NA,NA,NA,NA,NA,NA,NA,NA,NA,NA,NA,NA,NA,NA,NA,NA,NA,NA,NA,NA,NA,NA,NA,NA,NA,NA,NA,NA,NA,NA,NA,High,High,High,NA,NA,NA,NA,NA,NA,NA,NA,NA,NA,NA,NA,NA,NA,NA,NA,NA,NA,NA,NA,NA,NA,NA,NA,NA,NA,NA,NA,NA,NA,NA,NA,NA,NA,NA,NA,NA,NA,NA,NA,NA,NA,NA,NA,NA,NA,NA,NA,NA,NA,NA,NA,NA,NA,NA,NA,NA
NA,NA,NA,NA,NA,NA,NA,NA,NA,NA,NA,NA,NA,NA,NA,NA,139,2026-02-14,15:44:33,3,5,"Scolari, Cal",822302,Right,ORE_DUC,"Butler, Jake",1000136500,Right,GEO_PAT,Undefined,4,Top,2,2,2,Slider,Slider,StrikeSwinging,Strikeout,Undefined,Undefined,0,0,NA,85.42539,-2.096872,-1.756033,2647.147602,86.861748,09:00:00,5.85498,1.07187,6.1188,-37.36018,0.42154,-12.14099,0.80127,-1.56387,79.27042,-8.943176,-3.947214,0.442397,NA,NA,NA,NA,NA,NA,NA,NA,NA,NA,NA,5.86807,1.06913,-0.93093,50,5.67457,4.26335,-124.1568,-5.76815,9.19748,23.8955,-30.49834,ORE_DUC,GEO_PAT,PKPark,D1,BIG10,20260214-PKPark-2,2461dda0-09ff-11f1-802c-cb007da271b4,85.2005,NA,NA,6.15497,NA,NA,NA,NA,NA,NA,5ce813cb-c9e8-448f-bad2-0498063e9329,2026-02-14,23:44:33,2026-02-14T23:44:33Z,2026-02-14T23:44:33Z,NA,v3,4807,471300,82de864d38834b289bdde1d759a4a8fd,"Mabeus, Burke",1000222806,Right,ORE_DUC,c0a4ac38-734e-4c96-b784-cf32e0e1caf0,54.38252,-124.99743,11.94775,5.85862,-4.69525,-15.24917,-1.07522,3.93979,4.59874,NA,NA,NA,NA,NA,NA,NA,NA,NA,NA,NA,NA,NA,NA,NA,NA,NA,NA,NA,NA,NA,NA,NA,NA,NA,NA,NA,NA,NA,NA,NA,NA,NA,NA,NA,NA,NA,NA,NA,NA,NA,NA,NA,NA,NA,NA,NA,NA,NA,NA,High,High,High,NA,NA,NA,NA,NA,NA,NA,NA,NA,NA,NA,NA,NA,NA,NA,NA,NA,NA,NA,NA,NA,NA,NA,NA,NA,NA,NA,NA,NA,NA,NA,NA,NA,NA,NA,NA,NA,NA,NA,NA,NA,NA,NA,NA,NA,NA,NA,NA,NA,NA,NA,NA,NA,NA,NA,NA,NA
NA,NA,NA,NA,NA,NA,NA,NA,NA,NA,NA,NA,NA,NA,NA,NA,140,2026-02-14,15:46:54,1,1,"Rumberg, Logan",1000216384,Right,GEO_PAT,"Brooks, Jack",809865,Left,ORE_DUC,Undefined,4,Bottom,0,0,0,Slider,Slider,StrikeCalled,Undefined,Undefined,Undefined,0,0,NA,79.44955,-1.467652,-1.722552,1947.586624,153.697855,11:00:00,5.43225,2.16219,5.85476,-31.13801,13.66261,-5.98205,1.47287,0.06274,72.26963,-7.274654,-2.795291,0.481741,NA,NA,NA,NA,NA,NA,NA,NA,NA,NA,NA,2.53803,7.90067,-2.01872,50,5.29501,3.68922,-115.22069,-3.87075,3.3728,23.69918,-21.67484,ORE_DUC,GEO_PAT,PKPark,D1,BIG10,20260214-PKPark-2,78a53740-09ff-11f1-802c-cb007da271b4,78.24217,NA,NA,7.17992,NA,NA,NA,NA,NA,NA,5ce813cb-c9e8-448f-bad2-0498063e9329,2026-02-14,23:46:54,2026-02-14T23:46:54Z,2026-02-14T23:46:54Z,NA,v3,4807,471300,82de864d38834b289bdde1d759a4a8fd,"Cowdrey, Vincent",1000469295,Right,GEO_PAT,5c9c91f2-cdda-4319-97aa-2023dff8d052,54.64213,-116.17158,11.84959,5.43287,-3.00108,-10.83742,-2.16403,3.55389,1.6864,NA,NA,NA,NA,NA,NA,NA,NA,NA,NA,NA,NA,NA,NA,NA,NA,NA,NA,NA,NA,NA,NA,NA,NA,NA,NA,NA,NA,NA,NA,NA,NA,NA,NA,NA,NA,NA,NA,NA,NA,NA,NA,NA,NA,NA,NA,NA,NA,NA,NA,High,High,High,NA,NA,NA,NA,NA,NA,NA,NA,NA,NA,NA,NA,NA,NA,NA,NA,NA,NA,NA,NA,NA,NA,NA,NA,NA,NA,NA,NA,NA,NA,NA,NA,NA,NA,NA,NA,NA,NA,NA,NA,NA,NA,NA,NA,NA,NA,NA,NA,NA,NA,NA,NA,NA,NA,NA,NA,NA
NA,NA,NA,NA,NA,NA,NA,NA,NA,NA,NA,NA,NA,NA,NA,NA,141,2026-02-14,15:47:09,1,2,"Rumberg, Logan",1000216384,Right,GEO_PAT,"Brooks, Jack",809865,Left,ORE_DUC,Undefined,4,Bottom,0,0,1,Curveball,Curveball,FoulBallNotFieldable,Undefined,Undefined,Undefined,0,0,NA,74.51059,2.123363,-1.67587,2271.357172,51.838045,07:45:00,5.49649,2.01469,5.50714,-63.63704,-12.16241,-17.59084,2.18092,-1.01891,68.32456,-9.436654,-4.811742,0.516378,NA,NA,NA,NA,NA,NA,NA,NA,NA,NA,NA,8.39658,-6.34748,-1.85615,50,5.63878,3.81008,-108.12862,1.94366,9.84125,20.61723,-39.61364,ORE_DUC,GEO_PAT,PKPark,D1,BIG10,20260214-PKPark-2,813942c0-09ff-11f1-802c-cb007da271b4,72.99384,NA,NA,6.18602,NA,NA,NA,NA,NA,NA,5ce813cb-c9e8-448f-bad2-0498063e9329,2026-02-14,23:47:09,2026-02-14T23:47:09Z,2026-02-14T23:47:09Z,NA,v3,4807,471300,82de864d38834b289bdde1d759a4a8fd,"Cowdrey, Vincent",1000469295,Right,GEO_PAT,2389bcd5-0eb7-467e-a407-507a122ceb40,54.99588,-109.07704,10.30862,5.50746,3.76594,-19.80682,-2.021,3.35737,4.92063,NA,NA,NA,NA,NA,NA,NA,NA,NA,NA,NA,NA,NA,NA,NA,NA,NA,NA,NA,NA,NA,NA,NA,NA,NA,NA,NA,NA,NA,NA,NA,NA,NA,NA,NA,NA,NA,NA,NA,NA,NA,NA,NA,NA,NA,NA,NA,NA,NA,NA,High,High,High,NA,NA,NA,NA,NA,NA,NA,NA,NA,NA,NA,NA,NA,NA,NA,NA,NA,NA,NA,NA,NA,NA,NA,NA,NA,NA,NA,NA,NA,NA,NA,NA,NA,NA,NA,NA,NA,NA,NA,NA,NA,NA,NA,NA,NA,NA,NA,NA,NA,NA,NA,NA,NA,NA,NA,NA,NA
NA,NA,NA,NA,NA,NA,NA,NA,NA,NA,NA,NA,NA,NA,NA,NA,142,2026-02-14,15:47:29,1,3,"Rumberg, Logan",1000216384,Right,GEO_PAT,"Brooks, Jack",809865,Left,ORE_DUC,Undefined,4,Bottom,0,0,2,Cutter,Slider,FoulBallNotFieldable,Undefined,Undefined,Undefined,0,0,NA,79.41908,1.106189,-2.054842,1932.501677,171.261211,11:45:00,5.44034,2.07846,5.64491,-37.31116,8.31256,-1.01591,3.36371,0.07625,71.32446,-5.838073,-2.236132,0.486146,71.76452,40.959112,-67.342643,3535.958875,37.96277,55.5561,-103.24126,189.47723,86.67076,-72.494477,3.505538,-0.18118,4.33551,-1.90338,50,5.51096,4.1664,-114.99838,1.0421,-0.23768,25.3859,-26.48677,ORE_DUC,GEO_PAT,PKPark,D1,BIG10,20260214-PKPark-2,8d76a730-09ff-11f1-802c-cb007da271b4,77.53317,55.87329,NA,8.09462,NA,NA,NA,0.6585,3.16205,0.32683,5ce813cb-c9e8-448f-bad2-0498063e9329,2026-02-14,23:47:29,2026-02-14T23:47:29Z,2026-02-14T23:47:29Z,FlyBall,v3,4807,471300,82de864d38834b289bdde1d759a4a8fd,"Cowdrey, Vincent",1000469295,Right,GEO_PAT,d275a3ad-5e5d-4ce3-871f-17eb6c353e7b,54.84948,-116.06397,12.69295,5.44388,2.15389,-13.24339,-2.07848,4.17637,-0.11884,NA,0.65852,30.61904,-7.71727,1.76199,-0.36853,0.0748,-0.01176,9.6e-4,-2e-5,3.16216,68.99181,-26.44925,3.21244,-0.5896,0.08393,-0.01341,0.0025,-2.3e-4,0.32733,-73.37029,13.01014,-3.80876,1.21536,-0.42803,0.11291,-0.01688,0.00104,NA,NA,NA,NA,NA,NA,NA,NA,NA,NA,NA,NA,NA,NA,NA,NA,NA,NA,NA,NA,NA,NA,High,High,High,Medium,Low,NA,NA,NA,NA,NA,NA,NA,NA,NA,NA,NA,NA,NA,NA,NA,NA,NA,NA,NA,NA,NA,NA,NA,NA,NA,NA,NA,NA,NA,NA,NA,NA,NA,NA,NA,NA,NA,NA,NA,NA,NA,NA,NA,NA,NA,NA,NA,NA,NA,NA,NA,NA,NA,NA,NA
NA,NA,NA,NA,NA,NA,NA,NA,NA,NA,NA,NA,NA,NA,NA,NA,143,2026-02-14,15:47:49,1,4,"Rumberg, Logan",1000216384,Right,GEO_PAT,"Brooks, Jack",809865,Left,ORE_DUC,Undefined,4,Bottom,0,0,2,Fastball,Four-Seam,BallCalled,Undefined,Undefined,Undefined,0,0,NA,89.59187,-1.902096,-0.727934,2189.124456,203.651584,12:45:00,5.5569,2.20555,6.07154,-7.8867,27.29218,11.37477,3.1388,2.47983,80.35667,-3.548383,1.319846,0.426886,NA,NA,NA,NA,NA,NA,NA,NA,NA,NA,NA,-6.0267,14.96733,-2.15476,50,5.40494,1.15457,-129.87584,-4.3709,-10.10574,31.83608,-7.07647,ORE_DUC,GEO_PAT,PKPark,D1,BIG10,20260214-PKPark-2,99041c90-09ff-11f1-802c-cb007da271b4,88.2962,NA,NA,9.23521,NA,NA,NA,NA,NA,NA,5ce813cb-c9e8-448f-bad2-0498063e9329,2026-02-14,23:47:49,2026-02-14T23:47:49Z,2026-02-14T23:47:49Z,NA,v3,4807,471300,82de864d38834b289bdde1d759a4a8fd,"Cowdrey, Vincent",1000469295,Right,GEO_PAT,e2ec82e4-aac4-4408-b973-40e1aec5d593,54.42225,-130.95537,15.91804,5.54908,-4.13094,-3.53824,-2.19972,1.49724,-5.05287,NA,NA,NA,NA,NA,NA,NA,NA,NA,NA,NA,NA,NA,NA,NA,NA,NA,NA,NA,NA,NA,NA,NA,NA,NA,NA,NA,NA,NA,NA,NA,NA,NA,NA,NA,NA,NA,NA,NA,NA,NA,NA,NA,NA,NA,NA,NA,NA,NA,NA,High,High,High,NA,NA,NA,NA,NA,NA,NA,NA,NA,NA,NA,NA,NA,NA,NA,NA,NA,NA,NA,NA,NA,NA,NA,NA,NA,NA,NA,NA,NA,NA,NA,NA,NA,NA,NA,NA,NA,NA,NA,NA,NA,NA,NA,NA,NA,NA,NA,NA,NA,NA,NA,NA,NA,NA,NA,NA,NA
NA,NA,NA,NA,NA,NA,NA,NA,NA,NA,NA,NA,NA,NA,NA,NA,144,2026-02-14,15:48:04,1,5,"Rumberg, Logan",1000216384,Right,GEO_PAT,"Brooks, Jack",809865,Left,ORE_DUC,Undefined,4,Bottom,0,1,2,Fastball,Four-Seam,BallCalled,Undefined,Undefined,Undefined,0,0,NA,88.17148,-0.139008,-1.92068,2201.065001,208.909625,01:00:00,5.48481,2.05732,6.01274,-11.40339,24.93139,13.03587,4.40569,1.36372,79.12593,-2.42555,0.422523,0.433843,NA,NA,NA,NA,NA,NA,NA,NA,NA,NA,NA,-7.23615,13.15194,-1.91321,50,5.46735,3.72307,-127.82946,-0.51045,-11.77853,30.34615,-10.76614,ORE_DUC,GEO_PAT,PKPark,D1,BIG10,20260214-PKPark-2,a24509e0-09ff-11f1-802c-cb007da271b4,86.88035,NA,NA,9.04555,NA,NA,NA,NA,NA,NA,5ce813cb-c9e8-448f-bad2-0498063e9329,2026-02-14,23:48:04,2026-02-14T23:48:04Z,2026-02-14T23:48:04Z,NA,v3,4807,471300,82de864d38834b289bdde1d759a4a8fd,"Cowdrey, Vincent",1000469295,Right,GEO_PAT,08d53bb0-cdf1-4bd6-85dc-864a6ddedf0a,54.48101,-128.88884,15.17307,5.47861,-0.1346,-5.38307,-2.05036,4.13426,-5.88927,NA,NA,NA,NA,NA,NA,NA,NA,NA,NA,NA,NA,NA,NA,NA,NA,NA,NA,NA,NA,NA,NA,NA,NA,NA,NA,NA,NA,NA,NA,NA,NA,NA,NA,NA,NA,NA,NA,NA,NA,NA,NA,NA,NA,NA,NA,NA,NA,NA,NA,High,High,High,NA,NA,NA,NA,NA,NA,NA,NA,NA,NA,NA,NA,NA,NA,NA,NA,NA,NA,NA,NA,NA,NA,NA,NA,NA,NA,NA,NA,NA,NA,NA,NA,NA,NA,NA,NA,NA,NA,NA,NA,NA,NA,NA,NA,NA,NA,NA,NA,NA,NA,NA,NA,NA,NA,NA,NA,NA
NA,NA,NA,NA,NA,NA,NA,NA,NA,NA,NA,NA,NA,NA,NA,NA,145,2026-02-14,15:48:24,1,6,"Rumberg, Logan",1000216384,Right,GEO_PAT,"Brooks, Jack",809865,Left,ORE_DUC,Undefined,4,Bottom,0,2,2,Cutter,Slider,BallCalled,Undefined,Undefined,Undefined,0,0,NA,82.54098,-2.024053,-1.138743,2185.00921,183.300325,12:00:00,5.36,2.20222,6.00761,-27.2023,13.47516,0.70539,1.2168,1.20587,76.05211,-7.090481,-1.01178,0.459038,NA,NA,NA,NA,NA,NA,NA,NA,NA,NA,NA,-0.66862,7.86126,-2.11319,50,5.18602,2.35675,-119.903,-5.05075,-0.97707,22.35825,-20.68604,ORE_DUC,GEO_PAT,PKPark,D1,BIG10,20260214-PKPark-2,ae3845f0-09ff-11f1-802c-cb007da271b4,82.11187,NA,NA,6.48887,NA,NA,NA,NA,NA,NA,5ce813cb-c9e8-448f-bad2-0498063e9329,2026-02-14,23:48:24,2026-02-14T23:48:24Z,2026-02-14T23:48:24Z,NA,v3,4807,471300,82de864d38834b289bdde1d759a4a8fd,"Cowdrey, Vincent",1000469295,Right,GEO_PAT,f5814d1c-0e78-4f68-a441-288b693ae4c6,54.49089,-120.73751,11.17913,5.36013,-4.27866,-10.34302,-2.20183,2.39322,-0.48854,NA,NA,NA,NA,NA,NA,NA,NA,NA,NA,NA,NA,NA,NA,NA,NA,NA,NA,NA,NA,NA,NA,NA,NA,NA,NA,NA,NA,NA,NA,NA,NA,NA,NA,NA,NA,NA,NA,NA,NA,NA,NA,NA,NA,NA,NA,NA,NA,NA,NA,High,High,High,NA,NA,NA,NA,NA,NA,NA,NA,NA,NA,NA,NA,NA,NA,NA,NA,NA,NA,NA,NA,NA,NA,NA,NA,NA,NA,NA,NA,NA,NA,NA,NA,NA,NA,NA,NA,NA,NA,NA,NA,NA,NA,NA,NA,NA,NA,NA,NA,NA,NA,NA,NA,NA,NA,NA,NA,NA
NA,NA,NA,NA,NA,NA,NA,NA,NA,NA,NA,NA,NA,NA,NA,NA,146,2026-02-14,15:48:44,1,7,"Rumberg, Logan",1000216384,Right,GEO_PAT,"Brooks, Jack",809865,Left,ORE_DUC,Undefined,4,Bottom,0,3,2,Curveball,Curveball,StrikeSwinging,Strikeout,Undefined,Undefined,0,0,NA,75.74393,0.671168,-1.975346,2347.328192,42.577577,07:30:00,5.44723,1.98996,5.60745,-60.60554,-11.17646,-11.69091,1.02367,-0.82887,69.84434,-10.326452,-4.066185,0.506014,NA,NA,NA,NA,NA,NA,NA,NA,NA,NA,NA,5.39339,-5.52111,-1.81309,50,5.46489,4.21717,-110.00576,-0.667,6.56448,20.74047,-38.89397,ORE_DUC,GEO_PAT,PKPark,D1,BIG10,20260214-PKPark-2,ba398bc0-09ff-11f1-802c-cb007da271b4,74.48891,NA,NA,5.89958,NA,NA,NA,NA,NA,NA,5ce813cb-c9e8-448f-bad2-0498063e9329,2026-02-14,23:48:44,2026-02-14T23:48:44Z,2026-02-14T23:48:44Z,NA,v3,4807,471300,82de864d38834b289bdde1d759a4a8fd,"Cowdrey, Vincent",1000469295,Right,GEO_PAT,1019fc67-cded-4631-91cd-bd5bdf43b6b8,54.8954,-110.9249,10.37024,5.45625,1.05663,-19.44699,-1.99353,3.92626,3.28224,NA,NA,NA,NA,NA,NA,NA,NA,NA,NA,NA,NA,NA,NA,NA,NA,NA,NA,NA,NA,NA,NA,NA,NA,NA,NA,NA,NA,67.74947,NA,NA,0.99519,NA,NA,NA,2.12247,5.90618,-1.84316,78.50839,11.7408,-46.27118,2.19573,82.19529,-5.51435,5.92212,18.00785,-12.21243,-1.93243,-50.46113,5.90532,High,High,High,NA,NA,High,High,High,NA,NA,NA,NA,NA,NA,NA,NA,NA,NA,NA,NA,NA,NA,NA,NA,NA,NA,NA,NA,NA,NA,NA,NA,NA,NA,NA,NA,NA,NA,NA,NA,NA,NA,NA,NA,NA,NA,NA,NA,NA,NA,NA,NA,NA,NA,NA,NA,NA,NA,NA,NA
NA,NA,NA,NA,NA,NA,NA,NA,NA,NA,NA,NA,NA,NA,NA,NA,147,2026-02-14,15:49:17,2,1,"Rumberg, Logan",1000216384,Right,GEO_PAT,"Cooney, Ryan",807721,Right,ORE_DUC,Undefined,4,Bottom,1,0,0,Slider,Curveball,BallCalled,Undefined,Undefined,Undefined,0,0,NA,77.24653,2.090552,-1.853327,2068.264069,87.336275,09:00:00,5.40311,1.99502,5.35646,-46.54349,1.04299,-7.48741,3.48694,-0.36762,71.15535,-6.394475,-3.182139,0.496493,NA,NA,NA,NA,NA,NA,NA,NA,NA,NA,NA,3.27217,0.39909,-1.82286,50,5.55788,3.91843,-112.10646,2.53619,4.18627,19.26253,-31.66347,ORE_DUC,GEO_PAT,PKPark,D1,BIG10,20260214-PKPark-2,cdd20680-09ff-11f1-802c-cb007da271b4,75.91733,NA,NA,6.09118,NA,NA,NA,NA,NA,NA,5ce813cb-c9e8-448f-bad2-0498063e9329,2026-02-14,23:49:17,2026-02-14T23:49:17Z,2026-02-14T23:49:17Z,NA,v3,4807,471300,82de864d38834b289bdde1d759a4a8fd,"Cowdrey, Vincent",1000469295,Right,GEO_PAT,c6918968-9721-418e-af7b-d122fc639e9d,55.14309,-112.98671,9.63127,5.40892,3.98313,-15.83174,-1.99755,3.72713,2.09314,NA,NA,NA,NA,NA,NA,NA,NA,NA,NA,NA,NA,NA,NA,NA,NA,NA,NA,NA,NA,NA,NA,NA,NA,NA,NA,NA,NA,NA,NA,NA,NA,NA,NA,NA,NA,NA,NA,NA,NA,NA,NA,NA,NA,NA,NA,NA,NA,NA,NA,High,High,High,NA,NA,NA,NA,NA,NA,NA,NA,NA,NA,NA,NA,NA,NA,NA,NA,NA,NA,NA,NA,NA,NA,NA,NA,NA,NA,NA,NA,NA,NA,NA,NA,NA,NA,NA,NA,NA,NA,NA,NA,NA,NA,NA,NA,NA,NA,NA,NA,NA,NA,NA,NA,NA,NA,NA,NA,NA
NA,NA,NA,NA,NA,NA,NA,NA,NA,NA,NA,NA,NA,NA,NA,NA,148,2026-02-14,15:49:33,2,2,"Rumberg, Logan",1000216384,Right,GEO_PAT,"Cooney, Ryan",807721,Right,ORE_DUC,Undefined,4,Bottom,1,1,0,Curveball,Curveball,StrikeCalled,Undefined,Undefined,Undefined,0,0,NA,73.82201,2.936516,-1.05531,2310.604898,45.757574,07:30:00,5.3959,2.02479,5.56856,-70.42988,-17.55977,-19.94501,2.27267,-0.62319,67.02895,-9.887537,-4.616925,0.523331,NA,NA,NA,NA,NA,NA,NA,NA,NA,NA,NA,9.67646,-9.25237,-1.9206,50,5.60336,2.71531,-107.02751,3.19363,10.98829,22.08845,-42.68078,ORE_DUC,GEO_PAT,PKPark,D1,BIG10,20260214-PKPark-2,d708e1b0-09ff-11f1-802c-cb007da271b4,72.02408,NA,NA,6.79306,NA,NA,NA,NA,NA,NA,5ce813cb-c9e8-448f-bad2-0498063e9329,2026-02-14,23:49:33,2026-02-14T23:49:33Z,2026-02-14T23:49:33Z,NA,v3,4807,471300,82de864d38834b289bdde1d759a4a8fd,"Cowdrey, Vincent",1000469295,Right,GEO_PAT,8027ea6f-353a-45a5-b15a-719c87504dfe,54.93482,-108.04116,11.04423,5.41186,5.15228,-21.34039,-2.03364,2.21105,5.49414,NA,NA,NA,NA,NA,NA,NA,NA,NA,NA,NA,NA,NA,NA,NA,NA,NA,NA,NA,NA,NA,NA,NA,NA,NA,NA,NA,NA,NA,NA,NA,NA,NA,NA,NA,NA,NA,NA,NA,NA,NA,NA,NA,NA,NA,NA,NA,NA,NA,NA,High,High,High,NA,NA,NA,NA,NA,NA,NA,NA,NA,NA,NA,NA,NA,NA,NA,NA,NA,NA,NA,NA,NA,NA,NA,NA,NA,NA,NA,NA,NA,NA,NA,NA,NA,NA,NA,NA,NA,NA,NA,NA,NA,NA,NA,NA,NA,NA,NA,NA,NA,NA,NA,NA,NA,NA,NA,NA,NA
NA,NA,NA,NA,NA,NA,NA,NA,NA,NA,NA,NA,NA,NA,NA,NA,149,2026-02-14,15:49:47,2,3,"Rumberg, Logan",1000216384,Right,GEO_PAT,"Cooney, Ryan",807721,Right,ORE_DUC,Undefined,4,Bottom,1,1,1,Slider,Slider,StrikeSwinging,Undefined,Undefined,Undefined,0,0,NA,81.32731,-1.202037,-2.999985,2070.664917,161.699665,11:30:00,5.45993,2.02643,5.9054,-27.74557,14.73367,-4.41229,2.03033,-1.12851,74.31,-6.3848,-3.790216,0.469094,NA,NA,NA,NA,NA,NA,NA,NA,NA,NA,NA,1.38248,8.32071,-1.78282,50,5.3475,6.35011,-117.91092,-3.2959,1.93784,23.32528,-20.51065,ORE_DUC,GEO_PAT,PKPark,D1,BIG10,20260214-PKPark-2,df66e910-09ff-11f1-802c-cb007da271b4,80.3516,NA,NA,7.0173,NA,NA,NA,NA,NA,NA,5ce813cb-c9e8-448f-bad2-0498063e9329,2026-02-14,23:49:47,2026-02-14T23:49:47Z,2026-02-14T23:49:47Z,NA,v3,4807,471300,82de864d38834b289bdde1d759a4a8fd,"Cowdrey, Vincent",1000469295,Right,GEO_PAT,0cd44872-f993-4e2d-8dc9-3b48c5d119e6,54.59076,-118.81559,11.66264,5.45991,-2.50038,-10.25533,-2.02766,6.27495,0.96892,NA,NA,NA,NA,NA,NA,NA,NA,NA,NA,NA,NA,NA,NA,NA,NA,NA,NA,NA,NA,NA,NA,NA,NA,NA,NA,NA,NA,NA,NA,NA,NA,NA,NA,NA,NA,NA,NA,NA,NA,NA,NA,NA,NA,NA,NA,NA,NA,NA,NA,High,High,High,NA,NA,NA,NA,NA,NA,NA,NA,NA,NA,NA,NA,NA,NA,NA,NA,NA,NA,NA,NA,NA,NA,NA,NA,NA,NA,NA,NA,NA,NA,NA,NA,NA,NA,NA,NA,NA,NA,NA,NA,NA,NA,NA,NA,NA,NA,NA,NA,NA,NA,NA,NA,NA,NA,NA,NA,NA
NA,NA,NA,NA,NA,NA,NA,NA,NA,NA,NA,NA,NA,NA,NA,NA,150,2026-02-14,15:50:03,2,4,"Rumberg, Logan",1000216384,Right,GEO_PAT,"Cooney, Ryan",807721,Right,ORE_DUC,Undefined,4,Bottom,1,1,2,Slider,Slider,BallCalled,Undefined,Undefined,Undefined,0,0,NA,80.77082,-2.549117,-2.28495,2125.950874,153.906719,11:15:00,5.32009,1.89634,6.00218,-28.7325,14.11883,-6.23213,0.56039,-0.74125,74.12171,-7.892588,-3.405057,0.471144,NA,NA,NA,NA,NA,NA,NA,NA,NA,NA,NA,2.56543,8.42237,-1.71316,50,5.10366,4.90466,-117.14425,-6.05594,3.55302,22.81468,-20.5094,ORE_DUC,GEO_PAT,PKPark,D1,BIG10,20260214-PKPark-2,e91e8d00-09ff-11f1-802c-cb007da271b4,80.00198,NA,NA,6.64911,NA,NA,NA,NA,NA,NA,5ce813cb-c9e8-448f-bad2-0498063e9329,2026-02-14,23:50:03,2026-02-14T23:50:03Z,2026-02-14T23:50:03Z,NA,v3,4807,471300,82de864d38834b289bdde1d759a4a8fd,"Cowdrey, Vincent",1000469295,Right,GEO_PAT,4c72f22c-7fff-4193-833f-1ff233c83c3d,54.49578,-118.01659,11.40734,5.32022,-5.27175,-10.2547,-1.8981,4.76881,1.77651,NA,NA,NA,NA,NA,NA,NA,NA,NA,NA,NA,NA,NA,NA,NA,NA,NA,NA,NA,NA,NA,NA,NA,NA,NA,NA,NA,NA,NA,NA,NA,NA,NA,NA,NA,NA,NA,NA,NA,NA,NA,NA,NA,NA,NA,NA,NA,NA,NA,NA,High,High,High,NA,NA,NA,NA,NA,NA,NA,NA,NA,NA,NA,NA,NA,NA,NA,NA,NA,NA,NA,NA,NA,NA,NA,NA,NA,NA,NA,NA,NA,NA,NA,NA,NA,NA,NA,NA,NA,NA,NA,NA,NA,NA,NA,NA,NA,NA,NA,NA,NA,NA,NA,NA,NA,NA,NA,NA,NA
NA,NA,NA,NA,NA,NA,NA,NA,NA,NA,NA,NA,NA,NA,NA,NA,151,2026-02-14,15:50:22,2,5,"Rumberg, Logan",1000216384,Right,GEO_PAT,"Cooney, Ryan",807721,Right,ORE_DUC,Undefined,4,Bottom,1,2,2,Curveball,Curveball,InPlay,Undefined,GroundBall,Out,1,0,NA,74.34281,2.479339,-0.730621,2200.941185,43.646593,07:30:00,5.44263,1.83054,5.64576,-65.79716,-14.32981,-15.28009,2.27382,-0.12434,68.01752,-9.512194,-3.464645,0.516342,94.13132,-0.054459,-34.085469,3630.900815,NA,NA,NA,53.98291,49.41321,-34.829617,0.39623,7.59178,-7.68288,-1.75833,50,5.61051,1.92179,-107.92303,2.5866,8.85245,20.76863,-41.13273,ORE_DUC,GEO_PAT,PKPark,D1,BIG10,20260214-PKPark-2,f47736c0-09ff-11f1-802c-cb007da271b4,72.99901,2.65776,NA,6.32528,NA,NA,NA,2.59719,2.65776,-0.09941,5ce813cb-c9e8-448f-bad2-0498063e9329,2026-02-14,23:50:22,2026-02-14T23:50:22Z,2026-02-14T23:50:22Z,GroundBall,v3,4807,471300,82de864d38834b289bdde1d759a4a8fd,"Cowdrey, Vincent",1000469295,Right,GEO_PAT,9405e389-87a8-4c42-a829-25ca380396ec,54.85784,-108.85385,10.38431,5.45327,4.43012,-20.56637,-1.83557,1.52504,4.42622,NA,2.60802,113.97587,-22.08263,NA,NA,NA,NA,NA,NA,2.66227,-0.28337,-16.27183,NA,NA,NA,NA,NA,NA,-0.09489,-77.526,-0.14608,NA,NA,NA,NA,NA,NA,NA,NA,NA,NA,NA,NA,NA,NA,NA,NA,NA,NA,NA,NA,NA,NA,NA,NA,NA,NA,NA,NA,High,High,High,High,High,NA,NA,NA,NA,NA,NA,NA,NA,NA,NA,NA,NA,NA,NA,NA,NA,NA,NA,NA,NA,NA,NA,NA,NA,NA,NA,NA,NA,NA,NA,NA,NA,NA,NA,NA,NA,NA,NA,NA,NA,NA,NA,NA,NA,NA,NA,NA,NA,NA,NA,NA,NA,NA,NA,NA
NA,NA,NA,NA,NA,NA,NA,NA,NA,NA,NA,NA,NA,NA,NA,NA,152,2026-02-14,15:50:57,3,1,"Rumberg, Logan",1000216384,Right,GEO_PAT,"Laya, Angel",824337,Left,ORE_DUC,Undefined,4,Bottom,2,0,0,Curveball,Curveball,BallCalled,Undefined,Undefined,Undefined,0,0,NA,75.38007,2.302544,-1.69574,2321.93122,49.426049,07:45:00,5.39979,2.1937,5.76533,-65.31574,-15.00001,-19.57765,2.10185,-1.01642,68.4919,-9.632887,-5.202439,0.510533,NA,NA,NA,NA,NA,NA,NA,NA,NA,NA,NA,9.36922,-7.86308,-2.0415,50,5.55136,3.9597,-109.32579,2.29645,11.10092,23.05227,-41.49045,ORE_DUC,GEO_PAT,PKPark,D1,BIG10,20260214-PKPark-2,0983b3e0-0a00-11f1-802c-cb007da271b4,73.82965,NA,NA,6.88816,NA,NA,NA,NA,NA,NA,5ce813cb-c9e8-448f-bad2-0498063e9329,2026-02-14,23:50:57,2026-02-14T23:50:57Z,2026-02-14T23:50:57Z,NA,v3,4807,471300,82de864d38834b289bdde1d759a4a8fd,"Cowdrey, Vincent",1000469295,Right,GEO_PAT,f5baa15f-fce7-444a-8538-4068df808dc4,54.73701,-110.32011,11.52614,5.41371,4.08606,-20.74522,-2.20197,3.48088,5.55046,NA,NA,NA,NA,NA,NA,NA,NA,NA,NA,NA,NA,NA,NA,NA,NA,NA,NA,NA,NA,NA,NA,NA,NA,NA,NA,NA,NA,NA,NA,NA,NA,NA,NA,NA,NA,NA,NA,NA,NA,NA,NA,NA,NA,NA,NA,NA,NA,NA,NA,High,High,High,NA,NA,NA,NA,NA,NA,NA,NA,NA,NA,NA,NA,NA,NA,NA,NA,NA,NA,NA,NA,NA,NA,NA,NA,NA,NA,NA,NA,NA,NA,NA,NA,NA,NA,NA,NA,NA,NA,NA,NA,NA,NA,NA,NA,NA,NA,NA,NA,NA,NA,NA,NA,NA,NA,NA,NA,NA
NA,NA,NA,NA,NA,NA,NA,NA,NA,NA,NA,NA,NA,NA,NA,NA,153,2026-02-14,15:51:14,3,2,"Rumberg, Logan",1000216384,Right,GEO_PAT,"Laya, Angel",824337,Left,ORE_DUC,Undefined,4,Bottom,2,1,0,ChangeUp,Changeup,BallCalled,Undefined,Undefined,Undefined,0,0,NA,82.96343,-2.707184,-2.650714,1336.178356,219.769021,01:15:00,5.52553,2.04607,5.69064,-26.43517,14.73127,11.11225,0.79496,0.4999,75.84518,-7.621847,-0.664255,0.461788,NA,NA,NA,NA,NA,NA,NA,NA,NA,NA,NA,-6.44209,8.68548,-1.83032,50,5.28122,5.12367,-120.21444,-6.51445,-9.39018,24.15733,-19.51382,ORE_DUC,GEO_PAT,PKPark,D1,BIG10,20260214-PKPark-2,135f5a90-0a00-11f1-802c-cb007da271b4,81.62274,NA,NA,7.11825,NA,NA,NA,NA,NA,NA,5ce813cb-c9e8-448f-bad2-0498063e9329,2026-02-14,23:51:14,2026-02-14T23:51:14Z,2026-02-14T23:51:14Z,NA,v3,4807,471300,82de864d38834b289bdde1d759a4a8fd,"Cowdrey, Vincent",1000469295,Right,GEO_PAT,bbdd8ff8-d622-457e-a4c4-262925b75fc5,54.80745,-121.17665,12.07867,5.52522,-5.7372,-9.75691,-2.04185,5.4977,-4.69509,NA,NA,NA,NA,NA,NA,NA,NA,NA,NA,NA,NA,NA,NA,NA,NA,NA,NA,NA,NA,NA,NA,NA,NA,NA,NA,NA,NA,NA,NA,NA,NA,NA,NA,NA,NA,NA,NA,NA,NA,NA,NA,NA,NA,NA,NA,NA,NA,NA,NA,High,High,High,NA,NA,NA,NA,NA,NA,NA,NA,NA,NA,NA,NA,NA,NA,NA,NA,NA,NA,NA,NA,NA,NA,NA,NA,NA,NA,NA,NA,NA,NA,NA,NA,NA,NA,NA,NA,NA,NA,NA,NA,NA,NA,NA,NA,NA,NA,NA,NA,NA,NA,NA,NA,NA,NA,NA,NA,NA
NA,NA,NA,NA,NA,NA,NA,NA,NA,NA,NA,NA,NA,NA,NA,NA,154,2026-02-14,15:51:30,3,3,"Rumberg, Logan",1000216384,Right,GEO_PAT,"Laya, Angel",824337,Left,ORE_DUC,Undefined,4,Bottom,2,2,0,Fastball,Four-Seam,InPlay,Undefined,GroundBall,Single,0,0,NA,88.79724,-1.112359,-2.249508,2003.316781,212.400222,01:00:00,5.5634,2.02865,6.16714,-14.0795,21.34076,12.75721,3.36173,1.01288,80.26075,-3.863855,0.049923,0.428348,101.09158,-3.216036,12.618685,2532.728993,NA,NA,NA,35.19164,35.03401,11.114289,0.234777,-7.33272,11.7691,-1.86474,50,5.47196,4.54741,-128.85463,-2.84322,-12.18851,29.60937,-12.61133,ORE_DUC,GEO_PAT,PKPark,D1,BIG10,20260214-PKPark-2,1cf21160-0a00-11f1-802c-cb007da271b4,87.99481,3.43891,NA,8.53649,NA,NA,NA,1.94269,3.43891,-0.99699,5ce813cb-c9e8-448f-bad2-0498063e9329,2026-02-14,23:51:30,2026-02-14T23:51:30Z,2026-02-14T23:51:30Z,GroundBall,v3,4807,471300,82de864d38834b289bdde1d759a4a8fd,"Cowdrey, Vincent",1000469295,Right,GEO_PAT,3688c6c4-252a-4b22-b58f-a10a95557a84,54.33082,-129.84599,14.80469,5.56008,-2.42097,-6.30566,-2.02382,4.9555,-6.09426,325.142851,1.94436,144.36374,-23.72479,NA,NA,NA,NA,NA,NA,3.44178,-8.48014,-26.37178,NA,NA,NA,NA,NA,NA,-0.99807,32.40098,3.19079,NA,NA,NA,NA,NA,NA,NA,NA,NA,NA,NA,NA,NA,NA,NA,NA,NA,NA,NA,NA,NA,NA,NA,NA,NA,NA,NA,NA,High,High,High,High,High,NA,NA,NA,NA,NA,NA,NA,NA,NA,NA,NA,NA,NA,NA,NA,NA,NA,NA,NA,NA,NA,NA,NA,NA,NA,NA,NA,NA,NA,NA,NA,NA,NA,NA,NA,NA,NA,NA,NA,NA,NA,NA,NA,NA,NA,NA,NA,NA,NA,NA,NA,NA,NA,NA,NA
NA,NA,NA,NA,NA,NA,NA,NA,NA,NA,NA,NA,NA,NA,NA,NA,155,2026-02-14,15:52:08,4,1,"Rumberg, Logan",1000216384,Right,GEO_PAT,"Hellman, Dominic",702626,Right,ORE_DUC,Undefined,4,Bottom,2,0,0,ChangeUp,Splitter,BallCalled,Undefined,Undefined,StolenBase,0,0,NA,79.96618,-3.91754,-2.558918,1069.58496,215.955348,01:15:00,5.52611,1.91791,5.79501,-33.64939,10.85493,6.73658,-0.9313,0.09749,73.09752,-10.108764,-1.350548,0.480145,NA,NA,NA,NA,NA,NA,NA,NA,NA,NA,NA,-4.30788,7.17961,-1.71169,50,5.18297,4.92657,-115.71971,-8.95688,-5.77341,23.94035,-22.55192,ORE_DUC,GEO_PAT,PKPark,D1,BIG10,20260214-PKPark-2,33a7d1b0-0a00-11f1-802c-cb007da271b4,78.50217,NA,NA,6.86865,NA,NA,NA,NA,NA,NA,5ce813cb-c9e8-448f-bad2-0498063e9329,2026-02-14,23:52:08,2026-02-14T23:52:08Z,2026-02-14T23:52:08Z,NA,v3,4807,471300,82de864d38834b289bdde1d759a4a8fd,"Cowdrey, Vincent",1000469295,Right,GEO_PAT,3e1ea330-0152-42fc-b8e0-9f1538b64dc3,54.70472,-116.68898,11.97017,5.52712,-8.04383,-11.27596,-1.91588,5.16031,-2.88671,NA,NA,NA,NA,NA,NA,NA,NA,NA,NA,NA,NA,NA,NA,NA,NA,NA,NA,NA,NA,NA,NA,NA,NA,NA,NA,NA,NA,NA,NA,NA,NA,NA,NA,NA,NA,NA,NA,NA,NA,NA,NA,NA,NA,NA,NA,NA,NA,NA,NA,High,High,High,NA,NA,NA,NA,NA,NA,NA,NA,NA,NA,NA,NA,NA,NA,NA,NA,NA,NA,NA,NA,NA,NA,NA,NA,NA,NA,NA,NA,NA,NA,NA,NA,NA,NA,NA,NA,NA,NA,NA,NA,NA,NA,NA,NA,NA,NA,NA,NA,NA,NA,NA,NA,NA,NA,NA,NA,NA
NA,NA,NA,NA,NA,NA,NA,NA,NA,NA,NA,NA,NA,NA,NA,NA,156,2026-02-14,15:53:24,4,2,"Rumberg, Logan",1000216384,Right,GEO_PAT,"Hellman, Dominic",702626,Right,ORE_DUC,Undefined,4,Bottom,2,1,0,Fastball,Four-Seam,BallCalled,Undefined,Undefined,Undefined,0,0,NA,88.41591,0.128283,-2.457442,2155.181615,204.032473,12:45:00,5.54162,1.83605,6.04906,-12.54733,23.3997,9.87221,4.61488,0.3824,79.68131,-2.353215,-0.682881,0.431522,NA,NA,NA,NA,NA,NA,NA,NA,NA,NA,NA,-5.80713,12.32142,-1.64978,50,5.54466,5.0838,-128.21201,0.0259,-9.55221,29.42793,-11.90646,ORE_DUC,GEO_PAT,PKPark,D1,BIG10,20260214-PKPark-2,60a3a090-0a00-11f1-802c-cb007da271b4,87.34771,NA,NA,8.7346,NA,NA,NA,NA,NA,NA,5ce813cb-c9e8-448f-bad2-0498063e9329,2026-02-14,23:53:24,2026-02-14T23:53:24Z,2026-02-14T23:53:24Z,NA,v3,4807,471300,82de864d38834b289bdde1d759a4a8fd,"Cowdrey, Vincent",1000469295,Right,GEO_PAT,253b2401-e039-4631-b057-f6e005eb6182,54.44595,-129.22844,14.71396,5.53667,0.43715,-5.95323,-1.83107,5.41373,-4.77611,NA,NA,NA,NA,NA,NA,NA,NA,NA,NA,NA,NA,NA,NA,NA,NA,NA,NA,NA,NA,NA,NA,NA,NA,NA,NA,NA,NA,NA,NA,NA,NA,NA,NA,NA,NA,NA,NA,NA,NA,NA,NA,NA,NA,NA,NA,NA,NA,NA,NA,High,High,High,NA,NA,NA,NA,NA,NA,NA,NA,NA,NA,NA,NA,NA,NA,NA,NA,NA,NA,NA,NA,NA,NA,NA,NA,NA,NA,NA,NA,NA,NA,NA,NA,NA,NA,NA,NA,NA,NA,NA,NA,NA,NA,NA,NA,NA,NA,NA,NA,NA,NA,NA,NA,NA,NA,NA,NA,NA
NA,NA,NA,NA,NA,NA,NA,NA,NA,NA,NA,NA,NA,NA,NA,NA,157,2026-02-14,15:53:39,4,3,"Rumberg, Logan",1000216384,Right,GEO_PAT,"Hellman, Dominic",702626,Right,ORE_DUC,Undefined,4,Bottom,2,2,0,Fastball,Four-Seam,BallCalled,Undefined,Undefined,Undefined,0,0,NA,88.69781,-2.185231,-3.772021,2144.47044,197.804076,12:30:00,5.53665,1.83704,6.01834,-13.3328,22.53029,6.82453,2.39609,-1.09321,80.15301,-4.791484,-2.548772,0.431018,NA,NA,NA,NA,NA,NA,NA,NA,NA,NA,NA,-4.6617,12.61056,-1.54477,50,5.35772,8.17654,-128.3816,-5.21712,-7.69596,29.26456,-11.35545,ORE_DUC,GEO_PAT,PKPark,D1,BIG10,20260214-PKPark-2,699890c0-0a00-11f1-802c-cb007da271b4,87.44983,NA,NA,8.5448,NA,NA,NA,NA,NA,NA,5ce813cb-c9e8-448f-bad2-0498063e9329,2026-02-14,23:53:39,2026-02-14T23:53:39Z,2026-02-14T23:53:39Z,NA,v3,4807,471300,82de864d38834b289bdde1d759a4a8fd,"Cowdrey, Vincent",1000469295,Right,GEO_PAT,e08e30a9-2761-43e2-b91f-ba0364505994,54.47734,-129.39819,14.63228,5.5321,-4.82265,-5.67773,-1.83344,8.44387,-3.84798,NA,NA,NA,NA,NA,NA,NA,NA,NA,NA,NA,NA,NA,NA,NA,NA,NA,NA,NA,NA,NA,NA,NA,NA,NA,NA,NA,NA,NA,NA,NA,NA,NA,NA,NA,NA,NA,NA,NA,NA,NA,NA,NA,NA,NA,NA,NA,NA,NA,NA,High,High,High,NA,NA,NA,NA,NA,NA,NA,NA,NA,NA,NA,NA,NA,NA,NA,NA,NA,NA,NA,NA,NA,NA,NA,NA,NA,NA,NA,NA,NA,NA,NA,NA,NA,NA,NA,NA,NA,NA,NA,NA,NA,NA,NA,NA,NA,NA,NA,NA,NA,NA,NA,NA,NA,NA,NA,NA,NA
NA,NA,NA,NA,NA,NA,NA,NA,NA,NA,NA,NA,NA,NA,NA,NA,158,2026-02-14,15:53:57,4,4,"Rumberg, Logan",1000216384,Right,GEO_PAT,"Hellman, Dominic",702626,Right,ORE_DUC,Undefined,4,Bottom,2,3,0,Cutter,Slider,BallCalled,Walk,Undefined,Undefined,0,0,NA,80.57861,-1.290774,-3.575888,1973.951754,158.41517,11:15:00,5.35189,2.03561,5.92513,-35.53659,7.92615,-2.55398,1.19026,-1.49958,73.53689,-7.865449,-4.033439,0.474493,NA,NA,NA,NA,NA,NA,NA,NA,NA,NA,NA,0.22154,4.89788,-1.74788,50,5.22847,7.39183,-116.73337,-3.7303,0.30291,23.82492,-25.47669,ORE_DUC,GEO_PAT,PKPark,D1,BIG10,20260214-PKPark-2,746c04f0-0a00-11f1-802c-cb007da271b4,79.43726,NA,NA,7.04171,NA,NA,NA,NA,NA,NA,5ce813cb-c9e8-448f-bad2-0498063e9329,2026-02-14,23:53:57,2026-02-14T23:53:57Z,2026-02-14T23:53:57Z,NA,v3,4807,471300,82de864d38834b289bdde1d759a4a8fd,"Cowdrey, Vincent",1000469295,Right,GEO_PAT,43e1b9d0-3ff0-49e0-875e-420315dc38a2,54.57175,-117.66275,11.91246,5.3546,-2.73648,-12.73835,-2.036,7.38001,0.15146,NA,NA,NA,NA,NA,NA,NA,NA,NA,NA,NA,NA,NA,NA,NA,NA,NA,NA,NA,NA,NA,NA,NA,NA,NA,NA,NA,NA,NA,NA,NA,NA,NA,NA,NA,NA,NA,NA,NA,NA,NA,NA,NA,NA,NA,NA,NA,NA,NA,NA,High,High,High,NA,NA,NA,NA,NA,NA,NA,NA,NA,NA,NA,NA,NA,NA,NA,NA,NA,NA,NA,NA,NA,NA,NA,NA,NA,NA,NA,NA,NA,NA,NA,NA,NA,NA,NA,NA,NA,NA,NA,NA,NA,NA,NA,NA,NA,NA,NA,NA,NA,NA,NA,NA,NA,NA,NA,NA,NA
NA,NA,NA,NA,NA,NA,NA,NA,NA,NA,NA,NA,NA,NA,NA,NA,159,2026-02-14,15:54:36,5,1,"Rumberg, Logan",1000216384,Right,GEO_PAT,"Miranda, Gabe",702569,Left,ORE_DUC,Undefined,4,Bottom,2,0,0,Curveball,Curveball,StrikeCalled,Undefined,Undefined,Undefined,0,0,NA,74.55465,1.568795,-1.188831,2385.347733,42.625516,07:30:00,5.4108,2.13686,5.60752,-66.68315,-14.89686,-15.42422,1.31893,-0.25835,67.73253,-10.57698,-3.949309,0.517939,NA,NA,NA,NA,NA,NA,NA,NA,NA,NA,NA,7.43465,-7.61662,-2.02488,50,5.50174,2.80873,-108.13965,0.81432,8.60159,22.89553,-40.98618,ORE_DUC,GEO_PAT,PKPark,D1,BIG10,20260214-PKPark-2,8c14b0c0-0a00-11f1-802c-cb007da271b4,72.77389,NA,NA,6.82212,NA,NA,NA,NA,NA,NA,5ce813cb-c9e8-448f-bad2-0498063e9329,2026-02-14,23:54:36,2026-02-14T23:54:36Z,2026-02-14T23:54:36Z,NA,v3,4807,471300,82de864d38834b289bdde1d759a4a8fd,"Cowdrey, Vincent",1000469295,Right,GEO_PAT,7732fa95-f721-4f3c-a0d5-a8eb4c13cc33,54.8945,-109.171,11.44777,5.42347,2.66059,-20.49309,-2.14268,2.42127,4.3008,NA,NA,NA,NA,NA,NA,NA,NA,NA,NA,NA,NA,NA,NA,NA,NA,NA,NA,NA,NA,NA,NA,NA,NA,NA,NA,NA,NA,NA,NA,NA,NA,NA,NA,NA,NA,NA,NA,NA,NA,NA,NA,NA,NA,NA,NA,NA,NA,NA,NA,High,High,High,NA,NA,NA,NA,NA,NA,NA,NA,NA,NA,NA,NA,NA,NA,NA,NA,NA,NA,NA,NA,NA,NA,NA,NA,NA,NA,NA,NA,NA,NA,NA,NA,NA,NA,NA,NA,NA,NA,NA,NA,NA,NA,NA,NA,NA,NA,NA,NA,NA,NA,NA,NA,NA,NA,NA,NA,NA
NA,NA,NA,NA,NA,NA,NA,NA,NA,NA,NA,NA,NA,NA,NA,NA,160,2026-02-14,15:54:54,5,2,"Rumberg, Logan",1000216384,Right,GEO_PAT,"Miranda, Gabe",702569,Left,ORE_DUC,Undefined,4,Bottom,2,0,1,Slider,Slider,BallCalled,Undefined,Undefined,Undefined,0,0,NA,80.77854,-2.243029,-2.978477,1948.664518,123.620597,10:00:00,5.39114,2.34168,5.923,-37.97463,5.09882,-5.56992,0.14134,-0.8888,74.25202,-9.213751,-3.978245,0.472363,NA,NA,NA,NA,NA,NA,NA,NA,NA,NA,NA,2.01618,3.63945,-2.0999,50,5.18963,6.29745,-117.1217,-5.77575,2.78384,23.35358,-27.14887,ORE_DUC,GEO_PAT,PKPark,D1,BIG10,20260214-PKPark-2,96a24250-0a00-11f1-802c-cb007da271b4,79.79545,NA,NA,6.52651,NA,NA,NA,NA,NA,NA,5ce813cb-c9e8-448f-bad2-0498063e9329,2026-02-14,23:54:54,2026-02-14T23:54:54Z,2026-02-14T23:54:54Z,NA,v3,4807,471300,82de864d38834b289bdde1d759a4a8fd,"Cowdrey, Vincent",1000469295,Right,GEO_PAT,f6ad9407-b712-41dd-a707-d7d6a908cfdf,54.5768,-118.03077,11.67679,5.39389,-4.71895,-13.57444,-2.34293,6.18908,1.39192,NA,NA,NA,NA,NA,NA,NA,NA,NA,NA,NA,NA,NA,NA,NA,NA,NA,NA,NA,NA,NA,NA,NA,NA,NA,NA,NA,NA,NA,NA,NA,NA,NA,NA,NA,NA,NA,NA,NA,NA,NA,NA,NA,NA,NA,NA,NA,NA,NA,NA,High,High,High,NA,NA,NA,NA,NA,NA,NA,NA,NA,NA,NA,NA,NA,NA,NA,NA,NA,NA,NA,NA,NA,NA,NA,NA,NA,NA,NA,NA,NA,NA,NA,NA,NA,NA,NA,NA,NA,NA,NA,NA,NA,NA,NA,NA,NA,NA,NA,NA,NA,NA,NA,NA,NA,NA,NA,NA,NA
NA,NA,NA,NA,NA,NA,NA,NA,NA,NA,NA,NA,NA,NA,NA,NA,161,2026-02-14,15:55:20,5,3,"Rumberg, Logan",1000216384,Right,GEO_PAT,"Miranda, Gabe",702569,Left,ORE_DUC,Undefined,4,Bottom,2,1,1,Curveball,Curveball,BallCalled,Undefined,Undefined,Undefined,0,0,NA,73.2287,1.163676,-1.206307,2242.637785,35.994317,07:15:00,5.36706,2.34879,5.70312,-68.65224,-15.34257,-12.50072,0.73071,0.1829,66.86749,-11.336706,-3.44989,0.525502,NA,NA,NA,NA,NA,NA,NA,NA,NA,NA,NA,5.9915,-7.75556,-2.2396,50,5.42167,2.67811,-106.28931,0.02429,6.71603,21.64154,-40.86745,ORE_DUC,GEO_PAT,PKPark,D1,BIG10,20260214-PKPark-2,a5d08520-0a00-11f1-802c-cb007da271b4,71.72652,NA,NA,6.36122,NA,NA,NA,NA,NA,NA,5ce813cb-c9e8-448f-bad2-0498063e9329,2026-02-14,23:55:20,2026-02-14T23:55:20Z,2026-02-14T23:55:20Z,NA,v3,4807,471300,82de864d38834b289bdde1d759a4a8fd,"Cowdrey, Vincent",1000469295,Right,GEO_PAT,4284164a-8811-46a2-87b2-ac3a60138b4b,54.79954,-107.26209,10.82077,5.37929,1.86128,-20.43373,-2.3532,2.37623,3.35802,NA,NA,NA,NA,NA,NA,NA,NA,NA,NA,NA,NA,NA,NA,NA,NA,NA,NA,NA,NA,NA,NA,NA,NA,NA,NA,NA,NA,NA,NA,NA,NA,NA,NA,NA,NA,NA,NA,NA,NA,NA,NA,NA,NA,NA,NA,NA,NA,NA,NA,High,High,High,NA,NA,NA,NA,NA,NA,NA,NA,NA,NA,NA,NA,NA,NA,NA,NA,NA,NA,NA,NA,NA,NA,NA,NA,NA,NA,NA,NA,NA,NA,NA,NA,NA,NA,NA,NA,NA,NA,NA,NA,NA,NA,NA,NA,NA,NA,NA,NA,NA,NA,NA,NA,NA,NA,NA,NA,NA
NA,NA,NA,NA,NA,NA,NA,NA,NA,NA,NA,NA,NA,NA,NA,NA,162,2026-02-14,15:55:44,5,4,"Rumberg, Logan",1000216384,Right,GEO_PAT,"Miranda, Gabe",702569,Left,ORE_DUC,Undefined,4,Bottom,2,2,1,Cutter,Slider,FoulBallNotFieldable,Undefined,Undefined,Undefined,0,0,NA,79.78101,-0.488947,-1.745213,1970.72072,186.647172,12:15:00,5.47428,2.16436,6.03879,-33.99695,10.25091,1.0102,2.18826,0.63213,72.21984,-6.850808,-1.563378,0.47876,65.63075,17.038495,-162.415493,2745.218952,NA,NA,NA,122.6943,50.66088,-163.927837,1.536298,-1.08496,5.88811,-2.02879,50,5.41795,3.48866,-115.72814,-1.98543,-1.44884,24.68824,-24.3112,ORE_DUC,GEO_PAT,PKPark,D1,BIG10,20260214-PKPark-2,b49be770-0a00-11f1-802c-cb007da271b4,78.72936,11.82872,NA,7.56117,NA,NA,NA,1.14558,2.10715,-0.61673,5ce813cb-c9e8-448f-bad2-0498063e9329,2026-02-14,23:55:44,2026-02-14T23:55:44Z,2026-02-14T23:55:44Z,LineDrive,v3,4807,471300,82de864d38834b289bdde1d759a4a8fd,"Cowdrey, Vincent",1000469295,Right,GEO_PAT,305b44d5-944d-4ab2-889a-7ab11e1341b9,54.45762,-116.67521,12.34412,5.47623,-1.05282,-12.1556,-2.16368,3.54425,-0.72442,33.08154,1.14559,-87.73448,6.58758,-0.17099,0.58597,-0.8755,0.77344,-0.34626,0.0602,2.10715,28.2048,-21.62789,1.83099,-0.23549,0.00631,0.03446,-0.01278,0.00104,-0.61672,-27.80531,4.21474,-0.34035,0.37736,-0.50499,0.43992,-0.1968,0.03428,NA,NA,NA,NA,NA,NA,NA,NA,NA,NA,NA,NA,NA,NA,NA,NA,NA,NA,NA,NA,NA,NA,High,High,High,High,Low,NA,NA,NA,NA,NA,NA,NA,NA,NA,NA,NA,NA,NA,NA,NA,NA,NA,NA,NA,NA,NA,NA,NA,NA,NA,NA,NA,NA,NA,NA,NA,NA,NA,NA,NA,NA,NA,NA,NA,NA,NA,NA,NA,NA,NA,NA,NA,NA,NA,NA,NA,NA,NA,NA,NA
NA,NA,NA,NA,NA,NA,NA,NA,NA,NA,NA,NA,NA,NA,NA,NA,163,2026-02-14,15:56:06,5,5,"Rumberg, Logan",1000216384,Right,GEO_PAT,"Miranda, Gabe",702569,Left,ORE_DUC,Undefined,4,Bottom,2,2,2,Fastball,Four-Seam,BallCalled,Undefined,Undefined,Undefined,0,0,NA,87.28604,0.173505,-0.316759,1999.630436,195.117748,12:30:00,5.4904,2.10123,6.01688,-15.0491,21.85533,5.5541,4.39702,2.27066,78.68055,-2.762472,0.682235,0.437231,NA,NA,NA,NA,NA,NA,NA,NA,NA,NA,NA,-2.93961,11.53182,-2.07933,50,5.49575,0.46841,-126.66291,0.02224,-4.71376,28.999389999999998,-13.68249,ORE_DUC,GEO_PAT,PKPark,D1,BIG10,20260214-PKPark-2,c1502990-0a00-11f1-802c-cb007da271b4,86.20724,NA,NA,8.60549,NA,NA,NA,NA,NA,NA,5ce813cb-c9e8-448f-bad2-0498063e9329,2026-02-14,23:56:06,2026-02-14T23:56:06Z,2026-02-14T23:56:06Z,NA,v3,4807,471300,82de864d38834b289bdde1d759a4a8fd,"Cowdrey, Vincent",1000469295,Right,GEO_PAT,ea996bd4-5acc-44fd-b16b-65976c48dc37,54.47801,-127.68403,14.49969,5.48648,0.50403,-6.84125,-2.09875,0.63439,-2.35688,NA,NA,NA,NA,NA,NA,NA,NA,NA,NA,NA,NA,NA,NA,NA,NA,NA,NA,NA,NA,NA,NA,NA,NA,NA,NA,NA,NA,NA,NA,NA,NA,NA,NA,NA,NA,NA,NA,NA,NA,NA,NA,NA,NA,NA,NA,NA,NA,NA,NA,High,High,High,NA,NA,NA,NA,NA,NA,NA,NA,NA,NA,NA,NA,NA,NA,NA,NA,NA,NA,NA,NA,NA,NA,NA,NA,NA,NA,NA,NA,NA,NA,NA,NA,NA,NA,NA,NA,NA,NA,NA,NA,NA,NA,NA,NA,NA,NA,NA,NA,NA,NA,NA,NA,NA,NA,NA,NA,NA
NA,NA,NA,NA,NA,NA,NA,NA,NA,NA,NA,NA,NA,NA,NA,NA,164,2026-02-14,15:56:26,5,6,"Rumberg, Logan",1000216384,Right,GEO_PAT,"Miranda, Gabe",702569,Left,ORE_DUC,Undefined,4,Bottom,2,3,2,Slider,Slider,FoulBallNotFieldable,Undefined,Undefined,Undefined,0,0,NA,78.78024,-0.145273,-1.960309,2068.050874,54.025218,07:45:00,5.29327,2.26914,5.61964,-45.34758,0.07831,-1.81024,1.37866,0.28816,72.61107,-8.427963,-2.283851,0.485091,NA,NA,NA,NA,NA,NA,NA,NA,NA,NA,NA,0.38276,0.43402,-2.10066,50,5.25133,3.9839,-114.41447,-1.77216,0.50745,21.07573,-31.59864,ORE_DUC,GEO_PAT,PKPark,D1,BIG10,20260214-PKPark-2,cd5c6be0-0a00-11f1-802c-cb007da271b4,77.7018,NA,NA,6.16917,NA,NA,NA,NA,NA,NA,5ce813cb-c9e8-448f-bad2-0498063e9329,2026-02-14,23:56:26,2026-02-14T23:56:26Z,2026-02-14T23:56:26Z,NA,v3,4807,471300,82de864d38834b289bdde1d759a4a8fd,"Cowdrey, Vincent",1000469295,Right,GEO_PAT,8c63dd3e-cad3-462a-adcb-4a805cb2a0b4,54.88075,-115.31003,10.53786,5.29811,-0.42947,-15.79932,-2.26949,3.96234,0.25372,NA,NA,NA,NA,NA,NA,NA,NA,NA,NA,NA,NA,NA,NA,NA,NA,NA,NA,NA,NA,NA,NA,NA,NA,NA,NA,NA,NA,NA,NA,NA,NA,NA,NA,NA,NA,NA,NA,NA,NA,NA,NA,NA,NA,NA,NA,NA,NA,NA,NA,High,High,High,NA,NA,NA,NA,NA,NA,NA,NA,NA,NA,NA,NA,NA,NA,NA,NA,NA,NA,NA,NA,NA,NA,NA,NA,NA,NA,NA,NA,NA,NA,NA,NA,NA,NA,NA,NA,NA,NA,NA,NA,NA,NA,NA,NA,NA,NA,NA,NA,NA,NA,NA,NA,NA,NA,NA,NA,NA
NA,NA,NA,NA,NA,NA,NA,NA,NA,NA,NA,NA,NA,NA,NA,NA,165,2026-02-14,15:56:54,5,7,"Rumberg, Logan",1000216384,Right,GEO_PAT,"Miranda, Gabe",702569,Left,ORE_DUC,Undefined,4,Bottom,2,3,2,Curveball,Curveball,BallCalled,Walk,Undefined,Undefined,0,0,NA,77.07546,-0.090956,-2.064762,2372.293739,33.06533,07:00:00,5.32282,2.06984,5.62312,-66.56622,-18.17588,-12.93674,-0.30929,-0.93582,70.4775,-12.137358,-4.384527,0.500669,NA,NA,NA,NA,NA,NA,NA,NA,NA,NA,NA,5.94941,-8.94985,-1.885,50,5.27152,4.50411,-111.8279,-2.36886,7.36274,24.43415,-43.25,ORE_DUC,GEO_PAT,PKPark,D1,BIG10,20260214-PKPark-2,de2dfe70-0a00-11f1-802c-cb007da271b4,75.28416,NA,NA,6.59796,NA,NA,NA,NA,NA,NA,5ce813cb-c9e8-448f-bad2-0498063e9329,2026-02-14,23:56:54,2026-02-14T23:56:54Z,2026-02-14T23:56:54Z,NA,v3,4807,471300,82de864d38834b289bdde1d759a4a8fd,"Cowdrey, Vincent",1000469295,Right,GEO_PAT,8f0ecd03-634c-4f10-ac22-859d2c63257c,54.88031,-112.8892,12.21708,5.33361,-0.4903,-21.625,-2.07369,4.18431,3.68137,NA,NA,NA,NA,NA,NA,NA,NA,NA,NA,NA,NA,NA,NA,NA,NA,NA,NA,NA,NA,NA,NA,NA,NA,NA,NA,NA,NA,NA,NA,NA,NA,NA,NA,NA,NA,NA,NA,NA,NA,NA,NA,NA,NA,NA,NA,NA,NA,NA,NA,High,High,High,NA,NA,NA,NA,NA,NA,NA,NA,NA,NA,NA,NA,NA,NA,NA,NA,NA,NA,NA,NA,NA,NA,NA,NA,NA,NA,NA,NA,NA,NA,NA,NA,NA,NA,NA,NA,NA,NA,NA,NA,NA,NA,NA,NA,NA,NA,NA,NA,NA,NA,NA,NA,NA,NA,NA,NA,NA
NA,NA,NA,NA,NA,NA,NA,NA,NA,NA,NA,NA,NA,NA,NA,NA,166,2026-02-14,16:00:28,6,1,"Okeeffe, Shaun",1000297082,Left,GEO_PAT,"Molony, Maddox",814829,Right,ORE_DUC,Undefined,4,Bottom,2,0,0,Fastball,Changeup,BallCalled,Undefined,Undefined,Undefined,0,0,NA,82.18514,-0.396043,4.566493,2046.179033,113.938305,09:45:00,5.56444,-1.59288,5.96038,-32.69269,8.82815,-16.81851,2.47163,1.24898,75.02632,-6.474635,1.554719,0.463772,NA,NA,NA,NA,NA,NA,NA,NA,NA,NA,NA,9.93733,5.04729,1.23924,50,5.51466,-8.86099,-119.05743,-1.83976,14.2308,23.34496,-24.94607,ORE_DUC,GEO_PAT,PKPark,D1,BIG10,20260214-PKPark-2,5d8b95b0-0a01-11f1-802c-cb007da271b4,81.27365,NA,NA,7.15882,NA,NA,NA,NA,NA,NA,5ce813cb-c9e8-448f-bad2-0498063e9329,2026-02-15,00:00:28,2026-02-15T00:00:28Z,2026-02-15T00:00:28Z,NA,v3,4807,471300,82de864d38834b289bdde1d759a4a8fd,"Cowdrey, Vincent",1000469295,Right,GEO_PAT,830959c9-9388-4013-a35e-f1f5bcfa0794,54.5385,-119.94405,11.67248,5.56655,-0.89234,-12.47304,1.58603,-9.40146,7.1154,NA,NA,NA,NA,NA,NA,NA,NA,NA,NA,NA,NA,NA,NA,NA,NA,NA,NA,NA,NA,NA,NA,NA,NA,NA,NA,NA,NA,NA,NA,NA,NA,NA,NA,NA,NA,NA,NA,NA,NA,NA,NA,NA,NA,NA,NA,NA,NA,NA,NA,High,High,High,NA,NA,NA,NA,NA,NA,NA,NA,NA,NA,NA,NA,NA,NA,NA,NA,NA,NA,NA,NA,NA,NA,NA,NA,NA,NA,NA,NA,NA,NA,NA,NA,NA,NA,NA,NA,NA,NA,NA,NA,NA,NA,NA,NA,NA,NA,NA,NA,NA,NA,NA,NA,NA,NA,NA,NA,NA
NA,NA,NA,NA,NA,NA,NA,NA,NA,NA,NA,NA,NA,NA,NA,NA,167,2026-02-14,16:00:45,6,2,"Okeeffe, Shaun",1000297082,Left,GEO_PAT,"Molony, Maddox",814829,Right,ORE_DUC,Undefined,4,Bottom,2,1,0,Fastball,Changeup,StrikeCalled,Undefined,Undefined,Undefined,0,0,NA,82.7483,-1.256725,3.486929,2085.877696,105.171557,09:30:00,5.5144,-1.61086,5.8546,-34.4777,6.67429,-19.5308,1.47125,0.00538,75.54077,-7.636057,-0.014192,0.461708,NA,NA,NA,NA,NA,NA,NA,NA,NA,NA,NA,11.00764,4.19378,1.33889,50,5.3921,-6.53897,-119.96531,-3.74974,15.95328,24.39953,-26.09603,ORE_DUC,GEO_PAT,PKPark,D1,BIG10,20260214-PKPark-2,6807c220-0a01-11f1-802c-cb007da271b4,81.63704,NA,NA,7.20753,NA,NA,NA,NA,NA,NA,5ce813cb-c9e8-448f-bad2-0498063e9329,2026-02-15,00:00:45,2026-02-15T00:00:45Z,2026-02-15T00:00:45Z,NA,v3,4807,471300,82de864d38834b289bdde1d759a4a8fd,"Cowdrey, Vincent",1000469295,Right,GEO_PAT,118df12b-064a-4495-b453-878aef733c15,54.64442,-120.90623,12.19977,5.5173,-2.74339,-13.04802,1.60292,-7.15418,7.97664,NA,NA,NA,NA,NA,NA,NA,NA,NA,NA,NA,NA,NA,NA,NA,NA,NA,NA,NA,NA,NA,NA,NA,NA,NA,NA,NA,NA,NA,NA,NA,NA,NA,NA,NA,NA,NA,NA,NA,NA,NA,NA,NA,NA,NA,NA,NA,NA,NA,NA,High,High,High,NA,NA,NA,NA,NA,NA,NA,NA,NA,NA,NA,NA,NA,NA,NA,NA,NA,NA,NA,NA,NA,NA,NA,NA,NA,NA,NA,NA,NA,NA,NA,NA,NA,NA,NA,NA,NA,NA,NA,NA,NA,NA,NA,NA,NA,NA,NA,NA,NA,NA,NA,NA,NA,NA,NA,NA,NA
NA,NA,NA,NA,NA,NA,NA,NA,NA,NA,NA,NA,NA,NA,NA,NA,168,2026-02-14,16:01:04,6,3,"Okeeffe, Shaun",1000297082,Left,GEO_PAT,"Molony, Maddox",814829,Right,ORE_DUC,Undefined,4,Bottom,2,1,1,Fastball,Changeup,BallCalled,Undefined,Undefined,Undefined,0,0,NA,80.88809,-1.918895,3.21634,2139.042278,98.563857,09:15:00,5.5494,-1.65802,5.18687,-39.6179,4.2552,-19.13261,0.43913,-0.22335,74.58093,-9.098902,-0.175782,0.476728,NA,NA,NA,NA,NA,NA,NA,NA,NA,NA,NA,10.51276,3.01571,1.37454,50,5.34064,-5.81307,-117.25096,-5.33172,14.66256,21.77636,-27.96792,ORE_DUC,GEO_PAT,PKPark,D1,BIG10,20260214-PKPark-2,732d26e0-0a01-11f1-802c-cb007da271b4,79.06488,NA,NA,6.30716,NA,NA,NA,NA,NA,NA,5ce813cb-c9e8-448f-bad2-0498063e9329,2026-02-15,00:01:04,2026-02-15T00:01:04Z,2026-02-15T00:01:04Z,NA,v3,4807,471300,82de864d38834b289bdde1d759a4a8fd,"Cowdrey, Vincent",1000469295,Right,GEO_PAT,2d2c1d8b-2021-47e3-868d-5221e9094ef4,55.31418,-118.23382,10.88818,5.5528,-4.06942,-13.98396,1.65184,-6.47486,7.33128,NA,NA,NA,NA,NA,NA,NA,NA,NA,NA,NA,NA,NA,NA,NA,NA,NA,NA,NA,NA,NA,NA,NA,NA,NA,NA,NA,NA,NA,NA,NA,NA,NA,NA,NA,NA,NA,NA,NA,NA,NA,NA,NA,NA,NA,NA,NA,NA,NA,NA,High,High,High,NA,NA,NA,NA,NA,NA,NA,NA,NA,NA,NA,NA,NA,NA,NA,NA,NA,NA,NA,NA,NA,NA,NA,NA,NA,NA,NA,NA,NA,NA,NA,NA,NA,NA,NA,NA,NA,NA,NA,NA,NA,NA,NA,NA,NA,NA,NA,NA,NA,NA,NA,NA,NA,NA,NA,NA,NA
NA,NA,NA,NA,NA,NA,NA,NA,NA,NA,NA,NA,NA,NA,NA,NA,169,2026-02-14,16:01:23,6,4,"Okeeffe, Shaun",1000297082,Left,GEO_PAT,"Molony, Maddox",814829,Right,ORE_DUC,Undefined,4,Bottom,2,2,1,Fastball,Changeup,BallCalled,Undefined,Undefined,Undefined,0,0,NA,82.83726,-2.184561,4.824481,2125.234556,103.153026,09:30:00,5.58958,-1.51723,5.97553,-34.07136,6.96418,-23.81978,0.717,0.98075,75.63623,-8.491858,0.552282,0.461054,NA,NA,NA,NA,NA,NA,NA,NA,NA,NA,NA,13.75686,4.60697,1.14848,50,5.39714,-9.21395,-119.8942,-5.65984,19.90443,24.47508,-25.50833,ORE_DUC,GEO_PAT,PKPark,D1,BIG10,20260214-PKPark-2,7eace0a0-0a01-11f1-802c-cb007da271b4,81.75285,NA,NA,7.20103,NA,NA,NA,NA,NA,NA,5ce813cb-c9e8-448f-bad2-0498063e9329,2026-02-15,00:01:23,2026-02-15T00:01:23Z,2026-02-15T00:01:23Z,NA,v3,4807,471300,82de864d38834b289bdde1d759a4a8fd,"Cowdrey, Vincent",1000469295,Right,GEO_PAT,a327226c-bd8d-45cb-90f0-c6ee30325bf7,54.52531,-120.81446,12.23754,5.59191,-4.70073,-12.75417,1.509,-9.96235,9.9522099999999991,NA,NA,NA,NA,NA,NA,NA,NA,NA,NA,NA,NA,NA,NA,NA,NA,NA,NA,NA,NA,NA,NA,NA,NA,NA,NA,NA,NA,NA,NA,NA,NA,NA,NA,NA,NA,NA,NA,NA,NA,NA,NA,NA,NA,NA,NA,NA,NA,NA,NA,High,High,High,NA,NA,NA,NA,NA,NA,NA,NA,NA,NA,NA,NA,NA,NA,NA,NA,NA,NA,NA,NA,NA,NA,NA,NA,NA,NA,NA,NA,NA,NA,NA,NA,NA,NA,NA,NA,NA,NA,NA,NA,NA,NA,NA,NA,NA,NA,NA,NA,NA,NA,NA,NA,NA,NA,NA,NA,NA
NA,NA,NA,NA,NA,NA,NA,NA,NA,NA,NA,NA,NA,NA,NA,NA,170,2026-02-14,16:01:47,6,5,"Okeeffe, Shaun",1000297082,Left,GEO_PAT,"Molony, Maddox",814829,Right,ORE_DUC,Undefined,4,Bottom,2,3,1,Fastball,Changeup,BallCalled,Walk,Undefined,Undefined,0,1,NA,82.8369,1.722339,3.235186,2009.205393,100.520801,09:15:00,5.60667,-1.48253,5.82447,-36.49427,4.74567,-17.98359,4.1697,0.02963,75.0132,-5.052286,0.017554,0.4622,NA,NA,NA,NA,NA,NA,NA,NA,NA,NA,NA,10.08721,2.34217,1.22834,50,5.72637,-6.05289,-120.03499,2.41383,14.59375,25.0549,-28.78548,ORE_DUC,GEO_PAT,PKPark,D1,BIG10,20260214-PKPark-2,8cc45c40-0a01-11f1-802c-cb007da271b4,81.54999,NA,NA,7.82369,NA,NA,NA,NA,NA,NA,5ce813cb-c9e8-448f-bad2-0498063e9329,2026-02-15,00:01:47,2026-02-15T00:01:47Z,2026-02-15T00:01:47Z,NA,v3,4807,471300,82de864d38834b289bdde1d759a4a8fd,"Cowdrey, Vincent",1000469295,Right,GEO_PAT,c90b1566-fe26-4ac9-9110-ddb7f13507aa,54.67304,-121.00646,12.52745,5.61114,3.52995,-14.39274,1.47401,-6.61874,7.29687,NA,NA,NA,NA,NA,NA,NA,NA,NA,NA,NA,NA,NA,NA,NA,NA,NA,NA,NA,NA,NA,NA,NA,NA,NA,NA,NA,NA,NA,NA,NA,NA,NA,NA,NA,NA,NA,NA,NA,NA,NA,NA,NA,NA,NA,NA,NA,NA,NA,NA,High,High,High,NA,NA,NA,NA,NA,NA,NA,NA,NA,NA,NA,NA,NA,NA,NA,NA,NA,NA,NA,NA,NA,NA,NA,NA,NA,NA,NA,NA,NA,NA,NA,NA,NA,NA,NA,NA,NA,NA,NA,NA,NA,NA,NA,NA,NA,NA,NA,NA,NA,NA,NA,NA,NA,NA,NA,NA,NA
NA,NA,NA,NA,NA,NA,NA,NA,NA,NA,NA,NA,NA,NA,NA,NA,171,2026-02-14,16:02:24,7,1,"Okeeffe, Shaun",1000297082,Left,GEO_PAT,"Smith, Drew",1000110953,Right,ORE_DUC,Undefined,4,Bottom,2,0,0,Fastball,Changeup,InPlay,Undefined,GroundBall,Error,0,2,NA,81.28453,0.191795,3.719823,2036.238768,95.722682,09:15:00,5.59115,-1.57591,5.82473,-39.82034,3.51634,-18.6871,2.45147,0.32982,73.04655,-7.198716,0.374452,0.473805,105.66651,-1.649251,-36.637761,4404.084308,NA,NA,NA,35.30186,34.48779,-34.605781,0.227085,10.82505,2.17957,1.28285,50,5.58349,-6.91663,-117.66099,-0.88843,14.85191,26.75886,-29.18371,ORE_DUC,GEO_PAT,PKPark,D1,BIG10,20260214-PKPark-2,a31b5ac0-0a01-11f1-802c-cb007da271b4,79.55272,2.59645,NA,8.23798,NA,NA,NA,2.42446,2.59645,-0.31534,5ce813cb-c9e8-448f-bad2-0498063e9329,2026-02-15,00:02:24,2026-02-15T00:02:24Z,2026-02-15T00:02:24Z,GroundBall,v3,4807,471300,82de864d38834b289bdde1d759a4a8fd,"Cowdrey, Vincent",1000469295,Right,GEO_PAT,84440677-a917-4871-a1d7-ae2338b797e8,54.67293,-118.71897,13.37943,5.59581,0.26542,-14.59186,1.56792,-7.50384,7.42595,NA,2.42879,124.05177,-30.00082,NA,NA,NA,NA,NA,NA,2.60185,-4.77941,-29.50756,NA,NA,NA,NA,NA,NA,-0.31892,-92.23431,23.63021,NA,NA,NA,NA,NA,NA,NA,NA,NA,NA,NA,NA,NA,NA,NA,NA,NA,NA,NA,NA,NA,NA,NA,NA,NA,NA,NA,NA,High,High,High,Medium,High,NA,NA,NA,NA,NA,NA,NA,NA,NA,NA,NA,NA,NA,NA,NA,NA,NA,NA,NA,NA,NA,NA,NA,NA,NA,NA,NA,NA,NA,NA,NA,NA,NA,NA,NA,NA,NA,NA,NA,NA,NA,NA,NA,NA,NA,NA,NA,NA,NA,NA,NA,NA,NA,NA,NA
NA,NA,NA,NA,NA,NA,NA,NA,NA,NA,NA,NA,NA,NA,NA,NA,172,2026-02-14,16:03:13,8,1,"Okeeffe, Shaun",1000297082,Left,GEO_PAT,"Mabeus, Burke",1000222806,Right,ORE_DUC,Undefined,4,Bottom,2,0,0,Slider,Curveball,StrikeCalled,Undefined,Undefined,Undefined,0,0,NA,76.97409,1.171554,0.779867,2229.524345,336.263309,05:15:00,5.51446,-1.78021,4.98412,-53.95841,-4.69642,2.805,2.1245,-0.80997,70.11747,-8.593755,1.275688,0.505158,NA,NA,NA,NA,NA,NA,NA,NA,NA,NA,NA,-1.14201,-2.1526,1.70265,50,5.58351,-1.63413,-111.5685,0.35177,-1.42418,22.05609,-34.85858,ORE_DUC,GEO_PAT,PKPark,D1,BIG10,20260214-PKPark-2,c01a7340-0a01-11f1-802c-cb007da271b4,74.61511,NA,NA,6.85663,NA,NA,NA,NA,NA,NA,5ce813cb-c9e8-448f-bad2-0498063e9329,2026-02-15,00:03:13,2026-02-15T00:03:13Z,2026-02-15T00:03:13Z,NA,v3,4807,471300,82de864d38834b289bdde1d759a4a8fd,"Cowdrey, Vincent",1000469295,Right,GEO_PAT,51a51400-4945-432e-bcbd-375a4221e83e,55.51393,-112.65327,11.02805,5.52405,2.06621,-17.42929,1.7813,-1.56409,-0.71209,NA,NA,NA,NA,NA,NA,NA,NA,NA,NA,NA,NA,NA,NA,NA,NA,NA,NA,NA,NA,NA,NA,NA,NA,NA,NA,NA,NA,NA,NA,NA,NA,NA,NA,NA,NA,NA,NA,NA,NA,NA,NA,NA,NA,NA,NA,NA,NA,NA,NA,High,High,High,NA,NA,NA,NA,NA,NA,NA,NA,NA,NA,NA,NA,NA,NA,NA,NA,NA,NA,NA,NA,NA,NA,NA,NA,NA,NA,NA,NA,NA,NA,NA,NA,NA,NA,NA,NA,NA,NA,NA,NA,NA,NA,NA,NA,NA,NA,NA,NA,NA,NA,NA,NA,NA,NA,NA,NA,NA
NA,NA,NA,NA,NA,NA,NA,NA,NA,NA,NA,NA,NA,NA,NA,NA,173,2026-02-14,16:03:48,8,2,"Okeeffe, Shaun",1000297082,Left,GEO_PAT,"Mabeus, Burke",1000222806,Right,ORE_DUC,Undefined,4,Bottom,2,0,1,Slider,Curveball,BallCalled,Undefined,Undefined,Undefined,0,0,NA,76.88731,2.770296,-0.865134,2294.130701,327.230592,05:00:00,5.49191,-1.80948,4.81462,-55.49058,-6.01079,4.90418,3.49428,-2.22039,70.13598,-7.242095,-0.002168,0.506274,NA,NA,NA,NA,NA,NA,NA,NA,NA,NA,NA,-2.65492,-3.2589,1.89096,50,5.7192,1.47749,-111.39325,3.36066,-3.3218,20.79861,-36.25151,ORE_DUC,GEO_PAT,PKPark,D1,BIG10,20260214-PKPark-2,d4bbf990-0a01-11f1-802c-cb007da271b4,74.45073,NA,NA,6.75134,NA,NA,NA,NA,NA,NA,5ce813cb-c9e8-448f-bad2-0498063e9329,2026-02-15,00:03:48,2026-02-15T00:03:48Z,2026-02-15T00:03:48Z,NA,v3,4807,471300,82de864d38834b289bdde1d759a4a8fd,"Cowdrey, Vincent",1000469295,Right,GEO_PAT,6b1099eb-9ada-434c-9f2d-17e33b21b319,55.68479,-112.44967,10.39931,5.50174,5.20197,-18.12575,1.81163,1.64621,-1.6609,NA,NA,NA,NA,NA,NA,NA,NA,NA,NA,NA,NA,NA,NA,NA,NA,NA,NA,NA,NA,NA,NA,NA,NA,NA,NA,NA,NA,NA,NA,NA,NA,NA,NA,NA,NA,NA,NA,NA,NA,NA,NA,NA,NA,NA,NA,NA,NA,NA,NA,High,High,High,NA,NA,NA,NA,NA,NA,NA,NA,NA,NA,NA,NA,NA,NA,NA,NA,NA,NA,NA,NA,NA,NA,NA,NA,NA,NA,NA,NA,NA,NA,NA,NA,NA,NA,NA,NA,NA,NA,NA,NA,NA,NA,NA,NA,NA,NA,NA,NA,NA,NA,NA,NA,NA,NA,NA,NA,NA
NA,NA,NA,NA,NA,NA,NA,NA,NA,NA,NA,NA,NA,NA,NA,NA,174,2026-02-14,16:04:08,8,3,"Okeeffe, Shaun",1000297082,Left,GEO_PAT,"Mabeus, Burke",1000222806,Right,ORE_DUC,Undefined,4,Bottom,2,1,1,Fastball,Changeup,BallCalled,Undefined,Undefined,Undefined,0,0,NA,83.24507,-1.250122,4.942395,2057.528356,93.081785,09:00:00,5.52893,-1.64072,5.89494,-38.4527,2.65307,-21.37761,1.15938,1.17785,75.33199,-8.356629,1.11537,0.461448,NA,NA,NA,NA,NA,NA,NA,NA,NA,NA,NA,12.5967,2.16354,1.25457,50,5.40585,-9.57236,-120.39057,-3.89514,18.20376,26.72114,-29.04747,ORE_DUC,GEO_PAT,PKPark,D1,BIG10,20260214-PKPark-2,e09c49e0-0a01-11f1-802c-cb007da271b4,81.68294,NA,NA,7.91308,NA,NA,NA,NA,NA,NA,5ce813cb-c9e8-448f-bad2-0498063e9329,2026-02-15,00:04:08,2026-02-15T00:04:08Z,2026-02-15T00:04:08Z,NA,v3,4807,471300,82de864d38834b289bdde1d759a4a8fd,"Cowdrey, Vincent",1000469295,Right,GEO_PAT,87fe4cad-0bdb-44fa-b52d-cdc17e5b0bab,54.60453,-121.40827,13.36057,5.53314,-2.78885,-14.52373,1.63235,-10.26566,9.10188,NA,NA,NA,NA,NA,NA,NA,NA,NA,NA,NA,NA,NA,NA,NA,NA,NA,NA,NA,NA,NA,NA,NA,NA,NA,NA,NA,NA,NA,NA,NA,NA,NA,NA,NA,NA,NA,NA,NA,NA,NA,NA,NA,NA,NA,NA,NA,NA,NA,NA,High,High,High,NA,NA,NA,NA,NA,NA,NA,NA,NA,NA,NA,NA,NA,NA,NA,NA,NA,NA,NA,NA,NA,NA,NA,NA,NA,NA,NA,NA,NA,NA,NA,NA,NA,NA,NA,NA,NA,NA,NA,NA,NA,NA,NA,NA,NA,NA,NA,NA,NA,NA,NA,NA,NA,NA,NA,NA,NA
NA,NA,NA,NA,NA,NA,NA,NA,NA,NA,NA,NA,NA,NA,NA,NA,175,2026-02-14,16:04:30,8,4,"Okeeffe, Shaun",1000297082,Left,GEO_PAT,"Mabeus, Burke",1000222806,Right,ORE_DUC,Undefined,4,Bottom,2,2,1,Slider,Curveball,BallCalled,Undefined,Undefined,Undefined,0,0,NA,78.15647,-0.460406,2.68037,2236.211612,321.997369,04:45:00,5.47808,-1.71923,4.822,-53.30715,-5.0304,5.23587,0.59927,1.25765,71.35684,-10.032079,3.602493,0.500081,NA,NA,NA,NA,NA,NA,NA,NA,NA,NA,NA,-1.75406,-1.96933,1.44827,50,5.38601,-5.51154,-113.15617,-2.85222,-2.24238,23.34965,-34.69163,ORE_DUC,GEO_PAT,PKPark,D1,BIG10,20260214-PKPark-2,ee2abf60-0a01-11f1-802c-cb007da271b4,75.37266,NA,NA,6.79962,NA,NA,NA,NA,NA,NA,5ce813cb-c9e8-448f-bad2-0498063e9329,2026-02-15,00:04:30,2026-02-15T00:04:30Z,2026-02-15T00:04:30Z,NA,v3,4807,471300,82de864d38834b289bdde1d759a4a8fd,"Cowdrey, Vincent",1000469295,Right,GEO_PAT,b227a8ff-1062-4ed3-86bf-bd3ff786f256,55.67792,-114.3218,11.67483,5.48517,-1.12039,-17.34582,1.72062,-5.3996,-1.12119,NA,NA,NA,NA,NA,NA,NA,NA,NA,NA,NA,NA,NA,NA,NA,NA,NA,NA,NA,NA,NA,NA,NA,NA,NA,NA,NA,NA,NA,NA,NA,NA,NA,NA,NA,NA,NA,NA,NA,NA,NA,NA,NA,NA,NA,NA,NA,NA,NA,NA,High,High,High,NA,NA,NA,NA,NA,NA,NA,NA,NA,NA,NA,NA,NA,NA,NA,NA,NA,NA,NA,NA,NA,NA,NA,NA,NA,NA,NA,NA,NA,NA,NA,NA,NA,NA,NA,NA,NA,NA,NA,NA,NA,NA,NA,NA,NA,NA,NA,NA,NA,NA,NA,NA,NA,NA,NA,NA,NA
NA,NA,NA,NA,NA,NA,NA,NA,NA,NA,NA,NA,NA,NA,NA,NA,176,2026-02-14,16:04:53,8,5,"Okeeffe, Shaun",1000297082,Left,GEO_PAT,"Mabeus, Burke",1000222806,Right,ORE_DUC,Undefined,4,Bottom,2,3,1,Fastball,Changeup,BallCalled,Walk,Undefined,Undefined,0,0,NA,82.6376,-1.214243,4.250404,2047.881797,91.166625,09:00:00,5.50817,-1.51466,5.89472,-39.484,1.78331,-19.77714,1.08722,0.79068,75.52354,-8.483504,0.704702,0.462354,NA,NA,NA,NA,NA,NA,NA,NA,NA,NA,NA,11.43536,1.65169,1.18358,50,5.38737,-8.13487,-119.73606,-3.83658,16.5008,24.42514,-29.79073,ORE_DUC,GEO_PAT,PKPark,D1,BIG10,20260214-PKPark-2,fba9a480-0a01-11f1-802c-cb007da271b4,81.52292,NA,NA,7.11407,NA,NA,NA,NA,NA,NA,5ce813cb-c9e8-448f-bad2-0498063e9329,2026-02-15,00:04:53,2026-02-15T00:04:53Z,2026-02-15T00:04:53Z,NA,v3,4807,471300,82de864d38834b289bdde1d759a4a8fd,"Cowdrey, Vincent",1000469295,Right,GEO_PAT,a64ee5cf-d81a-4b79-88f7-2c4b49871351,54.60573,-120.67193,12.21257,5.51251,-2.69512,-14.89536,1.50739,-8.76711,8.2504,NA,NA,NA,NA,NA,NA,NA,NA,NA,NA,NA,NA,NA,NA,NA,NA,NA,NA,NA,NA,NA,NA,NA,NA,NA,NA,NA,NA,NA,NA,NA,NA,NA,NA,NA,NA,NA,NA,NA,NA,NA,NA,NA,NA,NA,NA,NA,NA,NA,NA,High,High,High,NA,NA,NA,NA,NA,NA,NA,NA,NA,NA,NA,NA,NA,NA,NA,NA,NA,NA,NA,NA,NA,NA,NA,NA,NA,NA,NA,NA,NA,NA,NA,NA,NA,NA,NA,NA,NA,NA,NA,NA,NA,NA,NA,NA,NA,NA,NA,NA,NA,NA,NA,NA,NA,NA,NA,NA,NA
NA,NA,NA,NA,NA,NA,NA,NA,NA,NA,NA,NA,NA,NA,NA,NA,177,2026-02-14,16:08:40,9,1,"Peters, Jackson",1000469296,Right,GEO_PAT,"Cook, Elijah",827730,Right,ORE_DUC,Undefined,4,Bottom,2,0,0,Sinker,Sinker,BallCalled,Undefined,Undefined,Undefined,0,0,NA,88.24204,0.470175,-7.690037,2136.770349,258.409998,02:30:00,4.03105,3.29779,6.07125,-30.96805,5.10264,19.28556,1.88941,-2.25405,80.56067,-5.26249,-4.264687,0.432264,NA,NA,NA,NA,NA,NA,NA,NA,NA,NA,NA,-11.93477,2.86362,-2.70885,50,4.05135,16.37686,-127.19165,0.01871,-19.62775,25.12981,-27.4646,ORE_DUC,GEO_PAT,PKPark,D1,BIG10,20260214-PKPark-2,82fd5990-0a02-11f1-802c-cb007da271b4,87.19782,NA,NA,7.68137,NA,NA,NA,NA,NA,NA,5ce813cb-c9e8-448f-bad2-0498063e9329,2026-02-15,00:08:40,2026-02-15T00:08:40Z,2026-02-15T00:08:40Z,NA,v3,4807,471300,82de864d38834b289bdde1d759a4a8fd,"Cowdrey, Vincent",1000469295,Right,GEO_PAT,966a1e5e-56cd-48a0-9f31-86176843ab6c,54.42847,-128.06361,12.56491,4.03416,0.97168,-13.7323,-3.28891,17.05791,-9.81388,NA,NA,NA,NA,NA,NA,NA,NA,NA,NA,NA,NA,NA,NA,NA,NA,NA,NA,NA,NA,NA,NA,NA,NA,NA,NA,NA,NA,NA,NA,NA,NA,NA,NA,NA,NA,NA,NA,NA,NA,NA,NA,NA,NA,NA,NA,NA,NA,NA,NA,High,High,High,NA,NA,NA,NA,NA,NA,NA,NA,NA,NA,NA,NA,NA,NA,NA,NA,NA,NA,NA,NA,NA,NA,NA,NA,NA,NA,NA,NA,NA,NA,NA,NA,NA,NA,NA,NA,NA,NA,NA,NA,NA,NA,NA,NA,NA,NA,NA,NA,NA,NA,NA,NA,NA,NA,NA,NA,NA
NA,NA,NA,NA,NA,NA,NA,NA,NA,NA,NA,NA,NA,NA,NA,NA,178,2026-02-14,16:09:03,9,2,"Peters, Jackson",1000469296,Right,GEO_PAT,"Cook, Elijah",827730,Right,ORE_DUC,Undefined,4,Bottom,2,1,0,Sinker,Sinker,HitByPitch,Undefined,Undefined,Undefined,0,1,NA,88.4606,0.75535,-3.686352,2104.972407,261.797642,02:45:00,4.00318,3.49763,5.87511,-31.9499,3.98433,19.45127,2.04373,1.69007,80.46925,-5.169167,-0.203376,0.431445,NA,NA,NA,NA,NA,NA,NA,NA,NA,NA,NA,-11.04949,2.1530300000000002,-3.21077,50,4.04581,7.45099,-128.27525,0.5867,-18.33063,27.61091,-28.60228,ORE_DUC,GEO_PAT,PKPark,D1,BIG10,20260214-PKPark-2,909d0d20-0a02-11f1-802c-cb007da271b4,87.36323,NA,NA,7.99134,NA,NA,NA,NA,NA,NA,5ce813cb-c9e8-448f-bad2-0498063e9329,2026-02-15,00:09:03,2026-02-15T00:09:03Z,2026-02-15T00:09:03Z,NA,v3,4807,471300,82de864d38834b289bdde1d759a4a8fd,"Cowdrey, Vincent",1000469295,Right,GEO_PAT,84e8868a-c9da-44b5-af1c-c85fd0af7a13,54.62482,-129.2669,13.80545,4.00629,1.61396,-14.30114,-3.49019,8.10934,-9.16531,NA,NA,NA,NA,NA,NA,NA,NA,NA,NA,NA,NA,NA,NA,NA,NA,NA,NA,NA,NA,NA,NA,NA,NA,NA,NA,NA,NA,NA,NA,NA,NA,NA,NA,NA,NA,NA,NA,NA,NA,NA,NA,NA,NA,NA,NA,NA,NA,NA,NA,High,High,High,NA,NA,NA,NA,NA,NA,NA,NA,NA,NA,NA,NA,NA,NA,NA,NA,NA,NA,NA,NA,NA,NA,NA,NA,NA,NA,NA,NA,NA,NA,NA,NA,NA,NA,NA,NA,NA,NA,NA,NA,NA,NA,NA,NA,NA,NA,NA,NA,NA,NA,NA,NA,NA,NA,NA,NA,NA
NA,NA,NA,NA,NA,NA,NA,NA,NA,NA,NA,NA,NA,NA,NA,NA,179,2026-02-14,16:09:43,10,1,"Peters, Jackson",1000469296,Right,GEO_PAT,"Brooks, Jack",809865,Left,ORE_DUC,Undefined,4,Bottom,2,0,0,Sinker,Changeup,StrikeCalled,Undefined,Undefined,Undefined,0,0,NA,87.6459,1.293519,-3.401003,1907.474364,257.498631,02:30:00,3.97963,2.49611,6.20946,-31.31588,5.28449,17.78391,2.56612,0.83551,78.69082,-4.588669,-0.196454,0.435426,NA,NA,NA,NA,NA,NA,NA,NA,NA,NA,NA,-10.24119,2.72374,-2.24895,50,4.06155,6.80809,-126.97646,1.85995,-16.42819,30.23282,-27.80485,ORE_DUC,GEO_PAT,PKPark,D1,BIG10,20260214-PKPark-2,a8bbd350-0a02-11f1-802c-cb007da271b4,86.56459,NA,NA,8.95508,NA,NA,NA,NA,NA,NA,5ce813cb-c9e8-448f-bad2-0498063e9329,2026-02-15,00:09:43,2026-02-15T00:09:43Z,2026-02-15T00:09:43Z,NA,v3,4807,471300,82de864d38834b289bdde1d759a4a8fd,"Cowdrey, Vincent",1000469295,Right,GEO_PAT,b7aee9e5-33a3-48fa-ab67-4e890e6ce132,54.28671,-127.99305,15.11641,3.98329,2.7949,-13.90242,-2.48717,7.36049,-8.21409,NA,NA,NA,NA,NA,NA,NA,NA,NA,NA,NA,NA,NA,NA,NA,NA,NA,NA,NA,NA,NA,NA,NA,NA,NA,NA,NA,NA,NA,NA,NA,NA,NA,NA,NA,NA,NA,NA,NA,NA,NA,NA,NA,NA,NA,NA,NA,NA,NA,NA,High,High,High,NA,NA,NA,NA,NA,NA,NA,NA,NA,NA,NA,NA,NA,NA,NA,NA,NA,NA,NA,NA,NA,NA,NA,NA,NA,NA,NA,NA,NA,NA,NA,NA,NA,NA,NA,NA,NA,NA,NA,NA,NA,NA,NA,NA,NA,NA,NA,NA,NA,NA,NA,NA,NA,NA,NA,NA,NA
NA,NA,NA,NA,NA,NA,NA,NA,NA,NA,NA,NA,NA,NA,NA,NA,180,2026-02-14,16:10:03,10,2,"Peters, Jackson",1000469296,Right,GEO_PAT,"Brooks, Jack",809865,Left,ORE_DUC,Undefined,4,Bottom,2,0,1,Sinker,Changeup,BallCalled,Undefined,Undefined,Undefined,0,0,NA,87.8047,1.701798,-1.543188,1999.853785,252.785571,02:30:00,3.9699,2.2912,6.02741,-29.70317,6.74796,17.71733,3.07172,2.33814,79.27366,-3.863522,1.643479,0.434537,NA,NA,NA,NA,NA,NA,NA,NA,NA,NA,NA,-9.50776,3.33,-2.17961,50,4.08719,2.68072,-127.38,2.80443,-15.43649,29.05623,-26.76757,ORE_DUC,GEO_PAT,PKPark,D1,BIG10,20260214-PKPark-2,b4939820-0a02-11f1-802c-cb007da271b4,86.74155,NA,NA,8.53104,NA,NA,NA,NA,NA,NA,5ce813cb-c9e8-448f-bad2-0498063e9329,2026-02-15,00:10:03,2026-02-15T00:10:03Z,2026-02-15T00:10:03Z,NA,v3,4807,471300,82de864d38834b289bdde1d759a4a8fd,"Cowdrey, Vincent",1000469295,Right,GEO_PAT,20cb6958-9baa-4d9e-98aa-cc7566d83829,54.46909,-128.39538,14.52811,3.97284,3.73984,-13.38379,-2.28271,3.22016,-7.71825,NA,NA,NA,NA,NA,NA,NA,NA,NA,NA,NA,NA,NA,NA,NA,NA,NA,NA,NA,NA,NA,NA,NA,NA,NA,NA,NA,NA,NA,NA,NA,NA,NA,NA,NA,NA,NA,NA,NA,NA,NA,NA,NA,NA,NA,NA,NA,NA,NA,NA,High,High,High,NA,NA,NA,NA,NA,NA,NA,NA,NA,NA,NA,NA,NA,NA,NA,NA,NA,NA,NA,NA,NA,NA,NA,NA,NA,NA,NA,NA,NA,NA,NA,NA,NA,NA,NA,NA,NA,NA,NA,NA,NA,NA,NA,NA,NA,NA,NA,NA,NA,NA,NA,NA,NA,NA,NA,NA,NA
NA,NA,NA,NA,NA,NA,NA,NA,NA,NA,NA,NA,NA,NA,NA,NA,181,2026-02-14,16:10:26,10,3,"Peters, Jackson",1000469296,Right,GEO_PAT,"Brooks, Jack",809865,Left,ORE_DUC,Undefined,4,Bottom,2,1,1,ChangeUp,Changeup,BallCalled,Undefined,Undefined,Undefined,0,0,NA,83.87581,0.615958,-2.801492,1550.428257,285.509034,03:30:00,4.04111,2.49428,5.79521,-43.17951,-3.03114,15.7521,1.01647,1.19904,76.41098,-7.322759,0.021191,0.456042,NA,NA,NA,NA,NA,NA,NA,NA,NA,NA,NA,-8.86819,-1.32677,-2.27327,50,4.06604,5.31688,-121.68991,-0.18574,-13.19537,25.59916,-34.14824,ORE_DUC,GEO_PAT,PKPark,D1,BIG10,20260214-PKPark-2,c24218c0-0a02-11f1-802c-cb007da271b4,82.65116,NA,NA,7.46482,NA,NA,NA,NA,NA,NA,5ce813cb-c9e8-448f-bad2-0498063e9329,2026-02-15,00:10:26,2026-02-15T00:10:26Z,2026-02-15T00:10:26Z,NA,v3,4807,471300,82de864d38834b289bdde1d759a4a8fd,"Cowdrey, Vincent",1000469295,Right,GEO_PAT,ecace207-facd-4866-90d4-9f20b9b53047,54.70446,-122.67557,12.79958,4.04788,1.12908,-17.07412,-2.48777,5.82495,-6.59769,NA,NA,NA,NA,NA,NA,NA,NA,NA,NA,NA,NA,NA,NA,NA,NA,NA,NA,NA,NA,NA,NA,NA,NA,NA,NA,NA,NA,NA,NA,NA,NA,NA,NA,NA,NA,NA,NA,NA,NA,NA,NA,NA,NA,NA,NA,NA,NA,NA,NA,High,High,High,NA,NA,NA,NA,NA,NA,NA,NA,NA,NA,NA,NA,NA,NA,NA,NA,NA,NA,NA,NA,NA,NA,NA,NA,NA,NA,NA,NA,NA,NA,NA,NA,NA,NA,NA,NA,NA,NA,NA,NA,NA,NA,NA,NA,NA,NA,NA,NA,NA,NA,NA,NA,NA,NA,NA,NA,NA
NA,NA,NA,NA,NA,NA,NA,NA,NA,NA,NA,NA,NA,NA,NA,NA,182,2026-02-14,16:10:49,10,4,"Peters, Jackson",1000469296,Right,GEO_PAT,"Brooks, Jack",809865,Left,ORE_DUC,Undefined,4,Bottom,2,2,1,Sinker,Changeup,BallCalled,Undefined,Undefined,Undefined,0,0,NA,88.51189,-0.852386,-5.6112,1975.308038,263.870629,02:45:00,4.11172,2.29428,5.94821,-32.96415,3.24807,18.32076,0.57026,-1.40003,80.14555,-6.959237,-2.337804,0.433111,NA,NA,NA,NA,NA,NA,NA,NA,NA,NA,NA,-11.1782,2.28067,-1.85698,50,4.02506,11.81032,-127.93215,-3.04383,-18.32181,29.10227,-28.43585,ORE_DUC,GEO_PAT,PKPark,D1,BIG10,20260214-PKPark-2,cff02430-0a02-11f1-802c-cb007da271b4,87.02725,NA,NA,8.36634,NA,NA,NA,NA,NA,NA,5ce813cb-c9e8-448f-bad2-0498063e9329,2026-02-15,00:10:49,2026-02-15T00:10:49Z,2026-02-15T00:10:49Z,NA,v3,4807,471300,82de864d38834b289bdde1d759a4a8fd,"Cowdrey, Vincent",1000469295,Right,GEO_PAT,2a83ff8a-bdd9-43e1-a4e1-e4de5d81f7a1,54.55111,-128.96328,14.55114,4.11506,-2.0363,-14.21793,-2.28694,12.45949,-9.1609,NA,NA,NA,NA,NA,NA,NA,NA,NA,NA,NA,NA,NA,NA,NA,NA,NA,NA,NA,NA,NA,NA,NA,NA,NA,NA,NA,NA,NA,NA,NA,NA,NA,NA,NA,NA,NA,NA,NA,NA,NA,NA,NA,NA,NA,NA,NA,NA,NA,NA,High,High,High,NA,NA,NA,NA,NA,NA,NA,NA,NA,NA,NA,NA,NA,NA,NA,NA,NA,NA,NA,NA,NA,NA,NA,NA,NA,NA,NA,NA,NA,NA,NA,NA,NA,NA,NA,NA,NA,NA,NA,NA,NA,NA,NA,NA,NA,NA,NA,NA,NA,NA,NA,NA,NA,NA,NA,NA,NA
NA,NA,NA,NA,NA,NA,NA,NA,NA,NA,NA,NA,NA,NA,NA,NA,183,2026-02-14,16:11:18,10,5,"Peters, Jackson",1000469296,Right,GEO_PAT,"Brooks, Jack",809865,Left,ORE_DUC,Undefined,4,Bottom,2,3,1,Sinker,Changeup,StrikeCalled,Undefined,Undefined,Undefined,0,0,NA,86.38143,0.920681,-5.013965,2058.817782,255.436617,02:30:00,4.00398,2.33561,6.12934,-31.59549,5.99465,18.1104,2.22538,-0.80162,78.20015,-4.981125,-1.765841,0.441274,NA,NA,NA,NA,NA,NA,NA,NA,NA,NA,NA,-10.84804,3.19425,-1.9608,50,4.05829,10.24224,-125.01976,1.00425,-17.03136,27.09284,-27.15911,ORE_DUC,GEO_PAT,PKPark,D1,BIG10,20260214-PKPark-2,e147fdc0-0a02-11f1-802c-cb007da271b4,85.41728,NA,NA,8.18128,NA,NA,NA,NA,NA,NA,5ce813cb-c9e8-448f-bad2-0498063e9329,2026-02-15,00:11:18,2026-02-15T00:11:18Z,2026-02-15T00:11:18Z,NA,v3,4807,471300,82de864d38834b289bdde1d759a4a8fd,"Cowdrey, Vincent",1000469295,Right,GEO_PAT,da27e3f7-89a6-499d-a170-5c0ea5d6000c,54.36924,-125.96306,13.54642,4.00687,1.94985,-13.57956,-2.32773,10.83523,-8.51568,NA,NA,NA,NA,NA,NA,NA,NA,NA,NA,NA,NA,NA,NA,NA,NA,NA,NA,NA,NA,NA,NA,NA,NA,NA,NA,NA,NA,NA,NA,NA,NA,NA,NA,NA,NA,NA,NA,NA,NA,NA,NA,NA,NA,NA,NA,NA,NA,NA,NA,High,High,High,NA,NA,NA,NA,NA,NA,NA,NA,NA,NA,NA,NA,NA,NA,NA,NA,NA,NA,NA,NA,NA,NA,NA,NA,NA,NA,NA,NA,NA,NA,NA,NA,NA,NA,NA,NA,NA,NA,NA,NA,NA,NA,NA,NA,NA,NA,NA,NA,NA,NA,NA,NA,NA,NA,NA,NA,NA
NA,NA,NA,NA,NA,NA,NA,NA,NA,NA,NA,NA,NA,NA,NA,NA,184,2026-02-14,16:11:42,10,6,"Peters, Jackson",1000469296,Right,GEO_PAT,"Brooks, Jack",809865,Left,ORE_DUC,Undefined,4,Bottom,2,3,2,Sinker,Sinker,HitByPitch,Undefined,Undefined,Undefined,0,1,NA,89.23216,0.560281,-6.366295,2133.019747,258.204317,02:30:00,4.03829,2.3553,6.22804,-29.96588,5.08036,18.79855,2.06128,-1.97604,81.14235,-5.025137,-3.001076,0.426081,NA,NA,NA,NA,NA,NA,NA,NA,NA,NA,NA,-11.55442,2.81114,-1.88708,50,4.06553,13.62766,-128.9584,0.2901,-19.41707,27.34127,-27.44996,ORE_DUC,GEO_PAT,PKPark,D1,BIG10,20260214-PKPark-2,ef81f580-0a02-11f1-802c-cb007da271b4,88.46309,NA,NA,8.08982,NA,NA,NA,NA,NA,NA,5ce813cb-c9e8-448f-bad2-0498063e9329,2026-02-15,00:11:42,2026-02-15T00:11:42Z,2026-02-15T00:11:42Z,NA,v3,4807,471300,82de864d38834b289bdde1d759a4a8fd,"Cowdrey, Vincent",1000469295,Right,GEO_PAT,0dfdc49b-d516-4e9f-a5ed-458987057680,54.27175,-129.86092,13.67064,4.041,1.19621,-13.72498,-2.3475,14.26861,-9.70853,NA,NA,NA,NA,NA,NA,NA,NA,NA,NA,NA,NA,NA,NA,NA,NA,NA,NA,NA,NA,NA,NA,NA,NA,NA,NA,NA,NA,NA,NA,NA,NA,NA,NA,NA,NA,NA,NA,NA,NA,NA,NA,NA,NA,NA,NA,NA,NA,NA,NA,High,High,High,NA,NA,NA,NA,NA,NA,NA,NA,NA,NA,NA,NA,NA,NA,NA,NA,NA,NA,NA,NA,NA,NA,NA,NA,NA,NA,NA,NA,NA,NA,NA,NA,NA,NA,NA,NA,NA,NA,NA,NA,NA,NA,NA,NA,NA,NA,NA,NA,NA,NA,NA,NA,NA,NA,NA,NA,NA
NA,NA,NA,NA,NA,NA,NA,NA,NA,NA,NA,NA,NA,NA,NA,NA,185,2026-02-14,16:12:22,11,1,"Peters, Jackson",1000469296,Right,GEO_PAT,"Cooney, Ryan",807721,Right,ORE_DUC,Undefined,4,Bottom,2,0,0,Slider,Slider,HitByPitch,Undefined,Undefined,Undefined,0,1,NA,80.43459,2.386726,-0.087541,2355.160503,112.481497,09:45:00,4.224,3.54795,5.6773,-36.64404,7.80166,-14.86898,3.39657,2.22726,72.05143,-4.450587,-2.743515,0.479829,NA,NA,NA,NA,NA,NA,NA,NA,NA,NA,NA,7.60331,3.56071,-3.53065,50,4.40243,0.75385,-116.52332,3.70015,10.2189,26.4791,-27.38846,ORE_DUC,GEO_PAT,PKPark,D1,BIG10,20260214-PKPark-2,0763d9c0-0a03-11f1-802c-cb007da271b4,78.55394,NA,NA,8.38317,NA,NA,NA,NA,NA,NA,5ce813cb-c9e8-448f-bad2-0498063e9329,2026-02-15,00:12:22,2026-02-15T00:12:22Z,2026-02-15T00:12:22Z,NA,v3,4807,471300,82de864d38834b289bdde1d759a4a8fd,"Cowdrey, Vincent",1000469295,Right,GEO_PAT,10be7115-daeb-4201-83a3-6337383b41a5,54.82045,-117.61363,13.23955,4.22685,4.82791,-13.69423,-3.55303,0.33307,5.10945,NA,NA,NA,NA,NA,NA,NA,NA,NA,NA,NA,NA,NA,NA,NA,NA,NA,NA,NA,NA,NA,NA,NA,NA,NA,NA,NA,NA,NA,NA,NA,NA,NA,NA,NA,NA,NA,NA,NA,NA,NA,NA,NA,NA,NA,NA,NA,NA,NA,NA,High,High,High,NA,NA,NA,NA,NA,NA,NA,NA,NA,NA,NA,NA,NA,NA,NA,NA,NA,NA,NA,NA,NA,NA,NA,NA,NA,NA,NA,NA,NA,NA,NA,NA,NA,NA,NA,NA,NA,NA,NA,NA,NA,NA,NA,NA,NA,NA,NA,NA,NA,NA,NA,NA,NA,NA,NA,NA,NA
NA,NA,NA,NA,NA,NA,NA,NA,NA,NA,NA,NA,NA,NA,NA,NA,186,2026-02-14,16:13:09,12,1,"Peters, Jackson",1000469296,Right,GEO_PAT,"Gimenez, Jax",826307,Left,ORE_DUC,Undefined,4,Bottom,2,0,0,Sinker,Changeup,BallCalled,Undefined,Undefined,Undefined,0,0,NA,87.32299,1.905957,-2.59662,2004.450054,256.074176,02:30:00,3.97543,2.51351,6.25596,-30.97336,5.28,16.62887,3.15429,1.50321,79.47984,-3.890803,0.404414,0.433357,NA,NA,NA,NA,NA,NA,NA,NA,NA,NA,NA,-9.34375,2.54902,-2.32849,50,4.10195,5.08581,-126.76512,3.23418,-15.16156,26.58993,-28.03793,ORE_DUC,GEO_PAT,PKPark,D1,BIG10,20260214-PKPark-2,234e9c10-0a03-11f1-802c-cb007da271b4,86.97787,NA,NA,7.84314,NA,NA,NA,NA,NA,NA,5ce813cb-c9e8-448f-bad2-0498063e9329,2026-02-15,00:13:09,2026-02-15T00:13:09Z,2026-02-15T00:13:09Z,NA,v3,4807,471300,82de864d38834b289bdde1d759a4a8fd,"Cowdrey, Vincent",1000469295,Right,GEO_PAT,20bd824a-b867-4855-a7b9-c08736a87a96,54.24289,-127.65199,13.29497,3.97848,4.16936,-14.01897,-2.50656,5.59151,-7.58078,NA,NA,NA,NA,NA,NA,NA,NA,NA,NA,NA,NA,NA,NA,NA,NA,NA,NA,NA,NA,NA,NA,NA,NA,NA,NA,NA,NA,NA,NA,NA,NA,NA,NA,NA,NA,NA,NA,NA,NA,NA,NA,NA,NA,NA,NA,NA,NA,NA,NA,High,High,High,NA,NA,NA,NA,NA,NA,NA,NA,NA,NA,NA,NA,NA,NA,NA,NA,NA,NA,NA,NA,NA,NA,NA,NA,NA,NA,NA,NA,NA,NA,NA,NA,NA,NA,NA,NA,NA,NA,NA,NA,NA,NA,NA,NA,NA,NA,NA,NA,NA,NA,NA,NA,NA,NA,NA,NA,NA
NA,NA,NA,NA,NA,NA,NA,NA,NA,NA,NA,NA,NA,NA,NA,NA,187,2026-02-14,16:13:29,12,2,"Peters, Jackson",1000469296,Right,GEO_PAT,"Gimenez, Jax",826307,Left,ORE_DUC,Undefined,4,Bottom,2,1,0,Sinker,Sinker,FoulBallNotFieldable,Undefined,Undefined,Undefined,0,0,NA,87.14958,1.347936,-3.915189,2013.895377,248.54433,02:15:00,3.98513,2.36692,6.225,-29.46061,7.10524,15.03583,2.77691,0.00188,79.18973,-4.172195,-1.20839,0.43522,59.01468,69.868488,-72.593967,4273.439949,NA,NA,NA,NA,100.53153,NA,NA,-8.97871,3.62563,-2.08141,50,4.07141,8.06242,-126.36879,2.05684,-14.45229,26.85405,-26.33816,ORE_DUC,GEO_PAT,PKPark,D1,BIG10,20260214-PKPark-2,2f2e0200-0a03-11f1-802c-cb007da271b4,86.60538,67.92833,NA,7.95984,NA,NA,NA,2.77862,2.87439,-0.03144,5ce813cb-c9e8-448f-bad2-0498063e9329,2026-02-15,00:13:29,2026-02-15T00:13:29Z,2026-02-15T00:13:29Z,NA,v3,4807,471300,82de864d38834b289bdde1d759a4a8fd,"Cowdrey, Vincent",1000469295,Right,GEO_PAT,81d2606e-9ea5-40a6-8a13-5bb111153898,54.27451,-127.27391,13.42703,3.98712,2.94457,-13.16908,-2.36136,8.54953,-7.22615,NA,2.77862,8.91143,-6.08452,2.2283,-0.57702,0.129,-0.02499,0.0029,2e-5,2.87439,81.26667,-29.46945,3.93171,-0.70563,0.09917,-0.01018,-0.00106,4.5e-4,-0.03144,-28.42596,-3.19767,2.49581,-0.80181,0.20829,-0.04502,0.00675,-1.8e-4,NA,NA,NA,NA,NA,NA,NA,NA,NA,NA,NA,NA,NA,NA,NA,NA,NA,NA,NA,NA,NA,NA,High,High,High,Low,Undefined,NA,NA,NA,NA,NA,NA,NA,NA,NA,NA,NA,NA,NA,NA,NA,NA,NA,NA,NA,NA,NA,NA,NA,NA,NA,NA,NA,NA,NA,NA,NA,NA,NA,NA,NA,NA,NA,NA,NA,NA,NA,NA,NA,NA,NA,NA,NA,NA,NA,NA,NA,NA,NA,NA,NA
NA,NA,NA,NA,NA,NA,NA,NA,NA,NA,NA,NA,NA,NA,NA,NA,188,2026-02-14,16:13:57,12,3,"Peters, Jackson",1000469296,Right,GEO_PAT,"Gimenez, Jax",826307,Left,ORE_DUC,Undefined,4,Bottom,2,1,1,Sinker,Changeup,StrikeSwinging,Undefined,Undefined,Undefined,0,0,NA,88.13226,0.614686,-2.883482,2007.316192,254.697668,02:30:00,4.13389,2.38669,5.82415,-30.60261,6.20091,17.60347,2.15587,1.17073,78.97571,-5.103559,0.268751,0.436633,NA,NA,NA,NA,NA,NA,NA,NA,NA,NA,NA,-9.89441,3.36795,-2.16112,50,4.16644,5.66188,-127.63892,0.3202,-15.99042,31.26068,-26.73108,ORE_DUC,GEO_PAT,PKPark,D1,BIG10,20260214-PKPark-2,3ff70910-0a03-11f1-802c-cb007da271b4,86.32531,NA,NA,9.15655,NA,NA,NA,NA,NA,NA,5ce813cb-c9e8-448f-bad2-0498063e9329,2026-02-15,00:13:57,2026-02-15T00:13:57Z,2026-02-15T00:13:57Z,NA,v3,4807,471300,82de864d38834b289bdde1d759a4a8fd,"Cowdrey, Vincent",1000469295,Right,GEO_PAT,c274eccb-3cc1-433c-98b1-1099c68dacda,54.67158,-128.77798,15.63034,4.13703,1.29421,-13.36554,-2.37804,6.24453,-7.99521,NA,NA,NA,NA,NA,NA,NA,NA,NA,NA,NA,NA,NA,NA,NA,NA,NA,NA,NA,NA,NA,NA,NA,NA,NA,NA,NA,NA,NA,NA,NA,NA,NA,NA,NA,NA,NA,NA,NA,NA,NA,NA,NA,NA,NA,NA,NA,NA,NA,NA,High,High,High,NA,NA,NA,NA,NA,NA,NA,NA,NA,NA,NA,NA,NA,NA,NA,NA,NA,NA,NA,NA,NA,NA,NA,NA,NA,NA,NA,NA,NA,NA,NA,NA,NA,NA,NA,NA,NA,NA,NA,NA,NA,NA,NA,NA,NA,NA,NA,NA,NA,NA,NA,NA,NA,NA,NA,NA,NA
NA,NA,NA,NA,NA,NA,NA,NA,NA,NA,NA,NA,NA,NA,NA,NA,189,2026-02-14,16:14:18,12,4,"Peters, Jackson",1000469296,Right,GEO_PAT,"Gimenez, Jax",826307,Left,ORE_DUC,Undefined,4,Bottom,2,1,2,Sinker,Changeup,InPlay,Undefined,GroundBall,Single,0,2,NA,88.04078,0.320084,-3.200207,1946.344994,256.436085,02:30:00,3.95032,2.67847,6.04659,-31.36411,5.19524,15.86324,1.63344,1.03465,79.00216,-5.551452,-0.348448,0.435182,102.4695,-8.201664,31.620694,NA,NA,NA,NA,13.46347,12.71062,22.69462,0.080391,-9.26016,2.94579,-2.43766,50,3.9586,6.47601,-127.55576,-0.3255,-14.94409,31.24933,-27.42014,ORE_DUC,GEO_PAT,PKPark,D1,BIG10,20260214-PKPark-2,4c8859e0-0a03-11f1-802c-cb007da271b4,86.61311,1.72519,NA,9.03862,NA,NA,NA,2.22855,1.72519,-1.08108,5ce813cb-c9e8-448f-bad2-0498063e9329,2026-02-15,00:14:18,2026-02-15T00:14:18Z,2026-02-15T00:14:18Z,GroundBall,v3,4807,471300,82de864d38834b289bdde1d759a4a8fd,"Cowdrey, Vincent",1000469295,Right,GEO_PAT,1d9886fa-225c-4831-9022-68bc59c374f4,54.45063,-128.64147,15.62467,3.95335,0.62718,-13.71007,-2.67168,6.99523,-7.47205,180,2.22701,126.78605,NA,NA,NA,NA,NA,NA,NA,1.72545,-21.4599,NA,NA,NA,NA,NA,NA,NA,-1.08202,78.06244,NA,NA,NA,NA,NA,NA,NA,NA,NA,NA,NA,NA,NA,NA,NA,NA,NA,NA,NA,NA,NA,NA,NA,NA,NA,NA,NA,NA,NA,High,High,High,Medium,High,NA,NA,NA,NA,NA,NA,NA,NA,NA,NA,NA,NA,NA,NA,NA,NA,NA,NA,NA,NA,NA,NA,NA,NA,NA,NA,NA,NA,NA,NA,NA,NA,NA,NA,NA,NA,NA,NA,NA,NA,NA,NA,NA,NA,NA,NA,NA,NA,NA,NA,NA,NA,NA,NA,NA
NA,NA,NA,NA,NA,NA,NA,NA,NA,NA,NA,NA,NA,NA,NA,NA,190,2026-02-14,16:15:05,13,1,"Peters, Jackson",1000469296,Right,GEO_PAT,"Hellman, Dominic",702626,Right,ORE_DUC,Undefined,4,Bottom,2,0,0,Slider,Curveball,BallCalled,Undefined,Undefined,Undefined,0,0,NA,78.36617,3.612492,1.049837,2207.876368,81.140928,08:45:00,4.19883,3.55452,5.66701,-48.81762,-2.05276,-23.96588,3.50402,2.53634,70.44174,-5.398425,-3.229041,0.492188,NA,NA,NA,NA,NA,NA,NA,NA,NA,NA,NA,12.38347,-1.67917,-3.62819,50,4.47412,-1.12667,-113.45847,5.55418,15.85071,24.25176,-34.32338,ORE_DUC,GEO_PAT,PKPark,D1,BIG10,20260214-PKPark-2,689179a0-0a03-11f1-802c-cb007da271b4,76.58134,NA,NA,7.92442,NA,NA,NA,NA,NA,NA,5ce813cb-c9e8-448f-bad2-0498063e9329,2026-02-15,00:15:05,2026-02-15T00:15:05Z,2026-02-15T00:15:05Z,NA,v3,4807,471300,82de864d38834b289bdde1d759a4a8fd,"Cowdrey, Vincent",1000469295,Right,GEO_PAT,59ef1c92-6e88-4057-a788-3b4b3d1ff59e,54.83137,-114.48652,12.12588,4.20784,7.00917,-17.16169,-3.56619,-1.79859,7.92535,NA,NA,NA,NA,NA,NA,NA,NA,NA,NA,NA,NA,NA,NA,NA,NA,NA,NA,NA,NA,NA,NA,NA,NA,NA,NA,NA,NA,NA,NA,NA,NA,NA,NA,NA,NA,NA,NA,NA,NA,NA,NA,NA,NA,NA,NA,NA,NA,NA,NA,High,High,High,NA,NA,NA,NA,NA,NA,NA,NA,NA,NA,NA,NA,NA,NA,NA,NA,NA,NA,NA,NA,NA,NA,NA,NA,NA,NA,NA,NA,NA,NA,NA,NA,NA,NA,NA,NA,NA,NA,NA,NA,NA,NA,NA,NA,NA,NA,NA,NA,NA,NA,NA,NA,NA,NA,NA,NA,NA
NA,NA,NA,NA,NA,NA,NA,NA,NA,NA,NA,NA,NA,NA,NA,NA,191,2026-02-14,16:15:31,13,2,"Peters, Jackson",1000469296,Right,GEO_PAT,"Hellman, Dominic",702626,Right,ORE_DUC,Undefined,4,Bottom,2,1,0,Sinker,Changeup,StrikeCalled,Undefined,Undefined,Undefined,0,0,NA,87.27504,0.179288,-5.340797,1945.164666,250.554718,02:15:00,3.90917,3.35542,6.26232,-29.99813,6.41552,14.85863,1.57535,-0.34493,79.64004,-5.420963,-2.671691,0.434314,NA,NA,NA,NA,NA,NA,NA,NA,NA,NA,NA,-9.19493,3.63477,-2.96562,50,3.90789,11.22633,-126.36483,-0.55015,-14.85855,25.89542,-26.30042,ORE_DUC,GEO_PAT,PKPark,D1,BIG10,20260214-PKPark-2,77bada70-0a03-11f1-802c-cb007da271b4,86.78621,NA,NA,7.635,NA,NA,NA,NA,NA,NA,5ce813cb-c9e8-448f-bad2-0498063e9329,2026-02-15,00:15:31,2026-02-15T00:15:31Z,2026-02-15T00:15:31Z,NA,v3,4807,471300,82de864d38834b289bdde1d759a4a8fd,"Cowdrey, Vincent",1000469295,Right,GEO_PAT,f62fe18b-31ef-46b1-960c-a325c7a19fc6,54.23665,-127.23007,12.94771,3.91159,0.32862,-13.15021,-3.34902,11.72279,-7.42928,NA,NA,NA,NA,NA,NA,NA,NA,NA,NA,NA,NA,NA,NA,NA,NA,NA,NA,NA,NA,NA,NA,NA,NA,NA,NA,NA,NA,NA,NA,NA,NA,NA,NA,NA,NA,NA,NA,NA,NA,NA,NA,NA,NA,NA,NA,NA,NA,NA,NA,High,High,High,NA,NA,NA,NA,NA,NA,NA,NA,NA,NA,NA,NA,NA,NA,NA,NA,NA,NA,NA,NA,NA,NA,NA,NA,NA,NA,NA,NA,NA,NA,NA,NA,NA,NA,NA,NA,NA,NA,NA,NA,NA,NA,NA,NA,NA,NA,NA,NA,NA,NA,NA,NA,NA,NA,NA,NA,NA
NA,NA,NA,NA,NA,NA,NA,NA,NA,NA,NA,NA,NA,NA,NA,NA,192,2026-02-14,16:15:54,13,3,"Peters, Jackson",1000469296,Right,GEO_PAT,"Hellman, Dominic",702626,Right,ORE_DUC,Undefined,4,Bottom,2,1,1,Slider,Slider,StrikeCalled,Undefined,Undefined,Undefined,0,0,NA,78.16696,1.972485,-1.099376,2216.411493,97.020153,09:15:00,4.0883,3.49587,5.69446,-42.64183,3.96075,-19.33788,2.37408,0.85972,70.91579,-5.909559,-4.553108,0.491334,NA,NA,NA,NA,NA,NA,NA,NA,NA,NA,NA,9.45634,1.86795,-3.39136,50,4.22771,2.91916,-113.35929,2.55185,12.14961,23.16254,-29.77407,ORE_DUC,GEO_PAT,PKPark,D1,BIG10,20260214-PKPark-2,85c0f0f0-0a03-11f1-802c-cb007da271b4,76.71457,NA,NA,7.25117,NA,NA,NA,NA,NA,NA,5ce813cb-c9e8-448f-bad2-0498063e9329,2026-02-15,00:15:54,2026-02-15T00:15:54Z,2026-02-15T00:15:54Z,NA,v3,4807,471300,82de864d38834b289bdde1d759a4a8fd,"Cowdrey, Vincent",1000469295,Right,GEO_PAT,deb5e56d-b73e-403d-ab97-26b4d2e62322,54.8035,-114.33657,11.58127,4.09354,3.80808,-14.88704,-3.50371,2.40655,6.07481,NA,NA,NA,NA,NA,NA,NA,NA,NA,NA,NA,NA,NA,NA,NA,NA,NA,NA,NA,NA,NA,NA,NA,NA,NA,NA,NA,NA,NA,NA,NA,NA,NA,NA,NA,NA,NA,NA,NA,NA,NA,NA,NA,NA,NA,NA,NA,NA,NA,NA,High,High,High,NA,NA,NA,NA,NA,NA,NA,NA,NA,NA,NA,NA,NA,NA,NA,NA,NA,NA,NA,NA,NA,NA,NA,NA,NA,NA,NA,NA,NA,NA,NA,NA,NA,NA,NA,NA,NA,NA,NA,NA,NA,NA,NA,NA,NA,NA,NA,NA,NA,NA,NA,NA,NA,NA,NA,NA,NA
NA,NA,NA,NA,NA,NA,NA,NA,NA,NA,NA,NA,NA,NA,NA,NA,193,2026-02-14,16:16:17,13,4,"Peters, Jackson",1000469296,Right,GEO_PAT,"Hellman, Dominic",702626,Right,ORE_DUC,Undefined,4,Bottom,2,1,2,Slider,Slider,StrikeCalled,Strikeout,Undefined,Undefined,0,0,NA,78.60539,1.286034,-0.849801,2383.734215,90.512377,09:00:00,4.16873,3.35905,5.73439,-44.33979,1.83071,-24.0693,1.67167,0.56186,71.21193,-6.899047,-5.154829,0.48905,NA,NA,NA,NA,NA,NA,NA,NA,NA,NA,NA,11.91997,1.00803,-3.27354,50,4.24906,2.62372,-114.02491,1.1384,15.41816,24.39497,-30.87016,ORE_DUC,GEO_PAT,PKPark,D1,BIG10,20260214-PKPark-2,937edae0-0a03-11f1-802c-cb007da271b4,77.07269,NA,NA,7.39346,NA,NA,NA,NA,NA,NA,5ce813cb-c9e8-448f-bad2-0498063e9329,2026-02-15,00:16:17,2026-02-15T00:16:17Z,2026-02-15T00:16:17Z,NA,v3,4807,471300,82de864d38834b289bdde1d759a4a8fd,"Cowdrey, Vincent",1000469295,Right,GEO_PAT,532b7cd4-faa7-42dc-8d6c-a386763e873e,54.76403,-115.03963,12.19748,4.175,2.42245,-15.43508,-3.36934,1.9824,7.70908,NA,NA,NA,NA,NA,NA,NA,NA,NA,NA,NA,NA,NA,NA,NA,NA,NA,NA,NA,NA,NA,NA,NA,NA,NA,NA,NA,NA,59.77659,3.11904,1.99255,1.126489,0.41719,1.54873,-0.47098,-1.1196,5.43182,4.18667,74.41598,4.34694,50.36431,-1.05422,73.80608,-6.06232,5.48234,15.54085,-14.70414,4.19913,43.06458,-1.85243,High,High,High,NA,NA,High,High,High,NA,NA,NA,NA,NA,NA,NA,NA,NA,NA,NA,NA,NA,NA,NA,NA,NA,NA,NA,NA,NA,NA,NA,NA,NA,NA,NA,NA,NA,NA,NA,NA,NA,NA,NA,NA,NA,NA,NA,NA,NA,NA,NA,NA,NA,NA,NA,NA,NA,NA,NA,NA
NA,NA,NA,NA,NA,NA,NA,NA,NA,NA,NA,NA,NA,NA,NA,NA,194,2026-02-14,16:19:08,1,1,"Umlandt, Ian",809862,Left,ORE_DUC,"Westley, Matthew",824016,Right,GEO_PAT,Undefined,5,Top,0,0,0,Cutter,Cutter,StrikeSwinging,Undefined,Undefined,Undefined,0,0,NA,83.46957,-1.57405,1.895956,2069.557201,164.829056,11:30:00,6.22791,-1.86342,5.61405,-32.94923,8.50197,-1.87347,2.01187,-0.24935,75.04111,-7.687962,1.561242,0.463383,NA,NA,NA,NA,NA,NA,NA,NA,NA,NA,NA,1.59453,5.3228,1.70268,50,6.07268,-3.92015,-120.81005999999999,-4.41852,2.30371,28.45693,-24.4839,ORE_DUC,GEO_PAT,PKPark,D1,BIG10,20260214-PKPark-2,f97a2f70-0a03-11f1-802c-cb007da271b4,81.34192,NA,NA,8.42846,NA,NA,NA,NA,NA,NA,5ce813cb-c9e8-448f-bad2-0498063e9329,2026-02-15,00:19:08,2026-02-15T00:19:08Z,2026-02-15T00:19:08Z,NA,v3,4807,471300,82de864d38834b289bdde1d759a4a8fd,"Mabeus, Burke",1000222806,Right,ORE_DUC,4690177e-7d11-48cf-9662-960d4081cccc,54.87943,-121.954,14.22847,6.23052,-3.43429,-12.24195,1.86213,-4.01275,1.15186,NA,NA,NA,NA,NA,NA,NA,NA,NA,NA,NA,NA,NA,NA,NA,NA,NA,NA,NA,NA,NA,NA,NA,NA,NA,NA,NA,NA,NA,NA,NA,NA,NA,NA,NA,NA,NA,NA,NA,NA,NA,NA,NA,NA,NA,NA,NA,NA,NA,NA,High,High,High,NA,NA,NA,NA,NA,NA,NA,NA,NA,NA,NA,NA,NA,NA,NA,NA,NA,NA,NA,NA,NA,NA,NA,NA,NA,NA,NA,NA,NA,NA,NA,NA,NA,NA,NA,NA,NA,NA,NA,NA,NA,NA,NA,NA,NA,NA,NA,NA,NA,NA,NA,NA,NA,NA,NA,NA,NA
NA,NA,NA,NA,NA,NA,NA,NA,NA,NA,NA,NA,NA,NA,NA,NA,195,2026-02-14,16:19:25,1,2,"Umlandt, Ian",809862,Left,ORE_DUC,"Westley, Matthew",824016,Right,GEO_PAT,Undefined,5,Top,0,0,1,Cutter,Slider,StrikeCalled,Undefined,Undefined,Undefined,0,0,NA,84.52005,-0.117813,1.939887,2109.7107,153.213322,11:00:00,6.18413,-1.82747,5.60262,-32.2862,7.74705,-3.1976,3.38357,-0.28231,76.46468,-6.105318,1.369176,0.455388,NA,NA,NA,NA,NA,NA,NA,NA,NA,NA,NA,2.21768,4.39225,1.66344,50,6.1535,-4.01286,-122.4998,-1.35048,3.32749,27.03496,-25.58369,ORE_DUC,GEO_PAT,PKPark,D1,BIG10,20260214-PKPark-2,039aa750-0a04-11f1-802c-cb007da271b4,82.76987,NA,NA,8.05537,NA,NA,NA,NA,NA,NA,5ce813cb-c9e8-448f-bad2-0498063e9329,2026-02-15,00:19:25,2026-02-15T00:19:25Z,2026-02-15T00:19:25Z,NA,v3,4807,471300,82de864d38834b289bdde1d759a4a8fd,"Mabeus, Burke",1000222806,Right,ORE_DUC,762529d7-409c-4bea-931b-aac67d10c2e3,54.89225,-123.57477,13.51748,6.18698,-0.33322,-12.79185,1.82564,-4.14517,1.66375,NA,NA,NA,NA,NA,NA,NA,NA,NA,NA,NA,NA,NA,NA,NA,NA,NA,NA,NA,NA,NA,NA,NA,NA,NA,NA,NA,NA,NA,NA,NA,NA,NA,NA,NA,NA,NA,NA,NA,NA,NA,NA,NA,NA,NA,NA,NA,NA,NA,NA,High,High,High,NA,NA,NA,NA,NA,NA,NA,NA,NA,NA,NA,NA,NA,NA,NA,NA,NA,NA,NA,NA,NA,NA,NA,NA,NA,NA,NA,NA,NA,NA,NA,NA,NA,NA,NA,NA,NA,NA,NA,NA,NA,NA,NA,NA,NA,NA,NA,NA,NA,NA,NA,NA,NA,NA,NA,NA,NA
NA,NA,NA,NA,NA,NA,NA,NA,NA,NA,NA,NA,NA,NA,NA,NA,196,2026-02-14,16:19:43,1,3,"Umlandt, Ian",809862,Left,ORE_DUC,"Westley, Matthew",824016,Right,GEO_PAT,Undefined,5,Top,0,0,2,Fastball,Four-Seam,InPlay,Undefined,GroundBall,Out,1,0,NA,87.88291,-2.344775,3.384393,2049.010036,157.449801,11:15:00,6.28093,-1.43745,5.93728,-15.94217,21.11572,-8.16221,2.77219,1.02567,78.56578,-5.443862,1.922029,0.438139,55.57351,14.454086,-12.542178,1107.543889,NA,NA,NA,100.65836,99.48571,-11.494052,1.404352,5.35051,12.03851,1.17184,50,6.08479,-7.16998,-127.07506,-5.61699,8.54477,31.7045,-12.94853,ORE_DUC,GEO_PAT,PKPark,D1,BIG10,20260214-PKPark-2,0e29bf80-0a04-11f1-802c-cb007da271b4,86.02853,9.10208,NA,9.31713,NA,NA,NA,1.49661,2.82652,-1.03488,5ce813cb-c9e8-448f-bad2-0498063e9329,2026-02-15,00:19:43,2026-02-15T00:19:43Z,2026-02-15T00:19:43Z,GroundBall,v3,4807,471300,82de864d38834b289bdde1d759a4a8fd,"Mabeus, Burke",1000222806,Right,ORE_DUC,6c67506f-e70e-4612-816f-1be4734c6c93,54.55731,-128.20704,15.85225,6.27709,-5.15468,-6.47427,1.43328,-7.47507,4.27239,243.362627,1.49661,77.0443,-6.79092,1.08738,-0.2057,0.02764,-0.00448,0.00116,-1.2e-4,2.82652,20.34465,-17.02034,0.93748,-0.15011,0.03156,-0.00242,5e-4,-1.1e-4,-1.03488,-17.13982,3.22893,-0.64958,0.15113,-0.0248,0.00444,-8.4e-4,7e-5,NA,NA,NA,NA,NA,NA,NA,NA,NA,NA,NA,NA,NA,NA,NA,NA,NA,NA,NA,NA,NA,NA,High,High,High,High,High,NA,NA,NA,NA,NA,NA,NA,NA,NA,NA,NA,NA,NA,NA,NA,NA,NA,NA,NA,NA,NA,NA,NA,NA,NA,NA,NA,NA,NA,NA,NA,NA,NA,NA,NA,NA,NA,NA,NA,NA,NA,NA,NA,NA,NA,NA,NA,NA,NA,NA,NA,NA,NA,NA,NA
NA,NA,NA,NA,NA,NA,NA,NA,NA,NA,NA,NA,NA,NA,NA,NA,197,2026-02-14,16:20:18,2,1,"Umlandt, Ian",809862,Left,ORE_DUC,"Tignor, Laken",1000091229,Right,GEO_PAT,Undefined,5,Top,1,0,0,Slider,Curveball,StrikeCalled,Undefined,Undefined,Undefined,0,0,NA,77.87997,0.389953,1.020385,2333.107983,306.273642,04:15:00,6.11432,-2.0922,5.38964,-49.79688,-2.98201,5.99307,2.33012,-0.63634,71.86582,-8.65463,2.087789,0.492451,NA,NA,NA,NA,NA,NA,NA,NA,NA,NA,NA,-2.72547,-1.13902,1.99677,50,6.11414,-2.25051,-113.11875,-0.93283,-3.53707,20.32521,-33.65223,ORE_DUC,GEO_PAT,PKPark,D1,BIG10,20260214-PKPark-2,2324b070-0a04-11f1-802c-cb007da271b4,76.54044,NA,NA,6.01416,NA,NA,NA,NA,NA,NA,5ce813cb-c9e8-448f-bad2-0498063e9329,2026-02-15,00:20:18,2026-02-15T00:20:18Z,2026-02-15T00:20:18Z,NA,v3,4807,471300,82de864d38834b289bdde1d759a4a8fd,"Mabeus, Burke",1000222806,Right,ORE_DUC,5039d34b-9ed8-43e0-a85c-3e49a2150d98,55.10994,-114.03321,10.16261,6.12205,0.58123,-16.82611,2.09445,-2.09137,-1.76853,NA,NA,NA,NA,NA,NA,NA,NA,NA,NA,NA,NA,NA,NA,NA,NA,NA,NA,NA,NA,NA,NA,NA,NA,NA,NA,NA,NA,NA,NA,NA,NA,NA,NA,NA,NA,NA,NA,NA,NA,NA,NA,NA,NA,NA,NA,NA,NA,NA,NA,High,High,High,NA,NA,NA,NA,NA,NA,NA,NA,NA,NA,NA,NA,NA,NA,NA,NA,NA,NA,NA,NA,NA,NA,NA,NA,NA,NA,NA,NA,NA,NA,NA,NA,NA,NA,NA,NA,NA,NA,NA,NA,NA,NA,NA,NA,NA,NA,NA,NA,NA,NA,NA,NA,NA,NA,NA,NA,NA
NA,NA,NA,NA,NA,NA,NA,NA,NA,NA,NA,NA,NA,NA,NA,NA,198,2026-02-14,16:20:32,2,2,"Umlandt, Ian",809862,Left,ORE_DUC,"Tignor, Laken",1000091229,Right,GEO_PAT,Undefined,5,Top,1,0,1,ChangeUp,Changeup,BallCalled,Undefined,Undefined,Undefined,0,0,NA,81.76446,-1.042277,1.815742,1833.465585,118.363762,10:00:00,6.00622,-2.24891,5.92997,-31.44458,10.6528,-17.04233,2.41821,-1.98388,74.34185,-6.909086,-1.247275,0.466981,NA,NA,NA,NA,NA,NA,NA,NA,NA,NA,NA,9.23571,6.22252,2.11317,50,5.90536,-3.08873,-118.63213,-3.12376,13.03608,24.71827,-23.39106,ORE_DUC,GEO_PAT,PKPark,D1,BIG10,20260214-PKPark-2,2b4f72d0-0a04-11f1-802c-cb007da271b4,80.7152,NA,NA,7.42261,NA,NA,NA,NA,NA,NA,5ce813cb-c9e8-448f-bad2-0498063e9329,2026-02-15,00:20:32,2026-02-15T00:20:32Z,2026-02-15T00:20:32Z,NA,v3,4807,471300,82de864d38834b289bdde1d759a4a8fd,"Mabeus, Burke",1000222806,Right,ORE_DUC,df1e4a80-3d32-4a9f-9cc4-275b46ead134,54.56662,-119.57985,12.35913,6.00793,-2.22692,-11.69553,2.24117,-3.58855,6.51804,NA,NA,NA,NA,NA,NA,NA,NA,NA,NA,NA,NA,NA,NA,NA,NA,NA,NA,NA,NA,NA,NA,NA,NA,NA,NA,NA,NA,NA,NA,NA,NA,NA,NA,NA,NA,NA,NA,NA,NA,NA,NA,NA,NA,NA,NA,NA,NA,NA,NA,High,High,High,NA,NA,NA,NA,NA,NA,NA,NA,NA,NA,NA,NA,NA,NA,NA,NA,NA,NA,NA,NA,NA,NA,NA,NA,NA,NA,NA,NA,NA,NA,NA,NA,NA,NA,NA,NA,NA,NA,NA,NA,NA,NA,NA,NA,NA,NA,NA,NA,NA,NA,NA,NA,NA,NA,NA,NA,NA
NA,NA,NA,NA,NA,NA,NA,NA,NA,NA,NA,NA,NA,NA,NA,NA,199,2026-02-14,16:20:46,2,3,"Umlandt, Ian",809862,Left,ORE_DUC,"Tignor, Laken",1000091229,Right,GEO_PAT,Undefined,5,Top,1,1,1,Fastball,Four-Seam,StrikeSwinging,Undefined,Undefined,Undefined,0,0,NA,89.02258,-2.915381,2.353263,2065.971684,157.981336,11:15:00,6.27931,-1.49879,5.79848,-13.33812,22.64572,-8.61918,2.45156,-0.02704,80.21327,-5.517063,0.8108,0.431743,NA,NA,NA,NA,NA,NA,NA,NA,NA,NA,NA,5.09674,12.8039,1.3103,50,6.03142,-4.9119,-128.8327,-6.88267,8.44585,30.27241,-10.95658,ORE_DUC,GEO_PAT,PKPark,D1,BIG10,20260214-PKPark-2,33cfa830-0a04-11f1-802c-cb007da271b4,87.30296,NA,NA,8.8093,NA,NA,NA,NA,NA,NA,5ce813cb-c9e8-448f-bad2-0498063e9329,2026-02-15,00:20:46,2026-02-15T00:20:46Z,2026-02-15T00:20:46Z,NA,v3,4807,471300,82de864d38834b289bdde1d759a4a8fd,"Mabeus, Burke",1000222806,Right,ORE_DUC,51df3227-d1a6-457e-bdd3-4f375275c016,54.69542,-129.93132,15.1362,6.27398,-6.48504,-5.47829,1.49411,-5.21841,4.22293,NA,NA,NA,NA,NA,NA,NA,NA,NA,NA,NA,NA,NA,NA,NA,NA,NA,NA,NA,NA,NA,NA,NA,NA,NA,NA,NA,NA,NA,NA,NA,NA,NA,NA,NA,NA,NA,NA,NA,NA,NA,NA,NA,NA,NA,NA,NA,NA,NA,NA,High,High,High,NA,NA,NA,NA,NA,NA,NA,NA,NA,NA,NA,NA,NA,NA,NA,NA,NA,NA,NA,NA,NA,NA,NA,NA,NA,NA,NA,NA,NA,NA,NA,NA,NA,NA,NA,NA,NA,NA,NA,NA,NA,NA,NA,NA,NA,NA,NA,NA,NA,NA,NA,NA,NA,NA,NA,NA,NA
NA,NA,NA,NA,NA,NA,NA,NA,NA,NA,NA,NA,NA,NA,NA,NA,200,2026-02-14,16:21:04,2,4,"Umlandt, Ian",809862,Left,ORE_DUC,"Tignor, Laken",1000091229,Right,GEO_PAT,Undefined,5,Top,1,1,2,Fastball,Four-Seam,InPlay,Undefined,LineDrive,Out,1,0,NA,88.38979,-2.614086,1.950454,1914.686749,154.646413,11:15:00,6.2891,-1.70216,5.81754,-15.78776,20.70824,-9.16725,2.53985,-0.65191,79.57046,-5.659544,0.308302,0.434805,94.89285,17.860939,25.084721,3467.075279,95.63774,30.33725,54.34511,298.75981,283.20358,36.490413,3.28661,5.31134,11.80863,1.54797,50,6.06583,-3.96619,-127.99484,-6.2707,8.66506,30.50358,-12.90913,ORE_DUC,GEO_PAT,PKPark,D1,BIG10,20260214-PKPark-2,3e560dd0-0a04-11f1-802c-cb007da271b4,86.68823,35.06209,NA,8.81933,NA,NA,NA,0.79938,2.39708,0.57315,5ce813cb-c9e8-448f-bad2-0498063e9329,2026-02-15,00:21:04,2026-02-15T00:21:04Z,2026-02-15T00:21:04Z,LineDrive,v3,4807,471300,82de864d38834b289bdde1d759a4a8fd,"Mabeus, Burke",1000222806,Right,ORE_DUC,8c646e2c-dbf4-4431-a3f2-514bef8d0860,54.6781,-129.1049,15.25179,6.28549,-5.80092,-6.45457,1.69804,-4.28152,4.33253,229.952328,0.79942,119.97252,-26.93107,6.73426,-1.44865,0.26139,-0.03778,0.00367,-1.4e-4,2.39698,42.69027,-13.95016,-0.40215,0.36425,-0.07344,9.6e-4,0.00303,-4.3e-4,0.57313,56.16161,1.31085,-1.71516,0.68952,-0.19308,0.03916,-0.0049,2.8e-4,NA,NA,NA,NA,NA,NA,NA,NA,NA,NA,NA,NA,NA,NA,NA,NA,NA,NA,NA,NA,NA,NA,High,High,High,High,High,NA,NA,NA,NA,NA,NA,NA,NA,NA,NA,NA,NA,NA,NA,NA,NA,NA,NA,NA,NA,NA,NA,NA,NA,NA,NA,NA,NA,NA,NA,NA,NA,NA,NA,NA,NA,NA,NA,NA,NA,NA,NA,NA,NA,NA,NA,NA,NA,NA,NA,NA,NA,NA,NA,NA
NA,NA,NA,NA,NA,NA,NA,NA,NA,NA,NA,NA,NA,NA,NA,NA,201,2026-02-14,16:21:46,3,1,"Umlandt, Ian",809862,Left,ORE_DUC,"Cowdrey, Vincent",1000469295,Right,GEO_PAT,Undefined,5,Top,2,0,0,Slider,Slider,BallCalled,Undefined,Undefined,Undefined,0,0,NA,79.86242,-0.796634,2.98944,2314.503311,320.567717,04:45:00,6.04796,-1.92804,5.46387,-49.45672,-4.49217,4.91933,1.1799,1.2824,73.20375,-9.769469,3.865633,0.482621,NA,NA,NA,NA,NA,NA,NA,NA,NA,NA,NA,-1.5802,-1.6402,1.66119,50,5.94369,-6.2377,-115.75779,-3.31102,-2.12293,23.60125,-34.37758,ORE_DUC,GEO_PAT,PKPark,D1,BIG10,20260214-PKPark-2,57944dc0-0a04-11f1-802c-cb007da271b4,78.09941,NA,NA,6.65867,NA,NA,NA,NA,NA,NA,5ce813cb-c9e8-448f-bad2-0498063e9329,2026-02-15,00:21:46,2026-02-15T00:21:46Z,2026-02-15T00:21:46Z,NA,v3,4807,471300,82de864d38834b289bdde1d759a4a8fd,"Mabeus, Burke",1000222806,Right,ORE_DUC,fca1d999-44a7-4359-bdda-9d0207496e96,55.03596,-116.78003,11.80063,6.05486,-1.82202,-17.18879,1.92938,-6.14575,-1.06147,NA,NA,NA,NA,NA,NA,NA,NA,NA,NA,NA,NA,NA,NA,NA,NA,NA,NA,NA,NA,NA,NA,NA,NA,NA,NA,NA,NA,NA,NA,NA,NA,NA,NA,NA,NA,NA,NA,NA,NA,NA,NA,NA,NA,NA,NA,NA,NA,NA,NA,High,High,High,NA,NA,NA,NA,NA,NA,NA,NA,NA,NA,NA,NA,NA,NA,NA,NA,NA,NA,NA,NA,NA,NA,NA,NA,NA,NA,NA,NA,NA,NA,NA,NA,NA,NA,NA,NA,NA,NA,NA,NA,NA,NA,NA,NA,NA,NA,NA,NA,NA,NA,NA,NA,NA,NA,NA,NA,NA
NA,NA,NA,NA,NA,NA,NA,NA,NA,NA,NA,NA,NA,NA,NA,NA,202,2026-02-14,16:22:02,3,2,"Umlandt, Ian",809862,Left,ORE_DUC,"Cowdrey, Vincent",1000469295,Right,GEO_PAT,Undefined,5,Top,2,1,0,Slider,Curveball,StrikeCalled,Undefined,Undefined,Undefined,0,0,NA,77.60086,0.468238,2.375008,2372.366376,306.732366,04:15:00,5.95707,-2.18611,5.65634,-51.32971,-3.99681,7.50382,2.11665,0.65537,70.83045,-8.916905,3.716197,0.495169,NA,NA,NA,NA,NA,NA,NA,NA,NA,NA,NA,-3.06288,-1.69272,1.98014,50,5.96437,-4.95292,-112.53967,-0.75731,-3.88035,22.74032,-34.31855,ORE_DUC,GEO_PAT,PKPark,D1,BIG10,20260214-PKPark-2,6111a7d0-0a04-11f1-802c-cb007da271b4,76.12041,NA,NA,6.77041,NA,NA,NA,NA,NA,NA,5ce813cb-c9e8-448f-bad2-0498063e9329,2026-02-15,00:22:02,2026-02-15T00:22:02Z,2026-02-15T00:22:02Z,NA,v3,4807,471300,82de864d38834b289bdde1d759a4a8fd,"Mabeus, Burke",1000222806,Right,ORE_DUC,ef47c31c-1532-4c60-8795-f8f96112937f,54.84237,-113.51393,11.37016,5.96532,0.71299,-17.15928,2.18877,-4.78667,-1.94018,NA,NA,NA,NA,NA,NA,NA,NA,NA,NA,NA,NA,NA,NA,NA,NA,NA,NA,NA,NA,NA,NA,NA,NA,NA,NA,NA,NA,NA,NA,NA,NA,NA,NA,NA,NA,NA,NA,NA,NA,NA,NA,NA,NA,NA,NA,NA,NA,NA,NA,High,High,High,NA,NA,NA,NA,NA,NA,NA,NA,NA,NA,NA,NA,NA,NA,NA,NA,NA,NA,NA,NA,NA,NA,NA,NA,NA,NA,NA,NA,NA,NA,NA,NA,NA,NA,NA,NA,NA,NA,NA,NA,NA,NA,NA,NA,NA,NA,NA,NA,NA,NA,NA,NA,NA,NA,NA,NA,NA
NA,NA,NA,NA,NA,NA,NA,NA,NA,NA,NA,NA,NA,NA,NA,NA,203,2026-02-14,16:22:17,3,3,"Umlandt, Ian",809862,Left,ORE_DUC,"Cowdrey, Vincent",1000469295,Right,GEO_PAT,Undefined,5,Top,2,1,1,Fastball,Four-Seam,InPlay,Undefined,FlyBall,Out,1,0,NA,88.54824,-1.668993,2.590833,2046.113781,157.742676,11:15:00,6.37242,-1.34407,6.11964,-16.38253,19.4567,-7.43307,3.46222,0.43336,79.867679999999993,-4.834897,1.252901,0.430874,86.24224,33.093099,-9.495495,1900.467292,108.37975,61.99007,-18.80964,334.94177,329.4621,-11.058134,4.705939,4.66406,10.95095,1.14938,50,6.23597,-5.50201,-128.34989,-4.17048,7.66996,30.0811,-14.16548,ORE_DUC,GEO_PAT,PKPark,D1,BIG10,20260214-PKPark-2,69a36960-0a04-11f1-802c-cb007da271b4,87.47894,77.21654,NA,8.68056,NA,NA,NA,1.61834,3.47191,-0.42938,5ce813cb-c9e8-448f-bad2-0498063e9329,2026-02-15,00:22:17,2026-02-15T00:22:17Z,2026-02-15T00:22:17Z,FlyBall,v3,4807,471300,82de864d38834b289bdde1d759a4a8fd,"Mabeus, Burke",1000222806,Right,ORE_DUC,d2423d99-27d5-49fb-9840-8efec05771fa,54.37652,-129.37154,15.04055,6.36945,-3.68937,-7.08274,1.34067,-5.76251,3.83498,177.975809,1.61909,104.5043,-16.56681,3.83147,-0.75714,0.14311,-0.0258,0.00333,-1.9e-4,3.47251,69.04468,-17.91761,0.88835,0.07928,-0.11032,0.03581,-0.00522,2.9e-4,-0.42955,-17.4778,2.45525,-0.69579,0.13189,-0.01496,-1e-5,1.9e-4,-1e-5,NA,NA,NA,NA,NA,NA,NA,NA,NA,NA,NA,NA,NA,NA,NA,NA,NA,NA,NA,NA,NA,NA,High,High,High,High,High,NA,NA,NA,NA,NA,NA,NA,NA,NA,NA,NA,NA,NA,NA,NA,NA,NA,NA,NA,NA,NA,NA,NA,NA,NA,NA,NA,NA,NA,NA,NA,NA,NA,NA,NA,NA,NA,NA,NA,NA,NA,NA,NA,NA,NA,NA,NA,NA,NA,NA,NA,NA,NA,NA,NA
NA,NA,NA,NA,NA,NA,NA,NA,NA,NA,NA,NA,NA,NA,NA,NA,204,2026-02-14,16:25:32,1,1,"Thomas, Parker",814826,Right,GEO_PAT,"Miranda, Gabe",702569,Left,ORE_DUC,Undefined,5,Bottom,0,0,0,Cutter,Slider,BallCalled,Undefined,Undefined,Undefined,0,0,NA,82.70125,0.567878,-1.326075,2025.654313,117.827362,10:00:00,5.73567,2.79928,5.11013,-39.68482,3.40626,-3.28807,2.96378,1.27573,74.03017,-6.716641,-1.907849,0.47246,NA,NA,NA,NA,NA,NA,NA,NA,NA,NA,NA,1.1587,1.99882,-2.67171,50,5.75883,2.9152,-119.64003,-0.26639,1.63823,28.35804,-29.34799,ORE_DUC,GEO_PAT,PKPark,D1,BIG10,20260214-PKPark-2,de101960-0a04-11f1-802c-cb007da271b4,79.77911,NA,NA,8.67108,NA,NA,NA,NA,NA,NA,5ce813cb-c9e8-448f-bad2-0498063e9329,2026-02-15,00:25:32,2026-02-15T00:25:32Z,2026-02-15T00:25:32Z,NA,v3,4807,471300,82de864d38834b289bdde1d759a4a8fd,"Cowdrey, Vincent",1000469295,Right,GEO_PAT,38fe7ca5-73f7-4050-ba34-f2766ed55f3a,55.38343,-120.90932,14.17902,5.74136,1.04721,-14.674,-2.80055,2.84188,0.81912,NA,NA,NA,NA,NA,NA,NA,NA,NA,NA,NA,NA,NA,NA,NA,NA,NA,NA,NA,NA,NA,NA,NA,NA,NA,NA,NA,NA,NA,NA,NA,NA,NA,NA,NA,NA,NA,NA,NA,NA,NA,NA,NA,NA,NA,NA,NA,NA,NA,NA,High,High,High,NA,NA,NA,NA,NA,NA,NA,NA,NA,NA,NA,NA,NA,NA,NA,NA,NA,NA,NA,NA,NA,NA,NA,NA,NA,NA,NA,NA,NA,NA,NA,NA,NA,NA,NA,NA,NA,NA,NA,NA,NA,NA,NA,NA,NA,NA,NA,NA,NA,NA,NA,NA,NA,NA,NA,NA,NA
NA,NA,NA,NA,NA,NA,NA,NA,NA,NA,NA,NA,NA,NA,NA,NA,205,2026-02-14,16:25:49,1,2,"Thomas, Parker",814826,Right,GEO_PAT,"Miranda, Gabe",702569,Left,ORE_DUC,Undefined,5,Bottom,0,1,0,Sinker,Changeup,BallCalled,Undefined,Undefined,Undefined,0,0,NA,88.30014,0.062253,-2.316405,1777.959155,248.920135,02:15:00,5.65713,2.81555,5.53701,-27.80568,8.74898,19.50749,3.39822,2.27492,80.17543,-5.097373,1.160793,0.435154,NA,NA,NA,NA,NA,NA,NA,NA,NA,NA,NA,-10.45839,4.77658,-2.62749,50,5.64432,4.30455,-128.06098,-0.84761,-17.25466,28.05047,-24.29347,ORE_DUC,GEO_PAT,PKPark,D1,BIG10,20260214-PKPark-2,e86eabb0-0a04-11f1-802c-cb007da271b4,86.61865,NA,NA,8.12471,NA,NA,NA,NA,NA,NA,5ce813cb-c9e8-448f-bad2-0498063e9329,2026-02-15,00:25:49,2026-02-15T00:25:49Z,2026-02-15T00:25:49Z,NA,v3,4807,471300,82de864d38834b289bdde1d759a4a8fd,"Cowdrey, Vincent",1000469295,Right,GEO_PAT,fc7aca6c-e787-4615-bade-0ff8f9870669,54.9602,-129.14289,14.02523,5.65894,0.08939,-12.14673,-2.80636,4.97006,-8.62733,NA,NA,NA,NA,NA,NA,NA,NA,NA,NA,NA,NA,NA,NA,NA,NA,NA,NA,NA,NA,NA,NA,NA,NA,NA,NA,NA,NA,NA,NA,NA,NA,NA,NA,NA,NA,NA,NA,NA,NA,NA,NA,NA,NA,NA,NA,NA,NA,NA,NA,High,High,High,NA,NA,NA,NA,NA,NA,NA,NA,NA,NA,NA,NA,NA,NA,NA,NA,NA,NA,NA,NA,NA,NA,NA,NA,NA,NA,NA,NA,NA,NA,NA,NA,NA,NA,NA,NA,NA,NA,NA,NA,NA,NA,NA,NA,NA,NA,NA,NA,NA,NA,NA,NA,NA,NA,NA,NA,NA
NA,NA,NA,NA,NA,NA,NA,NA,NA,NA,NA,NA,NA,NA,NA,NA,206,2026-02-14,16:26:07,1,3,"Thomas, Parker",814826,Right,GEO_PAT,"Miranda, Gabe",702569,Left,ORE_DUC,Undefined,5,Bottom,0,2,0,Sinker,Changeup,BallCalled,Undefined,Undefined,Undefined,0,0,NA,88.79161,0.089654,-1.025467,1656.478175,243.523179,02:00:00,5.80906,2.7734,5.37593,-26.83249,9.29083,16.36481,3.65708,3.17567,81.12348,-4.86701,1.884426,0.432579,NA,NA,NA,NA,NA,NA,NA,NA,NA,NA,NA,-8.47331,4.98977,-2.6934,50,5.79832,1.56671,-128.90139,-0.77621,-14.24932,26.91611,-23.78286,ORE_DUC,GEO_PAT,PKPark,D1,BIG10,20260214-PKPark-2,f2c9e2a0-0a04-11f1-802c-cb007da271b4,87.13425,NA,NA,7.66813,NA,NA,NA,NA,NA,NA,5ce813cb-c9e8-448f-bad2-0498063e9329,2026-02-15,00:26:07,2026-02-15T00:26:07Z,2026-02-15T00:26:07Z,NA,v3,4807,471300,82de864d38834b289bdde1d759a4a8fd,"Cowdrey, Vincent",1000469295,Right,GEO_PAT,02910845-f84f-4f6f-830f-2f5b0e2587ee,55.12206,-129.96654,13.45805,5.81041,0.16494,-11.89143,-2.76655,2.13059,-7.12466,NA,NA,NA,NA,NA,NA,NA,NA,NA,NA,NA,NA,NA,NA,NA,NA,NA,NA,NA,NA,NA,NA,NA,NA,NA,NA,NA,NA,NA,NA,NA,NA,NA,NA,NA,NA,NA,NA,NA,NA,NA,NA,NA,NA,NA,NA,NA,NA,NA,NA,High,High,High,NA,NA,NA,NA,NA,NA,NA,NA,NA,NA,NA,NA,NA,NA,NA,NA,NA,NA,NA,NA,NA,NA,NA,NA,NA,NA,NA,NA,NA,NA,NA,NA,NA,NA,NA,NA,NA,NA,NA,NA,NA,NA,NA,NA,NA,NA,NA,NA,NA,NA,NA,NA,NA,NA,NA,NA,NA
NA,NA,NA,NA,NA,NA,NA,NA,NA,NA,NA,NA,NA,NA,NA,NA,207,2026-02-14,16:26:27,1,4,"Thomas, Parker",814826,Right,GEO_PAT,"Miranda, Gabe",702569,Left,ORE_DUC,Undefined,5,Bottom,0,3,0,Fastball,Changeup,StrikeCalled,Undefined,Undefined,Undefined,0,0,NA,89.54295,-0.620295,-3.173651,1813.712871,224.972218,01:30:00,5.70297,2.79701,5.65014,-22.73458,12.2852,11.22174,3.22896,0.76907,82.23889,-4.850343,-1.172361,0.42592,NA,NA,NA,NA,NA,NA,NA,NA,NA,NA,NA,-6.50032,6.718,-2.53494,50,5.6359,6.71253,-129.93569,-2.1848,-11.18573,25.55656,-20.61371,ORE_DUC,GEO_PAT,PKPark,D1,BIG10,20260214-PKPark-2,ff010580-0a04-11f1-802c-cb007da271b4,88.49653,NA,NA,7.30406,NA,NA,NA,NA,NA,NA,5ce813cb-c9e8-448f-bad2-0498063e9329,2026-02-15,00:26:27,2026-02-15T00:26:27Z,2026-02-15T00:26:27Z,NA,v3,4807,471300,82de864d38834b289bdde1d759a4a8fd,"Cowdrey, Vincent",1000469295,Right,GEO_PAT,546331cd-2674-419b-be8a-617c891015ed,54.84813,-130.88578,12.77828,5.70288,-1.41846,-10.30686,-2.79221,7.12837,-5.59286,NA,NA,NA,NA,NA,NA,NA,NA,NA,NA,NA,NA,NA,NA,NA,NA,NA,NA,NA,NA,NA,NA,NA,NA,NA,NA,NA,NA,NA,NA,NA,NA,NA,NA,NA,NA,NA,NA,NA,NA,NA,NA,NA,NA,NA,NA,NA,NA,NA,NA,High,High,High,NA,NA,NA,NA,NA,NA,NA,NA,NA,NA,NA,NA,NA,NA,NA,NA,NA,NA,NA,NA,NA,NA,NA,NA,NA,NA,NA,NA,NA,NA,NA,NA,NA,NA,NA,NA,NA,NA,NA,NA,NA,NA,NA,NA,NA,NA,NA,NA,NA,NA,NA,NA,NA,NA,NA,NA,NA
NA,NA,NA,NA,NA,NA,NA,NA,NA,NA,NA,NA,NA,NA,NA,NA,208,2026-02-14,16:26:44,1,5,"Thomas, Parker",814826,Right,GEO_PAT,"Miranda, Gabe",702569,Left,ORE_DUC,Undefined,5,Bottom,0,3,1,Fastball,Changeup,FoulBallNotFieldable,Undefined,Undefined,Undefined,0,0,NA,88.2227,-0.24854,-2.543317,1801.921853,207.230579,01:00:00,5.86412,2.51985,5.82663,-23.79234,12.13434,5.67359,3.65015,0.62679,80.78792,-4.693935,-1.527616,0.4314,75.78246,7.374179,-175.270942,1010.129821,NA,NA,NA,NA,49.42845,NA,NA,-3.52925,6.60552,-2.31504,50,5.8298,5.43636,-128.02734,-1.3348,-5.8786,25.55073,-21.17148,ORE_DUC,GEO_PAT,PKPark,D1,BIG10,20260214-PKPark-2,08e90840-0a05-11f1-802c-cb007da271b4,87.3724,8.80436,NA,7.43479,NA,NA,NA,0.66685,3.88846,-0.83242,5ce813cb-c9e8-448f-bad2-0498063e9329,2026-02-15,00:26:44,2026-02-15T00:26:44Z,2026-02-15T00:26:44Z,NA,v3,4807,471300,82de864d38834b289bdde1d759a4a8fd,"Cowdrey, Vincent",1000469295,Right,GEO_PAT,76d87c51-0783-44f5-be40-5afb785fd5d5,54.66805,-128.95559,12.77536,5.86432,-0.56565,-10.58574,-2.51642,5.64993,-2.9393,214.873088,0.65555,-109.53882,12.64936,NA,NA,NA,NA,NA,NA,3.88483,14.36825,-8.5664,NA,NA,NA,NA,NA,NA,-0.82617,-9.2626,-4.77792,NA,NA,NA,NA,NA,NA,NA,NA,NA,NA,NA,NA,NA,NA,NA,NA,NA,NA,NA,NA,NA,NA,NA,NA,NA,NA,NA,NA,High,High,High,Medium,Undefined,NA,NA,NA,NA,NA,NA,NA,NA,NA,NA,NA,NA,NA,NA,NA,NA,NA,NA,NA,NA,NA,NA,NA,NA,NA,NA,NA,NA,NA,NA,NA,NA,NA,NA,NA,NA,NA,NA,NA,NA,NA,NA,NA,NA,NA,NA,NA,NA,NA,NA,NA,NA,NA,NA,NA
NA,NA,NA,NA,NA,NA,NA,NA,NA,NA,NA,NA,NA,NA,NA,NA,209,2026-02-14,16:27:08,1,6,"Thomas, Parker",814826,Right,GEO_PAT,"Miranda, Gabe",702569,Left,ORE_DUC,Undefined,5,Bottom,0,3,2,Slider,Slider,StrikeCalled,Strikeout,Undefined,Undefined,0,0,NA,80.30147,0.544497,-1.470965,2024.647058,78.446367,08:30:00,5.73074,2.74136,5.18227,-43.98526,1.3752,-1.53134,2.57778,1.22947,72.33881,-7.503645,-1.742366,0.484741,NA,NA,NA,NA,NA,NA,NA,NA,NA,NA,NA,0.26465,1.0235,-2.60344,50,5.7484,3.05034,-116.25556,-0.46094,0.355,25.81328,-30.801,ORE_DUC,GEO_PAT,PKPark,D1,BIG10,20260214-PKPark-2,1753fb10-0a05-11f1-802c-cb007da271b4,77.75783,NA,NA,7.96266,NA,NA,NA,NA,NA,NA,5ce813cb-c9e8-448f-bad2-0498063e9329,2026-02-15,00:27:08,2026-02-15T00:27:08Z,2026-02-15T00:27:08Z,NA,v3,4807,471300,82de864d38834b289bdde1d759a4a8fd,"Cowdrey, Vincent",1000469295,Right,GEO_PAT,afcf56e6-62b8-46ca-95ab-4c7c2047ce1f,55.31263,-117.42925,12.90664,5.73752,0.93953,-15.4005,-2.74177,3.0342,0.1775,NA,NA,NA,NA,NA,NA,NA,NA,NA,NA,NA,NA,NA,NA,NA,NA,NA,NA,NA,NA,NA,NA,NA,NA,NA,NA,NA,NA,75.54039,NA,NA,0.86814,NA,NA,NA,2.06718,5.52476,-1.93833,75.80966,5.9308,-48.96845,2.10831,90.29696,-6.20617,5.54423,11.48467,-12.70791,-2.01186,-61.35151,8.33887,High,High,High,NA,NA,High,High,High,NA,NA,NA,NA,NA,NA,NA,NA,NA,NA,NA,NA,NA,NA,NA,NA,NA,NA,NA,NA,NA,NA,NA,NA,NA,NA,NA,NA,NA,NA,NA,NA,NA,NA,NA,NA,NA,NA,NA,NA,NA,NA,NA,NA,NA,NA,NA,NA,NA,NA,NA,NA
NA,NA,NA,NA,NA,NA,NA,NA,NA,NA,NA,NA,NA,NA,NA,NA,210,2026-02-14,16:27:44,2,1,"Thomas, Parker",814826,Right,GEO_PAT,"Molony, Maddox",814829,Right,ORE_DUC,Undefined,5,Bottom,1,0,0,Cutter,Slider,StrikeSwinging,Undefined,Undefined,Undefined,0,0,NA,84.62941,-1.554834,-2.904786,2064.567347,165.682572,11:30:00,5.77345,2.6288299999999998,5.46845,-32.88049,7.28248,-1.50114,1.57607,-0.21708,76.91398,-7.600634,-3.171798,0.456125,NA,NA,NA,NA,NA,NA,NA,NA,NA,NA,NA,-0.14839,4.57319,-2.37216,50,5.61437,6.28141,-122.53385,-4.47512,-0.22307,26.77235,-25.29985,ORE_DUC,GEO_PAT,PKPark,D1,BIG10,20260214-PKPark-2,2ce95740-0a05-11f1-802c-cb007da271b4,82.63612,NA,NA,7.71542,NA,NA,NA,NA,NA,NA,5ce813cb-c9e8-448f-bad2-0498063e9329,2026-02-15,00:27:44,2026-02-15T00:27:44Z,2026-02-15T00:27:44Z,NA,v3,4807,471300,82de864d38834b289bdde1d759a4a8fd,"Cowdrey, Vincent",1000469295,Right,GEO_PAT,633e2f3b-0a01-45ed-8382-a3eb50c28998,55.027589999999996,-123.62744000000001,13.38618,5.77607,-3.44167,-12.64992,-2.62893,6.29053,-0.11154,NA,NA,NA,NA,NA,NA,NA,NA,NA,NA,NA,NA,NA,NA,NA,NA,NA,NA,NA,NA,NA,NA,NA,NA,NA,NA,NA,NA,NA,NA,NA,NA,NA,NA,NA,NA,NA,NA,NA,NA,NA,NA,NA,NA,NA,NA,NA,NA,NA,NA,High,High,High,NA,NA,NA,NA,NA,NA,NA,NA,NA,NA,NA,NA,NA,NA,NA,NA,NA,NA,NA,NA,NA,NA,NA,NA,NA,NA,NA,NA,NA,NA,NA,NA,NA,NA,NA,NA,NA,NA,NA,NA,NA,NA,NA,NA,NA,NA,NA,NA,NA,NA,NA,NA,NA,NA,NA,NA,NA
NA,NA,NA,NA,NA,NA,NA,NA,NA,NA,NA,NA,NA,NA,NA,NA,211,2026-02-14,16:28:01,2,2,"Thomas, Parker",814826,Right,GEO_PAT,"Molony, Maddox",814829,Right,ORE_DUC,Undefined,5,Bottom,1,0,1,Sinker,Sinker,StrikeCalled,Undefined,Undefined,Undefined,0,0,NA,89.63119,-1.532074,-4.867203,1882.961237,247.053731,02:15:00,5.70126,2.72218,5.83882,-26.88419,8.29229,16.80804,2.03151,-0.41165,81.65256,-6.525924,-1.865785,0.426872,NA,NA,NA,NA,NA,NA,NA,NA,NA,NA,NA,-9.96843,5.03284,-2.3346,50,5.56025,10.31999,-129.69768,-4.40405,-16.91895,28.03294,-23.63207,ORE_DUC,GEO_PAT,PKPark,D1,BIG10,20260214-PKPark-2,37005940-0a05-11f1-802c-cb007da271b4,88.29917,NA,NA,7.97863,NA,NA,NA,NA,NA,NA,5ce813cb-c9e8-448f-bad2-0498063e9329,2026-02-15,00:28:01,2026-02-15T00:28:01Z,2026-02-15T00:28:01Z,NA,v3,4807,471300,82de864d38834b289bdde1d759a4a8fd,"Cowdrey, Vincent",1000469295,Right,GEO_PAT,7d0beb28-6b2b-46a1-aed8-9a1b63470a53,54.65955,-130.70092,14.01647,5.70273,-3.5583,-11.81603,-2.71477,10.92548,-8.45948,NA,NA,NA,NA,NA,NA,NA,NA,NA,NA,NA,NA,NA,NA,NA,NA,NA,NA,NA,NA,NA,NA,NA,NA,NA,NA,NA,NA,NA,NA,NA,NA,NA,NA,NA,NA,NA,NA,NA,NA,NA,NA,NA,NA,NA,NA,NA,NA,NA,NA,High,High,High,NA,NA,NA,NA,NA,NA,NA,NA,NA,NA,NA,NA,NA,NA,NA,NA,NA,NA,NA,NA,NA,NA,NA,NA,NA,NA,NA,NA,NA,NA,NA,NA,NA,NA,NA,NA,NA,NA,NA,NA,NA,NA,NA,NA,NA,NA,NA,NA,NA,NA,NA,NA,NA,NA,NA,NA,NA
NA,NA,NA,NA,NA,NA,NA,NA,NA,NA,NA,NA,NA,NA,NA,NA,212,2026-02-14,16:28:17,2,3,"Thomas, Parker",814826,Right,GEO_PAT,"Molony, Maddox",814829,Right,ORE_DUC,Undefined,5,Bottom,1,0,2,Sweeper,Curveball,BallCalled,Undefined,Undefined,Undefined,0,0,NA,79.14973,1.96377,-3.536104,2216.777712,78.13385,08:30:00,5.76668,2.69844,5.10178,-47.28396,-1.10362,-12.00449,3.681,-1.63811,72.58588,-6.600728,-5.649353,0.489103,NA,NA,NA,NA,NA,NA,NA,NA,NA,NA,NA,4.9613,-0.6637,-2.3547,50,5.91535,7.57674,-114.6058,2.24902,6.58862,21.47822,-33.05545,ORE_DUC,GEO_PAT,PKPark,D1,BIG10,20260214-PKPark-2,40ab5300-0a05-11f1-802c-cb007da271b4,77.06447,NA,NA,6.56385,NA,NA,NA,NA,NA,NA,5ce813cb-c9e8-448f-bad2-0498063e9329,2026-02-15,00:28:17,2026-02-15T00:28:17Z,2026-02-15T00:28:17Z,NA,v3,4807,471300,82de864d38834b289bdde1d759a4a8fd,"Cowdrey, Vincent",1000469295,Right,GEO_PAT,48043f8e-56fc-48bb-afd7-fe560d473d5d,55.39741,-115.6129,10.73911,5.77356,3.79896,-16.52773,-2.70272,7.2678,3.29431,NA,NA,NA,NA,NA,NA,NA,NA,NA,NA,NA,NA,NA,NA,NA,NA,NA,NA,NA,NA,NA,NA,NA,NA,NA,NA,NA,NA,NA,NA,NA,NA,NA,NA,NA,NA,NA,NA,NA,NA,NA,NA,NA,NA,NA,NA,NA,NA,NA,NA,High,High,High,NA,NA,NA,NA,NA,NA,NA,NA,NA,NA,NA,NA,NA,NA,NA,NA,NA,NA,NA,NA,NA,NA,NA,NA,NA,NA,NA,NA,NA,NA,NA,NA,NA,NA,NA,NA,NA,NA,NA,NA,NA,NA,NA,NA,NA,NA,NA,NA,NA,NA,NA,NA,NA,NA,NA,NA,NA
NA,NA,NA,NA,NA,NA,NA,NA,NA,NA,NA,NA,NA,NA,NA,NA,213,2026-02-14,16:28:36,2,4,"Thomas, Parker",814826,Right,GEO_PAT,"Molony, Maddox",814829,Right,ORE_DUC,Undefined,5,Bottom,1,1,2,ChangeUp,Changeup,BallCalled,Undefined,Undefined,Undefined,0,0,NA,81.80782,-2.408945,-5.296619,1679.731531,246.048497,02:15:00,5.72463,2.75658,5.7272,-33.23766,8.90213,17.09084,0.70031,-0.76628,75.43679,-8.512225,-2.251793,0.467216,NA,NA,NA,NA,NA,NA,NA,NA,NA,NA,NA,-10.11922,5.55902,-2.32436,50,5.50215,10.30623,-118.33233,-6.07105,-14.42699,21.41691,-24.24852,ORE_DUC,GEO_PAT,PKPark,D1,BIG10,20260214-PKPark-2,4be5c660-0a05-11f1-802c-cb007da271b4,80.67458,NA,NA,6.37103,NA,NA,NA,NA,NA,NA,5ce813cb-c9e8-448f-bad2-0498063e9329,2026-02-15,00:28:36,2026-02-15T00:28:36Z,2026-02-15T00:28:36Z,NA,v3,4807,471300,82de864d38834b289bdde1d759a4a8fd,"Cowdrey, Vincent",1000469295,Right,GEO_PAT,638ecef0-cd13-42b2-817b-32440dd3c7ef,54.77285,-119.19304,10.70846,5.72655,-5.09655,-12.12426,-2.7502,10.88602,-7.2135,NA,NA,NA,NA,NA,NA,NA,NA,NA,NA,NA,NA,NA,NA,NA,NA,NA,NA,NA,NA,NA,NA,NA,NA,NA,NA,NA,NA,NA,NA,NA,NA,NA,NA,NA,NA,NA,NA,NA,NA,NA,NA,NA,NA,NA,NA,NA,NA,NA,NA,High,High,High,NA,NA,NA,NA,NA,NA,NA,NA,NA,NA,NA,NA,NA,NA,NA,NA,NA,NA,NA,NA,NA,NA,NA,NA,NA,NA,NA,NA,NA,NA,NA,NA,NA,NA,NA,NA,NA,NA,NA,NA,NA,NA,NA,NA,NA,NA,NA,NA,NA,NA,NA,NA,NA,NA,NA,NA,NA
NA,NA,NA,NA,NA,NA,NA,NA,NA,NA,NA,NA,NA,NA,NA,NA,214,2026-02-14,16:28:55,2,5,"Thomas, Parker",814826,Right,GEO_PAT,"Molony, Maddox",814829,Right,ORE_DUC,Undefined,5,Bottom,1,2,2,Slider,Slider,InPlay,Undefined,FlyBall,Out,1,0,NA,81.5818,0.134722,-2.046018,2075.446477,83.972718,08:45:00,5.82189,2.79853,5.07499,-42.60805,1.24547,-2.7824,2.3983,0.637,74.01256,-7.62125,-2.537932,0.476622,97.58281,49.61158,-30.942308,3998.525287,91.94429,122.09133,-60.38413,303.86021,138.98607,-36.641264,6.428992,0.74039,0.98122,-2.60217,50,5.80105,4.33941,-118.17584,-1.27261,1.03287,25.36766,-30.80524,ORE_DUC,GEO_PAT,PKPark,D1,BIG10,20260214-PKPark-2,57273ea0-0a05-11f1-802c-cb007da271b4,79.08253,155.7954,NA,7.56925,NA,NA,NA,1.96886,2.35697,-0.58508,5ce813cb-c9e8-448f-bad2-0498063e9329,2026-02-15,00:28:55,2026-02-15T00:28:55Z,2026-02-15T00:28:55Z,FlyBall,v3,4807,471300,82de864d38834b289bdde1d759a4a8fd,"Cowdrey, Vincent",1000469295,Right,GEO_PAT,c7918b5d-53fa-4022-ad9c-71ace057590a,55.42279,-119.33422,12.68383,5.82705,0.13407,-15.40262,-2.79924,4.29225,0.51643,169.731177,1.9806,79.34611,-20.15613,4.83599,-0.75741,0.07125,-0.00319,6e-5,-0,2.35518,109.01827,-23.85464,2.10383,-0.10137,-0.08978,0.02884,-0.0036,1.6e-4,-0.58981,-47.60697,8.47213,-1.81667,0.24664,-0.01804,7.6e-4,-1e-4,1e-5,NA,NA,NA,NA,NA,NA,NA,NA,NA,NA,NA,NA,NA,NA,NA,NA,NA,NA,NA,NA,NA,NA,High,High,High,High,Low,NA,NA,NA,NA,NA,NA,NA,NA,NA,NA,NA,NA,NA,NA,NA,NA,NA,NA,NA,NA,NA,NA,NA,NA,NA,NA,NA,NA,NA,NA,NA,NA,NA,NA,NA,NA,NA,NA,NA,NA,NA,NA,NA,NA,NA,NA,NA,NA,NA,NA,NA,NA,NA,NA,NA
NA,NA,NA,NA,NA,NA,NA,NA,NA,NA,NA,NA,NA,NA,NA,NA,215,2026-02-14,16:30:03,3,1,"Thomas, Parker",814826,Right,GEO_PAT,"Holley, Tyler",823963,Right,ORE_DUC,Undefined,5,Bottom,2,0,0,Fastball,Sinker,StrikeCalled,Undefined,Undefined,Undefined,0,0,NA,90.73494,-2.536469,-4.914543,1929.711103,233.613288,01:45:00,5.69983,2.76072,5.55505,-20.46048,14.37804,17.86497,1.61453,-0.35375,82.34949,-6.368812,-1.742592,0.424816,NA,NA,NA,NA,NA,NA,NA,NA,NA,NA,NA,-10.45792,8.36693,-2.34706,50,5.46644,10.46466,-131.1017,-6.51739,-18.09292,29.25722,-17.69868,ORE_DUC,GEO_PAT,PKPark,D1,BIG10,20260214-PKPark-2,7f9ebde0-0a05-11f1-802c-cb007da271b4,88.72644,NA,NA,8.38546,NA,NA,NA,NA,NA,NA,5ce813cb-c9e8-448f-bad2-0498063e9329,2026-02-15,00:30:03,2026-02-15T00:30:03Z,2026-02-15T00:30:03Z,NA,v3,4807,471300,82de864d38834b289bdde1d759a4a8fd,"Cowdrey, Vincent",1000469295,Right,GEO_PAT,68246a27-110f-4629-a0d5-744a8dfe8c9e,54.94269,-132.20013,14.62861,5.69866,-5.85291,-8.84934,-2.7527,11.14394,-9.04646,NA,NA,NA,NA,NA,NA,NA,NA,NA,NA,NA,NA,NA,NA,NA,NA,NA,NA,NA,NA,NA,NA,NA,NA,NA,NA,NA,NA,NA,NA,NA,NA,NA,NA,NA,NA,NA,NA,NA,NA,NA,NA,NA,NA,NA,NA,NA,NA,NA,NA,High,High,High,NA,NA,NA,NA,NA,NA,NA,NA,NA,NA,NA,NA,NA,NA,NA,NA,NA,NA,NA,NA,NA,NA,NA,NA,NA,NA,NA,NA,NA,NA,NA,NA,NA,NA,NA,NA,NA,NA,NA,NA,NA,NA,NA,NA,NA,NA,NA,NA,NA,NA,NA,NA,NA,NA,NA,NA,NA
NA,NA,NA,NA,NA,NA,NA,NA,NA,NA,NA,NA,NA,NA,NA,NA,216,2026-02-14,16:30:20,3,2,"Thomas, Parker",814826,Right,GEO_PAT,"Holley, Tyler",823963,Right,ORE_DUC,Undefined,5,Bottom,2,0,1,Sinker,Sinker,FoulBallNotFieldable,Undefined,Undefined,Undefined,0,0,NA,90.08341,-1.829008,-3.920493,1987.889739,246.122648,02:15:00,5.66074,2.80946,5.47068,-26.11564,8.95981,17.71158,1.76821,0.61078,82.48933,-6.642506,-0.772443,0.426258,NA,NA,NA,NA,NA,NA,NA,NA,NA,NA,NA,-10.07591,5.34382,-2.47713,50,5.48178,8.16558,-130.51106,-5.12697,-17.39661,27.202,-22.94764,ORE_DUC,GEO_PAT,PKPark,D1,BIG10,20260214-PKPark-2,898c8d00-0a05-11f1-802c-cb007da271b4,88.42627,NA,NA,7.59409,NA,NA,NA,NA,NA,NA,5ce813cb-c9e8-448f-bad2-0498063e9329,2026-02-15,00:30:20,2026-02-15T00:30:20Z,2026-02-15T00:30:20Z,NA,v3,4807,471300,82de864d38834b289bdde1d759a4a8fd,"Cowdrey, Vincent",1000469295,Right,GEO_PAT,a29a9be0-ae20-49db-a066-90714ce2a883,55.02959,-131.55518,13.601,5.66167,-4.24615,-11.47382,-2.80337,8.83334,-8.6983,NA,NA,NA,NA,NA,NA,NA,NA,NA,NA,NA,NA,NA,NA,NA,NA,NA,NA,NA,NA,NA,NA,NA,NA,NA,NA,NA,NA,NA,NA,NA,NA,NA,NA,NA,NA,NA,NA,NA,NA,NA,NA,NA,NA,NA,NA,NA,NA,NA,NA,High,High,High,NA,NA,NA,NA,NA,NA,NA,NA,NA,NA,NA,NA,NA,NA,NA,NA,NA,NA,NA,NA,NA,NA,NA,NA,NA,NA,NA,NA,NA,NA,NA,NA,NA,NA,NA,NA,NA,NA,NA,NA,NA,NA,NA,NA,NA,NA,NA,NA,NA,NA,NA,NA,NA,NA,NA,NA,NA
NA,NA,NA,NA,NA,NA,NA,NA,NA,NA,NA,NA,NA,NA,NA,NA,217,2026-02-14,16:31:00,3,3,"Thomas, Parker",814826,Right,GEO_PAT,"Holley, Tyler",823963,Right,ORE_DUC,Undefined,5,Bottom,2,0,2,Fastball,Sinker,FoulBallNotFieldable,Undefined,Undefined,Undefined,0,0,NA,90.63013,-1.037173,-3.865905,1976.043845,225.329432,01:30:00,6.05135,2.45627,5.75586,-21.07438,13.12694,12.19977,3.3274,-0.13113,82.97364,-4.979023,-1.688388,0.420913,76.9126,50.052116,132.733409,5529.733396,NA,NA,NA,NA,50.74465,NA,NA,-7.28827,7.29331,-2.14294,50,5.95238,8.35544,-131.4051,-3.08669,-12.77991,27.09999,-19.38528,ORE_DUC,GEO_PAT,PKPark,D1,BIG10,20260214-PKPark-2,a19a3c30-0a05-11f1-802c-cb007da271b4,89.54914,52.98646,NA,7.6565,NA,NA,NA,1.1067,3.05944,0.00851,5ce813cb-c9e8-448f-bad2-0498063e9329,2026-02-15,00:31:00,2026-02-15T00:31:00Z,2026-02-15T00:31:00Z,NA,v3,4807,471300,82de864d38834b289bdde1d759a4a8fd,"Cowdrey, Vincent",1000469295,Right,GEO_PAT,0e86dceb-e9bb-4df6-b5bf-6e1780280bb3,54.74344,-132.37974,13.54999,6.05085,-2.38951,-9.69264,-2.45171,8.81506,-6.38995,320.354911,1.1067,-49.1501,-3.12361,2.21621,-0.18484,-0.86723,1.10526,-0.71803,0.23126,3.05944,86.47974,-30.37575,4.00951,-0.76801,0.10853,-0.05869,0.04145,0.00466,0.00851,53.20234,-13.00935,2.89655,-0.41716,-0.24515,0.31309,-0.19537,0.07664,NA,NA,NA,NA,NA,NA,NA,NA,NA,NA,NA,NA,NA,NA,NA,NA,NA,NA,NA,NA,NA,NA,High,High,High,High,Undefined,NA,NA,NA,NA,NA,NA,NA,NA,NA,NA,NA,NA,NA,NA,NA,NA,NA,NA,NA,NA,NA,NA,NA,NA,NA,NA,NA,NA,NA,NA,NA,NA,NA,NA,NA,NA,NA,NA,NA,NA,NA,NA,NA,NA,NA,NA,NA,NA,NA,NA,NA,NA,NA,NA,NA
NA,NA,NA,NA,NA,NA,NA,NA,NA,NA,NA,NA,NA,NA,NA,NA,218,2026-02-14,16:31:22,3,4,"Thomas, Parker",814826,Right,GEO_PAT,"Holley, Tyler",823963,Right,ORE_DUC,Undefined,5,Bottom,2,0,2,ChangeUp,Changeup,StrikeCalled,Strikeout,Undefined,Undefined,0,0,NA,83.12127,-1.84375,-5.335432,1858.955487,245.012641,02:15:00,5.77912,2.73475,5.54925,-29.46478,12.12272,22.85328,1.59273,-0.361,75.44836,-7.308758,-1.27842,0.464144,NA,NA,NA,NA,NA,NA,NA,NA,NA,NA,NA,-13.0943,7.10894,-2.28721,50,5.59964,10.26023,-120.07346,-4.8444,-18.97559,24.85339,-21.87212,ORE_DUC,GEO_PAT,PKPark,D1,BIG10,20260214-PKPark-2,af06f8e0-0a05-11f1-802c-cb007da271b4,81.20847,NA,NA,7.67291,NA,NA,NA,NA,NA,NA,5ce813cb-c9e8-448f-bad2-0498063e9329,2026-02-15,00:31:22,2026-02-15T00:31:22Z,2026-02-15T00:31:22Z,NA,v3,4807,471300,82de864d38834b289bdde1d759a4a8fd,"Cowdrey, Vincent",1000469295,Right,GEO_PAT,5930bc9b-2a07-4048-9d84-b89861dea80e,54.94879,-121.09346,12.42669,5.78003,-3.94676,-10.93606,-2.72428,11.039,-9.48779,NA,NA,NA,NA,NA,NA,NA,NA,NA,NA,NA,NA,NA,NA,NA,NA,NA,NA,NA,NA,NA,NA,NA,NA,NA,NA,NA,NA,55.39604,2.529969,1.162342,1.367627,-0.21954,1.38008,0.39573,-6.13914,3.82363,3.38236,73.27797,11.90704,51.5078,-5.99162,64.74033,-4.9544,3.92679,25.8614,-14.63968,3.44512,38.35867,-2.35023,High,High,High,NA,NA,High,Low,Medium,NA,NA,NA,NA,NA,NA,NA,NA,NA,NA,NA,NA,NA,NA,NA,NA,NA,NA,NA,NA,NA,NA,NA,NA,NA,NA,NA,NA,NA,NA,NA,NA,NA,NA,NA,NA,NA,NA,NA,NA,NA,NA,NA,NA,NA,NA,NA,NA,NA,NA,NA,NA
NA,NA,NA,NA,NA,NA,NA,NA,NA,NA,NA,NA,NA,NA,NA,NA,219,2026-02-14,16:33:50,1,1,"Umlandt, Ian",809862,Left,ORE_DUC,"Morse, Jackson",1000469270,Right,GEO_PAT,Undefined,6,Top,0,0,0,Slider,Curveball,StrikeCalled,Undefined,Undefined,Undefined,0,0,NA,74.08648,1.557133,2.146429,2170.577876,315.532517,04:30:00,6.1199,-2.41396,5.32375,-56.34212,-4.10292,5.66429,2.88731,0.07319,67.98385,-8.67832,3.152314,0.520199,NA,NA,NA,NA,NA,NA,NA,NA,NA,NA,NA,-2.20315,-1.95425,2.21555,50,6.2204,-4.24246,-107.44193,1.06959,-2.56449,19.34479,-34.44884,ORE_DUC,GEO_PAT,PKPark,D1,BIG10,20260214-PKPark-2,07044d40-0a06-11f1-802c-cb007da271b4,72.45771,NA,NA,6.1026300000000004,NA,NA,NA,NA,NA,NA,5ce813cb-c9e8-448f-bad2-0498063e9329,2026-02-15,00:33:50,2026-02-15T00:33:50Z,2026-02-15T00:33:50Z,NA,v3,4807,471300,82de864d38834b289bdde1d759a4a8fd,"Mabeus, Burke",1000222806,Right,ORE_DUC,cd05a962-a448-4e4d-9821-1ac390045019,55.17532,-108.36973,9.6724,6.12948,2.7218,-17.22442,2.41608,-4.11946,-1.28225,NA,NA,NA,NA,NA,NA,NA,NA,NA,NA,NA,NA,NA,NA,NA,NA,NA,NA,NA,NA,NA,NA,NA,NA,NA,NA,NA,NA,NA,NA,NA,NA,NA,NA,NA,NA,NA,NA,NA,NA,NA,NA,NA,NA,NA,NA,NA,NA,NA,NA,High,High,High,NA,NA,NA,NA,NA,NA,NA,NA,NA,NA,NA,NA,NA,NA,NA,NA,NA,NA,NA,NA,NA,NA,NA,NA,NA,NA,NA,NA,NA,NA,NA,NA,NA,NA,NA,NA,NA,NA,NA,NA,NA,NA,NA,NA,NA,NA,NA,NA,NA,NA,NA,NA,NA,NA,NA,NA,NA
NA,NA,NA,NA,NA,NA,NA,NA,NA,NA,NA,NA,NA,NA,NA,NA,220,2026-02-14,16:34:03,1,2,"Umlandt, Ian",809862,Left,ORE_DUC,"Morse, Jackson",1000469270,Right,GEO_PAT,Undefined,6,Top,0,0,1,Cutter,Slider,BallCalled,Undefined,Undefined,Undefined,0,0,NA,81.10552,0.534779,2.200267,2013.153416,165.897247,11:30:00,6.42326,-2.11108,5.44819,-35.50616,7.92012,-1.63024,3.96547,-0.18599,73.90032,-6.010274,1.910341,0.474294,NA,NA,NA,NA,NA,NA,NA,NA,NA,NA,NA,1.4541,4.28658,1.91787,50,6.44643,-4.44996,-117.58555,-0.09725,2.02669,23.22743,-26.19939,ORE_DUC,GEO_PAT,PKPark,D1,BIG10,20260214-PKPark-2,0efa6b10-0a06-11f1-802c-cb007da271b4,79.47061,NA,NA,7.2052,NA,NA,NA,NA,NA,NA,5ce813cb-c9e8-448f-bad2-0498063e9329,2026-02-15,00:34:03,2026-02-15T00:34:03Z,2026-02-15T00:34:03Z,NA,v3,4807,471300,82de864d38834b289bdde1d759a4a8fd,"Mabeus, Burke",1000222806,Right,ORE_DUC,9568f305-a1d0-40f7-b937-3509416b2095,55.04719,-118.57836,11.61371,6.42665,1.02259,-13.0997,2.10993,-4.53659,1.01335,NA,NA,NA,NA,NA,NA,NA,NA,NA,NA,NA,NA,NA,NA,NA,NA,NA,NA,NA,NA,NA,NA,NA,NA,NA,NA,NA,NA,NA,NA,NA,NA,NA,NA,NA,NA,NA,NA,NA,NA,NA,NA,NA,NA,NA,NA,NA,NA,NA,NA,High,High,High,NA,NA,NA,NA,NA,NA,NA,NA,NA,NA,NA,NA,NA,NA,NA,NA,NA,NA,NA,NA,NA,NA,NA,NA,NA,NA,NA,NA,NA,NA,NA,NA,NA,NA,NA,NA,NA,NA,NA,NA,NA,NA,NA,NA,NA,NA,NA,NA,NA,NA,NA,NA,NA,NA,NA,NA,NA
NA,NA,NA,NA,NA,NA,NA,NA,NA,NA,NA,NA,NA,NA,NA,NA,221,2026-02-14,16:34:17,1,3,"Umlandt, Ian",809862,Left,ORE_DUC,"Morse, Jackson",1000469270,Right,GEO_PAT,Undefined,6,Top,0,1,1,Fastball,Changeup,StrikeCalled,Undefined,Undefined,Undefined,0,0,NA,84.49187,-2.659178,3.333338,2062.734839,151.696922,11:00:00,6.30625,-1.79072,5.90976,-18.38792,20.90789,-10.56178,2.29981,0.42651,77.20886,-6.154771,1.441193,0.451174,NA,NA,NA,NA,NA,NA,NA,NA,NA,NA,NA,6.318,11.82871,1.52892,50,6.08187,-6.70326,-122.4089,-6.1906,9.58178,24.26553,-14.23481,ORE_DUC,GEO_PAT,PKPark,D1,BIG10,20260214-PKPark-2,171dda70-0a06-11f1-802c-cb007da271b4,83.54296,NA,NA,7.28301,NA,NA,NA,NA,NA,NA,5ce813cb-c9e8-448f-bad2-0498063e9329,2026-02-15,00:34:17,2026-02-15T00:34:17Z,2026-02-15T00:34:17Z,NA,v3,4807,471300,82de864d38834b289bdde1d759a4a8fd,"Mabeus, Burke",1000222806,Right,ORE_DUC,bc8147d5-741e-49d1-ab19-c9f4b9bc0049,54.58705,-123.31486,12.13277,6.30307,-5.65914,-7.11741,1.78586,-7.061,4.79089,NA,NA,NA,NA,NA,NA,NA,NA,NA,NA,NA,NA,NA,NA,NA,NA,NA,NA,NA,NA,NA,NA,NA,NA,NA,NA,NA,NA,NA,NA,NA,NA,NA,NA,NA,NA,NA,NA,NA,NA,NA,NA,NA,NA,NA,NA,NA,NA,NA,NA,High,High,High,NA,NA,NA,NA,NA,NA,NA,NA,NA,NA,NA,NA,NA,NA,NA,NA,NA,NA,NA,NA,NA,NA,NA,NA,NA,NA,NA,NA,NA,NA,NA,NA,NA,NA,NA,NA,NA,NA,NA,NA,NA,NA,NA,NA,NA,NA,NA,NA,NA,NA,NA,NA,NA,NA,NA,NA,NA
NA,NA,NA,NA,NA,NA,NA,NA,NA,NA,NA,NA,NA,NA,NA,NA,222,2026-02-14,16:34:36,1,4,"Umlandt, Ian",809862,Left,ORE_DUC,"Morse, Jackson",1000469270,Right,GEO_PAT,Undefined,6,Top,0,1,2,Fastball,Four-Seam,StrikeCalled,Strikeout,Undefined,Undefined,0,0,NA,85.33227,-1.296782,3.327826,1995.202357,148.492767,11:00:00,6.29711,-1.89515,5.92752,-18.51623,19.95426,-11.45847,3.54864,0.24119,77.79134,-4.826009,1.274658,0.446411,NA,NA,NA,NA,NA,NA,NA,NA,NA,NA,NA,6.78205,10.95335,1.63524,50,6.18275,-6.72601,-123.72161,-3.31079,10.497,25.01604,-15.22087,ORE_DUC,GEO_PAT,PKPark,D1,BIG10,20260214-PKPark-2,229f1ad0-0a06-11f1-802c-cb007da271b4,84.43434,NA,NA,7.54094,NA,NA,NA,NA,NA,NA,5ce813cb-c9e8-448f-bad2-0498063e9329,2026-02-15,00:34:36,2026-02-15T00:34:36Z,2026-02-15T00:34:36Z,NA,v3,4807,471300,82de864d38834b289bdde1d759a4a8fd,"Mabeus, Burke",1000222806,Right,ORE_DUC,27f34769-3bd5-4608-8635-7421f5b9e3bf,54.5692,-124.64206,12.50802,6.29427,-2.75074,-7.61044,1.88983,-7.11224,5.2485,NA,NA,NA,NA,NA,NA,NA,NA,NA,NA,NA,NA,NA,NA,NA,NA,NA,NA,NA,NA,NA,NA,NA,NA,NA,NA,NA,NA,NA,NA,NA,NA,NA,NA,NA,NA,NA,NA,NA,NA,NA,NA,NA,NA,NA,NA,NA,NA,NA,NA,High,High,High,NA,NA,NA,NA,NA,NA,NA,NA,NA,NA,NA,NA,NA,NA,NA,NA,NA,NA,NA,NA,NA,NA,NA,NA,NA,NA,NA,NA,NA,NA,NA,NA,NA,NA,NA,NA,NA,NA,NA,NA,NA,NA,NA,NA,NA,NA,NA,NA,NA,NA,NA,NA,NA,NA,NA,NA,NA
NA,NA,NA,NA,NA,NA,NA,NA,NA,NA,NA,NA,NA,NA,NA,NA,223,2026-02-14,16:35:05,2,1,"Umlandt, Ian",809862,Left,ORE_DUC,"Clyne , Owen",1000230336,Left,GEO_PAT,Undefined,6,Top,1,0,0,Fastball,Four-Seam,BallCalled,Undefined,Undefined,Undefined,0,0,NA,85.70477,-0.55323,2.25973,2017.159649,148.308862,11:00:00,6.37576,-2.17111,5.5233,-18.68962,20.34851,-11.70568,4.30066,-1.03285,77.32524,-4.118156,0.175285,0.449693,NA,NA,NA,NA,NA,NA,NA,NA,NA,NA,NA,6.53524,10.79737,1.98219,50,6.31544,-4.38131,-124.16094,-1.73725,10.08833,27.43717,-15.50634,ORE_DUC,GEO_PAT,PKPark,D1,BIG10,20260214-PKPark-2,33be7f40-0a06-11f1-802c-cb007da271b4,83.8182,NA,NA,8.37953,NA,NA,NA,NA,NA,NA,5ce813cb-c9e8-448f-bad2-0498063e9329,2026-02-15,00:35:05,2026-02-15T00:35:05Z,2026-02-15T00:35:05Z,NA,v3,4807,471300,82de864d38834b289bdde1d759a4a8fd,"Mabeus, Burke",1000222806,Right,ORE_DUC,a1ac3f00-cee3-43c6-8177-08ef824247e9,54.97041,-125.25449,13.71859,6.37237,-1.11922,-7.75317,2.16483,-4.7834,5.04417,NA,NA,NA,NA,NA,NA,NA,NA,NA,NA,NA,NA,NA,NA,NA,NA,NA,NA,NA,NA,NA,NA,NA,NA,NA,NA,NA,NA,NA,NA,NA,NA,NA,NA,NA,NA,NA,NA,NA,NA,NA,NA,NA,NA,NA,NA,NA,NA,NA,NA,High,High,High,NA,NA,NA,NA,NA,NA,NA,NA,NA,NA,NA,NA,NA,NA,NA,NA,NA,NA,NA,NA,NA,NA,NA,NA,NA,NA,NA,NA,NA,NA,NA,NA,NA,NA,NA,NA,NA,NA,NA,NA,NA,NA,NA,NA,NA,NA,NA,NA,NA,NA,NA,NA,NA,NA,NA,NA,NA
NA,NA,NA,NA,NA,NA,NA,NA,NA,NA,NA,NA,NA,NA,NA,NA,224,2026-02-14,16:35:18,2,2,"Umlandt, Ian",809862,Left,ORE_DUC,"Clyne , Owen",1000230336,Left,GEO_PAT,Undefined,6,Top,1,1,0,Slider,Curveball,FoulBallNotFieldable,Undefined,Undefined,Undefined,0,0,NA,75.78826,0.645044,1.873397,2299.474436,335.613309,05:15:00,6.07812,-2.49915,5.29121,-56.38003,-6.33933,3.6113,1.9858,-0.43854,69.55124,-9.570422,2.515316,0.509135,72.19874,-61.118292,74.596964,NA,NA,NA,NA,2.68095,1.94029,35.349867,0.022108,-1.25921,-2.9461,2.3258,50,6.09531,-3.7341,-109.9566,-0.65595,-1.53064,20.79719,-35.75514,ORE_DUC,GEO_PAT,PKPark,D1,BIG10,20260214-PKPark-2,3b76d0c0-0a06-11f1-802c-cb007da271b4,74.0323,2.05572,NA,6.23702,NA,NA,NA,1.88549,2.05572,0.45788,5ce813cb-c9e8-448f-bad2-0498063e9329,2026-02-15,00:35:18,2026-02-15T00:35:18Z,2026-02-15T00:35:18Z,GroundBall,v3,4807,471300,82de864d38834b289bdde1d759a4a8fd,"Mabeus, Burke",1000222806,Right,ORE_DUC,a94187ca-ac60-4fe9-90fa-dc69e2d75945,55.2093,-110.93751,10.3986,6.08648,1.03046,-17.87757,2.50022,-3.66191,-0.76532,NA,1.88535,13.62356,NA,NA,NA,NA,NA,NA,NA,2.05666,-92.9857,NA,NA,NA,NA,NA,NA,NA,0.45738,49.44979,NA,NA,NA,NA,NA,NA,NA,NA,NA,NA,NA,NA,NA,NA,NA,NA,NA,NA,NA,NA,NA,NA,NA,NA,NA,NA,NA,NA,NA,High,High,High,Estimated,Estimated,NA,NA,NA,NA,NA,NA,NA,NA,NA,NA,NA,NA,NA,NA,NA,NA,NA,NA,NA,NA,NA,NA,NA,NA,NA,NA,NA,NA,NA,NA,NA,NA,NA,NA,NA,NA,NA,NA,NA,NA,NA,NA,NA,NA,NA,NA,NA,NA,NA,NA,NA,NA,NA,NA,NA
NA,NA,NA,NA,NA,NA,NA,NA,NA,NA,NA,NA,NA,NA,NA,NA,225,2026-02-14,16:35:40,2,3,"Umlandt, Ian",809862,Left,ORE_DUC,"Clyne , Owen",1000230336,Left,GEO_PAT,Undefined,6,Top,1,1,1,Slider,Curveball,InPlay,Undefined,GroundBall,Single,0,0,NA,76.09204,0.234223,1.941796,2181.399627,295.74453,03:45:00,6.0498,-2.34946,5.30172,-51.62444,-1.8913,7.34949,1.96777,0.0866,69.66154,-9.144246,3.247595,0.507568,88.71997,-0.122243,5.761521,1482.64257,NA,NA,NA,38.10943,36.66129,5.657086,0.288649,-3.12394,-0.61445,2.16734,50,6.03324,-4.02025,-110.35952,-1.26109,-3.8166,21.35602,-32.92472,ORE_DUC,GEO_PAT,PKPark,D1,BIG10,20260214-PKPark-2,484d8f00-0a06-11f1-802c-cb007da271b4,74.26083,1.98986,NA,6.4305,NA,NA,NA,1.90801,1.98986,-0.08748,5ce813cb-c9e8-448f-bad2-0498063e9329,2026-02-15,00:35:40,2026-02-15T00:35:40Z,2026-02-15T00:35:40Z,GroundBall,v3,4807,471300,82de864d38834b289bdde1d759a4a8fd,"Mabeus, Burke",1000222806,Right,ORE_DUC,b17b4b7a-3b7b-4c88-9ea0-f7d26e559e97,55.19809,-111.36088,10.67801,6.05618,0.28271,-16.46236,2.35165,-3.84129,-1.9083,340.827105,1.90985,129.38013,-16.00261,NA,NA,NA,NA,NA,NA,1.99309,-0.42666,-22.48224,NA,NA,NA,NA,NA,NA,-0.08795,13.08456,0.81819,NA,NA,NA,NA,NA,NA,NA,NA,NA,NA,NA,NA,NA,NA,NA,NA,NA,NA,NA,NA,NA,NA,NA,NA,NA,NA,NA,NA,High,High,High,High,High,NA,NA,NA,NA,NA,NA,NA,NA,NA,NA,NA,NA,NA,NA,NA,NA,NA,NA,NA,NA,NA,NA,NA,NA,NA,NA,NA,NA,NA,NA,NA,NA,NA,NA,NA,NA,NA,NA,NA,NA,NA,NA,NA,NA,NA,NA,NA,NA,NA,NA,NA,NA,NA,NA,NA
NA,NA,NA,NA,NA,NA,NA,NA,NA,NA,NA,NA,NA,NA,NA,NA,226,2026-02-14,16:36:18,3,1,"Umlandt, Ian",809862,Left,ORE_DUC,"Bagnerise , Julius",1000469309,Right,GEO_PAT,Undefined,6,Top,1,0,0,Fastball,Changeup,BallCalled,Undefined,Undefined,Undefined,0,0,NA,83.72424,-2.688052,4.653269,2050.170179,155.003797,11:15:00,6.35588,-1.78358,5.76534,-17.11784,23.40576,-10.26048,2.41755,1.70165,76.14139,-5.964335,2.825713,0.458169,NA,NA,NA,NA,NA,NA,NA,NA,NA,NA,NA,6.5241,13.06926,1.40376,50,6.12219,-9.4246200000000009,-121.00812,-6.13674,9.6364,24.46098,-12.87012,ORE_DUC,GEO_PAT,PKPark,D1,BIG10,20260214-PKPark-2,5f4dc5d0-0a06-11f1-802c-cb007da271b4,82.26762,NA,NA,7.58286,NA,NA,NA,NA,NA,NA,5ce813cb-c9e8-448f-bad2-0498063e9329,2026-02-15,00:36:18,2026-02-15T00:36:18Z,2026-02-15T00:36:18Z,NA,v3,4807,471300,82de864d38834b289bdde1d759a4a8fd,"Mabeus, Burke",1000222806,Right,ORE_DUC,65a15f78-57a8-4bf3-991a-e69c4d63559c,54.72993,-121.9605,12.23049,6.35137,-5.63565,-6.43506,1.77801,-9.79981,4.8182,NA,NA,NA,NA,NA,NA,NA,NA,NA,NA,NA,NA,NA,NA,NA,NA,NA,NA,NA,NA,NA,NA,NA,NA,NA,NA,NA,NA,NA,NA,NA,NA,NA,NA,NA,NA,NA,NA,NA,NA,NA,NA,NA,NA,NA,NA,NA,NA,NA,NA,High,High,High,NA,NA,NA,NA,NA,NA,NA,NA,NA,NA,NA,NA,NA,NA,NA,NA,NA,NA,NA,NA,NA,NA,NA,NA,NA,NA,NA,NA,NA,NA,NA,NA,NA,NA,NA,NA,NA,NA,NA,NA,NA,NA,NA,NA,NA,NA,NA,NA,NA,NA,NA,NA,NA,NA,NA,NA,NA
NA,NA,NA,NA,NA,NA,NA,NA,NA,NA,NA,NA,NA,NA,NA,NA,227,2026-02-14,16:36:36,3,2,"Umlandt, Ian",809862,Left,ORE_DUC,"Bagnerise , Julius",1000469309,Right,GEO_PAT,Undefined,6,Top,1,1,0,Slider,Curveball,BallCalled,Undefined,Undefined,Undefined,0,0,NA,75.49136,-0.967681,2.535032,2250.651435,321.781238,04:45:00,5.97681,-2.29095,5.32421,-54.18842,-4.02988,4.3887,0.55208,0.45516,69.92302,-10.739162,3.315895,0.509734,NA,NA,NA,NA,NA,NA,NA,NA,NA,NA,NA,-1.51362,-1.41004,2.05816,50,5.84948,-5.01118,-109.54028,-3.63349,-1.83584,19.67059,-33.88426,ORE_DUC,GEO_PAT,PKPark,D1,BIG10,20260214-PKPark-2,6a028e70-0a06-11f1-802c-cb007da271b4,73.94526,NA,NA,5.56834,NA,NA,NA,NA,NA,NA,5ce813cb-c9e8-448f-bad2-0498063e9329,2026-02-15,00:36:36,2026-02-15T00:36:36Z,2026-02-15T00:36:36Z,NA,v3,4807,471300,82de864d38834b289bdde1d759a4a8fd,"Mabeus, Burke",1000222806,Right,ORE_DUC,13942944-13a1-4408-a7ac-be9523b585c2,55.1773,-110.46608,9.8353,5.98296,-2.03872,-16.94213,2.29198,-4.92477,-0.91792,NA,NA,NA,NA,NA,NA,NA,NA,NA,NA,NA,NA,NA,NA,NA,NA,NA,NA,NA,NA,NA,NA,NA,NA,NA,NA,NA,NA,NA,NA,NA,NA,NA,NA,NA,NA,NA,NA,NA,NA,NA,NA,NA,NA,NA,NA,NA,NA,NA,NA,High,High,High,NA,NA,NA,NA,NA,NA,NA,NA,NA,NA,NA,NA,NA,NA,NA,NA,NA,NA,NA,NA,NA,NA,NA,NA,NA,NA,NA,NA,NA,NA,NA,NA,NA,NA,NA,NA,NA,NA,NA,NA,NA,NA,NA,NA,NA,NA,NA,NA,NA,NA,NA,NA,NA,NA,NA,NA,NA
NA,NA,NA,NA,NA,NA,NA,NA,NA,NA,NA,NA,NA,NA,NA,NA,228,2026-02-14,16:37:23,3,3,"Umlandt, Ian",809862,Left,ORE_DUC,"Bagnerise , Julius",1000469309,Right,GEO_PAT,Undefined,6,Top,1,2,0,Slider,Slider,StrikeCalled,Undefined,Undefined,Undefined,0,0,NA,77.42099,-0.481704,2.499956,2164.28425,265.701703,02:45:00,6.12097,-2.21515,5.29292,-46.27026,2.25854,6.69347,1.81239,0.69141,70.24072,-8.922785,3.687862,0.501385,NA,NA,NA,NA,NA,NA,NA,NA,NA,NA,NA,-2.52,1.81886,1.9825,50,6.04374,-5.1607,-112.08292,-2.49926,-3.14952,23.56965,-29.90082,ORE_DUC,GEO_PAT,PKPark,D1,BIG10,20260214-PKPark-2,8632be30-0a06-11f1-802c-cb007da271b4,75.17665,NA,NA,7.18027,NA,NA,NA,NA,NA,NA,5ce813cb-c9e8-448f-bad2-0498063e9329,2026-02-15,00:37:23,2026-02-15T00:37:23Z,2026-02-15T00:37:23Z,NA,v3,4807,471300,82de864d38834b289bdde1d759a4a8fd,"Mabeus, Burke",1000222806,Right,ORE_DUC,90d0ca67-0a4e-4589-90f3-f963075539a8,55.20305,-113.17177,11.78483,6.12729,-1.11793,-14.95041,2.21755,-5.0152,-1.57476,NA,NA,NA,NA,NA,NA,NA,NA,NA,NA,NA,NA,NA,NA,NA,NA,NA,NA,NA,NA,NA,NA,NA,NA,NA,NA,NA,NA,NA,NA,NA,NA,NA,NA,NA,NA,NA,NA,NA,NA,NA,NA,NA,NA,NA,NA,NA,NA,NA,NA,High,High,High,NA,NA,NA,NA,NA,NA,NA,NA,NA,NA,NA,NA,NA,NA,NA,NA,NA,NA,NA,NA,NA,NA,NA,NA,NA,NA,NA,NA,NA,NA,NA,NA,NA,NA,NA,NA,NA,NA,NA,NA,NA,NA,NA,NA,NA,NA,NA,NA,NA,NA,NA,NA,NA,NA,NA,NA,NA
NA,NA,NA,NA,NA,NA,NA,NA,NA,NA,NA,NA,NA,NA,NA,NA,229,2026-02-14,16:37:46,3,4,"Umlandt, Ian",809862,Left,ORE_DUC,"Bagnerise , Julius",1000469309,Right,GEO_PAT,Undefined,6,Top,1,2,1,Fastball,Changeup,StrikeSwinging,Undefined,Undefined,Undefined,0,0,NA,84.22499,-2.3948,3.085881,2069.084777,150.258818,11:00:00,6.31623,-1.69294,5.89388,-18.3341,21.711,-11.5604,2.56044,0.21153,75.98502,-5.916719,1.014665,0.455456,NA,NA,NA,NA,NA,NA,NA,NA,NA,NA,NA,6.84437,12.26284,1.45069,50,6.11259,-6.09485,-121.89889,-5.57734,10.15763,27.02073,-13.97502,ORE_DUC,GEO_PAT,PKPark,D1,BIG10,20260214-PKPark-2,93d44680-0a06-11f1-802c-cb007da271b4,82.75765,NA,NA,8.23997,NA,NA,NA,NA,NA,NA,5ce813cb-c9e8-448f-bad2-0498063e9329,2026-02-15,00:37:46,2026-02-15T00:37:46Z,2026-02-15T00:37:46Z,NA,v3,4807,471300,82de864d38834b289bdde1d759a4a8fd,"Mabeus, Burke",1000222806,Right,ORE_DUC,949d99ad-4c89-4327-abb5-4452b6b4967b,54.6005,-122.91443,13.51036,6.31234,-5.05211,-6.98751,1.68693,-6.47661,5.07882,NA,NA,NA,NA,NA,NA,NA,NA,NA,NA,NA,NA,NA,NA,NA,NA,NA,NA,NA,NA,NA,NA,NA,NA,NA,NA,NA,NA,NA,NA,NA,NA,NA,NA,NA,NA,NA,NA,NA,NA,NA,NA,NA,NA,NA,NA,NA,NA,NA,NA,High,High,High,NA,NA,NA,NA,NA,NA,NA,NA,NA,NA,NA,NA,NA,NA,NA,NA,NA,NA,NA,NA,NA,NA,NA,NA,NA,NA,NA,NA,NA,NA,NA,NA,NA,NA,NA,NA,NA,NA,NA,NA,NA,NA,NA,NA,NA,NA,NA,NA,NA,NA,NA,NA,NA,NA,NA,NA,NA
NA,NA,NA,NA,NA,NA,NA,NA,NA,NA,NA,NA,NA,NA,NA,NA,230,2026-02-14,16:38:08,3,5,"Umlandt, Ian",809862,Left,ORE_DUC,"Bagnerise , Julius",1000469309,Right,GEO_PAT,Undefined,6,Top,1,2,2,Fastball,Four-Seam,BallCalled,Undefined,Undefined,Undefined,0,0,NA,85.38609,-3.694816,2.895505,2048.904743,151.920356,11:00:00,6.35523,-1.70033,5.84668,-18.57497,20.46501,-10.15607,1.36469,0.14631,77.29963,-7.230829,1.076519,0.449704,NA,NA,NA,NA,NA,NA,NA,NA,NA,NA,NA,6.07126,12.01438,1.47054,50,6.04323,-5.82473,-123.47841,-8.49161,9.26147,27.32849,-13.84652,ORE_DUC,GEO_PAT,PKPark,D1,BIG10,20260214-PKPark-2,a09fba20-0a06-11f1-802c-cb007da271b4,83.81619,NA,NA,8.08646,NA,NA,NA,NA,NA,NA,5ce813cb-c9e8-448f-bad2-0498063e9329,2026-02-15,00:38:08,2026-02-15T00:38:08Z,2026-02-15T00:38:08Z,NA,v3,4807,471300,82de864d38834b289bdde1d759a4a8fd,"Mabeus, Burke",1000222806,Right,ORE_DUC,97b7a7a6-139a-40e4-942d-85c19247a82e,54.64873,-124.50302,13.66425,6.35186,-7.97247,-6.92326,1.69544,-6.17196,4.63074,NA,NA,NA,NA,NA,NA,NA,NA,NA,NA,NA,NA,NA,NA,NA,NA,NA,NA,NA,NA,NA,NA,NA,NA,NA,NA,NA,NA,NA,NA,NA,NA,NA,NA,NA,NA,NA,NA,NA,NA,NA,NA,NA,NA,NA,NA,NA,NA,NA,NA,High,High,High,NA,NA,NA,NA,NA,NA,NA,NA,NA,NA,NA,NA,NA,NA,NA,NA,NA,NA,NA,NA,NA,NA,NA,NA,NA,NA,NA,NA,NA,NA,NA,NA,NA,NA,NA,NA,NA,NA,NA,NA,NA,NA,NA,NA,NA,NA,NA,NA,NA,NA,NA,NA,NA,NA,NA,NA,NA
NA,NA,NA,NA,NA,NA,NA,NA,NA,NA,NA,NA,NA,NA,NA,NA,231,2026-02-14,16:38:29,3,6,"Umlandt, Ian",809862,Left,ORE_DUC,"Bagnerise , Julius",1000469309,Right,GEO_PAT,Undefined,6,Top,1,3,2,Cutter,Slider,InPlay,Undefined,GroundBall,Single,0,0,NA,80.82772,-0.481135,2.798881,2115.166851,175.256782,11:45:00,6.21522,-2.07783,5.51825,-30.83084,12.36099,-0.91854,3.19557,0.46465,74.45671,-6.166431,2.635443,0.473012,94.49228,-2.09847,4.041213,NA,NA,NA,NA,39.33555,38.80366,3.648616,0.28164,1.2024,6.75839,1.83462,50,6.15264,-5.69931,-117.30865,-1.97864,1.68476,21.04301,-22.70437,ORE_DUC,GEO_PAT,PKPark,D1,BIG10,20260214-PKPark-2,ad597a80-0a06-11f1-802c-cb007da271b4,79.68601,3.26234,NA,6.37102,NA,NA,NA,1.77427,3.26234,-0.4367,5ce813cb-c9e8-448f-bad2-0498063e9329,2026-02-15,00:38:29,2026-02-15T00:38:29Z,2026-02-15T00:38:29Z,GroundBall,v3,4807,471300,82de864d38834b289bdde1d759a4a8fd,"Mabeus, Burke",1000222806,Right,ORE_DUC,baa18de4-e3ef-42c8-b25b-9e663f773c24,54.98097,-118.19876,10.5215,6.21603,-1.01825,-11.35219,2.07721,-5.77057,0.84238,335.486075,1.7762,138.06001,-17.7182,NA,NA,NA,NA,NA,NA,3.26551,-5.22435,-22.65738,NA,NA,NA,NA,NA,NA,-0.43746,9.79617,2.29968,NA,NA,NA,NA,NA,NA,NA,NA,NA,NA,NA,NA,NA,NA,NA,NA,NA,NA,NA,NA,NA,NA,NA,NA,NA,NA,NA,NA,High,High,High,High,High,NA,NA,NA,NA,NA,NA,NA,NA,NA,NA,NA,NA,NA,NA,NA,NA,NA,NA,NA,NA,NA,NA,NA,NA,NA,NA,NA,NA,NA,NA,NA,NA,NA,NA,NA,NA,NA,NA,NA,NA,NA,NA,NA,NA,NA,NA,NA,NA,NA,NA,NA,NA,NA,NA,NA
NA,NA,NA,NA,NA,NA,NA,NA,NA,NA,NA,NA,NA,NA,NA,NA,232,2026-02-14,16:39:13,4,1,"Umlandt, Ian",809862,Left,ORE_DUC,"Alberti, Lucas",1000145512,Right,GEO_PAT,Undefined,6,Top,1,0,0,Fastball,Changeup,BallCalled,Undefined,Undefined,Undefined,0,0,NA,83.09699,-1.204333,2.288386,2041.66924,150.679494,11:00:00,6.31965,-1.84985,5.77381,-20.55143,20.91623,-10.85879,3.4853,-0.62419,74.51846,-5.144336,0.345427,0.463475,NA,NA,NA,NA,NA,NA,NA,NA,NA,NA,NA,6.22122,11.45942,1.66701,50,6.20789,-4.35129,-120.3016,-3.08039,8.94176,27.52518,-15.7035,ORE_DUC,GEO_PAT,PKPark,D1,BIG10,20260214-PKPark-2,c76cbdb0-0a06-11f1-802c-cb007da271b4,81.32574,NA,NA,8.57853,NA,NA,NA,NA,NA,NA,5ce813cb-c9e8-448f-bad2-0498063e9329,2026-02-15,00:39:13,2026-02-15T00:39:13Z,2026-02-15T00:39:13Z,NA,v3,4807,471300,82de864d38834b289bdde1d759a4a8fd,"Mabeus, Burke",1000222806,Right,ORE_DUC,1153996b-1916-499a-9133-4b7f6242fdcd,54.71844,-121.37639,13.76259,6.3162,-2.46721,-7.85175,1.84374,-4.70045,4.47088,NA,NA,NA,NA,NA,NA,NA,NA,NA,NA,NA,NA,NA,NA,NA,NA,NA,NA,NA,NA,NA,NA,NA,NA,NA,NA,NA,NA,NA,NA,NA,NA,NA,NA,NA,NA,NA,NA,NA,NA,NA,NA,NA,NA,NA,NA,NA,NA,NA,NA,High,High,High,NA,NA,NA,NA,NA,NA,NA,NA,NA,NA,NA,NA,NA,NA,NA,NA,NA,NA,NA,NA,NA,NA,NA,NA,NA,NA,NA,NA,NA,NA,NA,NA,NA,NA,NA,NA,NA,NA,NA,NA,NA,NA,NA,NA,NA,NA,NA,NA,NA,NA,NA,NA,NA,NA,NA,NA,NA
NA,NA,NA,NA,NA,NA,NA,NA,NA,NA,NA,NA,NA,NA,NA,NA,233,2026-02-14,16:39:31,4,2,"Umlandt, Ian",809862,Left,ORE_DUC,"Alberti, Lucas",1000145512,Right,GEO_PAT,Undefined,6,Top,1,1,0,Cutter,Slider,StrikeCalled,Undefined,Undefined,Undefined,0,0,NA,80.69813,-0.397944,3.533064,2106.691692,144.272636,10:45:00,6.16268,-1.94287,5.62471,-36.52518,7.30536,-4.17319,2.74687,1.01038,73.39904,-7.138045,2.789421,0.476497,NA,NA,NA,NA,NA,NA,NA,NA,NA,NA,NA,3.18252,4.28107,1.64418,50,6.10553,-7.04854,-116.86587,-2.00388,4.36207,23.85892,-26.30625,ORE_DUC,GEO_PAT,PKPark,D1,BIG10,20260214-PKPark-2,d2445090-0a06-11f1-802c-cb007da271b4,79.10326,NA,NA,7.29909,NA,NA,NA,NA,NA,NA,5ce813cb-c9e8-448f-bad2-0498063e9329,2026-02-15,00:39:31,2026-02-15T00:39:31Z,2026-02-15T00:39:31Z,NA,v3,4807,471300,82de864d38834b289bdde1d759a4a8fd,"Mabeus, Burke",1000222806,Right,ORE_DUC,b3028d21-e9eb-4a54-b714-9150e466ea64,54.87141,-117.8562,11.92946,6.16604,-0.91196,-13.15312,1.94051,-7.2296,2.18104,NA,NA,NA,NA,NA,NA,NA,NA,NA,NA,NA,NA,NA,NA,NA,NA,NA,NA,NA,NA,NA,NA,NA,NA,NA,NA,NA,NA,NA,NA,NA,NA,NA,NA,NA,NA,NA,NA,NA,NA,NA,NA,NA,NA,NA,NA,NA,NA,NA,NA,High,High,High,NA,NA,NA,NA,NA,NA,NA,NA,NA,NA,NA,NA,NA,NA,NA,NA,NA,NA,NA,NA,NA,NA,NA,NA,NA,NA,NA,NA,NA,NA,NA,NA,NA,NA,NA,NA,NA,NA,NA,NA,NA,NA,NA,NA,NA,NA,NA,NA,NA,NA,NA,NA,NA,NA,NA,NA,NA
NA,NA,NA,NA,NA,NA,NA,NA,NA,NA,NA,NA,NA,NA,NA,NA,234,2026-02-14,16:39:52,4,3,"Umlandt, Ian",809862,Left,ORE_DUC,"Alberti, Lucas",1000145512,Right,GEO_PAT,Undefined,6,Top,1,1,1,Fastball,Changeup,HitByPitch,Undefined,Undefined,Undefined,0,0,NA,84.57739,-0.951467,4.801518,2143.915991,154.070227,11:15:00,6.36341,-1.75183,6.05808,-16.10828,23.71572,-10.78323,4.13722,1.80416,75.60753,-4.109447,2.871294,0.454197,NA,NA,NA,NA,NA,NA,NA,NA,NA,NA,NA,7.17989,12.95579,1.38388,50,6.2808,-9.83501,-122.22012,-2.40187,10.62965,28.85834,-12.9933,ORE_DUC,GEO_PAT,PKPark,D1,BIG10,20260214-PKPark-2,de6f1760-0a06-11f1-802c-cb007da271b4,82.98707,NA,NA,8.96987,NA,NA,NA,NA,NA,NA,5ce813cb-c9e8-448f-bad2-0498063e9329,2026-02-15,00:39:52,2026-02-15T00:39:52Z,2026-02-15T00:39:52Z,NA,v3,4807,471300,82de864d38834b289bdde1d759a4a8fd,"Mabeus, Burke",1000222806,Right,ORE_DUC,1d8d83a8-3431-49dc-8c8e-f6118e272e7e,54.43693,-123.2633,14.42917,6.35914,-1.93218,-6.49665,1.74635,-10.21925,5.31483,NA,NA,NA,NA,NA,NA,NA,NA,NA,NA,NA,NA,NA,NA,NA,NA,NA,NA,NA,NA,NA,NA,NA,NA,NA,NA,NA,NA,NA,NA,NA,NA,NA,NA,NA,NA,NA,NA,NA,NA,NA,NA,NA,NA,NA,NA,NA,NA,NA,NA,High,High,High,NA,NA,NA,NA,NA,NA,NA,NA,NA,NA,NA,NA,NA,NA,NA,NA,NA,NA,NA,NA,NA,NA,NA,NA,NA,NA,NA,NA,NA,NA,NA,NA,NA,NA,NA,NA,NA,NA,NA,NA,NA,NA,NA,NA,NA,NA,NA,NA,NA,NA,NA,NA,NA,NA,NA,NA,NA
NA,NA,NA,NA,NA,NA,NA,NA,NA,NA,NA,NA,NA,NA,NA,NA,235,2026-02-14,16:41:33,5,1,"Umlandt, Ian",809862,Left,ORE_DUC,"Terilli, Lucas",1000315616,Left,GEO_PAT,Undefined,6,Top,1,0,0,Cutter,Slider,StrikeCalled,Undefined,Undefined,Undefined,0,0,NA,81.34111,-0.786991,2.516216,2134.508526,177.20132,12:00:00,6.27517,-2.03618,5.7273,-32.86159,10.10823,-0.42118,2.803,0.2737,73.88116,-6.888026,2.440913,0.471795,NA,NA,NA,NA,NA,NA,NA,NA,NA,NA,NA,0.98736,5.84579,1.82642,50,6.18958,-5.16301,-117.87634,-2.66402,1.37497,24.55275,-24.03346,ORE_DUC,GEO_PAT,PKPark,D1,BIG10,20260214-PKPark-2,1b37da10-0a07-11f1-802c-cb007da271b4,79.8916,NA,NA,7.45996,NA,NA,NA,NA,NA,NA,5ce813cb-c9e8-448f-bad2-0498063e9329,2026-02-15,00:41:33,2026-02-15T00:41:33Z,2026-02-15T00:41:33Z,NA,v3,4807,471300,82de864d38834b289bdde1d759a4a8fd,"Mabeus, Burke",1000222806,Right,ORE_DUC,67b8d6b9-eafd-4cca-b421-6755e0a95f1f,54.76731,-118.86519,12.27638,6.27738,-1.69609,-12.01673,2.03548,-5.21839,0.68749,NA,NA,NA,NA,NA,NA,NA,NA,NA,NA,NA,NA,NA,NA,NA,NA,NA,NA,NA,NA,NA,NA,NA,NA,NA,NA,NA,NA,NA,NA,NA,NA,NA,NA,NA,NA,NA,NA,NA,NA,NA,NA,NA,NA,NA,NA,NA,NA,NA,NA,High,High,High,NA,NA,NA,NA,NA,NA,NA,NA,NA,NA,NA,NA,NA,NA,NA,NA,NA,NA,NA,NA,NA,NA,NA,NA,NA,NA,NA,NA,NA,NA,NA,NA,NA,NA,NA,NA,NA,NA,NA,NA,NA,NA,NA,NA,NA,NA,NA,NA,NA,NA,NA,NA,NA,NA,NA,NA,NA
NA,NA,NA,NA,NA,NA,NA,NA,NA,NA,NA,NA,NA,NA,NA,NA,236,2026-02-14,16:41:52,5,2,"Umlandt, Ian",809862,Left,ORE_DUC,"Terilli, Lucas",1000315616,Left,GEO_PAT,Undefined,6,Top,1,0,1,Slider,Slider,StrikeCalled,Undefined,Undefined,Undefined,0,0,NA,78.44835,-0.671399,2.660368,2183.11992,242.496121,02:00:00,6.04927,-1.97743,5.63488,-41.99467,3.46669,4.205,1.92262,0.85679,72.92164,-8.327131,3.411165,0.48528,NA,NA,NA,NA,NA,NA,NA,NA,NA,NA,NA,-1.47583,2.31528,1.74831,50,5.96504,-5.452,-113.94732,-2.69444,-1.95885,19.07135,-29.10106,ORE_DUC,GEO_PAT,PKPark,D1,BIG10,20260214-PKPark-2,267e5b60-0a07-11f1-802c-cb007da271b4,77.67148,NA,NA,5.52672,NA,NA,NA,NA,NA,NA,5ce813cb-c9e8-448f-bad2-0498063e9329,2026-02-15,00:41:52,2026-02-15T00:41:52Z,2026-02-15T00:41:52Z,NA,v3,4807,471300,82de864d38834b289bdde1d759a4a8fd,"Mabeus, Burke",1000222806,Right,ORE_DUC,ba959f23-bd58-42c7-a8db-a7920694eb72,54.86513,-114.7587,9.53567,6.05334,-1.45634,-14.55053,1.97849,-5.36866,-0.97942,NA,NA,NA,NA,NA,NA,NA,NA,NA,NA,NA,NA,NA,NA,NA,NA,NA,NA,NA,NA,NA,NA,NA,NA,NA,NA,NA,NA,NA,NA,NA,NA,NA,NA,NA,NA,NA,NA,NA,NA,NA,NA,NA,NA,NA,NA,NA,NA,NA,NA,High,High,High,NA,NA,NA,NA,NA,NA,NA,NA,NA,NA,NA,NA,NA,NA,NA,NA,NA,NA,NA,NA,NA,NA,NA,NA,NA,NA,NA,NA,NA,NA,NA,NA,NA,NA,NA,NA,NA,NA,NA,NA,NA,NA,NA,NA,NA,NA,NA,NA,NA,NA,NA,NA,NA,NA,NA,NA,NA
NA,NA,NA,NA,NA,NA,NA,NA,NA,NA,NA,NA,NA,NA,NA,NA,237,2026-02-14,16:42:14,5,3,"Umlandt, Ian",809862,Left,ORE_DUC,"Terilli, Lucas",1000315616,Left,GEO_PAT,Undefined,6,Top,1,0,2,Fastball,Changeup,BallCalled,Undefined,Undefined,Undefined,0,0,NA,84.23853,-0.151236,4.213219,2022.524086,142.906721,10:45:00,6.26072,-1.84427,6.0573,-17.42182,22.64241,-15.95635,4.66853,0.73279,75.25,-3.553013,1.351801,0.455565,NA,NA,NA,NA,NA,NA,NA,NA,NA,NA,NA,9.48201,12.05001,1.52416,50,6.23936,-8.30706,-121.81157,-0.71949,13.96241,28.38148,-14.43021,ORE_DUC,GEO_PAT,PKPark,D1,BIG10,20260214-PKPark-2,33408030-0a07-11f1-802c-cb007da271b4,82.73787,NA,NA,8.98853,NA,NA,NA,NA,NA,NA,5ce813cb-c9e8-448f-bad2-0498063e9329,2026-02-15,00:42:14,2026-02-15T00:42:14Z,2026-02-15T00:42:14Z,NA,v3,4807,471300,82de864d38834b289bdde1d759a4a8fd,"Mabeus, Burke",1000222806,Right,ORE_DUC,ebf42dbe-8353-45d2-ae5f-b3e4ba6f886d,54.43497,-122.84055,14.19074,6.25596,-0.19632,-7.21511,1.83451,-8.81327,6.9812,NA,NA,NA,NA,NA,NA,NA,NA,NA,NA,NA,NA,NA,NA,NA,NA,NA,NA,NA,NA,NA,NA,NA,NA,NA,NA,NA,NA,NA,NA,NA,NA,NA,NA,NA,NA,NA,NA,NA,NA,NA,NA,NA,NA,NA,NA,NA,NA,NA,NA,High,High,High,NA,NA,NA,NA,NA,NA,NA,NA,NA,NA,NA,NA,NA,NA,NA,NA,NA,NA,NA,NA,NA,NA,NA,NA,NA,NA,NA,NA,NA,NA,NA,NA,NA,NA,NA,NA,NA,NA,NA,NA,NA,NA,NA,NA,NA,NA,NA,NA,NA,NA,NA,NA,NA,NA,NA,NA,NA
NA,NA,NA,NA,NA,NA,NA,NA,NA,NA,NA,NA,NA,NA,NA,NA,238,2026-02-14,16:42:34,5,4,"Umlandt, Ian",809862,Left,ORE_DUC,"Terilli, Lucas",1000315616,Left,GEO_PAT,Undefined,6,Top,1,1,2,Slider,Slider,BallCalled,Undefined,Undefined,Undefined,0,0,NA,78.36701,-2.242338,3.211357,2254.149852,258.749834,02:30:00,6.02005,-2.28755,5.5519,-43.79526,2.01921,3.67453,0.27082,1.02253,73.15141,-10.157804,3.866718,0.487161,NA,NA,NA,NA,NA,NA,NA,NA,NA,NA,NA,-1.07193,1.91969,2.00701,50,5.7963,-6.51462,-113.7015,-5.88634,-1.41564,19.12427,-29.6388,ORE_DUC,GEO_PAT,PKPark,D1,BIG10,20260214-PKPark-2,3f94a0f0-0a07-11f1-802c-cb007da271b4,77.3716,NA,NA,5.2156,NA,NA,NA,NA,NA,NA,5ce813cb-c9e8-448f-bad2-0498063e9329,2026-02-15,00:42:34,2026-02-15T00:42:34Z,2026-02-15T00:42:34Z,NA,v3,4807,471300,82de864d38834b289bdde1d759a4a8fd,"Mabeus, Burke",1000222806,Right,ORE_DUC,f9c7ed54-a6a3-4612-a9c8-2cc4e9e4250d,54.94945,-114.53096,9.56214,6.02372,-4.60084,-14.8194,2.28823,-6.45323,-0.70782,NA,NA,NA,NA,NA,NA,NA,NA,NA,NA,NA,NA,NA,NA,NA,NA,NA,NA,NA,NA,NA,NA,NA,NA,NA,NA,NA,NA,NA,NA,NA,NA,NA,NA,NA,NA,NA,NA,NA,NA,NA,NA,NA,NA,NA,NA,NA,NA,NA,NA,High,High,High,NA,NA,NA,NA,NA,NA,NA,NA,NA,NA,NA,NA,NA,NA,NA,NA,NA,NA,NA,NA,NA,NA,NA,NA,NA,NA,NA,NA,NA,NA,NA,NA,NA,NA,NA,NA,NA,NA,NA,NA,NA,NA,NA,NA,NA,NA,NA,NA,NA,NA,NA,NA,NA,NA,NA,NA,NA
NA,NA,NA,NA,NA,NA,NA,NA,NA,NA,NA,NA,NA,NA,NA,NA,239,2026-02-14,16:43:03,5,5,"Umlandt, Ian",809862,Left,ORE_DUC,"Terilli, Lucas",1000315616,Left,GEO_PAT,Undefined,6,Top,1,2,2,Cutter,Slider,StrikeSwinging,Strikeout,Undefined,Undefined,0,0,NA,81.36227,-0.45389,3.263517,2136.835794,195.394475,12:30:00,6.235,-1.83867,5.72078,-33.02297,9.60615,2.27209,3.05961,1.3938,74.53736,-6.557056,3.668962,0.469921,NA,NA,NA,NA,NA,NA,NA,NA,NA,NA,NA,-0.23146,5.44174,1.56441,50,6.17681,-6.8164,-117.95722,-1.9918,-0.3257,22.68139,-24.51598,ORE_DUC,GEO_PAT,PKPark,D1,BIG10,20260214-PKPark-2,504cb810-0a07-11f1-802c-cb007da271b4,80.21021,NA,NA,6.82491,NA,NA,NA,NA,NA,NA,5ce813cb-c9e8-448f-bad2-0498063e9329,2026-02-15,00:43:03,2026-02-15T00:43:03Z,2026-02-15T00:43:03Z,NA,v3,4807,471300,82de864d38834b289bdde1d759a4a8fd,"Mabeus, Burke",1000222806,Right,ORE_DUC,ab6f24b8-bd1c-4e01-be88-0defbb0839e9,54.77563,-118.87196,11.3407,6.2372,-1.00308,-12.25799,1.83905,-6.80327,-0.16285,NA,NA,NA,NA,NA,NA,NA,NA,NA,NA,NA,NA,NA,NA,NA,NA,NA,NA,NA,NA,NA,NA,NA,NA,NA,NA,NA,NA,NA,NA,NA,NA,NA,NA,NA,NA,NA,NA,NA,NA,NA,NA,NA,NA,NA,NA,NA,NA,NA,NA,High,High,High,NA,NA,NA,NA,NA,NA,NA,NA,NA,NA,NA,NA,NA,NA,NA,NA,NA,NA,NA,NA,NA,NA,NA,NA,NA,NA,NA,NA,NA,NA,NA,NA,NA,NA,NA,NA,NA,NA,NA,NA,NA,NA,NA,NA,NA,NA,NA,NA,NA,NA,NA,NA,NA,NA,NA,NA,NA
NA,NA,NA,NA,NA,NA,NA,NA,NA,NA,NA,NA,NA,NA,NA,NA,240,2026-02-14,16:43:35,6,1,"Umlandt, Ian",809862,Left,ORE_DUC,"Butler, Jake",1000136500,Right,GEO_PAT,Undefined,6,Top,2,0,0,Cutter,Slider,BallCalled,Undefined,Undefined,Undefined,0,0,NA,80.98884,0.300511,1.068481,2071.341716,181.155451,12:00:00,6.20792,-1.95145,5.68895,-36.36963,6.7139,0.10701,3.45725,-0.94657,73.90785,-6.423126,1.087624,0.472419,NA,NA,NA,NA,NA,NA,NA,NA,NA,NA,NA,0.25701,3.76795,1.86154,50,6.21068,-2.19666,-117.54971,-0.56941,0.35796,23.23172,-26.92596,ORE_DUC,GEO_PAT,PKPark,D1,BIG10,20260214-PKPark-2,63a9d780-0a07-11f1-802c-cb007da271b4,79.78608,NA,NA,7.08099,NA,NA,NA,NA,NA,NA,5ce813cb-c9e8-448f-bad2-0498063e9329,2026-02-15,00:43:35,2026-02-15T00:43:35Z,2026-02-15T00:43:35Z,NA,v3,4807,471300,82de864d38834b289bdde1d759a4a8fd,"Mabeus, Burke",1000222806,Right,ORE_DUC,c7e05eea-3b1b-4e71-8a78-375bf6b50a37,54.80735,-118.49599,11.61586,6.21153,0.52735,-13.46298,1.95131,-2.21124,0.17898,NA,NA,NA,NA,NA,NA,NA,NA,NA,NA,NA,NA,NA,NA,NA,NA,NA,NA,NA,NA,NA,NA,NA,NA,NA,NA,NA,NA,NA,NA,NA,NA,NA,NA,NA,NA,NA,NA,NA,NA,NA,NA,NA,NA,NA,NA,NA,NA,NA,NA,High,High,High,NA,NA,NA,NA,NA,NA,NA,NA,NA,NA,NA,NA,NA,NA,NA,NA,NA,NA,NA,NA,NA,NA,NA,NA,NA,NA,NA,NA,NA,NA,NA,NA,NA,NA,NA,NA,NA,NA,NA,NA,NA,NA,NA,NA,NA,NA,NA,NA,NA,NA,NA,NA,NA,NA,NA,NA,NA
NA,NA,NA,NA,NA,NA,NA,NA,NA,NA,NA,NA,NA,NA,NA,NA,241,2026-02-14,16:43:51,6,2,"Umlandt, Ian",809862,Left,ORE_DUC,"Butler, Jake",1000136500,Right,GEO_PAT,Undefined,6,Top,2,1,0,Cutter,Slider,FoulBallNotFieldable,Undefined,Undefined,Undefined,0,0,NA,80.69976,0.046378,2.138426,2074.493278,188.023683,12:15:00,6.13366,-2.07684,5.52385,-34.66155,9.25741,1.09276,3.28859,0.01436,73.30319,-6.364406,2.333057,0.476977,64.92447,48.969062,124.820861,4029.545578,NA,NA,NA,NA,41.81231,NA,NA,0.10248,5.09347,1.89004,50,6.11476,-4.41209,-116.99171,-1.0342,0.14064,24.10292,-25.18433,ORE_DUC,GEO_PAT,PKPark,D1,BIG10,20260214-PKPark-2,6d375e30-0a07-11f1-802c-cb007da271b4,79.02358,41.89901,NA,7.39658,NA,NA,NA,1.74297,3.32316,0.00203,5ce813cb-c9e8-448f-bad2-0498063e9329,2026-02-15,00:43:51,2026-02-15T00:43:51Z,2026-02-15T00:43:51Z,NA,v3,4807,471300,82de864d38834b289bdde1d759a4a8fd,"Mabeus, Burke",1000222806,Right,ORE_DUC,3e092734-fc57-4f4d-b36a-e6fb6982e0ce,54.97294,-118.0118,12.05146,6.13597,0.03166,-12.59217,2.0769,-4.41804,0.07032,327.735041,1.74297,-35.69422,-2.65795,1.45055,-0.25546,-0.36305,0.81951,-0.79168,0.3053,3.32316,71.83147,-26.94569,3.06186,-0.54194,-0.21208,0.57558,-0.56235,0.21713,0.00203,51.31729,-6.4093,0.91513,-0.12333,-0.07269,0.15762,-0.15229,0.05854,NA,NA,NA,NA,NA,NA,NA,NA,NA,NA,NA,NA,NA,NA,NA,NA,NA,NA,NA,NA,NA,NA,High,High,High,High,Undefined,NA,NA,NA,NA,NA,NA,NA,NA,NA,NA,NA,NA,NA,NA,NA,NA,NA,NA,NA,NA,NA,NA,NA,NA,NA,NA,NA,NA,NA,NA,NA,NA,NA,NA,NA,NA,NA,NA,NA,NA,NA,NA,NA,NA,NA,NA,NA,NA,NA,NA,NA,NA,NA,NA,NA
NA,NA,NA,NA,NA,NA,NA,NA,NA,NA,NA,NA,NA,NA,NA,NA,242,2026-02-14,16:44:13,6,3,"Umlandt, Ian",809862,Left,ORE_DUC,"Butler, Jake",1000136500,Right,GEO_PAT,Undefined,6,Top,2,1,1,Cutter,Slider,StrikeCalled,Undefined,Undefined,Undefined,0,0,NA,80.99464,0.458309,2.805843,2180.703613,185.010668,12:15:00,6.21556,-2.02802,5.7639,-35.10266,7.96737,0.57449,3.71741,0.63336,73.83017,-6.0462,2.908516,0.472345,NA,NA,NA,NA,NA,NA,NA,NA,NA,NA,NA,0.53106,4.37181,1.79526,50,6.23251,-5.77835,-117.43415,-0.18087,0.73783,23.29494,-26.10004,ORE_DUC,GEO_PAT,PKPark,D1,BIG10,20260214-PKPark-2,7a3ec960-0a07-11f1-802c-cb007da271b4,79.79861,NA,NA,7.16448,NA,NA,NA,NA,NA,NA,5ce813cb-c9e8-448f-bad2-0498063e9329,2026-02-15,00:44:13,2026-02-15T00:44:13Z,2026-02-15T00:44:13Z,NA,v3,4807,471300,82de864d38834b289bdde1d759a4a8fd,"Mabeus, Burke",1000222806,Right,ORE_DUC,e241a8e9-508b-48f5-82f6-603bf0fe822f,54.7319,-118.36908,11.64747,6.21875,0.86663,-13.05002,2.02777,-5.80797,0.36892,NA,NA,NA,NA,NA,NA,NA,NA,NA,NA,NA,NA,NA,NA,NA,NA,NA,NA,NA,NA,NA,NA,NA,NA,NA,NA,NA,NA,NA,NA,NA,NA,NA,NA,NA,NA,NA,NA,NA,NA,NA,NA,NA,NA,NA,NA,NA,NA,NA,NA,High,High,High,NA,NA,NA,NA,NA,NA,NA,NA,NA,NA,NA,NA,NA,NA,NA,NA,NA,NA,NA,NA,NA,NA,NA,NA,NA,NA,NA,NA,NA,NA,NA,NA,NA,NA,NA,NA,NA,NA,NA,NA,NA,NA,NA,NA,NA,NA,NA,NA,NA,NA,NA,NA,NA,NA,NA,NA,NA
NA,NA,NA,NA,NA,NA,NA,NA,NA,NA,NA,NA,NA,NA,NA,NA,243,2026-02-14,16:44:32,6,4,"Umlandt, Ian",809862,Left,ORE_DUC,"Butler, Jake",1000136500,Right,GEO_PAT,Undefined,6,Top,2,1,2,Fastball,Changeup,BallCalled,Undefined,Undefined,Undefined,0,0,NA,83.68307,1.31218,3.552232,1960.082022,153.789561,11:15:00,6.22541,-1.91531,6.07279,-22.56356,17.66647,-7.99949,5.56185,0.70922,75.35385,-2.996527,2.116641,0.456506,NA,NA,NA,NA,NA,NA,NA,NA,NA,NA,NA,5.18929,9.07107,1.64404,50,6.31514,-7.19877,-121.16732,2.16906,7.6197,26.39573,-18.85454,ORE_DUC,GEO_PAT,PKPark,D1,BIG10,20260214-PKPark-2,85703c10-0a07-11f1-802c-cb007da271b4,82.56724,NA,NA,8.32922,NA,NA,NA,NA,NA,NA,5ce813cb-c9e8-448f-bad2-0498063e9329,2026-02-15,00:44:32,2026-02-15T00:44:32Z,2026-02-15T00:44:32Z,NA,v3,4807,471300,82de864d38834b289bdde1d759a4a8fd,"Mabeus, Burke",1000222806,Right,ORE_DUC,95b91754-6ac0-44d8-814d-279f844bbe8c,54.42099,-122.12661,13.19787,6.22387,2.85428,-9.42727,1.91069,-7.47569,3.80985,NA,NA,NA,NA,NA,NA,NA,NA,NA,NA,NA,NA,NA,NA,NA,NA,NA,NA,NA,NA,NA,NA,NA,NA,NA,NA,NA,NA,NA,NA,NA,NA,NA,NA,NA,NA,NA,NA,NA,NA,NA,NA,NA,NA,NA,NA,NA,NA,NA,NA,High,High,High,NA,NA,NA,NA,NA,NA,NA,NA,NA,NA,NA,NA,NA,NA,NA,NA,NA,NA,NA,NA,NA,NA,NA,NA,NA,NA,NA,NA,NA,NA,NA,NA,NA,NA,NA,NA,NA,NA,NA,NA,NA,NA,NA,NA,NA,NA,NA,NA,NA,NA,NA,NA,NA,NA,NA,NA,NA
NA,NA,NA,NA,NA,NA,NA,NA,NA,NA,NA,NA,NA,NA,NA,NA,244,2026-02-14,16:44:53,6,5,"Umlandt, Ian",809862,Left,ORE_DUC,"Butler, Jake",1000136500,Right,GEO_PAT,Undefined,6,Top,2,2,2,Fastball,Four-Seam,StrikeCalled,Strikeout,Undefined,Undefined,0,0,NA,86.27603,-1.740554,3.17252,2134.284931,153.67697,11:00:00,6.23587,-1.59926,5.87702,-17.77906,20.38143,-9.3939800000000009,3.13479,0.56735,77.78176,-5.155836,1.490591,0.444609,NA,NA,NA,NA,NA,NA,NA,NA,NA,NA,NA,5.75674,11.33611,1.34786,50,6.08473,-6.52253,-124.89709,-4.27361,8.9717,28.2934,-14.50699,ORE_DUC,GEO_PAT,PKPark,D1,BIG10,20260214-PKPark-2,9216e9a0-0a07-11f1-802c-cb007da271b4,84.77657,NA,NA,8.49427,NA,NA,NA,NA,NA,NA,5ce813cb-c9e8-448f-bad2-0498063e9329,2026-02-15,00:44:53,2026-02-15T00:44:53Z,2026-02-15T00:44:53Z,NA,v3,4807,471300,82de864d38834b289bdde1d759a4a8fd,"Mabeus, Burke",1000222806,Right,ORE_DUC,3ae7b3a5-f7c1-41de-bc7d-ce8140c9ccae,54.61683,-125.93862,14.1467,6.23222,-3.73958,-7.25349,1.59405,-6.85279,4.48585,NA,NA,NA,NA,NA,NA,NA,NA,NA,NA,NA,NA,NA,NA,NA,NA,NA,NA,NA,NA,NA,NA,NA,NA,NA,NA,NA,NA,NA,NA,NA,NA,NA,NA,NA,NA,NA,NA,NA,NA,NA,NA,NA,NA,NA,NA,NA,NA,NA,NA,High,High,High,NA,NA,NA,NA,NA,NA,NA,NA,NA,NA,NA,NA,NA,NA,NA,NA,NA,NA,NA,NA,NA,NA,NA,NA,NA,NA,NA,NA,NA,NA,NA,NA,NA,NA,NA,NA,NA,NA,NA,NA,NA,NA,NA,NA,NA,NA,NA,NA,NA,NA,NA,NA,NA,NA,NA,NA,NA
NA,NA,NA,NA,NA,NA,NA,NA,NA,NA,NA,NA,NA,NA,NA,NA,245,2026-02-14,16:47:19,1,1,"Thomas, Parker",814826,Right,GEO_PAT,"Mabeus, Burke",1000222806,Left,ORE_DUC,Undefined,6,Bottom,0,0,0,ChangeUp,Changeup,BallCalled,Undefined,Undefined,Undefined,0,0,NA,82.0658,-0.439107,-1.967471,1672.497048,252.860082,02:30:00,5.81215,2.76728,5.37075,-34.92561,8.0926,21.09777,2.48974,2.68006,74.01217,-6.890989,1.78501,0.47206,NA,NA,NA,NA,NA,NA,NA,NA,NA,NA,NA,-11.14603,4.68697,-2.60602,50,5.74856,3.18169,-118.87477,-2.10706,-15.6742,26.45323,-25.58299,ORE_DUC,GEO_PAT,PKPark,D1,BIG10,20260214-PKPark-2,e8e708a0-0a07-11f1-802c-cb007da271b4,79.84663,NA,NA,8.05363,NA,NA,NA,NA,NA,NA,5ce813cb-c9e8-448f-bad2-0498063e9329,2026-02-15,00:47:19,2026-02-15T00:47:19Z,2026-02-15T00:47:19Z,NA,v3,4807,471300,82de864d38834b289bdde1d759a4a8fd,"Cowdrey, Vincent",1000469295,Right,GEO_PAT,428266b0-5da2-4826-9d6e-ecd1c05b67fe,55.12509,-120.00984,13.22661,5.81542,-1.00933,-12.79149,-2.75698,3.85425,-7.8371,NA,NA,NA,NA,NA,NA,NA,NA,NA,NA,NA,NA,NA,NA,NA,NA,NA,NA,NA,NA,NA,NA,NA,NA,NA,NA,NA,NA,NA,NA,NA,NA,NA,NA,NA,NA,NA,NA,NA,NA,NA,NA,NA,NA,NA,NA,NA,NA,NA,NA,High,High,High,NA,NA,NA,NA,NA,NA,NA,NA,NA,NA,NA,NA,NA,NA,NA,NA,NA,NA,NA,NA,NA,NA,NA,NA,NA,NA,NA,NA,NA,NA,NA,NA,NA,NA,NA,NA,NA,NA,NA,NA,NA,NA,NA,NA,NA,NA,NA,NA,NA,NA,NA,NA,NA,NA,NA,NA,NA
NA,NA,NA,NA,NA,NA,NA,NA,NA,NA,NA,NA,NA,NA,NA,NA,246,2026-02-14,16:47:35,1,2,"Thomas, Parker",814826,Right,GEO_PAT,"Mabeus, Burke",1000222806,Left,ORE_DUC,Undefined,6,Bottom,0,1,0,Slider,Curveball,InPlay,Undefined,GroundBall,Out,1,0,NA,79.39262,-0.125674,-2.199797,2095.867951,47.852172,07:30:00,5.72928,2.72511,5.03226,-47.22058,-1.03055,-2.85689,1.67558,0.41055,72.50683,-8.672994,-2.704759,0.489154,93.41497,-13.211909,16.233317,NA,NA,NA,NA,9.98905,9.80532,9.420356,0.0624,0.75398,-0.05374,-2.51241,50,5.67931,4.53721,-115.05112,-1.95129,1.00136,23.16613,-32.24541,ORE_DUC,GEO_PAT,PKPark,D1,BIG10,20260214-PKPark-2,f2b82800-0a07-11f1-802c-cb007da271b4,77.05643,1.95682,NA,6.8858,NA,NA,NA,1.85152,1.95682,-0.69511,5ce813cb-c9e8-448f-bad2-0498063e9329,2026-02-15,00:47:35,2026-02-15T00:47:35Z,2026-02-15T00:47:35Z,GroundBall,v3,4807,471300,82de864d38834b289bdde1d759a4a8fd,"Cowdrey, Vincent",1000469295,Right,GEO_PAT,da6b958f-8427-4755-9d50-5310c22aeb7e,55.46635,-116.14658,11.58306,5.73553,-0.42649,-16.1227,-2.72584,4.48986,0.50068,180,1.84965,128.24985,NA,NA,NA,NA,NA,NA,NA,1.95727,-31.3591,NA,NA,NA,NA,NA,NA,NA,-0.69565,37.34091,NA,NA,NA,NA,NA,NA,NA,NA,NA,NA,NA,NA,NA,NA,NA,NA,NA,NA,NA,NA,NA,NA,NA,NA,NA,NA,NA,NA,NA,High,High,High,Medium,High,NA,NA,NA,NA,NA,NA,NA,NA,NA,NA,NA,NA,NA,NA,NA,NA,NA,NA,NA,NA,NA,NA,NA,NA,NA,NA,NA,NA,NA,NA,NA,NA,NA,NA,NA,NA,NA,NA,NA,NA,NA,NA,NA,NA,NA,NA,NA,NA,NA,NA,NA,NA,NA,NA,NA
NA,NA,NA,NA,NA,NA,NA,NA,NA,NA,NA,NA,NA,NA,NA,NA,247,2026-02-14,16:50:08,2,1,"Thomas, Parker",814826,Right,GEO_PAT,"Cook, Elijah",827730,Right,ORE_DUC,Undefined,6,Bottom,1,0,0,Slider,Slider,StrikeCalled,Undefined,Undefined,Undefined,0,0,NA,79.96064,-0.221621,-1.660361,2159.956362,73.123331,08:30:00,5.80553,2.62545,5.05959,-46.21258,-1.00055,-8.03414,1.74541,0.38978,73.44546,-8.575624,-3.081615,0.483948,NA,NA,NA,NA,NA,NA,NA,NA,NA,NA,NA,3.51323,0.00287,-2.46091,50,5.74776,3.69711,-115.98463,-2.12775,4.77029,22.34538,-32.17013,ORE_DUC,GEO_PAT,PKPark,D1,BIG10,20260214-PKPark-2,4dc0c090-0a08-11f1-802c-cb007da271b4,77.88535,NA,NA,6.51518,NA,NA,NA,NA,NA,NA,5ce813cb-c9e8-448f-bad2-0498063e9329,2026-02-15,00:50:08,2026-02-15T00:50:08Z,2026-02-15T00:50:08Z,NA,v3,4807,471300,82de864d38834b289bdde1d759a4a8fd,"Cowdrey, Vincent",1000469295,Right,GEO_PAT,86fb1c8f-cd5d-4ecc-a1e7-0a410c992171,55.43923,-117.02785,11.17269,5.81204,-0.62585,-16.08507,-2.62832,3.4744,2.38514,NA,NA,NA,NA,NA,NA,NA,NA,NA,NA,NA,NA,NA,NA,NA,NA,NA,NA,NA,NA,NA,NA,NA,NA,NA,NA,NA,NA,NA,NA,NA,NA,NA,NA,NA,NA,NA,NA,NA,NA,NA,NA,NA,NA,NA,NA,NA,NA,NA,NA,High,High,High,NA,NA,NA,NA,NA,NA,NA,NA,NA,NA,NA,NA,NA,NA,NA,NA,NA,NA,NA,NA,NA,NA,NA,NA,NA,NA,NA,NA,NA,NA,NA,NA,NA,NA,NA,NA,NA,NA,NA,NA,NA,NA,NA,NA,NA,NA,NA,NA,NA,NA,NA,NA,NA,NA,NA,NA,NA
NA,NA,NA,NA,NA,NA,NA,NA,NA,NA,NA,NA,NA,NA,NA,NA,248,2026-02-14,16:50:23,2,2,"Thomas, Parker",814826,Right,GEO_PAT,"Cook, Elijah",827730,Right,ORE_DUC,Undefined,6,Bottom,1,0,1,Sweeper,Curveball,StrikeSwinging,Undefined,Undefined,Undefined,0,0,NA,76.49827,-0.815765,-1.379284,2078.29559,80.650098,08:45:00,5.95657,2.48594,4.90867,-51.63759,-1.51835,-19.56977,0.88175,-0.44942,70.05246,-10.101951,-4.834211,0.509535,NA,NA,NA,NA,NA,NA,NA,NA,NA,NA,NA,9.28587,-0.03563,-2.33383,50,5.83365,3.45483,-110.8668,-3.39576,11.40402,22.27844,-32.21781,ORE_DUC,GEO_PAT,PKPark,D1,BIG10,20260214-PKPark-2,57041ee0-0a08-11f1-802c-cb007da271b4,73.97424,NA,NA,6.44581,NA,NA,NA,NA,NA,NA,5ce813cb-c9e8-448f-bad2-0498063e9329,2026-02-15,00:50:23,2026-02-15T00:50:23Z,2026-02-15T00:50:23Z,NA,v3,4807,471300,82de864d38834b289bdde1d759a4a8fd,"Cowdrey, Vincent",1000469295,Right,GEO_PAT,7df88744-27bc-42ab-bbbb-c577a0f29d49,55.59117,-111.9847,11.13922,5.96349,-1.77912,-16.1089,-2.49283,2.8826,5.70201,NA,NA,NA,NA,NA,NA,NA,NA,NA,NA,NA,NA,NA,NA,NA,NA,NA,NA,NA,NA,NA,NA,NA,NA,NA,NA,NA,NA,NA,NA,NA,NA,NA,NA,NA,NA,NA,NA,NA,NA,NA,NA,NA,NA,NA,NA,NA,NA,NA,NA,High,High,High,NA,NA,NA,NA,NA,NA,NA,NA,NA,NA,NA,NA,NA,NA,NA,NA,NA,NA,NA,NA,NA,NA,NA,NA,NA,NA,NA,NA,NA,NA,NA,NA,NA,NA,NA,NA,NA,NA,NA,NA,NA,NA,NA,NA,NA,NA,NA,NA,NA,NA,NA,NA,NA,NA,NA,NA,NA
NA,NA,NA,NA,NA,NA,NA,NA,NA,NA,NA,NA,NA,NA,NA,NA,249,2026-02-14,16:50:40,2,3,"Thomas, Parker",814826,Right,GEO_PAT,"Cook, Elijah",827730,Right,ORE_DUC,Undefined,6,Bottom,1,0,2,Sweeper,Curveball,StrikeCalled,Strikeout,Undefined,Undefined,0,0,NA,76.53968,0.176729,-2.04402,2148.908581,87.553243,09:00:00,5.83077,2.64482,5.08077,-48.83802,1.00756,-16.76591,1.92763,-0.67991,69.73396,-8.681842,-5.007058,0.508142,NA,NA,NA,NA,NA,NA,NA,NA,NA,NA,NA,7.67481,0.95555,-2.4374,50,5.80932,4.62925,-110.87886,-1.33392,9.41719,22.48226,-31.00158,ORE_DUC,GEO_PAT,PKPark,D1,BIG10,20260214-PKPark-2,60d935e0-0a08-11f1-802c-cb007da271b4,74.17704,NA,NA,6.80572,NA,NA,NA,NA,NA,NA,5ce813cb-c9e8-448f-bad2-0498063e9329,2026-02-15,00:50:40,2026-02-15T00:50:40Z,2026-02-15T00:50:40Z,NA,v3,4807,471300,82de864d38834b289bdde1d759a4a8fd,"Cowdrey, Vincent",1000469295,Right,GEO_PAT,d9270081-844e-4c75-b745-cd31735ba8a0,55.41712,-111.97187,11.24113,5.83754,0.17327,-15.50079,-2.65132,4.17141,4.7086,NA,NA,NA,NA,NA,NA,NA,NA,NA,NA,NA,NA,NA,NA,NA,NA,NA,NA,NA,NA,NA,NA,NA,NA,NA,NA,NA,NA,52.06731,2.634313,1.264538,1.369775,0.07074,1.7184,0.79872,-5.64097,3.96929,4.70805,69.15836,10.43174,55.62769,-5.5231,59.88589,-3.89364,4.08741,25.59424,-15.27542,4.69374,37.88126,-0.51235,High,High,High,NA,NA,High,High,High,NA,NA,NA,NA,NA,NA,NA,NA,NA,NA,NA,NA,NA,NA,NA,NA,NA,NA,NA,NA,NA,NA,NA,NA,NA,NA,NA,NA,NA,NA,NA,NA,NA,NA,NA,NA,NA,NA,NA,NA,NA,NA,NA,NA,NA,NA,NA,NA,NA,NA,NA,NA
NA,NA,NA,NA,NA,NA,NA,NA,NA,NA,NA,NA,NA,NA,NA,NA,250,2026-02-14,16:51:11,3,1,"Thomas, Parker",814826,Right,GEO_PAT,"Brooks, Jack",809865,Left,ORE_DUC,Undefined,6,Bottom,2,0,0,Sinker,Changeup,BallCalled,Undefined,Undefined,Undefined,0,0,NA,88.38768,-0.763568,-2.159939,1936.674997,253.495115,02:30:00,5.80511,2.72157,5.82373,-29.71572,6.51953,17.73989,2.61839,2.19093,80.10322,-6.288326,1.021423,0.433249,NA,NA,NA,NA,NA,NA,NA,NA,NA,NA,NA,-9.68493,3.95075,-2.55533,50,5.72531,4.07072,-128.20198,-2.73479,-15.93477,29.32442,-25.67379,ORE_DUC,GEO_PAT,PKPark,D1,BIG10,20260214-PKPark-2,736856f0-0a08-11f1-802c-cb007da271b4,86.99956,NA,NA,8.28446,NA,NA,NA,NA,NA,NA,5ce813cb-c9e8-448f-bad2-0498063e9329,2026-02-15,00:51:11,2026-02-15T00:51:11Z,2026-02-15T00:51:11Z,NA,v3,4807,471300,82de864d38834b289bdde1d759a4a8fd,"Cowdrey, Vincent",1000469295,Right,GEO_PAT,cc5d464b-5561-4a90-b745-84769e40c75e,54.67354,-129.26657,14.66221,5.80767,-1.80273,-12.83689,-2.71362,4.64921,-7.96739,NA,NA,NA,NA,NA,NA,NA,NA,NA,NA,NA,NA,NA,NA,NA,NA,NA,NA,NA,NA,NA,NA,NA,NA,NA,NA,NA,NA,NA,NA,NA,NA,NA,NA,NA,NA,NA,NA,NA,NA,NA,NA,NA,NA,NA,NA,NA,NA,NA,NA,High,High,High,NA,NA,NA,NA,NA,NA,NA,NA,NA,NA,NA,NA,NA,NA,NA,NA,NA,NA,NA,NA,NA,NA,NA,NA,NA,NA,NA,NA,NA,NA,NA,NA,NA,NA,NA,NA,NA,NA,NA,NA,NA,NA,NA,NA,NA,NA,NA,NA,NA,NA,NA,NA,NA,NA,NA,NA,NA
NA,NA,NA,NA,NA,NA,NA,NA,NA,NA,NA,NA,NA,NA,NA,NA,251,2026-02-14,16:51:28,3,2,"Thomas, Parker",814826,Right,GEO_PAT,"Brooks, Jack",809865,Left,ORE_DUC,Undefined,6,Bottom,2,1,0,Sinker,Sinker,BallCalled,Undefined,Undefined,Undefined,0,0,NA,88.42626,-2.361056,-3.965165,1905.352161,251.793044,02:30:00,5.73208,2.73033,5.45539,-28.78419,7.89536,20.2169,1.11667,0.69737,80.6022,-7.657119,-0.370696,0.435897,NA,NA,NA,NA,NA,NA,NA,NA,NA,NA,NA,-11.35068,5.03717,-2.39459,50,5.50372,7.97659,-127.96628,-6.33038,-18.72191,27.71052,-23.86567,ORE_DUC,GEO_PAT,PKPark,D1,BIG10,20260214-PKPark-2,7d6cbb50-0a08-11f1-802c-cb007da271b4,86.47107,NA,NA,7.82406,NA,NA,NA,NA,NA,NA,5ce813cb-c9e8-448f-bad2-0498063e9329,2026-02-15,00:51:28,2026-02-15T00:51:28Z,2026-02-15T00:51:28Z,NA,v3,4807,471300,82de864d38834b289bdde1d759a4a8fd,"Cowdrey, Vincent",1000469295,Right,GEO_PAT,514947ce-a712-4e62-a4c6-6659d58f75d9,55.04359,-129.05383,13.85526,5.73379,-5.39373,-11.93284,-2.72207,8.71137,-9.36096,NA,NA,NA,NA,NA,NA,NA,NA,NA,NA,NA,NA,NA,NA,NA,NA,NA,NA,NA,NA,NA,NA,NA,NA,NA,NA,NA,NA,NA,NA,NA,NA,NA,NA,NA,NA,NA,NA,NA,NA,NA,NA,NA,NA,NA,NA,NA,NA,NA,NA,High,High,High,NA,NA,NA,NA,NA,NA,NA,NA,NA,NA,NA,NA,NA,NA,NA,NA,NA,NA,NA,NA,NA,NA,NA,NA,NA,NA,NA,NA,NA,NA,NA,NA,NA,NA,NA,NA,NA,NA,NA,NA,NA,NA,NA,NA,NA,NA,NA,NA,NA,NA,NA,NA,NA,NA,NA,NA,NA
NA,NA,NA,NA,NA,NA,NA,NA,NA,NA,NA,NA,NA,NA,NA,NA,252,2026-02-14,16:51:45,3,3,"Thomas, Parker",814826,Right,GEO_PAT,"Brooks, Jack",809865,Left,ORE_DUC,Undefined,6,Bottom,2,2,0,Slider,Slider,BallCalled,Undefined,Undefined,Undefined,0,0,NA,78.78696,0.191294,-0.390909,2066.91384,89.016988,09:00:00,5.80379,2.80503,5.17712,-44.94762,1.42634,-4.49441,2.23817,2.06267,72.15129,-7.984741,-1.18812,0.490127,NA,NA,NA,NA,NA,NA,NA,NA,NA,NA,NA,2.12429,1.11823,-2.76512,50,5.78748,0.96352,-114.31722,-1.19223,2.79974,21.86875,-30.70026,ORE_DUC,GEO_PAT,PKPark,D1,BIG10,20260214-PKPark-2,87c27400-0a08-11f1-802c-cb007da271b4,76.90343,NA,NA,6.63567,NA,NA,NA,NA,NA,NA,5ce813cb-c9e8-448f-bad2-0498063e9329,2026-02-15,00:51:45,2026-02-15T00:51:45Z,2026-02-15T00:51:45Z,NA,v3,4807,471300,82de864d38834b289bdde1d759a4a8fd,"Cowdrey, Vincent",1000469295,Right,GEO_PAT,75b11418-5c1a-440a-aa5d-c53f66e371e1,55.32071,-115.33058,10.93438,5.80976,0.23036,-15.35013,-2.80677,0.83378,1.39987,NA,NA,NA,NA,NA,NA,NA,NA,NA,NA,NA,NA,NA,NA,NA,NA,NA,NA,NA,NA,NA,NA,NA,NA,NA,NA,NA,NA,NA,NA,NA,NA,NA,NA,NA,NA,NA,NA,NA,NA,NA,NA,NA,NA,NA,NA,NA,NA,NA,NA,High,High,High,NA,NA,NA,NA,NA,NA,NA,NA,NA,NA,NA,NA,NA,NA,NA,NA,NA,NA,NA,NA,NA,NA,NA,NA,NA,NA,NA,NA,NA,NA,NA,NA,NA,NA,NA,NA,NA,NA,NA,NA,NA,NA,NA,NA,NA,NA,NA,NA,NA,NA,NA,NA,NA,NA,NA,NA,NA
NA,NA,NA,NA,NA,NA,NA,NA,NA,NA,NA,NA,NA,NA,NA,NA,253,2026-02-14,16:52:09,3,4,"Thomas, Parker",814826,Right,GEO_PAT,"Brooks, Jack",809865,Left,ORE_DUC,Undefined,6,Bottom,2,3,0,Fastball,Changeup,BallCalled,Walk,Undefined,Undefined,0,0,NA,87.75499,-0.61448,-0.974089,1880.498216,216.288267,01:15:00,5.9311,2.46443,5.60219,-21.26761,15.40654,10.45505,3.58506,2.42626,80.14118,-4.602656,0.892439,0.435864,NA,NA,NA,NA,NA,NA,NA,NA,NA,NA,NA,-5.54252,8.31977,-2.38785,50,5.86488,1.7101,-127.40496,-2.05451,-9.10683,26.26081,-18.50397,ORE_DUC,GEO_PAT,PKPark,D1,BIG10,20260214-PKPark-2,95fb0c30-0a08-11f1-802c-cb007da271b4,86.47745,NA,NA,7.61381,NA,NA,NA,NA,NA,NA,5ce813cb-c9e8-448f-bad2-0498063e9329,2026-02-15,00:52:09,2026-02-15T00:52:09Z,2026-02-15T00:52:09Z,NA,v3,4807,471300,82de864d38834b289bdde1d759a4a8fd,"Cowdrey, Vincent",1000469295,Right,GEO_PAT,0d394a28-d582-4a11-a8cc-6f9adf131e0e,54.89463,-128.40989,13.1304,5.92995,-1.34642,-9.25199,-2.45996,2.05859,-4.55342,NA,NA,NA,NA,NA,NA,NA,NA,NA,NA,NA,NA,NA,NA,NA,NA,NA,NA,NA,NA,NA,NA,NA,NA,NA,NA,NA,NA,NA,NA,NA,NA,NA,NA,NA,NA,NA,NA,NA,NA,NA,NA,NA,NA,NA,NA,NA,NA,NA,NA,High,High,High,NA,NA,NA,NA,NA,NA,NA,NA,NA,NA,NA,NA,NA,NA,NA,NA,NA,NA,NA,NA,NA,NA,NA,NA,NA,NA,NA,NA,NA,NA,NA,NA,NA,NA,NA,NA,NA,NA,NA,NA,NA,NA,NA,NA,NA,NA,NA,NA,NA,NA,NA,NA,NA,NA,NA,NA,NA
NA,NA,NA,NA,NA,NA,NA,NA,NA,NA,NA,NA,NA,NA,NA,NA,254,2026-02-14,16:53:38,4,1,"Thomas, Parker",814826,Right,GEO_PAT,"Cooney, Ryan",807721,Right,ORE_DUC,Undefined,6,Bottom,2,0,0,Cutter,Slider,BallCalled,Undefined,Undefined,Undefined,0,0,NA,80.71745,1.663248,-1.176399,2139.969447,144.251657,10:45:00,5.85199,2.61861,5.19072,-37.53396,6.2165,-3.55847,4.28957,1.21526,74.27733,-5.192823,-1.806412,0.476061,NA,NA,NA,NA,NA,NA,NA,NA,NA,NA,NA,1.46913,3.07547,-2.50667,50,5.97801,2.55424,-117.16652,2.08375,2.05758,20.58367,-27.86679,ORE_DUC,GEO_PAT,PKPark,D1,BIG10,20260214-PKPark-2,cb0ae120-0a08-11f1-802c-cb007da271b4,79.17562,NA,NA,6.44012,NA,NA,NA,NA,NA,NA,5ce813cb-c9e8-448f-bad2-0498063e9329,2026-02-15,00:53:38,2026-02-15T00:53:38Z,2026-02-15T00:53:38Z,NA,v3,4807,471300,82de864d38834b289bdde1d759a4a8fd,"Cowdrey, Vincent",1000469295,Right,GEO_PAT,c12f76cf-e4de-495d-abf3-db77d3c49c12,55.30736,-118.09523,10.29184,5.85562,3.34107,-13.9334,-2.61982,2.4614,1.02879,NA,NA,NA,NA,NA,NA,NA,NA,NA,NA,NA,NA,NA,NA,NA,NA,NA,NA,NA,NA,NA,NA,NA,NA,NA,NA,NA,NA,NA,NA,NA,NA,NA,NA,NA,NA,NA,NA,NA,NA,NA,NA,NA,NA,NA,NA,NA,NA,NA,NA,High,High,High,NA,NA,NA,NA,NA,NA,NA,NA,NA,NA,NA,NA,NA,NA,NA,NA,NA,NA,NA,NA,NA,NA,NA,NA,NA,NA,NA,NA,NA,NA,NA,NA,NA,NA,NA,NA,NA,NA,NA,NA,NA,NA,NA,NA,NA,NA,NA,NA,NA,NA,NA,NA,NA,NA,NA,NA,NA
NA,NA,NA,NA,NA,NA,NA,NA,NA,NA,NA,NA,NA,NA,NA,NA,255,2026-02-14,16:53:55,4,2,"Thomas, Parker",814826,Right,GEO_PAT,"Cooney, Ryan",807721,Right,ORE_DUC,Undefined,6,Bottom,2,1,0,Sinker,Sinker,StrikeCalled,Undefined,Undefined,Undefined,0,0,NA,88.93529,-1.650898,-3.464191,1926.608697,250.184556,02:15:00,5.72794,2.77538,5.58173,-28.64978,7.44878,17.23438,1.79546,0.97246,80.8532,-6.94533,-0.391593,0.432431,NA,NA,NA,NA,NA,NA,NA,NA,NA,NA,NA,-9.77375,4.62622,-2.48889,50,5.56717,7.04329,-128.81705,-4.74269,-16.29576,28.69391,-24.46074,ORE_DUC,GEO_PAT,PKPark,D1,BIG10,20260214-PKPark-2,d52c1c50-0a08-11f1-802c-cb007da271b4,87.16414,NA,NA,8.0820900000000009,NA,NA,NA,NA,NA,NA,5ce813cb-c9e8-448f-bad2-0498063e9329,2026-02-15,00:53:55,2026-02-15T00:53:55Z,2026-02-15T00:53:55Z,NA,v3,4807,471300,82de864d38834b289bdde1d759a4a8fd,"Cowdrey, Vincent",1000469295,Right,GEO_PAT,901eac05-4634-42f4-84a3-1446aff55938,54.91672,-129.90763,14.34696,5.72976,-3.813,-12.23037,-2.76836,7.66265,-8.14788,NA,NA,NA,NA,NA,NA,NA,NA,NA,NA,NA,NA,NA,NA,NA,NA,NA,NA,NA,NA,NA,NA,NA,NA,NA,NA,NA,NA,NA,NA,NA,NA,NA,NA,NA,NA,NA,NA,NA,NA,NA,NA,NA,NA,NA,NA,NA,NA,NA,NA,High,High,High,NA,NA,NA,NA,NA,NA,NA,NA,NA,NA,NA,NA,NA,NA,NA,NA,NA,NA,NA,NA,NA,NA,NA,NA,NA,NA,NA,NA,NA,NA,NA,NA,NA,NA,NA,NA,NA,NA,NA,NA,NA,NA,NA,NA,NA,NA,NA,NA,NA,NA,NA,NA,NA,NA,NA,NA,NA
NA,NA,NA,NA,NA,NA,NA,NA,NA,NA,NA,NA,NA,NA,NA,NA,256,2026-02-14,16:54:13,4,3,"Thomas, Parker",814826,Right,GEO_PAT,"Cooney, Ryan",807721,Right,ORE_DUC,Undefined,6,Bottom,2,1,1,Sinker,Sinker,BallCalled,Undefined,Undefined,Undefined,0,0,NA,89.10274,0.115708,-2.926844,1966.277956,238.479695,02:00:00,5.80153,2.70748,5.54713,-23.78442,12.40737,18.09631,3.92776,1.47802,80.18336,-4.346787,0.296134,0.432989,NA,NA,NA,NA,NA,NA,NA,NA,NA,NA,NA,-9.98351,6.60174,-2.46589,50,5.79617,5.77094,-129.03862,-0.54771,-16.59713,30.36203,-21.19897,ORE_DUC,GEO_PAT,PKPark,D1,BIG10,20260214-PKPark-2,dfc03d90-0a08-11f1-802c-cb007da271b4,87.05177,NA,NA,8.91938,NA,NA,NA,NA,NA,NA,5ce813cb-c9e8-448f-bad2-0498063e9329,2026-02-15,00:54:13,2026-02-15T00:54:13Z,2026-02-15T00:54:13Z,NA,v3,4807,471300,82de864d38834b289bdde1d759a4a8fd,"Cowdrey, Vincent",1000469295,Right,GEO_PAT,da13bd7d-9968-4b1e-983c-5d00b20d6f5d,54.94824,-130.1977,15.18102,5.80164,0.26157,-10.59949,-2.69829,6.40454,-8.29857,NA,NA,NA,NA,NA,NA,NA,NA,NA,NA,NA,NA,NA,NA,NA,NA,NA,NA,NA,NA,NA,NA,NA,NA,NA,NA,NA,NA,NA,NA,NA,NA,NA,NA,NA,NA,NA,NA,NA,NA,NA,NA,NA,NA,NA,NA,NA,NA,NA,NA,High,High,High,NA,NA,NA,NA,NA,NA,NA,NA,NA,NA,NA,NA,NA,NA,NA,NA,NA,NA,NA,NA,NA,NA,NA,NA,NA,NA,NA,NA,NA,NA,NA,NA,NA,NA,NA,NA,NA,NA,NA,NA,NA,NA,NA,NA,NA,NA,NA,NA,NA,NA,NA,NA,NA,NA,NA,NA,NA
NA,NA,NA,NA,NA,NA,NA,NA,NA,NA,NA,NA,NA,NA,NA,NA,257,2026-02-14,16:54:32,4,4,"Thomas, Parker",814826,Right,GEO_PAT,"Cooney, Ryan",807721,Right,ORE_DUC,Undefined,6,Bottom,2,2,1,Sweeper,Curveball,StrikeCalled,Undefined,Undefined,Undefined,0,0,NA,75.60824,0.042038,-1.204658,2091.658621,82.793112,08:45:00,5.77724,2.60553,5.16208,-50.05479,0.04886,-11.57981,1.64558,0.50654,69.89418,-9.009694,-3.257876,0.509455,NA,NA,NA,NA,NA,NA,NA,NA,NA,NA,NA,5.46528,0.45287,-2.48386,50,5.74266,2.75464,-109.78325,-1.60686,6.68051,19.14719,-31.62048,ORE_DUC,GEO_PAT,PKPark,D1,BIG10,20260214-PKPark-2,eb63d300-0a08-11f1-802c-cb007da271b4,73.98575,NA,NA,5.71406,NA,NA,NA,NA,NA,NA,5ce813cb-c9e8-448f-bad2-0498063e9329,2026-02-15,00:54:32,2026-02-15T00:54:32Z,2026-02-15T00:54:32Z,NA,v3,4807,471300,82de864d38834b289bdde1d759a4a8fd,"Cowdrey, Vincent",1000469295,Right,GEO_PAT,b103b510-8d90-4cf7-8ca2-62da6b7d50be,55.33804,-110.71034,9.57359,5.7834,-0.07582,-15.81024,-2.60941,2.43117,3.34025,NA,NA,NA,NA,NA,NA,NA,NA,NA,NA,NA,NA,NA,NA,NA,NA,NA,NA,NA,NA,NA,NA,NA,NA,NA,NA,NA,NA,NA,NA,NA,NA,NA,NA,NA,NA,NA,NA,NA,NA,NA,NA,NA,NA,NA,NA,NA,NA,NA,NA,High,High,High,NA,NA,NA,NA,NA,NA,NA,NA,NA,NA,NA,NA,NA,NA,NA,NA,NA,NA,NA,NA,NA,NA,NA,NA,NA,NA,NA,NA,NA,NA,NA,NA,NA,NA,NA,NA,NA,NA,NA,NA,NA,NA,NA,NA,NA,NA,NA,NA,NA,NA,NA,NA,NA,NA,NA,NA,NA
NA,NA,NA,NA,NA,NA,NA,NA,NA,NA,NA,NA,NA,NA,NA,NA,258,2026-02-14,16:54:50,4,5,"Thomas, Parker",814826,Right,GEO_PAT,"Cooney, Ryan",807721,Right,ORE_DUC,Undefined,6,Bottom,2,2,2,ChangeUp,Changeup,FoulBallNotFieldable,Undefined,Undefined,Undefined,0,0,NA,81.54027,-0.718944,-3.117356,1736.218374,246.862398,02:15:00,5.77268,2.58837,5.53506,-33.7901,9.1191,17.94135,2.28381,1.1668,74.2735,-6.959749,0.079414,0.471462,87.00509,14.465154,-76.52897,1895.038579,27.06179,11.1348,-106.61889,160.66034,92.02765,-76.564695,1.489717,-10.06504,5.22378,-2.33024,50,5.68779,5.72506,-118.20209,-2.59477,-14.143370000000001,23.9566,-24.83361,ORE_DUC,GEO_PAT,PKPark,D1,BIG10,20260214-PKPark-2,f6413240-0a08-11f1-802c-cb007da271b4,79.94801,12.87547,NA,7.26677,NA,NA,NA,3.20185,2.49808,-1.16599,5ce813cb-c9e8-448f-bad2-0498063e9329,2026-02-15,00:54:50,2026-02-15T00:54:50Z,2026-02-15T00:54:50Z,LineDrive,v3,4807,471300,82de864d38834b289bdde1d759a4a8fd,"Cowdrey, Vincent",1000469295,Right,GEO_PAT,8938454d-87a2-46c1-99fe-b7667f481fc0,54.96429,-119.20398,11.9783,5.77459,-1.55621,-12.4168,-2.58203,6.31655,-7.07168,NA,3.20185,28.78424,-5.27599,1.18867,-0.26637,0.06202,-0.01381,0.0024,-2.3e-4,2.49808,31.87516,-26.6024,3.71296,-0.87551,0.1998,-0.04428,0.00778,-7.2e-4,-1.16599,-120.16262,14.51691,-3.3188,0.72725,-0.16853,0.03769,-0.00651,6.1e-4,NA,NA,NA,NA,NA,NA,NA,NA,NA,NA,NA,NA,NA,NA,NA,NA,NA,NA,NA,NA,NA,NA,High,High,High,Medium,Medium,NA,NA,NA,NA,NA,NA,NA,NA,NA,NA,NA,NA,NA,NA,NA,NA,NA,NA,NA,NA,NA,NA,NA,NA,NA,NA,NA,NA,NA,NA,NA,NA,NA,NA,NA,NA,NA,NA,NA,NA,NA,NA,NA,NA,NA,NA,NA,NA,NA,NA,NA,NA,NA,NA,NA
NA,NA,NA,NA,NA,NA,NA,NA,NA,NA,NA,NA,NA,NA,NA,NA,259,2026-02-14,16:55:15,4,6,"Thomas, Parker",814826,Right,GEO_PAT,"Cooney, Ryan",807721,Right,ORE_DUC,Undefined,6,Bottom,2,2,2,Sinker,Changeup,InPlay,Undefined,LineDrive,Double,0,1,NA,89.99208,-1.175155,-4.07486,1734.382184,249.802471,02:15:00,5.75502,2.48094,5.62538,-27.46734,7.58445,17.48836,2.36658,0.12952,82.08632,-6.254473,-0.958965,0.426115,93.13155,16.913314,29.97747,4759.631211,90.23445,27.18197,62.91053,264.21466,224.27209,42.670417,2.98919,-10.04764,4.51575,-2.14483,50,5.63706,8.52091,-130.36744,-3.66524,-17.24943,28.03613,-24.42157,ORE_DUC,GEO_PAT,PKPark,D1,BIG10,20260214-PKPark-2,04baa400-0a09-11f1-802c-cb007da271b4,88.45609,29.68776,NA,7.90576,NA,NA,NA,0.54625,2.2513,-0.17864,5ce813cb-c9e8-448f-bad2-0498063e9329,2026-02-15,00:55:15,2026-02-15T00:55:15Z,2026-02-15T00:55:15Z,LineDrive,v3,4807,471300,82de864d38834b289bdde1d759a4a8fd,"Cowdrey, Vincent",1000469295,Right,GEO_PAT,898f2daa-7176-49d7-962b-a22013176333,54.87392,-131.41141,14.01806,5.75661,-2.75586,-12.21079,-2.47408,9.16323,-8.62471,236.330371,0.54626,113.2026,-27.07484,6.16838,-1.33763,0.25057,-0.0403,0.00463,-2.6e-4,2.2513,39.73744,-14.97028,0.28637,0.15056,-0.05736,0.0137,-0.00166,8e-5,-0.17865,65.29697,0.32708,-1.8372,0.72974000000000006,-0.1983,0.03895,-0.00483,2.8e-4,NA,NA,NA,NA,NA,NA,NA,NA,NA,NA,NA,NA,NA,NA,NA,NA,NA,NA,NA,NA,NA,NA,High,High,High,High,High,NA,NA,NA,NA,NA,NA,NA,NA,NA,NA,NA,NA,NA,NA,NA,NA,NA,NA,NA,NA,NA,NA,NA,NA,NA,NA,NA,NA,NA,NA,NA,NA,NA,NA,NA,NA,NA,NA,NA,NA,NA,NA,NA,NA,NA,NA,NA,NA,NA,NA,NA,NA,NA,NA,NA
NA,NA,NA,NA,NA,NA,NA,NA,NA,NA,NA,NA,NA,NA,NA,NA,260,2026-02-14,16:56:13,5,1,"Thomas, Parker",814826,Right,GEO_PAT,"Gimenez, Jax",826307,Left,ORE_DUC,Undefined,6,Bottom,2,0,0,Cutter,Slider,FoulBallNotFieldable,Undefined,Undefined,Undefined,0,0,NA,82.72012,-0.64479,-2.304437,2156.577231,161.789377,11:30:00,5.74835,2.62618,5.50289,-36.93931,5.35792,-1.24079,2.06651,0.36636,74.50319,-7.460075,-2.52549,0.468088,NA,NA,NA,NA,NA,NA,NA,NA,NA,NA,NA,-0.15602,3.34445,-2.42396,50,5.66733,4.87083,-119.77748,-2.60416,-0.22181,27.77546,-27.41996,ORE_DUC,GEO_PAT,PKPark,D1,BIG10,20260214-PKPark-2,2724e9b0-0a09-11f1-802c-cb007da271b4,80.52429,NA,NA,8.21693,NA,NA,NA,NA,NA,NA,5ce813cb-c9e8-448f-bad2-0498063e9329,2026-02-15,00:56:13,2026-02-15T00:56:13Z,2026-02-15T00:56:13Z,NA,v3,4807,471300,82de864d38834b289bdde1d759a4a8fd,"Cowdrey, Vincent",1000469295,Right,GEO_PAT,e2d7f204-c39e-4b31-87ec-5c87c6abff89,54.99368,-120.92993,13.88773,5.75178,-1.46646,-13.70998,-2.62625,4.88003,-0.11091,NA,NA,NA,NA,NA,NA,NA,NA,NA,NA,NA,NA,NA,NA,NA,NA,NA,NA,NA,NA,NA,NA,NA,NA,NA,NA,NA,NA,NA,NA,NA,NA,NA,NA,NA,NA,NA,NA,NA,NA,NA,NA,NA,NA,NA,NA,NA,NA,NA,NA,High,High,High,NA,NA,NA,NA,NA,NA,NA,NA,NA,NA,NA,NA,NA,NA,NA,NA,NA,NA,NA,NA,NA,NA,NA,NA,NA,NA,NA,NA,NA,NA,NA,NA,NA,NA,NA,NA,NA,NA,NA,NA,NA,NA,NA,NA,NA,NA,NA,NA,NA,NA,NA,NA,NA,NA,NA,NA,NA
NA,NA,NA,NA,NA,NA,NA,NA,NA,NA,NA,NA,NA,NA,NA,NA,261,2026-02-14,16:56:34,5,2,"Thomas, Parker",814826,Right,GEO_PAT,"Gimenez, Jax",826307,Left,ORE_DUC,Undefined,6,Bottom,2,0,1,ChangeUp,Changeup,BallCalled,Undefined,Undefined,Undefined,0,0,NA,82.80653,-2.823256,-2.716995,1926.225211,248.594411,02:15:00,5.76998,2.91178,5.49987,-31.72332,10.27331,22.33568,0.48062,2.22993,75.19387,-8.67108,1.266642,0.466422,NA,NA,NA,NA,NA,NA,NA,NA,NA,NA,NA,-12.10981,6.52343,-2.68965,50,5.50175,4.75961,-119.84854,-6.97355,-17.38225,25.99883,-22.81042,ORE_DUC,GEO_PAT,PKPark,D1,BIG10,20260214-PKPark-2,33d61e90-0a09-11f1-802c-cb007da271b4,80.81194,NA,NA,7.61265,NA,NA,NA,NA,NA,NA,5ce813cb-c9e8-448f-bad2-0498063e9329,2026-02-15,00:56:34,2026-02-15T00:56:34Z,2026-02-15T00:56:34Z,NA,v3,4807,471300,82de864d38834b289bdde1d759a4a8fd,"Cowdrey, Vincent",1000469295,Right,GEO_PAT,66ca0f2b-ba49-4aee-af16-77481443d10a,54.99785,-120.92786,12.99942,5.7716,-6.02659,-11.40521,-2.90222,5.48122,-8.69113,NA,NA,NA,NA,NA,NA,NA,NA,NA,NA,NA,NA,NA,NA,NA,NA,NA,NA,NA,NA,NA,NA,NA,NA,NA,NA,NA,NA,NA,NA,NA,NA,NA,NA,NA,NA,NA,NA,NA,NA,NA,NA,NA,NA,NA,NA,NA,NA,NA,NA,High,High,High,NA,NA,NA,NA,NA,NA,NA,NA,NA,NA,NA,NA,NA,NA,NA,NA,NA,NA,NA,NA,NA,NA,NA,NA,NA,NA,NA,NA,NA,NA,NA,NA,NA,NA,NA,NA,NA,NA,NA,NA,NA,NA,NA,NA,NA,NA,NA,NA,NA,NA,NA,NA,NA,NA,NA,NA,NA
NA,NA,NA,NA,NA,NA,NA,NA,NA,NA,NA,NA,NA,NA,NA,NA,262,2026-02-14,16:57:02,5,3,"Thomas, Parker",814826,Right,GEO_PAT,"Gimenez, Jax",826307,Left,ORE_DUC,Undefined,6,Bottom,2,1,1,Sweeper,Curveball,InPlay,Undefined,Popup,Out,1,0,NA,77.09811,1.143451,-0.738025,2115.319504,64.366574,08:15:00,5.7131,2.82853,5.01568,-56.62172,-7.22174,-18.73218,2.07401,0.57095,69.92695,-9.100065,-4.050703,0.505865,59.90981,58.540301,-12.523773,NA,NA,NA,NA,133.92597,114.16546,-23.292289,4.287768,9.09434,-3.52941,-2.74171,50,5.77676,2.19349,-111.72245,0.224,11.27031,23.78973,-36.54794,ORE_DUC,GEO_PAT,PKPark,D1,BIG10,20260214-PKPark-2,44af7950-0a09-11f1-802c-cb007da271b4,74.51081,75.06448,NA,7.17117,NA,NA,NA,2.15414,2.17248,-0.6177,5ce813cb-c9e8-448f-bad2-0498063e9329,2026-02-15,00:57:02,2026-02-15T00:57:02Z,2026-02-15T00:57:02Z,Popup,v3,4807,471300,82de864d38834b289bdde1d759a4a8fd,"Cowdrey, Vincent",1000469295,Right,GEO_PAT,75aaa3a0-a422-4dce-9f38-72d70cf7d546,55.48463,-112.88428,11.89487,5.72223,2.00891,-18.27397,-2.83539,1.64308,5.63515,159.850273,2.15619,44.71405,-10.50015,2.82263,-0.26273,-0.09558,0.03782,-0.00498,2.2e-4,2.17401,74.90449,-21.72819,1.14331,0.49673,-0.43239,0.14623,-0.02402,0.00154,-0.61711,-9.96031,-1.95597,0.65611,-0.04197,-0.0536,0.02238,-0.0037,2.3e-4,NA,NA,NA,NA,NA,NA,NA,NA,NA,NA,NA,NA,NA,NA,NA,NA,NA,NA,NA,NA,NA,NA,High,High,High,High,Medium,NA,NA,NA,NA,NA,NA,NA,NA,NA,NA,NA,NA,NA,NA,NA,NA,NA,NA,NA,NA,NA,NA,NA,NA,NA,NA,NA,NA,NA,NA,NA,NA,NA,NA,NA,NA,NA,NA,NA,NA,NA,NA,NA,NA,NA,NA,NA,NA,NA,NA,NA,NA,NA,NA,NA
NA,NA,NA,NA,NA,NA,NA,NA,NA,NA,NA,NA,NA,NA,NA,NA,263,2026-02-14,16:59:42,1,1,"Howard, Gabe",827397,Right,ORE_DUC,"Westley, Matthew",824016,Right,GEO_PAT,Undefined,7,Top,0,0,0,Fastball,Four-Seam,StrikeCalled,Undefined,Undefined,Undefined,0,0,NA,91.67318,-2.691521,-2.357503,2103.049332,211.605489,01:00:00,6.07601,0.6153,5.59964,-13.06107,20.92454,12.13953,2.47087,-0.57523,83.00488,-5.214424,-0.192642,0.419584,NA,NA,NA,NA,NA,NA,NA,NA,NA,NA,NA,-6.80878,11.71808,-0.42114,50,5.83691,4.90405,-132.75095,-6.59872,-12.04896,30.62961,-11.43746,ORE_DUC,GEO_PAT,PKPark,D1,BIG10,20260214-PKPark-2,a3f1eb00-0a09-11f1-802c-cb007da271b4,89.83291,NA,NA,8.6683,NA,NA,NA,NA,NA,NA,5ce813cb-c9e8-448f-bad2-0498063e9329,2026-02-15,00:59:42,2026-02-15T00:59:42Z,2026-02-15T00:59:42Z,NA,v3,4807,471300,82de864d38834b289bdde1d759a4a8fd,"Mabeus, Burke",1000222806,Right,ORE_DUC,cf87baf5-c1a8-4937-8dcc-1e91ae6a7e63,54.89601,-133.87584,15.31481,6.07154,-6.17867,-5.71873,-0.60937,5.34655,-6.02448,NA,NA,NA,NA,NA,NA,NA,NA,NA,NA,NA,NA,NA,NA,NA,NA,NA,NA,NA,NA,NA,NA,NA,NA,NA,NA,NA,NA,NA,NA,NA,NA,NA,NA,NA,NA,NA,NA,NA,NA,NA,NA,NA,NA,NA,NA,NA,NA,NA,NA,High,High,High,NA,NA,NA,NA,NA,NA,NA,NA,NA,NA,NA,NA,NA,NA,NA,NA,NA,NA,NA,NA,NA,NA,NA,NA,NA,NA,NA,NA,NA,NA,NA,NA,NA,NA,NA,NA,NA,NA,NA,NA,NA,NA,NA,NA,NA,NA,NA,NA,NA,NA,NA,NA,NA,NA,NA,NA,NA
NA,NA,NA,NA,NA,NA,NA,NA,NA,NA,NA,NA,NA,NA,NA,NA,264,2026-02-14,16:59:59,1,2,"Howard, Gabe",827397,Right,ORE_DUC,"Westley, Matthew",824016,Right,GEO_PAT,Undefined,7,Top,0,0,1,Curveball,Curveball,BallCalled,Undefined,Undefined,Undefined,0,0,NA,80.71845,-2.823813,-2.035843,2362.676011,35.624498,07:15:00,6.06475,0.86985,5.23192,-51.17648,-6.47532,-5.75174,-0.85815,-1.52395,73.99022,-12.009442,-3.059943,0.481206,NA,NA,NA,NA,NA,NA,NA,NA,NA,NA,NA,2.26477,-2.05288,-0.67776,50,5.76566,4.38178,-116.86262,-7.58656,3.07991,25.43691,-34.96578,ORE_DUC,GEO_PAT,PKPark,D1,BIG10,20260214-PKPark-2,ae3183a0-0a09-11f1-802c-cb007da271b4,78.32915,NA,NA,6.72822,NA,NA,NA,NA,NA,NA,5ce813cb-c9e8-448f-bad2-0498063e9329,2026-02-15,00:59:59,2026-02-15T00:59:59Z,2026-02-15T00:59:59Z,NA,v3,4807,471300,82de864d38834b289bdde1d759a4a8fd,"Mabeus, Burke",1000222806,Right,ORE_DUC,e6194c07-f5ed-4a15-a3f4-d77d67f02b6c,55.26891,-118.00391,12.71846,6.07085,-6.01774,-17.48289,-0.87126,4.2436,1.53995,NA,NA,NA,NA,NA,NA,NA,NA,NA,NA,NA,NA,NA,NA,NA,NA,NA,NA,NA,NA,NA,NA,NA,NA,NA,NA,NA,NA,NA,NA,NA,NA,NA,NA,NA,NA,NA,NA,NA,NA,NA,NA,NA,NA,NA,NA,NA,NA,NA,NA,High,High,High,NA,NA,NA,NA,NA,NA,NA,NA,NA,NA,NA,NA,NA,NA,NA,NA,NA,NA,NA,NA,NA,NA,NA,NA,NA,NA,NA,NA,NA,NA,NA,NA,NA,NA,NA,NA,NA,NA,NA,NA,NA,NA,NA,NA,NA,NA,NA,NA,NA,NA,NA,NA,NA,NA,NA,NA,NA
NA,NA,NA,NA,NA,NA,NA,NA,NA,NA,NA,NA,NA,NA,NA,NA,265,2026-02-14,17:00:21,1,3,"Howard, Gabe",827397,Right,ORE_DUC,"Westley, Matthew",824016,Right,GEO_PAT,Undefined,7,Top,0,1,1,Curveball,Curveball,BallCalled,Undefined,Undefined,Undefined,0,0,NA,79.94813,2.165452,0.107781,2273.802745,18.619754,06:30:00,6.07818,0.84987,5.00024,-52.88302,-7.57433,-3.0365,3.71651,0.69857,73.13427,-7.392286,-0.428749,0.484465,NA,NA,NA,NA,NA,NA,NA,NA,NA,NA,NA,1.5224,-3.85162,-0.85768,50,6.24354,-0.08765,-115.95042,2.39433,2.06777,22.14917,-37.40547,ORE_DUC,GEO_PAT,PKPark,D1,BIG10,20260214-PKPark-2,bb3b11b0-0a09-11f1-802c-cb007da271b4,77.80226,NA,NA,6.81386,NA,NA,NA,NA,NA,NA,5ce813cb-c9e8-448f-bad2-0498063e9329,2026-02-15,01:00:21,2026-02-15T01:00:21Z,2026-02-15T01:00:21Z,NA,v3,4807,471300,82de864d38834b289bdde1d759a4a8fd,"Mabeus, Burke",1000222806,Right,ORE_DUC,caa4dbe4-6293-4a36-8cfd-635c047bbb7e,55.49907,-116.99616,11.07459,6.0888,4.16036,-18.70274,-0.85124,-0.18528,1.03389,NA,NA,NA,NA,NA,NA,NA,NA,NA,NA,NA,NA,NA,NA,NA,NA,NA,NA,NA,NA,NA,NA,NA,NA,NA,NA,NA,NA,NA,NA,NA,NA,NA,NA,NA,NA,NA,NA,NA,NA,NA,NA,NA,NA,NA,NA,NA,NA,NA,NA,High,High,High,NA,NA,NA,NA,NA,NA,NA,NA,NA,NA,NA,NA,NA,NA,NA,NA,NA,NA,NA,NA,NA,NA,NA,NA,NA,NA,NA,NA,NA,NA,NA,NA,NA,NA,NA,NA,NA,NA,NA,NA,NA,NA,NA,NA,NA,NA,NA,NA,NA,NA,NA,NA,NA,NA,NA,NA,NA
NA,NA,NA,NA,NA,NA,NA,NA,NA,NA,NA,NA,NA,NA,NA,NA,266,2026-02-14,17:00:38,1,4,"Howard, Gabe",827397,Right,ORE_DUC,"Westley, Matthew",824016,Right,GEO_PAT,Undefined,7,Top,0,2,1,Fastball,Four-Seam,FoulBallNotFieldable,Undefined,Undefined,Undefined,0,0,NA,91.4368,-3.249079,-0.988545,2016.719918,193.412781,12:30:00,6.15402,0.69902,5.54169,-9.90875,24.03608,5.46693,2.28804,0.23063,83.48099,-5.189556,-0.014105,0.419332,71.29222,37.125779,127.327112,4477.616293,NA,NA,NA,NA,52.2559,NA,NA,-3.05307,13.4191,-0.61715,50,5.8661,2.04358,-132.56546,-7.76559,-5.43063,28.45074,-8.3048,ORE_DUC,GEO_PAT,PKPark,D1,BIG10,20260214-PKPark-2,c56bb630-0a09-11f1-802c-cb007da271b4,89.88684,35.70005,NA,7.95582,NA,NA,NA,1.16676,2.43464,-0.38799,5ce813cb-c9e8-448f-bad2-0498063e9329,2026-02-15,01:00:38,2026-02-15T01:00:38Z,2026-02-15T01:00:38Z,NA,v3,4807,471300,82de864d38834b289bdde1d759a4a8fd,"Mabeus, Burke",1000222806,Right,ORE_DUC,346d62d1-6711-4c11-9e86-6f4b4c2ba466,54.95684,-133.62505,14.22537,6.14955,-7.4563,-4.1524,-0.69703,2.24583,-2.71532,NA,1.16676,-50.55151,-0.76498,1.16989,0.74247,-3.06501,4.6327,-3.64268,1.18661,2.43464,63.10997,-23.55271,2.35527,-0.64382,0.72168,-0.98343,0.76597,-0.24916,-0.38799,66.29355,-15.09013,3.44767,0.46831,-3.09011,4.67991,-3.67607,1.19673,NA,NA,NA,NA,NA,NA,NA,NA,NA,NA,NA,NA,NA,NA,NA,NA,NA,NA,NA,NA,NA,NA,High,High,High,High,Undefined,NA,NA,NA,NA,NA,NA,NA,NA,NA,NA,NA,NA,NA,NA,NA,NA,NA,NA,NA,NA,NA,NA,NA,NA,NA,NA,NA,NA,NA,NA,NA,NA,NA,NA,NA,NA,NA,NA,NA,NA,NA,NA,NA,NA,NA,NA,NA,NA,NA,NA,NA,NA,NA,NA,NA
NA,NA,NA,NA,NA,NA,NA,NA,NA,NA,NA,NA,NA,NA,NA,NA,267,2026-02-14,17:00:59,1,5,"Howard, Gabe",827397,Right,ORE_DUC,"Westley, Matthew",824016,Right,GEO_PAT,Undefined,7,Top,0,2,2,Fastball,Four-Seam,BallCalled,Undefined,Undefined,Undefined,0,0,NA,91.31464,-4.984722,0.4467,1993.787056,205.902741,12:45:00,6.18978,0.43673,5.66679,-11.57442,22.78848,10.46249,0.56557,1.72512,82.74862,-7.225582,2.316122,0.421907,NA,NA,NA,NA,NA,NA,NA,NA,NA,NA,NA,-5.20862,13.52548,-0.48136,50,5.76088,-1.48851,-132.00993,-11.80842,-9.08467,31.14528,-8.58356,ORE_DUC,GEO_PAT,PKPark,D1,BIG10,20260214-PKPark-2,d1de3460-0a09-11f1-802c-cb007da271b4,89.33836,NA,NA,8.56602,NA,NA,NA,NA,NA,NA,5ce813cb-c9e8-448f-bad2-0498063e9329,2026-02-15,01:00:59,2026-02-15T01:00:59Z,2026-02-15T01:00:59Z,NA,v3,4807,471300,82de864d38834b289bdde1d759a4a8fd,"Mabeus, Burke",1000222806,Right,ORE_DUC,8014e90e-3823-4d4e-89ac-86eccc89c4fc,54.83108,-133.14486,15.57264,6.18548,-11.49564,-4.29178,-0.43316,-1.15746,-4.54233,NA,NA,NA,NA,NA,NA,NA,NA,NA,NA,NA,NA,NA,NA,NA,NA,NA,NA,NA,NA,NA,NA,NA,NA,NA,NA,NA,NA,NA,NA,NA,NA,NA,NA,NA,NA,NA,NA,NA,NA,NA,NA,NA,NA,NA,NA,NA,NA,NA,NA,High,High,High,NA,NA,NA,NA,NA,NA,NA,NA,NA,NA,NA,NA,NA,NA,NA,NA,NA,NA,NA,NA,NA,NA,NA,NA,NA,NA,NA,NA,NA,NA,NA,NA,NA,NA,NA,NA,NA,NA,NA,NA,NA,NA,NA,NA,NA,NA,NA,NA,NA,NA,NA,NA,NA,NA,NA,NA,NA
NA,NA,NA,NA,NA,NA,NA,NA,NA,NA,NA,NA,NA,NA,NA,NA,268,2026-02-14,17:01:22,1,6,"Howard, Gabe",827397,Right,ORE_DUC,"Westley, Matthew",824016,Right,GEO_PAT,Undefined,7,Top,0,3,2,Fastball,Four-Seam,FoulBallNotFieldable,Undefined,Undefined,Undefined,0,0,NA,91.07936,-1.789494,-1.007273,2005.433103,199.20854,12:45:00,6.1167,0.69475,5.54785,-10.92741,23.78108,7.83323,3.53304,0.40615,81.73786,-3.956586,0.389214,0.424023,76.58671,14.500503,172.439731,1713.758324,-109.70612,9.3236,8.03531,144.22512,50.97702,176.91006,1.561802,-4.1613,12.778,-0.61219,50,5.95413,1.93148,-131.83997,-4.32762,-7.21191,32.04108,-10.02867,ORE_DUC,GEO_PAT,PKPark,D1,BIG10,20260214-PKPark-2,df4c9ec0-0a09-11f1-802c-cb007da271b4,88.8925,12.954040000000001,NA,9.3415,NA,NA,NA,1.1656,3.44185,-0.38891,5ce813cb-c9e8-448f-bad2-0498063e9329,2026-02-15,01:01:22,2026-02-15T01:01:22Z,2026-02-15T01:01:22Z,LineDrive,v3,4807,471300,82de864d38834b289bdde1d759a4a8fd,"Mabeus, Burke",1000222806,Right,ORE_DUC,e265120e-1628-4126-bec5-047ef5e5f40e,54.94103,-133.03537,16.02054,6.10861,-3.95346,-5.01433,-0.68927,2.20054,-3.60595,296.36817,1.1656,-107.80351,11.2424,-1.5307,0.34931,-0.06706,0.01239,-0.00203,1.8e-4,3.44185,28.12538,-22.1156,2.20505,-0.42094,0.09404,-0.01668,0.00254,-2.3e-4,-0.38891,14.30798,-7.0701599999999996,1.10247,-0.24678,0.04608,-0.00866,0.00147,-1.3e-4,NA,NA,NA,NA,NA,NA,NA,NA,NA,NA,NA,NA,NA,NA,NA,NA,NA,NA,NA,NA,NA,NA,High,High,High,High,Low,NA,NA,NA,NA,NA,NA,NA,NA,NA,NA,NA,NA,NA,NA,NA,NA,NA,NA,NA,NA,NA,NA,NA,NA,NA,NA,NA,NA,NA,NA,NA,NA,NA,NA,NA,NA,NA,NA,NA,NA,NA,NA,NA,NA,NA,NA,NA,NA,NA,NA,NA,NA,NA,NA,NA
NA,NA,NA,NA,NA,NA,NA,NA,NA,NA,NA,NA,NA,NA,NA,NA,269,2026-02-14,17:01:43,1,7,"Howard, Gabe",827397,Right,ORE_DUC,"Westley, Matthew",824016,Right,GEO_PAT,Undefined,7,Top,0,3,2,Fastball,Four-Seam,BallCalled,Walk,Undefined,Undefined,0,0,NA,90.19657,-0.117092,-0.583213,1958.830293,207.960804,01:00:00,6.12013,0.59716,5.37579,-12.8689,22.17737,11.1767,4.93794,0.98178,82.10574,-2.59882,1.403151,0.426081,NA,NA,NA,NA,NA,NA,NA,NA,NA,NA,NA,-5.73701,11.46741,-0.55293,50,6.1009,0.81377,-130.90284,-0.62044,-9.94207,27.95658,-12.30136,ORE_DUC,GEO_PAT,PKPark,D1,BIG10,20260214-PKPark-2,ebfcc230-0a09-11f1-802c-cb007da271b4,88.46302,NA,NA,8.09083,NA,NA,NA,NA,NA,NA,5ce813cb-c9e8-448f-bad2-0498063e9329,2026-02-15,01:01:43,2026-02-15T01:01:43Z,2026-02-15T01:01:43Z,NA,v3,4807,471300,82de864d38834b289bdde1d759a4a8fd,"Mabeus, Burke",1000222806,Right,ORE_DUC,71a97453-d4d2-4b14-aa74-fd4e58acc55d,55.12048,-131.99187,13.97829,6.11574,-0.14125,-6.15068,-0.59218,1.20106,-4.97104,NA,NA,NA,NA,NA,NA,NA,NA,NA,NA,NA,NA,NA,NA,NA,NA,NA,NA,NA,NA,NA,NA,NA,NA,NA,NA,NA,NA,NA,NA,NA,NA,NA,NA,NA,NA,NA,NA,NA,NA,NA,NA,NA,NA,NA,NA,NA,NA,NA,NA,High,High,High,NA,NA,NA,NA,NA,NA,NA,NA,NA,NA,NA,NA,NA,NA,NA,NA,NA,NA,NA,NA,NA,NA,NA,NA,NA,NA,NA,NA,NA,NA,NA,NA,NA,NA,NA,NA,NA,NA,NA,NA,NA,NA,NA,NA,NA,NA,NA,NA,NA,NA,NA,NA,NA,NA,NA,NA,NA
NA,NA,NA,NA,NA,NA,NA,NA,NA,NA,NA,NA,NA,NA,NA,NA,270,2026-02-14,17:02:16,2,1,"Howard, Gabe",827397,Right,ORE_DUC,"Tignor, Laken",1000091229,Right,GEO_PAT,Undefined,7,Top,0,0,0,Fastball,Four-Seam,FoulBallNotFieldable,Undefined,Undefined,Undefined,0,0,NA,90.04208,-2.281812,-0.590611,1874.586566,211.080989,01:00:00,5.97932,0.73896,5.78753,-14.02674,20.64804,11.76343,2.68642,1.16978,82.14816,-4.973929,1.516672,0.423817,80.69295,71.392122,160.639639,4303.493554,NA,NA,NA,NA,21.30637,NA,NA,-6.20087,11.54709,-0.69762,50,5.7831,0.84596,-130.696,-5.59747,-10.69726,28.22251,-12.25395,ORE_DUC,GEO_PAT,PKPark,D1,BIG10,20260214-PKPark-2,ffaac0c0-0a09-11f1-802c-cb007da271b4,88.93569,57.66825,NA,7.89392,NA,NA,NA,2.07254,2.75774,-1.15458,5ce813cb-c9e8-448f-bad2-0498063e9329,2026-02-15,01:02:16,2026-02-15T01:02:16Z,2026-02-15T01:02:16Z,NA,v3,4807,471300,82de864d38834b289bdde1d759a4a8fd,"Mabeus, Burke",1000222806,Right,ORE_DUC,6a94f1af-436b-42f9-86b2-2ee8b5df8099,54.71113,-131.7094,14.11126,5.97619,-5.15747,-6.12698,-0.73489,1.23007,-5.34863,356.167203,2.07254,-35.62861,-6.24082,3.76924,-1.22606,0.34666,-0.09327,0.02363,-0.00408,2.75774,112.1627,-34.74746,5.21469,-1.01946,0.17441,-0.02835,0.00329,0,-1.15458,12.51911,-0.59187,0.71271,-0.22199,0.05538,-0.01222,0.00221,-1.5e-4,NA,NA,NA,NA,NA,NA,NA,NA,NA,NA,NA,NA,NA,NA,NA,NA,NA,NA,NA,NA,NA,NA,High,High,High,High,Undefined,NA,NA,NA,NA,NA,NA,NA,NA,NA,NA,NA,NA,NA,NA,NA,NA,NA,NA,NA,NA,NA,NA,NA,NA,NA,NA,NA,NA,NA,NA,NA,NA,NA,NA,NA,NA,NA,NA,NA,NA,NA,NA,NA,NA,NA,NA,NA,NA,NA,NA,NA,NA,NA,NA,NA
NA,NA,NA,NA,NA,NA,NA,NA,NA,NA,NA,NA,NA,NA,NA,NA,271,2026-02-14,17:02:43,2,2,"Howard, Gabe",827397,Right,ORE_DUC,"Tignor, Laken",1000091229,Right,GEO_PAT,Undefined,7,Top,0,0,1,Slider,Slider,BallCalled,Undefined,Undefined,Undefined,0,0,NA,82.84532,-1.907636,-1.665157,2372.871911,80.546871,08:45:00,5.88035,1.33676,5.6512,-41.49396,1.11736,-4.05823,0.64191,-0.55492,73.82835,-9.555178,-2.391815,0.469822,NA,NA,NA,NA,NA,NA,NA,NA,NA,NA,NA,1.41331,1.79287,-1.19297,50,5.69268,3.64848,-119.78025,-5.40143,1.97523,31.31621,-29.66834,ORE_DUC,GEO_PAT,PKPark,D1,BIG10,20260214-PKPark-2,0fbe5a80-0a0a-11f1-802c-cb007da271b4,80.22698,NA,NA,9.01697,NA,NA,NA,NA,NA,NA,5ce813cb-c9e8-448f-bad2-0498063e9329,2026-02-15,01:02:43,2026-02-15T01:02:43Z,2026-02-15T01:02:43Z,NA,v3,4807,471300,82de864d38834b289bdde1d759a4a8fd,"Mabeus, Burke",1000222806,Right,ORE_DUC,dca5fe46-2c25-4be0-999d-2e4ba6a896a9,54.84319,-121.03986,15.65811,5.88594,-4.2081,-14.83417,-1.33812,3.56903,0.98761,NA,NA,NA,NA,NA,NA,NA,NA,NA,NA,NA,NA,NA,NA,NA,NA,NA,NA,NA,NA,NA,NA,NA,NA,NA,NA,NA,NA,NA,NA,NA,NA,NA,NA,NA,NA,NA,NA,NA,NA,NA,NA,NA,NA,NA,NA,NA,NA,NA,NA,High,High,High,NA,NA,NA,NA,NA,NA,NA,NA,NA,NA,NA,NA,NA,NA,NA,NA,NA,NA,NA,NA,NA,NA,NA,NA,NA,NA,NA,NA,NA,NA,NA,NA,NA,NA,NA,NA,NA,NA,NA,NA,NA,NA,NA,NA,NA,NA,NA,NA,NA,NA,NA,NA,NA,NA,NA,NA,NA
NA,NA,NA,NA,NA,NA,NA,NA,NA,NA,NA,NA,NA,NA,NA,NA,272,2026-02-14,17:03:06,2,3,"Howard, Gabe",827397,Right,ORE_DUC,"Tignor, Laken",1000091229,Right,GEO_PAT,Undefined,7,Top,0,1,1,Curveball,Slider,BallCalled,Undefined,Undefined,Undefined,0,0,NA,80.16988,1.863653,-1.341996,2062.393538,35.225684,07:15:00,5.93658,1.04265,5.48622,-47.37192,-3.14638,-3.20421,3.73357,-0.48011,73.36154,-6.792549,-1.912739,0.478639,NA,NA,NA,NA,NA,NA,NA,NA,NA,NA,NA,1.22587,-1.64587,-0.92285,50,6.06801,2.85528,-116.33434,2.13719,1.67674,22.21704,-34.42522,ORE_DUC,GEO_PAT,PKPark,D1,BIG10,20260214-PKPark-2,1de08480-0a0a-11f1-802c-cb007da271b4,78.74923,NA,NA,6.80833,NA,NA,NA,NA,NA,NA,5ce813cb-c9e8-448f-bad2-0498063e9329,2026-02-15,01:03:06,2026-02-15T01:03:06Z,2026-02-15T01:03:06Z,NA,v3,4807,471300,82de864d38834b289bdde1d759a4a8fd,"Mabeus, Burke",1000222806,Right,ORE_DUC,9092b582-a0c0-4a9b-b1af-053c25f878ac,55.01238,-117.28768,11.10852,5.94461,3.61438,-17.21261,-1.04383,2.78333,0.83837,NA,NA,NA,NA,NA,NA,NA,NA,NA,NA,NA,NA,NA,NA,NA,NA,NA,NA,NA,NA,NA,NA,NA,NA,NA,NA,NA,NA,NA,NA,NA,NA,NA,NA,NA,NA,NA,NA,NA,NA,NA,NA,NA,NA,NA,NA,NA,NA,NA,NA,High,High,High,NA,NA,NA,NA,NA,NA,NA,NA,NA,NA,NA,NA,NA,NA,NA,NA,NA,NA,NA,NA,NA,NA,NA,NA,NA,NA,NA,NA,NA,NA,NA,NA,NA,NA,NA,NA,NA,NA,NA,NA,NA,NA,NA,NA,NA,NA,NA,NA,NA,NA,NA,NA,NA,NA,NA,NA,NA
NA,NA,NA,NA,NA,NA,NA,NA,NA,NA,NA,NA,NA,NA,NA,NA,273,2026-02-14,17:03:28,2,4,"Howard, Gabe",827397,Right,ORE_DUC,"Tignor, Laken",1000091229,Right,GEO_PAT,Undefined,7,Top,0,2,1,Fastball,Four-Seam,StrikeCalled,Undefined,Undefined,Undefined,0,0,NA,90.14284,-3.390661,-1.157687,1963.835041,195.332573,12:30:00,6.03481,0.91784,5.76527,-12.35579,22.456,5.83051,1.84519,0.32612,81.98987,-5.785826,-0.113962,0.424653,NA,NA,NA,NA,NA,NA,NA,NA,NA,NA,NA,-3.29965,12.77064,-0.82556,50,5.7465,2.38378,-130.61694,-8.04755,-5.67125,28.82534,-10.22448,ORE_DUC,GEO_PAT,PKPark,D1,BIG10,20260214-PKPark-2,2a91e070-0a0a-11f1-802c-cb007da271b4,88.76048,NA,NA,8.15298,NA,NA,NA,NA,NA,NA,5ce813cb-c9e8-448f-bad2-0498063e9329,2026-02-15,01:03:28,2026-02-15T01:03:28Z,2026-02-15T01:03:28Z,NA,v3,4807,471300,82de864d38834b289bdde1d759a4a8fd,"Mabeus, Burke",1000222806,Right,ORE_DUC,b4b03bc2-5bc8-4dcc-8b38-79cd13c4dd85,54.73121,-131.65692,14.41267,6.03019,-7.67867,-5.11224,-0.91526,2.58839,-2.83563,NA,NA,NA,NA,NA,NA,NA,NA,NA,NA,NA,NA,NA,NA,NA,NA,NA,NA,NA,NA,NA,NA,NA,NA,NA,NA,NA,NA,NA,NA,NA,NA,NA,NA,NA,NA,NA,NA,NA,NA,NA,NA,NA,NA,NA,NA,NA,NA,NA,NA,High,High,High,NA,NA,NA,NA,NA,NA,NA,NA,NA,NA,NA,NA,NA,NA,NA,NA,NA,NA,NA,NA,NA,NA,NA,NA,NA,NA,NA,NA,NA,NA,NA,NA,NA,NA,NA,NA,NA,NA,NA,NA,NA,NA,NA,NA,NA,NA,NA,NA,NA,NA,NA,NA,NA,NA,NA,NA,NA
NA,NA,NA,NA,NA,NA,NA,NA,NA,NA,NA,NA,NA,NA,NA,NA,274,2026-02-14,17:03:51,2,5,"Howard, Gabe",827397,Right,ORE_DUC,"Tignor, Laken",1000091229,Right,GEO_PAT,Undefined,7,Top,0,2,2,Fastball,Four-Seam,InPlay,Undefined,LineDrive,Double,0,0,NA,89.19744,-2.86997,-0.526063,1909.725775,202.938448,12:45:00,6.06768,0.7687,5.72294,-13.93194,21.57127,8.62756,2.23118,0.99766,81.29425,-5.545257,1.017642,0.42885,97.6588,25.899589,-11.845599,1972.473888,106.98758,47.72487,-25.56599,369.12445,369.12445,-13.887364,4.408742,-4.55614,12.17402,-0.73026,50,5.81956,0.81837,-129.36683,-6.86535,-7.69206,27.93864,-11.62091,ORE_DUC,GEO_PAT,PKPark,D1,BIG10,20260214-PKPark-2,382ed4e0-0a0a-11f1-802c-cb007da271b4,87.89197,64.0508,NA,7.90319,NA,NA,NA,1.45759,2.21247,-0.98876,5ce813cb-c9e8-448f-bad2-0498063e9329,2026-02-15,01:03:51,2026-02-15T01:03:51Z,2026-02-15T01:03:51Z,FlyBall,v3,4807,471300,82de864d38834b289bdde1d759a4a8fd,"Mabeus, Burke",1000222806,Right,ORE_DUC,0d129b0e-032d-44c7-ab25-e484f2bd5a85,54.77494,-130.39397,13.96932,6.0641,-6.43812,-5.81046,-0.76555,1.10116,-3.84603,160.008268,1.45944,126.05742,-23.46181,5.79441,-1.00531,0.081,0.00583,-0.00132,4e-5,2.21297,62.54612,-16.69911,-0.06709,0.59473,-0.30199,0.08921,-0.01362,8.2e-4,-0.98848,-26.45653,0.98928,0.59936,-0.24293,0.04918,-0.00588,4.3e-4,-2e-5,NA,NA,NA,NA,NA,NA,NA,NA,NA,NA,NA,NA,NA,NA,NA,NA,NA,NA,NA,NA,NA,NA,High,High,High,High,High,NA,NA,NA,NA,NA,NA,NA,NA,NA,NA,NA,NA,NA,NA,NA,NA,NA,NA,NA,NA,NA,NA,NA,NA,NA,NA,NA,NA,NA,NA,NA,NA,NA,NA,NA,NA,NA,NA,NA,NA,NA,NA,NA,NA,NA,NA,NA,NA,NA,NA,NA,NA,NA,NA,NA
NA,NA,NA,NA,NA,NA,NA,NA,NA,NA,NA,NA,NA,NA,NA,NA,275,2026-02-14,17:04:37,3,1,"Howard, Gabe",827397,Right,ORE_DUC,"Cowdrey, Vincent",1000469295,Right,GEO_PAT,Undefined,7,Top,0,0,0,Curveball,Curveball,BallCalled,Undefined,Undefined,Undefined,0,0,NA,80.35676,-0.364591,-1.735853,2150.529756,21.378535,06:45:00,6.04392,0.84236,5.3349,-49.91959,-5.36591,-2.68327,1.54174,-1.01032,73.51595,-9.419911,-2.213487,0.480411,NA,NA,NA,NA,NA,NA,NA,NA,NA,NA,NA,0.81996,-2.18244,-0.68362,50,5.97493,3.64054,-116.55775,-2.51068,1.11688,23.9282,-35.14677,ORE_DUC,GEO_PAT,PKPark,D1,BIG10,20260214-PKPark-2,53f40dd0-0a0a-11f1-802c-cb007da271b4,78.45869,NA,NA,6.84081,NA,NA,NA,NA,NA,NA,5ce813cb-c9e8-448f-bad2-0498063e9329,2026-02-15,01:04:37,2026-02-15T01:04:37Z,2026-02-15T01:04:37Z,NA,v3,4807,471300,82de864d38834b289bdde1d759a4a8fd,"Mabeus, Burke",1000222806,Right,ORE_DUC,02da50b4-eaef-4219-afc4-b25f79b749f6,55.16465,-117.61322,11.9641,6.05148,-0.96035,-17.57339,-0.84311,3.59128,0.55844,NA,NA,NA,NA,NA,NA,NA,NA,NA,NA,NA,NA,NA,NA,NA,NA,NA,NA,NA,NA,NA,NA,NA,NA,NA,NA,NA,NA,NA,NA,NA,NA,NA,NA,NA,NA,NA,NA,NA,NA,NA,NA,NA,NA,NA,NA,NA,NA,NA,NA,High,High,High,NA,NA,NA,NA,NA,NA,NA,NA,NA,NA,NA,NA,NA,NA,NA,NA,NA,NA,NA,NA,NA,NA,NA,NA,NA,NA,NA,NA,NA,NA,NA,NA,NA,NA,NA,NA,NA,NA,NA,NA,NA,NA,NA,NA,NA,NA,NA,NA,NA,NA,NA,NA,NA,NA,NA,NA,NA
NA,NA,NA,NA,NA,NA,NA,NA,NA,NA,NA,NA,NA,NA,NA,NA,276,2026-02-14,17:04:59,3,2,"Howard, Gabe",827397,Right,ORE_DUC,"Cowdrey, Vincent",1000469295,Right,GEO_PAT,Undefined,7,Top,0,1,0,Fastball,Four-Seam,BallCalled,Undefined,Undefined,Undefined,0,0,NA,91.17293,-3.019268,0.365377,2032.679642,203.251513,12:45:00,6.10782,0.63819,5.54611,-9.94331,24.40419,9.97544,2.45501,1.81092,82.72896,-4.979042,2.14348,0.421812,NA,NA,NA,NA,NA,NA,NA,NA,NA,NA,NA,-4.92492,13.57674,-0.67658,50,5.84005,-1.29553,-132.12103,-7.18913,-8.64145,30.07735,-8.35187,ORE_DUC,GEO_PAT,PKPark,D1,BIG10,20260214-PKPark-2,60c6d470-0a0a-11f1-802c-cb007da271b4,89.35838,NA,NA,8.44397,NA,NA,NA,NA,NA,NA,5ce813cb-c9e8-448f-bad2-0498063e9329,2026-02-15,01:04:59,2026-02-15T01:04:59Z,2026-02-15T01:04:59Z,NA,v3,4807,471300,82de864d38834b289bdde1d759a4a8fd,"Mabeus, Burke",1000222806,Right,ORE_DUC,22957a7c-697d-466e-8189-9163b481ffa3,54.95074,-133.2433,15.03868,6.10249,-6.8775,-4.17594,-0.63426,-0.9731,-4.32072,NA,NA,NA,NA,NA,NA,NA,NA,NA,NA,NA,NA,NA,NA,NA,NA,NA,NA,NA,NA,NA,NA,NA,NA,NA,NA,NA,NA,NA,NA,NA,NA,NA,NA,NA,NA,NA,NA,NA,NA,NA,NA,NA,NA,NA,NA,NA,NA,NA,NA,High,High,High,NA,NA,NA,NA,NA,NA,NA,NA,NA,NA,NA,NA,NA,NA,NA,NA,NA,NA,NA,NA,NA,NA,NA,NA,NA,NA,NA,NA,NA,NA,NA,NA,NA,NA,NA,NA,NA,NA,NA,NA,NA,NA,NA,NA,NA,NA,NA,NA,NA,NA,NA,NA,NA,NA,NA,NA,NA
NA,NA,NA,NA,NA,NA,NA,NA,NA,NA,NA,NA,NA,NA,NA,NA,277,2026-02-14,17:05:24,3,3,"Howard, Gabe",827397,Right,ORE_DUC,"Cowdrey, Vincent",1000469295,Right,GEO_PAT,Undefined,7,Top,0,2,0,Fastball,Four-Seam,BallCalled,Undefined,Undefined,Undefined,0,0,NA,89.94321,-2.95554,-0.245837,1945.920092,205.394356,12:45:00,6.19966,0.63236,5.71347,-13.92422,21.22792,9.48847,2.28349,1.19405,81.48895,-5.638181,1.451653,0.426724,NA,NA,NA,NA,NA,NA,NA,NA,NA,NA,NA,-4.89418,12.05997,-0.61775,50,5.94387,0.14214,-130.34376,-7.1041,-8.33498,29.97306,-11.63552,ORE_DUC,GEO_PAT,PKPark,D1,BIG10,20260214-PKPark-2,6fc4df80-0a0a-11f1-802c-cb007da271b4,88.32975,NA,NA,8.45426,NA,NA,NA,NA,NA,NA,5ce813cb-c9e8-448f-bad2-0498063e9329,2026-02-15,01:05:24,2026-02-15T01:05:24Z,2026-02-15T01:05:24Z,NA,v3,4807,471300,82de864d38834b289bdde1d759a4a8fd,"Mabeus, Burke",1000222806,Right,ORE_DUC,e62c7540-66b6-46d3-867c-d8895e92c6ed,54.78293,-131.43901,14.98653,6.19569,-6.67893,-5.81776,-0.62851,0.44671,-4.16749,NA,NA,NA,NA,NA,NA,NA,NA,NA,NA,NA,NA,NA,NA,NA,NA,NA,NA,NA,NA,NA,NA,NA,NA,NA,NA,NA,NA,NA,NA,NA,NA,NA,NA,NA,NA,NA,NA,NA,NA,NA,NA,NA,NA,NA,NA,NA,NA,NA,NA,High,High,High,NA,NA,NA,NA,NA,NA,NA,NA,NA,NA,NA,NA,NA,NA,NA,NA,NA,NA,NA,NA,NA,NA,NA,NA,NA,NA,NA,NA,NA,NA,NA,NA,NA,NA,NA,NA,NA,NA,NA,NA,NA,NA,NA,NA,NA,NA,NA,NA,NA,NA,NA,NA,NA,NA,NA,NA,NA
NA,NA,NA,NA,NA,NA,NA,NA,NA,NA,NA,NA,NA,NA,NA,NA,278,2026-02-14,17:06:19,3,4,"Howard, Gabe",827397,Right,ORE_DUC,"Cowdrey, Vincent",1000469295,Right,GEO_PAT,Undefined,7,Top,0,3,0,Fastball,Four-Seam,StrikeCalled,Undefined,Undefined,Undefined,0,0,NA,89.88728,-2.89762,-0.181723,1939.56872,195.712218,12:30:00,6.10905,0.68602,5.72053,-11.63564,23.40151,6.24713,2.43806,1.03734,81.70233,-5.167556,0.935804,0.426026,NA,NA,NA,NA,NA,NA,NA,NA,NA,NA,NA,-3.22417,13.09737,-0.67473,50,5.85984,0.1392,-130.32282,-6.8735,-5.51396,28.81831,-9.77499,ORE_DUC,GEO_PAT,PKPark,D1,BIG10,20260214-PKPark-2,90accaf0-0a0a-11f1-802c-cb007da271b4,88.4746,NA,NA,8.18495,NA,NA,NA,NA,NA,NA,5ce813cb-c9e8-448f-bad2-0498063e9329,2026-02-15,01:06:19,2026-02-15T01:06:19Z,2026-02-15T01:06:19Z,NA,v3,4807,471300,82de864d38834b289bdde1d759a4a8fd,"Mabeus, Burke",1000222806,Right,ORE_DUC,e37d6bc9-22f2-45da-a36f-143ee73db5d0,54.7761,-131.37472,14.40915,6.10422,-6.51671,-4.88749,-0.68348,0.34046,-2.75698,NA,NA,NA,NA,NA,NA,NA,NA,NA,NA,NA,NA,NA,NA,NA,NA,NA,NA,NA,NA,NA,NA,NA,NA,NA,NA,NA,NA,NA,NA,NA,NA,NA,NA,NA,NA,NA,NA,NA,NA,NA,NA,NA,NA,NA,NA,NA,NA,NA,NA,High,High,High,NA,NA,NA,NA,NA,NA,NA,NA,NA,NA,NA,NA,NA,NA,NA,NA,NA,NA,NA,NA,NA,NA,NA,NA,NA,NA,NA,NA,NA,NA,NA,NA,NA,NA,NA,NA,NA,NA,NA,NA,NA,NA,NA,NA,NA,NA,NA,NA,NA,NA,NA,NA,NA,NA,NA,NA,NA
NA,NA,NA,NA,NA,NA,NA,NA,NA,NA,NA,NA,NA,NA,NA,NA,279,2026-02-14,17:06:41,3,5,"Howard, Gabe",827397,Right,ORE_DUC,"Cowdrey, Vincent",1000469295,Right,GEO_PAT,Undefined,7,Top,0,3,1,Fastball,Four-Seam,InPlay,Undefined,FlyBall,Out,1,1,NA,90.06358,-2.894562,-0.924595,1978.968807,201.167517,12:45:00,6.09341,0.75546,5.77332,-13.17194,21.51513,7.8915,2.29958,0.55263,82.23148,-5.42953,0.488566,0.423892,92.95704,50.027327,-19.547677,3685.854141,103.41223,122.78495,-37.49527,275.76709,144.2475,-20.543007,6.231956,-4.31366,12.16363,-0.68404,50,5.8464,1.77359,-130.65986,-6.96482,-7.44403,27.98009,-11.18344,ORE_DUC,GEO_PAT,PKPark,D1,BIG10,20260214-PKPark-2,9dc88170-0a0a-11f1-802c-cb007da271b4,88.91991,146.79807,NA,7.8321,NA,NA,NA,2.38294,2.4221,-0.54771,5ce813cb-c9e8-448f-bad2-0498063e9329,2026-02-15,01:06:41,2026-02-15T01:06:41Z,2026-02-15T01:06:41Z,FlyBall,v3,4807,471300,82de864d38834b289bdde1d759a4a8fd,"Mabeus, Burke",1000222806,Right,ORE_DUC,0c59babe-2a32-46f3-939a-0614ca7916ed,54.72546,-131.6679,13.99004,6.09007,-6.56191,-5.59172,-0.75276,2.04177,-3.72201,178.240966,2.3936,82.34334,-20.03513,4.5094900000000004,-0.51181,-0.01068,0.01087,-0.00115,4e-5,2.42124,104.48883,-22.85238,1.94184,-0.1348,-0.07404,0.02739,-0.0037,1.8e-4,-0.55121,-29.24245,6.53955,-1.44078,0.15976,0.00378,-0.00332,3.3e-4,-1e-5,NA,NA,NA,NA,NA,NA,NA,NA,NA,NA,NA,NA,NA,NA,NA,NA,NA,NA,NA,NA,NA,NA,High,High,High,High,Low,NA,NA,NA,NA,NA,NA,NA,NA,NA,NA,NA,NA,NA,NA,NA,NA,NA,NA,NA,NA,NA,NA,NA,NA,NA,NA,NA,NA,NA,NA,NA,NA,NA,NA,NA,NA,NA,NA,NA,NA,NA,NA,NA,NA,NA,NA,NA,NA,NA,NA,NA,NA,NA,NA,NA
NA,NA,NA,NA,NA,NA,NA,NA,NA,NA,NA,NA,NA,NA,NA,NA,280,2026-02-14,17:07:31,4,1,"Howard, Gabe",827397,Right,ORE_DUC,"Morse, Jackson",1000469270,Right,GEO_PAT,Undefined,7,Top,1,0,0,Slider,Slider,StrikeCalled,Undefined,Undefined,Undefined,0,0,NA,80.91666,0.764509,-1.654225,2175.977261,57.962165,08:00:00,5.79637,1.29908,5.7281,-45.68731,-2.04126,-5.77217,2.70145,-0.72299,73.15916,-7.648169,-2.687517,0.475493,NA,NA,NA,NA,NA,NA,NA,NA,NA,NA,NA,2.36776,-0.76949,-1.1576,50,5.8326,3.62036,-117.29881,0.02218,3.24004,25.87782,-33.227,ORE_DUC,GEO_PAT,PKPark,D1,BIG10,20260214-PKPark-2,bbb10f90-0a0a-11f1-802c-cb007da271b4,79.27026,NA,NA,7.75749,NA,NA,NA,NA,NA,NA,5ce813cb-c9e8-448f-bad2-0498063e9329,2026-02-15,01:07:31,2026-02-15T01:07:31Z,2026-02-15T01:07:31Z,NA,v3,4807,471300,82de864d38834b289bdde1d759a4a8fd,"Mabeus, Burke",1000222806,Right,ORE_DUC,244208c2-5480-4395-a1c8-654f66ff088a,54.76799,-118.34602,12.93891,5.8045,1.36679,-16.6135,-1.30146,3.48924,1.62002,NA,NA,NA,NA,NA,NA,NA,NA,NA,NA,NA,NA,NA,NA,NA,NA,NA,NA,NA,NA,NA,NA,NA,NA,NA,NA,NA,NA,NA,NA,NA,NA,NA,NA,NA,NA,NA,NA,NA,NA,NA,NA,NA,NA,NA,NA,NA,NA,NA,NA,High,High,High,NA,NA,NA,NA,NA,NA,NA,NA,NA,NA,NA,NA,NA,NA,NA,NA,NA,NA,NA,NA,NA,NA,NA,NA,NA,NA,NA,NA,NA,NA,NA,NA,NA,NA,NA,NA,NA,NA,NA,NA,NA,NA,NA,NA,NA,NA,NA,NA,NA,NA,NA,NA,NA,NA,NA,NA,NA
NA,NA,NA,NA,NA,NA,NA,NA,NA,NA,NA,NA,NA,NA,NA,NA,281,2026-02-14,17:07:56,4,2,"Howard, Gabe",827397,Right,ORE_DUC,"Morse, Jackson",1000469270,Right,GEO_PAT,Undefined,7,Top,1,0,1,Fastball,Four-Seam,BallCalled,Undefined,Undefined,Undefined,0,0,NA,89.57035,-0.680321,-0.283602,1984.204023,203.785492,12:45:00,6.11335,0.68919,5.55836,-13.28308,22.13828,9.23784,4.37077,1.19404,81.30749,-3.250582,1.363863,0.428355,NA,NA,NA,NA,NA,NA,NA,NA,NA,NA,NA,-4.71784,11.70091,-0.67077,50,6.04607,0.22502,-129.97019,-1.89266,-8.0288,28.53676,-12.26146,ORE_DUC,GEO_PAT,PKPark,D1,BIG10,20260214-PKPark-2,caa6b630-0a0a-11f1-802c-cb007da271b4,87.99343,NA,NA,8.26286,NA,NA,NA,NA,NA,NA,5ce813cb-c9e8-448f-bad2-0498063e9329,2026-02-15,01:07:56,2026-02-15T01:07:56Z,2026-02-15T01:07:56Z,NA,v3,4807,471300,82de864d38834b289bdde1d759a4a8fd,"Mabeus, Burke",1000222806,Right,ORE_DUC,9e643f20-3b9a-4d94-9c3f-12e09a24cba2,54.93724,-131.04974,14.26838,6.10889,-1.42881,-6.13073,-0.68503,0.52875,-4.0144,NA,NA,NA,NA,NA,NA,NA,NA,NA,NA,NA,NA,NA,NA,NA,NA,NA,NA,NA,NA,NA,NA,NA,NA,NA,NA,NA,NA,NA,NA,NA,NA,NA,NA,NA,NA,NA,NA,NA,NA,NA,NA,NA,NA,NA,NA,NA,NA,NA,NA,High,High,High,NA,NA,NA,NA,NA,NA,NA,NA,NA,NA,NA,NA,NA,NA,NA,NA,NA,NA,NA,NA,NA,NA,NA,NA,NA,NA,NA,NA,NA,NA,NA,NA,NA,NA,NA,NA,NA,NA,NA,NA,NA,NA,NA,NA,NA,NA,NA,NA,NA,NA,NA,NA,NA,NA,NA,NA,NA
NA,NA,NA,NA,NA,NA,NA,NA,NA,NA,NA,NA,NA,NA,NA,NA,282,2026-02-14,17:08:18,4,3,"Howard, Gabe",827397,Right,ORE_DUC,"Morse, Jackson",1000469270,Right,GEO_PAT,Undefined,7,Top,1,1,1,Fastball,Four-Seam,FoulBallNotFieldable,Undefined,Undefined,Undefined,0,0,NA,88.21964,-1.930586,-1.267896,1992.361365,208.34104,01:00:00,6.18583,0.5861,5.66775,-18.11773,18.08473,9.13067,2.87485,0.16462,80.69452,-5.349555,0.364123,0.433052,68.68606,35.101261,142.632944,4053.858243,NA,NA,NA,NA,51.37366,NA,NA,-5.00437,10.07871,-0.48496,50,6.01148,2.44583,-128.04805,-4.87438,-8.31054,26.38715,-15.4368,ORE_DUC,GEO_PAT,PKPark,D1,BIG10,20260214-PKPark-2,d77955c0-0a0a-11f1-802c-cb007da271b4,87.03899,31.45244,NA,7.52512,NA,NA,NA,1.21627,2.73731,-0.23409,5ce813cb-c9e8-448f-bad2-0498063e9329,2026-02-15,01:08:18,2026-02-15T01:08:18Z,2026-02-15T01:08:18Z,NA,v3,4807,471300,82de864d38834b289bdde1d759a4a8fd,"Mabeus, Burke",1000222806,Right,ORE_DUC,9564e236-6dcf-4654-8e86-75089fd55020,54.83051,-129.03964,13.19357,6.18375,-4.29428,-7.7184,-0.58274,2.75813,-4.15527,302.000032,1.21627,-65.50333,1.73061,0.7648,-0.31156,-0.07837,0.48435,-0.67402,0.34876,2.73731,57.92749,-24.94027,2.71661,-0.51374,0.0336,0.12062,-0.16255,0.07921,-0.23409,50.02144,-13.05747,3.16559,-0.65155,-0.18898,0.83868,-1.11596,0.56413,NA,NA,NA,NA,NA,NA,NA,NA,NA,NA,NA,NA,NA,NA,NA,NA,NA,NA,NA,NA,NA,NA,High,High,High,High,Undefined,NA,NA,NA,NA,NA,NA,NA,NA,NA,NA,NA,NA,NA,NA,NA,NA,NA,NA,NA,NA,NA,NA,NA,NA,NA,NA,NA,NA,NA,NA,NA,NA,NA,NA,NA,NA,NA,NA,NA,NA,NA,NA,NA,NA,NA,NA,NA,NA,NA,NA,NA,NA,NA,NA,NA
NA,NA,NA,NA,NA,NA,NA,NA,NA,NA,NA,NA,NA,NA,NA,NA,283,2026-02-14,17:08:44,4,4,"Howard, Gabe",827397,Right,ORE_DUC,"Morse, Jackson",1000469270,Right,GEO_PAT,Undefined,7,Top,1,1,2,ChangeUp,Changeup,FoulBallNotFieldable,Undefined,Undefined,Undefined,0,0,NA,81.73034,-1.013516,-2.224828,1583.532273,263.255183,02:45:00,5.73065,1.32575,5.94999,-38.89616,3.26705,15.29375,1.5485,0.53575,74.405,-8.207004,0.526902,0.467346,91.55823,-23.840455,-54.976739,NA,NA,NA,NA,6.27243,6.27243,-36.719514,0.032027,-8.59804,2.38425,-1.15754,50,5.62814,4.02775,-118.59269,-3.33548,-12.09986,25.18688,-28.81872,ORE_DUC,GEO_PAT,PKPark,D1,BIG10,20260214-PKPark-2,e73cd3b0-0a0a-11f1-802c-cb007da271b4,80.65214,1.74084,NA,7.32534,NA,NA,NA,2.7669,1.74084,-0.52416,5ce813cb-c9e8-448f-bad2-0498063e9329,2026-02-15,01:08:44,2026-02-15T01:08:44Z,2026-02-15T01:08:44Z,GroundBall,v3,4807,471300,82de864d38834b289bdde1d759a4a8fd,"Mabeus, Burke",1000222806,Right,ORE_DUC,672b856c-f07f-4b72-9ca5-16c8ec2ff245,54.54923,-119.55495,12.59344,5.73454,-2.23446,-14.40936,-1.32025,4.49002,-6.04993,NA,2.76638,70.59282,NA,NA,NA,NA,NA,NA,NA,1.74124,-54.3548,NA,NA,NA,NA,NA,NA,NA,-0.52342,-100.72994,NA,NA,NA,NA,NA,NA,NA,NA,NA,NA,NA,NA,NA,NA,NA,NA,NA,NA,NA,NA,NA,NA,NA,NA,NA,NA,NA,NA,NA,High,High,High,Estimated,Estimated,NA,NA,NA,NA,NA,NA,NA,NA,NA,NA,NA,NA,NA,NA,NA,NA,NA,NA,NA,NA,NA,NA,NA,NA,NA,NA,NA,NA,NA,NA,NA,NA,NA,NA,NA,NA,NA,NA,NA,NA,NA,NA,NA,NA,NA,NA,NA,NA,NA,NA,NA,NA,NA,NA,NA
NA,NA,NA,NA,NA,NA,NA,NA,NA,NA,NA,NA,NA,NA,NA,NA,284,2026-02-14,17:09:16,4,5,"Howard, Gabe",827397,Right,ORE_DUC,"Morse, Jackson",1000469270,Right,GEO_PAT,Undefined,7,Top,1,1,2,Fastball,Four-Seam,StrikeCalled,Strikeout,Undefined,Undefined,0,0,NA,88.99048,-3.035704,-2.099031,2023.381783,199.953026,12:45:00,6.09425,0.55552,5.78061,-13.82957,21.97643,7.5226,2.11278,-0.77144,80.7085,-5.7079,-0.752858,0.430675,NA,NA,NA,NA,NA,NA,NA,NA,NA,NA,NA,-4.45941,12.47638,-0.38688,50,5.83533,4.39947,-128.90039,-7.19755,-7.44172,28.83212,-11.35392,ORE_DUC,GEO_PAT,PKPark,D1,BIG10,20260214-PKPark-2,fa37aee0-0a0a-11f1-802c-cb007da271b4,87.51953,NA,NA,8.28197,NA,NA,NA,NA,NA,NA,5ce813cb-c9e8-448f-bad2-0498063e9329,2026-02-15,01:09:16,2026-02-15T01:09:16Z,2026-02-15T01:09:16Z,NA,v3,4807,471300,82de864d38834b289bdde1d759a4a8fd,"Mabeus, Burke",1000222806,Right,ORE_DUC,940d6167-f5fb-45e6-aea1-9e67c378dbe0,54.71574,-129.95091,14.41606,6.09005,-6.78386,-5.67696,-0.55211,4.67061,-3.72086,NA,NA,NA,NA,NA,NA,NA,NA,NA,NA,NA,NA,NA,NA,NA,NA,NA,NA,NA,NA,NA,NA,NA,NA,NA,NA,NA,NA,NA,NA,NA,NA,NA,NA,NA,NA,NA,NA,NA,NA,NA,NA,NA,NA,NA,NA,NA,NA,NA,NA,High,High,High,NA,NA,NA,NA,NA,NA,NA,NA,NA,NA,NA,NA,NA,NA,NA,NA,NA,NA,NA,NA,NA,NA,NA,NA,NA,NA,NA,NA,NA,NA,NA,NA,NA,NA,NA,NA,NA,NA,NA,NA,NA,NA,NA,NA,NA,NA,NA,NA,NA,NA,NA,NA,NA,NA,NA,NA,NA
NA,NA,NA,NA,NA,NA,NA,NA,NA,NA,NA,NA,NA,NA,NA,NA,285,2026-02-14,17:12:44,5,1,"Johnson, Shane",832641,Left,ORE_DUC,"Clyne, Owen",1000230336,Left,GEO_PAT,Undefined,7,Top,2,0,0,Slider,Curveball,BallCalled,Undefined,Undefined,Undefined,0,0,NA,79.31776,0.975464,3.855281,2920.896106,288.94703,03:45:00,4.74102,-2.57205,4.93095,-48.17428,-2.01079,9.90264,1.65073,1.90286,73.07465,-7.693485,5.593838,0.489013,NA,NA,NA,NA,NA,NA,NA,NA,NA,NA,NA,-3.84725,-0.86339,2.18767,50,4.79595,-8.15177,-114.86896,0.19865,-5.14516,21.09296,-33.3287,ORE_DUC,GEO_PAT,PKPark,D1,BIG10,20260214-PKPark-2,764c5cb0-0a0b-11f1-802c-cb007da271b4,77.07855,NA,NA,6.24311,NA,NA,NA,NA,NA,NA,5ce813cb-c9e8-448f-bad2-0498063e9329,2026-02-15,01:12:44,2026-02-15T01:12:44Z,2026-02-15T01:12:44Z,NA,v3,4807,471300,82de864d38834b289bdde1d759a4a8fd,"Mabeus, Burke",1000222806,Right,ORE_DUC,cc001db4-b565-45f3-aded-753f783c9bff,55.56909,-115.88708,10.54648,4.74754,1.80737,-16.66435,2.57515,-7.90342,-2.57258,NA,NA,NA,NA,NA,NA,NA,NA,NA,NA,NA,NA,NA,NA,NA,NA,NA,NA,NA,NA,NA,NA,NA,NA,NA,NA,NA,NA,NA,NA,NA,NA,NA,NA,NA,NA,NA,NA,NA,NA,NA,NA,NA,NA,NA,NA,NA,NA,NA,NA,High,High,High,NA,NA,NA,NA,NA,NA,NA,NA,NA,NA,NA,NA,NA,NA,NA,NA,NA,NA,NA,NA,NA,NA,NA,NA,NA,NA,NA,NA,NA,NA,NA,NA,NA,NA,NA,NA,NA,NA,NA,NA,NA,NA,NA,NA,NA,NA,NA,NA,NA,NA,NA,NA,NA,NA,NA,NA,NA
NA,NA,NA,NA,NA,NA,NA,NA,NA,NA,NA,NA,NA,NA,NA,NA,286,2026-02-14,17:13:01,5,2,"Johnson, Shane",832641,Left,ORE_DUC,"Clyne, Owen",1000230336,Left,GEO_PAT,Undefined,7,Top,2,1,0,Slider,Curveball,BallCalled,Undefined,Undefined,Undefined,0,0,NA,75.65558,1.84226,3.291299,2946.758204,294.020489,03:45:00,4.60852,-2.90344,5.06462,-56.74389,-5.97268,16.98627,1.62042,1.61891,69.4565,-8.390022,6.282993,0.512838,NA,NA,NA,NA,NA,NA,NA,NA,NA,NA,NA,-7.46414,-3.03449,2.57644,50,4.73874,-6.97051,-109.57372,1.56514,-9.01734,20.50375,-35.83999,ORE_DUC,GEO_PAT,PKPark,D1,BIG10,20260214-PKPark-2,80480e80-0a0b-11f1-802c-cb007da271b4,73.49777,NA,NA,6.19909,NA,NA,NA,NA,NA,NA,5ce813cb-c9e8-448f-bad2-0498063e9329,2026-02-15,01:13:01,2026-02-15T01:13:01Z,2026-02-15T01:13:01Z,NA,v3,4807,471300,82de864d38834b289bdde1d759a4a8fd,"Mabeus, Burke",1000222806,Right,ORE_DUC,2cfe8f42-498c-458c-be40-c1dbad9a0160,55.436279999999996,-110.5863,10.25187,4.61775,3.33509,-17.91999,2.90969,-6.52519,-4.50867,NA,NA,NA,NA,NA,NA,NA,NA,NA,NA,NA,NA,NA,NA,NA,NA,NA,NA,NA,NA,NA,NA,NA,NA,NA,NA,NA,NA,NA,NA,NA,NA,NA,NA,NA,NA,NA,NA,NA,NA,NA,NA,NA,NA,NA,NA,NA,NA,NA,NA,High,High,High,NA,NA,NA,NA,NA,NA,NA,NA,NA,NA,NA,NA,NA,NA,NA,NA,NA,NA,NA,NA,NA,NA,NA,NA,NA,NA,NA,NA,NA,NA,NA,NA,NA,NA,NA,NA,NA,NA,NA,NA,NA,NA,NA,NA,NA,NA,NA,NA,NA,NA,NA,NA,NA,NA,NA,NA,NA
NA,NA,NA,NA,NA,NA,NA,NA,NA,NA,NA,NA,NA,NA,NA,NA,287,2026-02-14,17:13:21,5,3,"Johnson, Shane",832641,Left,ORE_DUC,"Clyne, Owen",1000230336,Left,GEO_PAT,Undefined,7,Top,2,2,0,Slider,Curveball,BallCalled,Undefined,Undefined,Undefined,0,0,NA,77.39671,0.563002,1.264065,2918.470318,289.113776,03:45:00,4.80032,-2.71357,4.87804,-50.88515,-2.32819,11.14658,1.09273,-0.58848,71.11642,-8.605308,3.229449,0.50153,NA,NA,NA,NA,NA,NA,NA,NA,NA,NA,NA,-5.18752,-0.93847,2.5793,50,4.81221,-2.92709,-112.28191,-0.71729,-6.59971,20.98224,-33.36801,ORE_DUC,GEO_PAT,PKPark,D1,BIG10,20260214-PKPark-2,8c29e570-0a0b-11f1-802c-cb007da271b4,75.15486,NA,NA,6.28029,NA,NA,NA,NA,NA,NA,5ce813cb-c9e8-448f-bad2-0498063e9329,2026-02-15,01:13:21,2026-02-15T01:13:21Z,2026-02-15T01:13:21Z,NA,v3,4807,471300,82de864d38834b289bdde1d759a4a8fd,"Mabeus, Burke",1000222806,Right,ORE_DUC,63763e99-d428-49d2-a4f5-b4f6865e20ec,55.62257,-113.32774,10.49112,4.80652,0.94588,-16.68401,2.71699,-2.59814,-3.29986,NA,NA,NA,NA,NA,NA,NA,NA,NA,NA,NA,NA,NA,NA,NA,NA,NA,NA,NA,NA,NA,NA,NA,NA,NA,NA,NA,NA,NA,NA,NA,NA,NA,NA,NA,NA,NA,NA,NA,NA,NA,NA,NA,NA,NA,NA,NA,NA,NA,NA,High,High,High,NA,NA,NA,NA,NA,NA,NA,NA,NA,NA,NA,NA,NA,NA,NA,NA,NA,NA,NA,NA,NA,NA,NA,NA,NA,NA,NA,NA,NA,NA,NA,NA,NA,NA,NA,NA,NA,NA,NA,NA,NA,NA,NA,NA,NA,NA,NA,NA,NA,NA,NA,NA,NA,NA,NA,NA,NA
NA,NA,NA,NA,NA,NA,NA,NA,NA,NA,NA,NA,NA,NA,NA,NA,288,2026-02-14,17:13:40,5,4,"Johnson, Shane",832641,Left,ORE_DUC,"Clyne, Owen",1000230336,Left,GEO_PAT,Undefined,7,Top,2,3,0,Fastball,Four-Seam,BallCalled,Walk,Undefined,Undefined,0,0,NA,85.4735,1.136683,3.484788,2439.982502,141.943528,10:45:00,5.01199,-2.21105,5.62567,-19.94918,19.11521,-13.91532,4.41233,-0.11492,77.16793,-2.658279,1.006839,0.449844,NA,NA,NA,NA,NA,NA,NA,NA,NA,NA,NA,8.01772,9.69127,1.92261,50,5.09641,-6.93105,-123.74908,1.88058,12.3335,26.5397,-17.26616,ORE_DUC,GEO_PAT,PKPark,D1,BIG10,20260214-PKPark-2,97bcd910-0a0b-11f1-802c-cb007da271b4,83.79002,NA,NA,8.30557,NA,NA,NA,NA,NA,NA,5ce813cb-c9e8-448f-bad2-0498063e9329,2026-02-15,01:13:40,2026-02-15T01:13:40Z,2026-02-15T01:13:40Z,NA,v3,4807,471300,82de864d38834b289bdde1d759a4a8fd,"Mabeus, Burke",1000222806,Right,ORE_DUC,60c9b97f-63c9-4359-8be6-12424ee3ddef,54.86905,-124.78895,13.26985,5.00948,2.5571,-8.63308,2.20365,-7.4143,6.16675,NA,NA,NA,NA,NA,NA,NA,NA,NA,NA,NA,NA,NA,NA,NA,NA,NA,NA,NA,NA,NA,NA,NA,NA,NA,NA,NA,NA,NA,NA,NA,NA,NA,NA,NA,NA,NA,NA,NA,NA,NA,NA,NA,NA,NA,NA,NA,NA,NA,NA,High,High,High,NA,NA,NA,NA,NA,NA,NA,NA,NA,NA,NA,NA,NA,NA,NA,NA,NA,NA,NA,NA,NA,NA,NA,NA,NA,NA,NA,NA,NA,NA,NA,NA,NA,NA,NA,NA,NA,NA,NA,NA,NA,NA,NA,NA,NA,NA,NA,NA,NA,NA,NA,NA,NA,NA,NA,NA,NA
NA,NA,NA,NA,NA,NA,NA,NA,NA,NA,NA,NA,NA,NA,NA,NA,289,2026-02-14,17:14:12,6,1,"Johnson, Shane",832641,Left,ORE_DUC,"Bagnerise, Julius",1000469309,Right,GEO_PAT,Undefined,7,Top,2,0,0,Slider,Curveball,StrikeCalled,Undefined,Undefined,Undefined,0,0,NA,77.07501,1.725992,2.158264,2927.179541,290.543744,03:45:00,4.78688,-2.4944,4.98222,-52.82865,-3.91355,14.57135,2.01608,0.75901,70.64959,-7.814744,4.726559,0.503377,NA,NA,NA,NA,NA,NA,NA,NA,NA,NA,NA,-6.59827,-1.99658,2.27369,50,4.91016,-4.79969,-111.72349,1.49334,-8.30078,21.00889,-34.6858,ORE_DUC,GEO_PAT,PKPark,D1,BIG10,20260214-PKPark-2,aae21fa0-0a0b-11f1-802c-cb007da271b4,74.87921,NA,NA,6.42542,NA,NA,NA,NA,NA,NA,5ce813cb-c9e8-448f-bad2-0498063e9329,2026-02-15,01:14:12,2026-02-15T01:14:12Z,2026-02-15T01:14:12Z,NA,v3,4807,471300,82de864d38834b289bdde1d759a4a8fd,"Mabeus, Burke",1000222806,Right,ORE_DUC,cd9f7e7e-494d-4d76-8098-9536b4c16f56,55.51805,-112.75636,10.50445,4.79483,3.1986,-17.3429,2.49962,-4.39159,-4.15039,NA,NA,NA,NA,NA,NA,NA,NA,NA,NA,NA,NA,NA,NA,NA,NA,NA,NA,NA,NA,NA,NA,NA,NA,NA,NA,NA,NA,NA,NA,NA,NA,NA,NA,NA,NA,NA,NA,NA,NA,NA,NA,NA,NA,NA,NA,NA,NA,NA,NA,High,High,High,NA,NA,NA,NA,NA,NA,NA,NA,NA,NA,NA,NA,NA,NA,NA,NA,NA,NA,NA,NA,NA,NA,NA,NA,NA,NA,NA,NA,NA,NA,NA,NA,NA,NA,NA,NA,NA,NA,NA,NA,NA,NA,NA,NA,NA,NA,NA,NA,NA,NA,NA,NA,NA,NA,NA,NA,NA
NA,NA,NA,NA,NA,NA,NA,NA,NA,NA,NA,NA,NA,NA,NA,NA,290,2026-02-14,17:14:30,6,2,"Johnson, Shane",832641,Left,ORE_DUC,"Bagnerise, Julius",1000469309,Right,GEO_PAT,Undefined,7,Top,2,0,1,Slider,Slider,StrikeCalled,Undefined,Undefined,Undefined,0,0,NA,78.55576,2.104601,0.380447,3132.682581,283.00542,03:30:00,4.83429,-2.50346,5.00334,-50.32637,-3.17402,20.44698,2.62807,-0.4404,71.60855,-7.019713,3.99035,0.494223,NA,NA,NA,NA,NA,NA,NA,NA,NA,NA,NA,-9.98741,-1.72839,2.44959,50,4.99579,-1.60939,-113.89179,2.36421,-13.01369,22.4745,-34.42614,ORE_DUC,GEO_PAT,PKPark,D1,BIG10,20260214-PKPark-2,b589eff0-0a0b-11f1-802c-cb007da271b4,76.26606,NA,NA,6.94722,NA,NA,NA,NA,NA,NA,5ce813cb-c9e8-448f-bad2-0498063e9329,2026-02-15,01:14:30,2026-02-15T01:14:30Z,2026-02-15T01:14:30Z,NA,v3,4807,471300,82de864d38834b289bdde1d759a4a8fd,"Mabeus, Burke",1000222806,Right,ORE_DUC,86ebaa1a-31d2-4f05-bef0-a322ff8af132,55.49661,-114.97134,11.23725,4.84251,4.01783,-17.21307,2.51188,-0.98429,-6.50684,NA,NA,NA,NA,NA,NA,NA,NA,NA,NA,NA,NA,NA,NA,NA,NA,NA,NA,NA,NA,NA,NA,NA,NA,NA,NA,NA,NA,NA,NA,NA,NA,NA,NA,NA,NA,NA,NA,NA,NA,NA,NA,NA,NA,NA,NA,NA,NA,NA,NA,High,High,High,NA,NA,NA,NA,NA,NA,NA,NA,NA,NA,NA,NA,NA,NA,NA,NA,NA,NA,NA,NA,NA,NA,NA,NA,NA,NA,NA,NA,NA,NA,NA,NA,NA,NA,NA,NA,NA,NA,NA,NA,NA,NA,NA,NA,NA,NA,NA,NA,NA,NA,NA,NA,NA,NA,NA,NA,NA
NA,NA,NA,NA,NA,NA,NA,NA,NA,NA,NA,NA,NA,NA,NA,NA,291,2026-02-14,17:14:49,6,3,"Johnson, Shane",832641,Left,ORE_DUC,"Bagnerise, Julius",1000469309,Right,GEO_PAT,Undefined,7,Top,2,0,2,Fastball,Four-Seam,BallCalled,Undefined,Undefined,Undefined,0,0,NA,86.61229,1.437887,3.837077,2505.721388,152.829451,11:00:00,5.27531,-2.15231,5.54332,-21.51359,16.57462,-7.8593,4.8296,0.78409,78.45076,-2.613535,2.441378,0.444188,NA,NA,NA,NA,NA,NA,NA,NA,NA,NA,NA,5.0539,8.30221,1.82465,50,5.38616,-8.06135,-125.35272,2.47744,8.00343,26.45677,-19.02652,ORE_DUC,GEO_PAT,PKPark,D1,BIG10,20260214-PKPark-2,c0a4a650-0a0b-11f1-802c-cb007da271b4,84.85697,NA,NA,8.16152,NA,NA,NA,NA,NA,NA,5ce813cb-c9e8-448f-bad2-0498063e9329,2026-02-15,01:14:49,2026-02-15T01:14:49Z,2026-02-15T01:14:49Z,NA,v3,4807,471300,82de864d38834b289bdde1d759a4a8fd,"Mabeus, Burke",1000222806,Right,ORE_DUC,373caca3-4f30-43e9-ad38-4bc1d5ffa027,54.95172,-126.3935,13.22838,5.27398,3.22593,-9.51326,2.14796,-8.37619,4.00171,NA,NA,NA,NA,NA,NA,NA,NA,NA,NA,NA,NA,NA,NA,NA,NA,NA,NA,NA,NA,NA,NA,NA,NA,NA,NA,NA,NA,NA,NA,NA,NA,NA,NA,NA,NA,NA,NA,NA,NA,NA,NA,NA,NA,NA,NA,NA,NA,NA,NA,High,High,High,NA,NA,NA,NA,NA,NA,NA,NA,NA,NA,NA,NA,NA,NA,NA,NA,NA,NA,NA,NA,NA,NA,NA,NA,NA,NA,NA,NA,NA,NA,NA,NA,NA,NA,NA,NA,NA,NA,NA,NA,NA,NA,NA,NA,NA,NA,NA,NA,NA,NA,NA,NA,NA,NA,NA,NA,NA
NA,NA,NA,NA,NA,NA,NA,NA,NA,NA,NA,NA,NA,NA,NA,NA,292,2026-02-14,17:15:09,6,4,"Johnson, Shane",832641,Left,ORE_DUC,"Bagnerise, Julius",1000469309,Right,GEO_PAT,Undefined,7,Top,2,1,2,Slider,Curveball,BallCalled,Undefined,Undefined,Undefined,0,0,NA,78.194820000000007,2.131068,4.52202,3069.059737,302.082371,04:00:00,4.75658,-2.32285,4.99975,-55.56243,-7.52949,14.52914,2.14542,3.16579,71.34958,-7.874825,7.068823,0.498817,NA,NA,NA,NA,NA,NA,NA,NA,NA,NA,NA,-5.74831,-3.85051,1.87519,50,4.9173,-9.5418,-112.97721,2.19224,-7.34829,22.68338,-37.09634,ORE_DUC,GEO_PAT,PKPark,D1,BIG10,20260214-PKPark-2,cc73dfa0-0a0b-11f1-802c-cb007da271b4,75.56372,NA,NA,6.84524,NA,NA,NA,NA,NA,NA,5ce813cb-c9e8-448f-bad2-0498063e9329,2026-02-15,01:15:09,2026-02-15T01:15:09Z,2026-02-15T01:15:09Z,NA,v3,4807,471300,82de864d38834b289bdde1d759a4a8fd,"Mabeus, Burke",1000222806,Right,ORE_DUC,f5abd07b-2fbc-4846-ad5c-384299d5744f,55.49958,-114.07606,11.34169,4.76757,3.9893,-18.54817,2.32881,-9.18583,-3.67415,NA,NA,NA,NA,NA,NA,NA,NA,NA,NA,NA,NA,NA,NA,NA,NA,NA,NA,NA,NA,NA,NA,NA,NA,NA,NA,NA,NA,NA,NA,NA,NA,NA,NA,NA,NA,NA,NA,NA,NA,NA,NA,NA,NA,NA,NA,NA,NA,NA,NA,High,High,High,NA,NA,NA,NA,NA,NA,NA,NA,NA,NA,NA,NA,NA,NA,NA,NA,NA,NA,NA,NA,NA,NA,NA,NA,NA,NA,NA,NA,NA,NA,NA,NA,NA,NA,NA,NA,NA,NA,NA,NA,NA,NA,NA,NA,NA,NA,NA,NA,NA,NA,NA,NA,NA,NA,NA,NA,NA
NA,NA,NA,NA,NA,NA,NA,NA,NA,NA,NA,NA,NA,NA,NA,NA,293,2026-02-14,17:15:55,6,5,"Johnson, Shane",832641,Left,ORE_DUC,"Bagnerise, Julius",1000469309,Right,GEO_PAT,Undefined,7,Top,2,2,2,Slider,Curveball,BallCalled,Undefined,Undefined,Undefined,0,0,NA,77.86907,3.650394,2.220997,3014.913042,288.548923,03:30:00,4.79288,-2.20775,5.16509,-51.69983,-3.76764,15.91402,3.92741,1.20977,70.73213,-5.753673,5.028946,0.498293,NA,NA,NA,NA,NA,NA,NA,NA,NA,NA,NA,-7.17788,-2.43114,1.98818,50,5.09471,-5.02775,-112.65603,5.36531,-9.14759,22.0593,-35.27237,ORE_DUC,GEO_PAT,PKPark,D1,BIG10,20260214-PKPark-2,e7be6a50-0a0b-11f1-802c-cb007da271b4,75.64309,NA,NA,7.13694,NA,NA,NA,NA,NA,NA,5ce813cb-c9e8-448f-bad2-0498063e9329,2026-02-15,01:15:55,2026-02-15T01:15:55Z,2026-02-15T01:15:55Z,NA,v3,4807,471300,82de864d38834b289bdde1d759a4a8fd,"Mabeus, Burke",1000222806,Right,ORE_DUC,f862aea8-0aeb-4750-8d64-24326bc54168,55.33333,-113.69555,11.02965,4.80271,7.02749,-17.63618,2.21495,-4.59668,-4.5738,NA,NA,NA,NA,NA,NA,NA,NA,NA,NA,NA,NA,NA,NA,NA,NA,NA,NA,NA,NA,NA,NA,NA,NA,NA,NA,NA,NA,NA,NA,NA,NA,NA,NA,NA,NA,NA,NA,NA,NA,NA,NA,NA,NA,NA,NA,NA,NA,NA,NA,High,High,High,NA,NA,NA,NA,NA,NA,NA,NA,NA,NA,NA,NA,NA,NA,NA,NA,NA,NA,NA,NA,NA,NA,NA,NA,NA,NA,NA,NA,NA,NA,NA,NA,NA,NA,NA,NA,NA,NA,NA,NA,NA,NA,NA,NA,NA,NA,NA,NA,NA,NA,NA,NA,NA,NA,NA,NA,NA
NA,NA,NA,NA,NA,NA,NA,NA,NA,NA,NA,NA,NA,NA,NA,NA,294,2026-02-14,17:16:15,6,6,"Johnson, Shane",832641,Left,ORE_DUC,"Bagnerise, Julius",1000469309,Right,GEO_PAT,Undefined,7,Top,2,3,2,Slider,Curveball,BallCalled,Walk,Undefined,Undefined,0,0,NA,76.64553,0.25184,3.009311,3027.352421,290.016638,03:45:00,4.68083,-2.32077,5.2576599999999996,-53.35361,-4.28189,16.0269,0.47164,1.84478,70.52144,-9.385899,5.847928,0.504182,NA,NA,NA,NA,NA,NA,NA,NA,NA,NA,NA,-7.21237,-1.86854,2.03226,50,4.66403,-6.44991,-111.12348,-1.30746,-8.94927,21.33827,-34.49256,ORE_DUC,GEO_PAT,PKPark,D1,BIG10,20260214-PKPark-2,f42ddb40-0a0b-11f1-802c-cb007da271b4,74.75964,NA,NA,6.12409,NA,NA,NA,NA,NA,NA,5ce813cb-c9e8-448f-bad2-0498063e9329,2026-02-15,01:16:15,2026-02-15T01:16:15Z,2026-02-15T01:16:15Z,NA,v3,4807,471300,82de864d38834b289bdde1d759a4a8fd,"Mabeus, Burke",1000222806,Right,ORE_DUC,dc615568-f0c5-4b05-b089-30d1b7a79432,55.24384,-112.1259,10.66914,4.68739,0.31291,-17.24628,2.32538,-6.02949,-4.47464,NA,NA,NA,NA,NA,NA,NA,NA,NA,NA,NA,NA,NA,NA,NA,NA,NA,NA,NA,NA,NA,NA,NA,NA,NA,NA,NA,NA,NA,NA,NA,NA,NA,NA,NA,NA,NA,NA,NA,NA,NA,NA,NA,NA,NA,NA,NA,NA,NA,NA,High,High,High,NA,NA,NA,NA,NA,NA,NA,NA,NA,NA,NA,NA,NA,NA,NA,NA,NA,NA,NA,NA,NA,NA,NA,NA,NA,NA,NA,NA,NA,NA,NA,NA,NA,NA,NA,NA,NA,NA,NA,NA,NA,NA,NA,NA,NA,NA,NA,NA,NA,NA,NA,NA,NA,NA,NA,NA,NA
NA,NA,NA,NA,NA,NA,NA,NA,NA,NA,NA,NA,NA,NA,NA,NA,295,2026-02-14,17:16:52,7,1,"Johnson, Shane",832641,Left,ORE_DUC,"Alberti, Lucas",1000145512,Right,GEO_PAT,Undefined,7,Top,2,0,0,Fastball,Four-Seam,StrikeCalled,Undefined,Undefined,Undefined,0,0,NA,85.79761,-0.842815,2.334714,2346.989464,151.376613,11:00:00,5.07782,-1.81697,5.64903,-20.61741,18.50863,-9.28213,2.57289,-0.41165,76.80554,-4.776146,0.677957,0.450199,NA,NA,NA,NA,NA,NA,NA,NA,NA,NA,NA,5.46744,10.07508,1.62484,50,4.99365,-4.66213,-124.1987,-2.43263,8.36102,29.73628,-16.76689,ORE_DUC,GEO_PAT,PKPark,D1,BIG10,20260214-PKPark-2,09b92550-0a0c-11f1-802c-cb007da271b4,83.72396,NA,NA,8.99207,NA,NA,NA,NA,NA,NA,5ce813cb-c9e8-448f-bad2-0498063e9329,2026-02-15,01:16:52,2026-02-15T01:16:52Z,2026-02-15T01:16:52Z,NA,v3,4807,471300,82de864d38834b289bdde1d759a4a8fd,"Mabeus, Burke",1000222806,Right,ORE_DUC,8d62193c-8832-4a13-936a-a5010a6bd730,54.8445,-125.35323,14.86814,5.07546,-1.78165,-8.38345,1.81216,-4.98675,4.18051,NA,NA,NA,NA,NA,NA,NA,NA,NA,NA,NA,NA,NA,NA,NA,NA,NA,NA,NA,NA,NA,NA,NA,NA,NA,NA,NA,NA,NA,NA,NA,NA,NA,NA,NA,NA,NA,NA,NA,NA,NA,NA,NA,NA,NA,NA,NA,NA,NA,NA,High,High,High,NA,NA,NA,NA,NA,NA,NA,NA,NA,NA,NA,NA,NA,NA,NA,NA,NA,NA,NA,NA,NA,NA,NA,NA,NA,NA,NA,NA,NA,NA,NA,NA,NA,NA,NA,NA,NA,NA,NA,NA,NA,NA,NA,NA,NA,NA,NA,NA,NA,NA,NA,NA,NA,NA,NA,NA,NA
NA,NA,NA,NA,NA,NA,NA,NA,NA,NA,NA,NA,NA,NA,NA,NA,296,2026-02-14,17:17:06,7,2,"Johnson, Shane",832641,Left,ORE_DUC,"Alberti, Lucas",1000145512,Right,GEO_PAT,Undefined,7,Top,2,0,1,Slider,Curveball,BallCalled,Undefined,Undefined,Undefined,0,0,NA,76.81134,3.656965,-0.023166,2936.458661,308.651853,04:15:00,4.7187,-2.18543,4.77427,-60.24054,-10.12914,14.84548,3.1701,-0.97026,69.49638,-7.207465,2.58601,0.509495,NA,NA,NA,NA,NA,NA,NA,NA,NA,NA,NA,-7.22067,-5.50213,2.17414,50,5.03233,-0.5891,-111.12127,4.85601,-8.91386,22.27011,-38.96639,ORE_DUC,GEO_PAT,PKPark,D1,BIG10,20260214-PKPark-2,128bc070-0a0c-11f1-802c-cb007da271b4,73.98003,NA,NA,7.31496,NA,NA,NA,NA,NA,NA,5ce813cb-c9e8-448f-bad2-0498063e9329,2026-02-15,01:17:06,2026-02-15T01:17:06Z,2026-02-15T01:17:06Z,NA,v3,4807,471300,82de864d38834b289bdde1d759a4a8fd,"Mabeus, Burke",1000222806,Right,ORE_DUC,36e11123-ef62-4068-a739-d75a046b7234,55.72529,-112.26283,11.13505,4.73222,6.85341,-19.4832,2.19262,-0.13218,-4.45693,NA,NA,NA,NA,NA,NA,NA,NA,NA,NA,NA,NA,NA,NA,NA,NA,NA,NA,NA,NA,NA,NA,NA,NA,NA,NA,NA,NA,NA,NA,NA,NA,NA,NA,NA,NA,NA,NA,NA,NA,NA,NA,NA,NA,NA,NA,NA,NA,NA,NA,High,High,High,NA,NA,NA,NA,NA,NA,NA,NA,NA,NA,NA,NA,NA,NA,NA,NA,NA,NA,NA,NA,NA,NA,NA,NA,NA,NA,NA,NA,NA,NA,NA,NA,NA,NA,NA,NA,NA,NA,NA,NA,NA,NA,NA,NA,NA,NA,NA,NA,NA,NA,NA,NA,NA,NA,NA,NA,NA
NA,NA,NA,NA,NA,NA,NA,NA,NA,NA,NA,NA,NA,NA,NA,NA,297,2026-02-14,17:17:24,7,3,"Johnson, Shane",832641,Left,ORE_DUC,"Alberti, Lucas",1000145512,Right,GEO_PAT,Undefined,7,Top,2,1,1,Fastball,Four-Seam,InPlay,Undefined,LineDrive,Double,0,3,NA,87.7464,-0.19221,3.275505,2385.054097,155.061012,11:15:00,5.0177,-2.06615,5.53961,-21.67119,15.72607,-6.68044,3.03183,0.44185,78.9343,-4.282444,2.087459,0.440141,100.47168,24.897982,-14.54951,2264.999767,106.76544,49.4612,-26.4786,381.91463,374.44814,-11.832994,4.69148,4.44666,8.39733,1.78655,50,4.98709,-6.97862,-127.01605,-1.12348,7.15096,29.80015,-18.66969,ORE_DUC,GEO_PAT,PKPark,D1,BIG10,20260214-PKPark-2,1d373a40-0a0c-11f1-802c-cb007da271b4,85.63726,71.71512,NA,8.81211,NA,NA,NA,1.90267,3.02479,-0.41689,5ce813cb-c9e8-448f-bad2-0498063e9329,2026-02-15,01:17:24,2026-02-15T01:17:24Z,2026-02-15T01:17:24Z,FlyBall,v3,4807,471300,82de864d38834b289bdde1d759a4a8fd,"Mabeus, Burke",1000222806,Right,ORE_DUC,e2e30009-64a3-4ba2-9394-c0e6c500e75c,54.9566,-128.17368,14.90008,5.01665,-0.39823,-9.33485,2.06303,-7.25641,3.57548,185.690369,1.90279,129.37453,-25.57812,6.64216,-1.47252,0.29845,-0.05116,0.00588,-3.1e-4,3.02619,62.00565,-13.30251,-1.30779,0.89672,-0.32515,0.07323,-0.00891,4.4e-4,-0.41681,-33.58069,8.1306,-2.01001,0.4584,-0.10135,0.01912,-0.00232,1.2e-4,NA,NA,NA,NA,NA,NA,NA,NA,NA,NA,NA,NA,NA,NA,NA,NA,NA,NA,NA,NA,NA,NA,High,High,High,High,High,NA,NA,NA,NA,NA,NA,NA,NA,NA,NA,NA,NA,NA,NA,NA,NA,NA,NA,NA,NA,NA,NA,NA,NA,NA,NA,NA,NA,NA,NA,NA,NA,NA,NA,NA,NA,NA,NA,NA,NA,NA,NA,NA,NA,NA,NA,NA,NA,NA,NA,NA,NA,NA,NA,NA
NA,NA,NA,NA,NA,NA,NA,NA,NA,NA,NA,NA,NA,NA,NA,NA,298,2026-02-14,17:18:19,8,1,"Johnson, Shane",832641,Left,ORE_DUC,"Terilli, Lucas",1000315616,Left,GEO_PAT,Undefined,7,Top,2,0,0,Slider,Curveball,StrikeCalled,Undefined,Undefined,Undefined,0,0,NA,77.30008,2.414447,1.802434,2850.690903,309.16559,04:15:00,4.77535,-2.40155,4.89451,-56.56913,-7.89571,11.54308,2.34753,0.26583,70.92921,-7.771274,3.834609,0.502131,NA,NA,NA,NA,NA,NA,NA,NA,NA,NA,NA,-5.17551,-4.1102,2.21475,50,4.96422,-4.00289,-112.05722,2.66129,-6.56907,20.58254,-37.39096,ORE_DUC,GEO_PAT,PKPark,D1,BIG10,20260214-PKPark-2,3e011660-0a0c-11f1-802c-cb007da271b4,75.06491,NA,NA,6.37087,NA,NA,NA,NA,NA,NA,5ce813cb-c9e8-448f-bad2-0498063e9329,2026-02-15,01:18:19,2026-02-15T01:18:19Z,2026-02-15T01:18:19Z,NA,v3,4807,471300,82de864d38834b289bdde1d759a4a8fd,"Mabeus, Burke",1000222806,Right,ORE_DUC,0cbebde1-3116-4d63-880a-ce89cb088431,55.60647,-113.08233,10.29127,4.7853,4.52352,-18.69548,2.40597,-3.67572,-3.28453,NA,NA,NA,NA,NA,NA,NA,NA,NA,NA,NA,NA,NA,NA,NA,NA,NA,NA,NA,NA,NA,NA,NA,NA,NA,NA,NA,NA,NA,NA,NA,NA,NA,NA,NA,NA,NA,NA,NA,NA,NA,NA,NA,NA,NA,NA,NA,NA,NA,NA,High,High,High,NA,NA,NA,NA,NA,NA,NA,NA,NA,NA,NA,NA,NA,NA,NA,NA,NA,NA,NA,NA,NA,NA,NA,NA,NA,NA,NA,NA,NA,NA,NA,NA,NA,NA,NA,NA,NA,NA,NA,NA,NA,NA,NA,NA,NA,NA,NA,NA,NA,NA,NA,NA,NA,NA,NA,NA,NA
NA,NA,NA,NA,NA,NA,NA,NA,NA,NA,NA,NA,NA,NA,NA,NA,299,2026-02-14,17:18:39,8,2,"Johnson, Shane",832641,Left,ORE_DUC,"Terilli, Lucas",1000315616,Left,GEO_PAT,Undefined,7,Top,2,0,1,Slider,Curveball,StrikeCalled,Undefined,Undefined,Undefined,0,0,NA,76.57837,2.843047,1.386391,3002.908872,285.553632,03:30:00,4.79726,-2.15149,5.02777,-53.57235,-3.82067,19.65096,3.01846,0.79448,69.67317,-6.874435,4.851621,0.507663,NA,NA,NA,NA,NA,NA,NA,NA,NA,NA,NA,-9.25658,-2.2263,2.00252,50,5.02659,-3.48872,-110.90888,3.61981,-11.4159,21.66581,-34.9197,ORE_DUC,GEO_PAT,PKPark,D1,BIG10,20260214-PKPark-2,4a006060-0a0c-11f1-802c-cb007da271b4,74.247,NA,NA,6.9052,NA,NA,NA,NA,NA,NA,5ce813cb-c9e8-448f-bad2-0498063e9329,2026-02-15,01:18:39,2026-02-15T01:18:39Z,2026-02-15T01:18:39Z,NA,v3,4807,471300,82de864d38834b289bdde1d759a4a8fd,"Mabeus, Burke",1000222806,Right,ORE_DUC,34bd19d3-6204-4d6f-aa32-bc87e88c7276,55.4716,-111.97264,10.83291,4.80678,5.33432,-17.45985,2.16006,-2.92821,-5.70795,NA,NA,NA,NA,NA,NA,NA,NA,NA,NA,NA,NA,NA,NA,NA,NA,NA,NA,NA,NA,NA,NA,NA,NA,NA,NA,NA,NA,NA,NA,NA,NA,NA,NA,NA,NA,NA,NA,NA,NA,NA,NA,NA,NA,NA,NA,NA,NA,NA,NA,High,High,High,NA,NA,NA,NA,NA,NA,NA,NA,NA,NA,NA,NA,NA,NA,NA,NA,NA,NA,NA,NA,NA,NA,NA,NA,NA,NA,NA,NA,NA,NA,NA,NA,NA,NA,NA,NA,NA,NA,NA,NA,NA,NA,NA,NA,NA,NA,NA,NA,NA,NA,NA,NA,NA,NA,NA,NA,NA
NA,NA,NA,NA,NA,NA,NA,NA,NA,NA,NA,NA,NA,NA,NA,NA,300,2026-02-14,17:18:59,8,3,"Johnson, Shane",832641,Left,ORE_DUC,"Terilli, Lucas",1000315616,Left,GEO_PAT,Undefined,7,Top,2,0,2,Slider,Curveball,FoulBallNotFieldable,Undefined,Undefined,Undefined,0,0,NA,76.11302,3.462042,1.635571,3062.143553,296.204891,03:45:00,4.67215,-2.2852,4.75834,-58.93456,-7.66768,19.24324,3.04919,0.86977,68.79689,-7.172549,5.010545,0.515335,61.27299,39.717379,-142.836814,4060.841775,-92.62934,32.3382,-59.32765,153.43551,51.16123,-149.033405,2.741576,-8.91906,-4.40323,2.10298,50,4.9679,-3.93763,-110.05312,4.52432,-10.75537,22.58347,-37.48383,ORE_DUC,GEO_PAT,PKPark,D1,BIG10,20260214-PKPark-2,55b42270-0a0c-11f1-802c-cb007da271b4,73.1416,37.60907,NA,7.31613,NA,NA,NA,0.81496,2.90764,-0.88513,5ce813cb-c9e8-448f-bad2-0498063e9329,2026-02-15,01:18:59,2026-02-15T01:18:59Z,2026-02-15T01:18:59Z,FlyBall,v3,4807,471300,82de864d38834b289bdde1d759a4a8fd,"Mabeus, Burke",1000222806,Right,ORE_DUC,10905bc4-5696-47b2-8ed9-8b0585c261eb,55.74181,-111.22513,11.29173,4.68263,6.46961,-18.74192,2.29284,-3.37947,-5.37769,31.492902,0.8151,-55.0955,0.45145,1.16715,-0.06731,-0.23346,0.15482,-0.04003,0.00377,2.90769,57.42336,-26.92827,3.21284,-0.64169,0.11461,-0.02986,0.00931,-0.00119,-0.88506,-41.76238,6.73289,-1.23777,0.4525,-0.26714,0.13276,-0.03456,0.00345,NA,NA,NA,NA,NA,NA,NA,NA,NA,NA,NA,NA,NA,NA,NA,NA,NA,NA,NA,NA,NA,NA,High,High,High,High,Low,NA,NA,NA,NA,NA,NA,NA,NA,NA,NA,NA,NA,NA,NA,NA,NA,NA,NA,NA,NA,NA,NA,NA,NA,NA,NA,NA,NA,NA,NA,NA,NA,NA,NA,NA,NA,NA,NA,NA,NA,NA,NA,NA,NA,NA,NA,NA,NA,NA,NA,NA,NA,NA,NA,NA
NA,NA,NA,NA,NA,NA,NA,NA,NA,NA,NA,NA,NA,NA,NA,NA,301,2026-02-14,17:19:23,8,4,"Johnson, Shane",832641,Left,ORE_DUC,"Terilli, Lucas",1000315616,Left,GEO_PAT,Undefined,7,Top,2,0,2,Fastball,Four-Seam,BallCalled,Undefined,Undefined,Undefined,0,0,NA,86.22672,1.120984,3.612965,2362.152146,145.325831,10:45:00,5.08955,-1.81427,5.47019,-25.93726,12.64394,-7.84245,3.9794,0.91782,78.04458,-3.716115,2.221277,0.447053,NA,NA,NA,NA,NA,NA,NA,NA,NA,NA,NA,4.98256,6.41634,1.50162,50,5.17095,-7.53159,-124.80095,1.5732,7.80634,26.66778,-22.12139,ORE_DUC,GEO_PAT,PKPark,D1,BIG10,20260214-PKPark-2,63c22830-0a0c-11f1-802c-cb007da271b4,84.3131,NA,NA,8.18214,NA,NA,NA,NA,NA,NA,5ce813cb-c9e8-448f-bad2-0498063e9329,2026-02-15,01:19:23,2026-02-15T01:19:23Z,2026-02-15T01:19:23Z,NA,v3,4807,471300,82de864d38834b289bdde1d759a4a8fd,"Mabeus, Burke",1000222806,Right,ORE_DUC,1ab93cea-684e-499f-8cd1-202e6495d1fd,55.02445,-125.87001,13.33389,5.0901,2.46,-11.0607,1.80982,-7.84453,3.90317,NA,NA,NA,NA,NA,NA,NA,NA,NA,NA,NA,NA,NA,NA,NA,NA,NA,NA,NA,NA,NA,NA,NA,NA,NA,NA,NA,NA,NA,NA,NA,NA,NA,NA,NA,NA,NA,NA,NA,NA,NA,NA,NA,NA,NA,NA,NA,NA,NA,NA,High,High,High,NA,NA,NA,NA,NA,NA,NA,NA,NA,NA,NA,NA,NA,NA,NA,NA,NA,NA,NA,NA,NA,NA,NA,NA,NA,NA,NA,NA,NA,NA,NA,NA,NA,NA,NA,NA,NA,NA,NA,NA,NA,NA,NA,NA,NA,NA,NA,NA,NA,NA,NA,NA,NA,NA,NA,NA,NA
NA,NA,NA,NA,NA,NA,NA,NA,NA,NA,NA,NA,NA,NA,NA,NA,302,2026-02-14,17:19:42,8,5,"Johnson, Shane",832641,Left,ORE_DUC,"Terilli, Lucas",1000315616,Left,GEO_PAT,Undefined,7,Top,2,1,2,Fastball,Four-Seam,FoulBallNotFieldable,Undefined,Undefined,Undefined,0,0,NA,87.54496,-0.357087,3.370256,2354.234098,137.953597,10:30:00,4.99287,-2.14805,5.71139,-24.94856,12.16599,-9.81237,2.58057,0.1777,79.25882,-5.028283,1.618989,0.438474,76.38873,5.653269,-169.363844,2771.542093,NA,NA,NA,110.49743,50.79379,-172.134295,1.165552,5.88922,6.67394,1.8712,50,4.94777,-7.01978,-126.76331,-1.61448,9.50757,27.80772,-21.39963,ORE_DUC,GEO_PAT,PKPark,D1,BIG10,20260214-PKPark-2,6f338a10-0a0c-11f1-802c-cb007da271b4,85.96284,4.72237,NA,8.28614,NA,NA,NA,2.51396,2.07132,0.27106,5ce813cb-c9e8-448f-bad2-0498063e9329,2026-02-15,01:19:42,2026-02-15T01:19:42Z,2026-02-15T01:19:42Z,GroundBall,v3,4807,471300,82de864d38834b289bdde1d759a4a8fd,"Mabeus, Burke",1000222806,Right,ORE_DUC,6c5430f3-a63b-4c34-84b1-feb9698185cf,54.78092,-127.80778,13.90386,4.99331,-0.81069,-10.69981,2.14157,-7.37689,4.75378,144.247142,2.51396,-109.57617,12.35061,-0.82299,0.17122,-0.0245,0.00297,-4.3e-4,4e-5,2.07132,11.03652,-11.85253,0.78175,-0.05335,0.0158,-0.00305,3.7e-4,-3e-5,0.27106,-20.5782,7.29476,-0.97817,0.15925,-0.03402,0.00479,-7e-4,7e-5,NA,NA,NA,NA,NA,NA,NA,NA,NA,NA,NA,NA,NA,NA,NA,NA,NA,NA,NA,NA,NA,NA,High,High,High,Low,Low,NA,NA,NA,NA,NA,NA,NA,NA,NA,NA,NA,NA,NA,NA,NA,NA,NA,NA,NA,NA,NA,NA,NA,NA,NA,NA,NA,NA,NA,NA,NA,NA,NA,NA,NA,NA,NA,NA,NA,NA,NA,NA,NA,NA,NA,NA,NA,NA,NA,NA,NA,NA,NA,NA,NA
NA,NA,NA,NA,NA,NA,NA,NA,NA,NA,NA,NA,NA,NA,NA,NA,303,2026-02-14,17:20:06,8,6,"Johnson, Shane",832641,Left,ORE_DUC,"Terilli, Lucas",1000315616,Left,GEO_PAT,Undefined,7,Top,2,1,2,Slider,Curveball,StrikeCalled,Strikeout,Undefined,Undefined,0,0,NA,77.55867,1.343049,2.57405,3021.92042,293.813694,03:45:00,4.7604,-2.49808,4.72426,-55.60633,-6.31445,18.15241,1.40242,1.45866,70.58776,-8.646476,5.757339,0.505311,NA,NA,NA,NA,NA,NA,NA,NA,NA,NA,NA,-8.08032,-3.04811,2.22103,50,4.84655,-5.80945,-112.24718,0.57512,-10.15019,23.23874,-36.003,ORE_DUC,GEO_PAT,PKPark,D1,BIG10,20260214-PKPark-2,7d9a3720-0a0c-11f1-802c-cb007da271b4,74.5925,NA,NA,6.97091,NA,NA,NA,NA,NA,NA,5ce813cb-c9e8-448f-bad2-0498063e9329,2026-02-15,01:20:06,2026-02-15T01:20:06Z,2026-02-15T01:20:06Z,NA,v3,4807,471300,82de864d38834b289bdde1d759a4a8fd,"Mabeus, Burke",1000222806,Right,ORE_DUC,75c9b2aa-4ee5-4b76-97fa-ffd55845bc34,55.77545,-113.43658,11.61937,4.76996,2.41782,-18.0015,2.50507,-5.28995,-5.0751,NA,NA,NA,NA,NA,NA,NA,NA,NA,NA,NA,NA,NA,NA,NA,NA,NA,NA,NA,NA,NA,NA,NA,NA,NA,NA,NA,NA,NA,NA,NA,NA,NA,NA,NA,NA,NA,NA,NA,NA,NA,NA,NA,NA,NA,NA,NA,NA,NA,NA,High,High,High,NA,NA,NA,NA,NA,NA,NA,NA,NA,NA,NA,NA,NA,NA,NA,NA,NA,NA,NA,NA,NA,NA,NA,NA,NA,NA,NA,NA,NA,NA,NA,NA,NA,NA,NA,NA,NA,NA,NA,NA,NA,NA,NA,NA,NA,NA,NA,NA,NA,NA,NA,NA,NA,NA,NA,NA,NA
NA,NA,NA,NA,NA,NA,NA,NA,NA,NA,NA,NA,NA,NA,NA,NA,304,2026-02-14,17:22:32,1,1,"Thomas, Parker",814826,Right,GEO_PAT,"Schleichardt, Josh",702120,Right,ORE_DUC,Undefined,7,Bottom,0,0,0,Sinker,Changeup,HitByPitch,Undefined,Undefined,Undefined,0,0,NA,86.30167,1.26805,-2.728207,1768.216731,251.391986,02:30:00,5.87899,2.87664,5.28039,-31.45947,7.28634,17.71214,4.4498,1.78853,78.11169,-4.535716,0.411034,0.448006,NA,NA,NA,NA,NA,NA,NA,NA,NA,NA,NA,-9.7106,3.63256,-2.64132,50,5.97194,5.1783,-125.03669,1.6288,-15.24281,27.2054,-26.47196,ORE_DUC,GEO_PAT,PKPark,D1,BIG10,20260214-PKPark-2,d4c7df70-0a0c-11f1-802c-cb007da271b4,84.13382,NA,NA,8.18998,NA,NA,NA,NA,NA,NA,5ce813cb-c9e8-448f-bad2-0498063e9329,2026-02-15,01:22:32,2026-02-15T01:22:32Z,2026-02-15T01:22:32Z,NA,v3,4807,471300,82de864d38834b289bdde1d759a4a8fd,"Cowdrey, Vincent",1000469295,Right,GEO_PAT,aa243f6b-cb65-4c7e-bb7a-a38f89943df0,55.21802,-126.16691,13.6027,5.88143,2.72856,-13.23598,-2.8696,5.81155,-7.62141,NA,NA,NA,NA,NA,NA,NA,NA,NA,NA,NA,NA,NA,NA,NA,NA,NA,NA,NA,NA,NA,NA,NA,NA,NA,NA,NA,NA,NA,NA,NA,NA,NA,NA,NA,NA,NA,NA,NA,NA,NA,NA,NA,NA,NA,NA,NA,NA,NA,NA,High,High,High,NA,NA,NA,NA,NA,NA,NA,NA,NA,NA,NA,NA,NA,NA,NA,NA,NA,NA,NA,NA,NA,NA,NA,NA,NA,NA,NA,NA,NA,NA,NA,NA,NA,NA,NA,NA,NA,NA,NA,NA,NA,NA,NA,NA,NA,NA,NA,NA,NA,NA,NA,NA,NA,NA,NA,NA,NA
NA,NA,NA,NA,NA,NA,NA,NA,NA,NA,NA,NA,NA,NA,NA,NA,305,2026-02-14,17:23:08,2,1,"Thomas, Parker",814826,Right,GEO_PAT,"Jaksa, Brayden",815984,Right,ORE_DUC,Undefined,7,Bottom,0,0,0,Fastball,Sinker,StrikeSwinging,Undefined,Undefined,Undefined,0,0,NA,87.13178,-0.126775,-3.371178,1906.85576,226.759906,01:30:00,5.79712,2.75599,5.50138,-23.24734,14.61269,14.10595,3.74107,0.77481,78.59414,-4.492652,-0.863309,0.442855,NA,NA,NA,NA,NA,NA,NA,NA,NA,NA,NA,-8.11713,7.78839,-2.47081,50,5.77075,6.80393,-126.14218,-1.04241,-12.92829,28.41254,-19.76935,ORE_DUC,GEO_PAT,PKPark,D1,BIG10,20260214-PKPark-2,ea49b3a0-0a0c-11f1-802c-cb007da271b4,85.11233,NA,NA,8.53764,NA,NA,NA,NA,NA,NA,5ce813cb-c9e8-448f-bad2-0498063e9329,2026-02-15,01:23:08,2026-02-15T01:23:08Z,2026-02-15T01:23:08Z,NA,v3,4807,471300,82de864d38834b289bdde1d759a4a8fd,"Cowdrey, Vincent",1000469295,Right,GEO_PAT,8f985c55-cad5-4a9e-b886-cb71d3b601ff,54.99411,-127.26209,14.20627,5.79648,-0.26319,-9.88468,-2.74904,7.31351,-6.46414,NA,NA,NA,NA,NA,NA,NA,NA,NA,NA,NA,NA,NA,NA,NA,NA,NA,NA,NA,NA,NA,NA,NA,NA,NA,NA,NA,NA,NA,NA,NA,NA,NA,NA,NA,NA,NA,NA,NA,NA,NA,NA,NA,NA,NA,NA,NA,NA,NA,NA,High,High,High,NA,NA,NA,NA,NA,NA,NA,NA,NA,NA,NA,NA,NA,NA,NA,NA,NA,NA,NA,NA,NA,NA,NA,NA,NA,NA,NA,NA,NA,NA,NA,NA,NA,NA,NA,NA,NA,NA,NA,NA,NA,NA,NA,NA,NA,NA,NA,NA,NA,NA,NA,NA,NA,NA,NA,NA,NA
NA,NA,NA,NA,NA,NA,NA,NA,NA,NA,NA,NA,NA,NA,NA,NA,306,2026-02-14,17:23:29,2,2,"Thomas, Parker",814826,Right,GEO_PAT,"Jaksa, Brayden",815984,Right,ORE_DUC,Undefined,7,Bottom,0,0,1,Sweeper,Curveball,FoulBallNotFieldable,Undefined,Undefined,Undefined,0,0,NA,76.16863,0.827607,-1.431366,2080.960253,41.862035,07:30:00,5.75548,2.58379,4.85875,-55.17979,-5.06768,-5.94418,1.9408,0.73336,70.11515,-9.093771,-2.479536,0.509498,89.57624,-23.61667,-73.36328,NA,NA,NA,NA,7.56924,7.56924,-52.903124,0.047413,2.55181,-2.36488,-2.43726,50,5.7895200000000004,2.99758,-110.50855,-0.36383,3.14919,20.06689,-35.092529999999996,ORE_DUC,GEO_PAT,PKPark,D1,BIG10,20260214-PKPark-2,f680af70-0a0c-11f1-802c-cb007da271b4,73.9795,2.50081,NA,6.05348,NA,NA,NA,2.92796,2.50081,-0.55719,5ce813cb-c9e8-448f-bad2-0498063e9329,2026-02-15,01:23:29,2026-02-15T01:23:29Z,2026-02-15T01:23:29Z,GroundBall,v3,4807,471300,82de864d38834b289bdde1d759a4a8fd,"Cowdrey, Vincent",1000469295,Right,GEO_PAT,a115bedf-acca-47b3-8520-8a2460dace02,55.64235,-111.52842,10.03345,5.76269,1.41969,-17.54627,-2.58554,2.83753,1.57459,NA,2.9274,34.53788,NA,NA,NA,NA,NA,NA,NA,2.50167,-52.7456,NA,NA,NA,NA,NA,NA,NA,-0.55529,-115.58439,NA,NA,NA,NA,NA,NA,NA,NA,NA,NA,NA,NA,NA,NA,NA,NA,NA,NA,NA,NA,NA,NA,NA,NA,NA,NA,NA,NA,NA,High,High,High,Low,Low,NA,NA,NA,NA,NA,NA,NA,NA,NA,NA,NA,NA,NA,NA,NA,NA,NA,NA,NA,NA,NA,NA,NA,NA,NA,NA,NA,NA,NA,NA,NA,NA,NA,NA,NA,NA,NA,NA,NA,NA,NA,NA,NA,NA,NA,NA,NA,NA,NA,NA,NA,NA,NA,NA,NA
NA,NA,NA,NA,NA,NA,NA,NA,NA,NA,NA,NA,NA,NA,NA,NA,307,2026-02-14,17:23:55,2,3,"Thomas, Parker",814826,Right,GEO_PAT,"Jaksa, Brayden",815984,Right,ORE_DUC,Undefined,7,Bottom,0,0,2,Fastball,Changeup,BallCalled,Undefined,Undefined,Undefined,0,0,NA,86.81593,-2.061926,-4.485715,1969.374321,220.095388,01:15:00,6.03994,2.31724,5.8313,-21.37978,16.29375,12.60383,2.33495,-0.8106,78.70758,-6.096405,-2.235473,0.441763,NA,NA,NA,NA,NA,NA,NA,NA,NA,NA,NA,-7.77024,9.32481,-1.9579,50,5.85865,9.32078,-125.55923,-5.1799,-12.30159,27.38796,-17.41136,ORE_DUC,GEO_PAT,PKPark,D1,BIG10,20260214-PKPark-2,0631b6d0-0a0d-11f1-802c-cb007da271b4,85.32269,NA,NA,8.10835,NA,NA,NA,NA,NA,NA,5ce813cb-c9e8-448f-bad2-0498063e9329,2026-02-15,01:23:55,2026-02-15T01:23:55Z,2026-02-15T01:23:55Z,NA,v3,4807,471300,82de864d38834b289bdde1d759a4a8fd,"Cowdrey, Vincent",1000469295,Right,GEO_PAT,c8146c2f-bf79-48e8-a2a7-90684cfdbcfa,54.6652,-126.57275,13.69398,6.03842,-4.53558,-8.70568,-2.31125,9.77601,-6.15079,NA,NA,NA,NA,NA,NA,NA,NA,NA,NA,NA,NA,NA,NA,NA,NA,NA,NA,NA,NA,NA,NA,NA,NA,NA,NA,NA,NA,NA,NA,NA,NA,NA,NA,NA,NA,NA,NA,NA,NA,NA,NA,NA,NA,NA,NA,NA,NA,NA,NA,High,High,High,NA,NA,NA,NA,NA,NA,NA,NA,NA,NA,NA,NA,NA,NA,NA,NA,NA,NA,NA,NA,NA,NA,NA,NA,NA,NA,NA,NA,NA,NA,NA,NA,NA,NA,NA,NA,NA,NA,NA,NA,NA,NA,NA,NA,NA,NA,NA,NA,NA,NA,NA,NA,NA,NA,NA,NA,NA
NA,NA,NA,NA,NA,NA,NA,NA,NA,NA,NA,NA,NA,NA,NA,NA,308,2026-02-14,17:24:16,2,4,"Thomas, Parker",814826,Right,GEO_PAT,"Jaksa, Brayden",815984,Right,ORE_DUC,Undefined,7,Bottom,0,1,2,Sinker,Sinker,FoulBallNotFieldable,Undefined,Undefined,Undefined,0,0,NA,90.18426,-0.104465,-3.656363,1894.283175,247.457858,02:15:00,5.74758,2.66042,5.28305,-25.18651,10.18831,21.70037,3.5504,1.03042,81.92311,-4.766658,0.186956,0.428074,66.88213,56.070156,-147.67976,4273.675986,NA,NA,NA,NA,42.73148,NA,NA,-11.9882,5.46496,-2.34354,50,5.71983,7.36182,-130.65751,-1.16834,-20.63138,28.67099,-22.76896,ORE_DUC,GEO_PAT,PKPark,D1,BIG10,20260214-PKPark-2,127758a0-0a0d-11f1-802c-cb007da271b4,88.05131,53.55448,NA,8.26115,NA,NA,NA,2.50741,3.77639,-1.00995,5ce813cb-c9e8-448f-bad2-0498063e9329,2026-02-15,01:24:16,2026-02-15T01:24:16Z,2026-02-15T01:24:16Z,NA,v3,4807,471300,82de864d38834b289bdde1d759a4a8fd,"Cowdrey, Vincent",1000469295,Right,GEO_PAT,7e4265ae-bc2e-49c7-b0b7-29c1d6348210,55.21679,-131.79729,14.33549,5.74828,-0.26319,-11.38448,-2.65251,8.182,-10.31569,21.824672,2.50741,-46.27157,-1.69779,1.1832,0.90583,-3.55485,5.40293,-4.00185,1.1672,3.77639,81.38992,-28.18548,3.23992,0.12743,-2.14956,3.30085,-2.4088,0.69137,-1.00995,-29.27385,4.96654,-0.91159,-0.21355,1.07876,-1.62236,1.18526,-0.3411,NA,NA,NA,NA,NA,NA,NA,NA,NA,NA,NA,NA,NA,NA,NA,NA,NA,NA,NA,NA,NA,NA,High,High,High,High,Undefined,NA,NA,NA,NA,NA,NA,NA,NA,NA,NA,NA,NA,NA,NA,NA,NA,NA,NA,NA,NA,NA,NA,NA,NA,NA,NA,NA,NA,NA,NA,NA,NA,NA,NA,NA,NA,NA,NA,NA,NA,NA,NA,NA,NA,NA,NA,NA,NA,NA,NA,NA,NA,NA,NA,NA
NA,NA,NA,NA,NA,NA,NA,NA,NA,NA,NA,NA,NA,NA,NA,NA,309,2026-02-14,17:24:43,2,5,"Thomas, Parker",814826,Right,GEO_PAT,"Jaksa, Brayden",815984,Right,ORE_DUC,Undefined,7,Bottom,0,1,2,Slider,Slider,FoulBallNotFieldable,Undefined,Undefined,Undefined,0,0,NA,81.01637,0.347293,-2.266892,2212.973156,55.07833,07:45:00,5.89433,2.62019,5.00945,-43.49888,1.48937,-0.31154,2.59749,0.45344,72.83267,-7.587871,-2.32189,0.482749,83.20597,78.493404,-143.193054,3748.729808,NA,NA,NA,NA,26.03724,NA,NA,-0.62598,1.04902,-2.40232,50,5.8927,4.6528,-117.20416,-0.86743,-0.851,26.83417,-30.74795,ORE_DUC,GEO_PAT,PKPark,D1,BIG10,20260214-PKPark-2,22d9aea0-0a0d-11f1-802c-cb007da271b4,78.0788,91.8981,NA,8.18371,NA,NA,NA,3.66989,2.57782,-0.48656,5ce813cb-c9e8-448f-bad2-0498063e9329,2026-02-15,01:24:43,2026-02-15T01:24:43Z,2026-02-15T01:24:43Z,NA,v3,4807,471300,82de864d38834b289bdde1d759a4a8fd,"Cowdrey, Vincent",1000469295,Right,GEO_PAT,296c24aa-0313-4492-b816-499eb1f2883e,55.48726,-118.45382,13.41708,5.89975,0.56449,-15.37397,-2.61992,4.69242,-0.4255,8.231253,3.66989,-19.49098,-10.5993,5.28752,-1.69455,0.47997,-0.12552,0.02675,-0.00322,2.57782,119.58254,-36.31989,5.55055,-1.03806,0.1653,-0.02315,0.00211,-6e-5,-0.48656,-14.5848,4.40242,-1.30263,0.32114,-0.07517,0.017,-0.00322,3.7e-4,NA,NA,NA,NA,NA,NA,NA,NA,NA,NA,NA,NA,NA,NA,NA,NA,NA,NA,NA,NA,NA,NA,High,High,High,High,Undefined,NA,NA,NA,NA,NA,NA,NA,NA,NA,NA,NA,NA,NA,NA,NA,NA,NA,NA,NA,NA,NA,NA,NA,NA,NA,NA,NA,NA,NA,NA,NA,NA,NA,NA,NA,NA,NA,NA,NA,NA,NA,NA,NA,NA,NA,NA,NA,NA,NA,NA,NA,NA,NA,NA,NA
NA,NA,NA,NA,NA,NA,NA,NA,NA,NA,NA,NA,NA,NA,NA,NA,310,2026-02-14,17:25:12,2,6,"Thomas, Parker",814826,Right,GEO_PAT,"Jaksa, Brayden",815984,Right,ORE_DUC,Undefined,7,Bottom,0,1,2,ChangeUp,Changeup,InPlay,Undefined,FlyBall,HomeRun,0,2,NA,81.54935,-0.549637,-4.137082,1564.169117,251.6747,02:30:00,5.73057,2.62521,5.46262,-35.56396,7.52638,18.30682,2.25111,0.27187,74.25845,-7.095345,-0.884858,0.472456,102.22239,37.879853,-23.802966,3529.007981,101.7913,82.38383,-41.69521,378.88579,352.40597,-18.60199,5.994592,-10.53942,4.34547,-2.27374,50,5.65771,7.81079,-118.08615,-2.32574,-14.78722,23.82052,-26.07717,ORE_DUC,GEO_PAT,PKPark,D1,BIG10,20260214-PKPark-2,3425a150-0a0d-11f1-802c-cb007da271b4,79.77981,126.28214,NA,7.2909,NA,NA,NA,3.03574,2.42438,-0.28887,5ce813cb-c9e8-448f-bad2-0498063e9329,2026-02-15,01:25:12,2026-02-15T01:25:12Z,2026-02-15T01:25:12Z,FlyBall,v3,4807,471300,82de864d38834b289bdde1d759a4a8fd,"Cowdrey, Vincent",1000469295,Right,GEO_PAT,14554d4e-87fe-4687-9cfe-1fba63c746ba,55.03718,-119.09792,11.91026,5.73297,-1.21812,-13.03858,-2.61885,8.43887,-7.39361,187.371964,3.04448,108.1184,-22.87217,5.37373,-0.88339,0.10277,-0.00909,6.8e-4,-3e-5,2.42123,92.09738,-19.78122,1.21492,0.00532,-0.08368,0.02511,-0.00312,1.4e-4,-0.29339,-47.68277,12.15502,-2.75073,0.45594,-0.05696,0.00617,-5.7e-4,3e-5,NA,NA,NA,NA,NA,NA,NA,NA,NA,NA,NA,NA,NA,NA,NA,NA,NA,NA,NA,NA,NA,NA,High,High,High,High,Medium,NA,NA,NA,NA,NA,NA,NA,NA,NA,NA,NA,NA,NA,NA,NA,NA,NA,NA,NA,NA,NA,NA,NA,NA,NA,NA,NA,NA,NA,NA,NA,NA,NA,NA,NA,NA,NA,NA,NA,NA,NA,NA,NA,NA,NA,NA,NA,NA,NA,NA,NA,NA,NA,NA,NA
NA,NA,NA,NA,NA,NA,NA,NA,NA,NA,NA,NA,NA,NA,NA,NA,311,2026-02-14,17:26:08,3,1,"Thomas, Parker",814826,Right,GEO_PAT,"Molony, Maddox",814829,Right,ORE_DUC,Undefined,7,Bottom,0,0,0,Sinker,Changeup,StrikeCalled,Undefined,Undefined,Undefined,0,0,NA,88.28516,-1.066605,-3.849767,1823.355529,247.19782,02:15:00,5.74336,2.66676,5.64522,-27.92238,8.47918,17.30651,2.41923,0.51257,80.48483,-6.238088,-0.763917,0.434242,NA,NA,NA,NA,NA,NA,NA,NA,NA,NA,NA,-9.86804,4.96752,-2.35086,50,5.63499,7.85696,-127.91411,-3.36249,-16.29939,27.14192,-23.96903,ORE_DUC,GEO_PAT,PKPark,D1,BIG10,20260214-PKPark-2,552b9c10-0a0d-11f1-802c-cb007da271b4,86.80062,NA,NA,7.80033,NA,NA,NA,NA,NA,NA,5ce813cb-c9e8-448f-bad2-0498063e9329,2026-02-15,01:26:08,2026-02-15T01:26:08Z,2026-02-15T01:26:08Z,NA,v3,4807,471300,82de864d38834b289bdde1d759a4a8fd,"Cowdrey, Vincent",1000469295,Right,GEO_PAT,f6c13295-713e-483b-98b6-381a0f271188,54.85326,-128.9398,13.57096,5.74494,-2.4567,-11.98451,-2.65942,8.47292,-8.14969,NA,NA,NA,NA,NA,NA,NA,NA,NA,NA,NA,NA,NA,NA,NA,NA,NA,NA,NA,NA,NA,NA,NA,NA,NA,NA,NA,NA,NA,NA,NA,NA,NA,NA,NA,NA,NA,NA,NA,NA,NA,NA,NA,NA,NA,NA,NA,NA,NA,NA,High,High,High,NA,NA,NA,NA,NA,NA,NA,NA,NA,NA,NA,NA,NA,NA,NA,NA,NA,NA,NA,NA,NA,NA,NA,NA,NA,NA,NA,NA,NA,NA,NA,NA,NA,NA,NA,NA,NA,NA,NA,NA,NA,NA,NA,NA,NA,NA,NA,NA,NA,NA,NA,NA,NA,NA,NA,NA,NA
NA,NA,NA,NA,NA,NA,NA,NA,NA,NA,NA,NA,NA,NA,NA,NA,312,2026-02-14,17:26:22,3,2,"Thomas, Parker",814826,Right,GEO_PAT,"Molony, Maddox",814829,Right,ORE_DUC,Undefined,7,Bottom,0,0,1,Sinker,Changeup,FoulBallNotFieldable,Undefined,Undefined,Undefined,0,0,NA,88.58907,-1.122509,-3.491207,1841.936232,244.865358,02:15:00,5.7277,2.76944,5.635,-27.43513,8.80768,16.15899,2.3921,0.85484,80.56212,-6.211161,-0.608951,0.433294,105.90819,30.577825,-51.701956,1942.002424,63.7755,54.99704,-89.62521,374.16772,174.17947,-64.303671,4.297318,-9.27701,5.14882,-2.48305,50,5.61462,7.13951,-128.37401,-3.47561,-15.38046,28.188,-23.63777,ORE_DUC,GEO_PAT,PKPark,D1,BIG10,20260214-PKPark-2,5dcee9d0-0a0d-11f1-802c-cb007da271b4,86.99053,75.15818,NA,8.02696,NA,NA,NA,2.28159,2.31537,-0.75531,5ce813cb-c9e8-448f-bad2-0498063e9329,2026-02-15,01:26:22,2026-02-15T01:26:22Z,2026-02-15T01:26:22Z,FlyBall,v3,4807,471300,82de864d38834b289bdde1d759a4a8fd,"Cowdrey, Vincent",1000469295,Right,GEO_PAT,709d0ece-4f2a-4c26-9e8f-f1c0950b8beb,54.86401,-129.43763,14.094,5.72893,-2.58368,-11.81889,-2.76339,7.71987,-7.69023,NA,2.28074,82.89976,-20.93085,5.23138,-1.37739,0.3297,-0.06151,0.00693,-3.3e-4,2.31605,79.00116,-25.8684,3.21615,-0.59279,0.06903,-0.00132,-4.5e-4,2e-5,-0.75467,-104.96875,9.6288,-1.55536,0.4025,-0.13731,0.038,-0.00578,3.5e-4,NA,NA,NA,NA,NA,NA,NA,NA,NA,NA,NA,NA,NA,NA,NA,NA,NA,NA,NA,NA,NA,NA,High,High,High,High,Low,NA,NA,NA,NA,NA,NA,NA,NA,NA,NA,NA,NA,NA,NA,NA,NA,NA,NA,NA,NA,NA,NA,NA,NA,NA,NA,NA,NA,NA,NA,NA,NA,NA,NA,NA,NA,NA,NA,NA,NA,NA,NA,NA,NA,NA,NA,NA,NA,NA,NA,NA,NA,NA,NA,NA
NA,NA,NA,NA,NA,NA,NA,NA,NA,NA,NA,NA,NA,NA,NA,NA,313,2026-02-14,17:26:47,3,3,"Thomas, Parker",814826,Right,GEO_PAT,"Molony, Maddox",814829,Right,ORE_DUC,Undefined,7,Bottom,0,0,2,Sweeper,Curveball,BallCalled,Undefined,Undefined,Undefined,0,0,NA,77.81672,-1.53326,-2.800971,1985.668165,74.271024,08:30:00,5.95252,2.39436,5.16338,-51.75908,-3.45925,-18.25812,0.1941,-1.7655,71.17726,-10.843962,-6.034939,0.500201,NA,NA,NA,NA,NA,NA,NA,NA,NA,NA,NA,8.2602,-0.80287,-2.11821,50,5.76966,6.22946,-112.64958,-4.80928,10.41791,23.99384,-33.18665,ORE_DUC,GEO_PAT,PKPark,D1,BIG10,20260214-PKPark-2,6c5a8400-0a0d-11f1-802c-cb007da271b4,75.35462,NA,NA,6.63947,NA,NA,NA,NA,NA,NA,5ce813cb-c9e8-448f-bad2-0498063e9329,2026-02-15,01:26:47,2026-02-15T01:26:47Z,2026-02-15T01:26:47Z,NA,v3,4807,471300,82de864d38834b289bdde1d759a4a8fd,"Cowdrey, Vincent",1000469295,Right,GEO_PAT,e0992f01-2cb5-4145-bb64-56a8d5b89f3b,55.33656,-113.78056,11.99692,5.95949,-3.24498,-16.59332,-2.40027,5.7384,5.20895,NA,NA,NA,NA,NA,NA,NA,NA,NA,NA,NA,NA,NA,NA,NA,NA,NA,NA,NA,NA,NA,NA,NA,NA,NA,NA,NA,NA,NA,NA,NA,NA,NA,NA,NA,NA,NA,NA,NA,NA,NA,NA,NA,NA,NA,NA,NA,NA,NA,NA,High,High,High,NA,NA,NA,NA,NA,NA,NA,NA,NA,NA,NA,NA,NA,NA,NA,NA,NA,NA,NA,NA,NA,NA,NA,NA,NA,NA,NA,NA,NA,NA,NA,NA,NA,NA,NA,NA,NA,NA,NA,NA,NA,NA,NA,NA,NA,NA,NA,NA,NA,NA,NA,NA,NA,NA,NA,NA,NA
NA,NA,NA,NA,NA,NA,NA,NA,NA,NA,NA,NA,NA,NA,NA,NA,314,2026-02-14,17:27:07,3,4,"Thomas, Parker",814826,Right,GEO_PAT,"Molony, Maddox",814829,Right,ORE_DUC,Undefined,7,Bottom,0,1,2,Slider,Slider,StrikeSwinging,Strikeout,Undefined,Undefined,0,0,NA,81.82357,-1.019867,-2.880448,2171.098649,58.668756,08:00:00,5.77566,2.44945,5.10967,-43.81191,-0.00823,-2.63295,1.1625,-0.486,74.14266,-8.971799,-3.346176,0.476351,NA,NA,NA,NA,NA,NA,NA,NA,NA,NA,NA,0.35839,0.7815,-2.17576,50,5.64548,6.06832,-118.37588,-3.71247,0.49931,26.40856,-31.08517,ORE_DUC,GEO_PAT,PKPark,D1,BIG10,20260214-PKPark-2,78d4f170-0a0d-11f1-802c-cb007da271b4,79.1275,NA,NA,7.68092,NA,NA,NA,NA,NA,NA,5ce813cb-c9e8-448f-bad2-0498063e9329,2026-02-15,01:27:07,2026-02-15T01:27:07Z,2026-02-15T01:27:07Z,NA,v3,4807,471300,82de864d38834b289bdde1d759a4a8fd,"Cowdrey, Vincent",1000469295,Right,GEO_PAT,768d6a86-bf28-41d8-b5cd-edbe0f35087f,55.38709,-119.57165,13.20428,5.78171,-2.30494,-15.54259,-2.45002,6.04571,0.24966,NA,NA,NA,NA,NA,NA,NA,NA,NA,NA,NA,NA,NA,NA,NA,NA,NA,NA,NA,NA,NA,NA,NA,NA,NA,NA,NA,NA,50.74564,2.440015,1.013453,1.426562,1.27796,1.14053,0.49411,-5.83003,3.75095,4.58611,65.2117,10.27496,59.57287,-5.71188,54.87224,-3.59611,3.89978,26.63921,-15.51225,4.60295,40.48639,-1.36733,High,High,High,NA,NA,High,High,High,NA,NA,NA,NA,NA,NA,NA,NA,NA,NA,NA,NA,NA,NA,NA,NA,NA,NA,NA,NA,NA,NA,NA,NA,NA,NA,NA,NA,NA,NA,NA,NA,NA,NA,NA,NA,NA,NA,NA,NA,NA,NA,NA,NA,NA,NA,NA,NA,NA,NA,NA,NA
NA,NA,NA,NA,NA,NA,NA,NA,NA,NA,NA,NA,NA,NA,NA,NA,315,2026-02-14,17:27:45,4,1,"Thomas, Parker",814826,Right,GEO_PAT,"Holley, Tyler",823963,Right,ORE_DUC,Undefined,7,Bottom,1,0,0,Slider,Slider,BallCalled,Undefined,Undefined,Undefined,0,0,NA,80.03767,2.205466,-2.482512,1970.674989,49.231581,07:45:00,5.8806,2.61307,4.78343,-46.1651,-0.00264,-1.88622,4.1269,0.10143,72.31089,-6.167916,-2.813525,0.489008,NA,NA,NA,NA,NA,NA,NA,NA,NA,NA,NA,0.13976,-0.1889,-2.36323,50,6.06123,5.10082,-115.73736,2.72757,0.18718,24.12475,-32.42705,ORE_DUC,GEO_PAT,PKPark,D1,BIG10,20260214-PKPark-2,8f40d780-0a0d-11f1-802c-cb007da271b4,77.0794,NA,NA,7.72678,NA,NA,NA,NA,NA,NA,5ce813cb-c9e8-448f-bad2-0498063e9329,2026-02-15,01:27:45,2026-02-15T01:27:45Z,2026-02-15T01:27:45Z,NA,v3,4807,471300,82de864d38834b289bdde1d759a4a8fd,"Cowdrey, Vincent",1000469295,Right,GEO_PAT,969a5b26-c15b-4d8e-b1a2-219d20be2181,55.71251,-116.92203,12.06238,5.88819,4.31994,-16.21353,-2.61348,5.09163,0.09359,NA,NA,NA,NA,NA,NA,NA,NA,NA,NA,NA,NA,NA,NA,NA,NA,NA,NA,NA,NA,NA,NA,NA,NA,NA,NA,NA,NA,NA,NA,NA,NA,NA,NA,NA,NA,NA,NA,NA,NA,NA,NA,NA,NA,NA,NA,NA,NA,NA,NA,High,High,High,NA,NA,NA,NA,NA,NA,NA,NA,NA,NA,NA,NA,NA,NA,NA,NA,NA,NA,NA,NA,NA,NA,NA,NA,NA,NA,NA,NA,NA,NA,NA,NA,NA,NA,NA,NA,NA,NA,NA,NA,NA,NA,NA,NA,NA,NA,NA,NA,NA,NA,NA,NA,NA,NA,NA,NA,NA
NA,NA,NA,NA,NA,NA,NA,NA,NA,NA,NA,NA,NA,NA,NA,NA,316,2026-02-14,17:28:02,4,2,"Thomas, Parker",814826,Right,GEO_PAT,"Holley, Tyler",823963,Right,ORE_DUC,Undefined,7,Bottom,1,1,0,Sinker,Changeup,BallCalled,Undefined,Undefined,Undefined,0,0,NA,86.30769,-1.847813,-3.540833,1738.68826,255.183553,02:30:00,5.65292,2.57371,5.59392,-32.2284,5.9115,17.62229,1.23806,0.73203,78.96831,-7.770571,-0.397238,0.444489,NA,NA,NA,NA,NA,NA,NA,NA,NA,NA,NA,-9.9215,3.90248,-2.28142,50,5.47328,6.98874,-125.05602,-5.17771,-15.67214,25.81362,-26.00963,ORE_DUC,GEO_PAT,PKPark,D1,BIG10,20260214-PKPark-2,99400bc0-0a0d-11f1-802c-cb007da271b4,84.79946,NA,NA,7.33938,NA,NA,NA,NA,NA,NA,5ce813cb-c9e8-448f-bad2-0498063e9329,2026-02-15,01:28:02,2026-02-15T01:28:02Z,2026-02-15T01:28:02Z,NA,v3,4807,471300,82de864d38834b289bdde1d759a4a8fd,"Cowdrey, Vincent",1000469295,Right,GEO_PAT,c100d672-e6cb-4ef2-995d-980e5164be22,54.90496,-126.06442,12.90681,5.6557,-4.16165,-13.00482,-2.56639,7.60096,-7.83607,NA,NA,NA,NA,NA,NA,NA,NA,NA,NA,NA,NA,NA,NA,NA,NA,NA,NA,NA,NA,NA,NA,NA,NA,NA,NA,NA,NA,NA,NA,NA,NA,NA,NA,NA,NA,NA,NA,NA,NA,NA,NA,NA,NA,NA,NA,NA,NA,NA,NA,High,High,High,NA,NA,NA,NA,NA,NA,NA,NA,NA,NA,NA,NA,NA,NA,NA,NA,NA,NA,NA,NA,NA,NA,NA,NA,NA,NA,NA,NA,NA,NA,NA,NA,NA,NA,NA,NA,NA,NA,NA,NA,NA,NA,NA,NA,NA,NA,NA,NA,NA,NA,NA,NA,NA,NA,NA,NA,NA
NA,NA,NA,NA,NA,NA,NA,NA,NA,NA,NA,NA,NA,NA,NA,NA,317,2026-02-14,17:28:20,4,3,"Thomas, Parker",814826,Right,GEO_PAT,"Holley, Tyler",823963,Right,ORE_DUC,Undefined,7,Bottom,1,2,0,Slider,Slider,InPlay,Undefined,Popup,Out,1,0,NA,80.19643,0.053835,-1.752354,1858.407386,132.140132,10:30:00,5.77711,2.496,5.18338,-39.72553,5.55425,-4.3437,2.51733,0.48483,72.5705,-7.225438,-2.521758,0.48431,81.72476,60.098712,-3.01371,NA,NA,NA,NA,NA,34.43228,NA,NA,1.6091,3.19559,-2.32966,50,5.75221,3.73302,-116.16519,-1.26701,2.16438,24.93152,-27.87562,ORE_DUC,GEO_PAT,PKPark,D1,BIG10,20260214-PKPark-2,a3c0f320-0a0d-11f1-802c-cb007da271b4,77.82705,60.24646,NA,7.62593,NA,NA,NA,2.24395,2.68682,-0.53034,5ce813cb-c9e8-448f-bad2-0498063e9329,2026-02-15,01:28:20,2026-02-15T01:28:20Z,2026-02-15T01:28:20Z,NA,v3,4807,471300,82de864d38834b289bdde1d759a4a8fd,"Cowdrey, Vincent",1000469295,Right,GEO_PAT,7ccef5aa-70d8-476a-8a6e-b44135d41b61,55.31339,-117.30001,12.46576,5.78101,0.00182,-13.93781,-2.49734,3.6345,1.08219,181.071865,2.24395,59.66982,-19.07665,5.82358,-1.47412,0.3489,-0.0832,0.01843,-0.00285,2.68682,103.90731,-25.1542,2.2573,-0.19846,-0.03137,0.02119,-0.00644,0.00106,-0.53034,-3.14148,1.20207,0.54875,-0.25846,0.07836,-0.02112,0.00494,-7.2e-4,NA,NA,NA,NA,NA,NA,NA,NA,NA,NA,NA,NA,NA,NA,NA,NA,NA,NA,NA,NA,NA,NA,High,High,High,High,Undefined,NA,NA,NA,NA,NA,NA,NA,NA,NA,NA,NA,NA,NA,NA,NA,NA,NA,NA,NA,NA,NA,NA,NA,NA,NA,NA,NA,NA,NA,NA,NA,NA,NA,NA,NA,NA,NA,NA,NA,NA,NA,NA,NA,NA,NA,NA,NA,NA,NA,NA,NA,NA,NA,NA,NA
NA,NA,NA,NA,NA,NA,NA,NA,NA,NA,NA,NA,NA,NA,NA,NA,318,2026-02-14,17:28:56,5,1,"Thomas, Parker",814826,Right,GEO_PAT,"Mabeus, Burke",1000222806,Left,ORE_DUC,Undefined,7,Bottom,2,0,0,Sweeper,Curveball,InPlay,Undefined,FlyBall,Out,1,0,NA,77.43177,1.27551,-1.208378,2070.986912,95.578485,09:15:00,5.75533,2.64363,5.06839,-45.53349,2.4639,-10.21398,3.16395,0.65298,71.16264,-6.992273,-3.01352,0.498632,94.54296,35.81472,4.504576,4281.917468,109.81083,78.44836,6.4469900000000004,353.13793,349.62084,2.494623,5.831285,4.78685,1.25335,-2.52029,50,5.84015,2.77381,-112.37264,0.93205,6.12636,20.19091,-30.56997,ORE_DUC,GEO_PAT,PKPark,D1,BIG10,20260214-PKPark-2,b9961770-0a0d-11f1-802c-cb007da271b4,75.59169,111.94804,NA,6.26913,NA,NA,NA,2.12763,3.35845,-0.68184,5ce813cb-c9e8-448f-bad2-0498063e9329,2026-02-15,01:28:56,2026-02-15T01:28:56Z,2026-02-15T01:28:56Z,FlyBall,v3,4807,471300,82de864d38834b289bdde1d759a4a8fd,"Cowdrey, Vincent",1000469295,Right,GEO_PAT,978eb064-c821-4129-8d83-5f49f9235d91,55.43172,-113.3444,10.09546,5.75989,2.40334,-15.28499,-2.64669,2.47895,3.06318,175.78671,2.13405,111.97817,-24.63029,5.88568,-0.91713,0.06173,0.0052,-0.00116,6e-5,3.35316,81.22601,-15.84303,-0.04602,0.22127,-0.07606,0.01738,-0.00216,1e-4,-0.68117,8.81823,-3.30043,0.9294,-0.18222,0.02289,-0.00141,1e-5,0,NA,NA,NA,NA,NA,NA,NA,NA,NA,NA,NA,NA,NA,NA,NA,NA,NA,NA,NA,NA,NA,NA,High,High,High,High,High,NA,NA,NA,NA,NA,NA,NA,NA,NA,NA,NA,NA,NA,NA,NA,NA,NA,NA,NA,NA,NA,NA,NA,NA,NA,NA,NA,NA,NA,NA,NA,NA,NA,NA,NA,NA,NA,NA,NA,NA,NA,NA,NA,NA,NA,NA,NA,NA,NA,NA,NA,NA,NA,NA,NA
NA,NA,NA,NA,NA,NA,NA,NA,NA,NA,NA,NA,NA,NA,NA,NA,319,2026-02-14,17:31:49,1,1,"Meckna, Michael",815657,Right,ORE_DUC,"Blanchard, Evan",10073877,Right,GEO_PAT,Undefined,8,Top,0,0,0,Sinker,Sinker,BallCalled,Undefined,Undefined,Undefined,0,0,NA,92.23451,-3.538378,-3.611736,2371.345244,230.667386,01:45:00,5.95341,1.42693,6.22002,-21.20281,11.58701,12.78292,0.91082,-0.84497,84.07931,-7.521121,-1.306794,0.412136,NA,NA,NA,NA,NA,NA,NA,NA,NA,NA,NA,-7.7013,7.38638,-1.16259,50,5.67727,7.89619,-133.5272,-8.93933,-13.8225,30.3301,-18.91675,ORE_DUC,GEO_PAT,PKPark,D1,BIG10,20260214-PKPark-2,207e6410-0a0e-11f1-802c-cb007da271b4,91.45625,NA,NA,8.1552,NA,NA,NA,NA,NA,NA,5ce813cb-c9e8-448f-bad2-0498063e9329,2026-02-15,01:31:49,2026-02-15T01:31:49Z,2026-02-15T01:31:49Z,NA,v3,4807,471300,82de864d38834b289bdde1d759a4a8fd,"Mabeus, Burke",1000222806,Right,ORE_DUC,f4cceed7-671f-4559-a334-53e770d22b68,54.27825,-134.49547,15.16505,5.95301,-8.33542,-9.45837,-1.42171,8.33747,-6.91125,NA,NA,NA,NA,NA,NA,NA,NA,NA,NA,NA,NA,NA,NA,NA,NA,NA,NA,NA,NA,NA,NA,NA,NA,NA,NA,NA,NA,NA,NA,NA,NA,NA,NA,NA,NA,NA,NA,NA,NA,NA,NA,NA,NA,NA,NA,NA,NA,NA,NA,High,High,High,NA,NA,NA,NA,NA,NA,NA,NA,NA,NA,NA,NA,NA,NA,NA,NA,NA,NA,NA,NA,NA,NA,NA,NA,NA,NA,NA,NA,NA,NA,NA,NA,NA,NA,NA,NA,NA,NA,NA,NA,NA,NA,NA,NA,NA,NA,NA,NA,NA,NA,NA,NA,NA,NA,NA,NA,NA
NA,NA,NA,NA,NA,NA,NA,NA,NA,NA,NA,NA,NA,NA,NA,NA,320,2026-02-14,17:32:07,1,2,"Meckna, Michael",815657,Right,ORE_DUC,"Blanchard, Evan",10073877,Right,GEO_PAT,Undefined,8,Top,0,1,0,Sinker,Sinker,BallCalled,Undefined,Undefined,Undefined,0,0,NA,91.60996,-1.529318,-3.931283,2402.065992,243.021426,02:00:00,5.91086,1.57634,6.06103,-26.20517,7.25193,11.99068,2.308,-1.06865,83.18723,-6.420592,-1.777401,0.416309,NA,NA,NA,NA,NA,NA,NA,NA,NA,NA,NA,-7.31634,4.55429,-1.27692,50,5.77808,8.59662,-132.68778,-4.44241,-12.93764,30.54387,-24.12061,ORE_DUC,GEO_PAT,PKPark,D1,BIG10,20260214-PKPark-2,2b3f88c0-0a0e-11f1-802c-cb007da271b4,90.53961,NA,NA,8.42272,NA,NA,NA,NA,NA,NA,5ce813cb-c9e8-448f-bad2-0498063e9329,2026-02-15,01:32:07,2026-02-15T01:32:07Z,2026-02-15T01:32:07Z,NA,v3,4807,471300,82de864d38834b289bdde1d759a4a8fd,"Mabeus, Burke",1000222806,Right,ORE_DUC,85f44e13-1ad7-48e7-b91d-0db2fb5d31be,54.43552,-133.70491,15.27194,5.91264,-3.63918,-12.06031,-1.57036,9.02746,-6.46882,NA,NA,NA,NA,NA,NA,NA,NA,NA,NA,NA,NA,NA,NA,NA,NA,NA,NA,NA,NA,NA,NA,NA,NA,NA,NA,NA,NA,NA,NA,NA,NA,NA,NA,NA,NA,NA,NA,NA,NA,NA,NA,NA,NA,NA,NA,NA,NA,NA,NA,High,High,High,NA,NA,NA,NA,NA,NA,NA,NA,NA,NA,NA,NA,NA,NA,NA,NA,NA,NA,NA,NA,NA,NA,NA,NA,NA,NA,NA,NA,NA,NA,NA,NA,NA,NA,NA,NA,NA,NA,NA,NA,NA,NA,NA,NA,NA,NA,NA,NA,NA,NA,NA,NA,NA,NA,NA,NA,NA
NA,NA,NA,NA,NA,NA,NA,NA,NA,NA,NA,NA,NA,NA,NA,NA,321,2026-02-14,17:32:26,1,3,"Meckna, Michael",815657,Right,ORE_DUC,"Blanchard, Evan",10073877,Right,GEO_PAT,Undefined,8,Top,0,2,0,Sinker,Four-Seam,FoulBallNotFieldable,Undefined,Undefined,Undefined,0,0,NA,91.78345,-2.05248,-2.253122,2365.033932,225.89274,01:30:00,6.03738,1.47509,5.91138,-21.18604,12.09981,11.35343,2.36461,0.32893,83.72386,-6.024177,-0.215018,0.415242,86.43442,-18.847829,-57.729733,NA,NA,NA,NA,8.74328,3.5849,-45.590345,0.059056,-6.50099,7.12437,-1.30094,50,5.86054,4.75394,-133.16415,-5.4756,-11.62752,29.64326,-19.43159,ORE_DUC,GEO_PAT,PKPark,D1,BIG10,20260214-PKPark-2,368c4ba0-0a0e-11f1-802c-cb007da271b4,90.77223,2.42391,NA,8.05959,NA,NA,NA,2.32721,2.42391,-0.24183,5ce813cb-c9e8-448f-bad2-0498063e9329,2026-02-15,01:32:26,2026-02-15T01:32:26Z,2026-02-15T01:32:26Z,GroundBall,v3,4807,471300,82de864d38834b289bdde1d759a4a8fd,"Mabeus, Burke",1000222806,Right,ORE_DUC,ba46f82f-5a81-435e-b61c-ae03c0e96c1e,54.58736,-134.18144,14.82163,6.03701,-4.80875,-9.71579,-1.47094,5.15298,-5.81376,NA,2.32587,64.19656,NA,NA,NA,NA,NA,NA,NA,2.42477,-41.0443,NA,NA,NA,NA,NA,NA,NA,-0.2397,-101.66569,NA,NA,NA,NA,NA,NA,NA,NA,NA,NA,NA,NA,NA,NA,NA,NA,NA,NA,NA,NA,NA,NA,NA,NA,NA,NA,NA,NA,NA,High,High,High,Low,Low,NA,NA,NA,NA,NA,NA,NA,NA,NA,NA,NA,NA,NA,NA,NA,NA,NA,NA,NA,NA,NA,NA,NA,NA,NA,NA,NA,NA,NA,NA,NA,NA,NA,NA,NA,NA,NA,NA,NA,NA,NA,NA,NA,NA,NA,NA,NA,NA,NA,NA,NA,NA,NA,NA,NA
NA,NA,NA,NA,NA,NA,NA,NA,NA,NA,NA,NA,NA,NA,NA,NA,322,2026-02-14,17:32:52,1,4,"Meckna, Michael",815657,Right,ORE_DUC,"Blanchard, Evan",10073877,Right,GEO_PAT,Undefined,8,Top,0,2,1,Sinker,Sinker,InPlay,Undefined,GroundBall,Out,1,0,NA,92.14872,-1.809488,-2.796908,2333.383301,236.098762,01:45:00,5.92542,1.37564,6.2386,-22.03808,10.62008,14.19162,2.41725,-0.02371,83.95364,-5.959639,-0.234599,0.411308,84.56674,-38.567386,-15.039975,NA,NA,NA,NA,3.81955,3.81955,-11.214178,0.03047,-8.18583,6.36359,-1.17394,50,5.77953,5.94163,-133.71475,-4.92785,-14.7445,30.21211,-20.71182,ORE_DUC,GEO_PAT,PKPark,D1,BIG10,20260214-PKPark-2,45d84fa0-0a0e-11f1-802c-cb007da271b4,91.64039,2.36165,NA,8.19507,NA,NA,NA,0.88623,2.36165,0.02576,5ce813cb-c9e8-448f-bad2-0498063e9329,2026-02-15,01:32:52,2026-02-15T01:32:52Z,2026-02-15T01:32:52Z,GroundBall,v3,4807,471300,82de864d38834b289bdde1d759a4a8fd,"Mabeus, Burke",1000222806,Right,ORE_DUC,aa13d9be-f233-47ef-8214-673707ed91c6,54.25984,-134.6738,15.10605,5.92553,-4.27038,-10.35591,-1.36998,6.40967,-7.37225,NA,0.88515,93.87532,NA,NA,NA,NA,NA,NA,NA,2.36255,-77.50725,NA,NA,NA,NA,NA,NA,NA,0.02606,-25.22403,NA,NA,NA,NA,NA,NA,NA,NA,NA,NA,NA,NA,NA,NA,NA,NA,NA,NA,NA,NA,NA,NA,NA,NA,NA,NA,NA,NA,NA,High,High,High,Estimated,Estimated,NA,NA,NA,NA,NA,NA,NA,NA,NA,NA,NA,NA,NA,NA,NA,NA,NA,NA,NA,NA,NA,NA,NA,NA,NA,NA,NA,NA,NA,NA,NA,NA,NA,NA,NA,NA,NA,NA,NA,NA,NA,NA,NA,NA,NA,NA,NA,NA,NA,NA,NA,NA,NA,NA,NA
NA,NA,NA,NA,NA,NA,NA,NA,NA,NA,NA,NA,NA,NA,NA,NA,323,2026-02-14,17:33:27,2,1,"Meckna, Michael",815657,Right,ORE_DUC,"Westley, Matthew",824016,Right,GEO_PAT,Undefined,8,Top,1,0,0,Fastball,Four-Seam,FoulBallNotFieldable,Undefined,Undefined,Undefined,0,0,NA,92.24868,-1.296261,-2.184461,2441.851321,208.582453,01:00:00,6.03102,1.62143,5.98178,-19.57761,13.17745,6.61008,3.19697,0.1465,84.26659,-4.984253,-0.996856,0.411918,76.05289,56.148295,114.130568,5735.160416,NA,NA,NA,NA,26.89515,NA,NA,-4.02662,7.45619,-1.45256,50,5.91774,4.82723,-133.9322,-3.66269,-7.30505,29.25237,-18.6471,ORE_DUC,GEO_PAT,PKPark,D1,BIG10,20260214-PKPark-2,5b28b390-0a0e-11f1-802c-cb007da271b4,91.50479,39.60042,NA,7.98209,NA,NA,NA,0.85439,3.00379,-0.11311,5ce813cb-c9e8-448f-bad2-0498063e9329,2026-02-15,01:33:27,2026-02-15T01:33:27Z,2026-02-15T01:33:27Z,NA,v3,4807,471300,82de864d38834b289bdde1d759a4a8fd,"Mabeus, Burke",1000222806,Right,ORE_DUC,cbc19214-a47b-45b1-8529-1564c2690fca,54.51678,-134.91511,14.62618,6.03029,-3.03613,-9.32355,-1.61889,5.07269,-3.65253,326.146167,0.87261,-25.93519,-5.78691,NA,NA,NA,NA,NA,NA,3.0266,91.97755,-29.23257,NA,NA,NA,NA,NA,NA,-0.09802,56.27006,-10.76318,NA,NA,NA,NA,NA,NA,NA,NA,NA,NA,NA,NA,NA,NA,NA,NA,NA,NA,NA,NA,NA,NA,NA,NA,NA,NA,NA,NA,High,High,High,High,Undefined,NA,NA,NA,NA,NA,NA,NA,NA,NA,NA,NA,NA,NA,NA,NA,NA,NA,NA,NA,NA,NA,NA,NA,NA,NA,NA,NA,NA,NA,NA,NA,NA,NA,NA,NA,NA,NA,NA,NA,NA,NA,NA,NA,NA,NA,NA,NA,NA,NA,NA,NA,NA,NA,NA,NA
NA,NA,NA,NA,NA,NA,NA,NA,NA,NA,NA,NA,NA,NA,NA,NA,324,2026-02-14,17:33:54,2,2,"Meckna, Michael",815657,Right,ORE_DUC,"Westley, Matthew",824016,Right,GEO_PAT,Undefined,8,Top,1,0,1,Sinker,Four-Seam,StrikeCalled,Undefined,Undefined,Undefined,0,0,NA,92.37003,-2.997757,-3.064018,2480.279115,221.566237,01:30:00,6.09898,1.37303,6.00701,-20.1684,12.6145,10.23552,1.63445,-0.61542,84.42586,-6.779866,-1.225033,0.412093,NA,NA,NA,NA,NA,NA,NA,NA,NA,NA,NA,-6.10347,7.65768,-1.1376,50,5.85198,6.71809,-133.84227,-7.67135,-11.05404,29.310669999999998,-18.30518,ORE_DUC,GEO_PAT,PKPark,D1,BIG10,20260214-PKPark-2,6b3e2210-0a0e-11f1-802c-cb007da271b4,91.46587,NA,NA,7.94416,NA,NA,NA,NA,NA,NA,5ce813cb-c9e8-448f-bad2-0498063e9329,2026-02-15,01:33:54,2026-02-15T01:33:54Z,2026-02-15T01:33:54Z,NA,v3,4807,471300,82de864d38834b289bdde1d759a4a8fd,"Mabeus, Burke",1000222806,Right,ORE_DUC,fadba13c-03db-4af2-8878-720e7d8727d8,54.49021,-134.82201,14.65534,6.09817,-7.05948,-9.15259,-1.36834,7.08759,-5.52702,NA,NA,NA,NA,NA,NA,NA,NA,NA,NA,NA,NA,NA,NA,NA,NA,NA,NA,NA,NA,NA,NA,NA,NA,NA,NA,NA,NA,NA,NA,NA,NA,NA,NA,NA,NA,NA,NA,NA,NA,NA,NA,NA,NA,NA,NA,NA,NA,NA,NA,High,High,High,NA,NA,NA,NA,NA,NA,NA,NA,NA,NA,NA,NA,NA,NA,NA,NA,NA,NA,NA,NA,NA,NA,NA,NA,NA,NA,NA,NA,NA,NA,NA,NA,NA,NA,NA,NA,NA,NA,NA,NA,NA,NA,NA,NA,NA,NA,NA,NA,NA,NA,NA,NA,NA,NA,NA,NA,NA
NA,NA,NA,NA,NA,NA,NA,NA,NA,NA,NA,NA,NA,NA,NA,NA,325,2026-02-14,17:34:20,2,3,"Meckna, Michael",815657,Right,ORE_DUC,"Westley, Matthew",824016,Right,GEO_PAT,Undefined,8,Top,1,0,2,Slider,Slider,StrikeSwinging,Strikeout,Undefined,Undefined,0,0,NA,81.74225,-0.983295,-1.872608,2764.641452,76.81628,08:30:00,5.86351,1.79651,5.462,-46.51522,-2.97075,-19.64123,1.06632,-1.5936,73.87232,-9.458878,-5.372606,0.474939,NA,NA,NA,NA,NA,NA,NA,NA,NA,NA,NA,9.18221,-0.62532,-1.61806,50,5.74566,4.68955,-118.36506,-3.6797,12.687,28.08208,-33.03802,ORE_DUC,GEO_PAT,PKPark,D1,BIG10,20260214-PKPark-2,7a8da880-0a0e-11f1-802c-cb007da271b4,79.36266,NA,NA,7.86992,NA,NA,NA,NA,NA,NA,5ce813cb-c9e8-448f-bad2-0498063e9329,2026-02-15,01:34:20,2026-02-15T01:34:20Z,2026-02-15T01:34:20Z,NA,v3,4807,471300,82de864d38834b289bdde1d759a4a8fd,"Mabeus, Burke",1000222806,Right,ORE_DUC,939ee4f6-44ff-4a0e-a141-4ac467443ade,55.03487,-119.55362,14.04104,5.8718,-2.28139,-16.51901,-1.80518,4.15258,6.3435,NA,NA,NA,NA,NA,NA,NA,NA,NA,NA,NA,NA,NA,NA,NA,NA,NA,NA,NA,NA,NA,NA,NA,NA,NA,NA,NA,NA,NA,NA,NA,NA,NA,NA,NA,NA,NA,NA,NA,NA,NA,NA,NA,NA,NA,NA,NA,NA,NA,NA,High,High,High,NA,NA,NA,NA,NA,NA,NA,NA,NA,NA,NA,NA,NA,NA,NA,NA,NA,NA,NA,NA,NA,NA,NA,NA,NA,NA,NA,NA,NA,NA,NA,NA,NA,NA,NA,NA,NA,NA,NA,NA,NA,NA,NA,NA,NA,NA,NA,NA,NA,NA,NA,NA,NA,NA,NA,NA,NA
NA,NA,NA,NA,NA,NA,NA,NA,NA,NA,NA,NA,NA,NA,NA,NA,326,2026-02-14,17:34:52,3,1,"Meckna, Michael",815657,Right,ORE_DUC,"Tignor, Laken",1000091229,Right,GEO_PAT,Undefined,8,Top,2,0,0,Sinker,Sinker,InPlay,Undefined,GroundBall,Out,1,0,NA,92.40178,-2.412218,-3.11334,2446.482657,229.981233,01:45:00,6.0031,1.53294,6.31882,-21.44773,11.01843,11.81938,1.98948,-0.3524,84.12072,-6.457609,-0.977155,0.410097,69.19703,-35.980847,1.132932,NA,NA,NA,NA,3.54027,3.54027,6.718893,0.032218,-7.08426,6.77748,-1.31059,50,5.81621,6.8009,-133.98726,-6.31853,-12.79361,30.73021,-19.93447,ORE_DUC,GEO_PAT,PKPark,D1,BIG10,20260214-PKPark-2,8d8157c0-0a0e-11f1-802c-cb007da271b4,91.91097,1.92656,NA,8.28106,NA,NA,NA,0.86293,1.92656,0.36174,5ce813cb-c9e8-448f-bad2-0498063e9329,2026-02-15,01:34:52,2026-02-15T01:34:52Z,2026-02-15T01:34:52Z,GroundBall,v3,4807,471300,82de864d38834b289bdde1d759a4a8fd,"Mabeus, Burke",1000222806,Right,ORE_DUC,1eb230eb-ac2d-479c-b758-fd31545f3d13,54.17938,-134.9424,15.36511,6.00297,-5.69893,-9.96724,-1.52815,7.19854,-6.3968,NA,0.8617,82.34687,NA,NA,NA,NA,NA,NA,NA,1.92745,-59.79814,NA,NA,NA,NA,NA,NA,NA,0.36172,1.62849,NA,NA,NA,NA,NA,NA,NA,NA,NA,NA,NA,NA,NA,NA,NA,NA,NA,NA,NA,NA,NA,NA,NA,NA,NA,NA,NA,NA,NA,High,High,High,Estimated,Estimated,NA,NA,NA,NA,NA,NA,NA,NA,NA,NA,NA,NA,NA,NA,NA,NA,NA,NA,NA,NA,NA,NA,NA,NA,NA,NA,NA,NA,NA,NA,NA,NA,NA,NA,NA,NA,NA,NA,NA,NA,NA,NA,NA,NA,NA,NA,NA,NA,NA,NA,NA,NA,NA,NA,NA
NA,NA,NA,NA,NA,NA,NA,NA,NA,NA,NA,NA,NA,NA,NA,NA,327,2026-02-14,17:38:07,1,1,"Kaler, Tanner",822634,Left,GEO_PAT,"Cook, Elijah",827730,Right,ORE_DUC,Undefined,8,Bottom,0,0,0,Fastball,Four-Seam,BallCalled,Undefined,Undefined,Undefined,0,0,NA,88.23768,-1.187468,1.354221,1957.107203,147.178233,11:00:00,5.8776,-1.75102,6.34157,-18.92072,16.14473,-9.73544,3.20719,-1.31534,81.10014,-4.783048,-0.408019,0.426198,NA,NA,NA,NA,NA,NA,NA,NA,NA,NA,NA,5.40973,9.04327,1.65681,50,5.78206,-2.64891,-128.29679,-3.18327,9.06501,25.21097,-17.02036,ORE_DUC,GEO_PAT,PKPark,D1,BIG10,20260214-PKPark-2,01c5bf40-0a0f-11f1-802c-cb007da271b4,88.43887,NA,NA,7.13754,NA,NA,NA,NA,NA,NA,5ce813cb-c9e8-448f-bad2-0498063e9329,2026-02-15,01:38:07,2026-02-15T01:38:07Z,2026-02-15T01:38:07Z,NA,v3,4807,471300,82de864d38834b289bdde1d759a4a8fd,"Cowdrey, Vincent",1000469295,Right,GEO_PAT,a4642cc4-5e15-4acb-9217-4964176b7969,54.15651,-129.11098,12.60549,5.87598,-2.63359,-8.51018,1.74709,-2.94166,4.53251,NA,NA,NA,NA,NA,NA,NA,NA,NA,NA,NA,NA,NA,NA,NA,NA,NA,NA,NA,NA,NA,NA,NA,NA,NA,NA,NA,NA,NA,NA,NA,NA,NA,NA,NA,NA,NA,NA,NA,NA,NA,NA,NA,NA,NA,NA,NA,NA,NA,NA,High,High,High,NA,NA,NA,NA,NA,NA,NA,NA,NA,NA,NA,NA,NA,NA,NA,NA,NA,NA,NA,NA,NA,NA,NA,NA,NA,NA,NA,NA,NA,NA,NA,NA,NA,NA,NA,NA,NA,NA,NA,NA,NA,NA,NA,NA,NA,NA,NA,NA,NA,NA,NA,NA,NA,NA,NA,NA,NA
NA,NA,NA,NA,NA,NA,NA,NA,NA,NA,NA,NA,NA,NA,NA,NA,328,2026-02-14,17:38:25,1,2,"Kaler, Tanner",822634,Left,GEO_PAT,"Cook, Elijah",827730,Right,ORE_DUC,Undefined,8,Bottom,0,1,0,Fastball,Four-Seam,StrikeSwinging,Undefined,Undefined,Undefined,0,0,NA,88.2331,-1.211466,1.779466,1961.300699,148.746501,11:00:00,5.92945,-1.5875,6.46319,-18.57324,16.40257,-9.30646,3.26824,-0.72807,80.95198,-4.755691,0.091568,0.425653,NA,NA,NA,NA,NA,NA,NA,NA,NA,NA,NA,5.3613,9.24634,1.46583,50,5.8354,-3.63077,-128.28154,-3.2117,8.96149,25.77218,-16.71868,ORE_DUC,GEO_PAT,PKPark,D1,BIG10,20260214-PKPark-2,0c629310-0a0f-11f1-802c-cb007da271b4,88.55214,NA,NA,7.28112,NA,NA,NA,NA,NA,NA,5ce813cb-c9e8-448f-bad2-0498063e9329,2026-02-15,01:38:25,2026-02-15T01:38:25Z,2026-02-15T01:38:25Z,NA,v3,4807,471300,82de864d38834b289bdde1d759a4a8fd,"Cowdrey, Vincent",1000469295,Right,GEO_PAT,8ff3c4aa-3df0-433b-a535-1cae94aac212,54.03569,-129.08978,12.88609,5.9279,-2.68739,-8.35934,1.5841,-3.91181,4.48074,NA,NA,NA,NA,NA,NA,NA,NA,NA,NA,NA,NA,NA,NA,NA,NA,NA,NA,NA,NA,NA,NA,NA,NA,NA,NA,NA,NA,NA,NA,NA,NA,NA,NA,NA,NA,NA,NA,NA,NA,NA,NA,NA,NA,NA,NA,NA,NA,NA,NA,High,High,High,NA,NA,NA,NA,NA,NA,NA,NA,NA,NA,NA,NA,NA,NA,NA,NA,NA,NA,NA,NA,NA,NA,NA,NA,NA,NA,NA,NA,NA,NA,NA,NA,NA,NA,NA,NA,NA,NA,NA,NA,NA,NA,NA,NA,NA,NA,NA,NA,NA,NA,NA,NA,NA,NA,NA,NA,NA
NA,NA,NA,NA,NA,NA,NA,NA,NA,NA,NA,NA,NA,NA,NA,NA,329,2026-02-14,17:38:43,1,3,"Kaler, Tanner",822634,Left,GEO_PAT,"Cook, Elijah",827730,Right,ORE_DUC,Undefined,8,Bottom,0,1,1,ChangeUp,Changeup,StrikeSwinging,Undefined,Undefined,Undefined,0,0,NA,83.26362,-2.630442,3.21501,1594.10151,93.419647,09:00:00,5.84818,-1.7858,6.61953,-37.09616,2.32492,-17.56343,0.34244,-0.3021,76.5359,-9.526201,0.014863,0.451893,NA,NA,NA,NA,NA,NA,NA,NA,NA,NA,NA,10.29107,2.3198,1.57454,50,5.65403,-6.18793,-120.85624,-6.62635,15.14694,24.62186,-28.75967,ORE_DUC,GEO_PAT,PKPark,D1,BIG10,20260214-PKPark-2,178586d0-0a0f-11f1-802c-cb007da271b4,83.41009,NA,NA,6.72772,NA,NA,NA,NA,NA,NA,5ce813cb-c9e8-448f-bad2-0498063e9329,2026-02-15,01:38:43,2026-02-15T01:38:43Z,2026-02-15T01:38:43Z,NA,v3,4807,471300,82de864d38834b289bdde1d759a4a8fd,"Cowdrey, Vincent",1000469295,Right,GEO_PAT,58b57e7c-5f89-40ae-a137-654b445de4bc,53.88174,-121.64449,12.31093,5.85143,-5.70563,-14.37983,1.7804,-6.67285,7.57347,NA,NA,NA,NA,NA,NA,NA,NA,NA,NA,NA,NA,NA,NA,NA,NA,NA,NA,NA,NA,NA,NA,NA,NA,NA,NA,NA,NA,NA,NA,NA,NA,NA,NA,NA,NA,NA,NA,NA,NA,NA,NA,NA,NA,NA,NA,NA,NA,NA,NA,High,High,High,NA,NA,NA,NA,NA,NA,NA,NA,NA,NA,NA,NA,NA,NA,NA,NA,NA,NA,NA,NA,NA,NA,NA,NA,NA,NA,NA,NA,NA,NA,NA,NA,NA,NA,NA,NA,NA,NA,NA,NA,NA,NA,NA,NA,NA,NA,NA,NA,NA,NA,NA,NA,NA,NA,NA,NA,NA
NA,NA,NA,NA,NA,NA,NA,NA,NA,NA,NA,NA,NA,NA,NA,NA,330,2026-02-14,17:39:06,1,4,"Kaler, Tanner",822634,Left,GEO_PAT,"Cook, Elijah",827730,Right,ORE_DUC,Undefined,8,Bottom,0,1,2,Fastball,Sinker,StrikeSwinging,Strikeout,Undefined,Undefined,0,0,NA,90.07739,-1.532082,2.405316,2007.355233,145.669661,10:45:00,5.94921,-1.66318,6.63392,-15.00139,18.458,-11.88379,3.29487,-0.45008,82.35391,-4.438466,0.244331,0.416323,NA,NA,NA,NA,NA,NA,NA,NA,NA,NA,NA,6.88957,10.44764,1.50469,50,5.83888,-5.03424,-130.88438,-3.85653,11.957,27.49637,-14.04196,ORE_DUC,GEO_PAT,PKPark,D1,BIG10,20260214-PKPark-2,24fb4430-0a0f-11f1-802c-cb007da271b4,90.53652,NA,NA,7.72348,NA,NA,NA,NA,NA,NA,5ce813cb-c9e8-448f-bad2-0498063e9329,2026-02-15,01:39:06,2026-02-15T01:39:06Z,2026-02-15T01:39:06Z,NA,v3,4807,471300,82de864d38834b289bdde1d759a4a8fd,"Cowdrey, Vincent",1000469295,Right,GEO_PAT,afdddb66-a593-45f4-b6e6-3aa912f186ee,53.86382,-131.6936,13.74819,5.9463,-3.44328,-7.02098,1.65802,-5.38613,5.9785,NA,NA,NA,NA,NA,NA,NA,NA,NA,NA,NA,NA,NA,NA,NA,NA,NA,NA,NA,NA,NA,NA,NA,NA,NA,NA,NA,NA,55.69622,2.586692,1.321165,1.265527,-1.61312,3.05435,0.44046,-5.66664,3.8607,5.16153,69.95726,10.97927,54.82844,-5.57216,65.17258,-4.3171,3.9621,25.19554,-15.50074,5.16073,40.44331,-0.9462,High,High,High,NA,NA,High,High,High,NA,NA,NA,NA,NA,NA,NA,NA,NA,NA,NA,NA,NA,NA,NA,NA,NA,NA,NA,NA,NA,NA,NA,NA,NA,NA,NA,NA,NA,NA,NA,NA,NA,NA,NA,NA,NA,NA,NA,NA,NA,NA,NA,NA,NA,NA,NA,NA,NA,NA,NA,NA
NA,NA,NA,NA,NA,NA,NA,NA,NA,NA,NA,NA,NA,NA,NA,NA,331,2026-02-14,17:39:52,2,1,"Kaler, Tanner",822634,Left,GEO_PAT,"Morgan, Owen",834586,Left,ORE_DUC,Undefined,8,Bottom,1,0,0,Fastball,Four-Seam,StrikeCalled,Undefined,Undefined,Undefined,0,0,NA,89.92826,-3.424836,3.075993,2004.960603,157.30857,11:15:00,5.90837,-1.30426,6.6334,-12.54107,21.22462,-8.41032,1.71946,0.81376,82.1322,-5.879653,1.548428,0.418224,NA,NA,NA,NA,NA,NA,NA,NA,NA,NA,NA,5.28422,12.46737,1.09917,50,5.67055,-6.68165,-130.38627,-8.07194,9.08306,27.79921,-10.74395,ORE_DUC,GEO_PAT,PKPark,D1,BIG10,20260214-PKPark-2,404113f0-0a0f-11f1-802c-cb007da271b4,90.12491,NA,NA,7.79606,NA,NA,NA,NA,NA,NA,5ce813cb-c9e8-448f-bad2-0498063e9329,2026-02-15,01:39:52,2026-02-15T01:39:52Z,2026-02-15T01:39:52Z,NA,v3,4807,471300,82de864d38834b289bdde1d759a4a8fd,"Cowdrey, Vincent",1000469295,Right,GEO_PAT,a931ede1-ada9-4c86-90a4-7e66bb9b29b6,53.86429,-131.20758,13.8996,5.90434,-7.75451,-5.37198,1.30053,-6.95001,4.54153,NA,NA,NA,NA,NA,NA,NA,NA,NA,NA,NA,NA,NA,NA,NA,NA,NA,NA,NA,NA,NA,NA,NA,NA,NA,NA,NA,NA,NA,NA,NA,NA,NA,NA,NA,NA,NA,NA,NA,NA,NA,NA,NA,NA,NA,NA,NA,NA,NA,NA,High,High,High,NA,NA,NA,NA,NA,NA,NA,NA,NA,NA,NA,NA,NA,NA,NA,NA,NA,NA,NA,NA,NA,NA,NA,NA,NA,NA,NA,NA,NA,NA,NA,NA,NA,NA,NA,NA,NA,NA,NA,NA,NA,NA,NA,NA,NA,NA,NA,NA,NA,NA,NA,NA,NA,NA,NA,NA,NA
NA,NA,NA,NA,NA,NA,NA,NA,NA,NA,NA,NA,NA,NA,NA,NA,332,2026-02-14,17:40:10,2,2,"Kaler, Tanner",822634,Left,GEO_PAT,"Morgan, Owen",834586,Left,ORE_DUC,Undefined,8,Bottom,1,0,1,Fastball,Sinker,StrikeSwinging,Undefined,Undefined,Undefined,0,0,NA,89.86913,-3.268739,1.56003,2007.639291,136.84511,10:30:00,5.88017,-1.37983,6.09141,-17.07214,17.3408,-15.21556,1.42952,-1.20442,82.27696,-6.506337,-1.181874,0.422213,NA,NA,NA,NA,NA,NA,NA,NA,NA,NA,NA,8.29898,10.20583,1.2675399999999999,50,5.61886,-2.92501,-130.3865,-7.93891,14.2775,27.57762,-14.61601,ORE_DUC,GEO_PAT,PKPark,D1,BIG10,20260214-PKPark-2,4b3a1180-0a0f-11f1-802c-cb007da271b4,89.27342,NA,NA,7.59217,NA,NA,NA,NA,NA,NA,5ce813cb-c9e8-448f-bad2-0498063e9329,2026-02-15,01:40:10,2026-02-15T01:40:10Z,2026-02-15T01:40:10Z,NA,v3,4807,471300,82de864d38834b289bdde1d759a4a8fd,"Cowdrey, Vincent",1000469295,Right,GEO_PAT,02e19675-36e5-4951-8727-d1466f64e736,54.40742,-131.31539,13.78881,5.87797,-7.44661,-7.30801,1.37416,-3.40592,7.13875,NA,NA,NA,NA,NA,NA,NA,NA,NA,NA,NA,NA,NA,NA,NA,NA,NA,NA,NA,NA,NA,NA,NA,NA,NA,NA,NA,NA,NA,NA,NA,NA,NA,NA,NA,NA,NA,NA,NA,NA,NA,NA,NA,NA,NA,NA,NA,NA,NA,NA,High,High,High,NA,NA,NA,NA,NA,NA,NA,NA,NA,NA,NA,NA,NA,NA,NA,NA,NA,NA,NA,NA,NA,NA,NA,NA,NA,NA,NA,NA,NA,NA,NA,NA,NA,NA,NA,NA,NA,NA,NA,NA,NA,NA,NA,NA,NA,NA,NA,NA,NA,NA,NA,NA,NA,NA,NA,NA,NA
NA,NA,NA,NA,NA,NA,NA,NA,NA,NA,NA,NA,NA,NA,NA,NA,333,2026-02-14,17:40:31,2,3,"Kaler, Tanner",822634,Left,GEO_PAT,"Morgan, Owen",834586,Left,ORE_DUC,Undefined,8,Bottom,1,0,2,ChangeUp,Changeup,StrikeSwinging,Strikeout,Undefined,Undefined,0,0,NA,84.61198,-2.61683,2.801475,1683.910905,110.374688,09:45:00,5.84187,-1.51247,6.7388,-30.70159,6.98961,-15.75135,0.88789,-0.26335,78.15599,-8.358894,-0.073493,0.441867,NA,NA,NA,NA,NA,NA,NA,NA,NA,NA,NA,9.18587,4.72355,1.33403,50,5.65743,-5.48481,-122.94615,-6.47625,14.10594,23.6316,-24.9205,ORE_DUC,GEO_PAT,PKPark,D1,BIG10,20260214-PKPark-2,57f0ebb0-0a0f-11f1-802c-cb007da271b4,85.30275,NA,NA,6.45599,NA,NA,NA,NA,NA,NA,5ce813cb-c9e8-448f-bad2-0498063e9329,2026-02-15,01:40:31,2026-02-15T01:40:31Z,2026-02-15T01:40:31Z,NA,v3,4807,471300,82de864d38834b289bdde1d759a4a8fd,"Cowdrey, Vincent",1000469295,Right,GEO_PAT,1628a2ff-ee85-466a-bce7-64ec6fd0e8a5,53.76265,-123.66726,11.8158,5.84345,-5.71581,-12.46025,1.50797,-5.91524,7.05297,NA,NA,NA,NA,NA,NA,NA,NA,NA,NA,NA,NA,NA,NA,NA,NA,NA,NA,NA,NA,NA,NA,NA,NA,NA,NA,NA,NA,67.69256,NA,NA,0.978735,NA,NA,NA,1.85693,6.04252,-2.64057,79.74585,5.44094,-45.03412,1.90201,84.7599,-5.34631,6.04794,10.47366,-11.33577,-2.69469,-48.93714,5.81079,High,High,High,NA,NA,High,High,High,NA,NA,NA,NA,NA,NA,NA,NA,NA,NA,NA,NA,NA,NA,NA,NA,NA,NA,NA,NA,NA,NA,NA,NA,NA,NA,NA,NA,NA,NA,NA,NA,NA,NA,NA,NA,NA,NA,NA,NA,NA,NA,NA,NA,NA,NA,NA,NA,NA,NA,NA,NA
NA,NA,NA,NA,NA,NA,NA,NA,NA,NA,NA,NA,NA,NA,NA,NA,334,2026-02-14,17:41:04,3,1,"Kaler, Tanner",822634,Left,GEO_PAT,"Cooney, Ryan",807721,Right,ORE_DUC,Undefined,8,Bottom,2,0,0,ChangeUp,Changeup,BallCalled,Undefined,Undefined,Undefined,0,0,NA,85.18784,-2.642358,1.254504,1677.743996,110.529756,09:45:00,5.91846,-1.55936,6.52669,-30.26821,6.95004,-15.76174,0.96972,-1.72177,79.18405,-8.265298,-1.613981,0.439086,NA,NA,NA,NA,NA,NA,NA,NA,NA,NA,NA,8.60012,4.64811,1.47851,50,5.72168,-2.14441,-123.90021,-6.61125,13.50206,22.44189,-24.8766,ORE_DUC,GEO_PAT,PKPark,D1,BIG10,20260214-PKPark-2,6b7c2000-0a0f-11f1-802c-cb007da271b4,85.843,NA,NA,6.00379,NA,NA,NA,NA,NA,NA,5ce813cb-c9e8-448f-bad2-0498063e9329,2026-02-15,01:41:04,2026-02-15T01:41:04Z,2026-02-15T01:41:04Z,NA,v3,4807,471300,82de864d38834b289bdde1d759a4a8fd,"Cowdrey, Vincent",1000469295,Right,GEO_PAT,c846315b-7796-4adc-b225-ecd9ac7860e5,53.97399,-124.61793,11.22095,5.92039,-5.81566,-12.4383,1.554,-2.57622,6.75103,NA,NA,NA,NA,NA,NA,NA,NA,NA,NA,NA,NA,NA,NA,NA,NA,NA,NA,NA,NA,NA,NA,NA,NA,NA,NA,NA,NA,NA,NA,NA,NA,NA,NA,NA,NA,NA,NA,NA,NA,NA,NA,NA,NA,NA,NA,NA,NA,NA,NA,High,High,High,NA,NA,NA,NA,NA,NA,NA,NA,NA,NA,NA,NA,NA,NA,NA,NA,NA,NA,NA,NA,NA,NA,NA,NA,NA,NA,NA,NA,NA,NA,NA,NA,NA,NA,NA,NA,NA,NA,NA,NA,NA,NA,NA,NA,NA,NA,NA,NA,NA,NA,NA,NA,NA,NA,NA,NA,NA
NA,NA,NA,NA,NA,NA,NA,NA,NA,NA,NA,NA,NA,NA,NA,NA,335,2026-02-14,17:41:24,3,2,"Kaler, Tanner",822634,Left,GEO_PAT,"Cooney, Ryan",807721,Right,ORE_DUC,Undefined,8,Bottom,2,1,0,Fastball,Sinker,InPlay,Undefined,LineDrive,Double,0,0,NA,88.96461,-2.371678,3.312055,1958.871012,140.283598,10:45:00,5.93529,-1.39225,6.54293,-17.43328,17.048,-13.2515,2.30254,0.54437,81.46397,-5.710397,0.908677,0.422633,101.5023,18.671872,-29.761046,2433.247307,91.62057,27.92369,-60.87302,280.47681,250.16936,-39.33512,2.702356,7.91973,9.9569,1.16839,50,5.7632,-6.97599,-129.1274,-5.81077,13.38023,26.72729,-15.35207,ORE_DUC,GEO_PAT,PKPark,D1,BIG10,20260214-PKPark-2,772cd4d0-0a0f-11f1-802c-cb007da271b4,89.18485,30.46265,NA,7.50063,NA,NA,NA,2.05121,2.2551,-0.42059,5ce813cb-c9e8-448f-bad2-0498063e9329,2026-02-15,01:41:24,2026-02-15T01:41:24Z,2026-02-15T01:41:24Z,LineDrive,v3,4807,471300,82de864d38834b289bdde1d759a4a8fd,"Cowdrey, Vincent",1000469295,Right,GEO_PAT,2e2487a5-dcf2-441c-9bab-36ce5db27009,53.95688,-129.94383,13.36364,5.93353,-5.34182,-7.67604,1.38772,-7.38471,6.69012,102.228708,2.05124,122.4307,-26.25328,6.38318,-1.39035,0.2235,-0.022,-5.3e-4,3e-4,2.25508,47.66118,-22.62118,2.43877,-0.39482,0.07781,-0.01878,0.00423,-4.5e-4,-0.42059,-70.00729,-1.9214,3.03332,-1.20377,0.35242,-0.07839,0.01156,-7.9e-4,NA,NA,NA,NA,NA,NA,NA,NA,NA,NA,NA,NA,NA,NA,NA,NA,NA,NA,NA,NA,NA,NA,High,High,High,High,Medium,NA,NA,NA,NA,NA,NA,NA,NA,NA,NA,NA,NA,NA,NA,NA,NA,NA,NA,NA,NA,NA,NA,NA,NA,NA,NA,NA,NA,NA,NA,NA,NA,NA,NA,NA,NA,NA,NA,NA,NA,NA,NA,NA,NA,NA,NA,NA,NA,NA,NA,NA,NA,NA,NA,NA
NA,NA,NA,NA,NA,NA,NA,NA,NA,NA,NA,NA,NA,NA,NA,NA,336,2026-02-14,17:42:10,4,1,"Kaler, Tanner",822634,Left,GEO_PAT,"Gimenez, Jax",826307,Right,ORE_DUC,Undefined,8,Bottom,2,0,0,Fastball,Sinker,BallCalled,Undefined,Undefined,Undefined,0,0,NA,88.81005,-1.890384,-0.423931,1828.112545,126.055875,10:15:00,5.96027,-1.75721,6.01203,-22.40733,12.9765,-16.24619,2.34109,-3.50379,81.15241,-6.090612,-3.347344,0.428128,NA,NA,NA,NA,NA,NA,NA,NA,NA,NA,NA,8.06556,7.56398,1.79805,50,5.79971,1.66773,-128.91198,-4.95594,13.5277,27.62445,-19.48756,ORE_DUC,GEO_PAT,PKPark,D1,BIG10,20260214-PKPark-2,92ffa250-0a0f-11f1-802c-cb007da271b4,88.04004,NA,NA,7.65764,NA,NA,NA,NA,NA,NA,5ce813cb-c9e8-448f-bad2-0498063e9329,2026-02-15,01:42:10,2026-02-15T01:42:10Z,2026-02-15T01:42:10Z,NA,v3,4807,471300,82de864d38834b289bdde1d759a4a8fd,"Cowdrey, Vincent",1000469295,Right,GEO_PAT,a8d539ae-2eac-4ef5-a1ca-0864bf522840,54.48251,-129.86898,13.81223,5.9597,-4.28082,-9.74378,1.7483900000000001,1.19908,6.76385,NA,NA,NA,NA,NA,NA,NA,NA,NA,NA,NA,NA,NA,NA,NA,NA,NA,NA,NA,NA,NA,NA,NA,NA,NA,NA,NA,NA,NA,NA,NA,NA,NA,NA,NA,NA,NA,NA,NA,NA,NA,NA,NA,NA,NA,NA,NA,NA,NA,NA,High,High,High,NA,NA,NA,NA,NA,NA,NA,NA,NA,NA,NA,NA,NA,NA,NA,NA,NA,NA,NA,NA,NA,NA,NA,NA,NA,NA,NA,NA,NA,NA,NA,NA,NA,NA,NA,NA,NA,NA,NA,NA,NA,NA,NA,NA,NA,NA,NA,NA,NA,NA,NA,NA,NA,NA,NA,NA,NA
NA,NA,NA,NA,NA,NA,NA,NA,NA,NA,NA,NA,NA,NA,NA,NA,337,2026-02-14,17:42:45,4,2,"Kaler, Tanner",822634,Left,GEO_PAT,"Gimenez, Jax",826307,Right,ORE_DUC,Undefined,8,Bottom,2,1,0,ChangeUp,Changeup,BallCalled,Undefined,Undefined,Undefined,0,0,NA,83.79321,-1.5543,3.497552,1606.086977,97.632344,09:15:00,5.8424,-1.49029,6.65449,-35.23663,3.53563,-17.14717,1.48057,0.2856,76.9121,-8.137478,0.37561,0.448159,NA,NA,NA,NA,NA,NA,NA,NA,NA,NA,NA,10.03001,2.69079,1.26105,50,5.72374,-6.82694,-121.67057,-4.32537,15.00174,24.36916,-28.14946,ORE_DUC,GEO_PAT,PKPark,D1,BIG10,20260214-PKPark-2,a757eaa0-0a0f-11f1-802c-cb007da271b4,84.10509,NA,NA,6.88111,NA,NA,NA,NA,NA,NA,5ce813cb-c9e8-448f-bad2-0498063e9329,2026-02-15,01:42:45,2026-02-15T01:42:45Z,2026-02-15T01:42:45Z,NA,v3,4807,471300,82de864d38834b289bdde1d759a4a8fd,"Cowdrey, Vincent",1000469295,Right,GEO_PAT,9d1dd396-f125-4960-ab80-558f4fd71055,53.8454,-122.43834,12.18458,5.84604,-3.43851,-14.07473,1.48358,-7.29958,7.50087,NA,NA,NA,NA,NA,NA,NA,NA,NA,NA,NA,NA,NA,NA,NA,NA,NA,NA,NA,NA,NA,NA,NA,NA,NA,NA,NA,NA,NA,NA,NA,NA,NA,NA,NA,NA,NA,NA,NA,NA,NA,NA,NA,NA,NA,NA,NA,NA,NA,NA,High,High,High,NA,NA,NA,NA,NA,NA,NA,NA,NA,NA,NA,NA,NA,NA,NA,NA,NA,NA,NA,NA,NA,NA,NA,NA,NA,NA,NA,NA,NA,NA,NA,NA,NA,NA,NA,NA,NA,NA,NA,NA,NA,NA,NA,NA,NA,NA,NA,NA,NA,NA,NA,NA,NA,NA,NA,NA,NA
NA,NA,NA,NA,NA,NA,NA,NA,NA,NA,NA,NA,NA,NA,NA,NA,338,2026-02-14,17:43:04,4,3,"Kaler, Tanner",822634,Left,GEO_PAT,"Gimenez, Jax",826307,Right,ORE_DUC,Undefined,8,Bottom,2,2,0,ChangeUp,Changeup,InPlay,Undefined,FlyBall,Out,1,0,NA,84.29444,-1.127611,2.877713,1611.60394,116.765219,10:00:00,5.92193,-1.49612,6.52685,-30.10269,8.45571,-14.25454,2.37747,-0.04178,76.99069,-6.78675,0.289297,0.446921,97.47949,37.736481,-15.402089,3930.807065,107.351,82.66287,-23.99428,348.17369,347.89864,-8.503101,5.791313,8.36449,5.13323,1.30199,50,5.83051,-5.64178,-122.42253,-3.271,12.62711,25.35904,-24.42487,ORE_DUC,GEO_PAT,PKPark,D1,BIG10,20260214-PKPark-2,b2d27440-0a0f-11f1-802c-cb007da271b4,84.338,115.09213,NA,7.30375,NA,NA,NA,2.8569,2.52345,0.065,5ce813cb-c9e8-448f-bad2-0498063e9329,2026-02-15,01:43:04,2026-02-15T01:43:04Z,2026-02-15T01:43:04Z,FlyBall,v3,4807,471300,82de864d38834b289bdde1d759a4a8fd,"Cowdrey, Vincent",1000469295,Right,GEO_PAT,f0434f8b-9e4c-4ced-98c8-d32505a9e1d5,53.97254,-123.24267,12.67952,5.92352,-2.48108,-12.21243,1.49105,-6.05015,6.31356,193.854371,2.86265,108.88856,-25.80039,6.69648,-1.11788,0.08115,0.00756,-0.00184,1e-4,2.51517,87.6444,-18.82108,0.57009,0.08698,-0.03718,0.01045,-0.0016,9e-5,0.06257,-29.97893,11.6774,-3.36371,0.66313,-0.07877,0.00334,2.4e-4,-2e-5,NA,NA,NA,NA,NA,NA,NA,NA,NA,NA,NA,NA,NA,NA,NA,NA,NA,NA,NA,NA,NA,NA,High,High,High,High,Medium,NA,NA,NA,NA,NA,NA,NA,NA,NA,NA,NA,NA,NA,NA,NA,NA,NA,NA,NA,NA,NA,NA,NA,NA,NA,NA,NA,NA,NA,NA,NA,NA,NA,NA,NA,NA,NA,NA,NA,NA,NA,NA,NA,NA,NA,NA,NA,NA,NA,NA,NA,NA,NA,NA,NA
NA,NA,NA,NA,NA,NA,NA,NA,NA,NA,NA,NA,NA,NA,NA,NA,339,2026-02-14,17:45:31,1,1,"Meckna, Michael",815657,Right,ORE_DUC,"Cowdrey, Vincent",1000469295,Right,GEO_PAT,Undefined,9,Top,0,0,0,Slider,Slider,StrikeCalled,Undefined,Undefined,Undefined,0,0,NA,80.29616,0.23731,-0.29475,2884.174575,78.774238,08:45:00,5.9922,1.69079,5.295,-46.84235,-2.47858,-19.47052,2.31149,-0.20849,73.80517,-8.265811,-3.756043,0.479386,NA,NA,NA,NA,NA,NA,NA,NA,NA,NA,NA,9.68827,-0.90394,-1.64922,50,5.97952,1.39074,-116.61368,-1.17717,13.29573,22.62237,-33.41456,ORE_DUC,GEO_PAT,PKPark,D1,BIG10,20260214-PKPark-2,0a8be1d0-0a10-11f1-802c-cb007da271b4,78.62645,NA,NA,6.49099,NA,NA,NA,NA,NA,NA,5ce813cb-c9e8-448f-bad2-0498063e9329,2026-02-15,01:45:31,2026-02-15T01:45:31Z,2026-02-15T01:45:31Z,NA,v3,4807,471300,82de864d38834b289bdde1d759a4a8fd,"Mabeus, Burke",1000222806,Right,ORE_DUC,38932544-10cf-465b-a09a-383b9347df28,55.20587,-117.61925,11.31118,5.99883,0.30812,-16.70728,-1.6979,0.79974,6.64786,NA,NA,NA,NA,NA,NA,NA,NA,NA,NA,NA,NA,NA,NA,NA,NA,NA,NA,NA,NA,NA,NA,NA,NA,NA,NA,NA,NA,NA,NA,NA,NA,NA,NA,NA,NA,NA,NA,NA,NA,NA,NA,NA,NA,NA,NA,NA,NA,NA,NA,High,High,High,NA,NA,NA,NA,NA,NA,NA,NA,NA,NA,NA,NA,NA,NA,NA,NA,NA,NA,NA,NA,NA,NA,NA,NA,NA,NA,NA,NA,NA,NA,NA,NA,NA,NA,NA,NA,NA,NA,NA,NA,NA,NA,NA,NA,NA,NA,NA,NA,NA,NA,NA,NA,NA,NA,NA,NA,NA
NA,NA,NA,NA,NA,NA,NA,NA,NA,NA,NA,NA,NA,NA,NA,NA,340,2026-02-14,17:45:53,1,2,"Meckna, Michael",815657,Right,ORE_DUC,"Cowdrey, Vincent",1000469295,Right,GEO_PAT,Undefined,9,Top,0,0,1,Fastball,Four-Seam,BallCalled,Undefined,Undefined,Undefined,0,0,NA,92.1725,0.40208700000000003,-2.262094,2481.744232,216.025112,01:15:00,6.00282,1.63432,6.03429,-19.23127,13.55087,9.09008,4.77284,0.29607,83.89338,-3.240897,-0.627973,0.412088,61.10458,5.95594,177.526458,2540.876219,NA,NA,NA,66.09922,40.47205,179.927982,0.745798,-5.26906,7.16111,-1.46225,50,6.02375,4.88276,-133.796,0.33892,-9.53328,29.37301,-19.21745,ORE_DUC,GEO_PAT,PKPark,D1,BIG10,20260214-PKPark-2,176b0480-0a10-11f1-802c-cb007da271b4,91.46695,5.36264,NA,8.27912,NA,NA,NA,NA,NA,NA,5ce813cb-c9e8-448f-bad2-0498063e9329,2026-02-15,01:45:53,2026-02-15T01:45:53Z,2026-02-15T01:45:53Z,GroundBall,v3,4807,471300,82de864d38834b289bdde1d759a4a8fd,"Mabeus, Burke",1000222806,Right,ORE_DUC,3fbded06-63a9-4c7f-b99e-ed54d3d3ca8d,54.46161,-134.77193,14.6865,6.00188,0.97742,-9.60872,-1.62974,5.1995,-4.76664,313.590548,-3.14746,-89.12831,6.32032,NA,NA,NA,NA,NA,NA,4.35837,8.85652,-19.75306,NA,NA,NA,NA,NA,NA,-0.23173,3.62574,-4.31591,NA,NA,NA,NA,NA,NA,NA,NA,NA,NA,NA,NA,NA,NA,NA,NA,NA,NA,NA,NA,NA,NA,NA,NA,NA,NA,NA,NA,High,High,High,High,Medium,NA,NA,NA,NA,NA,NA,NA,NA,NA,NA,NA,NA,NA,NA,NA,NA,NA,NA,NA,NA,NA,NA,NA,NA,NA,NA,NA,NA,NA,NA,NA,NA,NA,NA,NA,NA,NA,NA,NA,NA,NA,NA,NA,NA,NA,NA,NA,NA,NA,NA,NA,NA,NA,NA,NA
NA,NA,NA,NA,NA,NA,NA,NA,NA,NA,NA,NA,NA,NA,NA,NA,341,2026-02-14,17:46:12,1,3,"Meckna, Michael",815657,Right,ORE_DUC,"Cowdrey, Vincent",1000469295,Right,GEO_PAT,Undefined,9,Top,0,1,1,Slider,Slider,BallCalled,Undefined,Undefined,Undefined,0,0,NA,81.41309,-0.93777,-1.541196,2889.306328,68.976249,08:15:00,5.83704,1.76575,5.5904,-49.38546,-6.09351,-19.75643,0.84556,-1.32003,74.26679,-9.917361,-5.073838,0.47356,NA,NA,NA,NA,NA,NA,NA,NA,NA,NA,NA,9.57497,-2.40969,-1.62012,50,5.72428,3.95545,-118.09341,-3.63724,13.27272,26.3501,-35.51431,ORE_DUC,GEO_PAT,PKPark,D1,BIG10,20260214-PKPark-2,230f0f20-0a10-11f1-802c-cb007da271b4,79.59377,NA,NA,7.14631,NA,NA,NA,NA,NA,NA,5ce813cb-c9e8-448f-bad2-0498063e9329,2026-02-15,01:46:12,2026-02-15T01:46:12Z,2026-02-15T01:46:12Z,NA,v3,4807,471300,82de864d38834b289bdde1d759a4a8fd,"Mabeus, Burke",1000222806,Right,ORE_DUC,139ed34b-5b84-4cfa-b159-68e444ddaa14,54.91022,-119.18399,13.17505,5.8444,-2.16738,-17.75716,-1.77246,3.40612,6.63636,NA,NA,NA,NA,NA,NA,NA,NA,NA,NA,NA,NA,NA,NA,NA,NA,NA,NA,NA,NA,NA,NA,NA,NA,NA,NA,NA,NA,NA,NA,NA,NA,NA,NA,NA,NA,NA,NA,NA,NA,NA,NA,NA,NA,NA,NA,NA,NA,NA,NA,High,High,High,NA,NA,NA,NA,NA,NA,NA,NA,NA,NA,NA,NA,NA,NA,NA,NA,NA,NA,NA,NA,NA,NA,NA,NA,NA,NA,NA,NA,NA,NA,NA,NA,NA,NA,NA,NA,NA,NA,NA,NA,NA,NA,NA,NA,NA,NA,NA,NA,NA,NA,NA,NA,NA,NA,NA,NA,NA
NA,NA,NA,NA,NA,NA,NA,NA,NA,NA,NA,NA,NA,NA,NA,NA,342,2026-02-14,17:46:36,1,4,"Meckna, Michael",815657,Right,ORE_DUC,"Cowdrey, Vincent",1000469295,Right,GEO_PAT,Undefined,9,Top,0,2,1,Sinker,Sinker,StrikeCalled,Undefined,Undefined,Undefined,0,0,NA,90.07619,-0.853495,-1.649773,2495.397663,231.650693,01:45:00,6.05435,1.59184,5.78956,-24.77159,9.91071,11.0926,3.1957,0.98109,82.09892,-5.472722,0.337808,0.423863,NA,NA,NA,NA,NA,NA,NA,NA,NA,NA,NA,-6.10359,5.6467,-1.46256,50,5.96931,3.27834,-130.74167,-2.79656,-10.52501,28.52972,-22.43697,ORE_DUC,GEO_PAT,PKPark,D1,BIG10,20260214-PKPark-2,3135f410-0a10-11f1-802c-cb007da271b4,88.92602,NA,NA,7.97727,NA,NA,NA,NA,NA,NA,5ce813cb-c9e8-448f-bad2-0498063e9329,2026-02-15,01:46:36,2026-02-15T01:46:36Z,2026-02-15T01:46:36Z,NA,v3,4807,471300,82de864d38834b289bdde1d759a4a8fd,"Mabeus, Burke",1000222806,Right,ORE_DUC,8ec994c8-8c0f-411b-89e9-862540a8bdbe,54.70734,-131.76488,14.26486,6.05518,-1.99187,-11.21848,-1.58691,3.65582,-5.2625,NA,NA,NA,NA,NA,NA,NA,NA,NA,NA,NA,NA,NA,NA,NA,NA,NA,NA,NA,NA,NA,NA,NA,NA,NA,NA,NA,NA,NA,NA,NA,NA,NA,NA,NA,NA,NA,NA,NA,NA,NA,NA,NA,NA,NA,NA,NA,NA,NA,NA,High,High,High,NA,NA,NA,NA,NA,NA,NA,NA,NA,NA,NA,NA,NA,NA,NA,NA,NA,NA,NA,NA,NA,NA,NA,NA,NA,NA,NA,NA,NA,NA,NA,NA,NA,NA,NA,NA,NA,NA,NA,NA,NA,NA,NA,NA,NA,NA,NA,NA,NA,NA,NA,NA,NA,NA,NA,NA,NA
NA,NA,NA,NA,NA,NA,NA,NA,NA,NA,NA,NA,NA,NA,NA,NA,343,2026-02-14,17:46:56,1,5,"Meckna, Michael",815657,Right,ORE_DUC,"Cowdrey, Vincent",1000469295,Right,GEO_PAT,Undefined,9,Top,0,2,2,Slider,Curveball,StrikeCalled,Strikeout,Undefined,Undefined,0,0,NA,80.95981,-0.136049,-0.176739,2886.511975,62.470424,08:00:00,5.95513,1.77458,5.41408,-53.55129,-9.12634,-20.72655,1.36508,-0.11821,73.07821,-9.878749,-3.875519,0.479717,NA,NA,NA,NA,NA,NA,NA,NA,NA,NA,NA,10.35064,-4.04721,-1.74402,50,5.90597,1.21726,-117.3437,-2.19849,14.03768,27.85635,-37.66295,ORE_DUC,GEO_PAT,PKPark,D1,BIG10,20260214-PKPark-2,3d0eca50-0a10-11f1-802c-cb007da271b4,78.57227,NA,NA,7.8816,NA,NA,NA,NA,NA,NA,5ce813cb-c9e8-448f-bad2-0498063e9329,2026-02-15,01:46:56,2026-02-15T01:46:56Z,2026-02-15T01:46:56Z,NA,v3,4807,471300,82de864d38834b289bdde1d759a4a8fd,"Mabeus, Burke",1000222806,Right,ORE_DUC,279367b6-e160-45b9-b07f-6282ed9326f5,55.08507,-118.54471,13.92818,5.96575,-0.57469,-18.83148,-1.78345,0.61204,7.01884,NA,NA,NA,NA,NA,NA,NA,NA,NA,NA,NA,NA,NA,NA,NA,NA,NA,NA,NA,NA,NA,NA,NA,NA,NA,NA,NA,NA,NA,NA,NA,NA,NA,NA,NA,NA,NA,NA,NA,NA,NA,NA,NA,NA,NA,NA,NA,NA,NA,NA,High,High,High,NA,NA,NA,NA,NA,NA,NA,NA,NA,NA,NA,NA,NA,NA,NA,NA,NA,NA,NA,NA,NA,NA,NA,NA,NA,NA,NA,NA,NA,NA,NA,NA,NA,NA,NA,NA,NA,NA,NA,NA,NA,NA,NA,NA,NA,NA,NA,NA,NA,NA,NA,NA,NA,NA,NA,NA,NA
NA,NA,NA,NA,NA,NA,NA,NA,NA,NA,NA,NA,NA,NA,NA,NA,344,2026-02-14,17:47:21,2,1,"Meckna, Michael",815657,Right,ORE_DUC,"Morse, Jackson",1000469270,Right,GEO_PAT,Undefined,9,Top,1,0,0,Sinker,Sinker,BallCalled,Undefined,Undefined,Undefined,0,0,NA,91.66157,-2.031811,-3.799464,2516.650676,232.447028,01:45:00,5.96198,1.50402,6.17292,-22.49796,10.46426,12.26201,2.20572,-0.98837,84.00118,-6.245767,-1.592042,0.413218,NA,NA,NA,NA,NA,NA,NA,NA,NA,NA,NA,-7.35536,6.29,-1.22216,50,5.79642,8.30976,-132.90489,-5.45045,-13.18143,27.96909,-20.90182,ORE_DUC,GEO_PAT,PKPark,D1,BIG10,20260214-PKPark-2,4c0b9ce0-0a10-11f1-802c-cb007da271b4,91.21676,NA,NA,7.66038,NA,NA,NA,NA,NA,NA,5ce813cb-c9e8-448f-bad2-0498063e9329,2026-02-15,01:47:21,2026-02-15T01:47:21Z,2026-02-15T01:47:21Z,NA,v3,4807,471300,82de864d38834b289bdde1d759a4a8fd,"Mabeus, Burke",1000222806,Right,ORE_DUC,cfbbd6a4-4af6-40b5-8bac-f6e468c13d01,54.32528,-133.81202,13.98455,5.96221,-4.77253,-10.45091,-1.49861,8.73728,-6.59072,NA,NA,NA,NA,NA,NA,NA,NA,NA,NA,NA,NA,NA,NA,NA,NA,NA,NA,NA,NA,NA,NA,NA,NA,NA,NA,NA,NA,NA,NA,NA,NA,NA,NA,NA,NA,NA,NA,NA,NA,NA,NA,NA,NA,NA,NA,NA,NA,NA,NA,High,High,High,NA,NA,NA,NA,NA,NA,NA,NA,NA,NA,NA,NA,NA,NA,NA,NA,NA,NA,NA,NA,NA,NA,NA,NA,NA,NA,NA,NA,NA,NA,NA,NA,NA,NA,NA,NA,NA,NA,NA,NA,NA,NA,NA,NA,NA,NA,NA,NA,NA,NA,NA,NA,NA,NA,NA,NA,NA
NA,NA,NA,NA,NA,NA,NA,NA,NA,NA,NA,NA,NA,NA,NA,NA,345,2026-02-14,17:47:38,2,2,"Meckna, Michael",815657,Right,ORE_DUC,"Morse, Jackson",1000469270,Right,GEO_PAT,Undefined,9,Top,1,1,0,Sinker,Sinker,InPlay,Undefined,GroundBall,Out,1,0,NA,91.5677,-1.380025,-3.01566,2562.608642,231.910307,01:45:00,6.03126,1.62807,5.90939,-24.46509,8.68249,9.81784,2.70959,-0.35541,84.28951,-5.921415,-1.254989,0.414379,93.4681,2.465226,11.652857,2019.459285,NA,NA,NA,79.65089,78.30501,14.731589,0.621237,-5.83961,5.11032,-1.39162,50,5.90631,6.5876,-132.94356,-4.05097,-10.51639,26.8324,-22.971,ORE_DUC,GEO_PAT,PKPark,D1,BIG10,20260214-PKPark-2,56568020-0a10-11f1-802c-cb007da271b4,90.96133,3.17708,NA,7.27819,NA,NA,NA,1.19677,2.66823,0.37077,5ce813cb-c9e8-448f-bad2-0498063e9329,2026-02-15,01:47:38,2026-02-15T01:47:38Z,2026-02-15T01:47:38Z,GroundBall,v3,4807,471300,82de864d38834b289bdde1d759a4a8fd,"Mabeus, Burke",1000222806,Right,ORE_DUC,0624e4c3-11be-4dc3-a9d8-0aa75a0a956e,54.59035,-133.86684,13.4162,6.0321,-3.26056,-11.4855,-1.62452,6.94946,-5.2582,271.580861,1.22736,133.47387,-18.50685,NA,NA,NA,NA,NA,NA,2.68353,5.56514,-15.94879,NA,NA,NA,NA,NA,NA,0.34655,28.19307,6.25925,NA,NA,NA,NA,NA,NA,NA,NA,NA,NA,NA,NA,NA,NA,NA,NA,NA,NA,NA,NA,NA,NA,NA,NA,NA,NA,NA,NA,High,High,High,High,High,NA,NA,NA,NA,NA,NA,NA,NA,NA,NA,NA,NA,NA,NA,NA,NA,NA,NA,NA,NA,NA,NA,NA,NA,NA,NA,NA,NA,NA,NA,NA,NA,NA,NA,NA,NA,NA,NA,NA,NA,NA,NA,NA,NA,NA,NA,NA,NA,NA,NA,NA,NA,NA,NA,NA
NA,NA,NA,NA,NA,NA,NA,NA,NA,NA,NA,NA,NA,NA,NA,NA,346,2026-02-14,17:48:13,3,1,"Meckna, Michael",815657,Right,ORE_DUC,"Clyne, Owen",1000230336,Left,GEO_PAT,Undefined,9,Top,2,0,0,Slider,Curveball,BallCalled,Undefined,Undefined,Undefined,0,0,NA,80.48156,-0.065778,-0.402144,2888.894124,66.348235,08:15:00,5.88224,1.89904,5.22758,-53.03983,-7.97871,-21.95041,1.40042,-0.30821,72.9726,-9.676388,-4.303932,0.483139,NA,NA,NA,NA,NA,NA,NA,NA,NA,NA,NA,10.87501,-3.53933,-1.84475,50,5.83643,1.7239,-116.67712,-2.05312,14.65469,26.54853,-36.9435,ORE_DUC,GEO_PAT,PKPark,D1,BIG10,20260214-PKPark-2,6b1ccc80-0a10-11f1-802c-cb007da271b4,78.01565,NA,NA,7.50896,NA,NA,NA,NA,NA,NA,5ce813cb-c9e8-448f-bad2-0498063e9329,2026-02-15,01:48:13,2026-02-15T01:48:13Z,2026-02-15T01:48:13Z,NA,v3,4807,471300,82de864d38834b289bdde1d759a4a8fd,"Mabeus, Burke",1000222806,Right,ORE_DUC,105c14f8-04d1-4502-b6dd-9b7e9c81da0a,55.27273,-117.87076,13.27427,5.8914,-0.39211,-18.47175,-1.90745,1.06501,7.32735,NA,NA,NA,NA,NA,NA,NA,NA,NA,NA,NA,NA,NA,NA,NA,NA,NA,NA,NA,NA,NA,NA,NA,NA,NA,NA,NA,NA,NA,NA,NA,NA,NA,NA,NA,NA,NA,NA,NA,NA,NA,NA,NA,NA,NA,NA,NA,NA,NA,NA,High,High,High,NA,NA,NA,NA,NA,NA,NA,NA,NA,NA,NA,NA,NA,NA,NA,NA,NA,NA,NA,NA,NA,NA,NA,NA,NA,NA,NA,NA,NA,NA,NA,NA,NA,NA,NA,NA,NA,NA,NA,NA,NA,NA,NA,NA,NA,NA,NA,NA,NA,NA,NA,NA,NA,NA,NA,NA,NA
NA,NA,NA,NA,NA,NA,NA,NA,NA,NA,NA,NA,NA,NA,NA,NA,347,2026-02-14,17:48:29,3,2,"Meckna, Michael",815657,Right,ORE_DUC,"Clyne, Owen",1000230336,Left,GEO_PAT,Undefined,9,Top,2,1,0,Slider,Slider,StrikeCalled,Undefined,Undefined,Undefined,0,0,NA,80.49042,0.240377,-0.076572,2890.049684,70.310186,08:15:00,5.88667,1.83325,5.2976,-51.01806,-6.19441,-21.79454,1.86085,-0.05485,73.00629,-9.033721,-3.954149,0.481865,NA,NA,NA,NA,NA,NA,NA,NA,NA,NA,NA,10.91654,-2.7437,-1.80971,50,5.87135,1.05116,-116.7246,-1.33584,14.76248,26.02996,-35.88438,ORE_DUC,GEO_PAT,PKPark,D1,BIG10,20260214-PKPark-2,74e2ef60-0a10-11f1-802c-cb007da271b4,78.22207,NA,NA,7.48413,NA,NA,NA,NA,NA,NA,5ce813cb-c9e8-448f-bad2-0498063e9329,2026-02-15,01:48:29,2026-02-15T01:48:29Z,2026-02-15T01:48:29Z,NA,v3,4807,471300,82de864d38834b289bdde1d759a4a8fd,"Mabeus, Burke",1000222806,Right,ORE_DUC,0c1f3d27-771e-40d3-8a28-ea74e40c57e5,55.20244,-117.87905,13.01498,5.8953,0.25566,-17.94219,-1.84181,0.39643,7.38124,NA,NA,NA,NA,NA,NA,NA,NA,NA,NA,NA,NA,NA,NA,NA,NA,NA,NA,NA,NA,NA,NA,NA,NA,NA,NA,NA,NA,NA,NA,NA,NA,NA,NA,NA,NA,NA,NA,NA,NA,NA,NA,NA,NA,NA,NA,NA,NA,NA,NA,High,High,High,NA,NA,NA,NA,NA,NA,NA,NA,NA,NA,NA,NA,NA,NA,NA,NA,NA,NA,NA,NA,NA,NA,NA,NA,NA,NA,NA,NA,NA,NA,NA,NA,NA,NA,NA,NA,NA,NA,NA,NA,NA,NA,NA,NA,NA,NA,NA,NA,NA,NA,NA,NA,NA,NA,NA,NA,NA
NA,NA,NA,NA,NA,NA,NA,NA,NA,NA,NA,NA,NA,NA,NA,NA,348,2026-02-14,17:48:49,3,3,"Meckna, Michael",815657,Right,ORE_DUC,"Clyne, Owen",1000230336,Left,GEO_PAT,Undefined,9,Top,2,1,1,Slider,Slider,StrikeCalled,Undefined,Undefined,Undefined,0,0,NA,80.34716,0.106935,-0.486956,2884.230969,69.602821,08:15:00,5.92167,1.72502,5.19953,-51.07621,-5.6804,-19.84292,1.76591,-0.38658,72.53137,-9.17292,-4.010351,0.48493000000000003,NA,NA,NA,NA,NA,NA,NA,NA,NA,NA,NA,9.75749,-2.4161,-1.66417,50,5.89306,1.81389,-116.41134,-1.6255,13.0547,26.94708,-35.40662,ORE_DUC,GEO_PAT,PKPark,D1,BIG10,20260214-PKPark-2,80dd0940-0a10-11f1-802c-cb007da271b4,77.72756,NA,NA,7.81579,NA,NA,NA,NA,NA,NA,5ce813cb-c9e8-448f-bad2-0498063e9329,2026-02-15,01:48:49,2026-02-15T01:48:49Z,2026-02-15T01:48:49Z,NA,v3,4807,471300,82de864d38834b289bdde1d759a4a8fd,"Mabeus, Burke",1000222806,Right,ORE_DUC,bd1d1042-a693-411d-a552-6aa19db9e937,55.2993,-117.63163,13.47354,5.93037,-0.02212,-17.70331,-1.73293,1.22271,6.52735,NA,NA,NA,NA,NA,NA,NA,NA,NA,NA,NA,NA,NA,NA,NA,NA,NA,NA,NA,NA,NA,NA,NA,NA,NA,NA,NA,NA,NA,NA,NA,NA,NA,NA,NA,NA,NA,NA,NA,NA,NA,NA,NA,NA,NA,NA,NA,NA,NA,NA,High,High,High,NA,NA,NA,NA,NA,NA,NA,NA,NA,NA,NA,NA,NA,NA,NA,NA,NA,NA,NA,NA,NA,NA,NA,NA,NA,NA,NA,NA,NA,NA,NA,NA,NA,NA,NA,NA,NA,NA,NA,NA,NA,NA,NA,NA,NA,NA,NA,NA,NA,NA,NA,NA,NA,NA,NA,NA,NA
NA,NA,NA,NA,NA,NA,NA,NA,NA,NA,NA,NA,NA,NA,NA,NA,349,2026-02-14,17:49:14,3,4,"Meckna, Michael",815657,Right,ORE_DUC,"Clyne, Owen",1000230336,Left,GEO_PAT,Undefined,9,Top,2,1,2,Sinker,Sinker,StrikeCalled,Strikeout,Undefined,Undefined,0,0,NA,87.50148,-0.834336,-1.96129,2207.858073,231.05958,01:45:00,5.82922,1.72085,5.57736,-29.5175,7.7528,8.00563,2.58968,0.55549,79.41606,-6.300085,-0.53255,0.439393,NA,NA,NA,NA,NA,NA,NA,NA,NA,NA,NA,-4.62437,4.56906,-1.55732,50,5.73837,3.99209,-126.85889,-2.88931,-7.46625,28.19021,-24.79708,ORE_DUC,GEO_PAT,PKPark,D1,BIG10,20260214-PKPark-2,8f34e940-0a10-11f1-802c-cb007da271b4,85.78304,NA,NA,8.08542,NA,NA,NA,NA,NA,NA,5ce813cb-c9e8-448f-bad2-0498063e9329,2026-02-15,01:49:14,2026-02-15T01:49:14Z,2026-02-15T01:49:14Z,NA,v3,4807,471300,82de864d38834b289bdde1d759a4a8fd,"Mabeus, Burke",1000222806,Right,ORE_DUC,8185f1f4-8f9d-4d19-bae3-d00e1d758d9b,54.9185,-127.9472,14.09511,5.83144,-1.932,-12.39854,-1.717,4.28033,-3.73312,NA,NA,NA,NA,NA,NA,NA,NA,NA,NA,NA,NA,NA,NA,NA,NA,NA,NA,NA,NA,NA,NA,NA,NA,NA,NA,NA,NA,NA,NA,NA,NA,NA,NA,NA,NA,NA,NA,NA,NA,NA,NA,NA,NA,NA,NA,NA,NA,NA,NA,High,High,High,NA,NA,NA,NA,NA,NA,NA,NA,NA,NA,NA,NA,NA,NA,NA,NA,NA,NA,NA,NA,NA,NA,NA,NA,NA,NA,NA,NA,NA,NA,NA,NA,NA,NA,NA,NA,NA,NA,NA,NA,NA,NA,NA,NA,NA,NA,NA,NA,NA,NA,NA,NA,NA,NA,NA,NA,NA
